100095233	storm	As when Zeus bends his bright bow in heaven in token to humankind either of war or of the chill storms that stay men from their labor and plague the flocks — even so , wrapped in such radiant raiment , did Athena go in among the host and speak man by man to each .	20
100255044	winter	Pass by the smithy and its crowded lounge in winter time when the cold keeps men from field work , — for then an industrious man can greatly prosper his house — lest bitter winter catch you helpless and poor , and you chafe a swollen foot with a shrunk hand .	34
100256315	storm	for never yet have I sailed by ship over the wide sea , but only to Euboea from Aulis where the Achaeans once stayed through much storm when they had gathered a great host from divine Hellas for Troy , the land of fair women .	26
100256491	gale	and oncoming storms with the fierce gales of Notus who accompanies the heavy autumn rain of Zeus and stirs up the sea	6
121336666	weather	and get the wood sold for a dozen farthings , the sooner you 'll get two of them for fodder . I 'll take two for myself , and we 'll keep the eight against bad times , for fear we 'll get sick or some bad weather will come along unexpectedly and keep us from getting out ;	47
121343409	winter	I will send you men to build your tower and answer your questions when the winter is over . ' " The king wrote as he directed	15
121347020	storm	On the way a storm came up , it got dark , the donkeys lost their way and came to a place surrounded by cliffs .	4
116991703	tempest	Loaded down with spoils , a tempest overtook him , sunk some of his ships with the men in them , and cast the others ashore .	6
116997850	winter	They were successful , nevertheless , and many Africans and elephants were destroyed by them . Finally , winter coming on , the Africans went into winter quarters at Turditania , Gnæus Scipio at Orso , and Publius at Castolo .	18
117008708	winter	At the end of winter Metellus surrendered to his successor , Quintus Pompeius Aulus , the command of the army , consisting of 30,000 foot and 2000 horse , admirably trained . While encamped against Numantia , Pompeius had occasion to go away somewhere . The Numantines made a sally against a body of his horse that was ranging after him and destroyed them .	4
117009082	winter	Pompeius , being put to shame by so many disasters , and desiring to wipe out the disgrace , remained in camp in the winter time with these raw recruits .	24
117016637	winter	The six months which limited the terms of dictators among the Romans now expired , and the consuls Servilius and Atilius resumed their offices and came to the camp , and Fabius returned to Rome . During the winter frequent skirmishes took place between Hannibal	38
117019875	weather	When this was done they had provisions in plenty , and with their triremes they worried the Roman garrison who had no ships , even coming close to the walls , especially in calm weather , and intercepting the supply ships coming to them .	34
117021580	winter	Fulvius returned to his colleague at Capua and both of them pressed the siege vigorously , hastening to take the city during the winter while Hannibal remained quiet .	23
117029049	winter	This same winter , Syphax being near them , Masinissa asked of Scipio a third part of the Roman army as a reënforcement to his own , and with this force under the command of Lælius , he set out in pursuit of him .	2
117030831	tempest	They accordingly set sail , and were driven by a tempest to Scipio 's camp .	10
117033861	tempest	Surely some god misled them and the tempest that drove your supplies into Carthage ;	7
117033873	tempest	and besides the tempest , hunger carried us away , for people who are in want of everything do not form the best judgments respecting other people 's property .	3
117034922	storm	But after a storm had shattered their ships , despairing of everything , they accused the gods of conspiring against them , assented to the agreement with Scipio , and sent an embassy to Rome .	3
117038257	winter	The reason probably is that their winter is not cold enough to do them much harm and their summer not so extremely hot as that of Ethiopia and of India ;	6
117051192	winter	At the beginning of winter , Scipio resolved to sweep away the Carthaginian power in the country , and the allies from whom supplies were sent to them .	4
117051459	weather	In addition to the camp the city of Nepheris was taken also , after a siege of twenty - two days , prosecuted by Scipio with great labor and suffering on account of the severity of the weather .	37
117060200	winter	As the Dalmatians were returning home ( for winter was now approaching ) , Figulus hoped to fall upon them unawares , but he found them reassembled from their towns at the news of his approach .	8
117060454	winter	When the civil strife burst forth in war Cæsar crossed the Adriatic from Brundusium in the winter , with what forces he had , and opened his campaign against Pompey in Macedonia . Antony brought another army to Cæsar 's aid in Macedonia , he also crossing the Adriatic in mid - winter . Gabinius led fifteen cohorts of foot and 3000 horse for him by way of Illyria , passing around the Adriatic .	16
117060483	winter	When the civil strife burst forth in war Cæsar crossed the Adriatic from Brundusium in the winter , with what forces he had , and opened his campaign against Pompey in Macedonia . Antony brought another army to Cæsar 's aid in Macedonia , he also crossing the Adriatic in mid - winter . Gabinius led fifteen cohorts of foot and 3000 horse for him by way of Illyria , passing around the Adriatic .	52
117062712	winter	But a rumor becoming current that the Segestani had massacred the garrison , he set forth hastily in the winter .	19
117064537	storm	Encountering a storm at the mouth of the river Sarus and losing many of his ships , some of them with his soldiers and friends , he sailed back to Seleucia in Syria to repair his damaged fleet .	2
117066266	winter	He was emboldened to enter upon this great war relying most rashly on the Thebans , Amynander , and the Ætolians , and he made a reconnoissance of Thessaly to determine whether he should invade it at once or after the winter had passed .	41
117066298	winter	Hannibal replied , " It is not difficult to reduce the Thessalians either now or at the end of winter , if you wish .	19
117067041	weather	Antiochus thought that Bæbius and Philip had arrived , and became panic - stricken , abandoned the siege on a pretext of bad weather , and retreated to Chalcis . There he fell in love with a pretty girl , and , although he was above fifty years of age and was supporting the burden of so great a war , he celebrated his nuptials with her , gave a public festival , and allowed his army to spend the whole winter in idleness and luxury .	23
117067080	winter	Antiochus thought that Bæbius and Philip had arrived , and became panic - stricken , abandoned the siege on a pretext of bad weather , and retreated to Chalcis . There he fell in love with a pretty girl , and , although he was above fifty years of age and was supporting the burden of so great a war , he celebrated his nuptials with her , gave a public festival , and allowed his army to spend the whole winter in idleness and luxury .	81
117067768	winter	and there was confusion among both in their uncertainty but when Cato made his appearance pursuing the Ætolians with shouts of victory and was already close above the camp of Antiochus , the king 's forces , who had been hearing for some time back fearful accounts of the Roman style of fighting , and who knew that they themselves had been enervated by idleness and luxury all winter , took fright .	68
117086249	winter	Now winter came on and Sulla established his camp at Eleusis and protected it by a deep ditch , extending from the high ground to the sea so that the enemy 's horse could not readily reach him .	1
117090365	tempest	As they were sailing from Brundusium many of their ships were destroyed by a tempest , and some that had gone in advance were burned by a new army that had been sent forward by Mithridates .	14
117094571	winter	The remainder of the summer and the whole of the winter he spent in cutting timber , building ships , and making arms . He distributed 2,000,000 medimni of corn along the coast .	10
117095429	winter	Moreover , winter was now approaching and would soon interrupt his supplies by sea .	2
117096069	winter	When winter came Mithridates was deprived of his supplies by sea , if he had any , so that his whole army suffered from hunger , and many of them died .	1
117096295	storm	A storm came up in which many of both divisions perished .	1
117096574	tempest	As Mithridates was sailing to Pontus a second tempest overtook him and he lost about 10 , 000 men and sixty ships ,	8
117096600	wind	and the remainder were scattered wherever the wind blew them .	7
117097877	tempest	It is said that Autolycus , the companion of Hercules in his expedition against the Amazons , was driven by a tempest into Sinope and made himself master of the place , and that his consecrated statue gave oracles to the Sinopeans .	21
117098980	ditch	The latter perceived their movement and sent forward the best of his horse to engage Tigranes at as great a distance as possible , and prevent him from deploying from his line of march into order of battle . He also challenged Mithridates to fight . He began to surround him with a ditch , but could not draw him out .	53
117102080	storm	These , it is said , when returning from the siege of Troy , were driven by a storm into the Euxine sea and underwent great sufferings there at the hands of the barbarians because they were Greeks ; and when they sent to their home for ships and their request was disregarded , they conceived such a hatred for the Grecian race that whenever they captured any Greeks they immolated them , Scythian fashion . At first in their anger they served all in this way , afterwards only the handsomest ones , and finally a few chosen by lot .	18
117105726	winter	At the end of the winter Pompey distributed rewards to the army ; 1500 Attic drachmas to each soldier and in like proportion to the officers , the whole ,	5
117117492	winter	The rest made their way homeward through a trackless region , in a severe winter , living on acorns ; and half of them perished .	14
117117503	winter	The same winter Porcius Cato , the colleague of Pompeius , was killed while fighting with the Marsians .	2
117119989	storm	Hearing a noise , he concealed himself more carefully with the leaves . Hearing a somewhat louder noise , he rushed to the boat of an old fisherman , overpowered him , leaped into it , and , although a storm was raging , he cut the rope , spread the sail , and committed himself to chance .	40
117123169	storm	The next one encountered a storm and those who reached land went home immediately , as they did not relish the prospect of fighting their fellow - citizens .	5
117124982	winter	At first the winter and severe frost kept the combatants apart .	3
117130431	spring	When spring came they resumed hostilities , Metellus and Pompey coming from the Pyrenees mountains , where they had wintered , and Sertorius and Perpenna from Lusitania .	1
117141422	weather	Suddenly a freshet of melting snow carried away his bridge and cut off a great number of his men on the opposite side . These were destroyed by the forces of Petreius . Cæsar himself , with the rest of his army , suffered very severely from the difficulty of the place , from hunger , from the weather , and from the enemy , his situation being in no wise different from that of a siege .	58
117143663	winter	Pompey thought that as the weather was bad and the sea boisterous Cæsar would not attempt to cross till the end of winter , but would be occupied in the meantime with his duties as consul . So he ordered his naval officers to keep watch of the sea , and then divided his army and sent it into winter quarters in Thessaly and Macedonia .	22
117143843	winter	I think that we who are first at the rendezvous should leave behind us here our servants , our pack - animals , and all our apparatus in order that the ships which are here may take us on board and carry us over at once without the enemy 's knowledge . Let us oppose our good fortune to the winter weather , our courage to the smallness of our numbers , and to our want of supplies the abundance of the enemy , which will be ours to take as soon as we touch the land , if we realize that nothing is ours unless we conquer .	60
117144052	winter	In the meantime two more legions arrived and Cæsar embarked these also and started in the winter time on merchant ships ,	16
117144071	wind	The ships were driven by the winds to the Ceraunian Mountains and Cæsar sent them back immediately to bring the rest of the army . He then marched by night against the town of Oricum by a rough and narrow path , with his force divided in several parts on account of the difficulties of the road , so that if his army had been anticipated he might have been easily beaten .	6
117144231	winter	Cæsar assembled his army and congratulated them on the success they had achieved by their rapid movement in mid - winter , on conquering such a sea without war - ships , on taking Oricum and Apollonia without a fight , and on capturing the enemy 's supplies , as he had predicted , without Pompey 's knowledge .	20
117144537	winter	The latter apprehended that if these should sail in merchant ships in the spring they would not escape Pompey 's triremes , which would be patrolling the sea , as guard ships , in great numbers , but if they should cross in winter while the enemy were lying inside among the islands they might perhaps be unnoticed , or might force their way by the strength of the wind and the size of their ships . So he sent orders to them to hasten .	43
117145390	winter	Cæsar honored them both with many military gifts . A certain man of Dyrrachium having offered to betray the town to him , Cæsar went by agreement with a small force by night to the gates at the temple of Artemis . . . . The same winter Pompey 's father - in - law ( Scipio ) advanced with another army from Syria .	47
117164274	winter	The Adriatic Sea yielded to Cæsar , becoming navigable and quiet in mid - winter . He also crossed the western ocean to Britain , which had never been attempted before , and he ordered his pilots to break their ships in pieces by running them on the rocks of the British coast .	14
117179277	winter	As winter advanced Decimus began to suffer from hunger , and Hirtius and Octavius advanced toward Mutina lest Antony should receive in surrender Decimus ' army now weak with famine ; but as Mutina was closely hemmed in by Antony , they did not venture to come to close quarters with him at once , but waited for Pansa .	1
117191082	tempest	Lucius , the father - in - law of Asinius , who was then consul , fled by sea , but , as he could not endure the anguish of the tempest , he leaped overboard .	31
117195881	storm	Being overtaken by a storm , the slaves formed a plot to get possession of his money , and placed Appius in a small boat , pretending to transfer him to a safer place ;	4
117201408	storm	When Murcus , who was at Peloponnesus lying in wait for Cleopatra , learned that her fleet had been damaged by a storm on the Libyan coast , and saw the wreckage borne by the waves as far as Laconia , and knew that she had returned home with difficulty and in ill health , he sailed for Brundusium in order that he might not be idle with so great a fleet . He came to anchor at the island lying opposite the harbor , and prevented the remainder of the enemy 's army and supplies from passing over to Macedonia .	22
117209327	winter	News of their recent disaster in the Adriatic having now reached both armies , it caused them fresh alarm , as also did the approach of winter while they were quartered in this muddy plain .	26
117214237	tempest	Instead of apologizing she enumerated to him the things she had done , saying that she had sent the four legions that had been left with her to Dolabella forthwith , and that she had another fleet in readiness , but had been prevented from sending it by adverse winds and by the misfortune of Dolabella , whose defeat came suddenly ; that she did not lend assistance to Cassius , who had threatened her twice ; that while the war was going on she had set sail for the Adriatic in person with a fleet to assist them , in defiance of Cassius , and disregarding Murcus , who was lying in wait for her ; but that a tempest shattered the fleet and prostrated herself with illness , for which reason she was not able to put to sea again till they had already gained their victory . Antony was amazed at her wit as well as her good looks , and became her captive as though he were a young man , although he was forty years of age . It is said that he was always very susceptible in this way , and that he had been enamoured of her long ago when she was still a girl and he was serving as master of horse under Gabinius at Alexandria .	120
117222684	winter	As it was still winter , Antony retained the deputies of the colonized veterans , who had been sent to him , and concealed his intentions . In the spring he set out from Alexandria and proceeded by land to Tyre , and thence by sea , touching at Cyprus and Rhodes , to the province of Asia . There he learned of the doings at Perusia and he blamed his brother and Fulvia , and , most of all , Manius .	4
117227737	winter	At the end of the winter he was like another man . He changed his clothing , and with his clothing his whole appearance . There was straightway a crowd around his doors composed of lictors , army officers , guards , and all things that inspire terror and awe .	5
117228440	storm	While Cornificius was making the voyage a storm overtook him which destroyed only the admiral 's ship , which had been built for Octavius himself .	7
117231668	winter	When the calends came they all set sail at daybreak , Lepidus from Africa with 1000 ships of burden , seventy war vessels , twelve legions of soldiers , 500 Numidian horse , and a great quantity of apparatus ; Taurus from Tarentum with only 102 of the 130 ships that Antony had left , since the oarsmen of the remainder had perished during the winter . Octavius sailed from Puteoli , offering sacrifices and pouring out libations from the admiral 's ship into the water to the propitious winds , and to Neptune , the guardian , and to the tranquil sea , that they should be his assistants against his father 's enemies .	65
117231801	storm	At the beginning of the storm , Octavius took refuge in the sheltered bay of Elea , except one six - banked ship , which was wrecked on the promontory .	5
113656376	winter	but while he was considering which part of the hill was the most suitable site , suddenly a winter storm arose , though it was the summer season , loud claps of thunder were heard , and rain fell on the spot where the palace of the kings of Lydia had stood .	18
113660002	winter	Having accomplished this , though it was now the very depth of winter ( b.c . 333 ) , he invaded the land called Milyas , which is a part of Great Phrygia , but at that time was tributary to Lycia , according to an arrangement made by the Great King .	12
113664455	tempest	but in the night a heavy tempest and a violent storm of wind	6
113689268	winter	where he remained until the depth of winter arrived .	7
113693692	winter	Coenus was left with his own brigade and that of Meleager , 400 of the Companion cavalry , and all the horse - archers , besides the Bactrians , Sogdianians , and others who were under the command of Amyntas . They were all under strict injunctions to obey Coenus and to winter there in Sogdiana , in order to protect the country and to arrest Spitamenes , if anyhow they might be able to draw him into an ambush , as he was wandering about during the winter .	88
113694004	winter	The king then caused his army to rest around Nautaca , because it was now mid - winter ; but he despatched Phrataphernes into the land of the Mardians and Tapurians to fetch Autophradates the viceroy , because , though he had often been sent for , he did not obey the summons .	17
113695524	winter	It happened that the army suffered much hardship from the severity of the winter , a great quantity of snow having fallen during the siege ; while at the same time the men were reduced to great straits from lack of provisions .	13
113703285	winter	He also conveyed corn from all quarters into his camp from the land on this side the Hydaspes , so that it might be evident to Porus that he had resolved to remain quiet near the bank until the water of the river subsided in the winter , and afforded him a passage in many places .	46
113703416	winter	But in the winter they again subside , become small and clear , and are fordable in certain places , with the exception of the Indus , Ganges , and perhaps one or two others .	3
113718177	storm	On the day after the start a storm arose , and the wind blowing right against the stream made the river hollow and shattered the hulls of the vessels violently , so that most of his ships were injured , and some of the thirty - oared galleys were entirely broken up .	7
113719098	winter	Moreover it was reported that there the sea was fit for navigation after the beginning of winter , from the setting of the Pleiades until the winter solstice ; for at that season mild breezes usually blow from the land ,	16
113719111	winter	Moreover it was reported that there the sea was fit for navigation after the beginning of winter , from the setting of the Pleiades until the winter solstice ; for at that season mild breezes usually blow from the land ,	26
113722449	winter	Alexander now ordered Hephaestion to march into Persis from Carmania along the seashore with the larger division of the army and the beasts of burden , taking with him also the elephants ; because , as he was making the expedition in the season of winter , the part of Persis near the sea was warm and possessed abundant supplies of provisions .	45
113729305	winter	though he marched against them in the winter ; for neither winter nor ruggedness of ground was any impediment either to him or to Ptolemy , son of Lagus , who led a part of the army in the campaign against them .	7
113731984	winter	For that river flowing from the Armenian mountains , proceeds within its banks in the season of winter , because its water is scanty ;	17
113758484	storm	Every thing on board however was saved , not the sails only , and the nautical instruments , but the bolts also , and the men . We also scraped off the wax , which is as necessary an article in ship - building as any , timber excepted ; of which last material there is , as You know , a great quantity in the countries that border upon this sea . The storm continued two days , and necessarily detained us during that time .	74
113760593	tempest	The port here is not altogether safe ; nevertheless , ships may lie here free from harm , if the tempest be not very violent .	20
113762016	weather	Even those , who are compelled by stress of weather to land upon the island , must consult the God himself whether it would be right and proper for them to select for sacrifice any of the animals , which they should find feeding there ; offering , at the same time , such a recompense , as to them seems adequate to the value of the animal so selected .	9
113762574	weather	The same writer has described at length the dangers that accrue to ships at this place , from want of a good harbour ; that ships forced hither by stress of weather are apt to be lost ; and that the Thracians who live in the neighbourhood quarrel about the plunder of the wreck .	31
118325047	storm	Then when a storm comes on , they wrap themselves up and await the event , while some few retire	3
118325416	storm	but the soul understands it and suffers greatly , now rescuing the body from disease , now from war , rescuing it from storms and rescuing it from the sea .	23
118325469	storm	Consequently , to her falls the larger share of the household tasks , and , for the most part , she remains unacquainted with storms	24
118325923	winter	And since a sudden change would be too much for our weakness , he brings all this to pass gradually , and in a way he accustoms us insensibly in the spring to endure the heat of summer and in the late autumn gives preliminary training to support the chill of winter — in the one case taking off the chill of winter little by little , in the other , reducing the heat of summer , so that we reach either extreme without discomfort .	51
118325929	winter	And since a sudden change would be too much for our weakness , he brings all this to pass gradually , and in a way he accustoms us insensibly in the spring to endure the heat of summer and in the late autumn gives preliminary training to support the chill of winter — in the one case taking off the chill of winter little by little , in the other , reducing the heat of summer , so that we reach either extreme without discomfort .	62
118337482	winter	For that monarch spent the winters in Babylon and Susa , or occasionally in Bactra , which are the warmest parts of Asia , and the summers in Median Ecbatana , where the air is always very cool and the summer is like the winter in the region of Babylon .	5
118337519	winter	For that monarch spent the winters in Babylon and Susa , or occasionally in Bactra , which are the warmest parts of Asia , and the summers in Median Ecbatana , where the air is always very cool and the summer is like the winter in the region of Babylon .	44
118337635	winter	Naturally , therefore , the winters were mild .	5
118337820	winter	he had to spend pretty much the larger part of the winter and summer on the road .	11
118338092	winter	He rarely made use of heat , shade , or shelter in anticipation of the proper seasons for them , nor did he do as others do , who , because they may light a fire any time and are well supplied with clothes and own houses , run away at once from the open air at the least sensation of cold , thus enfeebling their bodies and making them incapable of enduring the winter 's cold , or , on the other hand , because it is possible for them to enjoy abundant shade in the summer - time and drink all the wine they wish , on that account never expose themselves to the sun , never experience a natural thirst , keep to the house just as much as women do , are inactive and sluggish of body , and have their souls steeped in a drunken stupor .	74
118338339	winter	And one garment was all he needed for both summer and winter ,	11
118339076	winter	It is not the nakedness of the body that causes the trouble . He would then call attention to the frogs and numerous other animals much more delicate than man and much less protected , and yet some of them not only withstand the cold air but are even able to live in the coldest water during the winter .	58
118339245	winter	therefore , that were costly or demanded constant attention and worry he rejected and showed to be injurious to those who used them ; but whatever could readily and without effort help the body to withstand the winter 's cold or hunger or to satisfy some other appetite of the body , he would never forgo ; nay , he would choose localities that were healthful in preference to the unhealthy , and those that were adapted to the different seasons , and he took care to have a sufficient supply of food and moderate clothing , but from public affairs , lawsuits , rivalries , wars , and factions he kept himself clear .	37
118339366	winter	The storks , for example , leave the heat of the summer and migrate to a temperate climate , and after spending as long a time there as is most congenial to them , depart in flocks , retreating before the winter ; while cranes , which stand the winter fairly well , come at seeding time and for the food they pick up .	41
118339376	winter	The storks , for example , leave the heat of the summer and migrate to a temperate climate , and after spending as long a time there as is most congenial to them , depart in flocks , retreating before the winter ; while cranes , which stand the winter fairly well , come at seeding time and for the food they pick up .	49
118341257	storm	when such a storm arose that we had great difficulty in reaching the Hollows of Euboea in safety .	3
118342447	winter	" Then when winter came on , there was no work in sight for the men whether they came down to town or to a village .	3
118344798	winter	else how shall we endure the winter 's cold ?	6
118353351	cold	No , he was as alert and lean like a lion , keen of eye and ear , recking naught of cold or heat , having no use for bed , shawl , or rug , clad in a dirty skin , with an air of hunger about him , as he succoured the good and punished the bad .	21
118369761	storm	One could almost say that Homer is not only well acquainted with all this account , but also that he is hinting at it when he says that Menelaus was sent by the gods after his death to the Elysian fields , where there is neither snow nor storm but sunshine and balmy air throughout the year ,	48
118396957	winter	yet in the case of human beings it stands to reason that they should mourn both summer and winter .	18
118423647	storm	An apt illustration is found , I think , in the conduct of men on board a ship at sea : when a storm strikes them or a hurricane , not even the most wanton of them is to be seen doing anything base ; but they are all giving undivided attention to the sailing ; whereas in fair weather recklessness prevails among both the sailors and the passengers , even if they do not indulge in licentiousness .	23
118424732	winter	But there are only a few who have displayed frankness in your presence , and that but sparingly , not in the same way as to fill your ears therewith nor for any length of time ; nay , they merely utter a phrase or two , and then , after berating rather than enlightening you , they make a hurried exit , anxious lest before they have finished you may raise an outcry and send them packing , behaving in very truth quite like men who in winter muster up courage for a brief and hurried voyage out to sea .	88
118431612	storm	It was Ajax , moreover , who also was guilty of impiety toward Athena at the capture of Troy and on that account was himself smitten with a thunderbolt and thereby caused the storm and shipwreck that befell them all .	33
118435350	winter	And yet the poet says that there were also certain springs of rare beauty in the suburbs , one that was warm and whose waters were most pleasant , such that steam actually rose from it , and the other as cold as ice , even in summer , so that both in summer and in winter the lovely daughters of the Trojans could do their washing without discomfort .	56
118442457	storm	And yet if someone should tell pilots that they should seek in every way to please their passengers , and that when applauded by them they should steer the ship in whatever way those passengers desired , it would take no great storm to overturn their ship .	42
118444615	winter	I claim , therefore , that these nude philosophers get no good from their shagginess — not even if they should join the light infantry — at least with regard to justice and true sobriety and wisdom , nay , not even if they should strip off still more clothing and run about stark naked in winter time , or else adopt the garb of Medes and Arabs ; just as they will not acquire proficiency with the flute by merely donning the costume of flautists .	56
118461633	storm	otherwise the more numerous the sails so much the more violent must be the impact of the storm and so much greater the confusion .	17
118463023	tempest	For it really was ridiculous if , after having experienced so long an exile , so many tribulations , and so tyrannical a foe , after reaching home at last with the hope of finding respite and of being able to forget past hardships from then on — like a man who had through the kindness of some god unexpectedly and with difficulty been rescued from a dreadful , savage sea and tempest — I should then in port , so to speak , meet shipwreck here .	72
118469264	winter	But , according to report , so great is their love for one another and of each for its own hive , that when they are caught outside the hive in winter and a great wind springs up , they each seize with their feet a pebble as if for ballast before beginning to fly , so that they may not be borne astray by the gale or miss their hive .	31
118474288	summer	On the other hand , there is advantage when a city becomes good - looking , when it gets more air , open space , shade in summer and inwinter sunshine beneath the shelter of a roof ,	27
118476183	storm	But this is a thing which often befalls the sea too — when the depths have been violently disturbed and there has been a storm at sea , often there are faint signs of the disturbance in the harbours also .	24
118482955	winter	his never having written his name anywhere , yes , never having even referred to himself anywhere in his poetry , though all other writers with any reputation for skill in composing either verse or prose write their names both at the beginning and at the end , and many even in the body of their works , both prose and verse . Take , for example , Hecataeus and Herodotus and Thucydides , Thucydides , in fact , solemnly affirming , not merely once at the beginningof his history , but many times , in connexion with each winter and summer , "	99
118489930	winter	Later on , when Deïaneira recalled the words of the Centaur , and when also Heracles did not relax at all but made an even lengthier journey away from home — his final journey , during which he captured Oechalia — and when in fact he was reported to have become enamoured of Iolê , thinking it better that what the Centaur had advised should be accomplished , she set to work upon Heracles and — such is the nature of female wile and cunning — she did not desist until , partly by coaxing and saying that she was anxious about him , lest he come to grief by persisting winter and summer alike in going unclothed , wearing only his lion 's skin , she at last persuaded him to doff the skin and put on dress like that of other men .	111
118508913	storm	Therefore , when storm overtakes a ship , though every landlubber longs for the land , the skipper flees from it as far as possible .	3
118510237	storm	Again , so much more useful is the law to our citiesthan rudders are to our ships that , whereas a ship which has lost its rudders would not perish unless a storm should overtake it , a city can not be saved if the law has been destroyed , not even when no dire disaster befalls it from without .	32
118511483	storm	When there is a violent storm and the pilot can not control each of his two rudders because of old age or the violence of the sea , even at such a time does he not like another pilot or pray that the one to relieve him may make his appearance ; or , again , when he needs to sleep , having been without sleep for many nights and days opening , even in such circumstances too does he feel the same hatred , and does he consider it his loss if a second pilot is on board ?	5
117677405	winter	And he has appointed summer and winter , and abundance and scarcity , and virtue and vice , and all such opposites for the harmony of the whole ; and to each of us he has given a body , and parts of the body , and possessions , and companions .	6
117692871	storm	Then comes a storm .	3
117705549	storm	Remember God : call on him as a helper and protector , as men at sea call on the Dioscur in a storm .	22
117705556	storm	For what is a greater storm than that which comes from appearances which are violent and drive away the reason ?	5
117705570	storm	For the storm itself , what else is it but an appearance ?	2
117718878	winter	and was it for this that Maximus sailed as far as Cassiope in winter ( or bad weather ) with his son , and accompanied him that he might be gratified in the flesh ?	13
117720340	winter	And going in winter , and with danger and expense . —	3
117735979	winter	But if you wish for these things in winter , you are a fool .	8
117736004	winter	So if you wish for your son or friend when it is not allowed to you , you must know that you are wishing for a fig in winter .	28
117736011	winter	For such as winter is to a fig , such is every event which happens from the universe to the things which are taken away according to its nature .	3
117742659	storm	There are many companies of robbers , tyrants , storms ,	9
117754983	weather	you have blossomed too soon ; the cold weather will scorch you up .	8
120774971	winter	And when winter gets its start in this month the air is disturbed and keeps changing .	2
120780189	winter	Isaios in Against the Orgeones : " that the land not become shaded over , " for ' thickly shaded . ' And Archilochos in trimeters : " They leaned against a wall , in the shade " for ' in darkness , ' and Sophokles in Inachos : " with a darkening winter / storm " for ' gloomy . ' .	53
113639502	storm	A sign of an approaching storm which is peculiar to the place , is that the deep water becomes more turbid and changes its color .	5
113645329	winter	The regions beyond these places are either difficult of access because of their excessive winters and great cold , or else can not be sought out because of some divine influence of the gods .	14
108533144	tempest	Now when Daedalus fled from Crete in a merchant - vessel to Athens , Minos , contrary to the decrees , pursued him with his ships of war , and was driven from his course by a tempest to Sicily , where he ended his life .	37
108533466	storm	He says that Theseus , driven out of his course by a storm to Cyprus , and having with him Ariadne , who was big with child and in sore sickness and distress from the tossing of the sea , set her on shore alone , but that he himself , while trying to succour the ship , was borne out to sea again .	12
108554384	winter	and in winter the magistrates ordered them to march round the market - place in their tunics only , and as they marched , they sang a certain song about themselves , and its burden was that they were justly punished for disobeying the laws .	2
108555506	winter	In the winter - time , they added to the stuff of these pallets the so - called “ lycophon , ” or thistle - down , which was thought to have warmth in it .	2
108582781	tempest	The battle which had such a dreadful beginning ended no less disastrously ; the armies , after inflicting and suffering equal losses , were separated by a tempest .	27
108597667	winter	These had been accustomed to short campaigns abroad as the summer season opened , and to winters at home ; but then for the first time they had been compelled by their tribunes to build forts and fortify their camp and spend both summer and winter in the enemy ’s country , the seventh year of the war being now nearly at an end . For this their rulers were held to blame , and finally deprived of their rule , because they were thought to conduct the siege without energy .	45
108599486	storm	Calm at sea has its perils as well as storm , it would seem , at least so it proved in this case . Envoys and crew came within an ace of destruction , and found escape from their peril when they least expected it .	9
108649799	tempest	When the embassy had returned and the senate had heard its report , it was felt that the city was tossing on the billows of a great tempest , and therefore the last	27
108658394	storm	and partly by persuading , partly by compelling the Barbarians , they made their way down to Rhegium while a great storm was still raging at sea .	21
108660920	storm	Finally , the storm still assailing them , and the Greeks having overthrown their first rank of four hundred men , the main body was put to flight .	3
108677405	storm	There was some wind and snow as the weather began to change , and they were the more unobserved because most people had already taken refuge from the storm in their houses . Those , however , whose business it was to know what was going on , received the visitors as they came , and brought them at once to the house of Charon ;	28
108681612	winter	Both were boeotarchs , however , when they invaded Peloponnesus and won over most of its peoples , detaching from the Lacedaemonian confederacy Elis , Argos , all Arcadia , and most of Laconia itself . Still , the winter solstice was at hand , and only a few days of the latter part of the last month of the year remained , and as soon as the first month of the new year began other officials must succeed them , or those who would not surrender their office must die .	39
108681658	winter	The other boeotarchs , both because they feared this law , and because they wished to avoid the hardships of winter , were anxious to lead the army back home ; but Pelopidas was first to add his vote to that of Epaminondas , and after inciting his countrymen to join them , led the army against Sparta and across the Eurotas .	20
108681776	storm	just as sailors , when the weather is fair or they are lying off shore at anchor , treat their captains with bold insolence , but as soon as a storm arises and danger threatens , look to them for guidance and place their hopes in them .	30
108706165	winter	He had a farm next to that of Cato , and learned from Cato ’s servants of their master ’s laborious and frugal way of living . He was amazed to hear them tell how Cato , early in the morning , went on foot to the market - place and pleaded the cases of all who wished his aid ; then came back to his farm , where , clad in a working blouse if it was winter , and stripped to the waist if it was summer , he wrought with his servants , then sat down with them to eat of the same bread and drink of the same wine . They told Valerius many other instances of Cato ’s fairness and moderation , quoting also sundry pithy sayings of his , until at last Valerius gave command that Cato be invited to dine with him .	78
108748046	winter	Nevertheless , it is said that the people of Massalia fenced their vineyards round with the bones of the fallen , and that the soil , after the bodies had wasted away in it and the rains had fallen all winter upon it , grew so rich and became so full to its depths of the putrefied matter that sank into it , that it produced an exceeding great harvest in after years , and confirmed the saying of Archilochus that “ fields are fattened ” by such a process .	40
108748336	tempest	However , that power which permits no great successes to bring a pure and unmixed enjoyment , but diversifies human life with a blending of evil and of good - be it Fortune , or Nemesis , or Inevitable Necessity , within a few days brought to Marius tidings of his colleague Catulus , which , like a cloud in a calm and serene sky , involved Rome in another tempest of fear .	70
108752484	storm	The sailors were willing enough to do as he wished , but the wind veered round and blew towards the shore , bringing in a heavy surge , and it was thought that the vessel would not hold out against the beating of the waves besides , Marius was in a wretched plight from sea - sickness , and therefore they made their way , though with difficulty , to the coast near Circeii . Then , as the storm was increasing and their provisions were failing , they landed from the vessel and wandered about . They had no definite object in view , but , as is usual in cases of great perplexity , sought always to escape the present evil as the most grievous and fixed their hopes on the unknown future .	79
108786915	winter	Afterwards , at Athens , Sulla found himself master on land , but cut off from supplies by sea , owing to the superior naval force of the enemy . He therefore despatched Lucullus to Egypt and Libya , with orders to fetch ships from there . Winter was then at its worst , but he sailed forth with three Greek brigantines and as many small Rhodian galleys , exposing himself not only to the high sea , but to numerous hostile ships which were cruising about everywhere in full mastery of it .	47
108789953	storm	Accordingly , while Lucullus was laying siege to some outpost or other , Mithridates eagerly took advantage of the opportunity , and sent away into Bithynia almost all his horsemen , together with the beasts of burden , and those of his foot - soldiers who were disabled . On learning of this , Lucullus returned to his camp while it was still night , and early in the morning , in spite of a storm , took ten cohorts of infantry and his calvary , aid started in pursuit , although snow was falling and his hardships were extreme . Many of his soldiers were overcome with the cold and had to be left behind , but with the rest he overtook the enemy at the river Rhyndacus and inflicted such a defeat upon them that the very women came forth from Apollonia and carried off their baggage and stripped their slain .	75
108790619	tempest	For it is said that it was owing to the wrath of Artemis of Priapus that the tempest fell upon the men of Pontus , who had plundered her shrine and pulled down her image .	17
108791096	winter	When winter was over , he left Murena in charge of the siege , and marched against Mithridates , who had taken his stand at Cabira , and intended to await the Roman onset there . A force of forty thousand footmen had been collected by him , and four thousand horsemen ; on the latter he placed his chief reliance . Crossing the river Lycus and advancing into the plain , he offered the Romans battle .	1
108797822	winter	Elated and emboldened by this victory , Lucullus purposed to advance further into the interior and subdue the Barbarian realm utterly . But , contrary to what might have been expected at the time of the autumnal equinox , severe winter weather was encountered , which generally covered the ground with snow , and even when the sky was clear produced hoar frost and ice , owing to which the horses could not well drink of the rivers , so excessive was the cold , nor could they easily cross them , since the ice broke , and cut the horses ’ sinews with its jagged edges .	40
108798251	winter	Well , then , Sallust says that his soldiers were ill - disposed towards him at the very beginning of the war , before Cyzicus , and again before Amisus , because they were compelled to spend two successive winters in camp .	39
108798264	winter	The winters that followed also vexed them . They spent them either in the enemy ’s country , or among the allies , encamped under the open sky . Not once did Lucullus take his army into a city that was Greek and friendly .	1
108798659	winter	For such reasons as these the army of Lucullus was demoralised , and refused to follow him either against Tigranes , or against Mithridates , who had come back into Pontus from Armenia , and was trying to restore his power there . They made the winter their excuse for lingering in Gordyené , expecting every moment that Pompey , or some other commander , would be sent out to succeed Lucullus .	46
108800193	winter	He had also country establishments near Tusculum , with observatories , and extensive open banqueting halls and cloisters . Pompey once visited these , and chided Lucullus because he had arranged his country seat in the best possible way for summer , but had made it uninhabitable in winter . Whereupon Lucullus burst out laughing and said : “ Do you suppose , then , that I have less sense than cranes and storks , and do not change residences according to the seasons ? ”	48
108809425	winter	It was therefore determined that Demosthenes should sail with a large armament in the spring , and while it was yet winter Eurymedon preceded him with a smaller fleet , bringing money , and announcing the selection of colleagues for Nicias from among the members of the expedition there,—to wit , Euthydemus and Menander .	21
108809430	winter	It was therefore determined that Demosthenes should sail with a large armament in the spring , and while it was yet winter Eurymedon preceded him with a smaller fleet , bringing money , and announcing the selection of colleagues for Nicias from among the members of the expedition there,—to wit , Euthydemus and Menander .	21
108817994	storm	And though the sea was still rough with wintry storms , he would not wait , but put out , and so lost a great number of his vessels . With what was left of his forces , however , he hurried on by land through Galatia . And finding that King Deiotarus , who was now a very old man , was founding a new city , he rallied him , saying : “ O King , you are beginning to build at the twelfth hour . ”	9
108833316	storm	After encountering grievous storms in mountainous regions , he was asked by the Barbarians to pay them tribute and purchase his passage .	3
108833699	storm	After a short time , however , Annius came with numerous ships and five thousand men - at - arms , and with him Sertorius attempted to fight a decisive naval battle , although the vessels which he had were light and built for speed rather than for fighting . But the sea ran high with a strong west wind , and the greater part of the vessels of Sertorius , owing to their lightness , were driven aslant upon the rocky shore , while he himself , with a few ships , excluded from the open sea by the storm , and from the land by the enemy , was tossed about for ten days in a battle with adverse waves and fierce surges , and with difficulty held his own .	100
108846253	winter	But when the Achaeans asked him to spend the winter there in order to prevent the enemy from sowing their fields , he said he would do the opposite of this ; for the enemy would dread the war more if their land was sown when summer came .	9
108849475	storm	As for the reason why the Thebans withdrew from Laconia , most writers say that it was because winter storms came on and the Arcadians began to melt away and disband ; others , because they had remained there three entire months and thoroughly ravaged most of the country ;	19
108851815	winter	But since it was now winter , he kept close to shore with his ships , and was borne along the coast of Libya to an uninhabited spot called the Harbour of Menelaüs . Here he died , at the age of eighty - four years . He had been king of Sparta forty - one years , and for more than thirty of these he was the greatest and most influential of all Hellenes , having been looked upon as leader and king of almost all Hellas , down to the battle of Leuctra .	5
108854789	storm	However , the Romans also were troubled by the storm , since they could not see one another clearly , and Pompey himself narrowly escaped death by not being recognized , when a soldier demanded the countersign from him and he gave it rather slowly .	9
108861643	winter	The greatest of these peoples are the Albanians and the Iberians , of whom the Iberians extend to the Moschian mountains and the Euxine Sea , while the Albanians lie to the eastward as far as the Caspian Sea . These latter at first granted Pompey ’s request for a free passage ; but when winter had overtaken his army in their country and it was occupied in celebrating the Roman festival of the Saturnalia , they mustered no less than forty thousand men and made an attack upon it . To do this , they crossed the river Cyrnus , which rises in the Iberian mountains , and receiving the Araxes as it issues from Armenia , empties itself by twelve mouths into the Caspian .	55
108870200	winter	Then he re - crossed the Alps , marched rapidly through Italy , and came to Brundisium shortly after the winter solstice .	20
108887728	winter	But finally , after communing with himself a long time in silence , he passed on . Wishing to refresh his soldiers ( for it was winter time ) , he spent four months in that place .	26
108894093	storm	But the Hydaspes , made violent by the storm and dashing high against its bank , made a great breach in it , and a large part of the stream was setting in that direction ; and the shore between the two currents gave his men no sure footing , since it was broken	8
108903224	storm	Once , too , upon a journey , he and his followers were driven by a storm into a poor man 's hut , and when he found that it consisted of one room only , and that one barely able to accommodate a single person , he said to his friends that honours must be yielded to the strongest , but necessities to the weakest , and bade Oppius lie down there ,	16
108905116	winter	The numerous revolts of the Gauls in those parts were quieted by this success , as well as by the fact that Caesar himself , during the winter , went about in all directions and kept close watch on the disturbers of the peace .	27
108905212	winter	At that season of winter , too , frozen rivers , forests buried in snow , plains converted into lakes by winter torrents , in some parts paths obliterated by deep snow , and in others the great uncertainty of a march through swamps and streams diverted from their courses , all seemed to make it wholly impossible for Caesar to oppose the plans of the rebels .	4
108905383	winter	But as it was , the man endowed by nature to make the best use of all the arts of war , and particularly of its crucial moments , namely Caesar , as soon as he learned of the revolt , set out and marched by the same roads over which he had previously come , and by the vigour and speed of his passage in so severe a winter showed the Barbarians that an unconquered and invincible army was coming against them .	69
108907549	tempest	Accordingly , the consuls fled , without even making the sacrifices usual before departure ; most of the senators also fled , after seizing , in a sort of robbery , whatever came to hand of their own possessions , as though it were the property of others . Some , too , who before this had vehemently espoused the cause of Caesar , were now frightened out of their wits , and were carried along , when there was no need of it , by the sweep of the great tide . But most pitiful was the sight of the city , now that so great a tempest was bearing down upon her , carried along like a ship abandoned of her helmsmen to dash against whatever lay in her path .	108
108908226	winter	The rest of his forces he passed by in a forced march , and with six hundred picked horsemen and five legions , at the time of the winter solstice , in the early part of January ( this month answers nearly to the Athenian Poseideon ) , put to sea , and after crossing the Ionian gulf took Oricum and Apollonia , and sent his transports back again to Brundisium for the soldiers who had been belated on their march .	28
108908617	storm	The sailors forgot the storm , and laying to their oars , tried with all alacrity to force their way down the river .	4
108917317	tempest	For his native city was not already prostrate , like that of Phocion , but struggling with great tempest and surge , and though he could only serve her by putting hand to sails and ropes and by supporting men of greater influence , but was repulsed from rudder - sweeps and pilotage , he nevertheless gave Fortune a hard contest .	18
108917669	winter	For hardly any Athenian ever saw Phocion in laughter or in tears , or making use of a public bath , as Duris tells us , or holding his hand outside his cloak,—when he wore a cloak . Since in the country , at least , and on his campaigns , he always walked without shoes or outer garment , unless the cold was excessive and hard to bear , so that presently his soldiers used to say in jest that it was a sign of severe winter when Phocion wore a cloak .	87
108928647	storm	A heavy storm was raging at sea and no ship of sufficient size was at hand , but nevertheless , taking only two friends and three servants with him in a small trading - vessel , he put to sea from Thessalonica .	2
108940787	winter	There he learned that Scipio , the father - in - law of Pompey , had been well received by Juba the king , and that Attius Varus , who had been appointed governor of Libya by Pompey , was with them at the head of an army . Cato therefore sent out thither by land in the winter season , having got together a great number of asses to carry water , and driving along with him many cattle . Besides , he took with him chariots , and the people called Psylli .	58
108940879	winter	After finishing the winter in Libya , he led forth his army ; and it numbered nearly ten thousand .	3
108944470	storm	In a little while Butas came with tidings that all had set sail except Crassus , who was detained by some business or other , and he too was on the point of embarking ; Butas reported also that a heavy storm and a high wind prevailed at sea .	41
108953565	storm	The Achaeans having been thus utterly overwhelmed , Aratus , who was wo nt to be their general every other year , refused the office and declined to listen to their invitations and prayers ; thus unwisely , when the ship of state was in a heavy storm , handing over the helm to another and abandoning the post of authority .	47
108966292	winter	After reaching Sardinia , then , Caius gave proof of every excellence , and far surpassed all the other young men in conflicts with the enemy , in just dealings with the subject peoples , and in the good will and respect which he showed towards his commander , while in self - restraint , frugality , and industry , he excelled even his elders . The winter in Sardinia proved to be rigorous and unhealthy , and the Roman commander made a requisition upon the cities of clothing for his soldiers , whereupon the cities sent to Rome and begged to be relieved from the exaction .	67
108998459	storm	And conformably to the vision , Antigonus himself encountered many difficulties by land , and since Demetrius also encountered a great storm and a heavy sea and was cast upon a rough coast which had no harbours , losing many of his ships , he returned without accomplishing anything .	21
109006626	winter	Then Demetrius , filled with amazement and alarm at the sudden change of attitude in Seleucus , withdrew to the strongest fastnesses of the Taurus , and sending messengers to Seleucus , asked that above all things he might be permitted to acquire a petty empire among the independent Barbarians , in which he might end his days without further wanderings and flights ; but if this might not be , he begged him to give his troops food for the winter there , and not to drive him forth , stripped and destitute of all things , and cast him into the hands of his enemies .	81
109009872	winter	But Gabinius was afraid to make the voyage , which was difficult in the winter time , and started to lead his army a long way round by land . Antony , therefore , fearing for Caesar , who was hemmed in among numerous enemies , beat off Libo , who was blockading the harbour of Brundisium , by surrounding his galleys with a great number of small skiffs , and then , embarking eight hundred horsemen and twenty thousand legionaries , put to sea .	14
109017898	winter	Phraates , too , knew that his Parthians were able to do anything rather than to undergo hardships and encamp in the open during winter , and he was afraid that if the Romans persisted and remained , his men would desert him , since already the air was getting sharp after the summer equinox .	24
109018002	winter	After this , they would ride up nearer , and quietly putting their horses alongside the Romans , would revile Antony because , when Phraates wished to come to terms and spare so many and such excellent men , Antony would not give him an opportunity , but sat there awaiting those grievous and powerful enemies , famine and winter , which would make it difficult for them to escape even though the Parthians should escort them on their way .	59
109018516	winter	Having thus learned what he ought to do , Antony covered not only his rear , but also both his flanks , with numerous javelineers and slingers , led his army in the form of a hollow square , and gave orders to his horsemen to rout the enemy when they attacked , but after routing them not to pursue them further . Consequently the Parthians , during four successive days , suffered greater loss than they inflicted , became less eager , and made the winter an excuse for thoughts of going away .	86
109020623	weather	But now , hastening on through much wintry weather , which was already at hand , and incessant snow - storms , he lost eight thousand men on the march .	8
109026156	winter	but when the winter was over , Caesar again marched against his enemy through Syria , and his generals through Libya .	3
109035689	storm	Thereupon a boisterous wind from the north rushed down upon them , raised a great sea , and drove the ships away from Sicily , while flashes of lightning and peals of thunder , now that Arcturus was just rising , conspired to pour down from the heavens a great storm of furious rain . The sailors were confounded by this and driven from their course , until on a sudden they saw that their ships were driving with the sea upon Cercina , off the coast of Africa , at a point where the island presented the roughest and most precipitous shore for their approach . Accordingly , after a narrow escape from being cast ashore and dashed to pieces on the rocks , they plied their punting - poles and forced their way along with great difficulty , until the storm abated , when they learned from a vessel which they spoke that they were at what were called the Heads of the Great Syrtis .	50
109035743	storm	Thereupon a boisterous wind from the north rushed down upon them , raised a great sea , and drove the ships away from Sicily , while flashes of lightning and peals of thunder , now that Arcturus was just rising , conspired to pour down from the heavens a great storm of furious rain . The sailors were confounded by this and driven from their course , until on a sudden they saw that their ships were driving with the sea upon Cercina , off the coast of Africa , at a point where the island presented the roughest and most precipitous shore for their approach . Accordingly , after a narrow escape from being cast ashore and dashed to pieces on the rocks , they plied their punting - poles and forced their way along with great difficulty , until the storm abated , when they learned from a vessel which they spoke that they were at what were called the Heads of the Great Syrtis .	142
109053114	winter	But one of the friends of Brutus , Atillius , opposed his wishes , and urged delay till winter at least was past .	18
109055234	winter	But Octavius and Antony were no better off ; they were scantily provisioned , and the low site of their camp made them expect a grievous winter .	26
109067270	storm	And therefore men blame Aratus , because , when the ship of state was driving in a great surge and storm , he forsook the pilot ’s helm and left it to another , although it had been well , even if the people were unwilling , to remain at their head and save them ; and if he despaired of the government and power of the Achaeans , he ought to have yielded to Cleomenes , and not to have made Peloponnesus quite barbarous again under Macedonian garrisons , nor to have filled Acrocorinthus with Illyrian and Gallic arms , nor , in the case of men whom he was always defeating in the fields of war and statesmanship and abusing in the pages of his Commentaries , to have made these men lords over the cities under the endearing name of allies .	20
109112616	winter	But he who at the very outset does not stick to the subject matter , but insists that the style shall be pure Attic and severely plain , is like the man who is unwilling to swallow an antidote for a poison unless the cup be of the finest Attic ware , or unwilling to put on an overcoat in winter unless the wool be from Attic sheep , but must needs sit still and inactive , with a delicate thin jacket of Lysias ’s language cast over him .	60
109139012	storm	But true friendship seeks after three things above all else : virtue as a good thing , intimacy as a pleasant thing , and usefulness as a necessary thing , for a man ought to use judgement before accepting a friend , and to enjoy being with him and to use him when in need of him , and all these things stand in the way of one ’s having many friends ; but most in the way is the first ( which is the most important)—the approval through judgement . Therefore we must , in the first place , consider whether it is possible in a brief period of time to test dancers who are to dance together , or rowers who are to pull together , or servants who are to be guardians of property or attendants of children , let alone the testing of a multitude of friends who are to strip for a general contest with every kind of fortune , each one of whom “ Puts his successes with the common store , And shares in bad luck , too , without distress . ” For no ship is launched upon the sea to meet so many storms , nor do men , when they erect protecting walls for strongholds , and dams and moles for harbours , anticipate perils so numerous and so great as those from which friendship , rightly and surely tried , promises a refuge and protection .	202
109171930	winter	Sometimes he is one man and sometimes another in his needs , which vary according to his desires and fortunes ; he is like Aesop ’s dog , who , as our friend here says , in the winter - time curled up as closely as possible because he was so cold , and was minded to build himself a house , but when summer returned again , and he had stretched himself out to sleep , he appeared to himself so big that he thought it was neither a necessary nor a small task to construct a house large enough to contain him .	38
109184426	winter	When some commended the frugality of Antipater , who , they said , lived a plain and simple life , he remarked , “ Outwardly Antipater is plain white , but within he is all purple . ” When one of his friends was entertaining him in the cold of winter , and brought in a small brazier with a little Are in it , Alexander bade him bring in either firewood or incense .	50
109185406	winter	Once upon a time in the winter when he had forced a halt in regions lacking provisions , and some of the soldiers were cursing him , not knowing that he was near , he poked open his tent with his stick , and said , “ You ’ll be sorry if you do n’t go farther off to curse me . ”	6
109196876	storm	A great storm arose and the pilots were hesitating , when he , going on board first himself , gave orders to weigh anchor , crying out , “ To sail is a necessity ; to live is not a necessity . ”	2
109198069	storm	At that time he was prevented from crossing , as the storm became violent , and his soldiers quickly gathered about him in a state of high emotion if it could be that he were waiting for other forces because he felt he could not rely on them .	11
109200049	cold_weather	at his age , he went about with no undergarment in such very cold weather , he said , “ So that the young men may imitate , having the oldest men and the officials as an example . ”	13
109215687	winter	In the winter they put beneath their pallets , and intermingled with them , the plant called lycophon , since the material is reputed to possess some warming qualities .	2
109240758	wintertime	For men should be prepared when they act , and not be making their preparations during the action , as Myson , who was fashioning a grain - fork in wintertime , is reported to have remarked to Chilon the Wise .	30
109249906	storm	Of the Aeginetans who were engaged in the war against Troy many perished in the battles there , but even more were destroyed by the storm on the returnvoyage .	25
109258437	winter	For when on the fourth day of January he put out from Brundisium in pursuit of Pompey , though it was the time of the winter solstice , yet he crossed the sea in safety ; for Fortune postponed the season .	25
109258590	winter	Thus firmly was he convinced that Fortune accompanied him on his voyages , his travels , his campaigns , his commands ; Fortune ’s task it was to enjoin calm upon the sea , summer weather upon the winter - time , speed upon the slowest of men , courage upon the most dispirited , and ( more unbelievable than these ) to enjoin flight upon Pompey , and upon Ptolemy the murder of his guest , that Pompey should fall and Caesar should escape the stain of his blood .	38
109259956	winter	For they relate that no famine nor pestilence nor failure of crops nor any unseasonable occurrence in either summer or winter vexed Rome during that time , as if it were not wise human counsel , but divine Fortune that was Rome ’s guardian during those crucial days .	20
109262433	storm	Moreover , there were the trials of the campaign itself : storms , droughts , deep rivers , the heights of the Birdless Rock , the monstrous shapes of savage beasts , an uncivilized manner of life , the constant succession of petty kings and their repeated treachery . Then there were also the difficulties before his expedition : Greece was still gasping over Philip ’s wars ; Thebes , staggering to her feet after her fall , was shaking the dust of Chaeroneia from her arms , and Athens was stretching forth a helping hand to join with Thebes .	11
109269449	storm	But no river was easy to cross , no storm was moderate , no summer ’s heat was without torment .	9
109286202	winter	Moreover , at the time of the winter solstice they lead the cow seven times around the temple of the Sun and this circumambulation is called the Seeking for Osiris , since the Goddess in the winter - time yearns for water ;	36
109289711	winter	Theopompus records that the people who live toward the west believe that the winter is Cronus , the summer Aphrodite , and the spring Persephone ̂ , and that they call them by these names and believe that from Cronus	13
109289737	winter	The Phrygians , believing that the god is asleep in the winter and awake in the summer , sing lullabies for him in the winter and in the summer chants to arouse him , after the manner of bacchic worshippers .	11
109289758	winter	The Paphlagonians assert that in the winter he is bound fast and imprisoned , but that in the spring he bestirs himself and sets himself free again .	6
109301596	winter	Just as the man who constructed the cock upon the hand of Apollo ’s statue showed by suggestion the early morning and the hour of approaching sunrise , so here , one might aver , has been produced in the frogs a token of springtime when the sun begins to dominate the atmosphere and to break up the winter ; that is , if , as you say , we must think of Apollo and the Sun , not as two gods , but as one . ” “ Really , ” said Sarapion , “ do you not think so , and do you imagine that the sun is diiferent from Apollo ? ” “ Yes , ” said I , “ as different as the moon from the sun ; but the moon does not often conceal the sun , nor conceal it from the eyes of all , but the sun has caused all to be quite ignorant of Apollo by diverting the faculty of thought through the faculty of perception from what is to what appears to be . ”	58
109307336	winter	Or , quite the reverse , may we assign the cause to spells of dryness and heat ? In fact , I have heard people say before this regarding fire , that it burns better in the winter , being strongly compacted and condensed by the cold ; whereas in warm , dry times it is very weak and loses its compactness and intensity , and if it burns in the sunlight , it does even worse , and takes hold of the fuel without energy , and consumes it more slowly .	37
109329720	storm	For this reason a ship deserted by her crew in the midst of a storm far out at sea will more easily be able to take on a pilot from the outside , than will a man who is being tossed upon the billows of passion and anger admit the reasoning of another , unless he has his own powers of reason prepared to receive it .	14
109331909	storm	” Magas later captured Philemon , who had been cast ashore by a storm at Paraetonium , and ordered a soldier merely to touch Philemon on the neck with a naked sword and then depart courteously ; and Magas sent dice and a ball to Philemon , as to a senseless child , and sent him on his way .	13
109354174	storm	As , therefore , the storm that prevents a sailor from putting into port is more dangerous than that which does not allow him to sail ,	5
109354187	storm	so those storms of the soul are more serious which do not allow a man to compose or to calm his disturbed reason ; but pilotless	2
109361414	winter	Since , then , there are certain unhealthy and injurious states of mind which allow winter and darkness to enter the soul , it is better to thrust these out and to make a clean sweep to the foundations , thus giving to ourselves a clear sky and light and pure air ; but if that is impossible , it is best at least to interchange and readjust them in some way or other ,	15
109381762	tempest	” For visions in dreams , noon - day apparitions , oracles , descents into hell , and whatever objects else which may be thought to be transmitted from heaven , raise continual tempests and horrors in the very souls of the guilty .	33
109505267	winter	Testimony to the point is what Epameinondas the Great said to the Thebans when in winter weather the Arcadians invited them to come into the city and be quartered in their houses .	15
109532433	winter	He was elected in his own person the first time , but afterwards he entered the name of one of his friends , though he himself administered the office , because a law had previously been introduced forbidding anyone elected treasurer of the public funds to hold the office more than four years ; and he was always intent upon the public business summer and winter .	65
109532957	winter	And although he was well - to - do , he wore one and the same cloak winter and summer and put on sandals only on days when they wTere necessary .	17
102360715	wind	On account of the poisonous hate of Io vengeance from the gods pursues us . I know your consort ’s sky - conquering spite ; for a stormy sea follows a harsh wind .	32
102360771	wind	I know your consort ’s sky - conquering spite ; for a stormy sea follows a harsh wind .	17
102369001	winter	But on that night the god roused winter before its time and froze the stream of sacred Strymon from shore to shore .	7
109649038	tempest	For man ’s mind hath not , like the sea , its tempests and storms only from without it , but it also raises up from within far more and greater disturbances .	12
109655938	tempest	and port , dissolution and insensibility ; just as if in a storm or tempest at sea , some one should , to hearten the rest , stand up and say to them : Gentlemen , the ship hath never a pilot in it , nor will Castor and Pollux come themselves to assuage the violence of the beating waves or to lay the swift careers of the winds ; yet I can assure you there is nothing at all to be dreaded in all this , for the vessel will be immediately swallowed up by the sea , or else will very quickly fall off and be dashed in pieces against the rocks .	14
102376283	storm	You shall learn in truthful speech all that you would like to know . Yet I am ashamed to tell about the storm of calamity sent by Heaven , of the marring of my form , and of the source from which it swooped upon me , wretched that I am .	22
102378854	tempest	But if you will not be won to belief by my words , think of what a tempest and a towering wave of woe shall break upon you past escape .	17
116943634	storm	For when Hercules had taken Troy and was at sea , Hera sent a storm after him ; so Zeus hung her from Olympus .	14
116950659	storm	Sailing by night they encountered a violent storm ,	7
116959500	storm	When Hercules was sailing from Troy , Hera sent grievous storms ,	10
116976104	storm	But Hera sent them a heavy storm which forced them to put in at Sidon .	6
116976802	storm	Departing from Mysia , the Greeks put to sea , and a violent storm coming on , they were separated from each other and landed in their own countries .	13
116979355	storm	When they put to sea , Diomedes , Nestor , and Menelaus in company , the two former had a prosperous voyage , but Menelaus was overtaken by a storm , and after losing the rest of his vessels , arrived with five ships in Egypt .	29
116979587	tempest	and encountered a storm at Tenos ; for Athena entreated Zeus to send a tempest against the Greeks ;	14
116980506	storm	Amphilochus son of Alcmaeon , who , according to some , arrived later at Troy , was driven in the storm to the home of Mopsus ; and , as some say , they fought a single combat for the kingdom , and slew each other .	20
116980904	storm	But some say that Orestes was driven in a storm to the island of Rhodes , G?and in accordance with an oracle the image was dedicated in a fortification wall .	9
102389036	storm	How then do you say rose the storm by the wrath of the gods upon the naval host and passed away ?	7
102389124	storm	But when one comes with glad news of deliverance to a city rejoicing in its happiness — how shall I mix fair with foul in telling of the storm , not unprovoked by the gods ’ wrath , that broke upon the Achaeans ?	28
102389171	hurricane	and they , gored violently by the furious hurricane and rush of pelting rain , were swept out of sight by the whirling gust of an evil shepherd .	8
118296785	autumn	summer or autumn , during the night or by day , whether the action took place during a meeting of the assembly or during a procession or festival ;	2
118297225	winter	Since he divides his history into summers and winters he is often forced to switch to another event that happened in the same season before the whole of an incident is ended ;	8
118297252	winter	then he narrates the rest of the subject as done during another winter or summer .	12
118308216	storm	descriptions of war , peace , a storm , famine , plague , an earthquake ;	7
114989829	tempest	pride , frivolity , envy , passion , carelessness , licentiousness , love , slaves , money , pretense , and all the other like obstacles which exist in life ; thus for the helmsman who takes his course in a quiet journey , the adverse winds and a great tempest and a mighty wave , when the heaven is serene ; for the husbandman , untimely weather and blight and creeping worms appearing from the ground ;	50
114989839	tempest	pride , frivolity , envy , passion , carelessness , licentiousness , love , slaves , money , pretense , and all the other like obstacles which exist in life ; thus for the helmsman who takes his course in a quiet journey , the adverse winds and a great tempest and a mighty wave , when the heaven is serene ; for the husbandman , untimely weather and blight and creeping worms appearing from the ground ;	50
102396531	storm	But I invoke the gods , who know by what storms we are tossed like seafarers .	10
102401828	tempest	Look ! Now again , for the third time , has the tempest of this clan burst on the royal house and run its course .	12
114646726	storm	For when they were providing such a courageous spirit in behalf of the common safety , were making so great a contribution for the use of all , and were themselves everything , and when the fortunes of Greece depended on the city , and when all the others , as in a storm , were taking refuge with the strength of the Athenians and were mooring themselves on the excellence and felicity of the latter , and when , as I have said , the others themselves would not deny that this was the case , the Athenians showed such forbearance and greatness of spirit that they were in the lead in yielding to others the titular leadership and did not contend for it at all , not even [ when ] the most sluggish in temperament , whether directly or through the mouths of others , advanced a claim , and did not utter or come to the point of uttering a word and in general , as far as these questions were concerned , they were seen to resemble the voiceless . Surely in a deeper sense this finally proves full wisdom to reside in them and shows them as the best of all men , both as a nation and individually , and by any test .	53
114650609	storm	With these things settled thus , all the rest of the Hellenes , as soon as they had recovered their breath , were delighted that they had come through a greater storm than they would ever have expected to survive .	31
114655526	storm	Not because of a storm were they defeated ; they did not let that discourage them for the rest of the war , but if it suffices , as it does indeed , to look at what happened on the sea , they routed the Lacedaemonians and prevailed over all the Peloponnesians ; their triremes they captured in part , in part they sank them like a bolt of lightning . And so in combat with their enemies they made this enormous change from the state of siege .	4
119083920	winter	Pan , in good will , gave him this advice : to leave Othrys and pasture his flocks on the plain , for the coming winter was going to be exceptionally and unbelievably severe .	25
119084836	storm	When they reached the narrows of the Black Sea and were sailing past the headland of Arganthone , the waves began to toss in a storm . They dropped anchors and let the ship ride .	25
119087193	storm	He then sailed for Argos but was swept into the Ionian Sea by a storm .	14
101656359	winter	And those who came to him afflicted with congenital sores , or with their limbs wounded by gray bronze or by a far - hurled stone , or with their bodies wasting away from summer ’s fire or winter ’s cold , he released and delivered all of them from their different pains , tending some of them with gentle incantations , others with soothing potions , or by wrapping remedies all around their limbs , and others he set right with surgery .	38
119336346	winter	Among the seasons of the year winter most especially engenders the disease ; next , autumn ; spring , less frequently ;	6
119338832	winter	autumn less , but winter least of all .	4
119340259	winter	next autumn ; spring , less frequently ; winter , least of all .	8
119340524	winter	The season of summer engenders the disease rather than that of spring ; autumn , than winter ; but the summer more than both .	16
119347915	winter	As to seasons , the winter ; next , the spring ; afterwards , the autumn ; least of all , the summer .	5
119350689	winter	or if the winter , they terminate their life towards the autumn .	3
119353989	winter	but autumn indeed conceives it , winter nurses it , spring brings it to its full growth , and summer despatches it .	6
119356834	winter	winter and autumn , stones .	0
119359003	winter	autumn next ; and the coldest season , winter , also , if the heat be almost extinguished .	8
119360651	winter	next in autumn ; less in spring ; least of all in winter .	12
119365183	winter	THE patient ought to be laid in a house of moderate size , and mild temperature -- in a warm situation , if winter , and in one that is cool and humid , if summer ; in spring and autumn ,	23
117324908	tempest	Though well brought up , Dionysius was caught in the tempest and his heart was engulfed . Yet he forced himself to rise above the billows of his passion .	10
117326895	tempest	I saw a boat drifting about in fair weather , laboring under a tempest of its own , and sinking in a calm .	13
115234171	storm	Things that are not of so general a nature , however , are comprehended by those who have by necessity become used to making observations , as , for instance , sailors know the special signs of storms and winds that arise periodically by reason of the aspects of the moon and fixed stars to the sun .	37
115236013	winter	And in general , since such power is the same whether applied to things regarded universally or particularly , one would wonder why all believe in the efficacy of prediction in universal matters , and in its usefulness for guarding one 's interests ( for most people admit that they have foreknowledge of the seasons , of the significance of the constellations , and of the phases of the moon , and take great forethought for safeguarding themselves , always contriving cooling agents against summer and the means of warmth against winter , and in general preparing their own natures with moderation as a goal ; furthermore , to ensure the safety of the seasons and of their sailings they watch the significance of the fixed stars , and , for the beginning of breeding and sowing , the aspects of the moon 's light at its full , and no one ever condemns such practices either as impossible or useless ) ; but , on the other hand , as regards particular matters and those depending upon the mixture of the other qualities -such as predictions of more or less , of cold or of heat , and of the individual temperament -some people believe neither that foreknowledge is still possible nor that precautions can be taken in most instances . And yet , since it is obvious that , if we happen to have cooled ourselves against heat in general , we shall suffer less from it , similar measures can prove effective against particular forces which increase this particular temperament to a disproportionate amount of heat .	91
115239197	winter	Of the four seasons of the year , spring , summer , autumn , and winter , spring exceeds in moisture on account of its diffusion after the cold has passed and warmth is setting in ; the summer , in heat , because of the nearness of the sun to the zenith ; autumn more in dryness , because of the sucking up of the moisture during the hot season just past ;	15
115239402	winter	For this reason , although there is no natural beginning of the zodiac , since it is a circle , they assume that the sign which begins with the vernal equinox , that of Aries , is the starting point of them all , making the excessive moisture of the spring the first part of the zodiac as though it were a living creature , and taking next in order the remaining seasons , because in all creatures the earliest ages , like the spring , have a larger share of moisture and are tender and still delicate . The second age , up to the prime of life , exceeds in heat , like summer ; the third , which is now past the prime and on the verge of decline , has an excess of dryness , like autumn ; and the last , which approaches dissolution , exceeds in its coldness , like winter .	156
115239890	winter	For the sun turns when he is at the beginning of these signs and reverses his latitudinal progress , causing summer in Cancer and winter in Capricorn .	24
115244429	storm	Of the general inquiry itself , a part , again , is found to concern whole countries , and a part to concern cities ; and further , a part deals with the greater and more periodic conditions , such as wars , famines , pestilences , earthquakes , deluges , and the like ; and another with the lesser and more occasional , as for example the changes in temperature in the seasons of the year , and the variations of the intensity of storms , heat , and winds , or of good and bad crops , and so on . But in each of these cases , as is reasonable , procedure , by entire countries and by more important conditions is preferred , for the same reason as before .	85
115249930	storm	As for the rivers and seas , in general he causes storms , the wreck of fleets , disastrous voyages , and the scarcity and death of fish , and in particular the high and ebb tides of the seas and in rivers excessive floods and pollution of their waters .	11
115251566	winter	It seems more proper and natural to me , however , to employ the four starting - points for investigations which deal with the year , observing the syzygies of the sun and moon at new and full moon which most nearly precede them , and among these in particular the . conjunctions at which eclipses take place , so that from the starting - point in Aries we may conjecture what the spring will be like , from that in Cancer the summer , from that in Libra the autumn , and from that in Capricorn the winter .	98
115253026	storm	If at rising or setting it is dark or livid , being accompanied by clouds , or if it has halos about it on one side , or the parheliac clouds on both sides , and gives forth either livid or dusky rays , it signifies storms and rain .	46
115253102	storm	If it is observed to be dark , or pale , and thick , it signifies storms and rains .	16
115253141	storm	For if there is one , and this is clear , and gradually fading , it signifies fair weather ; if there are two or three , storms ; if they are yellowish , and broken , as it were , storms accompanied by heavy winds ; if they are thick and misty , snowstorms ; pale , or dusky , and broken , storms with both winds and snow ; and the more of them there are the more severe the storms .	27
115253362	storm	Whenever , of the stars called the Asses on each side of Praesepe , the one to the north becomes invisible , it means that the north wind will blow , and the one to the south , the south wind . Of occasional phenomena in the upper atmosphere , comets generally foretell droughts or winds , and the larger the number of parts that are found in their heads and the greater their size , the more severe the winds . Rushing and shooting stars , if they come from one angle , denote the wind from that direction , but if from opposite angles , a confusion of winds , and if from all four angles , storms of all kinds , including thunder , lightning , and the like .	119
115253383	storm	Similarly clouds resembling flocks of wool are sometimes significant of storms .	10
115253391	storm	And the rainbows that appear from time to time signify storms after clear weather and clear weather after storms .	10
115253399	storm	And the rainbows that appear from time to time signify storms after clear weather and clear weather after storms .	18
101669706	winter	he journeyed as far as Phasis in the summer , and in the winter sailed to the banks of the Nile .	13
101671622	storm	but now the holder of the earth has sent me calm after the storm .	13
110289269	winter	Without shoes and covered with only a single skin in winter as well as summer , they sleep on the earth under the open heaven !	10
110399895	winter	This is most easily recognized in winter in those who are doing no work but are carousing , especially if the wine be thin and diffusable ;	6
110407766	winter	the Cold , the Dry and the Moist , and how he says that among these the Warm is the most active , and that those animals which are by nature warmest have abundance of blood , whilst those that are colder are entirely lacking in blood , and consequently in winter lie idle and motionless , lurking in holes like corpses .	51
111158142	winter	In the same way too , if you light a fire in a large house in winter but obstruct its outlets , you will accumulate the heat within , whereas , if you allow it to be opened to all sides , you will have none left .	16
111159520	winter	And if the ambient air is extremely cold — a particular example is around the Danube during winter — not only will you see a lamp in the open air immediately extinguished , but also any other small fire .	17
112394653	storm	I think Andromachus called theriac “ Galene ” in the verses set out above because out of the storm caused by illness it produces the calm , so to speak , of health in the body .	18
112396712	winter	And I especially advise you to take the antidote on your travels when you make a journey in winter when the air is cold .	18
112398686	storm	and sometimes even the oracles are silent and sometimes because of storms we can not put to sea .	11
112413582	storm	Consider , then , what inevitably happens to many who come thus prepared or with a pure regard for truth , not for its externals but for itself alone . As soon as they experience the injustice which has taken hold of modern life and realise clearly that they are going to be of no use to mankind , they desert the popular rabble and seek to save at least themselves ‘ as if in a great storm and raging tempest ’ .	77
112414641	winter	When he demanded a reason for my statement , I said that the disease was still unconcocted and that , although the medicine might be able to disturb an unconcocted bad humour , especially at the beginning of winter , it could in no way concoct it completely or disperse it .	38
112415220	winter	Thoroughly exhausted by the three quartans , he was given up for lost by his doctors as it was already , I think , mid - winter .	26
112415331	winter	On this occasion I was ridiculed by Antigenes , one of the pupils of Quintus and an associate also of Marinus , who was considered to be the leader of the physicians and who treated all the most influential people . For some reason or other , he scornfully told my supporters that they would soon realise whom they were supporting when they saw Eudemus being carried out . He addressed these remarks to the laity present , occasionally breaking off his argument and glancing at the doctors to say , “ Look at Eudemus : he is in his sixty third year ; he has had three quartan attacks in mid - winter ; and Galen promises to cure him . ”	113
112416252	wintertime	He has cured me of three quartan fevers , to which I succumbed after drinking theriac medicine at the wrong time . When the time for it was right , although they said nothing , this man gave it me and cured me , despite being scoffed at by them for presuming to cure an old man of three quartans in wintertime . ”	61
112421445	winter	But at mid - winter Lucius was translated to his place among the gods and his brother ( Marcus ) brought his body toRomeand performed all the customary rites for him . He still continued with his German campaign , telling me to accompany him as well .	4
112433511	storm	For who does not know that ailments occur , when someone goes outside in the excessively strong winter storms ,	18
112436255	storm	And earth , according to its own manner , is cold in the extreme , but the fig - tree has a great deal of heat , by which it lives , and on this account , even when it is chilled in winter storms , it does not die .	44
112438371	winter	And all these things will happen for you every day and night , in winter and in summer , as long as he is still able to draw breath into himself and breathe it back out , or until he lacks one of the elements born into him .	14
112440145	winter	" Phlegm increases in man in winter .	6
112440150	winter	For , of the things in the body , this is the most like winter by nature , since it is coldest .	14
112440232	winter	That winter fills the body with phlegm you may know by these observations :	1
112440250	winter	men spit and cough up the most phlegm - ish matter in the winter and their swellings become particularly white in this season and the other diseases become more phlegm - ish . "	13
112440318	winter	Swellings become more white in the winter	6
112440346	winter	And , of course , fevers , just as they are more bile - ish in the summer , so are more phlegm - ish in the winter .	27
112441085	winter	" When winter takes over , the bile , being chilled , becomes less , and the phlegm increases again from the abundance of rain and from the length of the nights . "	2
112441143	winter	and on this account names phlegm , cold and wet , as corresponding to winter , and blood , hot and wet , just like spring ,	14
112441203	winter	and now he gives the reason why phlegm is plentiful in the winter : "	12
112441357	winter	So , if winter is wet and cold , then phlegm , being wet and cold , logically increases then .	3
112441515	winter	Better yet would be an investigation which is omitted by commentators on this book , namely an investigation concerning phlegm being wet and cold in composition and also generated in winter .	30
112441542	winter	the belly is by nature the hottest in the winter and spring , and sleep is the longest .	9
112441590	winter	And again , " in the summer and autumn , foods are the most difficult to digest , in the winter the easiest , and in the spring the second easiest . "	20
112441619	winter	If this is true , and we know that phlegm is a cold humor , and not well - balanced like blood , how does it become plentiful in winter ?	29
112441652	winter	To me it seems to be this : the belly is hottest in winter with a heat by nature , that is , it is the best balanced ,	13
112441670	winter	but parts of the body are more cold in winter :	9
112441775	winter	And the abundance of meat , which is served in the winter , enters in this way , along with the more phlegm - ish qualities .	11
112441786	winter	For people eat a great deal of pulse in the winter , and much more bread than in the other seasons , and wheat flour and honey cakes and thin cakes , and many turnips and meats -some clearly phlegm - ish , like mutton , and some only if not well - prepared , like pork and especially suckling pig . And through the entire winter people also eat vegetable bulbs and shellfish and eggs and cheese and many other phlegm - ish foods like these .	10
112441852	winter	For people eat a great deal of pulse in the winter , and much more bread than in the other seasons , and wheat flour and honey cakes and thin cakes , and many turnips and meats -some clearly phlegm - ish , like mutton , and some only if not well - prepared , like pork and especially suckling pig . And through the entire winter people also eat vegetable bulbs and shellfish and eggs and cheese and many other phlegm - ish foods like these .	66
112441882	winter	And most people also drink new wine which is suitable to the creation of phlegm , so that phlegm increases for these reasons in the winter .	25
112442240	winter	For the entire year does not have a share in them all based on predominance , but has a share in them as element - like things : winter is entirely of wet and cold , and summer of the opposite , of dry and hot , and each of the other two seasons in opposition to each other , the one wet and hot , and the other cold and dry .	28
112442330	winter	For when it is summer , there is no winter ; when winter , no summer ; and when it is spring , no autumn ; and when autumn , no spring .	9
112442333	winter	For when it is summer , there is no winter ; when winter , no summer ; and when it is spring , no autumn ; and when autumn , no spring .	12
112443072	winter	" In the year , sometimes winter prevails , then spring , then summer , then autumn .	6
112443197	winter	This is clearly a passage written by a man trying to show that , just as in the year sometimes wetness and cold prevail , and such a season is called winter , then wetness and heat , when it is spring , then dryness and heat , which is named summer , and last after them the dry and cold in autumn - so also in man phlegm , the cold wet humor , dominates in the winter , and blood ,	31
112443266	winter	" The clearest proof is if you wish to give to the same man the same medicine four times in a year -he will vomit for you the most phlegm - ish matter in the winter , the most liquid in the spring , the most bile - ish in the summer and the blackest in the autumn . "	35
112443316	winter	He says that the " clearest proof " of the previous claim , according to which a given humor seems to prevail in each season of the year , is that when an emetic medicine is given to the same man four times , the vomited matter is most phlegm - ish in the winter , most liquid in the spring , most bile - ish in the summer and blackest in the autumn .	54
112443352	winter	" And indeed it is necessarily so that these things are thus ; that whatever diseases increase in winter become weaker in summer , and those that increase in summer , abate in winter -as long as they are diseases which are not recovered from in a matter of days alone .	18
112443363	winter	" And indeed it is necessarily so that these things are thus ; that whatever diseases increase in winter become weaker in summer , and those that increase in summer , abate in winter -as long as they are diseases which are not recovered from in a matter of days alone .	33
120841374	winter	For this world is winter for the righteous and they are not apparent , though they are living with sinners .	4
120841389	winter	For just as in the winter the trees which have shed their leaves are alike , and it is not apparent which are dry and which are alive , so in this world neither the righteous nor the sinners are apparent , but all are alike . ”	5
120841501	winter	for the world to come is summer for the righteous , but winter for the sinners .	12
102424102	winter	Such things should be said beside the fire in winter - time when a man reclines full - fed on a soft couch drinking the sweet wine and munching chick - pease , — such things as Who	9
101266456	tempest	Others meet with misfortune . They may be buffeted by a tempest ; but calm weather returns and they are buffeted no longer .	11
117966144	storm	This is the storm 's doing , not my goats ' .	3
117966455	winter	Winter was far too near for it to be safe to entrust a larger fleet to the sea .	0
117966638	weather	With their ship filled with all sorts of plunder , they did n't think it a good idea to sail farther but reversed their course homeward , fearing both the weather and the enemy .	30
117969601	winter	Winter , however , proved to be far more bitter for Daphnis and Chloe than war .	0
117969747	winter	Since they had no choice but to remain inside , the other farmers and shepherds were content to be released from their toils for a little while and to eat a meal in the morning and at night and sleep late so that the winter appeared to be nicer for them than the other seasons , including spring .	44
117970275	winter	I 'll see Chloe in the spring , since I 'm destined not to set eyes on her all the winter long . "	20
117970998	winter	They gave him the pigeons and blackbirds , since they were going to hunt for more as long as it was winter and the ivy held out .	21
117971038	winter	But he came often afterwards , on different pretexts , so that the winter did not turn out to be utterly loveless .	13
117975738	winter	While Eudromos was getting to dash off to the city , Daphnis gave him several gifts , among which were things from his herds , some hard cheeses , a newly born kid , and a hide of shaggy white goat for something more to wear while running in the winter .	50
113322961	winter	There are also flies of very large size , called generally soldier - flies , or dog - flies ; these have a hoarse buzz , a very rapid flight , and quite long lives ; they last the winter through without food , mostly in sheltered nooks below the roof ; the most remarkable fact about these is that they are hermaphrodites .	39
113326614	midwinter	These are they who will pay a long price for an entree ; whose floors are sprinkled with wine and saffron and spices ; who in midwinter smother themselves in roses , ay , for roses are scarce , and out of season , and altogether desirable ; but let a thing come in its due course , and oh , ’ tis vile , ’ tis contemptible . These are they whose drink is of costly essences . ’ He had no mercy on them here .	26
113330007	winter	When he once had a winter voyage to make , a friend asked how he liked the thought of being capsized and becoming food for fishes .	5
113343368	storm	I told him all as it had passed , the storm , the island , the airy voyage , the war , and so to our descent into the whale .	10
113351074	storm	But while we were deliberating , a great storm arose , which dashed us , a complete wreck , on the shore .	8
101274868	storm	In the course of it , we happened to meet with a storm which forced us to put in at a place within the territory of Methymna , where the boat on to which Herodes transhipped , and on which the prosecution maintain that he met his end , lay at anchor .	12
113364177	winter	And from what I can learn there is no collecting of debts in this country , and no taxes ; better still , no shivering in winter , no sickness , no hard knocks from one ’s betters .	26
113364859	winter	Never again shall I sit empty from morn till night ; never again walk up and down , of a winter ’s day , naked , unshod , with chattering teeth !	20
113390048	winter	As he went , he put questions to me about earthly affairs , beginning with , What was wheat a quarter in Greece ? had we suffered much from cold last winter ? and did the vegetables want more rain ?	31
113391366	winter	‘ Ask one of these brawling bawling censors , And what do you do ? in God ’s name , what shall we call your contribution to progress ? and he would reply , if conscience and truth were anything to him : I consider it superfluous to sail the sea or till the earth or fight for my country or follow a trade ; but I have a loud voice and a dirty body ; I eschew warm water and go barefoot through the winter ; I am a Momus who can always pick holes in other people ’s coats ; if a rich man keeps a costly table or a mistress , I make it my business to be properly horrified ; but if my familiar friend is lying sick , in need of help and care , I am not aware of it .	85
113396760	winter	If another be swept past me by a winter torrent , and stretch out his hands for aid , then let mine press him down head under , that he never rise again .	8
113400045	gale	There was a pretty stiff gale on at the time , too .	5
113400096	squall	You see , he began singing a song about Posidon , which boded no good to us mariners , — how Posidon gathered the clouds , and stirred the depths with his trident , as with a ladle , and roused the whirlwind , and a good deal more ( enough to raise a storm of itself ) , — when suddenly there came a black squall which nearly capsized the boat . The poet was extremely ill , and disgorged such an avalanche of minstrelsy ( Scylla , Charybdis , the Cyclops , all came up bodily ) ,	66
113447379	storm	It is otherwise with those whose narrative is of domestic storms , of billows rising mountain high ( if so I may phrase it ) within four walls . They tell us of the seductive calm that first lured them on to those waters , of the sufferings they endured throughout the voyage , the thirst , the sea - sickness , the briny drenchings ; and how at last their luckless craft went to pieces upon some hidden reef or at the foot of some steep crag , leaving them to swim for it , and to land naked and utterly destitute . All this they tell us : but I have ever suspected them of having convenient lapses of memory , and omitting the worst part for very shame .	10
102411956	storm	and eagerly reach unhoped - for dry land — in such a way , when the Trojans heard that the spearman Achilles was remaining in his tent because of the golden - haired woman Briseis with lovely limbs , they raised their arms to the gods , seeing a bright gleam from out of the storm .	55
113506879	storm	than a tremendous storm overtook them .	3
113545538	winter	Their favourite recitation was the Andromeda of Euripides ; one after another would go through the great speech of Perseus ; the whole place was full of pale ghosts , who were our seventh - day tragedians vociferating , O Love , who lord’st it over Gods and men , and the rest of it . This continued for some time , till the coming of winter put an end to their madness with a sharp frost .	66
113624520	winter	Do n’t you understand , daughter , that we ’re penniless ? Do you forget how much he has given us , and how we ’d have had to pass the last winter , if Aphrodite had n’t sent him to us ?	32
118005587	storm	Look down from above on the countless herds of men and their countless solemnities , and the infinitely varied voyagings in storms and calms , and the differences among those who are born , who live together ,	21
118012623	winter	To look for the fig in winter is a mad -	6
118174239	winter	this has muddy water in the summer but in winter it is beautiful and transparent .	9
115558490	winter	When the winter was over , Demetrius sailed to Cyprus and overcame in a naval action Menelaus , the satrap of Ptolemy , and afterwards Ptolemy him self , who had crossed to bring help .	2
115577660	storm	There a crest broke away in a storm , and there appeared bones the shape of which led one to suppose that they were human , but from their size one would never have thought it .	7
115598503	storm	goats had gathered there to escape from the storm .	8
115598526	storm	When the storm was over and the Argives , having refitted their ships , were returning home , they took with them the wooden image from the cave , and continue to honor it to the present day .	2
115605161	storm	Within this enclosure is a temple of Apollo Seafaring , an offering of Diomedes for having weathered the storm that came upon the Greeks as they were returning from Troy .	18
115628613	winter	The sea will not move them , though in winter - time it washes over the rock , which is wonderful .	9
115628776	winter	Water flows through the grove in winter - time , but the leaves which are shaken from the trees by the wind would not be carried away by the water even in flood .	6
115640544	winter	” He reckons winters and summers , by “ green herbs ” meaning the green corn or the time just before harvest .	3
115653149	storm	For Caphereus in Euboea is famous since the storm that here befell the Greeks with Agamemnon on their voyage from Troy .	8
115662112	storm	As they were returning home , the ship carrying the bone of Pelops was wrecked off Euboea in the storm .	19
115667725	winter	Lying in a completely sheltered spot the corpse would suffer harm neither from the heat of summer nor from the frost of winter .	22
115692728	winter	These creatures are reared by the Seres , who build them houses adapted for winter and for summer .	14
115710777	winter	Warnings , usually the same in all cases , are wo nt to be sent by the god before violent and far - reaching earthquakes . Either continuous storms of rain or else continuous droughts occur before earthquakes for an unusual length of time , and the weather is unseasonable . In winter it turns too hot , and in summer along with a tendency to haze the orb of the sun presents an unusual color , slightly inclining to red or else to black .	52
115711173	winter	This was the type of earthquake , they say , that on the occasion referred to levelled Helice to the ground , and that it was accompanied by another disaster in the season of winter .	34
115716363	storm	After the capture of Troy the storm that overtook the Greeks on their return home carried Agapenor and the Arcadian fleet to Cyprus , and so Agapenor became the founder of Paphos , and built the sanctuary of Aphrodite at Palaepaphos ( Old Paphos ) .	6
115725033	winter	The most notable things here include a sanctuary of Dionysus , to whom they hold a feast in the winter , at which men smeared with grease take up from a herd of cattle a bull , whichever one the god suggest to them , and carry it to the sanctuary .	19
115725922	winter	In winter the spring makes a small lake in Stymphalus , and the river Stymphalus issues from the lake ;	1
115730812	winter	The Danube , Rhine , Hypanis , Borysthenes , and all rivers the streams of which freeze in winter , as they flow through land on which there is snow the greater part of the time , while the air about them is full of frost , might in my opinion rightly be called wintry ;	18
115730869	winter	I call the water cold of those which flow through a land with a good climate and in summer have water refreshing to drink and to bathe in , without being painful in winter .	33
115736766	winter	from Hagno a spring on Mount Lycaeus , which like the Danube flows with an equal volume of water in winter just as in the season of summer .	20
115757893	winter	According to the Boeotians there were once other inhabited towns near the lake , Athens and Eleusis , but there occurred a flood one winter which destroyed them .	24
115766418	winter	The lake at all times covers the greater part of the Orchomenian territory , but in the winter season , after the south - west wind has generally prevailed , the water spreads over a yet greater extent of the territory .	17
115772715	storm	Such of the inhabitants as were able to escape the storm were led by the howls of wolves to safety on the top of Parnassus , being led on their way by these beasts , and on this account they called the city that they founded Lycoreia ( Mountainwolf - city ) .	10
115781201	storm	When the fleet of Xerxes was attacked by a violent storm off Mount Pelion , father and daughter completed its destruction by dragging away under the sea the anchors and any other security the triremes had .	10
115792835	winter	Lilaea is a winter day 's journey distant from Delphi ; we estimated the length of the road , which goes across and down Parnassus , to be one hundred and eighty stades .	3
115793049	winter	but Mount Parnassus prevents the winter from being correspondingly mild .	5
115794779	winter	This is their sole supply , both for drinking and for washing ; from no other source can they get water , save only from the winter rains .	26
118179935	storm	In Messene not many years ago , as Apollonios says , it happened that a storage jar made of stone broke apart in a powerful storm when it was pounded by much water , and there came out of it the triple head of a human body .	25
118634736	storm	But the vessel was forced by a storm to Naxos , which was at that time being attacked by the Athenians . Themistocles in alarm went to the master , and revealed who he was .	7
118644728	winter	The Athenians , because winter was now approaching and they did not care for a tedious winter campaign , raised the siege and disbanded their army .	4
118649963	winter	In a winter campaign , when his army was poorly clothed and fed , Iphicrates saw that there was a favourable opportunity for a battle ; but his troops , because of the hardships they had suffered , were ill - disposed towards fighting .	2
118654278	weather	When he was in Thrace , and the weather was very severe , Chares observed that his men were reluctant to use all their clothes and , benumbed with cold , did not show their usual alertness in carrying out his orders . He therefore ordered them to change clothes with each other . The soldiers were then no longer concerned to spare another 's clothes , as they had done their own .	8
118682793	winter	The troops showed no disposition to march there , and did not trouble him for the rest of the winter about their arrears .	19
118695130	storm	But the ship had scarcely got under sail , when a violent storm arose , which drove them to Rhium , a town in Achaea .	12
113305474	winter	However life was terribly hard for me ; in the first place it was now winter , and he could not afford bedding for himself , much less for me , and I had to tread unshod on damp clay or hard , sharp ice , while all that either of us had to eat was bitter , rough lettuces .	15
100503624	storm	My children , we are even as those mariners , who have escaped the storm ’s relentless rage , and have the land almost within their reach , but after all are driven back from shore by tempests to the deep again .	14
116319835	storm	This was the ninth month : on the twentieth day of the month all the people sat down in the street of the house of the Lord , because of their alarm concerning the word , and because of the storm .	40
121352283	tempest	Sometimes they themselves disturb the habit of the body by a tempest of folly ;	11
116771999	winter	It lays its eggs about mid - winter ; nevertheless , the sky is calm and brings fine weather , and it is at this season of the year that we enjoy ' halcyon days . '	7
116776434	winter	Especially in the winter does it do this .	3
116779189	winter	This is a device on the part of these excellent and thrifty housekeepers to prevent the intact grain from putting out shoots and sprouting afresh when the rains have surrounded them , and to preserve themselves in that ease from falling victims during the winter to want of food and to famine , and their zeal from being blunted . ;	44
116783525	winter	And after spending a winter like spring , when again conditions are becoming tolerably settled and the sky is calm , . they return .	4
116785201	winter	I learn further that Storks migrate along with Cranes and all together avoid the winter .	14
116786726	winter	On mount Pierus in Thessaly there is a lake ; it is not perennial but is created in winter by the waters which flow together into it .	18
116794208	winter	In the winter season you will not see it abroad and free , but at the occurrence of the summer solstice , that is when it will appear .	2
116795454	winter	For instance , they can tell when winter is coming , and they take the most careful precautions against an impending snowfall ,	7
116798424	winter	All through the winter it likes to remain at home in its caverns ,	3
116801249	storm	Later , when it grows calm , they let themselves go and are free again to swim about , having learnt what is by no means to be despised , viz . , how to avoid a storm and to escape from danger .	37
116804099	winter	It gives birth in the winter time , and having done so , hibernates ; and as it dreads the frosts it awaits the coming of spring , and would never bring its cubs out until three full months have passed .	5
116813144	storm	I learn from Aristotle that cranes flying in to land from the sea indicate to the intelligent man that a violent storm is threatening .	21
116813194	storm	And if they ( fly in from the sea ) ? uttering their cries and confusing their order in their agitation , there again they are threatening a heavy storm .	29
116813241	storm	whereas if the weather is fair and the owl hoots softly , you must expect storms .	15
116813258	storm	If a raven croaks volubly and pecks and shakes its wings , it is the first to observe that a storm is coming .	20
116813275	storm	Again , if the raven , the crow , and the jackdaw utter their cries in the late afternoon , they teach us that we shall have a visitation by a storm .	31
116813329	storm	If birds appear in great numbers and they are white , it is a certain indication that there will be heavy storms .	21
116813369	storm	If the robin comes to cattle - sheds and houses , he is clearly trying to escape from a coming storm .	20
116813401	storm	If during a storm birds fly towards one another and in and out it is a sign of fine weather .	3
116813424	storm	When birds congregate about meres and on river banks , they know that a storm is coming .	14
116813444	storm	On the other hand when birds of the sea and lake come in to land , they know that there will be a heavy storm , whereas land birds hastening to moist places are heralds of fine weather , if , that is , they make no sound .	24
116813564	storm	And Hipparchus in the reign of Hiero the tyrant was sitting in the theatre wearing a leathern jerkin , and astonished people by knowing in advance out of the clear weather then prevalent that a storm was coming .	35
116813672	storm	And if oxen eat copiously and more than is their custom , it portends a storm .	15
116813683	storm	When sheep dig the ground with their hoofs , it is likely to mean a storm ; and if the rams mount them early in the day , it promises an early storm ;	15
116813691	storm	When sheep dig the ground with their hoofs , it is likely to mean a storm ; and if the rams mount them early in the day , it promises an early storm ;	32
116813736	storm	But when martens squeak and mice likewise , they are conjecturing that there will be a violent storm .	17
116813750	storm	When wolves quit lonely places and make straight for inhabited districts , they show thereby that they dread the onslaught of a coming storm .	23
116813781	storm	And if beasts of burden gambol and low more than is their custom , it shows that storm and rain are on their way ;	17
116825614	winter	and this in winter becomes intensely cold	3
116826621	winter	You see , after hibernating through the winter in some dark hole , it is short - sighted .	7
116829395	winter	For in whatever place the beginning of winter overtakes these fish , there they are glad to remain at rest without stirring , and there they stay until the coming of the equinox .	7
116829742	winter	At any rate at the beginning of winter they escape from the frosts and remain at rest and are glad by so remaining to keep warm , sharing their warmth in brotherly fashion .	7
116830726	winter	In the severest winter when the sea is stormy Fish it and the winds are blowing fierce and strong , Fish dread their native and beloved sea .	3
116832050	winter	It appears that Fish are not eager for sexual intercourse at the same season , but some couple in spring , others feel the urge in summer , others in the autumn , in others again the aforesaid desire is gradually kindled during the winter .	44
116848902	winter	The blackbird sings in summertime , but in winter it utters a chattering and confused sound , and changing its colour like a garment , from being black is light brown .	8
116848926	winter	And the thrush in winter appears somewhat speckled , whereas in summer it displays a mottled neck .	4
116848975	winter	according to Aristotle , are hairless throughout the summer but in winter have thick coats .	11
116849777	winter	Thenceforward it moves around , a vagabond and wanderer , living in distress beneath the open sky throughout summer and winter ; none of its mates goes near it any more , nor do those which it has begotten recognise their sire .	20
116854330	winter	During the winter it makes its bed in sunny spots ,	2
116857309	winter	He also says that in winter the Hare 's scent is perceptible for a long time because of the length of the nights , but in summer this is so no more , for the opposite reason .	5
116860966	winter	Thus , in the severest winters their hide keeps out the cold for herdsmen : and woodcutters , while those famous horns of theirs are useful in summer time for drawing water	5
116864050	winter	But when winter is over and spring is beginning and the Ister is flowing freely , it hates to be inactive and , swimming up to the surface , takes its fill of the foam on the water , and there is foam in abundance as the stream roars	2
116865786	storm	Male and female alike pounce upon dead bodies and feed on them , indeed they even seize living men , and with the wave caused by their swimming , since they are large and of immense bulk , they even overturn vessels , such a storm do they unaided raise against them .	45
116865813	storm	And they even snatch men standing on the shore close at hand . The inhabitants of Corsica tell how , when a ship was wrecked in a storm , a man who was a very strong swimmer managed to swim over a wide expanse of sea and to secure a hold On some hea , dland in their country ; he climbed out and stood there , all fear banished , for he Was now free from all perils , with no anxiety for his life , his own master .	27
116876465	winter	From the summer solstice up to mid - winter herds of cattle come roaming ; like a swarm of bees or a wasps ' nest that has been disturbed these cattle are past numbering .	8
116907271	tempest	but driven thither by tempest :	4
116910470	storm	Aristippus being in a great storm at sea ,	5
116911095	winter	Anaxarchus when he accompanied Alexander in the wars , the winter coming on , foreseeing that Alexander would encamp in a place destitute of wood , buried all his vessels and other utensils in his tent , and laded his carriages with wood .	10
118924803	storm	The storm lasted for three days : the north winds blew violently from the headlands towards the open ; the blackening sea grew rough , the waters were white with foam ; the billows everywhere broke over each other , some dashing against the rocks , while others swelled and burst .	1
118925020	weather	but for several days , if bad weather should come on .	7
118930805	winter	The winter is very severe this year , and no one is able to go out .	1
118938863	winter	I have never experienced so severe a winter in Attica .	7
109681297	winter	And in the same manner Gellias of Agrigentum , being a very hospitable man , and very attentive to all his guests , gave a tunic and cloak to every one of five hundred horsemen who once came to him from Gela in the winter season .	44
109681747	winter	“ Winter produces this , that summer bears ; ” says the bard of Syracuse .	1
109696677	storm	Timæus of Tauromenium relates that there was a certain house at Agrigentum called the Trireme , on this account : — Some young men got drunk in it , and got so mad when excited by the wine , as to think that they were sailing in a trireme , and that they were being tossed about on the sea m a violent storm ; and so completely did they lose their senses , that they threw all the furniture , and all the sofas and chairs and beds , out of window , as if they were throwing them into the sea , fancying that the captain had ordered them to lighten the ship because of the storm .	118
109696723	storm	And though a crowd collected round the house and began to plunder what was thrown out , even that did not cure the young men of their frenzy . And the next day , when the prætors came to the house , there were the young men still lying , sea - sick as they said ; and , when the magistrates questioned them , they replied that they had been in great danger from a storm , and had consequently been compelled to lighten the ship by throwing all their superfluous cargo into the sea .	76
109698747	winter	And the waters near the mines in Pangæum , in winter , weigh ninety - six drachms to half a pint , but in summer they only weigh forty - six .	10
109700454	winter	And besides this , and before he bathes , he should drink water , as being an excellent thing,—drinking warm water usually in winter and spring , and cold water in summer , in order not to weaken the stomach . But he should only drink in moderation before the bath or the gymnasium , for the sake of diffusing what he drinks throughout his system beforehand , and in order to prevent the unmixed strength of wine from having too much effect on his extremities .	23
109700888	winter	and sweet , and are able to bear very little wine , and are warm in winter and cold in summer . ”	16
109704666	winter	“ These are what one should talk of near the fire , In winter season , on soft couch reclined , After a plenteous meal , drinking rich wine ,	13
109708648	winter	But Theophrastus says , in his treatise about Animals which live in Holes — “ Snails live in holes during the winter , and still more in the summer , on which account they are seen in the greatest numbers during the autumn rains .	21
109716256	summer	Diphilus of Siphnos says , that of figs some are tender , and not very nutritious , but full of bad juice , nevertheless easily secreted , and rising easily to the surface ; and that these are more easily managed than the dry figs ; but that those which are in season in the winter , being ripened by artificial means , are very inferior : but that the best are those which are ripe at the height of the summer , as being ripened naturally ; and these have a great deal of juice ; and those which are not so juicy are still good for the stomach ,	81
109719979	winter	But in the fifth book of his treatise on the Parts of Animals , Aristotle says , “ The purple - fish are born about spring , and the ceryces at the end of the winter .	35
109720042	winter	And altogether , ” says he , “ all shell - fish appear in the spring to have what are called eggs ; and in the autumn , too , except those kinds of sea - urchins which are good to eat . And these fish indeed have eggs in the greatest number at those seasons , but they are never without them ; and they have them in the greatest numbers at the time of full moon , and in the warm weather , with the exception of those fish which are found in the Euripus of the Pyrrhæans ; for they are best in the winter , and they are small , but full of eggs .	107
109722700	storm	And they say that when there is a long continuance of thunder - storms , and heavy falls of rain , then the pinna produces most young , and then , too , the greatest quantity of pearls is engendered , and those , too , of the finest size and quality .	13
109724694	winter	For first of all we will be crushed ( he used the word meaning to say we will rub ourselves well ) , and then we will be utterly destroyed ( his word was and he meant to say we will have a bath ) . ” And this same sophist , in the month of February , as the Romans call it , ( and Juba the Mauritanian says that this month has its name from the terrors caused by the spirits under the earth , and from the means used to get rid of those fears , at which season the greatest severity of winter occurs , and it is the custom of them to offer libations for many days to those who are dead :) in the month of February , I say , he said to one of his friends — “ It is a long time since you have seen me , because of the heat . ”	106
109726504	summer	For a cook must know , ( I speak the words of sober truth , my friend , ) How great the difference is in summer time Between the glaucisk of the winter - season ;	25
109739839	winter	One sort they wash and dry in the north wind , A friend to winter and to idle servants :	14
109750776	winter	But take in winter lentil - macaroni — Bah ! bah !	3
109767020	winter	On which account , though this entertainment took place in the middle of winter , still there was a show of flowers which was quite incredible to the foreigners . For flowers of which one could not easily have found enough to make one chaplet in any other city were supplied in the greatest abundance here , to make chaplets for every one of the guests at this entertainment , and were strewed thickly over the whole floor of the tent ; so as really to give the appearance of a most divine meadow .	13
109774107	storm	" Now when all Asia had revolted to the King , Athenio set out to return to Athens ; and being tossed about by a storm he was driven to Carystus .	25
109785369	night	For standing cold and chattering all the day , A second grasshopper ; in hating oil He 's dust ; for walking barefoot in the morning , A crane ; for passing sleepless nights , a bat . ”	33
109794475	winter	And they established a court of justice outside the walls , before the gates ; and there they tried all actions , sitting as judges , clothed in purple cloaks , and in tunics with purple borders , and they wore sandals with many slits in them during the hot weather ; but in winter they always walked about in women 's shoes ; and they let their hair grow , and took great care of it so as to have ringlets , dividing it on the top of their head with fillets of yellow and purple .	54
109804358	winter	” And Ananius speaks as follows : — “ For spring the chromius is best ; The anthias in winter : But of all fish the daintiest Is a young shrimp in fig leaves .	19
109810541	storm	And becoming a god in consequence , when a storm came , he , in accordance with the will of Jupiter , threw himself into the sea .	9
109811090	storm	on which account , also , they are often choked during storms , when the water is disturbed by heavy gales .	11
109819699	winter	“ The polypus propagates his species in the winter , and brings forth in the spring ;	8
109820833	winter	And Archestratus says , in his Gastronomy , — “ Seek now a scarus , fresh from Ephesus , And in the winter season eat a mullet Caught in the waves of sandy Teichioussa , A village of Miletus , near the Carians , The crooked - footed Carians .	22
109822420	storm	It is said , too , that when a storm comes , they seize hold of the rocks with their proboscises , as if they were anchors , and so fix themselves firm .	9
109826017	winter	And this very same philosopher has also told us about those that are congealed in ice the whole winter , so that they have no feeling whatever , and make not the slightest motion , until they are put into the saucepans and boiled .	18
109829139	tempest	The same Dorion , ridiculing the description of a tempest in the Nautilus of Timotheus , said that he had seen a more formidable storm in a boiling saucepan .	9
109829146	storm	The same Dorion , ridiculing the description of a tempest in the Nautilus of Timotheus , said that he had seen a more formidable storm in a boiling saucepan .	24
109829459	tempest	But now , besides that pair of stormy winds , We 've a third tempest risen in Phayllus ;	14
109834917	winter	And at another time he said — , “ In Aenus there are eight months of cold and four of winter . ”	20
109844501	winter	But as gourds were served round to us in the winter season , every one marvelled , thinking that they were fresh gourds ; and we recollected what the beautiful Aristophanes said in his Seasons , praising the glorious Athens in these lines : —	10
109844534	winter	“ A. There you shall at mid - winter see Cucumbers , gourds , and grapes , and apples , And wreaths of fragrant violets Cover'd with dust , as if in summer .	8
109845108	winter	“ Going in pursuit of birds ( ) in the severest winter . ”	11
109853173	winter	And Alexander the Myndian says that there are two kinds of sparrows , the one a tame species , and the other a wild one ; and he adds that the hen - sparrow is weaker in other respects , and also that their beaks are of a more horny colour , and that their faces are not very white , nor very black ; but Aristotle says that the cock - sparrow never appears in the winter , but that the hen - sparrows remain , drawing his conclusions as to what he thinks probable from their colour ; for their colour changes , as the colour of blackbirds and of coots does ,	77
109854264	winter	And this last is only seen in the summer , and during the winter it keeps in its hole .	13
109854547	winter	But Alexander the Myndian says , that the pigeon never lifts up his head when it drinks , as the turtle - dove does ; and that it never utters any sound in the winter except when it is very fine weather .	34
109865503	winter	And in the summer a rush mat was spread over each couch , and in the winter a fleece . But every one was expected to bring his own pillow ; and the cup , which was brought round to each person , did not hold more than one cotyla .	16
109869992	snow	“ Now the storm begins to lower , And Jove descends in heavy snow , And streams of water stand congeal'd In cruel ice :	13
109874409	winter	Accordingly , he celebrated his marriage in Chalcis , and remained there all the winter , not once giving the smallest thought to the important affairs which he had in hand .	14
109909980	winter	And in winter it is not enough for them to have their head , and their body , and their feet covered , but on even the tips of their fingers they wear shaggy gloves and finger - stalls ;	2
109939165	storm	Therefore Gnathæna said to one of her lovers , Seeing him wavering about his offerings , “ After the kids Stratocles brings a storm . ”	23
109982014	storm	And as he was sailing near the , Egyptian coast , a violent storm suddenly overtook him , and the sailors could not tell where they were , and so they all had recourse to this image of Venus , entreating her to save them .	13
115329026	storm	They held out for a time , but at the approach of Metellus left the stronghold and put to sea ; they encountered a storm , however , and were driven ashore , losing many men .	24
115336510	winter	Oroeses , king of the Albanians dwelling beyond the Cyrnus , made an expedition against them just at the time of the Saturnalia . He was impelled partly by the desire to do a favour to Tigranes the younger , who was a friend of his , but chiefly by the fear that the Romans would invade Albania ; and he cherished the idea that if he should fall upon them in the winter , when they were not expecting hostilities and were not encamped in one body , he would surely achieve some success . Oroeses himself marched against Metellus Celer , in whose charge Tigranes was , and sent some against Pompey and others against Lucius Flaccus , the commander of a third of the army , in order that all might not assist one another .	73
115336733	winter	for although on other accounts he was extremely anxious to invade their country out of revenge , he was glad to postpone the war because of the winter .	27
115337946	winter	Afranius , returning through Mesopotamia to Syria , contrary to the agreement made with the Parthian , wandered from the way and encountered many hardships by reason of the winter and the lack of supplies .	29
115345756	storm	and would have perished with all his force , had not a violent storm suddenly come up and prevented the barbarians from pursuing .	13
115347996	storm	For of a sudden such a storm descended upon the whole city and all the country that quantities of trees were torn up by the roots , many houses were shattered , the boats moored in the Tiber both near the city and at its mouth were sunk , and the wooden bridge destroyed , and a theatre built of timbers for some festival collapsed , and in the midst of all this great numbers of human beings perished .	6
115361280	winter	Later , at the end of the winter in which Cornelius Spinther and Metellus Nepos began their consulship , a third war arose .	7
115361890	winter	When these had been subjugated and others , too , some by him and many by his lieutenants , and winter had now set in , he retired to winter - quarters .	20
115368511	winter	Caesar attempted by cutting down the forests to make his way into the mountains themselves , but renounced his plan on account of their size and the nearness of winter , and retired .	29
115369802	storm	Upon his demanding hostages , they were willing at the time to give them ; but when the Romans in the meantime began to encounter difficulties by reason of a storm which damaged both the fleet that was present and also the one on the way , they changed their minds , and though not attacking the invaders openly , since their camp was strongly guarded , they took some men who had been sent out to forage for provisions on the assumption that the country was friendly , and destroyed them all , save a few , to whose rescue Caesar came in haste . After that they assaulted the camp itself of the Romans .	30
115369907	winter	except that the winter was approaching and that he was not equipped with a sufficient force to continue fighting at that season , since the additional force coming to his aid had met with mishap , and also that the Gauls in view of his absence had begun an uprising ; so he reluctantly concluded a truce with them , demanding many hostages this time also , but obtaining only a few .	3
115372382	storm	Soon after , when a storm had once more damaged the Romans ' ships , the natives sent for allies and set out against their naval arsenal itself , with Cassivellaunus , regarded as the foremost of the chiefs in the island , at their head .	5
115372643	winter	Now if this had happened while he was staying in Britain through the winter season , all Gaul would have been in a turmoil .	13
115374414	winter	and the atmosphere there , which is very dry and does not contain the least moisture , keeps their bowstrings tense , except in the dead of winter .	27
115374678	winter	And when the winter set in , in which Gnaeus Calvinus and Valerius Messalla became consuls , many portents occurred even in Rome itself .	3
115377669	winter	but he inflicted no punishment upon any of them because of the winter and the turmoil in Rome , but after dismissing the soldiers to their winter - quarters , went himself to Italy on the plea of looking after Cisalpine Gaul , but really in order that he might watch from close at hand the events that were taking place in the city .	12
115377948	winter	Finally they burned up everything in the vicinity , not only fields and villages , but also cities from which they thought assistance could come to their enemies , and if anything was being brought to these from allies at a distance , they seized it for booty . Therefore the Romans , while appearing to besiege the city , were really suffering the fate of the besieged ; this continued until a furious rain and great wind sprang up ( the winter having now set in ) during their attack on a point in the wall , which first drove the assailants back , making them seek shelter in their tents , and then shut up the barbarians also in their houses .	82
115386236	winter	Moreover he calculated that if he should sail away , no one would pursue him on account of the lack of ships and on account of the winter , as the autumn was now far advanced ; and meanwhile he would be amassing at leisure both money and troops , partly from the Roman subjects and partly from their allies .	27
115388210	storm	And on one occasion when some soldiers had crossed to the other side of the river and meanwhile a great storm had come up and destroyed the bridge which they had used , they crossed over after them by the other bridge , which was near the city , and destroyed them all , since no one was able to come to their assistance .	20
115392466	winter	Under these conditions , with the government divided in twain , Pompey was wintering in Thessalonica and not keeping a very careful watch upon the coast ; for he did not suppose that Caesar had yet arrived in Italy from Spain , and even if he were there , he did not suspect that he would venture to cross the Ionian Sea in the winter , at any rate . But Caesar was in Brundisium , waiting for spring , and when he ascertained that Pompey was some distance off and that the mainland opposite was rather carelessly guarded , he seized upon the " chance of war " and attacked him while his attention was relaxed .	64
115392514	winter	At any rate , when the winter was about half gone , he set out with a portion of his army , as there were not enough ships to carry them all across at once , and eluding Marcus Bibulus , to whom the guarding of the sea had been committed , he crossed to the Ceraunian Headlands , as they are called ,	6
115392867	winter	Now as Antony , to whom had been assigned the duty of conveying across those who remained at Brundisium , continued to tarry , and no message even came about them because of the winter and because of Bibulus , Caesar suspected that they had adopted a neutral attitude and were watching the course of events , as often happens in civil strife .	34
115392972	storm	When , however , they had got away from land , and the gale swept violently down upon them and the waves buffeted them terribly , so that the captain did not longer dare even under compulsion to sail farther , but undertook to return even without his passenger 's consent , than Caesar revealed himself , as if by this act he could stop the storm , and said , " Be of good cheer :	66
115405057	winter	After that he retired to Asia , since he was no match for his conqueror and winter was approaching .	16
115407018	winter	He also crossed over to Africa , although winter had set in .	8
115407571	winter	When Caesar learned of this and saw that his own soldiers also were persuaded that it was so and were consequently afraid , he added to his retinue a man of the family of the Scipios who bore that name ( he was otherwise known as Salutio ) , and then made the voyage to Hadrumetum , since the neighbourhood of Utica was strictly guarded ; and since his crossing in the winter was unexpected , he escaped the enemy 's notice .	72
115408333	winter	When this had occurred , and his reinforcements from Italy , in spite of delay and danger due to the winter and the enemy , had at length crossed over , he no longer remained quiet , but , on the contrary , hastened forward to battle , in order to overpower Scipio before Juba 's arrival .	20
115414328	winter	Afterwards , when he had recovered and had taken charge of the additional troops who had followed on after him , he was compelled to carry on warfare even in the winter ;	31
115414397	winter	Caesar , accordingly , being compelled , as I have said , to carry on warfare even in the winter , did not attack Corduba , which was strongly guarded , but turned his attention to Ategua , a city in which he had learned there was an abundance of grain . Although it was a strong place , he hoped by the size of his army and the sudden terror of his appearance to alarm the inhabitants and capture it .	19
115414468	winter	For Pompey , encouraged by the nature of the place and thinking that Caesar because of the winter would not besiege it very long , paid no heed and did not try at first to repel the assailants , since he was unwilling to distress his own soldiers by the cold .	17
115427599	winter	When , however , he found himself unable in any way to effect this , but instead Pompey burst all restraints , even the relationship which had existed between himself and Caesar , and chose to fight against you , then at last he was compelled to begin the civil war . But what need is there of relating how daringly he sailed against him in spite of the winter , or how boldly he assailed him , though Pompey held all the strong positions , or how bravely he vanquished him , though much inferior in the number of his troops ?	69
115448106	winter	But he was vexed that envoys and proposals had been sent to Antony , also , by the senate instead of their declaring against him at once a war to the finish , and most of all because he ascertained that the consuls had forwarded to Antony some private message about harmony , also that when some letters sent by the latter to certain senators had been captured , these officials had handed them to the persons addressed , concealing the matter from him , and that , with the winter as an excuse , they were not carrying on the war zealously or promptly .	90
115459660	winter	Even the Parthians , too , came at the invitation of Bassus , but on account of the winter failed to remain with him for any considerable time , and hence did not accomplish anything of importance .	18
115464852	storm	His body received burial at Antony 's hands — all but his head , which was sent to Rome ; but as the ships encountered a storm during the voyage across from Dyrrachium , that was thrown into the sea .	26
115470354	winter	When , however , the battle with Brutus and Cassius had been fought , and Caesar and Antony had redistributed the world , Caesar taking Numidia for his share of Libya , and Antony Africa , — for Lepidus , as I have stated , ruled with them only in name , and often was not recorded in the documents even to this extent , — when , I say , this had occurred , Fulvia bade Sextius resume his rule of Africa . He was at this time still lingering in Libya , making the winter season his plea ,	96
115477239	storm	for Menas , being an old hand on the sea , foresaw the storm and immediately shifted his ships to the open sea and moored them there , placing them at intervals with their anchor - lines slack , so that the lines should not be stretched and break , and kept rowing directly against the wind ; in this way no rope was strained and he remained constantly in the same position , recovering by the use of the oars all the ground he lost by the force of the wind .	13
115479060	winter	All this happened in the winter in which Lucius Gellius and Cocceius Nerva became consuls .	5
115479221	storm	As he was passing the promontory named Palinurus a great storm fell upon him ;	10
115480994	storm	Lepidus had encountered the storm which I have mentioned , and also had fallen in with Demochares , and he had lost a number of ships ; he had not at once come to Caesar , but either on account of his reverse , or because he wanted Caesar to face difficulty by himself , or because he wished to draw Sextus away from Caesar , he had made an assault on Lilybaeum ,	4
115483335	storm	Here the remainder of his vessels , which had by chance been driven from their course by a storm , joined him again .	18
115485099	winter	During the remainder of the winter , when Gellius and Nerva were now holding office , Publius Canidius Crassus made a campaign against the Iberians in Asia , conquered in battle their king Pharnabazus and brought them to make an alliance ; with this king he invaded Albania , the adjoining country , and , after overcoming the inhabitants and their king Zober , conciliated them likewise .	5
115486678	winter	for it was now winter , and the mountainous districts of Armenia , through which the only route led , — and he was glad enough to take it , — are never free from ice .	4
115486793	winter	and finally , since his soldiers had not the strength to hold out for a longer march , and it was mid - winter too , and at the same time it was likely that their hardships would go for nothing , — for it was his intention to return to Armenia before a great while , — he fawned upon the king assiduously and made him many attractive promises , to get him to allow the men to winter where they were , claiming that in the spring he would make another campaign against the Parthians .	23
115487463	weather	Caesar in the meantime , now that Sextus had perished and affairs in Africa required settlement , went to Sicily as if intending to sail thither , but after delaying there for some time because of the bad weather , he gave up his plan of crossing ; for the Salassi ,	38
115487969	winter	For they are not well off as regards either soil or climate ; they cultivate no olives and produce no wine except to a very slight extent and a wretched quality at that , since the winter is very rigorous and occupies the greater part of their year , but drink as well as eat both barley and millet . For all that they are considered the bravest of all men of whom we have knowledge ;	36
115488536	winter	In emulation of his father he had set out to lead an expedition into Britain also , and had already advanced into Gaul after the winter in which Antony ( for the second time ) and Lucius Libo became consuls , when some of the newly - conquered people and Dalmatians along with them rose in revolt .	25
115491950	storm	Much damage was also caused by storm ; thus , a trophy which stood upon the Aventine fell , a statue of Victory fell from the back wall of the theatre , and the wooden bridge was utterly demolished .	6
115492205	winter	For Caesar , on his part , was busy settling matters in Italy , especially when he discovered the presence of money sent by Antony , and so could not go to the front before winter ; and as for Antony ,	35
115492709	winter	Although such omens had appeared to them , the two leaders neither were dismayed nor relaxed their preparations for war , but spent the winter in spying upon and annoying each other . For Caesar had set sail from Brundisium and had proceeded as far as Corcyra , intending to attack while off their guard the enemy forces lying off Actium , but he encountered a storm and received damage which caused him to withdraw . When spring came , Antony made no move at any point ; for the crews that manned his triremes were made up of all sorts of races , and as they had been wintering at a distance from him , they had had no practice and their numbers had been diminished by disease and desertions .	24
115492741	storm	Although such omens had appeared to them , the two leaders neither were dismayed nor relaxed their preparations for war , but spent the winter in spying upon and annoying each other . For Caesar had set sail from Brundisium and had proceeded as far as Corcyra , intending to attack while off their guard the enemy forces lying off Actium , but he encountered a storm and received damage which caused him to withdraw . When spring came , Antony made no move at any point ; for the crews that manned his triremes were made up of all sorts of races , and as they had been wintering at a distance from him , they had had no practice and their numbers had been diminished by disease and desertions .	66
115493371	winter	it was because of this fact more than any other that they suffered severely from disease , not only during the winter , but much more during the summer .	21
115500598	winter	But meanwhile the veterans made an open demonstration now that he was gone so far away from them , and he began to fear that if they found a leader they would cause some mischief . Consequently he assigned to others the task of seeking Antony , and hurried to Italy himself , in the middle of the winter of the year in which he was holding office for the fourth time , along with Marcus Crassus .	58
115500949	winter	After settling this and the other business that pressed , giving to those who had received a grant of amnesty the right also to live in Italy , not before permitted them , and forgiving the populace which had remained behind in Rome for not having gone to meet him , he set out once more for Greece on the thirtieth day after his arrival . Then , because it was winter , he carried his ships across the isthmus of the Peloponnesus and got back to Asia so quickly that Antony and Cleopatra learned at one and the same time both of his departure and of his return .	71
115506066	winter	All this took place in the winter ; and the Pergamenians also received authority to hold the " sacred " games , as they called them , in honour of Caesar 's temple .	6
115507660	winter	And for the time being , since it was winter , he retired into friendly territory , after suffering greatly from the cold and much more still at the hands of the Thracians , through whose country he was returning in the belief that it was friendly .	9
115530560	storm	And , just as it usually happens that some sign occurs before such events , so on this occasion a wolf was caught in the city , fire and storm damaged many buildings , and the Tiber , rising , carried away the wooden bridge and made the city navigable for boats during three days .	29
115538872	winter	And Agrippa set out on the campaign in spite of the fact that the winter had already begun ( this was the year in which Marcus Valerius and Publius Sulpicius were the consuls ) ; but when the Pannonians became terrified at his approach and gave up their plans for rebellion , he returned , and upon reaching Campania , fell ill .	14
115540047	winter	He was saved on this occasion by the Frisians , who had joined his expedition with their infantry , and withdrew , since it was now winter . Upon arriving in Rome he was appointed praetor urbanus , in the consulship of Quintus Aelius and Paulus Fabius , although he already had the rank of praetor .	26
115540172	winter	He would have crossed the Visurgis also , had he not run short of provisions , and had not the winter set in and , besides , a swarm of bees been seen in his camp .	20
115541198	storm	Many buildings were destroyed by storm and by thunderbolts , among them many temples ; even that of Jupiter Capitolinus and the gods worshipped with him was injured .	5
117512861	winter	Besides , if your aim is to destroy the lawgiver 's commands , why is it the commands " Thou shalt not commit adultery " and " Thou shalt not corrupt boys , " and all the commandments enjoining purity , which through your incontinence you seek to destroy ? Why do you not abolish winter , which he made , and make it summer when it is still midwinter , and make dry land navigable and the sea passable on foot , as the historians say Xerxes the barbarian desired to do ?	55
117512873	winter	Besides , if your aim is to destroy the lawgiver 's commands , why is it the commands " Thou shalt not commit adultery " and " Thou shalt not corrupt boys , " and all the commandments enjoining purity , which through your incontinence you seek to destroy ? Why do you not abolish winter , which he made , and make it summer when it is still midwinter , and make dry land navigable and the sea passable on foot , as the historians say Xerxes the barbarian desired to do ?	55
117526519	storm	The most of men have a disposition unstable and heedless , like the nature of storms .	15
117575257	winter	Thy Winter with its chilling clouds assails ;	1
117592838	winter	And the table , in my opinion , exhibits the image of the earth , supported as it is on four feet , summer , autumn , spring , winter , by which the year travels .	29
110035018	winter	In summer their depth and width make them easily navigable , but in the cold winters they freeze over and appear like a level plain which can be crossed on horseback .	15
110037556	winter	After taking many German prisoners and seizing much booty , the emperor , since winter had already begun , went to Pannonia and spent his time at Sirmium , the largest city in that country ; there he made preparations for his spring offensive .	14
110044360	winter	The warmth at that season of the year had melted the mountain snow that had been frozen all winter , and a vast , snow - swollen flood had resulted .	18
121449270	tempest	And why should we not admire the design evinced in having it so compactly built , and rendered capable of sustaining a tempest which caused a deluge ?	22
100570000	storm	Now sailors , if there comes a storm of moderate force , are all eagerness to save themselves by toil ; one stands at the tiller , another sets himself to work the sheets , a third meanwhile is baling out the ship ;	7
100594943	tempest	Yes ; but a tempest scattered them in every direction .	4
118763966	winter	Now it is said that there is snow on the hills in Ethiopia and in the land of the Catadupi , and I do not choose to contradict , out of respect for the authorities ; nevertheless , I can not agree with them , when I consider how the Indus effects the same results as the Nile , without any snow falling on the country that rises behind and above it . And moreover I know that God has set the Ethiopian and the Indian at the two extremes or horns of the entire earth , making black the latter who dwell where the sun rises no less than the former who dwell where it sets ; now how should this be the case of the inhabitants , unless they enjoyed summer heat even in the winter ?	137
118764072	winter	they say that they came across many river - horses and many crocodiles ; and they say that the vegetation on the Indus resembles that which grows along the Nile , and that the climate of India is sunny in winter , but suffocating in summer ; but to counteract this Providence has excellently contrived that it should often rain in their country .	40
118784991	tempest	They all then regarded Apollonius as one who was master of the tempest and of fire and of perils of all sorts , and so wished to go on board with him .	12
118790609	winter	He stayed in Sparta for some time after the Olympic Festival , until the winter was over ; and at the beginning of the spring proceeded to Malea with the intention of setting out for Rome .	14
118832555	storm	And on the third day he arrived at Dicaearchia , where he at once heard news of the great storm which had raged during those days ; for a gale with rain had burst over the sea , sinking some of the ships that were sailing thither , and driving out of their course those which were tending to Sicily and the straits of Messina . And then he understood why it was that Apollonius had bidden him to go by land .	19
118893525	storm	When this Ajax pondered how an unjust judgment had destroyed the other Ajax and that cleverness did not keep Palamedes from dying after being slandered , he ran away by night in a small ferryboat during a storm , and as it happened , when sailing straight for Tenos and Andros , he died at the Gyrian rock .	37
118905290	winter	After the men were released and had formed close friendships with the women , they now began to speak in their idiom . While they were recounting their tale about the winter storm and their experiences on the sea , they passed on to their recollection of the sanctuary , since they had sailed to the island not long before , and they told about the wealth in it . Since the strangers were both sailors and shipbuilders , and since that area was also suitable to them for shipbuilding , the Amazons who had come upon them had them make a ship for transporting horses in the hope that they would possess Achilles along with his mares ( for once the Amazons dismount from their horses , they are female in gender and women in every respect ) .	31
120992791	winter	the flat ones are good to summer in , and the hollow sort they weave is useful in winter .	18
123892481	winter	but canst thou build and finish a palace in the winter ? "	10
123892991	cold	For he continually fasts and prays , and eats only bread with salt , and his drink is water , and he wears one coat , whether in warm weather or in cold , and he takes nothing from anyone , but gives to others what he has . "	32
100894010	storm	Thus he in tears invoked the god , and suddenly out of a clear and windless sky clouds gathered , a storm broke , and it rained violently , extinguishing the pyre .	21
100916713	winter	Yet I was anxious to learn from them why the Nahr anNil [ 31.1,30.166 ] ( river ) , Africa Nile comes down with a rising flood for a hundred days from the summer solstice ; and when this number of days is passed , sinks again with a diminishing stream , so that the river is low for the whole winter until the summer solstice again .	61
100917210	storm	During the winter , the sun is driven by storms from his customary course and passes over the inland parts of Libya [ 17,25 ] ( nation ) , Africa Libya .	9
100917385	winter	Then , as the winter becomes milder , the sun returns to the middle of the heaven , and after that draws from all rivers alike .	4
100917482	winter	but in the winter it alone is afflicted .	3
100917544	winter	But were the stations of the seasons changed , so that the south wind and the summer had their station where the north wind and winter are now set , and the north wind was where the south wind is now — if this were so , the sun , when driven from mid - heaven by the winter and the north wind , would pass over the inland parts of Europe ( continent ) Europe as it now passes over Libya [ 17,25 ] ( nation ) , Africa Libya , and I think that in its passage over all Europe ( continent ) Europe it would have the same effect on the Ister as it now does on the Nahr anNil [ 31.1,30.166 ] ( river ) , Africa Nile .	25
100917585	winter	But were the stations of the seasons changed , so that the south wind and the summer had their station where the north wind and winter are now set , and the north wind was where the south wind is now — if this were so , the sun , when driven from mid - heaven by the winter and the north wind , would pass over the inland parts of Europe ( continent ) Europe as it now passes over Libya [ 17,25 ] ( nation ) , Africa Libya , and I think that in its passage over all Europe ( continent ) Europe it would have the same effect on the Ister as it now does on the Nahr anNil [ 31.1,30.166 ] ( river ) , Africa Nile .	58
100959367	winter	for during the winter , god rains for them just as for the rest of mankind , but in the summer they are in need of the water for their sown millet and sesame .	3
100968768	winter	They each live under a tree , covering it in winter with a white felt cloth , but using no felt in summer .	10
100969204	winter	So it is winter for eight months , and cold in that country for the four that remain .	3
100969219	winter	Here , there is a different sort of winter than the winters in other lands : for in the season for rain scarcely any falls , but all summer it rains unceasingly ; and when there are thunderstorms in other lands , here there are none ,	11
100969228	winter	Here , there is a different sort of winter than the winters in other lands : for in the season for rain scarcely any falls , but all summer it rains unceasingly ; and when there are thunderstorms in other lands , here there are none ,	11
100969266	winter	if there is a thunderstorm in winter they are apt to wonder at it as at a portent .	6
100969286	winter	And so , too , if there is an earthquake summer or winter , it is considered a portent in Scythia ( region ( general ) ) , AsiaScythia .	12
100969544	winter	North of that country snow falls continually , though less in summer than in winter , as is to be expected .	14
100969570	winter	for snow is like feathers ; and because of the winter , which is as I have said , the regions to the north of this continent are uninhabited .	10
100971745	winter	The Ister , the greatest of all rivers which we know , flows with the same volume in summer and winter ; it is most westerly Scythian river of all , and the greatest because other rivers are its tributaries .	20
100972082	winter	But the Ister is always the same height in summer and winter , the reason for which , I think , is this .	11
100972095	winter	In winter it is of its customary size , or only a little greater than is natural to it ,	1
100972115	winter	for in that country in winter there is very little rain , but snow everywhere .	5
100972132	winter	In the summer , the abundant snow that has fallen in winter melts and pours from all sides into the Ister ;	11
100972184	winter	And in proportion as the sun draws to itself more water in summer than in winter , the water that commingles with the Ister is many times more abundant in summer than it is in winter ;	15
100972198	winter	And in proportion as the sun draws to itself more water in summer than in winter , the water that commingles with the Ister is many times more abundant in summer than it is in winter ;	35
100973333	storm	for the storms of winter always make it sink down .	2
100988725	summer	for clouds are always on them winter and summer .	8
101031213	storm	But no sooner had the strait been bridged than a great storm swept down , breaking and scattering everything .	11
101033121	storm	The sea has nowhere any harbor , as I conjecture , that will be able to receive this navy and save your ships if a storm arise .	25
101047371	storm	However , when they were at sea off Iapygia , a great storm caught and drove them ashore .	12
101049756	storm	They spent the night in this way , but at dawn a storm descended upon them out of a clear and windless sky , and the sea began to boil . A strong east wind blew , which the people living in those parts call Hellespontian .	12
101049793	storm	Those who felt the wind rising or had proper mooring dragged their ships up on shore ahead of the storm and so survived with their ships .	19
101049853	storm	Meliboea or at Casthanaea . The storm was indeed unbearable .	6
101049919	storm	Because of this connection , so the tale goes , the Athenians considered Boreas to be their son - in - law . They were stationed off + Chalcis [ 23.6083,38.4667 ] ( Perseus ) Chalcis in + Euboea [ 23.833,38.566 ] ( island ) , Nomos Evvoias , Central Greece and Euboea , Greece , Europe Euboea , and when they saw the storm rising , they then , if they had not already , sacrificed to and called upon Boreas and Orithyia to help them by destroying the barbarian fleet , just as before at + Mount Athos [ 24.316,40.166 ] ( inhabited place ) , Pangaion Oros , Macedonia , Greece , Europe Athos .	64
101050204	storm	Now the scouts stationed on the headlands of + Euboea [ 23.833,38.566 ] ( island ) , Nomos Evvoias , Central Greece and Euboea , Greece , Europe Euboea ran down and told the Hellenes all about the shipwreck on the second day after the storm began .	45
101050554	storm	In one of these ships they took Aridolis , the tyrant of + Alabanda [ 28,37.6 ] ( Perseus ) Alabanda in + Caria [ 28,37.5 ] ( region ( general ) ) , Turkey , Asia Caria , and in another the Paphian captain Penthylus , son of Demonous ; of the twelve ships which he had brought from + Paphos [ 32.416,34.75 ] ( inhabited place ) , Paphos , Cyprus , Asia Paphos he had lost eleven in the storm off the Sepiad headland and was in the one which remained when he was taken as he headed down on + Artemisium [ 23.2417,39.0083 ] ( Perseus ) Artemisium .	82
101057163	storm	for before they had recovered from the shipwreck and the storm off + Pilion ( mountain range ) , Nomos Magnisias , Thessaly , Greece , Europe Pelion , they next endured a stubborn sea - fight , and after the sea - fight , rushing rain and mighty torrents pouring seaward and violent thunderings .	10
101057233	storm	Their end was a terrible one , for when the storm and the rain came on them in their course off the Hollows of + Euboea [ 23.833,38.566 ] ( island ) , Nomos Evvoias , Central Greece and Euboea , Greece , Europe Euboea , they were driven by the wind in an unknown direction and were driven onto the rocks .	10
101057350	storm	who were encouraged both by the ships coming and by the news that the barbarians sailing round + Euboea [ 23 . 833 , 38 . 566 ] ( island ) , Nomos Evvoias , Central Greece and Euboea , Greece , Europe Euboea had all perished in the recent storm .	50
101062937	storm	Those killed by the storm , at + Thermopylae [ 22.5583,38.8 ] ( Perseus ) Thermopylae , and in the naval battles at + Artemisium [ 23.2417,39.0083 ] ( Perseus ) Artemisium , I offset with those who did not yet follow the king : the Melians and Dorians and Locrians and the whole force of Boeotia ( department ) , Central Greece and Euboea , Greece , Europe Boeotia except the Thespians and Plataeans ; and the Carystians and Andrians and Teneans and all the rest of the islanders , except the five cities whose names I previously mentioned .	4
122632801	winter	Again , on seeing Crates shrivelled with cold in the winter , he said , " You seem to me , Crates , to want a new coat , " i.e. to be wanting in sense as well .	10
122635178	winter	In the summer time a rush mat was put upon each couch , in winter time a sheepskin .	14
122667108	winter	And in summer he used to roll in it over hot sand , while in winter he used to embrace statues covered with snow , using every means of inuring himself to hardship .	15
122674633	winter	In summer - time a thick cloak he would wear To be like Crates , and in winter rags .	17
122679495	winter	Hence it was said of him : The cold of winter and the ceaseless rain Come powerless against him : weak the dart Of the fierce summer sun or racking pain To bend that iron frame . He stands apart Unspoiled by public feast and jollity : Patient , unwearied night and day doth he Cling to his studies of philosophy .	10
122693442	winter	Of the changes which go on in the air , they describe winter as the cooling of the air above the earth due to the sun 's departure to a distance from the earth ; spring as the right temperature of the air consequent upon his approach to us ; summer as the heating of the air above the earth when he travels to the north ; while autumn they attribute to the receding of the sun from us .	12
122700040	winter	Keep to the winter for sexual pleasures , in summer abstain ;	3
122701697	winter	so have hot and cold , and dry and moist ; and of these , if hot preponderates , we have summer ; if cold , winter ; if dry , spring ; if moist , late autumn .	26
122709503	winter	the increase of warmth due to the bright exhalation produces summer , whereas the preponderance of moisture due to the dark exhalation brings about winter .	24
122715775	storm	When his fellow - passengers on board a ship were all unnerved by a storm , he kept calm and confident , pointing to a little pig in the ship that went on eating , and telling them that such was the unperturbed state in which the wise man should keep himself .	14
122732863	storm	For the animals offer no necessary reason why a storm should be produced ; and no divine being sits observing when these animals go out and afterwards fulfilling the signs which they have given .	9
122734339	tempest	For the end of all our actions is to be free from pain and fear , and , when once we have attained all this , the tempest of the soul is laid ; seeing that the living creature has no need to go in search of something that is lacking , nor to look for anything else by which the good of the soul and of the body will be fulfilled .	27
123047997	tempest	And so in all his pain he asks no pity : there is always the radiance in the inner soul of the man , untroubled like the light in a lantern when fierce gusts beat about it in a wild turmoil of wind and tempest . But what if he be put beyond himself ?	44
123069610	rainstorm	But : The Soul watches the ceaselessly changing universe and follows all the fate of all its works : this is its life , and it knows no respite from this care , but is ever labouring to bring about perfection , planning to lead all to an unending state of excellencelike a farmer , first sowing and planting and then constantly setting to rights where rainstorms and long frosts and high gales have played havoc .	66
100810227	storm	Ajax , our terrible , mighty lord of untamed power , now lies plagued by a turbid storm of disease .	17
100813233	winter	So it is that winter with its snow - covered paths gives place to fruitful summer ;	4
100816493	wintertime	Once I saw a bold - tongued man who had urged sailors to set sail during wintertime . Yet in him you could have found no voice when the worst of the storm was upon him . No , hidden beneath his cloak he allowed the crew to trample on him at will .	16
100816507	storm	Once I saw a bold - tongued man who had urged sailors to set sail during wintertime . Yet in him you could have found no voice when the worst of the storm was upon him . No , hidden beneath his cloak he allowed the crew to trample on him at will .	32
100816536	storm	And so it is with you and your raging speech — perhaps a great storm , even if its blast comes from a small cloud , will extinguish your shouting .	14
100826914	winter	And then for the winter I used to drive my flock to my own fold , and he took his to the fold of Laius .	4
123941288	winter	Around her gathered The dozen fair - tressed maidens whose business is The plunging path of the ever - circling sun god And night and day and all that is ordained by the will Of Zeus , around the massive gateway of whose palace They travel back and forth advancing the course of the year With its burden of fruits , as in their cycle come in turn First the chill of winter , then spring with all its flowers , The lovely season of summer , and autumn loaded with grapes .	72
123979799	winter	... Another of them has charge of winter and Capricorn .	7
100856293	storm	Stranger , in this land of fine horses you have come to earth ’s fairest home , the shining Colonus . Here the nightingale , a constant guest , trills her clear note under the trees of green glades , dwelling amid the wine - dark ivy and the god ’s inviolate foliage , rich in berries and fruit , unvisited by sun , unvexed by the wind of any storm .	70
122764540	winter	To men the heavenly bodies that are so visible did give the knowledge of the Deity ; when they contemplated that they are the causes of so great an harmony , that they regulate day and night , winter and summer , by their rising and setting , and likewise considered those things which by their influences in the earth do receive a being	38
122771297	winter	EMPEDOCLES and the Stoics believe that winter is caused by the thickness of the air prevailing and mounting upwards ; and summer by fire , it falling downwards .	6
122772444	winter	that the snow in Ethiopia which is frozen in winter is melted in summer , and this makes the inundation .	9
122772508	winter	Herodotus the historian , that the waters of the Nile receive from their fountain an equal portion of water in winter and in summer ; but in winter the water appears less , because the sun , making its approach nearer to Egypt , draws up the rivers of that country into exhalations .	20
122772516	winter	Herodotus the historian , that the waters of the Nile receive from their fountain an equal portion of water in winter and in summer ; but in winter the water appears less , because the sun , making its approach nearer to Egypt , draws up the rivers of that country into exhalations .	27
122772597	shower	Endoxus relates that the Egyptian priests affirm that , when it is summer to us who dwell under the northern tropic , it is winter with them that inhabit under the southern tropic ; by this means there is a various contrariety and opposition of the seasons in the year , which cause such showers to fall as make the water to overflow the banks of the Nile and diffuse itself throughout all Egypt .	54
100150560	rain	There fair - haired Rhadamanthus reigns , and men lead an easier life than any where else in the world , for in Elysium there falls not rain , nor hail , nor snow , but Okeanos breathes ever with a West wind that sings softly from the sea , and gives fresh life to all men .	27
100195452	weather	and Eumaios covered him over with a great heavy cloak that he kept for a change in case of extraordinarily bad weather .	21
100314341	winter	But neither part stirred against the other ; but after they had lain quietly opposite all the summer , they retired in winter both the one side and the other to their cities .	22
100334266	winter	And it is written in order by summers and winters according as from time to time the several matters came to pass .	9
100340017	winter	The winter following , Euarchus of Acarnania , desirous to return to Astacus , prevaileth with the Corinthians to go thither with forty galleys and fifteen hundred men of arms to re - establish him , to which he hired also certain other mercenaries for the same purpose .	1
100340132	winter	The same winter the Athenians , according to their ancient custom , solemnized a public funeral of the first slain in this war in this manner .	2
100342529	winter	Such was the funeral made this winter ,	6
100347108	winter	In the beginning of the winter the Athenians sent twenty galleys about Peloponnesus under the command of Phormio , who , coming to lie at Naupactus , guarded the passage that none might go in or out from Corinth and the Crisaean gulf . And other six galleys under the conduct of Melesander they sent into Caria and Lycia , as well to gather tribute in those parts as also to hinder the Peloponnesian pirates lying on those coasts from molesting the navigation of such merchant ships as they expected to come to them from Phaselis , Phoenicia , and that part of the continent .	5
100347209	winter	The same winter , the Potidaeans , unable any longer to endure the siege , seeing the invasion of Attica by the Peloponnesians could not make them rise and seeing their victual failed and that they were forced , amongst divers other things done by them for necessity of food , to eat one another , propounded at length to Xenophon the son of Euripides , Hestiodorus the son of Aristocleidas , and Phanomachus the son of Callimachus , the Athenian commanders that lay before the city , to give the same into their hands .	2
100347385	winter	These were the things done in this winter . And so ended the second year of this war , written by Thucydides .	7
100352617	winter	But before the fleet , gone into the Crisaean gulf and to Corinth , was dispersed , Cnemus and Brasidas and the rest of the commanders of the Peloponnesians in the beginning of winter instructed by the Megareans thought good to make an attempt upon Peiraeus , the haven of the Athenians .	33
100353025	winter	About the same time in the beginning of the same winter , Sitalces an Odrysian , the son of Teres , king of Thrace , made war upon Perdiccas the son of Alexander , king of Macedonia , and upon the Chalcideans bordering on Thrace upon two promises , one of which he required to be performed to him , and the other he was to perform himself .	10
100354502	coldness	But whilst he stayed , he wasted the Chalcidean , Bottiaean , and Macedonian territories ; and when he could not effect what he came for and his army both wanted victual and was afflicted with the coldness of the season , Seuthes the son of Spardocus , his cousin - german and of greatest authority next himself , persuaded him to make haste away .	37
100354594	winter	The same winter , after the fleet of the Peloponnesians was dissolved , the Athenians that were at Naupactus under the conduct of Phormio sailed along the coast to Astacus and , disbarking , marched into the inner parts of Acarnania . He had in his army four hundred men of arms that he brought with him in his galleys and four hundred more Messenians . With these he put out of Stratus , Coronta , and other places all those whose fidelity he thought doubtful .	2
100354673	winter	For they thought they should not be able to make war against the Oeniades ( who only of all Acarnania are the Athenians ' enemies ) in respect of the winter .	30
100354721	winter	For the river Achelöus , springing out of the mountain Pindus and running through Dolopia , and through the territories of the Agraeans and the Amphilochians , and through most part of the champaign of Acarnania , passing above by the city of Stratus , and falling into the sea by the city of the Oeniades , which also it moateth about with fens , by the abundance of water maketh it hard lying there for an army in time of winter .	81
100354988	winter	So ended that winter , and the third year of the war written by Thucydides .	3
100357728	winter	So that the city was every way strongly besieged , both by sea and land , and the winter began .	18
100357804	winter	The same winter the Plataeans ( for they were besieged by the Peloponnesians and Boeotians ) , pressed now with want of victual and hopeless of relief from Athens , and no other means of safety appearing , took counsel , both they and the Athenians that were besieged with them , at first all to go out and , if they could , to pass over the wall of the enemy by force . The authors of this attempt , were Theaenetus the son of Tolmidas , a soothsayer , and Eupompidas the son of Daimachus , one of their commanders .	2
100358093	storm	And such nights as there happened any storm of rain , they used to quit the battlements of the wall and to watch under the towers , as being not far asunder and covered beside overhead .	7
100358746	storm	But yet the greatness of the storm was the principal means of their escape .	6
100358937	winter	About the end of the same winter Salaethus , a Lacedaemonian , was sent in a galley to Mytilene and ,	6
100359023	winter	And the winter ended , and the fourth year of this war written by Thucydides .	2
100370121	winter	The next winter , the sickness fell upon the Athenians again ( having indeed never totally left the city , though there was some intermission ) and continued above a year after ;	2
100370231	winter	The Athenians and Rhegians that were now in Sicily made war the same winter on the islands called the islands of Aeolus with thirty galleys .	13
100370345	winter	And so ended this winter and the fifth year of this war written by Thucydides .	4
100372742	winter	The Athenians that were in Sicily in the beginning of winter , together with the Grecians of their league and as many of the Siculi as having obeyed the Syracusans by force , or being their confederates before , had now revolted , warred jointly against Nessa , a town of Sicily , the citadel whereof was in the hands of the Syracusans . And they assaulted the same ; but when they could not win it , they retired .	10
100372856	winter	The same winter also the Athenians hallowed the isle of Delos , by the admonition indeed of a certain oracle .	2
100373264	winter	The same winter the Ambraciotes , according to their promise made to Eurylochus when they retained his army , made war upon Argos in Amphilochia with three thousand men of arms , and invading Argeia , they took Olpae , a strong fort on a hill by the sea - side , which the Acarnanians had fortified and used for the place of their common meetings for matters of justice ,	2
100375123	winter	The same winter the Athenians that were in Sicily invaded Himeraea by sea , aided by the Sicilians that invaded the skirts of the same by land . They sailed also to the islands of Aeolus . Returning afterwards to Rhegium , they found there Pythodorus , the son of Isolochus , [ with certain galleys ] , come to receive charge of the fleet commanded by Laches .	2
100375274	winter	But Pythodorus , having now the command of Laches ' fleet , sailed in the end of winter unto a certain garrison of the Locrians which Laches had formerly taken , and overthrown in a battle there by the Locrians , retired .	17
100375363	winter	These were the things that came to pass this winter . And so ended the sixth year of this war written by Thucydides .	9
100375716	tempest	But whilst they denied to do it , the fleet was driven into Pylus by a tempest that then arose by chance .	16
100376094	weather	And the invasion was withal so early , corn being yet green , that the most of them were scanted with victual . The army was also much troubled with the weather , which was colder than for the season .	31
100380189	winter	The people of Athens being advertised of the state of their army , how it was in distress , and that victual was transported into the island , knew not what they should do to it and feared lest winter should overtake them in their siege , fearing not only that to provide them of necessaries about Peloponnesus , and in a desert place withal , would be a thing impossible , but also that they should be unable to send forth so many things as were requisite , though it were summer ; and again , that the parts thereabout being without harbour , there would be no place to lie anchor in against them , but that the watch there ceasing of itself , the men would by that means escape or in some foul weather be carried away in the same boats that brought them meat .	39
100380247	weather	The people of Athens being advertised of the state of their army , how it was in distress , and that victual was transported into the island , knew not what they should do to it and feared lest winter should overtake them in their siege , fearing not only that to provide them of necessaries about Peloponnesus , and in a desert place withal , would be a thing impossible , but also that they should be unable to send forth so many things as were requisite , though it were summer ; and again , that the parts thereabout being without harbour , there would be no place to lie anchor in against them , but that the watch there ceasing of itself , the men would by that means escape or in some foul weather be carried away in the same boats that brought them meat .	137
100384096	winter	The next winter , Aristides , the son of Archippus , one of the commanders of a fleet which the Athenians had sent out to gather tribute from their confederates , apprehended Artaphernes , a Persian , in the town of Eion upon the river Strymon , going from the king to Lacedaemon .	2
100384221	winter	The same winter also , the Chians demolished their new wall by command of the Athenians , upon suspicion that they intended some innovation , notwithstanding they had given the Athenians their faith and the best security they could to the intent they should let them be as they were .	2
100384256	winter	Thus ended this winter , and the seventh year of this war written by Thucydides .	3
100390916	winter	In the very beginning of the next winter , when the Boeotian cities should have been delivered to Hippocrates and Demosthenes , generals of the Athenians , and Demosthenes should have gone to Siphae , and Hippocrates to Delium ; having mistaken the days on which they should have both set forward , Demosthenes went to Siphae first , and having with him the Acarnans and many confederates of those parts in his fleet , [ yet ] lost his labour . For the treason was detected by one Nicomachus , a Phocean of the town of Phanotis , who told it unto the Lacedaemonians , and they again unto the Boeotians .	7
100393432	winter	The same winter , Brasidas with the confederates in Thrace made war upon Amphipolis , a colony of the Athenians , situated on the river Strymon .	2
100393784	weather	Having easily forced this guard , both in respect of the treason and of the weather , and of his own unexpected approach , he passed the bridge and was presently master of whatsoever the Amphipolitans had that dwelt without .	15
100394695	winter	Which being perceived , the Athenians sent garrison soldiers into those cities , as many as the shortness of the time and the season of winter would permit . And Brasidas sent unto Lacedaemon to demand greater forces , and in the meantime prepared to build galleys on the river Strymon .	25
100394757	winter	The same winter the Megareans , having recovered their long walls holden by the Athenians , razed them to the very ground . Brasidas , after the taking of Amphipolis , having with him the confederates , marched with his army into the territory called Acte .	2
100395875	winter	The rest of this winter he spent in assuring the places he had already gotten and in contriving the conquest of more .	4
100395889	winter	Which winter ending , ended the eighth year of this war .	1
100396696	tempest	The Scionaeans say that they be Pallenians descended of those of Peloponnesus , and that their ancestors , passing the seas from Troy , were driven in by a tempest , which tossed the Achaeans up and down , and planted themselves in the place they now dwell in .	29
100399421	winter	The winter following nothing was done between the Athenians and Lacedaemonians because of the truce . But the Mantineans and the Tegeatae , with the confederates of both , fought a battle at Laodicium , in the territory of Orestis , wherein the victory was doubtful ; for either side put to flight one wing of their enemies ,	1
100399506	winter	The same winter ending and the spring now approaching , Brasidas made an attempt upon Potidaea .	2
100399569	winter	So ended this winter , and the ninth year of this war written by Thucydides .	3
100402049	winter	The next winter , they that were with Ramphias went presently forward as far as [ the hill ] Pierium in Thessaly . But the Thessalians forbidding them to go on , and Brasidas , to whom they were carrying this army , being dead , they returned homewards , conceiving that the opportunity now served not , both because the Athenians were upon this overthrow gone away and for that they themselves were unable to perform any of those designs which the other had intended .	2
100402769	winter	And this winter they fell to treaty , and withal the Lacedaemonians braved them with a preparation already making against the spring , sending to the cities about for that purpose , as if they meant to fortify in Attica , to the end that the Athenians might give them the better ear . When after many meetings and many demands on either side , it was at last agreed that peace should be concluded , each part rendering what they had taken in the war , save that the Athenians should hold Nisaea ( for when they [ likewise ] demanded Plataea and the Thebans answered that it was neither taken by force nor by treason , but rendered voluntarily , the Athenians said that they also had Nisaea in the same manner ) , the Lacedaemonians calling together their confederates , and all but the Boeotians , Corinthians , Eleians , and Megareans , ( for these disliked it ) giving their votes for the ending of the war , they concluded the peace , and confirmed it to the Athenians with sacrifice , and swore it , and the Athenians again unto them , upon these articles :	2
100403534	winter	This peace was made in the very end of winter and the spring then beginning presently after the City Bacchanals and [ full ] ten years and some few days over after the first invasion of Attica and the beginning of this war .	9
100403617	winter	But if one reckon the same by summers and winters , according as they are written , he shall find by the two half years which make the whole , that this first war was of ten summers and as many winters continuance .	9
100403640	winter	But if one reckon the same by summers and winters , according as they are written , he shall find by the two half years which make the whole , that this first war was of ten summers and as many winters continuance .	41
100404417	winter	This also hath the same Thucydides of Athens written from point to point , by summers and winters , as everything came to pass , until such time as the Lacedaemonians and their confederates had made an end of the Athenian dominion and had taken their long walls and Pieraeus .	17
100406428	winter	In the beginning of winter ( for now there were other ephores in office ; not those in whose time the peace was made , but some of them that opposed it ) , ambassadors being come from the confederates , and the Athenian , Boeotian , and Corinthian ambassadors being [ already ] there , and having had much conference together but concluded nothing , Cleobulus and Xenares , ephores that most desired the dissolution of the peace , when the rest of the ambassadors were gone home , entered into private conference with the Boeotians and Corinthians , exhorting them to run both the same course ; and advised the Boeotians to endeavour first to make a league themselves with the Argives and then to get the Argives together with themselves into a league with the Lacedaemonians , for that they might by this means avoid the necessity of accepting the peace with Athens ;	4
100407050	winter	The same winter the Olynthians took Mecyberne , held with a garrison of the Athenians , by assault .	2
100407180	winter	The Lacedaemonians , though they knew they should therein wrong the Athenians , for that it was said in the articles that neither party should make either league or war without the other 's consent , yet such was their desire to get Panactum to exchange it for Pylus , and withal they that longed to break the peace with Athens were so eager in it , that at last they concluded a league with the Boeotians , winter then ending and the spring approaching ;	78
100409792	winter	The next winter , the men of Heracleia in Trachinia fought a battle against the Aenianians , Dolopians , Melians , and certain Thessalians .	2
100409869	winter	Thus ended this winter , and the twelfth year of this war .	3
100410395	winter	The next winter the Lacedaemonians , unknown to the Athenians , put three hundred garrison soldiers under the command of Agesippidas into Epidaurus by sea .	2
100410487	winter	All this winter , though there was war between the Argives and Epidaurians , yet was there no set battle , but only ambushes and skirmishes , wherein were slain on both sides such as it chanced .	2
100410516	winter	But in the end of winter , and the spring now at hand , the Argives came to Epidaurus with ladders , as destitute of men by reason of the war , thinking to have won it by assault ,	5
100410544	winter	And so ended this winter , and the thirteenth year of this war .	4
100413894	winter	In the beginning of the winter following , the Lacedaemonians , presently after the end of the Carneian holidays , drew out their army into the field , and being come to Tegea , sent certain propositions of agreement before to Argos .	5
100414745	winter	These things passed in the end of winter and near the spring . And so ended the fourteenth year of this war .	7
100415009	winter	The next winter the Lacedaemonians , understanding that they were fortifying , came to Argos with their army , they and their confederates all but the Corinthians ;	2
100415116	winter	The same winter the Athenians shut up Perdiccas in Macedonia [ from the use of the sea ] , objecting that he had sworn the league of the Argives and Lacedaemonians ; and that when they had prepared an army , under the command of Nicias , the son of Niceratus , to go against the Chalcideans upon Thrace and against Amphipolis , he had broken the league made betwixt them and him ,	2
100415168	winter	And so this winter ended , and the fifteenth year of this war .	3
100417407	winter	The winter following , the Lacedaemonians being about to enter with their army into the territory of the Argives , when they perceived that the sacrifices which they made on the border for their passage were not acceptable , returned .	1
100417542	winter	The same winter the Athenians , with greater forces than they had before sent out with Laches and Eurymedon , resolved to go again into Sicily , and , if they could , wholly to subdue it , being for the most part ignorant both of the greatness of the island , and of the multitude of people , as well Greeks as barbarians , that inhabited the same , and that they undertook a war not much less than the war against the Peloponnesians .	2
100417782	tempest	Hard by these came and dwelled also certain Phoceans , who , coming from Troy , were by tempest carried first into Africa and thence into Sicily .	18
100418833	winter	The same winter the Lacedaemonians and their confederates , all but the Corinthians , having drawn out their forces into the territory of the Argives , wasted a small part of their fields and carried away certain cart - loads of their corn . Thence they went to Orneae , and having placed there the Argive outlaws , left with them a few others of the rest of the army ; and then making a composition for a certain time , that they of Orneae and those Argives should not wrong each other , they carried their army home .	2
100419001	winter	And so ended the winter , and the sixteenth year of this war written by Thucydides .	4
100424475	winter	“ I am therefore of opinion that dismayed with this reckoning they will either not put over at all from Corcyra , or whilst they spend time in deliberating and in sending out to explore how many and in what place we are , the season will be lost and winter come ; or deterred with our unlookedfor opposition , they will give over the voyage . And the rather for that as I hear the man of most experience amongst their commanders hath the charge against his will and would take a light occasion to return if he saw any considerable stop made by us in the way . ”	50
100429522	winter	The next winter the Athenians fell presently to make preparation for their journey against Syracuse ; and the Syracusians , on the other side , prepared to invade the Athenians .	2
100431112	winter	For it was now winter ; and to make war there , they thought it yet unpossible before they had sent for horsemen to Athens and levied other amongst their confederates there in Sicily , to the end they might not be altogether over - mastered in horse ; and before they had also both levied money there and received more from Athens and made league with certain cities , which they hoped after this battle would the more easily hearken thereunto , and before they had likewise provided themselves of victuals and other things necessary , as intending the next spring to undertake Syracuse again .	4
100431325	winter	Whereas if they would make but a few and skilful leaders , and prepare armour this winter for such as want it , to increase as much as might be the number of their men of arms , and compel them in other things to the exercise of discipline , in all reason they were to have the better of the enemy .	16
100431644	winter	The Syracusians this winter raised a wall before their city , all the length of the side towards Epipolae , including Temenites , to the end , if they chanced to be beaten , they might not be so easily enclosed as when they were in a narrower compass .	3
100434261	winter	And having brought their fleet from Naxos , where it had been all the winter till now , they lay the rest of the winter at Catana and re - erected their camp formerly burnt by the Syracusians .	14
100435793	winter	So the winter ended , and the seventeenth year of this war written by Thucydides .	2
100437945	weather	where he drew up such of his galleys as had been hurt by the weather and repaired them .	14
100439853	winter	The next winter , the messengers from Nicias arrived at Athens , and having spoken what they had in charge , and answered to such questions as they were asked , they presented the letter ;	2
100441227	winter	And this winter , they sent about unto their confederates to make ready iron , and all instruments of fortification . And for the aid they were to transport in ships to the Sicilians , they both made provision amongst themselves and compelled the rest of Peloponnesus to do the like .	2
100441267	winter	So ended this winter , and the eighteenth year of the war written by Thucydides .	3
100441516	winter	Now the twenty - five Corinthian galleys that were manned in winter lay opposite to the twenty galleys of Athens which were at Naupactus till such time as the men of arms in the ships from Peloponnesus might get away ;	11
100443329	winter	And the Athenians , watching on the battlements of the wall , in the day time by turns , but in the night , both winter and summer , all at once ( except the horsemen ) , part at the walls and part at the arms , were quite tired .	25
100444092	winter	Whilst he was in these parts , he met with Eurymedon out of Sicily , that had been sent in winter unto the army with commodities , who told him amongst other things how he had heard by the way after he was at sea that the Syracusians had won Plemmyrium .	20
100456989	winter	The winter following , upon the great overthrow of the Athenians in Sicily , all the Grecians were presently up against them . Those who before were confederates of neither side thought fit no longer , though uncalled , to abstain from the war , but to go against the Athenians of their own accord , as having not only every one severally this thought , that had the Athenians prospered in Sicily they would afterwards have come upon them also , but imagined withal that the rest of the war would be but short , whereof it would be an honour to participate . And such of them as were confederates of the Lacedaemonians longed now more than ever to be freed as soon as might be of their great toil .	1
100457208	winter	Whereupon Agis , their king , went out with a part of his army the same winter from Deceleia and levied money amongst the confederates for the building of a navy ; and turning into the Melian gulf , upon an old grudge took a great booty from the Oetaeans , which he made money of , and forced those of Pthiotis , being Achaians , and others in those parts subjects to the Thessalians ( the Thessalians complaining and unwilling ) to give them hostages and money . The hostages he put into Corinth , and endeavoured to draw them into the league .	16
100457360	winter	The Athenians also made their preparations as they had designed , having gotten timber and built their navy this same winter , and fortified the promontory of Sunium that their cornboats might come about in safety . Also they abandoned the fort in Laconia , which they had built as they went by for Sicily . And generally where there appeared expense upon anything unuseful , they contracted their charge .	20
100458021	winter	So the winter ended , and nineteenth year of this war written by Thucydides .	2
100461828	winter	The next winter , Tissaphernes , after he had put a garrison into Iasus , came to Miletus ; and for one month 's pay , which was promised on his part at Lacedaemon , he gave unto the soldiers through the whole fleet after an Attic drachma a man by the day .	2
100461960	winter	The same winter the Athenians that were at Samos ( for there were now come in thirty - five galleys more from home , with Charminus , Strombichides , and Euctemon , their commanders ) , having gathered together their galleys , as well those that had been at Chios as all the rest , concluded , distributing to every one his charge by lot , to go lie before Miletus with a fleet , but against Chios to send out both a fleet and an army of landmen .	2
100462633	winter	The same winter , Hippocrates , setting out from Peloponnesus with ten galleys of Thurium , commanded by Dorieus , the son of Diogoras , with two others , and with one galley of Laconia and one of Syracuse , went to Cnidus .	2
100463289	winter	The same winter , about the solstice , went out from Peloponnesus towards Ionia those twenty - seven galleys which at the procurement of Calligeitus of Megara and Timagoras of Cyzicus were made ready by the Lacedaemonians for Pharnabazus . The commander of them was Antisthenes , a Spartan , with whom the Lacedaemonians sent eleven Spartans more to be of council with Astyochus , whereof Lichas , the son of Arcesilaus , was one .	2
100464325	winter	Presently therefore , the same winter , they put forth from Cnidus , and arriving in the territory of Rhodes at Cameirus , first frighted the commons out of it , that knew not of the business , and they fled .	5
100466637	winter	Leon and Diomedon , arriving the same winter at the Athenian fleet , made a voyage against Rhodes , and finding there the Peloponnesian galleys drawn up to land , disbarked and overcame in battle such of the Rhodians as made head , and then put to sea again and went to Chalce .	7
100467056	winter	Presently after this , the same winter , Tissaphernes went to Caunus with intent both to bring the Peloponnesians back to Miletus and also ( as soon as he should have agreed unto new articles , such as he could get ) to give the fleet their pay , and not to fall directly out with them for fear lest so many galleys , wanting maintenance , should either be forced by the Athenians to fight and so be overcome , or , emptied of men , the business might succeed with the Athenians according to their own desire without him .	6
100467446	winter	In the end of this winter , the Boeotians took Oropus by treason . It had in it a garrison of Athenians .	5
100467579	winter	Thus ended this winter , and the twentieth year of this war written by Thucydides .	3
100477557	winter	When the winter following this summer shall be ended , the one - and - twentieth year [ of this war ] shall be complete .	2
101254342	winter	for when is man in greater peril than on a winter sea - passage ?	10
124475202	winter	It was the height of summer . The crickets were striking up their tuneful song , but it fell to the ants to toil and gather the harvest by which they were to be sustained through the winter .	37
124475205	winter	When winter came the ants were sustained by their labours , but the others ’ pleasure ended in need .	1
124482819	storm	Men suffer ill - fortune at sea and storms wreck their ships ;	8
124301758	tempest	And since , after a tempest that suddenly arose ,	5
124306910	tempest	nor was so great a tempest at sea ever heard of at any period .	5
124314926	winter	Lucullus also vanquished his commanders in a sea - fight . Thus , in a single winter and summer , almost a hundred thousand men on the king 's side were cut off by Lucullus .	16
124534035	winter	First he invaded the land of the Armenians , moving with such rapidity as to anticipate the news of his coming , and , after plundering the greater part of it in a rapid campaign , he unexpectedly arrived at the city of Amida , which is situated in Mesopotamia , and , although the season was winter , he invested the town .	57
124536023	winter	After this Areobindus went to Byzantium at the summons of the emperor , while the other generals reached Amida , and , in spite of the winter season , invested it .	26
124544724	winter	Hermogenes also came thither not long afterwards , and the winter came to a close ; thus ended the fourth year of the reign of the Emperor Justinian .	10
124561837	winter	When the winter was already reaching its close , and the thirteenth year of the reign of the Emperor Justinian was ending , Chosroes , son of Cabades , invaded the land of the Romans at the opening of spring with a mighty army , and openly broke the so - called endless peace .	2
124579779	winter	And it attacked some in the summer season , others in the winter , and still others at the other times of the year .	12
124598882	winter	And he sent Basiliscus together with his children and his wife into Cappadocia in the winter season , commanding that they should be destitute of food and clothes and every kind of care .	15
124605905	storm	If , then , after we have disembarked upon the mainland , a storm should fall upon us , will it not be necessary that one of two things befall the ships , either that they flee away as far as possible , or perish upon this promontory ?	13
124606305	storm	Now while there are many difficulties if we remain in the ships , it will be sufficient , I think , to mention only one thing , — that by which especially they wish to frighten us when they hold over our heads the danger of a storm .	47
124606312	storm	For if any storm should fall upon us , one of two things , they say , must necessarily befall the ships , either that they flee far from Libya or be destroyed upon this headland .	3
124606440	storm	And if at the very time , when we are engaged in a conflict , a storm also comes upon us , as often happens on the sea , then while struggling both against the waves and against the Vandals , we shall come to regret our prudence .	16
124610260	storm	For they said that the promontory at that point was without a harbour and also that the indications were that a well - known storm , which the natives call Cypriana , would arise immediately .	24
124611271	storm	And they have founded a very noteworthy temple in his honour before the city on the sea - shore , in which they conduct all other customary services , and also celebrate there a festival which they call the " Cypriana " ; and the sailors are accustomed to name after Cyprian the storm , which I mentioned lately , giving it the same name as the festival , since it is wo nt to come on at the time at which the Libyans have always been accustomed to celebrate the festival .	53
124617689	winter	But as for Belisarius , he was not able to make any attempt at all on the mountain , much less in the winter season , and since his affairs were still in an uncertain state , he did not think it advisable to be away from Carthage ; and so he chose out soldiers , with Pharas as their leader , and set them to maintain the siege of the mountain .	23
124617789	winter	This Pharas , then , Belisarius commanded to establish himself at the foot of the mountain during the winter season and to keep close guard , so that it would neither be possible for Gelimer to leave the mountain nor for any supplies to be brought in to him . And Pharas acted accordingly .	18
124618036	storm	But they were unable to do so , since a very severe storm had fallen upon them and the waves of the sea were rising to a great height , seeing that it was the Tuscan sea , and then it occurred to them and to Boniface that , after all , God wished to give the money to the Romans and so was not allowing the ship to put out .	12
124619070	winter	But Pharas , having by this time become weary of the siege for many reasons , and especially because of the winter season , and at the same time thinking that the Moors there would not be able to stand in his way , undertook the ascent of Papua with great zeal .	21
124619397	winter	But the Moors live in stuffy huts both in winter and in summer and at every other time , never removing from them either because of snow or the heat of the sun or any other discomfort whatever due to nature .	9
124620172	winter	And already a space of three months had been spent in this siege and the winter was coming to an end .	15
124627102	winter	After this Solomon established a part of the army in Numidia to serve as a guard and with the remainder went to Carthage , since it was already winter .	28
124627298	winter	It was against these barbarians , therefore , that Solomon was preparing the fleet during that winter .	16
124627401	winter	During this winter Belisarius remained in Syracuse and Solomon in Carthage .	2
124638786	winter	And he would have been right in his expectation had not winter come on just then and frustrated his plan .	11
124649169	winter	And the winter drew to a close , and thus ended the first year of this war , the history of which Procopius has written .	2
124651016	winter	And the loss of the time which was being spent there distressed him , for he was making his calculations so as to avoid being compelled to go against Theodatus and Rome in the winter season .	34
124674840	winter	And at that time the winter drew to its close , and thus ended the second year of this war , the history of which Procopius has written .	5
124675151	winter	For the land of the Romans is never lacking in herbs either in winter or at any other season , but they always flourish and grow luxuriantly at all times .	13
124680409	winter	And Belisarius promised to fulfil their request , but detained them there during the winter season .	14
124684746	winter	Such was the progress of events in Liguria , and the winter drew to its close , and the third year came to an end in this war , the history of which Procopius has written .	11
124693668	winter	And Belisarius , having not yet learned anything of what had happened in that field , was moving with his whole army into Picenum , since the winter was now coming to an end .	27
124694389	winter	And the winter drew to a close , and the fourth year ended in this war , the history of which Procopius has written .	2
124703122	winter	And Belisarius took his way to Byzantium ; and the winter drew to its close and the fifth year ended in this war , the history of which Procopius has written .	10
124704828	winter	And the winter drew to a close and the sixth year ended in this war , the history of which Procopius has written .	2
124707927	winter	And the winter drew to its close , and the seventh year ended in this war , the history of which Procopius has written .	2
124708971	winter	But Maximinus , after delaying through the whole critical period in such a state of terror , was finally moved by his fear of the emperor 's threats and gave way before the abuse of the other commanders ; so , while he himself still remained just where he was , he sent the whole army to Naples with Herodian , Demetrius and Phazas , the winter season being already very close upon them .	66
124708989	tempest	But when the Roman fleet had reached a point close to Naples , a violent wind came down upon them , raising an extraordinarily severe tempest .	25
124709589	winter	And the winter drew to its close , and the eighth year ended in this war , the history of which Procopius has written .	2
124711261	winter	And the winter drew to a close , and the ninth year ended in this war , the history of which Procopius has written .	2
124713246	winter	And the winter drew to a close , and the tenth year ended in this war , the history of which Procopius has written .	2
124716732	winter	And the winter drew to a close , and the eleventh year ended in this war , the history of which Procopius has written .	2
124725925	winter	And the winter drew to a close , and the twelfth year ended in this war , the history of which Procopius has written .	2
124728642	storm	But Belisarius was hindered by a storm and forced from his course by a violent wind and a high sea which would not permit his ships to make any progress at all ; he therefore put in at the harbour of Croton .	6
124729237	winter	At that time also , earthquakes of extraordinary severity occurred many times during the winter season , both in Byzantium and in other places , always at night .	14
124729859	winter	And the winter drew to a close and the thirteenth year ended in this war , the history of which Procopius has written .	2
124730216	storm	First then a terrific storm came on , and for this reason and also because the coast there is altogether without harbours , the ships came to be scattered far apart from one another ;	4
124736191	winter	And the winter drew to a close and the fourteenth year ended in this war , the history of which Procopius has written .	2
124739886	winter	Such was the course of these events ; and the winter drew to its close , and the fifteenth year ended in this war , the history of which Procopius has written .	10
124740542	storm	But when he came near Calabria , he was said by a terrific storm and a head wind of extraordinary violence , and it so fell out that all the ships were scattered so completely that it appeared that the most of them had been driven on the shore of Calabria and fallen into the hands of the enemy .	13
124741073	winter	Now John and temple emperor 's army , upon reaching Dalmatia , decided to pass the winter in Salones , purposing to march from there straight for Ravenna after the winter season .	30
124755359	winter	Now Mermeroes , fearing that in the course of a long time some mishap should befall Petra and the Persians left there , had set his whole army in motion and marched in that direction , being further influenced to do so by the season , seeing it was now past winter .	51
124758065	winter	This place Mermeroes was now eager to rebuild , but , since he had no equipment for the task , and because at the same time the winter was already setting in , he replaced with wood as quickly apostle such parts of the fortress as had fallen down and remained there .	27
124759587	winter	Mermeroes , as the winter season came on , built a wooden wall at Cotais and established there a guard of warlike Persians no less than three thousand strong , and he also left a sufficient force of men in Uthimereos .	4
124759773	winter	And the rest of the Lazi likewise , ashamed to be outdone by King Gubazes , were passing the winter as well as he among the crags , fearing indeed no difficulty from the enemy there , for these mountains are at all times impracticable and wholly inaccessible for an attacking force , and particularly during the winter , but forced to endure mortal suffering through hunger , cold , and the other hardships .	19
124759801	winter	And the rest of the Lazi likewise , ashamed to be outdone by King Gubazes , were passing the winter as well as he among the crags , fearing indeed no difficulty from the enemy there , for these mountains are at all times impracticable and wholly inaccessible for an attacking force , and particularly during the winter , but forced to endure mortal suffering through hunger , cold , and the other hardships .	57
124760586	winter	After the winter season Isdigousnas arrived at the court of Chosroes with the money and announced the terms agreed upon by them .	2
124764348	winter	For to the east of the wall there is a salubrious air , changing with the seasons , being moderately warm in summer and cool in winter .	26
124765116	winter	And the winter drew to its close and the sixteenth year ended in this Gothic War , the history of which Procopius has written .	2
124770847	winter	And the winter drew to a close , and the seventeenth year ended in this war , the history of which Procopius has written .	2
101144503	winter	But you see this poor Demos without a cloak and that at his age too ! so little do you care for him , that in mid - winter you have not given him a garment with sleeves .	28
101163587	winter	in winter he watched that their feet should not get frozen .	1
101182570	winter	No . All birds moult their feathers , you know , every winter , and others grow in their place .	12
101186517	storm	there will be a storm , ” or else ,	4
101187442	winter	First of all , they mark the seasons for them , springtime , winter , and autumn .	13
101187591	winter	If you recognize us as gods , we shall be your divining Muses , through us you will know the winds and the seasons , summer , winter , and the temperate months .	27
101190059	winter	Happy indeed is the race of winged birds who need no cloak in winter !	13
101192710	autumn	In springtime it shoots forth calumnies instead of buds and in autumn it strews the ground with bucklers in place of leaves .	11
101204991	winter	and in winter it is never possible to round off strophes without coming to the sun to excite the imagination .	2
101210980	storm	" To what master does this splendid palace belong ? Will he welcome strangers who have been tried on the billows of the sea by storm and shipwreck ? "	25
101222254	winter	First of all , when scarcely born , he is exposed in the middle of winter in an earthenware vessel , for fear he might become the murderer of his father , if brought up ;	15
101227802	winter	and if they shut the door in winter , let them be condemned to give him three goat - skins . "	7
102506880	winter	if a person in health wishes to cool his body during winter , and bathes either in cold water or in any other way , the more he does this , unless his body be fairly congealed , when he resumes his clothes and comes into a place of shelter , his body becomes more heated than before .	11
102509798	winter	And in particular , as the season and the year advances , he can tell what epidemic diseases will attack the city , either in summer or in winter , and what each individual will be in danger of experiencing from the change of regimen .	28
102509990	winter	A city that is exposed to hot winds ( these are between the wintry rising , and the wintry setting of the sun ) , and to which these are peculiar , but which is sheltered from the north winds ; in such a city the waters will be plenteous and saltish , and as they run from an elevated source , they are necessarily hot in summer , and cold in winter ;	72
102511282	winter	This disease is habitual to them both in summer and in winter ,	11
102511332	summer	These are the diseases which attack them in summer ; but in winter younger persons are liable to pneumonia , and maniacal affections ;	8
102511592	winter	they are hot in summer and cold in winter , for such necessarily must be the waters from deep wells .	8
102512415	winter	You may ascertain this in the following manner : If in winter you will pour water by measure into a vessel and expose it to the open air until it is all frozen , and then on the following day bring it into a warm situation where the ice will thaw , if you will measure the water again when dissolved you will find it much less in quantity .	11
102513088	winter	if there be rains in autumn ; if the winter be mild , neither very tepid nor unseasonably cold , and if in spring the rains be seasonable , and so also in summer , the year is likely to prove healthy .	9
102513129	winter	But if the winter be dry and northerly , and the spring showery and southerly , the summer will necessarily be of a febrile character , and give rise to ophthalmies and dysenteries .	3
102513262	storm	And if at the rising of the Dogstar rain and wintery storms supervene , and if the etesian winds blow , there is reason to hope that these diseases will cease , and that the autumn will be healthy ; but if not , it is likely to be a fatal season to children and women , but least of all to old men ; and that convalescents will pass into quartans , and from quartans into dropsies ;	11
102513313	winter	but if the winter be southerly , showery and mild , but the spring northerly , dry , and of a wintry character , in the first place women who happen to be with child , and whose accouchement should take place in spring ,	3
102513479	winter	For when , the winter being southerly and the body hot , the blood and veins are not properly constringed ; a spring that is northerly , dry , and cold , having come on , the brain when it should have been expanded and purged , by the coryza and hoarseness is then constringed and contracted , so that the summer and the heat occurring suddenly , and a change supervening , these diseases fall out .	4
102513658	winter	And if the summer be rainy and southerly , and next the autumn , the winter must , of necessity , be sickly , and ardent fevers are likely to attack those that are phlegmatic , and more elderly than forty years , and pleurisies and peripneumonies those that are bilious .	15
102513701	autumn	But if the summer is parched and northerly , but the autumn rainy and southerly , headache and sphacelus of the brain are likely to occur ; and in addition hoarseness , coryza , coughs , and in some cases , consumption .	11
102513835	winter	for they are thereby dried up , and reach winter not oppressed with humors , but with them dried up .	9
102515993	winter	so that winter may be said to be always present with them ; or , if they have summer , it is only for a few days ,	2
102516043	winter	The wild beasts there are not large , but such as can be sheltered underground ; for the cold of winter	20
102516099	winter	The changes of the seasons , too , are not great nor violent , for , in fact , they change gradually ; and therefore their figures resemble one another , as they all equally use the same food , and the same clothing summer and winter , respiring a humid and dense atmosphere , and drinking water from snow and ice ;	46
102517222	winter	The other races in Europe differ from one another , both as to stature and shape , owing to the changes of the seasons , which are very great and frequent , and because the heat is strong , the winters severe , and there are frequent rains , and again protracted droughts , and winds ,	40
102517929	winter	for where the land is fertile , soft , and well - watered , and supplied with waters from very elevated situations , so as to be hot in summer and cold in winter , and where the seasons are fine , there the men are fleshy , have ill - formed joints , and are of a humid temperament ; they are not disposed to endure labor , and , for the most part , are base in spirit ;	33
102517999	winter	When the country is bare , not fenced , and rugged , blasted by the winter and scorched by the sun , there you may see the men hardy , slender , with well - shaped joints , well - braced , and shaggy ; sharp industry	15
102523608	winter	It is proper to know that deposits occur most readily in winter , that then they are most protracted , but are less given to return .	11
102525973	summer	hot if it is winter , and cold if it is summer ; and , if there be much thirst , he should take hydromel and water .	11
102527062	winter	for one should sleep after dinner , as if passing the night , and guard against cold in winter and heat in summer ; or , if the person can not sleep ,	18
102592430	winter	a man will survive longer in winter than in summer , whatever be the part of the head in which the wound is situated .	6
102596630	winter	When a bone is broken , or cleft , or contused , or otherwise injured , and when by mistake it has not been discovered , and neither the raspatory nor trepan has been applied as required , but the case has been neglected as if the bone were sound , fever will generally come on if in winter ,	58
102596794	winter	And thus they die before the end of seven days , if in summer ; and before fourteen , if in winter .	21
102615383	winter	and especially those employed at the plow as being worked in the winter season .	12
102639701	winter	The parts put on the appearance of dislocation forward , when the flesh about the joint is wasted during consumption , as also seems to be the case with cattle when in a state of leanness after winter .	37
102642721	winter	but in winter unwashed wool may be applied as a cover to the part ;	2
102645737	winter	In winter and spring the bowels are naturally the hottest , and the sleep most prolonged ; at these seasons , then ,	1
102645842	winter	Invalids bear food worst during summer and autumn , most easily in winter , and next in spring .	12
102646441	winter	The summer quartans are , for the most part , of short duration ; but the autumnal are protracted , especially those occurring near the approach of winter .	27
102647127	winter	Of natures ( temperaments ? ) , some are wellor ill - adapted for summer , and some for winter .	19
102647335	winter	With regard to the seasons , if the winter be of a dry and northerly character , and the spring rainy and southerly , in summer there will necessarily be acute fevers , ophthalmies , and dysenteries , especially in women , and in men of a humid temperament .	8
102647378	spring	If the but the spring dry and northerly , women whose term of delivery should be in spring ,	4
102647468	winter	If the summer be dry and northerly and the autumn rainy and southerly , headaches occur in winter , with coughs , hoarsenesses , coryzae , and in some cases consumptions .	17
102647713	winter	during the remainder of the autumn and in winter , those of the intermediate ages .	8
102647896	winter	Of winter , pleurisy , pneumonia , coryza , hoarseness , cough , pains of the chest , pains of the ribs and loins , headache , vertigo , and apoplexy .	1
102648285	winter	We should rather purge upward in summer , and downward in winter .	11
102648307	winter	Lean persons who are easily made to vomit should be purged upward , avoiding the winter season .	15
102648393	winter	It is a bad thing to purge upward in winter persons whose bowels are in a state of lientery .	9
102906158	winter	Those who teethe in winter , other things being equal , come off better .	4
100790183	tempest	That , then , is the reason why Diodotus , although from time to time he entertained the thought of presenting himself to you , hesitated to do so , not because he believed that all his superiors were alike , but because the difficulties which he had experienced with these rulers caused him to be rather faint - hearted with reference also to the hopes he placed in you . That feeling was , I fancy , like that of some persons who have been at sea , who when they have once experienced a tempest , no longer with confidence embark upon a voyage , even though they know that one may often meet with a fair sailing .	96
102450313	storm	And how monstrous it would be , when you have punished with death the commanders who won the victory at sea — they said that a storm prevented them from picking up the men in the water , but you felt that you must make them give satisfaction to the I valor of the dead — if these men , who as ordinary persons used their utmost endeavors towards your defeat in the sea - fights , and then , once established in power , admit that of their own free will they put to death many of the citizens without a trial,—if these men , I say , and their children are not to be visited by you with the extreme penalty of the law !	26
102474219	winter	Two of them denied any knowledge of the matter ; but Anytus stated that in the previous winter , as the corn was dear , and these men were outbidding each other and fighting amongst themselves , he had advised them to cease their competition , judging it beneficial to you , their customers , that they should purchase at as reasonable a price as possible :	17
101730463	winter	if you wish to know the probable meaning ; exist to divide winters and summers and winds and the fruits of the earth ;	12
101796774	weather	and various function of making defences ; and at the very beginning we cut off the whole art of magic which is concerned with antidotes and spells , and we have left , as it would seem , just the art we were seeking , which furnishes protection from the weather , manufactures a defence of wool , and is called the art of weaving .	50
101866081	winter	so up I got , and without suffering the man to say a word more I wrapped my own coat about him — it was winter - time ; drew myself under his cloak , so ; wound my arms about this truly spiritual and miraculous creature ; and lay thus all the night long .	25
101866392	winter	But it was in his endurance of winter — in those parts the winters are awful — that I remember , among his many marvellous feats , how once there came a frost about as awful as can be : we all preferred not to stir abroad , or if any of us did , we wrapped ourselves up with prodigious care , and after putting on our shoes we muffled up our feet with felt and little fleeces . But he walked out in that weather , clad in just such a coat as he was always wo nt to wear , and he made his way more easily over the ice unshod than the rest of us did in our shoes . The soldiers looked askance at him , thinking that he despised them .	13
101866398	winter	But it was in his endurance of winter — in those parts the winters are awful — that I remember , among his many marvellous feats , how once there came a frost about as awful as can be : we all preferred not to stir abroad , or if any of us did , we wrapped ourselves up with prodigious care , and after putting on our shoes we muffled up our feet with felt and little fleeces . But he walked out in that weather , clad in just such a coat as he was always wo nt to wear , and he made his way more easily over the ice unshod than the rest of us did in our shoes . The soldiers looked askance at him , thinking that he despised them .	13
101902895	weather	And he who has acquired the so - called mastery of learning and arts , but is destitute of this knowledge and impelled by this or that one among those others , is sure to meet with much rough weather , as he truly deserves ; since , I imagine , he must continue without a pilot on the high seas , and has only the brief span of his life in which to run his course .	39
101962746	winter	and when he had equipped them with avoidances of mutual destruction , he devised a provision against the seasons ordained by Heaven , in clothing them about with thick - set hair and solid hides , sufficient to ward off winter yet able to shield them also from the heats , and so that on going to their lairs they might find in these same things a bedding of their own that was native to each ; and some he shod with hoofs , others with claws and solid ,	40
101972005	storm	Clearly not the ordinary man , for he may be overcome at any time ; just as you can not knock over one who is lying down , but one who is standing ; you might knock over a standing man so as to make him lie down , not one who is lying down already . So it is a man apt to resist that an irresistible mischance would overthrow , and not one who could never resist anything . A great storm breaking over a steersman will render him helpless , and a severe season will leave a farmer helpless , and a doctor will be in the same case .	83
102066796	winter	And they will build themselves houses and carry on their work in summer for the most part unclad and unshod and in winter clothed and shod sufficiently ?	22
102078526	storm	“ Then , ” said I , “ we need some more ingenious form of training for our athletes of war , since these must be as it were sleepless hounds , and have the keenest possible perceptions of sight and hearing , and in their campaigns undergo many changes in their drinking water , their food , and in exposure to the heat of the sun and to storms , without disturbance of their health . ” “ I think so . ”	69
102082922	winter	“ And these must be of a character keep out the cold in winter and be sufficient in summer ? ”	13
102111178	storm	And those who have been of this little company and have tasted the sweetness and blessedness of this possession and who have also come to understand the madness of the multitude sufficiently and have seen that there is nothing , if I may say so , sound or right in any present politics , and that there is no ally with whose aid the champion of justice could escape destruction , but that he would be as a man who has fallen among wild beasts , unwilling to share their misdeeds and unable to hold out singly against the savagery of all , and that he would thus , before he could in any way benefit his friends or the state come to an untimely end without doing any good to himself or others,—for all these reasons I say the philosopher remains quiet , minds his own affair , and , as it were , standing aside under shelter of a wall in a storm and blast of dust and sleet and seeing others filled full of lawlessness , is content if in any way he may keep himself free from iniquity and unholy deeds through this life and take his departure with fair hope , serene and well content when the end comes . ”	164
102157602	cold	the truth being that in every place where there is no excessive heat or cold to prevent it there always exists some human stock , now more , now less in number .	14
102175565	winter	And inasmuch as He deemed that the texture of the bony substance was too hard and inflexible , and that if it were fired and cooled again it would decay and speedily destroy the seed within it , for these reasons He contrived the species known as sinew and flesh . He designed to bind all the limbs together by means of the former , which tightens and relaxes itself around the pivots , and thus cause the body to bend and stretch itself . And the flesh He designed to be a shield against the heat and a shelter against the cold ; and , moreover , that in case of falls it should yield to the body softly and gently , like padded garments ; and , inasmuch as it contains within it warm moisture , that it should supply in summer , by its perspiration and dampness , a congenial coolness over the exterior of the whole body , and contrariwise in winter defend the body sufficiently , by means of its fire , from the frost which attacks and surrounds it from without .	165
102175603	winter	And inasmuch as He deemed that the texture of the bony substance was too hard and inflexible , and that if it were fired and cooled again it would decay and speedily destroy the seed within it , for these reasons He contrived the species known as sinew and flesh . He designed to bind all the limbs together by means of the former , which tightens and relaxes itself around the pivots , and thus cause the body to bend and stretch itself . And the flesh He designed to be a shield against the heat and a shelter against the cold ; and , moreover , that in case of falls it should yield to the body softly and gently , like padded garments ; and , inasmuch as it contains within it warm moisture , that it should supply in summer , by its perspiration and dampness , a congenial coolness over the exterior of the whole body , and contrariwise in winter defend the body sufficiently , by means of its fire , from the frost which attacks and surrounds it from without .	165
102176383	winter	Making use , then , of the causes mentioned our Maker fashioned the head shaggy with hair , purposing that , in place of flesh , the hair should serve as a light roofing for the part about the brain for safety ’s sake , providing a sufficient shade and screen alike in summer and in winter , while proving no obstacle in the way of easy perception .	56
102184441	winter	And near the place of the present Acropolis there was one spring — which was choked up by the earthquakes so that but small tricklings of it are now left round about ; but to the men of that time it afforded a plentiful stream for them all , being well tempered both for winter and summer .	54
102186898	winter	And they cropped the land twice a year , making use of the rains from Heaven in the winter , and the waters that issue from the earth in summer , by conducting the streams from the trenches .	18
102194467	winter	affords a wonderfully severe training in hardihood , as the men go bare - foot in winter and sleep without coverlets and have no attendants , but wait on themselves and rove through the whole countryside both by night and by day .	16
102238287	winter	and in all other respects they shall determine to live a self - supporting life , acting as their own ministers and masters , and thoroughly exploring , moreover , the whole country both by summer and winter , under arms , for the purpose both of fencing	37
102260464	cold_weather	Therefore , a judicious State must carry out a march , every month , for not less than one whole day , or more ( according as the rulers decree ) , paying no heed to cold weather or hot : all shall join in it — men , women and children — whenever the rulers decide to march them out en masse , and at other times they shall go in sections .	36
102273077	cold	And if one man kills another of his own act , but involuntarily,—whether it be with his own unarmed body , or by a tool or a weapon , or by a dose of drink or of solid food , or by application of fire or of cold , or by deprivation of air , and whether he does it himself with his own body or by means of other bodies , — in all cases it shall be accounted to be his own personal act , and he shall pay the following penalties .	47
102291668	storm	But as things are now , whenever a man has planted his house , with a view to retail trade , in a desert place and with all the roads from it lengthy , if in this welcome lodging he receives travellers in distress , providing tranquillity and calm to those buffeted by fierce storms or restful coolness after torrid heat,—the next thing is that , instead of treating them as comrades and providing friendly gifts as well as entertainment , he holds them ransom , as if they were captive foemen in his hands , demanding very high sums of unjust and unclean ransom - money ; it is criminal practices such as this , in the case of all these trades , that afford grounds of complaint against this way of succoring distress .	54
102300682	summer	Every year , after the summer solstice , the whole State must assemble at the common precincts of Helios and Apollo , there to present before the god the names of three out of their own number , — each citizen proposing that man , not less than fifty years old , whom ( with the exception of himself ) he regards as in all respects the best .	5
102331903	storm	For while , in dealing with the unrighteous , a righteous man who is sober and sound of mind will never be wholly deceived concerning the souls of such men ; yet it would not , perhaps , be surprising if he were to share the fate of a good pilot , who , though he certainly would not fail to notice the oncoming of a storm , yet might fail to realize its extraordinary and unexpected violence , and in consequence of that failure might be forcibly overwhelmed .	66
102331911	storm	For while , in dealing with the unrighteous , a righteous man who is sober and sound of mind will never be wholly deceived concerning the souls of such men ; yet it would not , perhaps , be surprising if he were to share the fate of a good pilot , who , though he certainly would not fail to notice the oncoming of a storm , yet might fail to realize its extraordinary and unexpected violence , and in consequence of that failure might be forcibly overwhelmed .	66
101284662	winter	Shortly after this , at the beginning of the winter , Dorieus , the son of Diagoras , sailed into the Hellespont from Rhodes with fourteen ships , arriving at daybreak .	9
101286914	winter	The Athenians also made some other expeditions during the winter into the interior and laid waste the King ’s territory .	9
101287014	winter	When the winter ended and spring began,—Pantacles being now ephor and Antigenes archon , and the war having continued for twenty - two years — the Athenians sailed with their entire force to Proconnesus .	2
101287834	winter	As for Pharnabazus and the ambassadors , while they were spending the winter at Gordium , in Phrygia , they heard what had happened at Byzantium .	12
101291162	storm	But despite their desire to carry out these measures , the wind and a heavy storm which came on prevented them ; accordingly , after setting up a trophy ,	15
101291452	storm	After this the generals made a statement before the Senate in regard to the battle and the violence of the storm ;	20
101291526	storm	For as proof that the generals fastened the responsibility upon no person apart from themselves , Theramenes showed a letter which they had sent to the Senate and to the Assembly , in which they put the blame upon nothing but the storm .	42
101292816	storm	This much , however , I can say in defence of both parties , that the storm absolutely prevented them from doing any of the things which the generals had planned .	16
101292905	storm	Do not , then , men of Athens , in the face of your victory and your good fortune , act like men who are beaten and unfortunate , nor , in the face of heaven 's visitation , show yourselves unreasonable by giving a verdict of treachery instead of helplessness , since they found themselves unable on account of the storm to do what they had been ordered to do ; nay ,	61
101293099	winter	when winter came on , however , and they were without food and poorly clad and unshod , they got together and agreed to make an attack upon Chios ;	1
101297645	storm	I said in my defence that on account of the storm it was not possible even to sail , much less to pick up the men , and it was decided by the state that my plea was a reasonable one , while the generals were clearly accusing themselves .	10
101299944	weather	For in fair weather they send a storm , when it is to our advantage ,	3
101304875	winter	But Dercylidas , having now found out that he was to remain in Asia , sent to Pharnabazus again and asked whether he preferred to have a truce , as during the winter , or war .	32
101306384	winter	During the rest of the summer and the ensuing winter the country of the Eleans was plundered by Lysippus and the men with him .	9
101320823	winter	When the winter had passed , at the very beginning of spring Agesilaus again called out the ban against the Acarnanians , in accordance with his promise to the Achaeans .	2
101332997	winter	But the ephors , hearing the stories of those who had been banished after the slaughter in Thebes , sent out Cleombrotus , — this being the first time that he had a command , — in the dead of winter .	40
101335978	winter	So it came about that after being carried back to Lacedaemon he was ill the rest of the summer and throughout the winter .	22
101338541	weather	In addition he also maintained a blockade at the mouth of the harbour when the weather did not interfere .	15
101346032	winter	and Agesilaus , even though he was exceedingly desirous of leading back his army — for it was mid - winter — nevertheless remained there for three days , not far away from the city of the Mantineans , that he might not be thought to be hurrying his departure out of fear .	20
101348405	winter	besides , it was winter , so that by this time all alike wanted to withdraw .	4
101350372	storm	And whenever they wished to take the field , neither night nor storm nor length of journey nor difficult mountains would prevent them ;	12
101361593	cold	No less wonderful is it to me that some believed the charge brought against Socrates of corrupting the youth . In the first place , apart from what I have said , in control of his own passions and appetites he was the strictest of men ; further , in endurance of cold and heat and every kind of toil he was most resolute ; and besides , his needs were so schooled to moderation that having very little he was yet very content .	52
101368248	winter	Your meat and drink are of the poorest : the cloak you wear is not only a poor thing , but is never changed summer or winter ; and you never wear shoes or tunic .	26
101383100	storm	but when they expect a storm or an attack , they not only carry out all orders , but watch in silence for the word of command like choristers .	5
101386596	winter	And this being admitted , Is it pleasant , he asked , to have it cool in summer and warm in winter ?	21
101386614	winter	And when they agreed with this also , Now in houses with a south aspect , the sun ’s rays penetrate into the porticoes in winter , but in summer the path of the sun is right over our heads and above the roof , so that there is shade .	25
101395742	winter	Think again how the sun , when past the winter solstice , approaches , ripening some things and withering others , whose time is over ; and having accomplished this , approaches no nearer , but turns away , careful not to harm us by excess of heat ; and when once again in his retreat he reaches the point where it is clear to ourselves , that if he goes further away , we shall be frozen with the cold , back he turns once more and draws near and revolves in that region of the heavens where he can best serve us .	9
101407382	winter	And though she supplies good things in abundance , she suffers them not to be won without toil , but accustoms men to endure winter ’s cold and summer ’s heat .	24
101412471	winter	I showed her decorated living - rooms for the family that are cool in summer and warm in winter .	18
101412490	winter	I showed her that the whole house fronts south , so that it was obvious that it is sunny in winter and shady in summer .	20
101418371	winter	then , we start ploughing in winter ?	6
101418770	winter	For example , all agree that it is better to wear warm clothes in winter , if they can , and all agree on the desirability of having a fire , if they have wood .	14
101419341	winter	I presume you know that in winter there is a heavy rainfall ?	6
101425343	winter	Or are you laughing because I shall not need to hunt up a partner to exercise with , or to strip , old as I am , in a crowd , but shall find a moderate - sized room large enough for me ( just as but now this room was large enough for the lad here to get up a sweat in ) , and because in winter I shall exercise under cover , and when it is very hot , in the shade ?	68
101443606	cold	my father 's realm extends toward the south to a region where men can not dwell by reason of the heat , and to the north to a region where they can not dwell by reason of the cold ;	38
101463736	storm	On the next day there was a heavy storm , but they had to continue their march ,	8
101480842	weather	And Xenophon said , Well , really , with weather of the sort you describe and provisions used up and no chance even to get a smell of wine , when many of us were becoming exhausted with hardships and the enemy were at our heels , if at such a time as that I wantonly abused you , I admit that I am more wanton even than the ass , which , because of its wantonness , so the saying runs , is not subject to fatigue .	9
101481290	weather	For once during the severe weather I myself remained seated for quite a long time , waiting for some people who were packing up , and I discovered that it was hard work to get up and stretch my legs .	5
101481513	sea	and a high sea is running , do you not observe that even for a mere nod the lookout gets angry with the people at the prow and the helmsman angry with the people at the stern ?	3
101481713	cold	But really , he continued , I am surprised that if ever I incurred the ill - will of any one among you , you remember that and are not silent about it , while if I protected any one from the cold , or warded off an enemy from him , or helped to provide something for him when he was sick or in want , these acts , on the other hand , are not remembered by anybody ; nor , again , if I praised a man for a deed well done , or honoured according to my ability a man who was brave , do you remember any of these things .	42
101493405	winter	for the season was winter , and it was impossible to sail back home , if that was what one wished , and impossible also to get along in a friendly country if they had to maintain themselves by purchasing ; on the other hand , to spend their time and get their maintenance in a hostile country was a safer proceeding in Seuthes ' company than if they were alone .	4
101497082	winter	Thereupon this Arcadian said : For our part , Lacedaemonians , we should have been with you a long time ago if Xenophon had not talked us over and led us off to this region , where we have never ceased campaigning , by night or day , through an awful winter ,	51
101497786	midwinter	So you encamped outside , under the sky , though it was midwinter , and you got your provisions by purchase at a market , though scanty were the supplies you saw offered for sale and scanty the means you had with which to buy ; yet you were compelled to remain upon the Thracian coast ,	12
101514208	winter	and that he can endure cold better than they if it be in winter ;	13
101515432	winter	For you used to get up in the coldest winter weather and go out before daylight to catch birds , and before the birds were astir you had your snares laid ready for them and the ground disturbed had been made exactly like the ground undisturbed ;	9
101545982	winter	But , he went on , if a law should be passed forbidding those who did not eat to be hungry , those who did not drink to be thirsty , forbidding people to be cold in winter or hot in summer , no such law could ever bring men to obey its provisions ,	37
101553105	storm	like men putting into port out of a storm .	8
101559307	winter	For winter is coming , you know ; and even granting that we have shelter for ourselves , still , by Zeus , there will be none for our horses or for our attendants or for the rank and file of the army ; and without them we could not carry on the war .	1
101563428	winter	Why , God teaches us that , by leading us gradually from winter to endure the burning heat of summer , and from the heat of summer to the rigours of winter ; and we should imitate Him	12
101563441	winter	Why , God teaches us that , by leading us gradually from winter to endure the burning heat of summer , and from the heat of summer to the rigours of winter ; and we should imitate Him	31
101587574	winter	For wherever the great king encamps , all his retinue follow him to the field with their tents , whether in summer or in winter .	24
101590325	winter	Cyrus himself made his home in the centre of his domain , and in the winter season he spent seven months in Babylon ,	15
101593290	winter	Again , in winter they are not satisfied with having clothing on their heads and bodies and legs , but they must have also sleeves thickly lined to the very tips of their fingers , and gloves besides .	3
101605028	winter	He inflicted a crushing defeat on the enemy of the Greeks , and helped to establish his rival ; and so having made him the friend of Sparta , and having received a great sum of money in addition , he sailed home , though it was mid - winter , with all haste , in order that the state might be in a position to take action against her enemies in the coming summer .	49
101605771	winter	There were things , to be sure , of which he was not ashamed to take more than his share — for instance , the summer 's heat and the winter 's cold :	30
101615268	weather	In the first place , I presume , she possesses the finest and safest accomodation for shipping , since vessels can anchor here and ride safe at their moorings in spite of bad weather .	33
101635527	winter	In summer they should be out till midday , in winter at any hour of the day , in autumn at any time except midday , and before evening during the spring ; for at these times the temperature is mild .	10
101635554	winter	The scent of the hare lies long in winter owing to the length of the nights ,	8
101635571	winter	In the winter , however , there is no scent in the early morning whenever there is a white frost or the earth is frozen hard .	2
101635832	winter	In winter and summer and autumn the scent lies straight in the main .	1
101637868	winter	and let the huntsman take the hounds and go to the place in the hunting ground where the hare may be lurking ; and after registering a vow to Apollo and Artemis the Huntress to give them a share of the spoil , let him loose one hound , the cleverest at following a track , at sunrise in winter , before dawn in summer , and some time between at other seasons .	59
101638651	winter	For breeding purposes , relieve the bitches of work in the winter , that the rest may help them to produce a fine litter towards spring ,	11
101640918	winter	since they are warm in winter and cool in summer .	5
103486108	winter	In a town in which horses can be kept and on ground passable for them patrolling can be done in winter by horsemen , for in the cold and mud	20
103599192	winter	Now when winter had set in , Thrasybulus and the exiles occupied Phyle , and the force which the Thirty led out to attack them met with a reverse . Thereupon the Thirty decided to disarm the bulk of the population and to get rid of Theramenes ; which they did in the following way .	2
103666380	storm	For many of life 's events are such that they cause men to throw life away , for instance , diseases , excessive pains , storms ; so that it is clear that on account of these things any way it would actually be preferable ,	25
103801820	winter	as the sun makes winter and summer in the year as a whole , so does the moon in the month . This is not due to the turning of the moon , but it grows warmer as the light increases and colder as it wanes .	4
103814352	winter	It is in winter that this happens to plants ( for the change from summer to winter is more important to them than the time of life ) , and to those animals which hibernate ( for these , too , are by nature less hot and moist than man ) ;	3
103814683	winter	But the winter and summer , spring and autumn of man are defined by his age , so that , since his ages do not return , neither do the conditions caused by them return , although the cause of the change of condition is similar in man to what it is in the animals and plants in question .	2
103855716	winter	This phenomenon is remarkably illustrated in the ring - dove and the partridge , so much so that some people are actually of opinion that these birds are devoid of the organ in the winter - time .	34
103871697	winter	In winter time their flesh is firm , and accordingly they are sought after as articles of food , but in summer weather they are worthless , for they become thin and watery , and if you catch at them they break at once into bits ,	1
103878945	winter	Animals in general seem naturally disposed to this intercourse at about the same period of the year , and that is when winter is changing into summer .	22
103878984	winter	Some animals pair and breed in autumn also and in winter , as is the case with certain aquatic animals and certain birds .	10
103879063	winter	In the human species , the male is more under sexual excitement in winter , and the female in summer .	13
103879350	winter	Insects copulate and breed in winter also , that is when the weather is fine and south winds prevail ; such , I mean , as do not hibernate , as the fly and the ant .	5
103879868	autumn	Some few breed in autumn : as , for instance , the saupe and the sargus , and such others of this sort as breed shortly before the autumn equinox ; likewise the electric ray and the angel - fish .	4
103879877	autumn	Some few breed in autumn : as , for instance , the saupe and the sargus , and such others of this sort as breed shortly before the autumn equinox ; likewise the electric ray and the angel - fish .	28
103879982	winter	As a general rule , then , fishes are in roe in the spring - time ; while some , as has been said , are so in summer , in autumn , or in winter .	35
103880164	winter	The octopus pairs in winter and breeds in spring , lying hidden for about two months .	4
103880263	winter	The purple murex breeds about springtime , and the ceryx at the close of the winter .	15
103880381	weather	With regard to the blackbird , however , its first brood is killed by inclemency of weather ( for it is the earliest of all birds to breed ) , but the second brood it usually succeeds in rearing .	16
103880442	winter	and hen have intercourse , and the hen breeds , at all seasons alike : excepting by the way , during the days about the winter solstice .	25
103881698	winter	With regard to the age of the parents , the litter is the best when they are in their prime ; but with regard to the seasons of the year , the litter is the best that comes at the beginning of winter ; and the summer litter the poorest , consisting as it usually does of animals small	42
103884159	winter	In winter and spring these animals keep in near to land , in summer they keep in deep water ; thus at various times seeking respectively for warmth or coolness .	1
103884200	winter	and consequently in winter and in the spring - time , before laying their eggs , they are at their best , and after laying at their worst .	3
103885044	winter	Other insects are not derived from living parentage , but are generated spontaneously : some out of dew falling on leaves , ordinarily in spring - time , but not seldom in winter when there has been a stretch of fair weather and southerly winds ; others grow in decaying mud or dung ;	32
103885817	winter	The cantharus or scarabeus rolls a piece of dung into a ball , lies hidden within it during the winter , and gives birth therein to small grubs , from which grubs come new canthari .	19
103887445	winter	but only in the winter season ;	4
103888314	winter	During the winter their eggs remain in the ground ;	2
103890040	winter	Some birds couple and lay at almost any time in the year , as for instance the barn - door hen and the pigeon : the former of these coupling and laying during the entire year , with the exception of the month before and the month after the winter solstice .	49
103890874	winter	Eggs are hatched under brooding hens more rapidly in summer than in winter ;	12
103890890	winter	that is to say , hens hatch in eighteen days in summer , but occasionally in winter take as many as twenty - five .	16
103893413	winter	The cuckoo appears only for a short time in summer , and in winter disappears .	13
103903573	winter	The wild sow submits to the boar at the beginning of winter , and in the spring - time retreats for parturition to a lair in some district inaccessible to intrusion , hemmed in with sheer cliffs and chasms and overshadowed by trees .	11
103904118	winter	In winter - time the deer becomes thin and weak , but towards the approach of the spring he is at his best for running .	1
103913225	winter	If they are removed in summer from the pools to the tanks they will die ; but not so if removed in the winter .	23
103913901	winter	for in winter it lurks in some hole or other	2
103915999	winter	In winter time shepherds can easily distinguish the vigorous sheep from the weakly , from the fact that the vigorous sheep are covered with hoar - frost while the weakly ones are quite free of it ; the fact being that the weakly ones feeling oppressed with the burden shake themselves	1
103916255	winter	For all animals have an instinctive perception of the changes of temperature , and , just as men seek shelter in houses in winter , or as men of great possessions spend their summer in cool places and their winter in sunny ones , so also all animals that can do so shift their habitat at various seasons .	23
103916315	winter	Some creatures can make provision against change without stirring from their ordinary haunts ; others migrate , quitting Pontus and the cold countries after the autumnal equinox to avoid the approaching winter , and after the spring equinox migrating from warm lands to cool lands to avoid the coming heat .	31
103916479	winter	Fishes also in a similar manner shift their habitat now out of the Euxine and now into it . In winter they move from the outer sea in towards land in quest of heat ; in summer they shift from shallow waters to the deep sea to escape the heat .	20
103916515	winter	Weakly birds in winter and in frosty weather come down to the plains for warmth , and in summer migrate to the hills for coolness .	3
103917412	winter	If winter comes in with a southerly wind , they swim out with more or less of deliberation ; but , if a north wind be blowing , they swim out with greater rapidity , from the fact that the breeze is favourable to their own course .	1
103917715	winter	during winter fishes take to concealing themselves in out of the way places , and quit their places of concealment in the warmer season .	1
103917832	winter	They do not go into hiding at one and the same season ; but the snails go in winter , the purple murex and the ceryx for about thirty days at the rising of the Dog - star , and the scallop at about the same period .	18
103917897	winter	They hide in the winter ;	4
103918037	winter	and notably , the hippurus and coracinus in winter time ; for , whereas fish in general may be caught at all periods of the year more or less , there is this singularity observed in these fishes ,	8
103918293	winter	Most fishes hide , then , during the winter only , but crustaceans , the rock - fish , the ray , and the cartilaginous species hide only during extremely severe weather ,	8
103919617	winter	While most fishes , then , are benefited by rain , they are chiefly benefited by summer rain ; or we may state the case thus , that rain is good for fishes in spring , summer , and autumn , and fine dry weather in winter .	46
103919652	winter	and those fishes suffer most in severe winters that have a stone in their head , as the chromis ,	7
103919723	winter	The cephalus is peculiarly subject to this malady in severe winters ;	10
103919789	winter	The gilthead also suffers in winter ; the acharnas suffers in summer , and loses condition .	5
103920363	winter	It is a known fact that in winter fishes emerge from the deep parts of rivers and , by the way , at all seasons fresh water is tolerably cold .	7
103922869	wintertime	And , by the way , unlike animals elsewhere , they require to drink more in wintertime than in summer :	16
103927602	winter	Turtle - doves in summer live in cold places , ( and in warm places during the winter ) ; chaffinches affect warm habitations in summer and cold ones in winter .	17
103927619	winter	Turtle - doves in summer live in cold places , ( and in warm places during the winter ) ; chaffinches affect warm habitations in summer and cold ones in winter .	30
103929723	winter	It changes its appearance in summer and in winter , as in fact do the great majority of wild birds .	8
103929861	winter	The reed - warbler makes its living as easily as any other bird , sits in summer in a shady spot facing the wind , in winter in a sunny and sheltered place among reeds in a marsh ;	26
103930397	winter	it is not visible during winter , but puts in an appearance about the time of the summer solstice , and departs again at the rising of Arcturus ;	5
103930545	winter	and is trapped usually in the winter .	6
103933420	winter	Out of the lagoon of Pyrrha all the fishes swim in winter - time , except the sea - gudgeon ; they swim out owing to the cold , for the narrow waters are colder than the outer sea , and on the return of the early summer they all swim back again .	11
103936576	winter	Creatures that make their appearance in hives and spoil the combs the working - bees clear out , but the other bees from sheer laziness look with indifference on damage done to their produce . When the bee - masters take out the combs , they leave enough food behind for winter use ; if it be sufficient in quantity , the occupants of the hive will survive ; if it be insufficient , then , if the weather be rough , they die on the spot , but if it be fair , they fly away and desert the hive .	51
103936594	winter	Creatures that make their appearance in hives and spoil the combs the working - bees clear out , but the other bees from sheer laziness look with indifference on damage done to their produce . When the bee - masters take out the combs , they leave enough food behind for winter use ; if it be sufficient in quantity , the occupants of the hive will survive ; if it be insufficient , then , if the weather be rough , they die on the spot , but if it be fair , they fly away and desert the hive .	51
103936614	winter	They feed on honey summer and winter ;	6
103937145	winter	In summer the place for the hive should be cool , and in winter warm .	13
103937603	winter	They suffer most from hunger when they recommence work after winter .	10
103937727	rain	Bees can tell the approach of rough weather or of rain ; and the proof is that they will not fly away ,	10
103937751	weather	but even while it is as yet fine they go fluttering about within a restricted space , and the bee - keeper knows from this that they are expecting bad weather .	30
103937928	winter	These wild live over into a second year , and in winter time , when oaks have been in course of felling , they may be seen coming out and flying away .	11
103938020	winter	The workers do not live over into a second year , but all die when winter comes on ; and this can be proved ,	15
103938030	winter	for at the commencement of winter the workers become drowsy , and about the time of the winter solstice they are never seen at all .	5
103938057	winter	for at the commencement of winter the workers become drowsy , and about the time of the winter solstice they are never seen at all .	17
103938069	winter	The leaders , the so - called mothers , are seen all through the winter , and live in holes underground ; for men when ploughing or digging in winter have often come upon mother - wasps , but never upon workers .	14
103938423	winter	At the approach of winter many of the wasps that have stings appear to lose them ;	4
103938601	winter	In holes in the ground in winter - time wasps are found , some with stings , and some without .	6
103938879	winter	They do not , like bees , store up food , but pass the winter in a torpid condition ; the greater part of them die in the winter ,	28
103939627	winter	there are probably not more than three , but , as is the case with certain of the fishes , birds , and quadrupeds , this animal changes in appearance with the change of season . His colour in winter is not the same as it is in summer ; in summer the animal is smooth - haired , in winter he is clothed in fur .	39
103939641	winter	there are probably not more than three , but , as is the case with certain of the fishes , birds , and quadrupeds , this animal changes in appearance with the change of season . His colour in winter is not the same as it is in summer ; in summer the animal is smooth - haired , in winter he is clothed in fur .	60
103941215	winter	They carry on the process to the greatest extent in winter , and stall - fed ruminants carry it on for about seven months in the year ;	10
103941336	summer	for in summer it has a musical note	2
103941353	winter	The thrush also changes its colour ; about the throat it is marked in winter with speckles like a starling , in summer distinctly spotted :	14
103941573	winter	It is not so very strange that in these cases there is a change in note and in plumage , for even the ring - dove ceases to coo in winter , and recommences cooing when spring comes in ; in winter , however , when fine weather has succeeded to very stormy weather , this bird has been known to give its cooing note , to the astonishment of such as were acquainted with its usual winter silence .	30
103941582	winter	It is not so very strange that in these cases there is a change in note and in plumage , for even the ring - dove ceases to coo in winter , and recommences cooing when spring comes in ; in winter , however , when fine weather has succeeded to very stormy weather , this bird has been known to give its cooing note , to the astonishment of such as were acquainted with its usual winter silence .	41
104047923	storm	( f ) It means " after " in time ; e.g. , we say that night comes from day , and storm from fine weather , because one comes after the other .	22
104049435	storm	It was by accident that X went to Aegina if he arrived there , not because he intended to go there but because he was carried out of his course by a storm , or captured by pirates .	32
104049460	storm	The accident has happened or exists , but in virtue not of itself but of something else ; for it was the storm which was the cause of his coming to a place for which he was not sailing — i.e. Aegina .	22
104050694	storm	E.g. , if in the dog - days we have storm and cold , we call it an accident ; but not if we have stifling and intense heat , because the latter always or usually comes at this time , but not the former .	10
104110113	winter	Besides , all the comets that have been seen in our day have vanished without setting , gradually fading away above the horizon ; and they have not left behind them either one or more stars . For instance the great comet we mentioned before appeared to the west in winter in frosty weather when the sky was clear , in the archonship of Asteius . On the first day it set before the sun and was then not seen .	50
104111029	winter	And at the time of the great comet the winter was dry and north winds prevailed , and the wave was due to an opposition of winds .	9
104112768	winter	When this cools and descends at night it is called dew and hoar - frost . When the vapour is frozen before it has condensed to water again it is hoar - frost ; and this appears in winter and is commoner in cold places . It is dew when the vapour has condensed into water and the heat is not so great as to dry up the moisture that has been raised nor the cold sufficient ( owing to the warmth of the climate or season ) for the vapour itself to freeze .	38
104113009	weather	The reason is the same as that which explains why dew is found in warm weather and not in cold .	15
104113399	spring	Hail is ice , and water freezes in winter ; yet hailstorms occur chiefly in spring	15
104113416	winter	and autumn and less often in the late summer , but rarely in winter and then only when the cold is less intense .	13
104113875	winter	( For this reason rain - drops are much larger on warm days than in winter , and showers more violent .	15
104114059	winter	Hail is rarer in summer than in spring and autumn , though commoner than in winter , because the air is drier in summer , whereas in spring it is still moist , and in autumn it is beginning to grow moist .	15
104114210	winter	It is for the same reason that rain falls in summer and not in winter in Arabia and Ethiopia too , and that in torrents and repeatedly on the same day .	14
104114584	winter	No water at all is generated , but the volume of the rivers consists of the water that is gathered into such reservoirs in winter .	24
104114602	winter	Hence rivers are always fuller in winter than in summer , and some are perennial , others not .	6
104114643	winter	Rivers are perennial where the reservoir is large and so enough water has collected in it to last out and not be used up before the winter rain returns . Where the reservoirs are smaller there is less water in the rivers , and they are dried up and their vessel empty before the fresh rain comes on .	26
104116685	winter	Rather we must take the cause of all these changes to be that , just as winter occurs in the seasons of the year , so in determined periods there comes a great winter of a great year and with it excess of rain . But this excess does not always occur in the same place .	33
104116692	winter	Rather we must take the cause of all these changes to be that , just as winter occurs in the seasons of the year , so in determined periods there comes a great winter of a great year and with it excess of rain . But this excess does not always occur in the same place .	33
104122262	winter	( This explains why there is more rain in winter and more by night than by day :	9
104123117	storm	Hence clouds collect on either side , and when the sun approaches it provokes the moist evaporation , and when it recedes to the opposite side there are storms and rain .	28
104123134	winter	So summer and winter are due to the sun 's motion to and from the solstices , and water ascends and falls again for the same reason .	3
104123441	winter	Thus the winter in the north is windless and calm : that is ,	2
104123707	winter	Both the setting and the rising of Orion are considered to be treacherous and stormy , because they place at a change of season ( namely of summer or winter ; and because the size of the constellation makes its rise last over many days )	29
104127090	winter	Summer with its heat and winter with its frost cause calm : winter is too cold , summer too dry for winds to form .	5
104132677	winter	A rainbow appears round these in winter , generally with southerly winds . Persons whose eyes are moist see it most clearly because their sight is weak	6
104136543	winter	for in winter the surrounding air and water contain but little heat and it has no power , but in summer there is more .	2
104147459	winter	Near the lake Ascania there is a village called Pythopolis , about a hundred and twenty stades from Cios , in which all the wells go dry in the winter , so that it is impossible to dip a vessel into them , but in the summer they are full to the brim .	29
104147927	winter	They say in Pontus that some birds are found retiring into holes in winter and do not void , nor do they feel it when their wings are plucked , nor when they are put on to a small spit ,	13
104148067	winter	They say that the fat of the she - bear , when it becomes set in winter , during the time that the bear lives in a cave , grows , and overflows the vessels in which it is placed .	16
104151691	winter	When it is summer it sends up a flame of fire , but in winter a spring of water flows from the same source , so cold that , when compared with snow , its temperature is the same .	14
104151734	winter	They say that this is in no way concealed , nor happens for a short time , but that the fire rises all the summer time , and water all the winter .	31
104152847	storm	For the waves from the Tyrrhenian sea are borne with much surge to both the promontories , the one on the Sicilian side and the other on the Italian side called Rhegium , and being carried from the great sea into a narrow one are compressed . When this happens the wave is carried high in the air with a loud noise over a wide space upwards , so that , when hurled high in the air , it can be seen by those who are a long way off , not like the high travel of the sea but white and foamy , and like the tracks which are made by violent storms .	113
104154022	winter	They say that there is a kind of snake in Curium in Cyprus which has the same power as the asp in Egypt , except that , if it bites in the winter , it has no effect , either for some other reason , or because the animal does not move easily when numbed by the cold , and is quite powerless , unless it is warmed .	32
104155221	ice	In summer their stream is navigable , but in winter , when it is frozen by ice , they ride on it , as though it were dry land .	16
104158054	winter	Some winds are direct , those , that is , which blow along a straight line ; others follow a bending course , as for instance the wind called Caecias . Some winds hold sway in the winter , the south winds for example ; others in the summer , such as the Etesian winds ( Trade winds ) , which are a mixture of northerly and westerly winds .	37
104159579	winter	Where else could be found such regularity as is observed by the goodly seasons , which produce all things and bring in due order summer and winter , day and night , to the accomplishment of the month and the year ?	26
104159662	storm	Even all the unexpected changes which occur in it are really accomplished in an ordered sequence diverse winds conflicting together , thunderbolts falling from heaven , and violent storms bursting forth .	28
104161627	storm	The position of God in the universe is analogous to this , for he preserves the harmony and permanence of all things ; save only that he has his seat not in the midst , where the earth and this our troubled world is situated , but himself pure he has gone up into a pure region , to which we rightly give the name of heaven , for it is the furthest boundary of the upper world , and the name of Olympus , because it is all - bright and free from all gloom and disordered motion , such as is caused on our earth by storms and the violence of the wind .	108
104164471	winter	For well - being and health , again , the homestead should be airy in summer , and sunny in winter .	20
104195175	winter	But the reason for this is that they have a greater abundance of food in the winter ,	16
104199002	storm	These short feet would not enable their possessors to cling to the rocks and keep themselves from being torn off by the waves when these run high in times of storm ; neither would they serve to lay hold of objects at all remote and bring them in ; but , to supply these defects , the animal is furnished with two long proboscises , by which it can moor itself and ride at anchor like a ship in rough weather . These same processes serve also to catch prey at a distance and to bring it to the mouth . They are so used by both the Sepias and the Calamaries .	30
104199026	weather	These short feet would not enable their possessors to cling to the rocks and keep themselves from being torn off by the waves when these run high in times of storm ; neither would they serve to lay hold of objects at all remote and bring them in ; but , to supply these defects , the animal is furnished with two long proboscises , by which it can moor itself and ride at anchor like a ship in rough weather . These same processes serve also to catch prey at a distance and to bring it to the mouth . They are so used by both the Sepias and the Calamaries .	80
104219451	winter	We do not ascribe to chance or mere coincidence the frequency of rain in winter , but frequent rain in summer we do ;	14
104219466	winter	nor heat in the dog - days , but only if we have it in winter .	15
104303219	winter	so the story goes , because of his poverty was taunted with the uselessness of philosophy ; but from his knowledge of astronomy he had observed while it was still winter that there was going to be a large crop of olives , so he raised a small sum of money and paid round deposits for the whole of the olive - presses in Miletus and Chios , which he hired at a low rent as nobody was running him up ; and when the season arrived ,	30
104310588	winter	Hippodamus son of Euryphon , a Milesian ( who invented the division of cities into blocks and cut up Piraeus , and who also became somewhat eccentric in his general mode of life owing to a desire for distinction , so that some people thought that he lived too fussily , with a quantity of hair and expensive ornaments , and also a quantity of cheap yet warm clothes not only in winter but also in the summer periods , and who wished to be a man of learning in natural science generally ) , was the first man not engaged in politics who attempted to speak on the subject of the best form of constitution .	72
104365895	winter	The proper age therefore for union has been discussed ; as to the proper times in respect of the season we may accept what is customary with most people , who have rightly decided even as it is to practise marital cohabitation in winter .	43
104487029	storm	and escaped it ; for men are unaffected by fear in two ways , either because they have never been tested or have means of help ; thus , in dangers at sea , those who have never experienced a storm and those who have means of help as the result of experience have confidence as to the future .	40
104519715	winter	some wait for the winter before coming to maturity .	4
104520412	winter	Most plants are planted in the spring , a few in the winter and autumn , very few in the summer after the rising of the dogstar ;	12
104527159	winter	Some trees undergo a change in the winter and will become sometimes green and sometimes blue - grey , and neither their leaves nor their fruits decay ; for trees in which this occurs have a great quantity of heat and rarefied water in their lower reservoirs .	7
103033645	winter	But you would , I think , men of Athens , form a better idea of the war and of the total force required , if you considered the geography of the country you are attacking , and if you reflected that the winds and the seasons enable Philip to gain most of his successes by forestalling us . He waits for the Etesian winds or for the winter , and attacks at a time when we could not possibly reach the seat of war .	68
103053414	storm	and though he endures toil and winter storms and deadly peril for the privilege of taking them , yet he does not covet the Athenian harbours and dockyards and war - galleys and the place itself and the glory of it — and never may Philip or any other man make himself master of these by the conquest of our city ! — but will allow you to retain them , while he winters in that purgatory for the sake of the rye and millet of the Thracian store - pits .	7
103082599	storm	“ Archonship of Demonicus of Phlya , on the twenty - sixth day of Boedromion , with sanction of Council and People : Callias of Phrearrii proposed that the Council and People resolve to crown Nausicles , the commander of the infantry , because , when Philo , the official paymaster , was prevented by storms from sailing with pay for the two thousand Athenian infantry serving in Imbros to assist the Athenian residents in that island , he paid them from his private means , and did not send in a claim to the people ; and that the crown be proclaimed at the Dionysia at the performance of the new tragedies . ”	55
103089204	hurricane	If the hurricane that burst upon us has been too strong , not for us alone , but for every Hellenic state,—what then ?	2
103089240	storm	As if a shipowner , who had done everything in his power for a prosperous voyage , who had equipped his craft with every appliance he could think of to ensure her safety , should encounter a great storm , and then , because his tackle was overstrained or even shattered , should be accused of the crime of shipwreck !	38
103227574	tempest	For if in danger and tempest he drank so much wine as to be like a madman , what punishment does he not deserve to suffer ?	5
103300718	storm	I have told all these facts to you from the beginning , that you may know how much I have myself expended and how burdensome my service as trierarch has been to me , and all the expenses which I subsequently bore in the interest of the defendant by serving beyond my term , since he did not come to take over the ship , and all the dangers I myself incurred from storms and from the enemy .	73
105674420	winter	This was the course of the most important events occurring in the Greek world in this winter .	16
105678752	winter	Agesilaus made a truce with the Paphlagonians and quickly led his army towards the sea since he feared that they would be short of supplies for the winter .	27
105678977	winter	He dismissed the soldiers from Mysia after ordering them to come back for the spring , and prepared to go for the coming winter to Cappadocia , since he heard that this region stretched like a narrow strip , beginning at the Pontic Sea and going from there to Cilicia and Phoenicia , and that the length of it was so great that those going on foot from Sinope ...	23
103460348	weather	For no campaign has better shown the courage of the soldiers than this last , when they had daily to be arrayed for combat , to fight , on but one expedition , more battles than the combats which any soldier of the past endured , and face extreme severities of weather and many hard privations in the daily needs of life with an endurance almost beyond description .	51
105825572	winter	He penned fish in a water tank , and when winter came and none of the other fishermen could catch fish , he inquired of the citizens what fish they wanted him to bring , and brought them what they wanted . Marine Glaucus he was called , just as now when someone lives in the mountains and is a good hunter , he is called ' mountain man . '	10
105748510	storm	But the Altar even beyond aught else hath ancient Night , weeping the woe of men , set to be a mighty sing of storm at sea .	24
105750668	storm	But not yet depart the Kids of the Charioteer and the Arm - borne ( Olenian ) Goat ; by his great hand they shine , and are eminent beyond all his other limbs in raising storms , when they fare with the sun .	36
105751171	tempest	Yea , and on the sea , too , many a sailor has marked the coming of the stormy tempest , remembering either dread Arcturus or other stars that draw from ocean in the morning twilight or tat he first fall of night .	19
105751324	storm	First he himself is safer , and well , too , he profits another by his warning , when a storm is rushing near .	20
105751560	storm	But if still with vertical crescent she bring the fourth day too , she gives warning of gathering storm .	18
105751602	tempest	the fiercer the tempest .	3
105751741	storm	and fading , calm ; two rings girding the Moon forebode storm ;	11
105751748	storm	a triple halo would bring a greater storm , and greater still , if black , and more furious still , if the rings are broken .	7
105752293	storm	For when on both sides at once those clouds gird the Sun , low down upon the horizon , there is no lingering of the storm that comes from Zeus .	25
105752420	storm	not slight then is the storm with which the fields are deluged .	5
105753141	tempest	For its clearing marks the waning tempest .	6
105753317	storm	Sure signs of storm are geese hastening with many a cackle to their food , the nine - generation crow cawing at night , the jackdaw chattering late , the chaffinch piping in the dawn , waterfowl all fleeing inward from the sea , the wren or the robin retreating into hollow clefts , and tribes of jackdaws returning late to roost from dry feeding - grounds .	3
105753370	tempest	When the furious tempest is imminent , the tawny bees go not far afield to cull wax , but wheel hard by their honey and their stores , nor do cranes on high in long lines wing their steady onward course , but wheel	3
105753517	storm	Holm - oaks with moderate crops of frequent acorns will tell of heavy storm to come .	13
105753658	winter	But when in autumn frequent swarms of wasps crowd on every side , one can foretell the winter - storm to come even before the Pleiads are westering , swift and sudden as thee eddy wherein the wasps are wheeling .	17
105753695	storm	Sows and ewes and she - goats , when after mating with the male they mate again , equally with wasps foretell heavy storm .	23
105753737	winter	For ever so the winters follow the cranes : early winters ,	4
105753766	winter	and in flocks : when they fly late and not in flocks , but over a longer period in small bands , the later farming benefits by the delay of winter .	30
105753795	winter	If oxen and sheep after the heavy - laden Autumn dig the ground and stretch their heads to face the North wind , verily the Pleiads at their setting will bring a stormy winter .	33
105753943	storm	Sheep warn the shepherd of coming storm when they rush to pasture in haste beyond their wo nt , but some behind the flock , now rams , now lambs , sport by the way with butting horns , when some here , some there , they bound aloft , the sillier young with four feet off the ground ,	6
105754013	storm	From oxen too the ploughman and neat - herd learn of the stirring of the storm .	15
105754105	storm	When a solitary wolf howls loud , or when , as if he sought for shelter , recking little of farmer men , he descends to the cultivated lands near to men to seek a lair there , expect a storm when the third dawn comes round .	40
105754163	storm	The dog with both his paws digs when he suspects the coming of a storm , and then too those mice turn prophets .	14
105754169	storm	The dog with both his paws digs when he suspects the coming of a storm , and then too those mice turn prophets .	14
105754183	storm	And landward comes the crab , when the storm is about to burse .	8
105052325	storm	For the animals offer no necessary reason why a storm should be produced ; and no divine being sits observing when these animals go out and afterwards fulfilling the signs which they have given .	9
105053217	storm	As soon as we achieve this , the soul is released from every storm , since an animal has no other need and must seek nothing else to complete the goodness of body and soul .	13
103005550	tempest	Wood doth fear the tempest 's ire , water summer 's drouthy fire , Beasts the net and birds the snare . Man the love of maiden fair ;	4
103007501	winter	As spring is sweeter than winter , and pippin than damson - plum ; as mother - ewe is shaggier than her lambkin , and maiden more to be desired than a thice - we d wife ; as the fawn is nimbler - footed than the calf , and the nightingale clearest - tongued of all the winge ̀ d songsters ; so am I gladded above all at the sight of thee , and run to thee as a wayfarer runneth to the shady oak when the sun is burning hot .	5
103012471	winter	O Lady Night , ' tis passing bright the face o ' the rising day ; ' Tis like the white spring o ' the year when winter is no longer here ;	27
104651945	winter	The fall of the leaves in all cases takes place in autumn or later , but it occurs later in some trees than in others , and even extends into the winter .	31
104663774	winter	and hybrid arbutus first ripen their fruit when the grape is turning , and again when winter is beginning ;	16
104663954	winter	They say also that holly loses its fruit owing to the winter .	11
104664581	winter	In the sorb it occurs in the autumn after the shedding of the leaves , and has from the first a glistening look , ' as though swelling had taken place , just as if it were about to burst into leaves ; and it persists through the winter till the spring .	48
104670236	winter	In autumn , when it has shed its leaves , it immediately produces its winter - bud - like knob , which is glistening and swollen as though the tree were just about to burst into leaf , and this persists through the winter .	43
104671558	winter	The filbert is also naturally a wild tree , in that its fruit is little , if at all , inferior to that of the tree in cultivation , that it can stand winter , that it grows commonly on the mountains , and that it bears abundance of fruit in mountain regions ;	33
104675761	winter	and thenceforward it persists through the winter to the rising of the dog - star .	6
104679984	winter	It is said to be annual . and to come up at the end of spring , and to be at its best in summer , and to wither in autumn , while in winter it perishes and is thrown up on shore .	34
104680001	winter	Also , they say , all the other plants of the sea become weaker and feebler in winter .	17
104682935	winter	and sheep , but there is one kind of plant which grows in the lakes and marshes which is specially good for food : they graze their cattle on it when it is green , and also dry it and give it in the winter to the oxen after their work ;	44
104682973	winter	this , when the harvest is cleared , they crush slightly and lay during the winter on moist ground ; when it shoots ,	15
104684448	winter	and , at a time later than that , when there was a severe visitation of the plague , it filled up ; but , as the water did not remain but failed in winter , the reed did not grow ; for they say , apparently with good reason , that ,	34
104684689	winter	stems they lay them in the open air during the winter , leaving on the rind ; in the spring they strip this off , and , having rubbed the reeds thoroughly ,	10
104686685	storm	but that they get into poor condition , and that most obviously when they are smitten with hail when either they are about to bud or are just budding or are in bloom ; also when either a cold or a hot wind comes at such seasons : but that from seasonable storms , even if they be violent , they take no hurt , but rather that it is good for them all to be exposed to weather : for , unless they are ,	52
104687169	cold	Moreover the wounds and blows inflicted by men who dig about the vines render them less able to bear the alternations of heat and cold ;	24
104688322	cold	if great cold or heat ensues , the tree perishes at once .	2
104688362	winter	If it is done however in winter , the tree holds out longer ; and this is especially true of the strongest trees , such as kermes - oak and oak ;	6
104689203	winter	The oak is cut latest of all , in early winter at the end of autumn .	10
104690270	winter	Wood becomes knotty when it has been ill nourished and has suffered severely whether from winter or some such cause ;	15
104690354	winter	' Coiling ' of the wood is also due to winter or ill nourishment .	10
104691141	winter	if they are doing specially good work . For in summer , as the wood dries , the work comes apart , but it closes in winter .	26
104697073	winter	for they say that in spring and in winter they are driven into the hill - country , where they feed on this and on another plant which is like southernwood ;	8
104700052	winter	Of the flowers the first to appear is the gilliflower ; where the air is mild , it appears as soon as winter comes , but , where it is more severe , later , sometimes in spring .	22
104700415	winter	and , to speak generally , there is no interval of time nor flowerless period , but even winter produces flowers , for all that it seems to be unproductive by reason of the cold ,	18
104700970	winter	in winter ten ,	1
104701166	season	As a matter of fact , to speak roundly , the causes of such differences must be found in several different circumstances , in the seeds themselves , in the ground , in the state of the atmosphere , and in the season at which each is sown ,	42
104701196	winter	However it is a point for consideration with which herbs the time of sowing makes a difference and with which it makes none ; thus it is said that radish germinates on the third day whether it be sown in summer or in winter , while beet , as has been said , behaves differently according to the season .	43
104703088	winter	The Leiothasian is called by some the Thracian radish , and it stands the winter best .	14
104703629	winter	For the'divided ' kind they leave untended in winter with its foliage , but in spring they strip off the outside leaves and tend the plant in other ways ;	8
104705650	winter	except that dandelion , when the first flower is past its prime , produces another and yet another , and continues to do so right through the winter and spring up to the summer .	27
104706456	winter	There are also differences in the time of growth and of flowering , the season being variously the beginning or middle of winter , or again spring , summer , or autumn . So too is there in like manner a difference in the fruits , which in some of these plants are edible and juicy , as well as the leaves seeds	22
104707316	winter	it flowers early and quickly waxes old and the flower turns to pappus ; but then another flower forms , and yet another , and this goes on right through the winter	31
104707347	winter	for this plant too blooms in spring , and like dandelion it flowers throughout the winter , and it flowers also to some extent in summer ;	15
104709297	winter	Another time is at the beginning of spring after the winter equinox .	10
104709321	winter	For some of them love to be sown early , some late because they can not bear the winters , while some will do not amiss at either season , both towards winter and towards spring .	18
104709335	winter	For some of them love to be sown early , some late because they can not bear the winters , while some will do not amiss at either season , both towards winter and towards spring .	32
104709483	winter	To speak generally , some crops are sown early because of their robustness , since they can stand the winters , some because of their weakness , so that their growth may be secured in the fine weather .	19
104709708	drought	or droughts , or fine weather or again rain ;	1
104709775	winter	In Hellas some are used to sow everything earlier because of the coldness of the soil , for instance the Phocians ; the object being that the winter may not overtake the crop while it is still tender .	27
104710177	winter	During winter cereals remain in the blade , but , as the season begins to smile , they send up a stem from the midst and it becomes jointed .	1
104711401	winter	The seeds of cereals are more robust as to standing winter and conditions of climate generally , while those of leguminous plants are stronger as to providing food .	10
104711736	winter	Moreover some are white , some black or reddish , and the latter are thought to produce much meal and to be more robust than the white as to bearing winter wind or conditions of climate generally .	30
104713227	winter	generally speaking , it is the spring rains which are the most seasonable ; and that is why Sicily is rich in corn ; for there is abundance of soft rain in spring and little of it in winter .	38
104713376	winter	like other weeds ( for some endeavour to make this out ) is clear from the following consideration : it springs up and becomes noticeable directly winter comes ;	26
104713893	storm	fair weather and storms occur opportunely , all crops bear well and are fruitful , even if they be in soil which is impregnated with salt or poor .	3
104716836	winter	The incisions and the clotting of the juice do not take place at the same season in all cases ; but the juice of the vine clots best they say if the incision is made a little before budding begins , less well in the autumn or at the beginning of winter ;	51
104717318	winter	and as to quality ; thus , when there is a moderate winter , it is abundant and good and whiter in colour , but , when there is a severe winter , it is scanty and of inferior quality .	12
104770496	winter	and in winter - time to quarrel with his slave for not having bought cucumbers ;	2
104780799	storm	The signs of rain wind storm and fair weather we have described so far as was attainable , partly from our own observation , partly from the information of persons of credit .	5
104780902	winter	his winter rising being at nightfall	1
104781408	storm	there is the sunrise , the mid - morning , noon , mid - afternoon , and sunset ; and the corresponding divisions of the night have like effects in the matter of winds storms and fair weather ; that is to say , if there is to be a change ,	34
104781506	winter	Again , if the sun sets in a cloud in winter or spring ,	10
104781757	winter	Again , when in winter the lamp rejects the flame but catches , as it were , here and there in spurts , it is a sign of rain ; so also is it , if the rays of light leap up on the lamp , or if there are sparks .	4
104781838	storm	It is a sign of storm or rain when the ox licks his fore - hoof ; if he puts his head up towards the sky and snuffs the air ,	5
104782086	dawn	It is a sign of rain or storm if a chaffinch kept in the house utters its note at dawn .	19
104782113	storm	A dolphin diving near land and frequently reappearing indicates rain or storm .	11
104782230	storm	When the west wind is accompanied by lightning from the north , it indicates either storm or rain .	15
104782436	storm	If a chaffinch utters its note at dawn , it is a sign of rain or storm , if in the afternoon , of rain .	16
104782502	spring	the spring is usually wet .	1
104782598	winter	It is a sign of a long winter when sheep or goats have a second breeding season .	7
104782791	winter	If sparrows in winter begin to be clamorous at evening , it is a sign of a coming change or of a fall of rain .	3
104782831	storm	A number of cobwebs in motion portends wind or storm .	9
104783137	winter	In winter and autumn however the reverse happens ,	1
104783175	winter	In spring I consider that the indications would not so invariably have the same meaning , — and this is also true of winter .	23
104783274	winter	If periodic winds have been blowing for a long time , and a windy autumn follows , the winter is windless : if however the contrary happens , the character of winter is also reversed .	31
104783600	storm	The following are signs of storm .	5
104783696	storm	It indicates a storm when the goldcrest goes into holes and hides itself ; so also when the redbreast does the same .	3
104783756	storm	It is also an indication of storm when birds flee from the sea .	6
104783780	storm	All the signs which indicate rain bring stormy weather , that is to say , snow and storm , if not rain .	17
104783786	winter	If the raven utters a great variety of sounds in winter , it is a sign of storm .	10
104783829	winter	It indicates an early winter when the breeding season of sheep begins early .	4
104783848	winter	If in autumn sheep or oxen dig holes and lie keeping their heads close to one another , it indicates a severe winter .	22
104783923	storm	frog croaking alone at early dawn are signs of storm : it indicates storm when a number of the worms called'the earth 's entrails '	9
104783954	storm	If a lamp burns steadily in fine weather , it is a sign of storm :	14
104783959	winter	so is it if in winter - time dark snuff forms :	5
104783965	winter	so is it if in winter - time dark snuff forms :	5
104784000	storm	If the ' Ass 's Manger ' shrinks in size and becomes dark , it is a sign of storm ; also if there is vivid lightning which does not remain in the same quarter .	19
104784033	storm	it indicates a great storm ; when over the two lesser heights , a less violent storm ; when over Parnes alone , fine weather .	4
104784052	storm	Again , if during a storm a long cloud stretches over Hymettus , it signifies that the storm will increase in force .	5
104784061	storm	Again , if during a storm a long cloud stretches over Hymettus , it signifies that the storm will increase in force .	17
104784133	winter	If the winter is wet , the spring will be dry , if the winter is dry , the spring will be fair .	2
104784144	winter	If the winter is wet , the spring will be dry , if the winter is dry , the spring will be fair .	14
104784188	storm	If the kermes - oak fruits well , there follows a long succession of storms .	14
104784201	storm	If a cloud stands upright on a mountain - peak , it indicates storm ; whence Archilochus ' lines " Mark you , Glaucus ;	13
104784226	storm	deep ocean is now stirred up with waves , and about the heights of the Gyrae there rises a cloud erect , the sign of storm . "	25
104784252	winter	If the sun in winter after gleaming out is again obscured , and this is repeated two or three times , it will be stormy all day .	4
104784271	winter	If the star Hermes appears in winter , it indicates cold , if in summer , heat .	6
104784292	storm	When in fine weather bees do not fly long distances , but fly about where they are , it indicates that there will be a storm .	25
104784298	storm	The howling of a wolf indicates a storm within three days .	7
104784312	winter	When a wolf approaches or enters cultivated ground in the season of winter , it indicates that a storm will come immediately .	12
104784315	storm	When a wolf approaches or enters cultivated ground in the season of winter , it indicates that a storm will come immediately .	18
104784322	storm	It is also a sign of great storms and heavy rain when many wasps appear in autumn , or when white birds approach cultivated lands ; and in general when wild creatures approach such lands , it indicates a north wind and a severe storm .	7
104784356	storm	It is also a sign of great storms and heavy rain when many wasps appear in autumn , or when white birds approach cultivated lands ; and in general when wild creatures approach such lands , it indicates a north wind and a severe storm .	44
104784391	winter	When there is a severe heat , generally there is compensation and a severe winter follows .	14
104784461	winter	When the kermes - oak fruits exceedingly well , it generally indicates a severe winter , and sometimes they say that this sign is followed by droughts .	14
104784540	winter	If in winter that part of the sky into which the sun goes down is clear , it is a sign of fair weather , unless on the preceding days that part has not been clear , though it was clear above the horizon :	2
104784575	winter	It is also a sign of fair weather , if during stormy conditions that part of the sky into which the sun sets is clear ; and also if , in winter at the time of setting , the sun has a pale colour .	31
104784621	winter	Light clouds in winter are a sign of fine weather .	3
104784715	storm	It is a sign of fair weather when during a storm an owl makes a low hoot , or at night during a storm it utters a low sound .	10
104784723	storm	If the sea - owl utters its note during a storm , it indicates fair weather , if during fair weather , it indicates a storm .	10
104784730	storm	If the sea - owl utters its note during a storm , it indicates fair weather , if during fair weather , it indicates a storm .	25
104784764	storm	If the crow caws thrice directly the dawn appears , it indicates fair weather , as also if it makes a low note in the evening during a storm .	28
104784785	storm	Again , if during a storm from the north there is a white gleam from that quarter , while in the south a solid mass of cloud has formed , it generally signifies a change to fair weather .	5
104784846	storm	if they lie on the right side , it indicates storm .	10
104784857	storm	If a lamp burns quietly during a storm , it indicates fair weather .	7
104784948	winter	If at the beginning of winter there is dull weather followed by heat , and these conditions are dispersed by wind without rain , it indicates that towards the spring there will be hail .	5
105680704	winter	The octopus [ polypous ] eats its own tentacles in Winter .	10
105686315	winter	for during the Summer they overflow their banks but in winter they withdraw to such an extent that it is not easy to dip a bucket in them .	10
105815262	winter	Whoever grinds it with oil and rubs on his body , does n't feel the worst winter , or very nearly , nor the burning heat of summer , because the salve , by thickening , prevents the outside air from penetrating into the body .	16
105739572	tempest	Often a savage tempest bursts upon us even in the midst of pleasant days ; and no one knows our future , for life is uncertain . [ M ] What do you want to say ?	3
105741072	winter	And , when winter comes , in tears I have to pay three half - oboli for each tile , while everybody cries : “ That is the work of Kottalos , Metrotima ’s boy ! ”	3
105127969	storm	They had crossed the strait in safety and were off the territory of Camarina when they were overtaken by so fierce a storm and so terrible a disaster that it is difficult adequately to describe it owing to its surpassing magnitude .	22
105128697	storm	As they were rashly crossing the open sea on the way hence to Rome they again encountered such a terrific storm that they lost more than a hundred and fifty ships .	20
105133768	weather	When the weather now became stormy , and they were threatened with a heavy gale from the open sea , the Carthaginian captains who were acquainted with the locality and with the weather signs , and foresaw and prophesied what was about to happen , persuaded Carthalo to escape the tempest by rounding Cape Pachynus .	2
105133804	tempest	When the weather now became stormy , and they were threatened with a heavy gale from the open sea , the Carthaginian captains who were acquainted with the locality and with the weather signs , and foresaw and prophesied what was about to happen , persuaded Carthalo to escape the tempest by rounding Cape Pachynus .	50
105133836	tempest	He very wisely consented , and with great labor they just managed to get round the cape and anchor in a safe position . But the two Roman fleets , caught by the tempest , and the coast affording no shelter at all , were so completely destroyed that not even the wrecks were good for anything . In this unlooked for manner , then , the Romans had both their fleets disabled .	33
105135652	weather	At first he hesitated much what to do under the circumstances , but reflected that if he risked an attack now that the weather was stormy , he would be fighting against Hanno and the naval forces alone and also against heavily laden ships , whereas if he waited for calm weather and by his delay allowed the enemy to cross and join the army , he would have to face ships now lightened and manageable as well as the pick of the land forces and above all the bravery of Hamilcar which was what they dreaded most at that time .	23
105160212	winter	The winter was now approaching .	1
105171536	storm	The Romans and their allies not to sail with long ships beyond the Fair Promontory unless forced by storm or by enemies :	18
105171763	storm	If anyone , carried there by a storm or driven by his enemies , requires anything for the purpose of sacrificing to the gods or of repairing his ships , he may have this , but nothing beyond it , and those who touch there must leave within five days .	7
105172145	weather	If he be driven there by stress of weather , he shall depart within five days .	8
105181002	winter	The new snow which had fallen on the top of the old snow remaining since the previous winter , was itself yielding , both owing to its softness , being a fresh fall , and because it was not yet very deep , but when they had trodden through it and set foot on the congealed snow beneath it ,	17
105181263	winter	for the summits of the Alps and the parts near the tops of the passes are all quite treeless and bare owing to the snow lying there continuously both winter and summer , but the slopes half - way up on both sides are grassy and wooded and on the whole inhabitable .	29
105187250	storm	The Carthaginian army , after pursuing the enemy as far as the river , being unable to advance further owing to the storm , returned to their camp .	22
105187350	storm	Tiberius , though well knowing the facts , wished as far as possible to conceal them from those in Rome , and therefore sent messengers to announce that a battle had taken place and that the storm had deprived him of the victory .	36
105196673	winter	All through the winter and spring the two armies remained encamped opposite each other ,	3
105220161	winter	As the winter was now advanced , everyone had given up any hope of Philip 's reappearance owing to the season , but suddenly the king taking with him three thousand of his brazen - shielded hoplites , two thousand peltasts , three hundred Cretans , and about four hundred of his horse guards , started from Larisa .	2
105220980	winter	for on its western side there descends a violent torrent , impassable for the greater part of the winter , and rendering the city very strongly protected and difficult of approach on this side , owing to the depth of the bed it has gradually formed for itself , descending as it does from a height .	18
105224192	winter	On his arrival at Heraea he divided all the booty , and picking up here his heavy baggage reached Megalopolis in mid - winter .	23
105224669	winter	Leaving Megalopolis and passing through Tegea , Philip arrived at Argos , where he spent the rest of the winter , having won in this campaign universal admiration for a correctness of conduct and a brilliancy of achievement beyond his years .	19
105234962	winter	It was now winter ; King Philip had left for Macedonia , and Eperatus the Achaean strategus was treated with contempt by the civic soldiers and utterly set at naught by the mercenaries , so that no one obeyed orders , and no preparations had been made for protecting the country .	3
105240836	winter	Antiochus , on reaching the Euphrates , gave his troops a rest and then resumed his march . Arriving at Antioch in Mygdonia at about the winter solstice , he remained there , wishing to wait until the extreme rigour of the winter should be over .	42
105245258	winter	Antiochus , who in the meanwhile had opened the siege of a town called Dura , but made no progress with it owing to the strength of the tribes and the support given it by Nicolaus , now as winter was approaching agreed with Ptolemy 's envoys to an armistice of four months , engaging to consent to a settlement of the whole dispute on the most lenient terms .	39
105254243	winter	Philip , foiled in this attempt , encamped near the river Enipeus , and brought up from Larisa and the other towns the siege material he had constructed during the winter ,	30
105256622	winter	Antiochus , after making preparations on a large scale during the winter , crossed the Taurus at the beginning of summer and , coming to an understanding with King Attalus , arranged for a joint campaign against Achaeus .	11
105256999	winter	This was the winter in which Hannibal after devastating the wealthiest part of Italy was going into winter quarters at Gerunium in Daunia ,	3
105257367	winter	For Scerdilaidas , hearing that Philip had been building a considerable number of galleys in the winter and expecting him to arrive by sea , sent to inform the Romans and beg for help , upon which the Romans sent a squadron of ten ships from their fleet at Lilybaion , these being the ships that had been sighted off Rhegium .	16
105271090	storm	In such a ship when fear of the billows or the danger of a storm induces the mariners to be sensible and attend to the orders of the skipper , they do their duty admirably .	14
105271194	storm	and fiercest storms they are shipwrecked in harbor and when close to the shore .	2
105290180	winter	Hannibal now leaving a garrison in the town withdrew his army , and after three days ' march got back to his old camp , where he remained fixed for the rest of the winter .	34
105302332	winter	In the case of other rivers the stream increases the most country they traverse , they are largest in winter and lowest in the height of summer ,	19
105326657	winter	Having traversed Arachosia and crossed the river Erymanthus he reached Carmania through Drangene , where , as winter was now at hand , he took up his quarters .	17
105344524	winter	Finding that his warships were well provided with facilities for supporting moving forward siege - machines , and in general for all siege operations , but were quite unprepared for a naval action , while the enemy 's fleet had during the whole winter been equipping for this very purpose , he abandoned any idea of advancing and offering battle , but anchoring his warships in a line placed round them the transports three or four deep , and then taking down the masts and yards lashed the transports securely to each other with these , leaving a small interval for dispatch - boats to pass in and out .	43
105362077	winter	At the beginning of the winter in which Publius Sulpicius was appointed consul in Rome , King Philip , who remained at Bargylia , when he saw that the Rhodians and Attalus were not only not dissolving their fleet but were manning other ships and paying more earnest attention to the maintenance of their garrisons , was much embarrassed and felt for many reasons serious disquietude as to the future .	5
105365536	winter	“ Scopas , Ptolemy 's general , set out into the upper country and destroyed the Jewish nation in this winter . ”	20
105368012	winter	The armies , in fact , could do nothing owing to the winter , and therefore to devote this time to referring the matter to the senate was by no means useless , but in the interest of them all .	12
105380574	winter	While Antiochus was at Chalcis at the beginning of the winter , Charops came to him as envoy on the part of the whole nation of Epirus , and Callistratus on that of the city of Elis .	10
105381872	winter	So celebrating his wedding at Chalcis , he spent the whole winter there not giving a moment 's thought to the situation of affairs .	11
105408468	winter	In Asia king Pharnaces , again defying the terms of the Roman verdict , sent Leocritus in the winter with ten thousand troops to lay Galatia waste , and himself , when spring began to set in , collected his forces with the object of invading Cappadocia .	18
105419447	winter	On the return before winter of Hippias , who had been sent by Perseus to Genthius to treat for an alliance , and on his reporting that that prince was ready to enter upon war with Rome if he received three hundred talents and proper sureties all round , Perseus , on hearing this , in the belief that the co - operation of Genthius was an urgent necessity , appointed Pantauchus , one of his “ first friends , ” his envoy , and dispatched him with instructions to consent in the first place to give the money , and then to exchange oaths of alliance . In the next place Genthius was to send at once such hostages as Pantauchus chose , while he was to receive from Perseus such hostages as he should name in writing .	4
105420317	winter	but as for Eumenes , who had been of the greatest service to them and given them the greatest assistance in their wars against Antiochus and Perseus , they not only prevented him from coming up to Rome , but ordered him , though it was in the middle of winter , to leave Italy in a given number of days .	50
105423070	winter	In the Peloponnesus , when an embassy arrived while it was still winter from both kings , asking for help , there were several very warm debates .	12
105428696	winter	This took place at the beginning of winter , and afterwards the senate dealt with all the embassies that had arrived .	7
105439089	winter	These envoys were let go by the senate at once , before the beginning of winter , and afterwards when the consuls had already entered on office , Attalus presented himself .	15
105442121	winter	The senate , while it was still winter , had heard what Publius Lentulus had to report about King Prusias , as this legate had just returned from Asia , and they now summoned also Athenaeus , the brother of King Attalus .	7
105443591	winter	In Asia Attalus began as early as the winter to collect large forces , Ariarathes and Mithridates having sent him under the terms of their alliance an army consisting of cavalry and infantry under the command of Demetrius , the son of Ariarathes .	8
105449964	winter	Winter indeed alone put a certain check on the progress of the whole war and on the continuous character of the regular battles ,	0
105456893	winter	for , apart from the uncertainty of things , the appointment of the new consuls was close at hand and he should take this into consideration , lest when he was overtaken by winter another commander should succeed him	33
105458011	winter	After their departure Critolaus visited the different cities during the winter and called meetings , on the pretext that he wished to inform the people of the language he had used to the Lacedemonians and the Roman legates at Tegea , but in reality for the purpose of accusing the Romans and giving the worst sense to all that they had said , by which means he inspired the populace with hostility and hatred .	10
105688423	winter	During the following winter , other women and other men … ( … ) ‘ In whatever part of the body it ( envy ) dwells : in the hands or the innards or the eyes . ’	3
108387459	winter	Heracleides the critic , in his On the Cities of Greece , says that a fruit - bearing thorny plant grows on Mt. Pelion ; if one grinds its fruit up with olive oil and water , and anoints either his own or another ’s body during Winter , he will not feel the cold .	47
108472401	winter	In Crete boys live with one another , wearing a himation winter and summer .	11
108507075	winter	Behold the summer and the winter , ... .	5
108164555	winter	For , behold , the winter is past , the rain is gone , it has departed . The flowers are seen in the land ; the time of pruning has arrived ; the voice of the turtle - dove has been heard in our land . The fig tree has put forth its young figs , the vines put forth the tender grape , they yield a smell : arise , come , my companion , my fair one , my dove ; yes , come .	5
108179974	storm	and the stormy rain , and the storm of the showers of his might .	7
108179978	storm	and the stormy rain , and the storm of the showers of his might .	7
108525335	storm	Since you were delayed by the sudden occurrence of storms , collect four hundred talents for the expenses of manning them .	9
108525357	storm	I do think , not that the storm was the reason for these actions of yours , but that you were happy for it to hinder you .	7
106738233	storm	After the battle a great storm arose and destroyed many ships which were anchored outside the harbour , so that it appeared as if Providence were taking the part of the Greeks in order that , the multitude of the barbarians ' ships having been lessened , the Greek force might become a match for them and strong enough to offer battle . As a result the Greeks grew ever more bold , whereas the barbarians became ever more timorous before the conflicts which faced them .	5
106738640	storm	The force that had been dispatched to sack the oracle had proceeded as far as the shrine of Athena Pronaea , but at that spot a great thunderstorm , accompanied by incessant lightning , suddenly burst from the heavens , and more than that , the storm wrenched loose huge rocks and hurled them into the host of the barbarians ; the result was that large numbers of the Persians were killed and the whole force , dismayed at the intervention of the gods , fled from the region .	46
106740303	storm	He took three days to rest his soldiers and to repair the damage which the storm had inflicted on his ships , and then advanced together with his host against Himera , the fleet skirting the coast with him .	15
106741486	storm	But they picked up many fugitives , and while heavily laden on this account , they encountered a storm and were all lost .	18
106759473	winter	But since at the time winter was setting in , they separated and returned to their homes ; and the Syracusans found their general Bolcon , who was responsible for the defeat and was thought to have had secret dealings with Ducetius , guilty of treason and put him to death .	5
106771376	winter	Since the Chalcidians made the same preparations , Sitalces , having learned that the Greeks had mustered strong armies and realizing that his soldiers were suffering from the hardships of the winter , came to terms with Perdiccas , concluded a connection by marriage with him , and then led his forces back to Thrace .	31
106772946	winter	As a result of heavy rains in the previous winter the ground had become soaked with water , and many low - lying regions , having received a vast amount of water , turned into shallow pools and held stagnant water , very much as marshy regions do ; and when these waters became warm in the summer and grew putrid , thick foul vapours were formed , which , rising up in fumes , corrupted the surrounding air ,	9
106791156	storm	but when the triremes were off Mt. Athos there arose a storm of such fury that all the ships were lost and of their crews twelve men alone survived .	11
106792185	winter	And Hannibal during the summer and the following winter enlisted many mercenaries from Iberia and also enrolled not a few from among the citizens ;	8
106792845	storm	And they speedily captured ten ships , but then a storm and violent winds arose , as a result of which they were greatly hindered in the pursuit ; for because of the high waves the boats would not respond to the tillers , and the attempts at ramming proved fruitless , since the ships were receding when struck .	10
106793758	winter	Mindarus , when the winter had come to an end , collected his triremes from all quarters ,	4
106798658	storm	Now Anytus sailed out on his mission , but when he was unable to round Cape Malea because of storms he returned to Athens .	19
106805941	winter	and the Syracusans , because up to this time the barbarians had retired from the sea and winter had already set in , held the Carthaginians in contempt , feeling assured that they would not again have the courage to man their triremes .	17
106809658	storm	But in the meantime a great storm arose , so that the ships were tossed about and the soldiers , by reason both of the hardships they had suffered in the battle and the heavy waves , opposed picking up the dead .	6
106809692	storm	And finally , since the storm increased in violence , they neither sailed to Mitylene nor picked up the dead but were forced by the winds to put in at the Arginusae .	5
106818968	winter	Since the winter was already at hand , he built walled outposts in Elis and left adequate forces in them , and himself passed the winter with the rest of the army in Dyme .	2
106822785	storm	As the storm increased in intensity , there came a great wind and heavy hail which beat in gusts on their faces and forced the entire army to come to a halt ;	2
106825162	winter	but on the approach of winter , since he was unable to capture the city , he released the captives for a heavy ransom and raised the siege .	5
106834435	storm	for the land forces of the enemy had not yet arrived and the violent storm was driving the enemy 's ships on the shore .	14
106839899	winter	Deciding , therefore , that it would be to his advantage to attack them first , he led out his forces against them , pitched a camp on the side toward Naxos , and persisted in the siege during the winter , in the belief that the Siceli would desert the hill since they had not been dwelling there long .	40
106839988	storm	While extraordinary rivalry was being displayed on both sides , the winter solstice occurred , and because of the consequent winter storms the area about the acropolis was filled with snow .	21
106844876	wind	Likewise the ship which was on its way to Sicily carrying the representatives from the games was wrecked by strong winds near Taras in Italy .	20
106850554	winter	But with the coming of winter the river which flows beside Mantineia received a great increase from the rains and the Lacedaemonians diverted the flow of the river with great dikes , turned the river into the city , and made a pool of all the region round about .	5
106867326	winter	Later when winter had set in , the two states agreed to an armistice and separated , each going to its own cities .	2
106878255	storm	Heracleides , who had been left behind by Dion as commander of his men - of - war , having been hindered by storms in the Peloponnese , was too late for Dion 's return and the liberation of the Syracusans ,	23
106902679	storm	Those who made a business of interpreting such portents stated that the spider web signified the departure of the gods from the city , its iridescence meant a storm of mixed troubles , the sweating of the statues was the sign of an overwhelming catastrophe , and the appearance of blood in many places foretold a vast slaughter throughout the city .	28
106922681	winter	They heap up soil about vines and fruit trees , and leave it so for the winter season , removing the earth again at the time of budding .	16
107078387	winter	And leaving Thrace in the beginning of spring , they sailed as far as Sicily ; when they had landed there that year came to an end , and they passed the second winter in assisting the Elymians to found their cities in Sicily .	33
107081164	storm	But Aristotle , the philosopher , relates that some of the Achaeans , while they were doubling Cape Malea on their return from Troy , were overtaken by a violent storm , and being for some time driven out of their course by the winds , wandered over many parts of the sea , till at last they came to this place in the land of the Opicans which is called Latinium , lying on the Tyrrhenian sea .	30
107083780	rain	But when they drew near and perceived that the Tiber , swollen by continual rains , had left its natural bed and overflowed the plains , they came down from the top of the Palatine hill to that part of the water that lay nearest ( for they could no longer advance any farther ) and set down the ark upon the flood where it washed the foot of the hill .	14
107084364	storm	One of these , called the hut of Romulus , remained even to my day on the flank of the Palatine hill which faces towards the Circus , and it is preserved holy by those who have charge of these matters ; they add nothing to it to render it more stately , but if any part of it is injured , either by storms or by the lapse of time , they repair the damage and restore the hut as nearly as possible to its former condition .	64
107104994	storm	Those who give a rather fabulous account of his life say that while he was haranguing his men in the camp , sudden darkness rushed down out of a clear sky and a violent storm burst , after which he was nowhere to be seen ; and these writers believe that he was caught up into heaven by his father , Mars .	34
107126428	winter	King Tullus , after letting the following winter pass , led out his army once more against the Fidenates at the beginning of spring .	7
107200113	storm	Postumius , observing this , while he still retained the respect of all alike for having brought a severe war to an honourable conclusion , resolved to avoid the civil storms ,	30
107223743	storm	The ambassadors who were sailing to Sicily , having met with a storm at sea and being obliged to sail round the island , were a long time in reaching the tyrant ; then , after spending the winter season there , they returned to Italy in the summer bringing with them a great quantity of provisions .	12
107229789	storm	Thus Geganius and Minucius , the consuls of this year , though involved in great and various storms and often in danger of wrecking the state , caused it no harm , but brought it safely through its perils by dealing with events rather with prudence than with good fortune .	17
107278314	rainstorm	It seemed , moreover , that their escape from utter destruction had been due in part to a violent rainstorm that burst from the sky and to a darkness like that occurring in thick mists , which made the enemy reluctant to pursue them any farther , since they were unable to see things at a distance .	19
107287299	winter	Consequently the enemy no longer dared to engage them , but remained shut up within their walls for the most part , and only ventured out by stealth . Thus ended that winter .	32
107291109	winter	For since the land had gone unsown the preceding winter because the enemy had fortified the adjacent hill against them and had kept up incessant raids , and since not even the merchants any longer imported the usual provisions from outside , Rome suffered from a great scarcity of corn , as the city was then crowded not only with its permanent population , but also with a multitude that had flocked thither from the country .	9
107302655	storm	as soon as the army had scattered , the storm ceased and the sky over the place became perfectly clear .	9
107355184	storm	At Rome there was a severe storm , and where the least snow fell it was not less than seven feet deep .	6
107495143	winter	As naturally many events occur in different places in the course of the same summer or winter , he leaves half - finished his account of one set of affairs and takes other events in hand .	16
107848917	winter	As many as are bound fast in prison , in the power of death , As many as are in pain through long , anguished , sleepless nights , All who are wanderers in a foreign land , And as many as sail on the Great Sea in winter When men may be destroyed and their ships wrecked and sunk , All these are saved if they pray that You be present to help .	48
107053944	winter	And it remains the whole year at summer ; for in winter it increases , filled with the rains , while in the summer , taking added runoff , as they say , from the snow , from the melting ice it emits an equal flow . It has islands lying in it , many and great in size , word has it , of which the one lying between the sea and the mouths is no smaller than Rhodes . It is called Peuke from the number of pines it has .	11
108027620	weather	And in three days were all they of the tribe of Judah and Benjamin gathered together at Jerusalem the twentieth day of the ninth month . And all the multitude sat trembling in the broad court of the temple because of the present foul weather .	44
106112812	winter	For he foreknew with respect to men who were not yet born , what sort of beings they would be as to their opinions , forming conjectures on what was likely and probable , of which the greater part would be reasonable , though falling short of the character of unadulterated truth ; and trusting rather to visible phenomena than to God , and admiring sophistry rather than wisdom . And again he knew that surveying the periods of the sun and moon , to which are owing the summers and winters , and the alternations of spring and autumn , they would conceive the revolutions of the stars in heaven to be the causes of all the things which every year should be produced and generated on the earth , accordingly that no one might venture either through shameless impudence or inordinate ignorance to attribute to any created thing the primary causes of things , he said : " Let them run over in their minds the first creation of the universe , when , before the sun or the moon existed , the earth brought forth all kinds of plants and all kinds of fruits : and seeing this in their minds let them hope that it will again also bring forth such , according to the appointment of the Father , when it shall seem good to him , without his having need of the aid of any of the sons of men beneath the heavens , to whom he has given powers , though not absolute ones . "	91
106113471	winter	And in addition to the four elements the seasons of the year are also four , which are the causes of the generation of animals and plants , the year being divided into the quadruple division of winter , and spring , and summer , and autumn .	37
106114035	winter	For either by their risings , or their settings , or their eclipses , or again by their appearances and occultations , or by the other variations observable in their motions , men oftentimes conjecture what is about to happen , the productiveness or unproductiveness of the crops , the birth or loss of their cattle , fine weather or cloudy weather , calm and violent storms of wind , floods in the rivers or droughts , a tranquil state of the sea and heavy waves , unusual changes in the seasons of the year when either the summer is cold like winter , or the winter warm , or when the spring assumes the temperature of autumn or the autumn that of spring .	106
106168590	winter	So again winter feels a need of summer , and summer of winter , spring of both , and autumn of spring , and each of these seasons of each other season ; and , so to say , everything has a need and want of everything else . So that the whole universe of which all these are parts , namely the world , is clearly a complete work , worthy of its Maker .	2
106168596	winter	So again winter feels a need of summer , and summer of winter , spring of both , and autumn of spring , and each of these seasons of each other season ; and , so to say , everything has a need and want of everything else . So that the whole universe of which all these are parts , namely the world , is clearly a complete work , worthy of its Maker .	12
106195081	winter	The law - giver showing , by this expression , that he who gives way to inconsiderate impulses without any stability or firmness exposes himself to surf and violent tossing , like those of the sea , when it is agitated in the winter season by contrary winds , and has never even a single glimpse of calm or tranquillity .	43
106209167	storm	For any one who considers the continual war raging among men in the middle of peace , and existing , not merely among nations , and countries , and cities , but also among private houses , or I might rather say , between every individual man and the inexpressible and heavy storms which agitate the souls of men , which , by their evident impetuosity , throw into confusion all the affairs of life , may very naturally wonder , if in such a storm , any one can enjoy tranquillity , and can feel a calm in such a billowy state of the stormy sea .	52
106209186	storm	For any one who considers the continual war raging among men in the middle of peace , and existing , not merely among nations , and countries , and cities , but also among private houses , or I might rather say , between every individual man and the inexpressible and heavy storms which agitate the souls of men , which , by their evident impetuosity , throw into confusion all the affairs of life , may very naturally wonder , if in such a storm , any one can enjoy tranquillity , and can feel a calm in such a billowy state of the stormy sea .	85
106237213	winter	At all events it so happens that the roots of the universe , the elements of which the world is composed , are fourùearth , water , air , and fire . Also , that the seasons of the year are equal in number , namely , winter and summer , and those others which are between these two , spring and autumn .	47
106260246	storm	for the man whose mind is naturally disposed to be tranquil , and is established undeviatingly , must necessarily be at variance with all those who delight in disorder and confusion , and who by artificial storms seek to disturb him who is capable of enjoying tranquillity .	36
106283579	winter	At all events , they say that it is an absurd thing for merchants and dealers to cross the seas for the sake of gain , and to travel all round the habitable world , not allowing any considerations of summer , or winter , or violent gales , or contrary winds , or old age , or bodily sickness , or the society of friends , or the unspeakable pleasures arising from wife , or children , or one 's other relations , or love of one 's country , or the enjoyment of political connections , or the safe fruition of one 's money and other possessions , or , in fact , anything whatever , whether great or small , to be any hindrance to them ; and yet for men , for the sake of that most beautiful and desirable of all possessions , the only one which is peculiar to the human race , namely , wisdom , to be unwilling to cross over every sea and to penetrate every recess of the earth , inquiring whenever they can find anything beautiful either to see or to hear , and tracing out such things with all imaginable zeal and earnestness , until they arrive at the enjoyment of the things which are thus sought for and desired .	43
106291967	winter	The heavy , again , he divided into wet and dry ; and the dry he called land , and the wet he called water - and each of these , again , received other further subdivisions ; for the land was divided into continents and islands , and the water into sea and rivers , and all drinkable springs , and the air was divided into the solstices of summer and winter ; fire , also , was divided into what is useful ( but fire is a most insatiable and destructive thing ) , and also by a different division into what is saving ; and this division was assigned for the conformation of the heaven .	72
106292613	winter	He has divided the heavy things so as to make them equal in number to the light ones , two to two ; that is to say , so that the earth and the water , being things of weight , are equal in number to those which are by nature light , air , and fire . Again , he has made one equal to one , the driest thing to the wettest thing , the earth to the water ; and the coldest thing to the hottest thing , the air to the fire . So , in the same manner , he had divided light from darkness , and day from night , and summer from winter , and autumn from spring ; and so on .	119
106296212	winter	Hot is opposite to cold , and dry to wet , and light to heavy , and darkness to light , and night to day ; also in heaven that which is fixed is opposite to the wandering planetary motion , and in the air a clear sky is opposite to clouds , winter to summer , autumn to spring , for the one is blooming and the other fading .	53
106306112	storm	For the soul becomes faint and powerless by reason of the passions having received much tossing about and agitation from the body , on account of the violent storm which bursts forth from immoderate impetuosity .	28
106307963	storm	He then caused a calm instead of a storm , and health instead of disease , and life , if one may speak the plain truth , instead of death , showing himself as the trophy - bearer of God who giveth the victory , to whom also he consecrated the tenths as a grateful offering on account of his victory .	8
106324003	winter	for what the heaven during winter bestows on the other countries , the Nile affords to Egypt at the height of summer ;	5
106342558	winter	Again , we know that the air has an attractive nature , yielding to such bodies as surround it in an altitude of resistance , being the organ of life , and breath , and sight , and hearing , and all the rest of the external senses , admitting of rarification , and condensation , and motion , and tranquillity , and changes , and variations of every kind , by which it is altered and modified , and generating summers and winters , and the seasons of autumn and spring , by means of which the circle of the year is the last brought to a conclusion .	83
106360271	storm	Does anyone , when he sees a storm at its height , and a violent gale opposing him , and a hurricane raging tempestuously , and the sea full of vast waves , when he ought to anchor his ship , does anyone , I say , at such a moment weigh anchor and put to sea ?	7
106362491	winter	He surely must be some foreign calamity , brought from over the sea , or from some other world , since he , a man in every respect miserable , has dared to compare himself to the all - blessed God . We must likewise add , that he is daring here to utter blasphemies against the sun , and the moon , and the rest of the stars , whenever anything which had been looked for according to the seasons of the year , either does not happen at all , or is brought about with difficulty ; if , for instance , the summer causes too much heat , or the winter too excessive a cold , or if the spring or autumn were unseasonable , so that the one were to become barren and unfruitful , and the other to be prolific only in diseases .	113
106367209	storm	And all those who are truly lovers of God desire eagerly to escape from the storm of multiplied affairs and business in which there is always tempestuous weather , and rough sea , and confusion , and to anchor in the calm and safe untroubled haven of virtue .	15
106367426	storm	And I stood in the midst between the Lord and You , " not meaning by these words that he was standing on his own feet , but wishing to indicate that the mind of the wise man , being delivered from all storms and wars , and enjoying unruffled calm and profound peace , is superior indeed to man , but inferior to God .	43
106393671	sea	Again , some persons setting sail in the summer ( for that is the season for fair voyages ) have been shipwrecked ; while others , who have expected to be overwhelmed by reason of being forced to put to sea , have reached their harbour uninjured , without having even incurred any danger .	40
106407401	wind	For Egypt almost alone , if you except those countries which lie to the south of the equator , never is subject to that one of the seasons of the year which is called winter , perhaps , as some say , from the fact of its not being at any great distance from the torrid zone , since the essence of fire flows from that quarter in an invisible manner , and scorches everything all around , or perhaps it is because the river overflows at the time of the summer solstice , and so consumes all the clouds before they can collect for winter ; for the river begins to rise at the beginning of the summer , and to fall towards the end of summer ; during which period the etesian gales increase in violence blowing from a direction opposite to the mouths of the Nile , and by which it is prevented from flowing freely into the sea , and by the violence of which winds , the sea itself is also raised to a considerable height , and erects vast waves like a long wall ,	169
106416210	famine	Others he had forewarned of a dearth which should follow a season of abundance ; and , on the other hand , plenty after famine . In some instances he had predicted the inundations of rivers ; or , on the contrary , their falling greatly and becoming dried up ; and the departure of pestilential diseases , and ten thousand other things . From all which he had obtained a name of wide celebrity , as he was believed to have foreseen them all , and so he had attained to great renown and his glory had spread everywhere and was continually increasing .	24
106426926	winter	For that also is divided into four parts , each consisting of three animals , by which divisions it makes up the seasons of the year , spring , summer , autumn , and winter , distinguishing the four changes , the two solstices , and the two equinoxes , each of which has its limit of three signs of this zodiac , by the revolutions of the sun , according to that unchangeable , and most lasting , and really divine ratio which exists in numbers ;	34
106451269	winter	And wise men have observed , also , an innumerable quantity of other circumstances , and have recorded them , conjecturing from the heavenly bodies the advent of calm weather and of violent storms , and the fertility or barrenness of crops , and the mild or violently hot summers , and whether the winters will be severe or spring - like , whether there will be droughts or abundance of rain , whether the flocks and trees will be fruitful , or on the contrary barren , and all such matters as these .	54
106458379	winter	and all the changes that take place in it ; for winter , and summer , and spring , and autumn , being the seasons of the year , and being all of great service to mankind , are what we may call affections of the air for the preservation of all these things that are beneath the moon .	11
106464148	winter	You are not compelled to pass over unnavigable seas ; or , when tossed about by the billows of the middle of winter and the force of contrary winds , to wander about the sea in every direction ; or to travel on foot over rough and pathless byeways , always being in dread of the haunts of robbers , or of the attacks of wild beasts ; or to watch all night to protect your walls in the open air , while the enemy are lying in ambush for you , and threatening you with the very extremity of danger . Come , now , let no unpleasant topics be brought up in pleasant circumstances .	22
106468353	winter	And yet many men who have before now been placed in situations of great authority , and even many who now are so , though they have most abundant resources of all kinds , and enormous riches , wealth continually and uninterruptedly flowing upon them as if from some unceasing spring , do nevertheless at times turn to the same things which we poor men use , to earthenware cups , and small cheap loaves , and olives , or cheese , or vegetables , for a seasoning to their dinners ; and in the summer put on a girdle and a linen garment , and in winter any whole and stout cloak , and for sleep use a bed made on the ground , discarding gladly couches made of ivory or wrought in tortoiseshell and gold ,	107
106484739	day	therefore , before the existing sedition is appeased , another springs up , so that no season of the year is ever indulged in peace and quietness , but they are compelled to live under arms night and day , bearing for the greater portion of their lives hardships in the open air while serving in the camps , or else living in cities from the complete absence of all peace .	38
106499641	storm	for the man who studies these virtues may reasonably be looked upon as a common benefactor , like a good pilot tranquillising the storms of affairs in such a manner as to secure the preservation and safety of those who have committed their interests to him .	23
106525970	storm	For as in great and dangerous sicknesses a physician sometimes actually takes away parts of the body , aiming at ensuring the sound health of the rest , and as when storms arise the pilot often throws overboard the cargo , out of a prudent regard to the safety of the men sailing in the ship ; and yet the physician is not blamed for the mutilation of the body , nor the pilot for the loss of the cargo , but on the contrary both of them are praised as having seen and ensured what was advantageous in preference to what was pleasant ; so in the same manner we must always look with proper admiration at the nature of the entire universe , and we must be pleased with all things which are done in the world without intentional wickedness , inquiring not whether any thing has been done which is not altogether pleasant , but whether the world , like a city enjoying good laws , is guided and governed in a manner calculated to ensure its safety .	31
106531817	winter	for those things , by means of which nature used to provide men with good things , namely , the earth and the heaven , will both be rendered barren , the one being full of abortions and unable to bring any fruit to perfection , and the other changing its nature so as to produce an unproductive state of the seasons of the year , so that neither winter , nor summer , nor spring , nor autumn return in their appointed order , but are all violently wrenched from it , and thrown into a confusion destitute of all distinctive quality and completely disturbed , by the command of the supreme authority .	69
106545462	winter	and in like manner their raiment is of the most ordinary description , just stout enough to ward off cold and heat , being a cloak of some shaggy hide for winter , and a thin mantle or linen shawl in the summer ;	31
106549261	storm	and he said in a cavilling and reproachful tone , that formerly he had feared for his house lest it should be overthrown by violent gales , or extraordinary storms , or by lapse of time , or through the want of the proper care requisite to preserve it , but that now he had a much greater fear hanging over him in consequence of those men who by their reasonings went to destroy the whole world .	29
106565907	hardship	after suffering innumerable hardships he with difficulty got safety to Italy , and the moment that he had arrived there he was pursued by accusations which were brought against him , and which were brought before two of his greatest enemies , Isidorus and Lampo , who a little while before were in the position of subjects to him , calling him their master , and benefactor , and saviour , and names of that sort , but who now were his adversaries , and that too displaying a power not only equal to but far superior to his own , not merely from the confidence which men feel in the justice of their cause , but , what was a matter of great moment , because they saw that the Judge of all human affairs was his irreconcileable enemy , being about now to take upon himself the form of a judge from a prudent determination not to appear to condemn any one beforehand unheard , and not to act the part of an enemy , who before hearing either accusation or defence , has already condemned the defendant in his mind ,	3
106567556	storm	And when the storm had ceased , having coasted along Attica as far as the promontory of Sunium , he passed by all the islands in order , namely , Helena , and Ceanus , and Cythnos , and all the rest which lie in a regular row one after another , until at last he came to the point of his ultimate destination , the island of Andros , which the miserable man beholding afar off poured forth abundance of tears down his cheeks , as if from a regular fountain , and beating his breast , and lamenting most bitterly , he said , " Men , ye who are my guards and attendants in this my journey , I now receive in exchange for the glorious Italy this beautiful country of Andros , which is an unfortunate island for me .	3
106577146	storm	This is Caesar , who calmed the storms which were raging in every direction , who healed the common diseases which were afflicting both Greeks and barbarians , who descended from the south and from the east , and ran on and penetrated as far as the north and the west , in such a way as to fill all the neighbouring districts and waters with unexpected miseries .	7
106579567	winter	We have sailed hither in the middle of winter , in order that we might not be all involved in violation of the law and in misfortunes proceeding from it , without being aware what a winter of misery was awaiting us on shore , far more grievous than any storm at sea .	8
106579573	winter	We have sailed hither in the middle of winter , in order that we might not be all involved in violation of the law and in misfortunes proceeding from it , without being aware what a winter of misery was awaiting us on shore , far more grievous than any storm at sea .	8
107536047	winter	What he says about the cranes must likewise be understood in a general sense . “ Such clang is heard Along the skies , when from incessant showers Escaping , and from winter 's cold , the cranes Take wing , and over ocean speed away . Woe to the land of dwarfs ! prepared they fly For slaughter of the small Pygmæan race .	32
107550640	winter	However , in the more southerly portions of these districts , close to the sea , and those next the Bosphorus , the vine brings its fruit to maturity , although the grapes are exceedingly small , and the vines are covered up all the winter .	45
107550665	winter	And in the parts near the mouth of the Palus Mæotis , the frost is so strong that a general of Mithridates defeated the barbarians here in a cavalry engagement during the winter , and on the very same spot in a naval fight in summer , when the ice was thawed .	32
107550735	winter	The priest Stratius placed it here , not because he considered it a worthy offering to the god , but as a proof of the severity of our winter . ”	28
107580306	winter	no snow is there , No biting winter , and no drenching shower , But zephyr always gently from the sea Breathes on them to refresh the happy race .	7
107590886	winter	It is but small in summer , but in winter swells to a breadth of seven stadia .	9
107594137	winter	The city is situated on the road from Iberia to Italy ; this road is very good in the summer , but muddy and overflowed by the rivers during winter and spring .	29
107626056	storm	but in that instance both the distance is short and the lake is not agitated by waves like the sea , but in this case of the Alpheus , where there are great storms and the waters are tossed with violence , the supposition is by no means worthy of attention .	33
107626957	winter	The districts above are barren and covered with ashes , which are surmounted by the snows in winter : all below it however is filled with woods and plantations of all kinds .	17
107639279	winter	They shift their quarters ever in search of pasture , changing the places they have exhausted for others full of grass . In the winter they encamp in the marshes near the Palus Mæotis , and in the summer on the plains .	24
107639470	winter	It is related that Neoptolemus , the general of Mithridates , defeated the barbarians during summer - time in a naval engagement in this very strait , and during the winter in a cavalry action .	30
107639506	winter	They say that about the Bosphorus the vine is hidden away in the earth in winter , great mounds of mould being piled over it [ to preserve it from the frost ] .	15
107672958	winter	The disaster occurred in the following winter , and after this the Achæans gave the Ionians the model of the temple .	6
107709387	winter	They sit on the ground , eating their food together , dressed in mean garments , which are not changed in winter or summer . They wait upon themselves and on the men .	21
107718001	winter	The heights are impassable in winter ; in summer they are ascended by fastening on the feet shoes as wide as drums , made of raw hide , and furnished with spikes on account of the snow and ice .	5
107725081	winter	that Alexander attacked them in the winter time , and repressed their excessive insolence .	6
107787190	winter	that the mountains are covered with snow in the winter ; that the rains set in at the commencement of spring , and continue to increase ; that at the time of the blowing of the Etesian winds they pour down impetuously , without intermission , night and day till the rising of Arcturus , and that the rivers , filled by the melting of the snow and by the rains , irrigate the flat grounds .	9
107787276	winter	These things , he says , were observed by himself and by others on their journey into India from the Paropamisadæ . This was after the setting of the Pleiades , and during their stay in the mountainous country in the territory of the Hypasii , and in that of Assacanus during the winter . At the beginning of spring they descended into the plains to a large city called Taxila , thence they proceeded to the Hydaspes and the country of Porus .	53
107787303	winter	During the winter they saw no rain , but only snow .	2
107787378	winter	They remained at the Hydaspes while the ships were constructing , and began their voyage not many days before the setting of the Pleiades , and were occupied during the whole autumn , winter , and the ensuing spring and summer , in sailing down the river , and arrived at Patalene about the rising of the Dog - Star ;	33
107787463	winter	Nearchus gives the same account , but does not agree with Aristobulus respecting the rains in summer , but says that the plains are watered by rain in the summer , and that they are without rain in winter .	38
107792703	winter	In winter they dig holes , and pile up the earth in heaps , like moles , at the mouths of the openings .	1
107798481	winter	for at that season it rains in Gedrosia , and the rivers and wells are filled , but in winter they fail .	19
107803689	winter	The cloak for summer is of a purple or violet colour , but for winter of a variegated colour . The turbans are similar to those of the Magi ; and a deep double shoe . The generality of people wear a double tunic reaching to the half of the leg .	14
107807224	winter	The kings usually passed the winter there , on account of the salubrity of the air ,	5
107818025	winter	The time of their incursion is from the summer solstice to the middle of winter .	14
107818502	weather	In bad weather , when fish can not be procured , the bones of which they have made heaps are pounded , made into cakes and eaten , but they suck the fresh bones .	2
107819645	winter	Their winter sets in when the Etesian winds begin to blow ( for they have rain ) , and the remaining season is summer . They go naked , or wear skins only ,	1
107821638	winter	He was therefore compelled to pass the summer and the winter there , for the recovery of the sick .	10
107824977	winter	And , if this had been the case , would it be necessary to inquire what is even still a question , what can possibly be the reason why rain falls in summer , and not in winter , in the most southerly parts of the country , but not in the Thebai ̈ s , nor in the country about Syene ?	37
107839841	winter	It is said that rain falls there frequently in summer , but that during the winter drought prevails .	15
110249725	storm	But when we came within about thirty stades of our destination , a terrible storm overtook us .	14
110249792	storm	but yet another storm was waiting for us there , no less fierce than the one at sea .	3
110250041	storm	Tell Archedemus that the Kids setting in the evening sky portend heavy storms not only at sea , but even heavier ones on land .	12
110251292	winter	I wrote to you earlier that I wanted to stay ten years here and then return home to Heraclea . But now that I ’ve heard about the tyrant Clearchus who has come to power , I ca n’t stand being safer than my fellow citizens , so I ’ll sail when spring comes , god willing — now in the middle of winter it ’s impossible . It would be really ridiculous if I were like those people who run away whenever something disturbs their city .	63
119089316	storm	which are the most noble of the animals that live in the mountains ( although perhaps this is because storms have a rather wild aspect ) .	19
119132917	winter	These things must be done in winter , for in summer the fat does not congeal .	6
119193983	winter	For each chous of the metretai that remain mix two xestes of salt , and at the end of the winter pour into clay vessels .	20
119203893	winter	But it is also made in the winter , by placing the jars on top of the furnaces of baths or on top of ovens .	7
115809031	winter	The servant got thither not under a considerable time ; for it requires much time to pass through Meopotamia , in which it is tedious traveling , both in the winter for the depth of the clay , and in summer for want of water ; and , besides this , for the robberies there committed , which are not to be avoided by travelers but by caution beforehand .	30
115828329	winter	But when the king was not brought to reason by this plague , hail was sent down from heaven ; and such hail it was , as the climate of Egypt had never suffered before , nor was it like to that which falls in other climates in winter time , but was larger than that which falls in the middle of spring to those that dwell in the northern and north - western regions . This hail broke down their boughs laden with fruit .	48
115858596	storm	It is not lawful to pass by any beast that is in distress , when in a storm it is fallen down in the mire , but to endeavor to preserve it , as having a sympathy with it in its pain .	17
115870292	storm	while this storm did not so much incommode the Israelites , because it came in their backs .	2
115870529	winter	They also made themselves hollows under ground , and caverns , and preserved therein whatsoever had escaped their enemies ; for the Midianites made expeditions in harvest - time , but permitted them to plough the land in winter , that so , when the others had taken the pains , they might have fruits for them to carry away .	38
115882220	winter	for what none of you ever saw here before , I mean a winter storm in the midst of harvest , I will entreat of God , and will make it visible to you . "	13
115904244	spring	But at the beginning of the spring he sent Joab , the captain of his host , to fight against the Ammonites , who overran all their country ,	6
115923569	winter	Now as soon as the priests had put all things in order about the ark , and were gone out , there cane down a thick cloud , and stood there , and spread itself , after a gentle manner , into the temple ; such a cloud it was as was diffused and temperate , not such a rough one as we see full of rain in the winter season . This cloud so darkened the place , that one priest could not discern another , but it afforded to the minds of all a visible image and glorious appearance of God 's having descended into this temple , and of his having gladly pitched his tabernacle therein . So these men were intent upon this thought .	69
115950523	storm	and upon the rise of a most terrible storm , which was so great that the ship was in danger of sinking , the mariners , the master , and the pilot himself , made prayers and vows , in case they escaped the sea : but Jonah lay still and covered [ in the ship , ] without imitating any thing that the others did ;	8
115950588	storm	but as the waves grew greater , and the sea became more violent by the winds , they suspected , as is usual in such cases , that some one of the persons that sailed with them was the occasion of this storm , and agreed to discover by lot which of them it was .	42
115950705	day	It is also reported that Jonah was swallowed down by a whale , and that when he had been there three days , and as many nights , he was vomited out upon the Euxine Sea , and this alive , and without any hurt upon his body ; and there , on his prayer to God , he obtained pardon for his sins , and went to the city Nineveh , where he stood so as to be heard , and preached , that in a very little time they should lose the dominion of Asia .	21
115962107	winter	while the season lasted , of corn , and wine , and oil , that they might have whereon to feed during the winter .	23
115988769	winter	Now Scopas , the general of Ptolemy 's army , went in haste to the superior parts of the country , and in the winter time overthrew the nation of the Jews ? "	24
116016788	winter	so when he was returned out of Egypt again , he abode during the winter at Gaza ,	14
116036258	storm	So he set sail from thence to Pamphylia , and falling into a violent storm , he had much ado to escape to Rhodes , with the loss of the ship 's burden ;	14
116036410	storm	and that , by undergoing a great many hardships , he had escaped the hands of his enemies ; as also , that his own relations were in danger of being besieged and taken , and that he had sailed through a storm , and contemned all these terrible dangers of it , in order to come , as soon as possible , to him , who was his hope and only succor at this time .	42
116039399	storm	So he attacked the place in the morning ; but by reason of a great storm that was then very violent , he was able to do nothing , but drew off his army into the neighboring villages ;	15
116039730	winter	who expected now what would come ; for there appeared a mighty number of people that came from places far distant , that were now about the village , but then ran away ; and had it not been for the depth of winter , which then restrained them , the king 's army had presently gone to Jerusalem , as being very courageous at this good success , and the whole work had been done immediately ;	43
116039903	winter	When the rigor of winter was over , Herod removed his army , and came near to Jerusalem , and pitched his camp hard by the city .	4
116059643	winter	He also took so much pleasure there , that he abode many days with them , and would willingly have staid longer , but that the season of the year made him make haste away ; for as winter was coming on , he thought it not safe to go to sea later , and yet he was of necessity to return again to Ionia .	38
116106056	winter	but they took this just punishment as an affront , and carried off all the weapons which were kept in that house , which were not a few , and went into a certain place where was a partition of the rivers , and was a place naturally very fit for the feeding of cattle , and for preserving such fruits as were usually laid up against winter .	67
116187979	storm	He was there received by his friends , Ptolemy and Sappinius ; and although he was then in want of money , he fitted up a three - decked ship of very great magnitude , wherein he and his friends sailed to Brundusium , and went thence to Rome with all speed ; where he first of all went to Antony , on account of the friendship his father had with him , and laid before him the calamities of himself and his family ; and that he had left his nearest relations besieged in a fortress , and had sailed to him through a storm , to make supplication to him for assistance .	105
116190308	storm	He also made an immediate and continual attack upon the fortress . Yet was he forced by a most terrible storm to pitch his camp in the neighboring villages before he could take it .	20
116190772	winter	so that when the multitude of them which was gathered together saw that those in the village were slain , they dispersed themselves , and fled away ; upon the confidence of which victory , Herod had marched immediately to Jerusalem , unless he tad been hindered by the depth of winter 's [ coming on ] .	51
116190948	winter	Now as winter was going off , Herod marched to Jerusalem , and brought his army to the wall of it ; this was the third year since he had been made king at Rome ; so he pitched his camp before the temple ,	2
116198210	storm	But the storm of the whole family was removed to Alexander , and all of it rested upon his head .	2
116222986	hurricane	But it were best , O my friends , it were best , while the vessel is still in the haven , to foresee the impending storm , and not to set sail out of the port into the middle of the hurricanes ; for we justly pity those who fall into great misfortunes without fore - seeing them ;	42
116234626	winter	But as to Titus , he sailed over from Achaia to Alexandria , and that sooner than the winter season did usually permit ; so he took with him those forces he was sent for , and marching with great expedition , he came suddenly to Ptolemais ,	18
116243400	storm	No , certainly , but a most unmanly one ; as I should esteem that pilot to be an arrant coward , who , out of fear of a storm , should sink his ship of his own accord .	29
116244731	winter	This place was warm even in winter , as it was suffocating hot in the summer time , by reason of its situation in a plain , and near to the sea [ of Galilee ] .	6
116257094	storm	for there broke out a prodigious storm in the night , with the utmost violence , and very strong winds , with the largest showers of rain , with continued lightnings , terrible thunderings , and amazing concussions and bellowings of the earth , that was in an earthquake .	6
116257408	storm	They also supposed that Ananus would be every where , and visit the guards every hour ; which indeed was done upon other nights , but was omitted that night , not by reason of any slothfulness of Ananus , but by the overbearing appointment of fate , that so both he might himself perish , and the multitude of the guards might perish with him ; for truly , as the night was far gone , and the storm very terrible , Ananus gave the guards in the cloisters leave to go to sleep ; while it came into the heads of the zealots to make use of the saws belonging to the temple , and to cut the bars of the gates to pieces .	79
116257778	tempest	The zealots also joined in the shouts raised by the Idumeans ; and the storm itself rendered the cry more terrible ; nor did the Idumeans spare any body ; for as they are naturally a most barbarous and bloody nation , and had been distressed by the tempest ,	48
116262507	winter	and if the water be drawn up before sun - rising , and after that exposed to the air , it becomes exceeding cold , and becomes of a nature quite contrary to the ambient air ; as in winter again it becomes warm ; and if you go into it , it appears very gentle .	39
116263313	winter	but as they were sailing in their long ships by the coasts of Achaia , for it was winter time , they heard that Galba was slain , before they could get to him , after he had reigned seven months and as many days .	18
116265835	winter	he was not able to support the torments he was under , nor to apply himself further in other wars , when his native country was laid waste ; but then , as much as his passion excited him to avenge his country , so much was he restrained by the consideration of his distance therefrom ; because fortune might prevent him , and do a world of mischief before he could himself sail over the sea to Italy , especially as it was still the winter season ;	86
116267089	winter	yet was Mucianus afraid of going by sea , because it was the middle of winter , and so he led his army on foot through Cappadocia and Phrygia .	15
116267871	winter	However , he himself made haste to go to Rome , as the winter was now almost over , and soon set the affairs of Alexandria in order , but sent his son Titus , with a select part of his army , to destroy Jerusalem .	13
116301243	winter	for the winter season hindered him then from sailing into Italy .	2
117946709	storm	In saying this I have not forgotten the storms in the Odyssey and such incidents as that of the Cyclops — I am describing old age , but the old age of a Homer —	8
117947160	storm	It is , I fancy , much in the same way that the poet in describing storms picks out the most alarming circumstances .	16
117956696	storm	The storm , for instance , in Herodotus is , as far as the ideas go , wonderfully described , but it includes certain things which are , Heaven knows , beneath the dignity of the subject . One might instance perhaps " the sea seething " : the word " seething " is so cacophonous that it takes off a great deal of the sublimity .	1
110100411	weather	It will be foul weather to - day : for the heaven is red and lowering .	4
110106372	winter	And pray ye that your flight be not in the winter , neither on a sabbath :	10
110120958	winter	And pray ye that it be not in the winter .	9
110155361	winter	it was winter ;	2
110183881	tempest	And when neither sun nor stars shone upon us for many days , and no small tempest lay on us , all hope that we should be saved was now taken away .	16
110221402	winter	Give diligence to come before winter .	5
119071446	storm	For just as pilots for their voyages , before sailing from the harbour , fit their ship out with everything that a ship requires ; yet when a storm blows up they do , not what they wish , but what they must , boldly staking their fortunes against the driving peril of chance and calling to their aid no memory of their past practice but assistance appropriate to the existing circumstances ;	28
119071504	storm	just so generals will prepare their armies as they believe will be best , but when the storm of war is at hand repeatedly shattering , overthrowing , and bringing varied conditions , the sight of present circumstances demands expedients based on the exigencies of the moment , which the necessity of chance rather than the memory of experience suggests .	17
116336934	storm	For as the ark of Noah , bearing the world in the world - filling flood , bore up against the waves , so you , the guardian of the law , when surrounded on every side by the flood of passions , and straitened by violent storms which were the torments of they children , did bear up nobly against the storms against religion .	62
