σάκκος	bag.n.01	0.955602229	2	4.05
σάκκος	sackcloth.n.01	0.648276985	1	6.24
σάκκος	sackcloth.n.01	0.913196862	1	5.63
σάκκος	sackcloth.n.01	0.901954114	1	6.12
σάκκος	garment.n.01	None	1	1.33
σάκκος	sack.n.01	0.80824995	2	6.54
σάκκος	sack.n.01	0.737455606	2	6.07
σάκκος	sackcloth.n.02	0.84457922	1	4.08
σάκκος	sackcloth.n.01	0.79398787	1	6.58
σάκκος	sack.n.01	0.807958186	2	7.13
σάκκος	sack.n.01	0.871110976	2	7.56
σάκκος	sackcloth.n.01	0.91109854	1	6.46
σάκκος	sackcloth.n.01	0.936430275	1	7.46
σάκκος	sack.n.01	0.959864676	2	5.86
σάκκος	sack.n.01	0.943361163	2	7.52
σάκκος	sack.n.01	0.925030351	2	7.21
σάκκος	sacking.n.01	0.997124851	1	0.34
σάκκος	sackcloth.n.01	0.892037094	1	6.05
σάκκος	sackcloth.n.01	0.923092842	1	5.59
σάκκος	sack.n.01	0.743729532	2	6.93
σάκκος	pouch.n.02	0.743689775	NA	4.68
σάκκος	slang.n.02	None	NA	2.77
σάκκος	bag.n.01	0.774646699	2	4.02
σάκκος	sack.n.01	0.833303332	2	4.48
σάκκος	sackcloth.n.01	0.76985997	1	6.34
σάκκος	sack.n.01	0.910116971	2	5.69
σάκκος	sack.n.01	0.955926001	2	6.68
σάκκος	sack.n.01	0.780051589	2	7.08
σάκκος	sack.n.01	0.630904615	2	4.72
σάκκος	sack.n.01	0.938819945	2	7.02
σάκκος	sackcloth.n.01	0.89013499	1	6.71
σάκκος	sackcloth.n.01	0.553756773	1	6.95
σάκκος	sackcloth.n.01	0.848808825	1	6.86
σάκκος	sackcloth.n.01	0.639191628	1	5.6
σάκκος	sackcloth.n.01	0.639191628	1	6.37
σάκκος	sackcloth.n.01	0.726493299	1	7.4
σάκκος	sackcloth.n.01	0.630270004	1	7.33
σάκκος	sackcloth.n.02	0.645608306	1	6.87
σάκκος	sackcloth.n.01	0.863002777	1	6.71
σάκκος	sackcloth.n.01	0.729115486	1	5.95
σάκκος	sackcloth.n.01	0.934615433	1	5.31
σάκκος	sackcloth.n.01	0.854512393	1	5.69
σάκκος	sackcloth.n.01	0.964442194	1	4.95
σάκκος	sackcloth.n.01	0.701707482	1	5.63
σάκκος	sackcloth.n.01	0.962268353	1	6.6
σάκκος	sackcloth.n.01	0.763324499	1	6.72
σάκκος	sackcloth.n.01	0.955747366	1	6.8
σάκκος	sackcloth.n.02	0.605619788	1	6.96
σάκκος	sackcloth.n.01	0.6745947	1	5.37
σάκκος	sackcloth.n.01	0.767756343	1	6.35
σάκκος	sackcloth.n.01	0.922760189	1	6.02
σάκκος	sackcloth.n.01	0.901941717	1	3.96
σάκκος	sackcloth.n.01	0.930953205	1	6.36
σάκκος	sackcloth.n.01	0.960343361	1	6.24
σάκκος	sackcloth.n.01	0.843143821	1	4.5
σάκκος	sackcloth.n.01	0.712793052	1	6.95
σάκκος	sackcloth.n.01	0.986633658	1	6.82
σάκκος	sackcloth.n.01	0.942290485	1	6.39
σάκκος	sackcloth.n.01	0.841191053	1	4.91
σάκκος	sackcloth.n.01	0.572431505	1	5.5
σάκκος	sackcloth.n.01	0.732863009	1	4.76
σάκκος	sackcloth.n.01	0.932432532	1	5.88
σάκκος	sackcloth.n.01	0.902397811	1	6.72
σάκκος	sackcloth.n.01	0.910921931	1	6.38
σάκκος	sackcloth.n.01	0.884520352	1	6.61
σάκκος	sackcloth.n.01	0.866211534	1	6.34
σάκκος	sackcloth.n.01	0.672323406	1	6.76
σάκκος	sackcloth.n.01	0.898524344	1	6.27
σάκκος	sackcloth.n.01	0.877149045	1	6.81
σάκκος	sackcloth.n.01	0.827682614	1	6.77
σάκκος	sackcloth.n.01	0.871971667	1	6.9
σάκκος	sackcloth.n.01	0.718742788	1	6.65
σάκκος	sackcloth.n.02	0.71604073	1	4.25
σάκκος	sackcloth.n.01	0.719600856	1	6.08
σάκκος	sackcloth.n.01	0.869145632	1	6.39
σάκκος	sackcloth.n.01	0.872374654	1	7.46
σάκκος	sackcloth.n.01	0.855707169	1	5.36
σάκκος	sackcloth.n.01	0.534803092	1	6.85
σάκκος	sackcloth.n.01	0.781253517	1	5.46
σάκκος	sackcloth.n.01	0.755235255	1	7.59
σάκκος	sackcloth.n.01	0.695274234	1	6.44
σάκκος	sackcloth.n.01	0.852544487	1	5.68
σάκκος	sackcloth.n.01	0.942897916	1	5.76
σάκκος	sackcloth.n.02	0.552283108	1	6.71
σάκκος	sack.n.01	0.729699969	2	5.5
σάκκος	sack.n.01	0.920767605	2	8.12
σάκκος	sackcloth.n.01	0.706922591	1	7.28
σάκκος	sackcloth.n.01	0.856250644	1	4.58
σάκκος	sackcloth.n.01	0.863386869	1	5.64
σάκκος	sackcloth.n.01	0.885850728	1	6.85
σάκκος	sackcloth.n.01	0.81113708	1	5.77
σάκκος	sackcloth.n.01	0.817083061	1	6.39
σάκκος	sackcloth.n.01	0.918612123	1	5.74
σάκκος	sackcloth.n.01	0.985743344	1	4.85
σάκκος	sackcloth.n.01	0.830792665	1	5.85
σάκκος	sackcloth.n.01	0.84945184	1	7.28
σάκκος	sackcloth.n.01	0.901087582	1	4.65
σάκκος	sackcloth.n.01	0.89559865	1	4.95
σάκκος	sackcloth.n.01	0.853271544	1	7.48
σάκκος	sack.n.01	0.872656226	2	6.06
σάκκος	sack.n.01	0.859282851	2	7.69
σάκκος	hammock.n.02	0.45487833	NA	6.71
σάκκος	sack.n.01	0.958831728	2	4.39
σάκκος	sackcloth.n.01	0.897612572	1	6.69
σάκκος	sackcloth.n.01	0.920014322	1	5.64
σάκκος	sackcloth.n.02	0.78689003	1	5.82
σάκκος	sackcloth.n.01	0.749136448	1	6.86
ῥόα	pomegranate.n.02	0.993179202	1	5.27
ῥόα	pomegranate.n.02	0.997019827	1	6.41
ῥόα	pomegranate.n.02	0.993169785	1	4.89
ῥόα	pomegranate.n.02	0.974306881	1	5.89
ῥόα	rose.n.01	0.87811923	NA	3.22
ῥόα	pomegranate.n.01	None	2	8.27
ῥόα	fruit.n.01	0.977405369	NA	1.61
ῥόα	pomegranate.n.01	0.537771106	2	4.58
ῥόα	pomegranate.n.02	0.955623269	1	6.87
ῥόα	pomegranate.n.02	0.872365654	1	6.7
ῥόα	pomegranate.n.02	0.987375379	1	5.79
ῥόα	pomegranate.n.02	0.868595421	1	5.53
ῥόα	mullet.n.01	0.639095545	NA	0.53
ῥόα	pomegranate.n.02	0.979543388	1	5.35
ῥόα	grape.n.01	0.952626705	NA	1.58
ῥόα	pear.n.01	0.974880755	NA	2.93
ῥόα	pomegranate.n.02	0.856663525	1	0.75
ῥόα	pomegranate.n.02	0.580712497	1	4.23
ῥόα	pomegranate.n.02	0.949866235	1	2.74
ῥόα	pomegranate.n.02	0.979737699	1	0.81
ῥόα	pomegranate.n.02	0.702293158	1	2.26
ῥόα	pomegranate.n.02	0.995033026	1	4.23
ῥόα	tree.n.01	0.942619026	NA	0.48
ῥόα	pomegranate.n.02	0.984723091	1	4.62
ῥόα	pomegranate.n.02	0.991269469	1	6.02
ῥόα	pomegranate.n.02	0.993946016	1	4.54
ῥόα	pomegranate.n.02	0.989160478	1	6.87
ῥόα	pomegranate.n.02	0.962180614	1	7.44
ῥόα	pomegranate.n.02	0.99550724	1	1.87
ῥόα	pomegranate.n.02	0.984293878	1	5.05
ῥόα	pomegranate.n.02	0.970930576	1	6.44
ῥόα	pomegranate.n.02	0.989696264	1	5.05
ῥόα	pomegranate.n.02	0.995308578	1	5.22
ῥόα	pomegranate.n.02	0.942521155	1	5.87
ῥόα	pomegranate.n.02	0.91993314	1	5.47
ῥόα	pomegranate.n.01	0.887165666	2	5.39
ῥόα	pomegranate.n.01	0.781447291	2	6.76
ῥόα	pomegranate.n.01	0.929401338	2	5.66
ῥόα	pomegranate.n.02	0.968670249	1	4.14
ῥόα	pomegranate.n.02	0.979838967	1	6.7
ῥόα	pomegranate.n.01	0.742337108	2	5.9
ῥόα	pomegranate.n.01	0.885429502	2	4.51
ῥόα	pomegranate.n.01	0.955819011	2	4.65
ῥόα	pomegranate.n.01	0.864649773	2	6.1
ῥόα	pomegranate.n.01	0.825092793	2	3.45
ῥόα	pomegranate.n.02	0.923365474	1	4.85
ῥόα	pomegranate.n.02	0.856418073	1	3.64
ῥόα	pomegranate.n.01	0.893817902	2	4.38
ῥόα	pomegranate.n.01	0.721938014	2	6.12
ῥόα	pomegranate.n.02	0.847371876	1	2.74
ῥόα	pomegranate.n.01	0.811906457	2	6.44
ῥόα	vine.n.01	None	NA	3.24
ῥόα	pomegranate.n.01	0.865400493	2	4.06
ῥόα	pomegranate.n.01	0.923162699	2	5.48
ῥόα	pomegranate.n.01	0.905131161	2	2.9
ῥόα	pomegranate.n.01	0.756916821	2	3.4
ῥόα	pomegranate.n.01	0.820105314	2	2.84
ῥόα	pomegranate.n.01	0.628133357	2	3.9
ῥόα	leaf.n.01	0.999654174	NA	1.09
ῥόα	pomegranate.n.02	0.730269372	1	6.43
ῥόα	pomegranate.n.02	0.730269372	1	0.86
ῥόα	pomegranate.n.02	0.561019659	1	2.95
ῥόα	pomegranate.n.02	0.94297874	1	5.82
ῥόα	pomegranate.n.02	0.767313838	1	6
ῥόα	pomegranate.n.02	0.899746001	1	4.68
ῥόα	pomegranate.n.01	0.83961761	2	5.8
ῥόα	pomegranate.n.01	0.646838844	2	6.44
ῥόα	pomegranate.n.02	0.940996647	1	3.4
ῥόα	pomegranate.n.02	0.918085515	1	3.4
ῥόα	pomegranate.n.02	0.948851824	1	6.77
ῥόα	pomegranate.n.01	0.812583089	2	7.04
ῥόα	pomegranate.n.01	None	2	5.19
ῥόα	pomegranate.n.01	0.849684	2	3.52
ῥόα	pomegranate.n.01	0.808470547	2	4.44
ῥόα	pomegranate.n.02	0.994640291	1	4.84
ῥόα	pomegranate.n.02	0.995660126	1	5.95
ῥόα	pomegranate.n.02	0.870478511	1	6.6
ῥόα	pomegranate.n.01	0.543260574	2	5.77
ῥόα	pomegranate.n.01	0.973142624	2	6.55
ῥόα	pomegranate.n.02	0.799208939	1	6.55
ῥόα	pomegranate.n.02	0.98000598	1	4.88
ῥόα	pomegranate.n.02	0.990678966	1	6.6
ῥόα	pomegranate.n.02	0.665636361	1	4.66
ῥόα	juice.n.01	0.998012662	NA	0.76
ῥόα	poppy.n.01	None	3	1.12
ῥόα	pomegranate.n.02	0.997249305	1	6.97
ῥόα	pomegranate.n.02	0.991795957	1	4.71
ῥόα	grape.n.01	0.970782161	NA	1.6
ἱστός	loom.n.01	None	2	4.66
ἱστός	mast.n.01	0.98699677	1	4.46
ἱστός	sail.n.01	0.982186437	NA	1.25
ἱστός	web.n.01	0.564883351	3	3.67
ἱστός	loom.n.01	None	2	5.3
ἱστός	loom.n.01	None	2	5.43
ἱστός	loom.n.01	None	2	1.76
ἱστός	mast.n.01	0.945183337	1	3.91
ἱστός	wing.n.01	0.924806416	NA	1.77
ἱστός	web.n.01	0.439241052	3	2.57
ἱστός	loom.n.01	None	2	3.42
ἱστός	mast.n.01	0.989721477	1	4.77
ἱστός	mast.n.02	0.461699605	NA	3.1
ἱστός	mast.n.01	0.920866132	1	4.99
ἱστός	mast.n.01	0.900380075	1	6.8
ἱστός	mast.n.01	0.780742347	1	6.57
ἱστός	mast.n.01	0.890301704	1	4.9
ἱστός	mast.n.01	0.935499489	1	5.38
ἱστός	mast.n.01	0.902101815	1	4.01
ἱστός	mast.n.01	0.914635718	1	6.31
ἱστός	loom.n.01	None	2	5.5
ἱστός	mast.n.01	0.848170161	1	4.64
ἱστός	mast.n.01	0.987977207	1	3.99
ἱστός	web.n.02	0.568796635	3	3.18
ἱστός	web.n.02	0.685847104	3	3.19
ἱστός	mast.n.01	0.942725062	1	4.87
ἱστός	mast.n.01	0.975192428	1	5.36
ἱστός	mast.n.01	0.931455672	1	5.62
ἱστός	mast.n.01	0.927096486	1	3.96
ἱστός	mast.n.01	0.560454011	1	3.93
ἱστός	mast.n.01	0.724511683	1	5.24
ἱστός	web.n.06	0.573014498	3	3.24
ἱστός	web.n.02	0.927288115	3	3.81
ἱστός	loom.n.01	None	2	4
ἱστός	loom.n.01	None	2	4.27
ἱστός	loom.n.01	None	2	5.79
ἱστός	web.n.01	0.528743386	3	3.29
ἱστός	mast.n.01	0.984322488	1	1.15
ἱστός	mast.n.01	0.902161479	1	3.09
ἱστός	mast.n.01	0.926777899	1	5.14
ἱστός	mast.n.01	0.985170066	1	3.61
ἱστός	mast.n.01	0.873467922	1	3.61
ἱστός	mast.n.01	0.642965019	1	4.25
ἱστός	mast.n.01	0.888012767	1	3.99
ἱστός	mast.n.01	0.974254608	1	4.66
ἱστός	mast.n.01	0.92532593	1	5
ἱστός	stern.n.01	0.998932779	NA	1.68
ἱστός	loom.n.01	None	2	5.23
ἱστός	loom.n.01	None	2	5.46
ἱστός	loom.n.01	None	2	5.65
ἱστός	loom.n.01	None	2	6.24
ἱστός	loom.n.01	None	2	3.68
ἱστός	ship.n.01	None	NA	0.59
ἱστός	mast.n.01	0.72186172	1	0.34
ἱστός	mast.n.01	0.72186172	1	3.42
ἱστός	loom.n.01	None	2	3.94
ἱστός	mast.n.01	0.933817208	1	0.9
ἱστός	mast.n.01	0.960098028	1	4.24
ἱστός	mast.n.01	0.964386523	1	1.46
ἱστός	mast.n.01	0.917647719	1	5.67
ἱστός	mast.n.01	0.933977246	1	6.78
ἱστός	mast.n.01	0.91420269	1	5.99
ἱστός	mast.n.01	0.975588083	1	3.63
ἱστός	mast.n.01	0.988071084	1	4.82
ἱστός	mast.n.01	0.884494424	1	4.88
ἱστός	loom.n.01	None	2	5.23
ἱστός	loom.n.01	None	2	1.15
ἱστός	shuttle.n.03	0.718916118	NA	2.03
ἱστός	loom.n.01	None	2	5.73
ἱστός	loom.n.01	None	2	3.9
ἱστός	loom.n.01	None	2	2.22
ἱστός	mast.n.01	0.901581466	1	3.13
ἱστός	mast.n.01	0.971839547	1	3.09
ἱστός	weaving.n.01	None	NA	2.1
ἱστός	loom.n.01	None	2	5.42
ἱστός	loom.n.01	None	2	5.47
ἱστός	mast.n.01	0.973232925	1	4.95
ἱστός	loom.n.01	None	2	5.35
ἱστός	mast.n.01	0.940557361	1	3.93
ἱστός	mast.n.01	0.918537796	1	3.9
ἱστός	loom.n.01	None	2	6.57
ἱστός	loom.n.01	None	2	6.14
ἱστός	web.n.01	0.662619829	3	2.73
ἱστός	web.n.01	0.662619829	3	3.34
ἱστός	weaving.n.01	None	NA	1.83
ἱστός	web.n.02	0.828923404	3	3.06
ἱστός	mast.n.01	0.923597455	1	5.95
ἱστός	mast.n.01	0.927727222	1	6.83
ἱστός	mast.n.01	0.936240494	1	4.48
ἱστός	mast.n.01	0.618809104	1	1.74
ἱστός	loom.n.01	None	2	4.29
ἱστός	loom.n.01	None	2	3.82
ἱστός	loom.n.01	None	2	2.95
ἱστός	loom.n.01	None	2	4.67
ἱστός	loom.n.01	None	2	4.88
ἱστός	web.n.01	0.391881436	3	3
ἱστός	forestay.n.01	None	NA	0.78
ἱστός	mast.n.01	0.968424916	1	5.12
ἱστός	mast.n.01	0.977522016	1	3.67
ἱστός	loom.n.01	None	2	3.46
ἱστός	rudder.n.01	0.535230398	NA	1.08
ἱστός	mast.n.01	0.982032597	1	0.65
ἱστός	mast.n.01	0.947596669	1	2.99
ἱστός	loom.n.01	None	2	4.93
ἱστός	weaving.n.01	None	NA	3.08
ἱστός	mast.n.01	0.984015942	1	2.91
ἱστός	mast.n.01	0.993077636	1	4.66
ἱστός	mast.n.01	0.961185277	1	2.92
ἱστός	loom.n.01	None	2	4.25
ἱστός	loom.n.01	None	2	4.03
ἱστός	mast.n.01	0.963149011	1	2.27
ἱστός	mast.n.01	0.976732552	1	3.29
ἱστός	mast.n.01	0.986177921	1	5.32
ἱστός	mast.n.01	0.981312215	1	4.99
ἱστός	backstay.n.01	None	NA	2.01
ἱστός	mast.n.01	0.695512235	1	2.76
ἱστός	loom.n.01	None	2	5.5
ἱστός	mast.n.01	0.975205898	1	3.31
ἱστός	mast.n.01	0.972318411	1	4.95
ἱστός	mast.n.01	0.985927105	1	4.24
ἱστός	loom.n.01	None	2	4.88
ἱστός	web.n.02	0.412973881	3	2.04
ἱστός	mast.n.01	0.976421595	1	4.85
ἱστός	mast.n.01	0.962712169	1	6.07
ἱστός	mast.n.01	0.988413632	1	3.91
ἱστός	mast.n.01	0.969223142	1	4.19
ἱστός	web.n.02	0.551863492	3	3.18
ἱστός	loom.n.01	None	2	5.34
ἱστός	mast.n.01	0.97354728	1	4.6
ἱστός	loom.n.01	None	2	6.26
ἱστός	mast.n.01	0.767329574	1	7.04
ἱστός	mast.n.01	0.959578812	1	3.45
ἱστός	loom.n.01	None	2	5.51
ἱστός	loom.n.01	None	2	3.05
ἱστός	comb.n.03	0.759313524	NA	4.09
ἱστός	comb.n.03	0.6307289	NA	1.81
ἱστός	mast.n.01	0.907023549	1	4.07
ἱστός	mast.n.01	0.943592727	1	6.43
ἱστός	mast.n.01	0.987698913	1	4.44
ἱστός	mast.n.01	0.93712312	1	3.33
ἱστός	mast.n.01	0.664486825	1	3.38
ἱστός	mast.n.01	0.976965725	1	4.31
ἱστός	mast.n.01	0.897182226	1	3.88
ἱστός	loom.n.01	None	2	4.9
ἱστός	mast.n.01	0.871063292	1	5.73
ἱστός	mast.n.01	0.903641224	1	4.95
ἱστός	sail.n.01	0.960708082	NA	2.52
ἱστός	mast.n.01	0.976148009	1	2.93
ἱστός	mast.n.01	0.96823287	1	3.22
ἱστός	mast.n.01	0.979458213	1	4.9
ἱστός	mast.n.01	0.95247829	1	4.92
ἱστός	mast.n.01	0.96889919	1	4.92
ἱστός	mast.n.01	0.982310534	1	6.11
ἱστός	mast.n.01	0.990806162	1	5.49
ἱστός	sail.n.01	0.948635459	NA	2.52
ἱστός	mast.n.01	0.857307494	1	4.36
ἱστός	mast.n.01	0.968658388	1	6.77
ἱστός	cord.n.01	0.972586572	NA	3.75
ἱστός	web.n.02	0.907326162	3	1.51
ἱστός	web.n.02	0.416704148	3	5.11
ἱστός	mast.n.01	0.72994864	1	5.86
ἱστός	mast.n.01	0.814550698	1	4.48
ἱστός	web.n.01	0.34338671	3	0.56
ἱστός	mast.n.01	0.978506744	1	0.54
ἱστός	distaff.n.02	0.981880307	2	2.05
ἱστός	mast.n.01	0.944999993	1	4.54
ἶρις	rainbow.n.01	0.992882133	1	4.26
ἶρις	bow.n.05	0.453032553	NA	4.75
ἶρις	rainbow.n.01	0.998867512	1	4.97
ἶρις	rainbow.n.01	0.999145389	1	4.9
ἶρις	rainbow.n.01	0.99630475	1	6.91
ἶρις	rainbow.n.01	0.995584309	1	4.57
ἶρις	iris.n.01	0.995886743	2	4.02
ἶρις	iris.n.02	0.99713254	4	0.51
ἶρις	iris.n.02	0.938124835	4	7.46
ἶρις	rainbow.n.01	0.998822272	1	2.17
ἶρις	iris.n.01	0.997760773	2	7.47
ἶρις	iris.n.01	0.983537138	2	4.54
ἶρις	iris.n.01	0.994184554	2	7.62
ἶρις	iris.n.01	0.998158157	2	3.56
ἶρις	iris.n.01	0.996999562	2	5.31
ἶρις	iris.n.01	0.978345573	2	6.04
ἶρις	rainbow.n.01	0.998977542	1	3.89
ἶρις	rainbow.n.01	0.897926509	1	2.92
ἶρις	rainbow.n.01	0.665273011	1	3.6
ἶρις	iris.n.01	0.997347236	2	5.44
ἶρις	iris.n.01	0.999478042	2	5.82
ἶρις	iris.n.01	0.998908997	2	4.3
ἶρις	rainbow.n.01	0.99909544	1	2.82
ἶρις	rainbow.n.01	0.983448505	1	4.3
ἶρις	iris.n.01	0.993098676	2	6.95
ἶρις	iris.n.01	0.997734427	2	4.81
ἶρις	iris.n.01	0.997124612	2	6.18
ἶρις	iris.n.01	0.999190152	2	0.55
ἶρις	halo.n.03	0.897887111	3	3.62
ἶρις	rainbow.n.01	0.998460293	1	3.71
ἶρις	rainbow.n.01	0.998718739	1	4.63
ἶρις	rainbow.n.01	0.998325169	1	6.21
ἶρις	rainbow.n.01	0.998709798	1	1.85
ἶρις	rainbow.n.01	0.907523751	1	4.93
ἶρις	rainbow.n.01	0.999695301	1	6.1
ἶρις	rainbow.n.01	0.999009013	1	3.66
ἶρις	rainbow.n.01	0.999102116	1	4.89
ἶρις	rainbow.n.01	0.999147534	1	4.9
ἶρις	rainbow.n.01	0.998721302	1	5.53
ἶρις	rainbow.n.01	0.999567807	1	6.1
ἶρις	rainbow.n.01	0.999429762	1	4.8
ἶρις	rainbow.n.01	0.996854603	1	5.28
ἶρις	rainbow.n.01	0.996424615	1	4.38
ἶρις	rainbow.n.01	0.998893559	1	0.77
ἶρις	rainbow.n.01	0.995818317	1	2.61
ἶρις	rainbow.n.01	0.644869328	1	5.91
ἶρις	rainbow.n.01	0.915831804	1	4.4
ἶρις	reflection.n.05	0.346120596	NA	1.67
ἶρις	rainbow.n.01	0.98714298	1	4.83
ἶρις	bow.n.05	0.824224412	NA	2.25
ἶρις	rainbow.n.01	0.998896956	1	4.86
ἶρις	rainbow.n.01	0.99914825	1	4.72
ἶρις	rainbow.n.01	0.997249782	1	0.82
ἶρις	rainbow.n.01	0.999521255	1	4.01
ἶρις	halo.n.03	0.739548445	3	3.49
ἶρις	rainbow.n.01	0.999359667	1	4.79
ἶρις	rainbow.n.01	0.99951005	1	6.44
ἶρις	color.n.01	0.952526212	NA	1.52
ἶρις	rainbow.n.01	0.999484777	1	4.41
ἶρις	rainbow.n.01	0.99862659	1	3.77
ἶρις	rainbow.n.01	0.962215602	1	2.41
ἶρις	rainbow.n.01	0.944517016	1	4.81
ἶρις	rainbow.n.01	0.99838531	1	5.02
ἶρις	rainbow.n.01	0.997369647	1	4.44
ἶρις	rainbow.n.01	0.998073459	1	5.11
ἶρις	rainbow.n.01	0.998002112	1	5.64
ἶρις	rainbow.n.01	0.998640597	1	3.49
ἶρις	rainbow.n.01	0.996436596	1	2.69
ἶρις	rainbow.n.01	0.998616695	1	2.46
ἶρις	rainbow.n.01	0.999065459	1	4.29
ἶρις	rainbow.n.01	0.999056876	1	4.68
ἶρις	rainbow.n.01	0.926772416	1	2.51
ἶρις	rainbow.n.01	0.999869823	1	3.83
ἶρις	rainbow.n.01	0.994590282	1	3.14
ἶρις	rainbow.n.01	0.998685181	1	0.9
ἶρις	color.n.01	0.954310298	NA	0.89
ἶρις	rainbow.n.01	0.998886406	1	4.72
ἶρις	rainbow.n.01	0.996125281	1	5.36
ἶρις	rainbow.n.01	0.988225222	1	2.89
ἶρις	rainbow.n.01	0.998435438	1	2.98
ἶρις	rainbow.n.01	0.997938097	1	4.78
ἶρις	rainbow.n.01	0.997938097	1	3.97
ἶρις	rainbow.n.01	0.995113313	1	6.33
ἶρις	rainbow.n.01	0.998978734	1	6.39
ἶρις	rainbow.n.01	0.999861956	1	2.3
ἶρις	halo.n.03	0.954502165	3	0.64
ἶρις	halo.n.03	0.954502165	3	1.41
ἶρις	rainbow.n.01	0.999504685	1	4.21
ἶρις	rainbow.n.01	0.999114692	1	6.1
ἶρις	iris.n.01	0.998403728	2	6.18
ἶρις	iris.n.01	0.998809695	2	3.08
ἶρις	iris.n.01	0.994990051	2	1.9
ἶρις	iris.n.01	0.979823947	2	4.58
ἶρις	iris.n.01	0.999159694	2	6.91
ἶρις	iris.n.01	0.992397964	2	4.13
ἶρις	iris.n.01	0.993508339	2	3.81
ἶρις	iris.n.01	0.995896697	2	5.59
ἶρις	iris.n.01	0.955562055	2	1.61
ἶρις	iris.n.01	0.992380679	2	1.32
ἶρις	iris.n.01	0.995668292	2	6.68
ἶρις	rainbow.n.01	0.999649525	1	4.41
ἶρις	rainbow.n.01	0.999601543	1	5.42
ἶρις	rainbow.n.01	0.99053663	1	4.31
ἶρις	iris.n.01	0.997093201	2	4.7
ἶρις	iris.n.01	0.997050166	2	7.3
ἶρις	rainbow.n.01	0.99859494	1	4.62
ἶρις	opalescence.n.01	None	NA	3.53
ἶρις	iris.n.01	0.999809682	2	5.69
ἶρις	rainbow.n.01	0.99445796	1	3.14
ἶρις	iris.n.01	0.99803406	2	6.98
ἶρις	iris.n.01	0.981727004	2	3.13
ἶρις	iris.n.01	0.986475766	2	3.82
ἶρις	iris.n.01	0.988251984	2	4.36
ἶρις	iris.n.01	0.992992878	2	4.25
ἶρις	iris.n.01	0.999216318	2	3.51
ἶρις	iris.n.01	0.996319294	2	8.11
ἶρις	iris.n.01	0.99699688	2	4.24
ἶρις	iris.n.01	0.996969402	2	7.93
ἶρις	iris.n.01	0.980857491	2	6.07
ἶρις	iris.n.01	0.981714129	2	7.01
ἶρις	iris.n.01	0.973746955	2	6.27
ἶρις	iris.n.01	0.997542977	2	6.16
ἶρις	iris.n.01	0.991214991	2	7.06
ἶρις	iris.n.01	0.99901545	2	5.62
ἶρις	rainbow.n.01	0.975134254	1	4.65
ἶρις	calamus.n.02	0.858929336	NA	1.35
ἶρις	rainbow.n.01	0.999395132	1	5.03
ἶρις	rainbow.n.01	0.997996271	1	4.26
κλείς	collar.n.01	0.7130422	NA	1.05
κλείς	collar.n.01	0.302729577	NA	2.21
κλείς	key.n.01	0.988574803	1	4.33
κλείς	key.n.01	0.994214118	1	5.35
κλείς	key.n.01	0.98860383	1	6.32
κλείς	gate.n.01	0.997674644	NA	0.67
κλείς	key.n.01	0.990502596	1	5.02
κλείς	key.n.01	0.843254089	1	9.25
κλείς	key.n.01	0.907378495	1	5.87
κλείς	lock.n.01	0.99732399	5	4.44
κλείς	key.n.01	0.937021375	1	4.62
κλείς	key.n.01	0.99220264	1	7.02
κλείς	key.n.01	0.910900056	1	8.96
κλείς	key.n.01	0.953263283	1	9.13
κλείς	neck.n.01	0.997954488	NA	1.87
κλείς	key.n.01	0.991036296	1	6.71
κλείς	key.n.01	0.998049617	1	7.16
κλείς	key.n.01	0.993952096	1	5.81
κλείς	key.n.01	0.983288467	1	8.9
κλείς	key.n.01	0.976645887	1	7.63
κλείς	key.n.01	0.968280375	1	9.01
κλείς	key.n.01	0.918330967	1	8
κλείς	clavicle.n.01	None	2	3.91
κλείς	clavicle.n.01	None	2	2.87
κλείς	collar.n.01	0.642149866	NA	1.6
κλείς	collar.n.01	0.889105022	NA	2.61
κλείς	clavicle.n.01	None	2	5.26
κλείς	clavicle.n.01	None	2	3.89
κλείς	clavicle.n.01	None	2	4.58
κλείς	collar.n.01	0.634580493	NA	2.43
κλείς	clavicle.n.01	None	2	5.78
κλείς	corner.n.05	0.340586662	NA	0.59
κλείς	key.n.01	0.992650568	1	6.65
κλείς	key.n.01	0.967926443	1	4.47
κλείς	throat.n.01	0.95908463	NA	0.88
κλείς	key.n.12	0.615241289	1	4.98
κλείς	key.n.01	0.616081655	1	5.7
κλείς	clavicle.n.01	None	2	5.44
κλείς	clavicle.n.01	None	2	6.09
κλείς	clavicle.n.01	None	2	5.14
κλείς	clavicle.n.01	None	2	3.83
κλείς	clavicle.n.01	None	2	1.55
κλείς	key.n.01	0.712121785	1	9.25
κλείς	key.n.01	0.997569978	1	5.08
κλείς	key.n.01	0.998538971	1	5.77
κλείς	key.n.01	0.995690763	1	4.55
κλείς	key.n.01	0.995263219	1	4.81
κλείς	clavicle.n.01	None	2	1.79
κλείς	key.n.01	0.920600653	1	9.24
κλείς	bolt.n.03	0.518836498	5	3.49
κλείς	bar.n.03	0.91478163	5	5.09
κλείς	bench.n.01	0.936308503	4	2.44
κλείς	key.n.01	0.617534578	1	8.13
κλείς	key.n.01	0.959082484	1	4.92
κλείς	key.n.01	0.368601501	1	6.53
κλείς	key.n.01	0.990475476	1	7.48
κλείς	key.n.01	0.955585063	1	7.89
κλείς	gate.n.01	0.616774559	NA	0.8
κλείς	bolt.n.06	0.744134009	5	5.84
κλείς	key.n.02	0.851241946	3	6.89
κλείς	key.n.02	0.836934686	3	7
κλείς	bolt.n.06	0.912004948	5	5.94
κλείς	key.n.04	0.813170135	NA	7.15
κλείς	samara.n.01	0.840144455	NA	4.33
κλείς	key.n.01	0.987332284	1	9.1
κλείς	key.n.01	0.986391902	1	7.01
κλείς	key.n.01	0.645594001	1	5.64
κλείς	collar.n.01	0.629912615	NA	3.36
κλείς	key.n.01	0.36154604	1	5.72
κλείς	key.n.12	0.504058897	1	7.96
κλείς	key.n.01	0.973036706	1	8.95
κλείς	key.n.01	0.98167026	1	6.29
κλείς	key.n.02	0.950043082	3	5.69
κλείς	key.n.02	0.523909569	3	5.69
κλείς	key.n.02	0.845980227	3	7.25
κλείς	key.n.01	0.947219729	1	8.15
κλείς	key.n.01	0.959178507	1	7.29
κλείς	key.n.02	0.591166675	3	7.34
κλείς	key.n.02	0.845980227	3	7.25
κλείς	key.n.01	0.985039592	1	7.79
κλείς	key.n.01	0.973265588	1	7.23
κλείς	key.n.01	0.957402349	1	7.5
κλείς	key.n.01	0.991775513	1	6.46
κλείς	grapnel.n.01	0.883959174	NA	1.57
κλείς	bar.n.05	0.743013918	NA	2.2
κλείς	key.n.01	0.946162522	1	8.07
κλείς	clavicle.n.01	None	2	1.11
κλείς	bench.n.01	0.968233466	4	3.32
κλείς	clavicle.n.01	None	2	2.23
κλείς	clavicle.n.01	None	2	2.57
κλείς	bolt.n.03	0.582531035	5	3.04
κλείς	bolt.n.03	0.824010789	5	2.94
κλείς	bench.n.01	0.814947546	4	1.83
κλείς	bench.n.01	0.981556058	4	0.56
κλείς	hole.n.02	0.500200629	NA	0.44
κλείς	seat.n.06	0.289631814	NA	0.46
κλείς	key.n.01	0.950234771	1	8.95
κλείς	key.n.01	0.974339485	1	8.72
κλείς	key.n.01	0.989543557	1	9.4
κλείς	key.n.01	0.873829246	1	6.27
κλείς	key.n.01	0.978120029	1	9.36
κλείς	key.n.01	0.98840487	1	8.71
κλείς	key.n.01	0.980131209	1	9.18
κλείς	key.n.01	0.970368087	1	7.26
κλείς	bone.n.01	0.978357196	2	1.14
κλείς	clavicle.n.01	None	2	4.23
κλείς	clavicle.n.01	None	2	3.92
κλείς	clavicle.n.01	None	2	4.75
κλείς	clavicle.n.01	None	2	5.57
κλείς	clavicle.n.01	None	2	4.8
κλείς	neck.n.01	0.994312882	NA	0.76
κλείς	clavicle.n.01	None	2	1.99
κλείς	clavicle.n.01	None	2	2.51
κλείς	clavicle.n.01	None	2	5.98
κλείς	clavicle.n.01	None	2	3.34
κλείς	clavicle.n.01	None	2	4.12
κλείς	clavicle.n.01	None	2	3.75
κλείς	clavicle.n.01	None	2	4.38
κλείς	clavicle.n.01	None	2	5.5
κλείς	clavicle.n.01	None	2	5.16
κλείς	collar.n.01	0.579501033	NA	1.93
κλείς	clavicle.n.01	None	2	6.02
κλείς	key.n.01	0.998025775	1	7.01
κλείς	key.n.01	0.874220371	1	8.92
κλείς	clavicle.n.01	None	2	4.65
κλείς	collar.n.01	0.905832231	NA	1.94
κλείς	key.n.01	0.970821142	1	5.11
κλείς	key.n.01	0.988797724	1	5.99
κλείς	key.n.01	0.976626098	1	6.31
κλείς	key.n.01	0.988052845	1	9.24
κλείς	bench.n.01	0.894825995	4	3.23
κλείς	bench.n.01	0.971740127	4	2.13
κλείς	bench.n.01	0.817716002	4	2.78
κλείς	bolt.n.03	0.842346251	5	5.32
κλείς	row.n.01	0.980527401	NA	2
κλείς	thwart.n.01	None	4	2.5
κλείς	thwart.n.01	None	4	3.12
κλείς	key.n.01	0.989166677	1	7.79
κλείς	key.n.01	0.956124485	1	8.45
κλείς	key.n.01	0.992122114	1	7.07
κλείς	key.n.01	0.968425393	1	9.29
κλείς	key.n.01	0.978990912	1	8.88
κλείς	blade.n.06	0.802649736	NA	0.88
κλείς	key.n.01	0.905515254	1	7.17
κλείς	key.n.01	0.964799881	1	9.18
κλείς	gate.n.01	0.992773354	NA	1.64
κλείς	key.n.01	0.996573925	1	7.64
κλείς	key.n.01	0.993116617	1	8.7
κλείς	sword.n.01	None	NA	0.36
κλείς	key.n.01	0.969947875	1	5.79
κλείς	water_faucet.n.01	0.736671329	NA	0.66
κλείς	water_faucet.n.01	0.942151189	NA	1.15
κλείς	key.n.01	0.874272525	1	8.79
κλείς	key.n.02	0.845980227	3	7.25
κλείς	key.n.01	0.908169687	1	9.32
κλείς	key.n.01	0.917948306	1	6.41
κλείς	key.n.01	0.943029642	1	7.42
κλείς	key.n.01	0.951759994	1	7.56
ἄρκτος	bear.n.01	0.999808252	2	3.16
ἄρκτος	bear.n.01	0.999675989	2	5.78
ἄρκτος	north.n.03	0.827365875	1	4.33
ἄρκτος	north.n.05	0.643345535	1	4.3
ἄρκτος	north.n.03	0.924749792	1	4.48
ἄρκτος	north.n.03	0.891446114	1	5.39
ἄρκτος	north.n.03	0.705634594	1	4.43
ἄρκτος	north.n.03	0.778520644	1	4.87
ἄρκτος	bear.n.01	0.995920777	2	6.26
ἄρκτος	north.n.03	0.607908309	1	3.4
ἄρκτος	north.n.03	0.897717118	1	4.84
ἄρκτος	bear.n.01	0.999647021	2	4.21
ἄρκτος	north.n.03	0.768580377	1	2.59
ἄρκτος	bear.n.01	0.999834061	2	4.56
ἄρκτος	bear.n.01	0.999784887	2	5.35
ἄρκτος	bear.n.01	0.999657631	2	6.45
ἄρκτος	bear.n.01	0.999723494	2	5.38
ἄρκτος	bear.n.01	0.999872684	2	5.21
ἄρκτος	bearskin.n.01	0.979889214	NA	3.42
ἄρκτος	bear.n.01	0.999839902	2	1.81
ἄρκτος	bear.n.01	0.999824345	2	2.92
ἄρκτος	bear.n.01	0.999628663	2	3.09
ἄρκτος	bear.n.01	0.99974519	2	5.01
ἄρκτος	north.n.03	0.646453559	1	4.15
ἄρκτος	north.n.03	0.646453559	1	3.6
ἄρκτος	north.n.03	0.893793046	1	5.58
ἄρκτος	bear.n.01	0.999113858	2	3.45
ἄρκτος	bear.n.01	0.996213496	2	3.5
ἄρκτος	bear.n.01	0.998579144	2	3.72
ἄρκτος	north.n.03	0.909281373	1	5.25
ἄρκτος	north.n.03	0.858478427	1	5.14
ἄρκτος	north.n.03	0.857758045	1	4.62
ἄρκτος	north.n.03	0.877415299	1	2.88
ἄρκτος	north.n.03	0.840393603	1	4.3
ἄρκτος	north.n.03	0.91869843	1	3.61
ἄρκτος	north.n.03	0.792604804	1	4.32
ἄρκτος	north.n.03	0.788986981	1	3.38
ἄρκτος	bear.n.01	0.999836564	2	1.68
ἄρκτος	bear.n.01	0.999642134	2	2.52
ἄρκτος	bear.n.01	0.999844909	2	2.03
ἄρκτος	north.n.03	0.932634473	1	3.49
ἄρκτος	bear.n.01	0.999765098	2	3.45
ἄρκτος	bear.n.01	0.99972719	2	2.45
ἄρκτος	bear.n.01	0.999585807	2	5.9
ἄρκτος	bear.n.01	0.999861002	2	6.34
ἄρκτος	bear_cub.n.01	None	NA	2.22
ἄρκτος	bear.n.01	0.999063194	2	7.17
ἄρκτος	bear.n.01	0.999887824	2	2.13
ἄρκτος	bear.n.01	0.999868155	2	3.67
ἄρκτος	bear.n.01	0.999680638	2	6
ἄρκτος	bear.n.01	0.99958986	2	6.8
ἄρκτος	bear.n.01	0.999620676	2	6.46
ἄρκτος	north.n.03	0.867007315	1	4.83
ἄρκτος	north.n.03	0.906891823	1	3.64
ἄρκτος	north.n.03	0.851188838	1	4.01
ἄρκτος	bear.n.01	0.999851704	2	3.44
ἄρκτος	animal.n.01	0.98595953	NA	1.33
ἄρκτος	bear.n.01	0.999731243	2	0.93
ἄρκτος	constellation.n.02	0.994505465	NA	2.79
ἄρκτος	north.n.03	0.815098703	1	5.75
ἄρκτος	bear.n.01	0.999653697	2	4.69
ἄρκτος	bear.n.01	0.99982518	2	4.58
ἄρκτος	north.n.03	0.747320473	1	2.56
ἄρκτος	north.n.03	0.84714967	1	2.81
ἄρκτος	north.n.03	0.850852549	1	3.89
ἄρκτος	north.n.03	0.379082829	1	3.77
ἄρκτος	bearskin.n.01	0.988145471	NA	4.34
ἄρκτος	bear.n.01	0.999684095	2	4.8
ἄρκτος	bear.n.01	0.999697566	2	2.69
ἄρκτος	bear.n.01	0.998533845	2	1.75
ἄρκτος	bear.n.01	0.99991405	2	5.09
ἄρκτος	cub.n.03	0.985372961	NA	3.55
ἄρκτος	bear.n.01	0.999844193	2	6.38
ἄρκτος	animal.n.01	0.972938418	NA	1.11
ἄρκτος	bear.n.01	0.998714209	2	4.05
ἄρκτος	bear.n.01	0.999733984	2	2.14
ἄρκτος	anchovy.n.02	0.689442635	NA	2.39
ἄρκτος	bear.n.01	0.999286473	2	4.99
ἄρκτος	north.n.03	0.924731076	1	5.16
ἄρκτος	north.n.03	0.811751246	1	4.41
ἄρκτος	bear.n.01	0.999821961	2	4.01
ἄρκτος	north.n.03	0.85786736	1	4.17
ἄρκτος	bear.n.01	0.998716474	2	6.87
ἄρκτος	bear.n.01	0.999542236	2	0.71
ἄρκτος	north.n.03	0.718034625	1	3.6
ἄρκτος	bear.n.01	0.999587834	2	1.91
ἄρκτος	bear.n.01	0.996844053	2	4.39
ἄρκτος	bear.n.01	0.999594748	2	4.94
ἄρκτος	bear.n.01	0.999747932	2	1.79
ἄρκτος	bear.n.01	0.999777734	2	2.27
ἄρκτος	bear.n.01	0.999666095	2	4.51
ἄρκτος	cougar.n.01	0.783047259	NA	1.5
ἄρκτος	constellation.n.02	0.997952819	NA	4.57
ἄρκτος	bear.n.01	0.999337256	2	3.81
ἄρκτος	bear.n.01	0.999629259	2	3.09
ἄρκτος	bear.n.01	0.999462783	2	7.11
ἄρκτος	bear.n.01	0.999704778	2	5.05
ἄρκτος	bear.n.01	0.99965024	2	7.45
ἄρκτος	bear.n.01	0.999306202	2	6.92
ἄρκτος	bear.n.01	0.999255002	2	1.66
ἄρκτος	north.n.03	0.67337507	1	4.28
ἄρκτος	north.n.03	0.88120091	1	2.41
ἄρκτος	bear.n.01	0.999581873	2	7.09
ἄρκτος	north.n.03	0.815214276	1	3.64
ἄρκτος	north.n.03	0.622648597	1	4.97
ἄρκτος	bear.n.01	0.999423862	2	6.11
ἄρκτος	north.n.03	0.91322726	1	5.28
ἄρκτος	north.n.03	0.389554828	1	2.64
ἄρκτος	north.n.03	0.881043315	1	3.75
ἄρκτος	north.n.03	0.90599227	1	4.25
ἄρκτος	north.n.06	0.510136306	1	4.53
ἄρκτος	north.n.03	0.837178826	1	4.81
ἄρκτος	bear.n.01	0.999497056	2	2.39
ἄρκτος	constellation.n.02	0.978741765	NA	3.35
ἄρκτος	bear.n.01	0.999658227	2	6.32
ἄρκτος	bear.n.01	0.999677539	2	3.87
ἄρκτος	animal.n.01	0.997149408	NA	1.71
ἄρκτος	bear.n.01	0.999243498	2	5.63
ἄρκτος	bear.n.01	0.999647141	2	3.63
ἄρκτος	bear.n.01	0.999789536	2	2.66
ἄρκτος	bear.n.01	0.999822199	2	2.41
ἄρκτος	meridian.n.03	0.999399662	NA	2.87
ἄρκτος	north.n.03	0.907036483	1	3.95
ἄρκτος	bear.n.01	0.999610245	2	4.54
ἄρκτος	north.n.03	0.499417812	1	4.02
ἄρκτος	north.n.03	0.485657185	1	3.25
ἄρκτος	bear.n.01	0.999486804	2	2
ἄρκτος	bear.n.01	0.999754131	2	5.35
ἄρκτος	bear.n.01	0.999816597	2	5.8
ἄρκτος	north.n.03	0.628957808	1	3.76
ἄρκτος	north.n.03	0.812055111	1	3.46
ἄρκτος	bear.n.01	0.999841094	2	4.64
ἄρκτος	north.n.03	None	1	4.04
ἄρκτος	north.n.03	0.807072461	1	5.1
ἄρκτος	bear.n.01	0.999744356	2	6.23
ἄρκτος	bear.n.01	0.999801695	2	4.75
ἄρκτος	bear.n.01	0.995905042	2	0.66
ἄρκτος	bear.n.01	0.995905042	2	4.39
ἄρκτος	north.n.03	0.955127299	1	4.61
ἄρκτος	north.n.03	0.96667695	1	4.41
ἄρκτος	north.n.03	0.760253727	1	3.76
ἄρκτος	bear.n.01	0.99953711	2	7.54
ἄρκτος	north.n.03	0.652197659	1	5.39
ἄρκτος	north.n.03	0.620695591	1	3.17
ἄρκτος	north.n.03	0.620695591	1	4.28
ἄρκτος	bear.n.01	0.999792993	2	6.86
ἄρκτος	bear.n.01	0.999650836	2	4.45
ἄρκτος	bear.n.01	0.999935031	2	2.34
ἄρκτος	bear.n.01	0.999667883	2	3.43
ἄρκτος	bear.n.01	0.999731362	2	4.64
ἄρκτος	bear.n.01	0.999900818	2	5.78
ἄρκτος	crab.n.01	0.99756372	3	0.97
ἄρκτος	bear.n.01	0.9997105	2	4.37
ἄρκτος	bear.n.01	0.999892354	2	1.58
ἄρκτος	bear.n.01	0.999862313	2	5.71
ἄρκτος	bear.n.01	0.999943852	2	2.73
ἄρκτος	bear.n.01	0.999874711	2	0.95
ἄρκτος	bear.n.01	0.999943852	2	2
ἄρκτος	bear.n.01	0.999722898	2	3.56
ἄρκτος	bear.n.01	0.999932051	2	4.5
ἄρκτος	bear.n.01	0.99642545	2	4.44
ἄρκτος	bear.n.01	0.999348223	2	1.2
ἄρκτος	bear.n.01	0.999753177	2	1.95
ἄρκτος	bear.n.01	0.999952435	2	3.48
ἄρκτος	bear.n.01	0.999172866	2	3.65
ἄρκτος	bear.n.01	0.99983418	2	5.07
ἄρκτος	north.n.03	0.81302768	1	4.69
ἄρκτος	north.n.03	0.672263503	1	4.78
ἄρκτος	north.n.03	0.733819425	1	4.54
ἄρκτος	north.n.03	0.829877079	1	4.04
ἄρκτος	north.n.03	0.755993366	1	5.05
ἄρκτος	north.n.03	0.643369675	1	3.94
ἄρκτος	north.n.03	0.678931236	1	4.11
ἄρκτος	north.n.03	0.846161306	1	3.71
ἄρκτος	north.n.01	0.744493365	NA	4.17
ἄρκτος	north.n.05	0.428163439	1	3.91
ἄρκτος	north.n.03	0.912476659	1	4.88
ἄρκτος	north.n.03	0.814487219	1	2.93
ἄρκτος	north.n.05	0.516054273	1	4.43
ἄρκτος	north.n.03	0.822793543	1	3.14
ἄρκτος	south.n.03	0.985006869	NA	3.34
ἄρκτος	north.n.01	0.387531161	NA	4.87
ἄρκτος	north.n.03	0.745655119	1	5.32
ἄρκτος	north.n.03	0.89810127	1	3.51
ἄρκτος	north.n.03	0.630109608	1	5.52
ἄρκτος	bear.n.01	0.99982065	2	4.78
ἄρκτος	bear.n.01	0.99988544	2	4.93
ἄρκτος	bear.n.01	0.999919295	2	3.51
ἄρκτος	north.n.03	0.915108144	1	4.86
ἄρκτος	bear.n.01	0.999829173	2	7.19
ἄρκτος	bear.n.01	0.9997527	2	3.09
ἄρκτος	bear.n.01	0.999366939	2	2.38
ἄρκτος	bear.n.01	0.999866724	2	3.18
ἄρκτος	bear.n.01	0.960245073	2	2.76
ἄρκτος	wain.n.03	0.522187829	NA	0.39
ἄρκτος	bear.n.01	0.999743044	2	2.95
ἄρκτος	bear.n.01	0.999802172	2	2.4
ἄρκτος	bear.n.01	0.999449074	2	1.42
ἄρκτος	wind.n.01	0.99016881	NA	1.02
ἄρκτος	bear.n.01	0.999751627	2	2.99
ἄρκτος	bear.n.01	0.999846816	2	4.81
ἄρκτος	bear.n.01	0.999789536	2	4.06
ἄρκτος	bear.n.01	0.999807298	2	2.88
ἄρκτος	north.n.03	0.908767641	1	4.5
ἄρκτος	north.n.03	0.889779508	1	4.92
ἄρκτος	north.n.03	0.850477099	1	0.73
ἄρκτος	north.n.03	0.812971175	1	3.7
ἄρκτος	north.n.03	0.937892497	1	5.04
ἄρκτος	north.n.03	0.916492999	1	2.62
ἄρκτος	north.n.03	0.861067116	1	5.02
ἄρκτος	north.n.03	0.855255365	1	3.77
ἄρκτος	north.n.06	0.55068022	1	3.13
ἄρκτος	north.n.03	0.929349124	1	2.57
ἄρκτος	north.n.03	0.925566375	1	3.78
ἄρκτος	north.n.03	0.830095232	1	4.45
ἄρκτος	north.n.03	0.688061833	1	5.06
ἄρκτος	north.n.03	0.776853025	1	4.8
ἄρκτος	north.n.03	0.8863886	1	4.95
ἄρκτος	north.n.03	0.831099987	1	1.91
ἄρκτος	north.n.03	0.889866829	1	4.23
ἄρκτος	north.n.03	0.610621154	1	3.65
ἄρκτος	north.n.03	0.893401146	1	5.31
ἄρκτος	north.n.03	0.826643288	1	3.8
ἄρκτος	north.n.03	0.91529268	1	4.17
ἄρκτος	constellation.n.02	0.99826777	NA	2.74
ἄρκτος	constellation.n.02	0.99688369	NA	4.6
ἄρκτος	bear.n.01	0.999698281	2	2
ἄρκτος	north.n.03	0.81780678	1	3.88
ἄρκτος	bear.n.01	0.999693155	2	6.19
ἄρκτος	bear.n.01	0.99966228	2	6.63
ἄρκτος	north.n.03	0.796980262	1	4.03
ἄρκτος	bear.n.01	0.999546826	2	6.87
ἄρκτος	north.n.03	0.848258257	1	4.22
ἄρκτος	north.n.03	0.886522532	1	3.3
ἄρκτος	star.n.01	0.759701073	NA	3.06
ἄρκτος	north.n.03	0.481933802	1	4.54
ἄρκτος	north.n.03	0.859859765	1	5.12
ἄρκτος	north.n.03	0.855066419	1	4.54
ἄρκτος	north.n.03	0.92157948	1	5.18
ἄρκτος	bear.n.01	0.998119056	2	3.9
ἄρκτος	north.n.03	0.921111465	1	3.37
ἄρκτος	north.n.03	0.918187499	1	3.62
ἄρκτος	north.n.03	0.892905533	1	3.74
ἄρκτος	east.n.01	0.960397482	NA	3.7
ἄρκτος	north.n.03	0.768208027	1	5.17
ἄρκτος	north.n.03	0.900897205	1	4.43
ἄρκτος	south.n.03	0.99194324	NA	2.82
ἄρκτος	south.n.03	0.966224432	NA	3.28
ἄρκτος	north.n.03	0.675962925	1	3.76
ἄρκτος	sea.n.01	0.999108493	NA	0.85
ἄρκτος	north.n.03	0.748636127	1	5.36
ἄρκτος	north.n.03	0.916188002	1	4.65
ἄρκτος	north.n.03	0.887274384	1	3.03
ἄρκτος	north.n.03	0.947220325	1	3.91
ἄρκτος	north.n.03	0.946663082	1	4.49
ἄρκτος	north.n.03	0.867604733	1	4.43
ἄρκτος	south.n.03	0.992846787	NA	3.06
ἄρκτος	north.n.03	0.906832695	1	4.44
ἄρκτος	north.n.03	0.925323188	1	5.26
ἄρκτος	constellation.n.02	0.98533982	NA	2.69
ἄρκτος	north.n.03	0.642085016	1	4.37
ἄρκτος	north.n.03	0.659042716	1	3.74
ἄρκτος	north.n.03	0.911125422	1	4.21
ἄρκτος	north.n.03	0.895550132	1	5.09
ἄρκτος	south.n.03	0.986193001	NA	3.25
ἄρκτος	north.n.03	0.941772759	1	3.84
ἄρκτος	north.n.03	0.846794665	1	5.5
ἄρκτος	north.n.03	0.936379075	1	4.21
ἄρκτος	north.n.03	0.933063149	1	4.78
ἄρκτος	north.n.03	0.914530337	1	4.11
ἄρκτος	north.n.03	0.884104609	1	4.18
ἄρκτος	north.n.03	0.757815063	1	4.17
ἄρκτος	north.n.03	0.89008528	1	4.04
ἄρκτος	north.n.03	0.90302372	1	4.03
ἄρκτος	east.n.01	0.992562711	NA	4.79
ἄρκτος	north.n.03	0.890370727	1	5.35
ἄρκτος	north.n.03	0.898909688	1	3.37
ἄρκτος	north.n.03	0.856077194	1	4.65
ἄρκτος	south.n.03	0.976172209	NA	2.38
ἄρκτος	north.n.03	0.805617929	1	4.88
ἄρκτος	north.n.03	0.922312081	1	3.75
ἄρκτος	north.n.03	0.933786035	1	4.73
ἄρκτος	north.n.03	0.896799624	1	3.99
ἄρκτος	north.n.03	0.901920259	1	3.42
ἄρκτος	north.n.03	0.85113728	1	4
ἄρκτος	north.n.03	0.829144299	1	4.24
ἄρκτος	north.n.03	0.917861938	1	4.11
ἄρκτος	north.n.03	0.859918475	1	4.32
ἄρκτος	north.n.03	0.915171862	1	3.32
ἄρκτος	north.n.03	0.933138371	1	4.86
ἄρκτος	north.n.03	0.904973865	1	3.02
ἄρκτος	north.n.03	0.893300235	1	4.49
ἄρκτος	north.n.03	0.898785651	1	4.26
ἄρκτος	north.n.03	0.663732588	1	4
ἄρκτος	north.n.03	0.923454583	1	4.36
ἄρκτος	north.n.03	0.962740123	1	3.85
ἄρκτος	north.n.03	0.920166016	1	3.65
ἄρκτος	north.n.03	0.927002013	1	2.3
ἄρκτος	east.n.01	0.992288411	NA	2.77
ἄρκτος	north.n.03	0.96247822	1	5.6
ἄρκτος	north.n.03	0.844231009	1	4.59
ἄρκτος	north.n.03	0.91609472	1	4.43
ἄρκτος	north.n.03	0.853240907	1	6.32
ἄρκτος	north.n.03	0.849111974	1	5.03
ἄρκτος	north.n.03	0.547560632	1	3.29
ἄρκτος	north.n.03	0.88877213	1	5.56
ἄρκτος	north.n.03	0.892490864	1	4.59
ἄρκτος	north.n.03	0.943240583	1	4.63
ἄρκτος	north.n.03	0.978071809	1	4.24
ἄρκτος	north.n.03	0.899354994	1	5.18
ἄρκτος	north.n.03	0.54112494	1	3.91
ἄρκτος	north.n.03	0.908551812	1	4.03
ἄρκτος	north.n.03	0.9478544	1	5
ἄρκτος	north.n.03	0.83620429	1	3.66
ἄρκτος	north.n.03	0.904437959	1	4.51
ἄρκτος	north.n.03	0.888064444	1	5.37
ἄρκτος	north.n.03	0.947838664	1	5.24
ἄρκτος	north.n.03	0.962706327	1	4.74
ἄρκτος	north.n.03	0.86976403	1	3.71
ἄρκτος	south.n.03	0.986657798	NA	2.65
ἄρκτος	north.n.03	0.852357626	1	4.81
ἄρκτος	north.n.03	0.689308524	1	4.53
ἄρκτος	north.n.03	0.884437382	1	4.42
ἄρκτος	north.n.03	0.820029318	1	4.6
ἄρκτος	north.n.03	0.92713815	1	4
ἄρκτος	north.n.03	0.897945046	1	3.94
ἄρκτος	north.n.03	0.808540404	1	4.02
ἄρκτος	north.n.03	0.813303888	1	5.01
ἄρκτος	north.n.03	0.910395384	1	4.7
ἄρκτος	north.n.03	0.937658191	1	4.69
ἄρκτος	north.n.03	0.754125059	1	5.16
ἄρκτος	north.n.03	0.823478222	1	4.39
ἄρκτος	north.n.03	0.53292501	1	4.6
ἄρκτος	north.n.03	0.938433468	1	4.42
ἄρκτος	north.n.03	0.907518685	1	4.14
ἄρκτος	north.n.03	0.896665037	1	2.99
ἄρκτος	north.n.03	0.944827676	1	3.96
ἄρκτος	north.n.03	0.885804892	1	4.29
ἄρκτος	north.n.03	0.83320713	1	4.48
ἄρκτος	north.n.03	0.778800368	1	4.17
ἄρκτος	north.n.03	0.959582269	1	3.6
ἄρκτος	north.n.03	0.787347913	1	5.39
ἄρκτος	north.n.03	0.928127646	1	4.46
ἄρκτος	north.n.03	0.939562976	1	4.09
ἄρκτος	north.n.03	0.806378484	1	4.24
ἄρκτος	south.n.03	0.994460344	NA	2.3
ἄρκτος	north.n.03	0.951892197	1	4.88
ἄρκτος	north.n.03	0.953251779	1	2.37
ἄρκτος	north.n.03	0.829956949	1	4.62
ἄρκτος	north.n.03	0.87952733	1	4.32
ἄρκτος	north.n.03	0.819058418	1	5
ἄρκτος	north.n.03	0.900700748	1	4.41
ἄρκτος	west.n.02	0.981162667	NA	0.73
ἄρκτος	north.n.03	0.867481291	1	2.29
ἄρκτος	north.n.03	0.912089348	1	3.03
ἄρκτος	north.n.03	0.90980196	1	4.43
ἄρκτος	north.n.03	0.912491083	1	4.61
ἄρκτος	north.n.03	0.949419677	1	5.17
ἄρκτος	north.n.03	0.964438975	1	4.96
ἄρκτος	north.n.03	0.778361976	1	2.89
ἄρκτος	north.n.03	0.909295261	1	4.12
ἄρκτος	north.n.03	0.809339285	1	2.57
ἄρκτος	north.n.03	0.813661933	1	4.45
ἄρκτος	north.n.03	0.952717364	1	4.7
ἄρκτος	north.n.03	0.814953029	1	4.7
ἄρκτος	north.n.03	0.921943009	1	4.11
ἄρκτος	north.n.03	0.943504691	1	4.36
ἄρκτος	north.n.03	0.917382121	1	3.81
ἄρκτος	north.n.03	0.906869292	1	4.98
ἄρκτος	promontory.n.01	None	NA	3.06
ἄρκτος	north.n.03	0.894454539	1	3.9
ἄρκτος	north.n.03	0.79069531	1	4.62
ἄρκτος	north.n.03	0.935005367	1	4.81
ἄρκτος	north.n.03	0.920292735	1	3.24
ἄρκτος	north.n.03	0.575749159	1	2.12
ἄρκτος	north.n.03	0.929656625	1	4.81
ἄρκτος	north.n.03	0.953169346	1	4
ἄρκτος	north.n.03	0.950222075	1	4.24
ἄρκτος	east.n.01	0.98619765	NA	4.39
ἄρκτος	north.n.03	0.874597728	1	5.84
ἄρκτος	north.n.03	0.962508917	1	5.13
ἄρκτος	north.n.03	0.909575403	1	4.99
ἄρκτος	north.n.03	0.91902858	1	3.73
ἄρκτος	north.n.03	0.882426739	1	3.58
ἄρκτος	bear.n.01	0.999741971	2	2.92
ἄρκτος	north.n.03	0.899066448	1	3.9
ἄρκτος	north.n.03	0.734977961	1	5.03
ἄρκτος	bear.n.01	0.999700308	2	7.28
ἄρκτος	north.n.03	0.920958936	1	2.37
ἄρκτος	north.n.03	0.89339745	1	3.43
ἄρκτος	north.n.03	0.901461244	1	3.07
ἄρκτος	north.n.03	0.921823323	1	4.04
ἄρκτος	north.n.03	0.864398241	1	3.76
ἄρκτος	north.n.03	0.816093087	1	4.26
ἄρκτος	north.n.03	0.886001647	1	3.62
ἄρκτος	north.n.03	0.857282102	1	4.49
ἄρκτος	north.n.03	0.769636869	1	3.94
ἄρκτος	north.n.03	0.889080584	1	4.87
ἄρκτος	north.n.03	0.830306828	1	5.28
ἄρκτος	north.n.03	0.840145946	1	5.02
μῦς	mouse.n.01	0.992466629	1	4.67
μῦς	mouse.n.03	0.787220895	NA	3.4
μῦς	mouse.n.01	0.99556762	1	4.47
μῦς	mouse.n.01	0.993505001	1	5.38
μῦς	mouse.n.01	0.988360524	1	5.55
μῦς	mouse.n.01	0.994528234	1	3.06
μῦς	mouse.n.01	0.994528234	1	5.08
μῦς	mouse.n.01	0.998923719	1	4.21
μῦς	muscle.n.01	0.987559378	2	6.84
μῦς	mouse.n.01	0.975594819	1	3.84
μῦς	mouse.n.01	0.987264037	1	6.98
μῦς	mouse.n.01	0.985073268	1	4.1
μῦς	mouse.n.01	0.999105871	1	6.84
μῦς	mouse.n.01	0.908307612	1	5.61
μῦς	mouse.n.01	0.998644173	1	4.67
μῦς	mouse.n.01	0.99844414	1	3.92
μῦς	mouse.n.01	0.999276817	1	5.74
μῦς	mouse.n.01	0.997067988	1	6.19
μῦς	mouse.n.01	0.998263299	1	1.6
μῦς	rat.n.01	0.995956004	1	4.86
μῦς	mouse.n.01	0.998505592	1	6.43
μῦς	mouse.n.01	0.99936074	1	6.13
μῦς	mouse.n.01	0.998001158	1	4.31
μῦς	muscle.n.01	0.999278724	2	4.98
μῦς	muscle.n.01	0.997744203	2	5.31
μῦς	muscle.n.01	0.987356901	2	3.8
μῦς	muscle.n.01	0.995640278	2	1.9
μῦς	muscle.n.01	0.998022914	2	6.28
μῦς	muscle.n.01	0.995814025	2	6.1
μῦς	muscle.n.01	0.989884615	2	3.17
μῦς	muscle.n.01	0.936647236	2	6.98
μῦς	muscle.n.01	0.573141456	2	6.27
μῦς	muscle.n.01	0.964771152	2	4.81
μῦς	muscle.n.01	0.954593837	2	4.32
μῦς	muscle.n.01	0.994692862	2	3.86
μῦς	muscle.n.01	0.984934449	2	6.43
μῦς	muscle.n.01	0.994436264	2	5.63
μῦς	muscle.n.01	0.994768023	2	4.68
μῦς	muscle.n.01	0.986234486	2	4.27
μῦς	muscle.n.01	0.998613238	2	6.91
μῦς	muscle.n.01	0.996554375	2	6.18
μῦς	muscle.n.01	0.989096344	2	4.47
μῦς	heart.n.03	0.608921349	NA	0.42
μῦς	muscle.n.01	0.989887655	2	5.61
μῦς	muscle.n.01	0.992078364	2	4.06
μῦς	muscle.n.01	0.995755196	2	4.65
μῦς	nerve.n.01	0.901167452	2	3.39
μῦς	muscle.n.01	0.981586158	2	6.49
μῦς	muscle.n.01	0.990670085	2	4
μῦς	muscle.n.01	0.986413479	2	3.92
μῦς	muscle.n.01	0.812856376	2	6.73
μῦς	muscle.n.01	0.967759967	2	4.91
μῦς	muscle.n.01	0.972471833	2	5.95
μῦς	muscle.n.01	0.989852726	2	4.1
μῦς	muscle.n.01	0.989852726	2	3.61
μῦς	muscle.n.01	0.997218013	2	5.65
μῦς	muscle.n.01	0.972385705	2	6.77
μῦς	muscle.n.01	0.97754705	2	5.7
μῦς	muscle.n.01	0.993125916	2	6.76
μῦς	muscle.n.01	0.986142337	2	6.84
μῦς	muscle.n.01	0.964838982	2	4.66
μῦς	muscle.n.01	0.985683382	2	4.89
μῦς	muscle.n.01	0.99148351	2	5.75
μῦς	muscle.n.01	0.990232468	2	6.85
μῦς	muscle.n.01	0.995745718	2	7.28
μῦς	muscle.n.01	0.983126819	2	6.59
μῦς	muscle.n.01	0.980636656	2	4.97
μῦς	muscle.n.01	0.991154015	2	4.49
μῦς	muscle.n.01	0.987559259	2	6.84
μῦς	muscle.n.01	0.967404366	2	0.65
μῦς	muscle.n.01	0.983383656	2	6.83
μῦς	muscle.n.01	0.985620737	2	4.65
μῦς	muscle.n.01	0.98430115	2	4.62
μῦς	muscle.n.01	0.990894079	2	4.52
μῦς	muscle.n.01	0.959855258	2	6.45
μῦς	muscle.n.01	0.994986653	2	6.92
μῦς	muscle.n.01	0.997029662	2	5.62
μῦς	muscle.n.01	0.996501327	2	5.35
μῦς	muscle.n.01	0.958298743	2	3.36
μῦς	muscle.n.01	0.977525175	2	4.1
μῦς	muscle.n.01	0.995628238	2	6.49
μῦς	muscle.n.01	0.994115472	2	4.59
μῦς	muscle.n.01	0.993402779	2	4.71
μῦς	muscle.n.01	0.991717398	2	6.42
μῦς	muscle.n.01	0.952095389	2	4.35
μῦς	muscle.n.01	0.993647635	2	4.89
μῦς	muscle.n.01	0.988969088	2	7.37
μῦς	muscle.n.01	0.994028687	2	4.55
μῦς	muscle.n.01	0.9933514	2	4.22
μῦς	muscle.n.01	0.986139417	2	4.66
μῦς	muscle.n.01	0.979117751	2	6.52
μῦς	muscle.n.01	0.988154292	2	4.16
μῦς	muscle.n.01	0.957935631	2	5.15
μῦς	muscle.n.01	0.97274226	2	4.9
μῦς	muscle.n.01	0.99817574	2	6.07
μῦς	muscle.n.01	0.992213428	2	6.54
μῦς	muscle.n.01	0.996177316	2	5
μῦς	muscle.n.01	0.990724027	2	5.88
μῦς	muscle.n.01	0.965247631	2	4.64
μῦς	muscle.n.01	0.989644647	2	6.62
μῦς	muscle.n.01	0.975514948	2	5.75
μῦς	muscle.n.01	0.989005029	2	7.23
μῦς	muscle.n.01	0.977019131	2	5.19
μῦς	mouse.n.01	0.999106824	1	5.83
μῦς	muscle.n.01	0.992872179	2	5.66
μῦς	muscle.n.01	0.995211422	2	5.67
μῦς	muscle.n.01	0.994707584	2	7.22
μῦς	muscle.n.01	0.977464139	2	6.93
μῦς	muscle.n.01	0.98535639	2	6.85
μῦς	mouse.n.01	0.999113262	1	7.28
μῦς	mouse.n.01	0.995261014	1	5.43
μῦς	rat.n.01	0.997077107	1	1.3
μῦς	mouse.n.01	0.998894155	1	5.96
μῦς	mouse.n.01	0.997492313	1	4.31
μῦς	mouse.n.01	0.732581377	1	4.24
μῦς	mouse.n.01	0.999257028	1	6.01
μῦς	mouse.n.01	0.996691704	1	6.03
μῦς	mouse.n.01	0.999674082	1	4.56
μῦς	mouse.n.01	0.998926461	1	5.73
μῦς	mouse.n.01	0.998222172	1	3.76
μῦς	mouse.n.01	0.999305367	1	6.05
μῦς	mouse.n.01	0.996535182	1	7.82
μῦς	mouse.n.01	0.990039527	1	3.81
μῦς	mouse.n.01	0.997567058	1	1.1
μῦς	mouse.n.01	0.998135209	1	7.43
μῦς	mouse.n.01	0.998928249	1	7.14
μῦς	mouse.n.01	0.999634504	1	6.05
μῦς	mouse.n.01	0.998761177	1	6.33
μῦς	mouse.n.01	0.799318671	1	3.26
μῦς	mouse.n.01	0.998104692	1	6.96
μῦς	mouse.n.01	0.994854033	1	2.67
μῦς	mouse.n.01	0.999574482	1	7.46
μῦς	mouse.n.01	0.987759173	1	5.37
μῦς	mouse.n.01	0.99584806	1	6.55
μῦς	mouse.n.03	0.55120647	NA	5.91
μῦς	mouse.n.01	0.813554227	1	5.94
μῦς	mouse.n.01	0.999422312	1	5.68
μῦς	mouse.n.01	0.996451497	1	2.03
μῦς	mouse.n.01	0.998183668	1	0.52
μῦς	muscle.n.01	0.977337837	2	6
μῦς	mussel.n.02	0.53757751	3	5.56
μῦς	mussel.n.01	0.557128966	3	4.82
μῦς	mussel.n.02	0.858548701	3	2.84
μῦς	oyster.n.01	0.845486104	3	1.87
μῦς	mussel.n.01	0.671580911	3	2.39
μῦς	mussel.n.02	0.725799084	3	4.62
μῦς	mussel.n.02	0.888593793	3	3.26
μῦς	shell.n.10	0.765668511	NA	3.88
μῦς	mussel.n.01	0.849624634	3	4.13
μῦς	mussel.n.01	0.570393264	3	2.68
μῦς	mussel.n.02	0.548919678	3	3.47
μῦς	mussel.n.01	0.792904437	3	4.42
μῦς	mussel.n.02	0.676587284	3	4.59
μῦς	mussel.n.01	0.656813323	3	0.99
μῦς	mussel.n.02	0.582560778	3	3.75
μῦς	egg.n.02	0.987484515	NA	0.99
μῦς	mussel.n.02	0.798410833	3	4.98
μῦς	mussel.n.02	0.66995132	3	3.92
μῦς	mussel.n.02	0.914293587	3	3.25
μῦς	mussel.n.02	0.850052536	3	4.26
μῦς	mussel.n.02	0.883525312	3	5.54
μῦς	mussel.n.01	0.55081743	3	4.31
μῦς	mouse.n.01	0.977241874	1	5.47
μῦς	mouse.n.01	0.9970842	1	6.76
μῦς	mouse.n.01	0.994789958	1	3.18
μῦς	mouse.n.01	0.997857749	1	4.93
μῦς	mouse.n.01	0.995666504	1	3.46
μῦς	mouse.n.01	0.998326004	1	6.65
μῦς	mouse.n.01	0.999096632	1	6.5
μῦς	mouse.n.01	0.995680213	1	4.9
μῦς	mouse.n.01	0.941998303	1	2.39
μῦς	ape.n.01	0.943897128	NA	1.26
μῦς	mussel.n.02	0.884166837	3	4.41
μῦς	mouse.n.01	0.998858809	1	4.94
μῦς	mouse.n.01	0.94756639	1	3.76
μῦς	mouse.n.01	0.998799205	1	5.18
μῦς	mouse.n.01	0.993753493	1	5.5
μῦς	mouse.n.01	0.996477902	1	7.45
μῦς	mouse.n.01	0.99844116	1	2.35
μῦς	mouse.n.01	0.985701919	1	5.14
μῦς	mouse.n.01	0.997937739	1	2.99
μῦς	dog.n.01	0.999159694	NA	2.19
μῦς	muscle.n.01	0.974182069	2	4.38
μῦς	mouse.n.01	0.999435484	1	5.36
μῦς	mouse.n.01	0.999528289	1	6.01
μῦς	rat.n.01	0.85486418	1	3.29
μῦς	rotter.n.01	0.579771996	NA	0.9
μῦς	rat.n.01	0.949312031	1	1.95
μῦς	rat.n.01	0.987693012	1	3.87
μῦς	muscle.n.01	0.978432298	2	2.77
μῦς	muscle.n.01	0.991952479	2	6.08
μῦς	muscle.n.01	0.996233165	2	3.48
μῦς	muscle.n.01	0.997380078	2	4.73
μῦς	muscle.n.01	0.995642662	2	4.5
μῦς	muscle.n.01	0.986776888	2	3.72
μῦς	muscle.n.01	0.993231654	2	6.77
μῦς	muscle.n.01	0.993029773	2	4.66
μῦς	muscle.n.01	0.998230994	2	4.86
μῦς	muscle.n.01	0.99640286	2	5.18
μῦς	muscle.n.01	0.99517256	2	6.31
μῦς	muscle.n.01	0.985979497	2	3.33
μῦς	muscle.n.01	0.99194169	2	4.52
μῦς	muscle.n.01	0.991956353	2	2.54
μῦς	muscle.n.01	0.993093014	2	2.49
μῦς	muscle.n.01	0.99387145	2	6.24
μῦς	muscle.n.01	0.995651901	2	4.58
μῦς	muscle.n.01	0.928193867	2	3.16
μῦς	muscle.n.01	0.953775167	2	4.78
μῦς	muscle.n.01	0.862052619	2	4.62
μῦς	mussel.n.02	0.798940361	3	0.97
μῦς	mouse.n.01	0.998703718	1	6.37
μῦς	mouse.n.01	0.999774516	1	4.89
μῦς	mouse.n.01	0.999538064	1	6.32
μῦς	bivalve.n.01	None	3	1.92
μῦς	mussel.n.02	0.830544412	3	3.09
μῦς	carapace.n.01	0.95080936	NA	1.61
μῦς	mussel.n.02	0.847670972	3	2.12
μῦς	mussel.n.02	0.936977327	3	3.51
μῦς	leg.n.02	0.790825129	NA	0.94
μῦς	mouse.n.01	0.999212384	1	4.72
μῦς	mouse.n.01	0.998142958	1	8.43
μῦς	mouse.n.01	0.999447882	1	3.89
μῦς	mouse.n.01	0.999104083	1	3.8
μῦς	mouse.n.01	0.99979955	1	3.76
μῦς	mouse.n.01	0.999640226	1	5.45
μῦς	mouse.n.01	0.999181807	1	3.22
μῦς	mouse.n.01	0.998906016	1	5.79
μῦς	mouse.n.01	0.999741375	1	5.32
μῦς	mouse.n.01	0.999714315	1	7.69
μῦς	mouse.n.01	0.999716341	1	6.51
μῦς	mouse.n.01	0.994642973	1	3.64
μῦς	mouse.n.01	0.999555528	1	5.55
μῦς	mouse.n.01	0.996698678	1	4.29
μῦς	mouse.n.01	0.997513056	1	5.42
μῦς	mussel.n.02	0.7545138	3	4.69
μῦς	mussel.n.02	0.621673405	3	5.75
μῦς	mouse.n.01	0.997805536	1	5.97
μῦς	mouse.n.01	0.860266566	1	6.07
μῦς	mouse.n.01	0.988103807	1	4.33
μῦς	mouse.n.01	0.997755706	1	7.37
μῦς	mouse.n.01	0.998595655	1	7.31
μῦς	mouse.n.01	0.999382138	1	4.7
μῦς	tendon.n.01	0.911776006	2	4.58
μῦς	mouse.n.01	0.997805059	1	5.62
μῦς	mouse.n.01	0.999499917	1	7.85
μῦς	mouse.n.01	0.996493876	1	6.97
μῦς	mouse.n.01	0.999721467	1	2.86
μῦς	mouse.n.01	0.993098557	1	7.09
μῦς	mouse.n.01	0.999744356	1	3.42
μῦς	mouse.n.01	0.99937433	1	3.02
μῦς	mouse.n.01	0.998387694	1	0.68
μῦς	mouse.n.01	0.996164799	1	6.3
μῦς	mouse.n.01	0.99787569	1	5.66
μῦς	mouse.n.01	0.997521698	1	4.96
μῦς	mouse.n.01	0.933924079	1	3.87
μῦς	rat.n.01	0.994180322	1	6.21
μῦς	gag.n.02	0.997751176	4	1.39
μῦς	mouse.n.01	0.998322427	1	6.14
μῦς	mouse.n.01	0.999235868	1	5.32
μῦς	mouse.n.01	0.998098195	1	5.85
μῦς	mouse.n.01	0.999059856	1	6.31
μῦς	mouse.n.01	0.994723797	1	5.54
μῦς	mouse.n.01	0.996608019	1	6.55
μῦς	mouse.n.01	0.99883908	1	7.13
μῦς	mouse.n.01	0.985073388	1	7.17
μῦς	mouse.n.01	0.994225204	1	6.14
μῦς	mouse.n.01	0.993269145	1	6.42
μῦς	mouse.n.01	0.997292817	1	8.14
μῦς	mouse.n.01	0.996384978	1	4.73
μῦς	mouse.n.01	0.995047212	1	8.02
μῦς	mouse.n.01	0.997647345	1	4.5
μῦς	mouse.n.01	0.991683483	1	3.38
μῦς	mouse.n.01	0.98788166	1	5.83
μῦς	mouse.n.01	0.904976666	1	6.45
μῦς	mouse.n.01	0.993422329	1	7.7
μῦς	mouse.n.01	0.974416673	1	5.52
μῦς	mouse.n.01	0.848458827	1	6.88
μῦς	mouse.n.01	0.994086266	1	4.35
μῦς	mouse.n.01	0.984089136	1	1.86
μῦς	mouse.n.01	0.996351361	1	5.9
μῦς	mouse.n.01	0.998322904	1	6.39
μῦς	mouse.n.01	0.996495545	1	4.29
μῦς	mouse.n.01	0.980810463	1	6.04
μῦς	rat.n.01	0.997956157	1	4.88
μῦς	mouse.n.01	0.999501348	1	3.3
μῦς	rat.n.01	0.979808152	1	4.66
μῦς	mouse.n.01	0.985985756	1	2.83
μῦς	mouse.n.01	0.988544762	1	3.65
μῦς	mouse.n.01	0.999494791	1	5.64
μῦς	mouse.n.01	0.999127686	1	7.3
μῦς	mouse.n.01	0.994619846	1	5.37
μῦς	mouse.n.01	0.997955918	1	6.74
μῦς	mouse.n.01	0.9991166	1	4.56
μῦς	muscle.n.01	0.993507504	2	5.38
μῦς	mouse.n.01	0.989973783	1	5.77
μῦς	mouse.n.01	0.996394575	1	3.39
μῦς	mouse.n.01	0.999716938	1	5.87
μῦς	mouse.n.01	0.999465406	1	3.69
μῦς	rodent.n.01	None	1	2.03
μῦς	mouse.n.01	0.999637604	1	4.42
μῦς	mouse.n.01	0.999624372	1	8.11
μῦς	mouse.n.01	0.998110414	1	5.32
μῦς	mouse.n.01	0.996959567	1	6.83
μῦς	mouse.n.01	0.99862659	1	6.24
ξύλον	wood.n.01	0.996343672	1	2.59
ξύλον	wood.n.01	0.995125592	1	3.11
ξύλον	stump.n.01	0.985593975	NA	1.68
ξύλον	wood.n.01	0.988989174	1	3.42
ξύλον	timber.n.02	0.514412403	3	4.26
ξύλον	wood.n.01	0.998617411	1	2.88
ξύλον	wood.n.01	0.99818629	1	3.6
ξύλον	wood.n.01	0.995671988	1	4.46
ξύλον	wood.n.01	0.97197783	1	5.11
ξύλον	wood.n.01	0.682735443	1	5.45
ξύλον	wood.n.01	0.998150349	1	4.69
ξύλον	wood.n.01	0.997855842	1	5.43
ξύλον	driftwood.n.01	None	6	1.39
ξύλον	stick.n.02	0.500005722	4	1.84
ξύλον	lumber.n.01	0.785934925	1	4.3
ξύλον	timber.n.02	0.626424432	3	5.83
ξύλον	timber.n.02	0.565098703	3	4.19
ξύλον	timber.n.02	0.532932281	3	2.26
ξύλον	timber.n.02	0.583640695	3	5.21
ξύλον	timber.n.02	0.573656619	3	5.32
ξύλον	timber.n.02	0.396249264	3	5.6
ξύλον	timber.n.02	0.540453672	3	6.14
ξύλον	timber.n.02	0.450721413	3	2.88
ξύλον	lumber.n.01	0.771402717	1	5.18
ξύλον	timber.n.02	0.436510593	3	4.92
ξύλον	timber.n.02	0.421835244	3	4.07
ξύλον	timber.n.02	0.60839498	3	4.92
ξύλον	timber.n.02	0.737930894	3	4.27
ξύλον	timber.n.02	0.548484802	3	4.56
ξύλον	timber.n.02	0.459903777	3	5.15
ξύλον	timber.n.02	0.746983171	3	3.47
ξύλον	timber.n.02	0.704088807	3	4.49
ξύλον	timber.n.02	0.6325652	3	4.15
ξύλον	timber.n.02	0.660601974	3	2.92
ξύλον	timber.n.02	0.624385417	3	5.32
ξύλον	timber.n.02	0.588921487	3	3.75
ξύλον	timber.n.02	0.623671412	3	3.88
ξύλον	timber.n.02	0.755436838	3	2.09
ξύλον	timber.n.02	0.583433628	3	4.9
ξύλον	timber.n.02	0.54514879	3	3.78
ξύλον	timber.n.02	0.719194233	3	4.2
ξύλον	timber.n.02	0.624502659	3	6.36
ξύλον	timber.n.02	0.541304171	3	4.56
ξύλον	timber.n.02	0.587697744	3	2.68
ξύλον	timber.n.02	0.663799465	3	4.83
ξύλον	timber.n.02	0.606646121	3	4.8
ξύλον	timber.n.02	0.64416939	3	4.55
ξύλον	timber.n.02	0.644690275	3	1.58
ξύλον	beam.n.02	0.997885287	3	0.86
ξύλον	timber.n.02	0.524289191	3	3.45
ξύλον	timber.n.02	0.68005228	3	6.47
ξύλον	timber.n.02	0.634968758	3	5.86
ξύλον	timber.n.02	0.617920935	3	4.99
ξύλον	timber.n.02	0.5074808	3	5.39
ξύλον	timber.n.02	0.684055209	3	4.51
ξύλον	timber.n.02	0.714362025	3	1.67
ξύλον	timber.n.02	0.736807406	3	5.33
ξύλον	timber.n.02	0.484742463	3	2.47
ξύλον	timber.n.02	0.467909515	3	6.1
ξύλον	timber.n.02	0.660445094	3	2.7
ξύλον	timber.n.02	0.695605397	3	5.16
ξύλον	timber.n.02	0.66875726	3	3.17
ξύλον	timber.n.02	0.554143608	3	4.74
ξύλον	lumber.n.01	0.51759702	1	4.92
ξύλον	timber.n.03	0.54879272	3	4.29
ξύλον	timber.n.02	0.508437872	3	5.29
ξύλον	wood.n.01	0.998881876	1	1.04
ξύλον	tree.n.01	0.996359289	2	3.73
ξύλον	wood.n.01	0.998037398	1	1.56
ξύλον	wood.n.01	0.996764183	1	4.72
ξύλον	stake.n.05	0.81140393	3	2.28
ξύλον	wood.n.01	0.998131931	1	3.02
ξύλον	club.n.03	0.962920606	4	3.85
ξύλον	board.n.02	0.999539733	6	3.57
ξύλον	timber.n.02	0.412668079	3	4.07
ξύλον	timber.n.02	0.686844409	3	4.08
ξύλον	timber.n.02	0.381067991	3	4.24
ξύλον	stick.n.01	0.478155226	4	2.26
ξύλον	lumber.n.01	0.418045074	1	4.57
ξύλον	beam.n.02	0.99761945	3	3.19
ξύλον	timber.n.02	0.519405842	3	3.34
ξύλον	lumber.n.01	0.760845065	1	1.33
ξύλον	wood.n.01	0.998133481	1	6.38
ξύλον	club.n.03	0.985018671	4	4.52
ξύλον	club.n.03	0.93174684	4	1.59
ξύλον	club.n.03	0.997650921	4	2.53
ξύλον	club.n.03	0.998014212	4	4.56
ξύλον	stick.n.01	0.870219707	4	3.93
ξύλον	club.n.03	0.995562792	4	4.11
ξύλον	wood.n.01	0.996986091	1	3.21
ξύλον	timber.n.02	0.448475718	3	2.92
ξύλον	sail.n.01	0.956796587	NA	0.47
ξύλον	timber.n.02	0.611732364	3	4.53
ξύλον	wood.n.01	0.995867014	1	2.41
ξύλον	lumber.n.01	0.862656116	1	3
ξύλον	wood.n.01	0.812289953	1	4.28
ξύλον	tree.n.01	0.949302435	2	2.33
ξύλον	stick.n.01	0.509105265	4	3.63
ξύλον	wood.n.01	0.920763671	1	4.96
ξύλον	wood.n.01	0.934747458	1	3.56
ξύλον	tree.n.01	0.983638287	2	2.81
ξύλον	tree.n.01	0.940011084	2	3.48
ξύλον	tree.n.01	0.949454308	2	1.82
ξύλον	tree.n.01	0.980729282	2	1.96
ξύλον	picket_fence.n.01	None	3	0.48
ξύλον	timber.n.02	0.422375023	3	3.02
ξύλον	lumber.n.01	0.70074147	1	3.83
ξύλον	wood.n.01	0.996183813	1	4.19
ξύλον	wood.n.01	0.99638629	1	3.71
ξύλον	wood.n.01	0.995921969	1	4.47
ξύλον	wood.n.01	0.997126639	1	3.13
ξύλον	lumber.n.01	0.782482028	1	4.29
ξύλον	tree.n.01	0.996765375	2	3.53
ξύλον	log.n.01	0.999491572	5	4
ξύλον	board.n.02	0.998528719	6	2.82
ξύλον	timber.n.02	0.403812468	3	2.73
ξύλον	wood.n.01	0.993353128	1	2.23
ξύλον	wood.n.01	0.998953819	1	4.58
ξύλον	wood.n.01	0.997175455	1	5.8
ξύλον	wood.n.01	0.992563784	1	4.29
ξύλον	stick.n.01	0.682051897	4	1.7
ξύλον	wood.n.01	0.99699378	1	3.02
ξύλον	wood.n.01	0.989776969	1	5.68
ξύλον	wood.n.01	0.983723283	1	1.49
ξύλον	post.n.04	0.773982704	3	1.98
ξύλον	timber.n.02	0.528994977	3	5.16
ξύλον	wood.n.01	0.98641634	1	6.12
ξύλον	wood.n.01	0.993542552	1	4.67
ξύλον	timber.n.02	0.529896796	3	5.43
ξύλον	wood.n.01	0.996020973	1	1.09
ξύλον	tree.n.01	0.993115723	2	4.33
ξύλον	wood.n.01	0.99076277	1	1.95
ξύλον	club.n.03	0.982262909	4	2.97
ξύλον	staff.n.05	0.818438411	4	0.87
ξύλον	staff.n.05	0.802031338	4	0.78
ξύλον	wood.n.01	0.996047795	1	6.28
ξύλον	club.n.03	0.990818322	4	4.98
ξύλον	wood.n.01	0.99686265	1	6.21
ξύλον	timber.n.02	0.502490938	3	3.44
ξύλον	timber.n.02	0.51564604	3	1.52
ξύλον	wood.n.01	0.99747926	1	3.36
ξύλον	bark.n.01	0.997390985	NA	0.85
ξύλον	shaft.n.03	0.856183469	4	1.48
ξύλον	wood.n.01	0.997396946	1	2.35
ξύλον	club.n.03	0.99303931	4	2.94
ξύλον	timber.n.02	0.442697465	3	4.56
ξύλον	stick.n.01	0.684912443	4	2.83
ξύλον	tree.n.01	0.996182621	2	3.28
ξύλον	lumber.n.01	0.357705653	1	3.53
ξύλον	stick.n.01	0.748845875	4	2.83
ξύλον	stick.n.01	0.811332464	4	1.93
ξύλον	club.n.03	0.995577335	4	4.05
ξύλον	lumber.n.01	0.719887316	1	2.95
ξύλον	wood.n.01	0.996109545	1	5.2
ξύλον	log.n.01	0.99859339	5	2.9
ξύλον	timber.n.02	0.585982442	3	3.23
ξύλον	wood.n.01	0.993327141	1	6.69
ξύλον	timber.n.02	0.581494212	3	5.59
ξύλον	wood.n.01	0.991531551	1	5.66
ξύλον	wood.n.01	0.987520814	1	4.97
ξύλον	wood.n.01	0.996833742	1	5.01
ξύλον	timber.n.02	0.457141072	3	4.64
ξύλον	firewood.n.01	None	1	4.07
ξύλον	wood.n.01	0.997353196	1	4.73
ξύλον	wood.n.01	0.94973731	1	0.79
ξύλον	lumber.n.01	0.67140466	1	3.11
ξύλον	timber.n.02	0.492649376	3	4.01
ξύλον	lumber.n.01	0.685330033	1	3.82
ξύλον	stick.n.01	0.791566908	4	0.77
ξύλον	beam.n.02	0.970143437	3	5.14
ξύλον	lumber.n.01	0.44231385	1	4.64
ξύλον	wood.n.01	0.994243443	1	5.64
ξύλον	wood.n.01	0.990799248	1	5.68
ξύλον	wood.n.01	0.994844913	1	4.92
ξύλον	wood.n.01	0.96544838	1	7.45
ξύλον	beam.n.02	0.994777083	3	4.91
ξύλον	lumber.n.01	0.579504311	1	2
ξύλον	rock.n.01	0.895960927	NA	1.84
ξύλον	wood.n.01	0.996622562	1	6.31
ξύλον	livestock.n.01	0.493664503	NA	0.98
ξύλον	stake.n.05	0.792041779	3	2.92
ξύλον	timber.n.02	0.631389856	3	5.86
ξύλον	tree.n.01	0.970883727	2	3.48
ξύλον	wood.n.01	0.997515678	1	6.08
ξύλον	lumber.n.01	0.613104999	1	2.47
ξύλον	wood.n.01	0.563280582	1	3.18
ξύλον	baton.n.03	0.935928345	4	2.51
ξύλον	wood.n.01	0.995615244	1	3.3
ξύλον	wood.n.01	0.997367322	1	6.08
ξύλον	trunk.n.01	0.93360728	NA	1.88
ξύλον	wood.n.01	0.997466922	1	2.95
ξύλον	wood.n.01	0.989212275	1	3.71
ξύλον	club.n.03	0.968906581	4	2.52
ξύλον	wood.n.01	0.997486949	1	4.14
ξύλον	wood.n.01	0.996555209	1	2.13
ξύλον	stock.n.01	0.721869826	NA	2.19
ξύλον	livestock.n.01	0.705573618	NA	4.1
ξύλον	tree.n.01	0.93682152	2	3.58
ξύλον	tree.n.01	0.854322076	2	2.25
ξύλον	tree.n.01	0.96685499	2	2.7
ξύλον	tree.n.01	0.943079472	2	3.36
ξύλον	tree.n.01	0.981356621	2	1.66
ξύλον	tree.n.01	0.881115735	2	0.91
ξύλον	tree.n.01	0.881115735	2	0.86
ξύλον	wood.n.01	0.99824357	1	2.2
ξύλον	wood.n.01	0.994892597	1	2.45
ξύλον	stick.n.01	0.846157193	4	2.08
ξύλον	wood.n.01	0.99764204	1	3.35
ξύλον	wood.n.01	0.996659517	1	5
ξύλον	wood.n.01	0.996697426	1	5.14
ξύλον	wood.n.01	0.998390079	1	5.64
ξύλον	wood.n.01	0.99914515	1	4.19
ξύλον	wood.n.01	0.989193738	1	1.96
ξύλον	tree.n.01	0.995817482	2	1.07
ξύλον	wood.n.01	0.987224698	1	3.61
ξύλον	tree.n.01	0.986651182	2	2.76
ξύλον	tree.n.01	0.632833779	2	3.22
ξύλον	stake.n.03	0.952990055	10	1.39
ξύλον	tree.n.01	0.99641633	2	4.2
ξύλον	wood.n.01	0.516836941	1	4.54
ξύλον	wood.n.01	0.737917244	1	1.23
ξύλον	forest.n.01	0.608748615	NA	5.41
ξύλον	tree.n.01	0.93884635	2	2.9
ξύλον	tree.n.01	0.936071038	2	3.02
ξύλον	tree.n.01	0.974380791	2	2.44
ξύλον	tree.n.01	0.983585715	2	2.35
ξύλον	tree.n.01	0.95857811	2	2.23
ξύλον	stick.n.01	0.700089633	4	1.23
ξύλον	tree.n.01	0.996147156	2	3.51
ξύλον	tree.n.01	0.97975266	2	0.72
ξύλον	beam.n.02	0.992417932	3	3.44
ξύλον	beam.n.02	0.994788885	3	3.52
ξύλον	tree.n.01	0.99465239	2	3.26
ξύλον	tree.n.01	0.97956872	2	1.04
ξύλον	wood.n.01	0.992758989	1	4.76
ξύλον	wood.n.01	0.98843503	1	4.73
ξύλον	wood.n.01	0.990935981	1	3.59
ξύλον	pole.n.01	0.929583609	3	1.39
ξύλον	pole.n.01	0.907540202	3	1.75
ξύλον	club.n.03	0.997526705	4	2.07
ξύλον	stick.n.01	0.597963095	4	0.59
ξύλον	wood.n.01	0.996762276	1	4.88
ξύλον	wood.n.01	0.997483552	1	2.19
ξύλον	timber.n.03	0.449613452	3	4.3
ξύλον	stick.n.01	0.851496339	4	0.87
ξύλον	club.n.03	0.994912207	4	4.02
ξύλον	pin.n.05	0.421806097	NA	1.63
ξύλον	stick.n.01	0.605638027	4	0.91
ξύλον	wood.n.01	0.989133418	1	1.55
ξύλον	club.n.06	0.886258423	NA	2.17
ξύλον	bludgeon.n.01	None	4	2.85
ξύλον	stick.n.01	0.859186471	4	1.67
ξύλον	pin.n.05	0.364226907	NA	1.06
ξύλον	wood.n.01	0.927340984	1	1.97
ξύλον	stick.n.01	0.467021167	4	1.03
ξύλον	stump.n.02	0.640393674	NA	0.34
ξύλον	stick.n.01	0.957307637	4	0.74
ξύλον	pin.n.05	0.453155786	NA	0.99
ξύλον	wood.n.01	0.99697423	1	2.99
ξύλον	wood.n.01	0.994651496	1	3.4
ξύλον	wood.n.01	0.993690968	1	4.06
ξύλον	club.n.03	0.997478187	4	4.29
ξύλον	wood.n.01	0.995282114	1	5.02
ξύλον	wood.n.01	0.99627316	1	3.11
ξύλον	wood.n.01	0.992977321	1	3.69
ξύλον	staff.n.05	0.770286083	4	0.48
ξύλον	firewood.n.01	None	1	3.66
ξύλον	stick.n.01	0.785332143	4	0.46
ξύλον	stick.n.01	0.74095726	4	0.69
ξύλον	cudgel.n.01	None	4	3.04
ξύλον	livestock.n.01	0.238430694	NA	1.36
ξύλον	lumber.n.01	0.501021981	1	0.7
ξύλον	club.n.03	0.957767546	4	3.74
ξύλον	wood.n.01	0.99472177	1	2.36
ξύλον	wood.n.01	0.980007589	1	2.9
ξύλον	tree.n.01	0.979798317	2	1.79
ξύλον	wood.n.01	0.988997579	1	3.47
ξύλον	wood.n.01	0.987491369	1	2.38
ξύλον	tree.n.01	0.996625543	2	3.53
ξύλον	club.n.03	0.848220587	4	1.94
ξύλον	malcolm_stock.n.01	0.422643661	NA	2.28
ξύλον	wood.n.01	0.9973405	1	5.77
ξύλον	log.n.01	0.999139905	5	5.09
ξύλον	log.n.01	0.99837178	5	5.23
ξύλον	log.n.01	0.999434173	5	2.03
ξύλον	log.n.01	0.998574138	5	2.18
ξύλον	log.n.01	0.998574138	5	1.94
ξύλον	log.n.01	0.99844116	5	3.26
ξύλον	wood.n.01	0.996588707	1	4.74
ξύλον	wood.n.01	0.991495967	1	3.99
ξύλον	wood.n.01	0.99796164	1	1.98
ξύλον	wood.n.01	0.995059609	1	3.91
ξύλον	wood.n.01	0.998412609	1	3.99
ξύλον	wood.n.01	0.995045662	1	1.29
ξύλον	wood.n.01	0.998109698	1	2.79
ξύλον	wood.n.01	0.992607594	1	2.48
ξύλον	wood.n.01	0.998209953	1	3.93
ξύλον	wood.n.01	0.996599734	1	3.46
ξύλον	board.n.03	0.622485995	6	3.72
ξύλον	tree.n.01	0.935101211	2	2.06
ξύλον	trunk.n.01	0.992692828	NA	0.68
ξύλον	wood.n.01	0.996129751	1	3.37
ξύλον	log.n.01	0.998089254	5	4.14
ξύλον	wood.n.01	0.976978719	1	3.11
ξύλον	wood.n.01	0.981189609	1	4.93
ξύλον	wood.n.01	0.996271729	1	2.43
ξύλον	wood.n.01	0.998534083	1	4.52
ξύλον	log.n.01	0.999759257	5	4.05
ξύλον	wood.n.01	0.998806119	1	1.58
ξύλον	wood.n.01	0.997524559	1	2.29
ξύλον	wood.n.01	0.998061359	1	4.59
ξύλον	wood.n.01	0.997323334	1	4.11
ξύλον	wood.n.01	0.996863842	1	3.85
ξύλον	wood.n.01	0.995861351	1	4.33
ξύλον	log.n.01	0.997245431	5	3.16
ξύλον	log.n.01	0.995304823	5	2.29
ξύλον	stick.n.01	0.870804548	4	0.84
ξύλον	wood.n.01	0.985120654	1	3.11
ξύλον	wood.n.01	0.995939851	1	3.63
ξύλον	stick.n.01	0.733514726	4	0.81
ξύλον	branch.n.02	0.876808107	NA	1.21
ξύλον	wood.n.01	0.985361814	1	3.11
ξύλον	wood.n.01	0.998194754	1	2.07
ξύλον	wood.n.01	0.998194754	1	2.98
ξύλον	wood.n.01	0.982064009	1	3.69
ξύλον	fire.n.01	0.432357907	NA	2.97
ξύλον	bench.n.01	0.979932606	7	1.54
ξύλον	lumber.n.01	0.825006723	1	2.43
ξύλον	wood.n.01	0.995313048	1	1.04
ξύλον	wood.n.01	0.982287765	1	4.29
ξύλον	wood.n.01	0.998069942	1	3.43
ξύλον	wood.n.01	0.997864783	1	4.12
ξύλον	wood.n.01	0.996280611	1	2.31
ξύλον	wood.n.01	0.998553693	1	1.72
ξύλον	wood.n.01	0.998088896	1	2.73
ξύλον	club.n.03	0.994416714	4	3.38
ξύλον	wood.n.01	0.993955076	1	2.45
ξύλον	tree.n.01	0.956094742	2	3.35
ξύλον	stick.n.01	0.832117736	4	3.45
ξύλον	stick.n.01	0.89191854	4	1.52
ξύλον	stick.n.01	0.810998917	4	0.58
ξύλον	stick.n.01	0.933849454	4	1.03
ξύλον	stick.n.01	0.929531813	4	1.67
ξύλον	stick.n.01	0.909729838	4	2.82
ξύλον	stick.n.09	0.696624696	NA	0.99
ξύλον	wood.n.01	0.995942414	1	2.59
ξύλον	stick.n.01	0.969356418	4	1.12
ξύλον	wood.n.01	0.997852921	1	4.66
ξύλον	wood.n.01	0.946245253	1	3.52
ξύλον	stick.n.01	0.951630235	4	2.12
ξύλον	stick.n.01	0.858730972	4	1.72
ξύλον	stick.n.01	0.858730972	4	2.07
ξύλον	wood.n.01	0.998039544	1	3.07
ξύλον	wood.n.01	0.99568814	1	6.97
ξύλον	wood.n.01	0.995426893	1	5.51
ξύλον	stick.n.01	0.914036751	4	2.08
ξύλον	tree.n.01	0.994203389	2	3.88
ξύλον	timber.n.02	0.513699055	3	4.21
ξύλον	timber.n.02	0.364317268	3	5.05
ξύλον	lumber.n.01	0.690666854	1	4.67
ξύλον	tree.n.01	0.995779753	2	3.56
ξύλον	tree.n.01	0.992051482	2	2.61
ξύλον	tree.n.01	0.979009211	2	2.7
ξύλον	tree.n.01	0.997217655	2	2.59
ξύλον	tree.n.01	0.996037185	2	2.39
ξύλον	livestock.n.01	0.324063778	NA	2.66
ξύλον	wood.n.01	0.987345874	1	4.22
ξύλον	wood.n.01	0.996370316	1	4.83
ξύλον	wood.n.01	0.995040476	1	4.41
ξύλον	wood.n.01	0.99761188	1	4.33
ξύλον	tree.n.01	0.986062586	2	2.05
ξύλον	tree.n.01	0.990716755	2	1.95
ξύλον	tree.n.01	0.99126935	2	3.35
ξύλον	tree.n.01	0.994862974	2	3.27
ξύλον	tree.n.01	0.975677609	2	3.13
ξύλον	tree.n.01	0.942874134	2	3.29
ξύλον	tree.n.01	0.982662678	2	2.9
ξύλον	tree.n.01	0.693451881	2	1.69
ξύλον	tree.n.01	0.982671976	2	2.22
ξύλον	tree.n.01	0.964243412	2	2.76
ξύλον	tree.n.01	0.95915997	2	2.4
ξύλον	tree.n.01	0.971649647	2	2.48
ξύλον	tree.n.01	0.994944513	2	3.12
ξύλον	tree.n.01	0.955202341	2	2.78
ξύλον	tree.n.01	0.962916374	2	2.83
ξύλον	tree.n.01	0.9893471	2	3.04
ξύλον	tree.n.01	0.994904757	2	2.35
ξύλον	plant.n.02	0.99616015	NA	2.16
ξύλον	tree.n.01	0.996067107	2	2.6
ξύλον	tree.n.01	0.916216612	2	2.3
ξύλον	tree.n.01	0.545314431	2	2.44
ξύλον	tree.n.01	0.878214359	2	2.96
ξύλον	wood.n.01	0.988853455	1	4.45
ξύλον	wood.n.01	0.998776138	1	4.08
ξύλον	club.n.03	0.975942016	4	2.71
ξύλον	wood.n.01	0.997761488	1	3.04
ξύλον	timber.n.02	0.458070487	3	3.8
ξύλον	wood.n.01	0.987905383	1	1.67
ξύλον	lumber.n.01	0.510629356	1	3.34
ξύλον	wood.n.01	0.997347355	1	2.97
ξύλον	wood.n.01	0.993061721	1	2.85
ξύλον	wood.n.01	0.995405078	1	2.03
ξύλον	wood.n.01	0.998624802	1	5.98
ξύλον	wood.n.01	0.994644523	1	3.18
ξύλον	wood.n.01	0.998190939	1	4.95
ξύλον	wood.n.01	0.996343076	1	3.43
ξύλον	wood.n.01	0.990938425	1	2.31
ξύλον	wood.n.01	0.994001329	1	4.8
ξύλον	wood.n.01	0.993284345	1	2.9
ξύλον	wood.n.01	0.999113858	1	1.85
ξύλον	wood.n.01	0.999113858	1	3.11
ξύλον	wood.n.01	0.987530112	1	3.19
ξύλον	cross.n.03	0.500009775	9	1.2
ξύλον	wood.n.01	0.991923511	1	2.59
ξύλον	wood.n.01	0.995488942	1	4.28
ξύλον	wood.n.01	0.99728775	1	0.36
ξύλον	wood.n.01	0.970766723	1	4.65
ξύλον	wood.n.01	0.970766723	1	4.23
ξύλον	wood.n.01	0.993533015	1	2.66
ξύλον	wood.n.01	0.992275894	1	4.33
ξύλον	wood.n.01	0.97282052	1	3.75
ξύλον	stick.n.01	0.710855246	4	1.3
ξύλον	stone.n.02	0.625643313	NA	1.67
ξύλον	stone.n.02	0.625643313	NA	1.23
ξύλον	wood.n.01	0.998334467	1	3.51
ξύλον	wood.n.01	0.997936487	1	2.98
ξύλον	club.n.03	0.996136844	4	3.3
ξύλον	wood.n.01	0.996879578	1	3.57
ξύλον	board.n.02	0.999430001	6	3.71
ξύλον	oak.n.02	0.782167733	NA	0.46
ξύλον	wood.n.01	0.99653852	1	3.14
ξύλον	wood.n.01	0.996541321	1	3.69
ξύλον	club.n.03	0.994443476	4	0.86
ξύλον	club.n.03	0.995127559	4	3.49
ξύλον	log.n.01	0.993086338	5	3.64
ξύλον	log.n.01	0.999268591	5	3.96
ξύλον	wood.n.01	0.887424767	1	6.93
ξύλον	lumber.n.01	0.777326763	1	4.08
ξύλον	timber.n.02	0.459159583	3	3.77
ξύλον	timber.n.02	0.629299462	3	5.96
ξύλον	timber.n.02	0.644306779	3	4.65
ξύλον	timber.n.02	0.513726175	3	4.77
ξύλον	wood.n.01	0.993983567	1	3.31
ξύλον	livestock.n.01	0.207085669	NA	3.52
ξύλον	livestock.n.01	0.330232024	NA	2.96
ξύλον	wood.n.01	0.997028172	1	3
ξύλον	log.n.01	0.998470366	5	3.22
ξύλον	pole.n.01	0.9639256	3	2.78
ξύλον	timber.n.02	0.439657271	3	2.81
ξύλον	wood.n.01	0.996994138	1	5.44
ξύλον	wood.n.01	0.9778139	1	3.34
ξύλον	wood.n.01	0.995366096	1	3.55
ξύλον	wood.n.01	0.995011806	1	4.04
ξύλον	rock.n.01	0.61754632	NA	1.83
ξύλον	stock.n.12	0.184234157	NA	3.33
ξύλον	stock.n.14	0.411960125	1	1.88
ξύλον	wood.n.01	0.996950328	1	3.02
ξύλον	breed.n.01	0.472326845	NA	1.88
ξύλον	wood.n.01	0.997004449	1	3.68
ξύλον	wood.n.01	0.997758627	1	3.27
ξύλον	wood.n.01	0.997559428	1	2.92
ξύλον	wood.n.01	0.998988092	1	4.65
ξύλον	tree.n.01	0.975483835	2	2.76
ξύλον	wood.n.01	0.961780488	1	2.14
ξύλον	wood.n.01	0.97780627	1	3.51
ξύλον	tree.n.01	0.77553457	2	2.48
ξύλον	tree.n.01	0.576966166	2	2.32
ξύλον	tree.n.02	0.817834377	8	3.31
ξύλον	tree.n.01	0.982561946	2	1.96
ξύλον	wood.n.01	0.986033022	1	2.79
ξύλον	tree.n.01	0.834732056	2	2.57
ξύλον	wood.n.01	0.998013616	1	3.6
ξύλον	wood.n.01	0.994052708	1	3.99
ξύλον	livestock.n.01	0.222719863	NA	1.37
ξύλον	wood.n.01	0.997667193	1	2.36
ξύλον	wood.n.01	0.995507836	1	4.47
ξύλον	wood.n.01	0.986610889	1	2.85
ξύλον	stick.n.01	0.571836591	4	2.03
ξύλον	log.n.01	0.999115169	5	4.89
ξύλον	wood.n.01	0.993749738	1	4.57
ξύλον	wood.n.01	0.997353315	1	5.16
ξύλον	club.n.03	0.93324405	4	3.65
ξύλον	club.n.03	0.996126831	4	3.48
ξύλον	beam.n.02	0.997674406	3	2.75
ξύλον	log.n.01	0.999711573	5	1.47
ξύλον	lumber.n.01	0.851555109	1	2.79
ξύλον	club.n.03	0.997721493	4	2.32
ξύλον	club.n.03	0.996044517	4	2.96
ξύλον	rock.n.01	0.779450893	NA	0.95
ξύλον	club.n.03	0.993332922	4	3.38
ξύλον	club.n.03	0.994856834	4	3.91
ξύλον	lumber.n.01	0.911619842	1	2.5
ξύλον	wood.n.01	0.996799588	1	4.32
ξύλον	cross.n.01	0.407267213	9	2.47
ξύλον	livestock.n.01	0.469021648	NA	1.37
ξύλον	tree.n.01	0.993120313	2	4.57
ξύλον	wood.n.01	0.986634135	1	1.32
ξύλον	wood.n.01	0.986634135	1	1.97
ξύλον	wood.n.01	0.986634135	1	4.35
ξύλον	wood.n.01	0.990335584	1	3.99
ξύλον	wood.n.01	0.994638979	1	5.62
ξύλον	tree.n.01	0.971977055	2	2.99
ξύλον	tree.n.01	0.971977055	2	2.5
ξύλον	tree.n.01	0.991891146	2	1.74
ξύλον	wood.n.01	0.993001997	1	3.27
ξύλον	tree.n.01	0.879929304	2	3.05
ξύλον	tree.n.01	0.6025424	2	3.03
ξύλον	cross.n.01	0.528801382	9	2
ξύλον	tree.n.01	0.931571782	2	2.48
ξύλον	tree.n.01	0.949478149	2	2.33
ξύλον	tree.n.01	0.949478149	2	2.46
ξύλον	tree.n.01	0.931079388	2	2.96
ξύλον	tree.n.02	0.53365165	8	3.31
ξύλον	carpenter.n.01	None	NA	1.68
ξύλον	tree.n.01	0.84855324	2	1.93
ξύλον	tree.n.01	0.881844819	2	2.08
ξύλον	wood.n.01	0.988646388	1	4.35
ξύλον	wood.n.01	0.973218501	1	2.19
ξύλον	tree.n.01	0.980096519	2	3.05
ξύλον	wood.n.01	0.987229109	1	1.88
ξύλον	tree.n.01	0.985115826	2	2.27
ξύλον	tree.n.01	0.975107491	2	2.2
ξύλον	tree.n.01	0.965189993	2	3.14
ξύλον	tree.n.01	0.909420252	2	1.73
ξύλον	tree.n.01	0.956417084	2	1.61
ξύλον	tree.n.01	0.983187735	2	2.86
ξύλον	wood.n.01	0.996030748	1	5.08
ξύλον	wood.n.01	0.991031766	1	4.14
ξύλον	tree.n.01	0.99573189	2	4.68
ξύλον	stick.n.01	0.930795074	4	1.35
ξύλον	stick.n.01	0.708415031	4	3.16
ξύλον	wood.n.01	0.996661067	1	4.06
ξύλον	spear.n.01	0.972410142	NA	1.36
ξύλον	tree.n.01	0.991849065	2	3.07
ξύλον	wood.n.01	0.997018456	1	3.71
ξύλον	beam.n.02	0.946255088	3	2.62
ξύλον	yoke.n.07	0.691860735	NA	0.91
ξύλον	wood.n.01	0.996157348	1	3.5
ξύλον	wood.n.01	0.978505254	1	4.18
ξύλον	wood.n.01	0.997125208	1	2.61
ξύλον	log.n.01	0.992094934	5	3.33
ξύλον	log.n.01	0.998007834	5	4.59
ξύλον	wood.n.01	0.994023502	1	3.15
ξύλον	club.n.03	0.946267247	4	3.22
ξύλον	club.n.03	0.9977597	4	3.46
ξύλον	log.n.01	0.998726904	5	2.07
ξύλον	log.n.01	0.818578482	5	3.16
ξύλον	log.n.01	0.999491453	5	1.32
ξύλον	wood.n.01	0.996437311	1	3.86
ξύλον	wood.n.01	0.993815899	1	4.59
ξύλον	board.n.02	0.999149919	6	3.22
ξύλον	stake.n.05	0.760763288	3	2.32
ξύλον	stake.n.05	0.771369934	3	1.37
ξύλον	wood.n.01	0.998289883	1	0.57
ξύλον	stick.n.01	0.889050722	4	3.87
ξύλον	board.n.02	0.999018312	6	2.15
ξύλον	wood.n.01	0.981713891	1	4.65
ξύλον	livestock.n.01	0.779985785	NA	4.3
ξύλον	club.n.03	0.940400839	4	3.64
ξύλον	tree.n.01	0.99353832	2	1.82
ξύλον	wood.n.01	0.997756064	1	5.33
ξύλον	log.n.01	0.999441564	5	4.21
ξύλον	log.n.01	0.998501897	5	3.99
ξύλον	wood.n.01	0.992055953	1	2.75
ξύλον	livestock.n.01	0.399246544	NA	2.52
ξύλον	tree.n.01	0.997641563	2	3.74
ξύλον	wood.n.01	0.92638123	1	4.31
ξύλον	fuel.n.01	None	1	0.55
ξύλον	timber.n.02	0.488992631	3	2.13
ξύλον	wood.n.01	0.968157649	1	3.78
ξύλον	wood.n.01	0.79223901	1	3.82
ξύλον	stick.n.01	0.576659918	4	0.87
ξύλον	wood.n.01	0.997853696	1	4.21
ξύλον	wood.n.01	0.99598974	1	4.1
ξύλον	wood.n.01	0.986070931	1	5.4
ξύλον	beam.n.02	0.956059456	3	0.72
ξύλον	lumber.n.01	0.788636804	1	1.89
ξύλον	board.n.02	0.99787426	6	0.56
ξύλον	rock.n.02	0.917092443	NA	1.49
ξύλον	tree.n.01	0.986719072	2	2.08
ξύλον	board.n.02	0.992528915	6	1.35
ξύλον	wood.n.01	0.997794867	1	3.22
ξύλον	wood.n.01	0.998779595	1	2.9
ξύλον	wood.n.01	0.989368618	1	1.02
ξύλον	board.n.02	0.9991436	6	3.22
ξύλον	wood.n.01	0.998760104	1	3.75
ξύλον	wood.n.01	0.939888179	1	4.23
ξύλον	wood.n.01	0.995846808	1	3.11
ξύλον	wood.n.01	0.998067677	1	3.31
ξύλον	wood.n.01	0.996106923	1	3.43
ξύλον	lumber.n.01	0.764238954	1	2.7
ξύλον	lumber.n.01	0.519639909	1	4.47
ξύλον	timber.n.02	0.487356097	3	4.09
ξύλον	wood.n.01	0.958478451	1	3.81
ξύλον	firewood.n.01	None	1	3.35
ξύλον	stick.n.01	0.818465829	4	1.9
ξύλον	wood.n.01	0.995549083	1	3.08
ξύλον	lumber.n.01	0.782060981	1	1.94
ξύλον	wood.n.01	0.99867779	1	2.72
ξύλον	wood.n.01	0.995116353	1	4.43
ξύλον	stick.n.01	0.72111553	4	1.48
ξύλον	firewood.n.01	None	1	3.62
ξύλον	wood.n.01	0.998082638	1	3.04
ξύλον	firewood.n.01	None	1	2.92
ξύλον	wood.n.01	0.998650014	1	3.54
ξύλον	wood.n.01	0.924560547	1	5.36
ξύλον	lumber.n.01	0.570215642	1	1.82
ξύλον	lumber.n.01	0.570215642	1	2.73
ξύλον	lumber.n.01	0.85100913	1	3.77
ξύλον	wood.n.01	0.992266476	1	1.28
ξύλον	lumber.n.01	0.811514556	1	3.55
ξύλον	lumber.n.01	0.872356415	1	2.98
ξύλον	wood.n.01	0.994527519	1	4.86
ξύλον	wood.n.01	0.985934317	1	5.54
ξύλον	lumber.n.01	0.901633501	1	4.57
ξύλον	wood.n.01	0.997163832	1	4.28
ξύλον	lumber.n.01	0.907105505	1	3.66
ξύλον	lumber.n.01	0.669326544	1	4.47
ξύλον	board.n.02	0.998428464	6	2.99
ξύλον	lumber.n.01	0.603416979	1	2.65
ξύλον	lumber.n.01	0.856782973	1	3.54
ξύλον	wood.n.01	0.998420358	1	4.23
ξύλον	wood.n.01	0.998354614	1	2.07
ξύλον	wood.n.01	0.997742414	1	4.28
ξύλον	wood.n.01	0.998052835	1	4.28
ξύλον	wood.n.01	0.998974442	1	2.24
ξύλον	wood.n.01	0.998370588	1	5.62
ξύλον	wood.n.01	0.994870067	1	5.41
ξύλον	wood.n.01	0.987415135	1	5.79
ξύλον	wood.n.01	0.997517109	1	4.02
ξύλον	timber.n.02	0.593811929	3	4.53
ξύλον	timber.n.02	0.584673285	3	4.92
ξύλον	timber.n.02	0.416862279	3	4.84
ξύλον	wood.n.01	0.977551281	1	6.03
ξύλον	wood.n.01	0.998573065	1	2.01
ξύλον	lumber.n.01	0.999454081	1	2.07
ξύλον	lumber.n.01	0.998869956	1	2.75
ξύλον	firewood.n.01	None	1	3.95
ξύλον	wood.n.01	0.991945088	1	4.77
ξύλον	wood.n.01	0.998140097	1	2.98
ξύλον	rope.n.01	0.999300838	NA	0.66
ξύλον	wood.n.01	0.998367846	1	3.7
ξύλον	beam.n.02	0.995152235	3	2.9
ξύλον	beam.n.02	0.995922685	3	3.16
ξύλον	wood.n.01	0.997887671	1	4.27
ξύλον	wood.n.01	0.993572474	1	3.43
ξύλον	wood.n.01	0.994782507	1	4.2
ξύλον	tree.n.01	0.991859257	2	2.64
ξύλον	wood.n.01	0.989731967	1	2.59
ξύλον	beam.n.02	0.997339427	3	3.33
ξύλον	stake.n.05	0.80862534	3	2.15
ξύλον	timber.n.02	0.620384753	3	3.45
ξύλον	timber.n.02	0.705338359	3	5.26
ξύλον	timber.n.02	0.683633029	3	5.91
ξύλον	timber.n.02	0.465637982	3	4.95
ξύλον	timber.n.02	0.698758066	3	5.96
ξύλον	wood.n.01	0.986624479	1	4.3
ξύλον	rod.n.01	0.997489333	4	3.06
ξύλον	wood.n.01	0.994285405	1	3.38
ξύλον	collar.n.06	0.575935066	NA	3.23
ξύλον	wood.n.01	0.994987965	1	3.71
ξύλον	livestock.n.01	0.369446605	NA	3.51
ξύλον	bar.n.03	0.239127442	3	0.63
ξύλον	stick.n.01	0.920254171	4	1.88
ξύλον	log.n.01	0.998677671	5	1.63
ξύλον	collar.n.06	0.606042087	NA	0.53
ξύλον	wood.n.01	0.992208064	1	1.47
ξύλον	wood.n.01	0.997273743	1	3.32
ξύλον	bludgeon.n.01	None	4	1.27
ξύλον	wood.n.01	0.99767369	1	3.01
ξύλον	wood.n.01	0.998844028	1	2.71
ξύλον	wood.n.01	0.996497571	1	1.49
ξύλον	winch.n.01	None	NA	2.06
ξύλον	board.n.03	0.612132728	6	0.57
ξύλον	board.n.03	0.609684885	6	1.01
ξύλον	wood.n.01	0.994765878	1	4.51
ξύλον	wood.n.01	0.994259119	1	5.27
ξύλον	wood.n.01	0.994523406	1	1.1
ξύλον	woodwind.n.01	0.767077506	NA	1.34
ξύλον	wood.n.01	0.970928311	1	1.04
ξύλον	board.n.02	0.605103374	6	1
ξύλον	bench.n.01	0.939895332	7	2.43
ξύλον	bench.n.01	0.954924107	7	1.79
ξύλον	bench.n.01	0.929516137	7	2.21
ξύλον	staff.n.02	0.916841269	4	0.61
ξύλον	staff.n.02	0.956947029	4	0.94
ξύλον	staff.n.01	0.93727088	NA	0.55
ξύλον	board.n.03	0.745085776	6	1.97
ξύλον	bench.n.01	0.591161847	7	1.71
ξύλον	wood.n.01	0.945370615	1	3.28
ξύλον	bench.n.01	0.975152969	7	4.42
ξύλον	wood.n.01	0.998612046	1	4.38
ξύλον	bench.n.01	0.876879871	7	3.8
ξύλον	wood.n.01	0.998645604	1	3.29
ξύλον	wood.n.01	0.998021007	1	2.48
ξύλον	staff.n.02	0.919135928	4	0.56
ξύλον	bench.n.01	0.599539816	7	2.81
ξύλον	wood.n.01	0.995077431	1	5.63
ξύλον	wood.n.01	0.994906306	1	1.69
ξύλον	wood.n.01	0.808405161	1	4.77
ξύλον	wood.n.01	0.937888741	1	4.88
ξύλον	club.n.03	0.996651471	4	2.19
ξύλον	wood.n.01	0.998548448	1	4.26
ξύλον	wood.n.01	0.953811705	1	1.76
ξύλον	wood.n.01	0.993754327	1	0.78
ξύλον	stick.n.01	0.708450317	4	1.76
ξύλον	stick.n.01	0.694633782	4	1.91
ξύλον	wood.n.01	0.995905876	1	4.54
ξύλον	wood.n.01	0.997384846	1	4.54
ξύλον	wood.n.01	0.996883571	1	5.49
ξύλον	wood.n.01	0.997645557	1	5.4
ξύλον	wood.n.01	0.996413529	1	4.65
ξύλον	timber.n.02	0.458500266	3	4.07
ξύλον	stick.n.01	0.681165695	4	2
ξύλον	wood.n.01	0.99733907	1	0.83
ξύλον	stick.n.01	0.441769361	4	1.61
ξύλον	wood.n.01	0.991885304	1	3.84
ξύλον	tree.n.01	0.996920586	2	1.73
ξύλον	stave.n.02	0.911967695	NA	3.28
ξύλον	livestock.n.01	0.376041859	NA	2.26
ξύλον	lumber.n.01	0.878294468	1	4.82
ξύλον	wood.n.01	0.997030973	1	5.74
ξύλον	lumber.n.01	0.795218587	1	4.2
ξύλον	wood.n.01	0.989865601	1	4.1
ξύλον	wood.n.01	0.998133242	1	3.27
ξύλον	lumber.n.01	0.83842802	1	4.56
ξύλον	wood.n.01	0.991257548	1	3.9
ξύλον	timber.n.02	0.558200359	3	3.24
ξύλον	lumber.n.01	0.857156873	1	2.65
ξύλον	lumber.n.01	0.846514046	1	4.45
ξύλον	livestock.n.01	0.382515371	NA	1.24
ξύλον	timber.n.02	0.421202302	3	4.59
ξύλον	lumber.n.01	0.505659342	1	3.95
ξύλον	wood.n.01	0.998137355	1	4.95
ξύλον	wood.n.01	0.995665491	1	4.7
ξύλον	fuel.n.01	None	1	1.89
ξύλον	wood.n.01	0.997687817	1	5.02
ξύλον	wood.n.01	0.997254789	1	3.08
ξύλον	log.n.01	0.999252737	5	3.66
ξύλον	log.n.01	0.96560818	5	1.1
ξύλον	shaft.n.03	0.661751091	4	0.97
ξύλον	lumber.n.01	0.742170155	1	2.82
ξύλον	lumber.n.01	0.81887877	1	4.34
ξύλον	timber.n.02	0.545122683	3	5.91
ξύλον	wood.n.01	0.996167004	1	6.06
ξύλον	wood.n.01	0.991664946	1	4.08
ξύλον	timber.n.02	0.544192731	3	0.68
ξύλον	timber.n.02	0.5072577	3	3.5
ξύλον	lumber.n.01	0.998954892	1	2.07
ξύλον	wood.n.01	0.997767091	1	2.98
ξύλον	clog.n.02	0.946751118	NA	4.47
ξύλον	cord.n.01	0.758614779	NA	1.46
ξύλον	wood.n.01	0.991507769	1	4.7
ξύλον	stick.n.01	0.682096243	4	3.61
ξύλον	stick.n.01	0.89770627	4	1.88
ξύλον	stick.n.01	0.873925924	4	1.65
ξύλον	wood.n.01	0.865254998	1	0.55
ξύλον	pole.n.01	0.995035172	3	1.43
ξύλον	log.n.01	0.997828901	5	2.88
ξύλον	wood.n.01	0.997502267	1	4.69
ξύλον	timber.n.02	0.554801822	3	4.81
ξύλον	timber.n.02	0.594436467	3	3.88
ξύλον	stick.n.01	0.749954462	4	0.83
ξύλον	log.n.01	0.995428205	5	4.01
ξύλον	log.n.01	0.995013535	5	3.31
ξύλον	log.n.01	0.997370124	5	2.56
ξύλον	log.n.01	0.996123254	5	3.82
ξύλον	log.n.01	0.995323479	5	4.13
ξύλον	log.n.01	0.997787952	5	2.19
ξύλον	log.n.01	0.997787952	5	2.82
ξύλον	log.n.01	0.994728267	5	1.84
ξύλον	log.n.01	0.994728267	5	1.95
ξύλον	log.n.01	0.997757018	5	2.61
ξύλον	log.n.01	0.998301387	5	1.99
ξύλον	log.n.01	0.996588826	5	2.53
ξύλον	log.n.01	0.998268604	5	2.69
ξύλον	log.n.01	0.991182566	5	2.88
ξύλον	log.n.01	0.993452668	5	2.73
ξύλον	log.n.01	0.998280644	5	3.44
ξύλον	log.n.01	0.982542515	5	1.75
ξύλον	log.n.01	0.994223297	5	3.31
ξύλον	log.n.01	0.996695757	5	3.42
ξύλον	log.n.01	0.99884665	5	3.05
ξύλον	log.n.01	0.973637342	5	3.42
ξύλον	wood.n.01	0.981110096	1	3.96
ξύλον	wood.n.01	0.981110096	1	3.63
ξύλον	timber.n.02	0.419593364	3	5.48
ξύλον	tree.n.01	0.989043832	2	3.27
ξύλον	wood.n.01	0.996200979	1	1.07
ξύλον	wood.n.01	0.997618854	1	5.45
ξύλον	wood.n.01	0.996878266	1	3.31
ξύλον	wood.n.01	0.997188747	1	1.28
ξύλον	wood.n.01	0.998052955	1	4.26
ξύλον	wood.n.01	0.994355202	1	1.8
ξύλον	wood.n.01	0.992337286	1	1.89
ξύλον	wood.n.01	0.989304781	1	3.07
ξύλον	wood.n.01	0.989304781	1	2.31
ξύλον	wood.n.01	0.997517467	1	4.08
ξύλον	wood.n.01	0.995864034	1	3.59
ξύλον	lumber.n.01	0.692752242	1	3.98
ξύλον	wood.n.01	0.99824369	1	3.63
ξύλον	wood.n.01	0.997362673	1	4.34
ξύλον	wood.n.01	0.996290445	1	3.62
ξύλον	wood.n.01	0.995050728	1	3.58
ξύλον	wood.n.01	0.99820888	1	4.85
ξύλον	wood.n.01	0.97094214	1	1.89
ξύλον	log.n.01	0.99981612	5	1.77
ξύλον	log.n.01	0.996130824	5	1.6
ξύλον	wood.n.01	0.990491033	1	3.51
ξύλον	lumber.n.01	0.81114006	1	3.66
ξύλον	forest.n.02	0.876366556	NA	3.71
ξύλον	wood.n.01	0.997903466	1	3.98
ξύλον	tree.n.01	0.995430112	2	1.66
ξύλον	wood.n.01	0.996370673	1	1.4
ξύλον	wood.n.01	0.994543791	1	4.57
ξύλον	lumber.n.01	0.545610368	1	3.31
ξύλον	stick.n.01	0.912616432	4	3.65
ξύλον	wood.n.01	0.9863258	1	4.08
ξύλον	lever.n.01	0.857610464	3	3.46
ξύλον	stick.n.01	0.778556049	4	0.93
ξύλον	wood.n.01	0.980180562	1	1.72
ξύλον	wood.n.01	0.997035861	1	4.74
ξύλον	wood.n.01	0.988692939	1	2.48
ξύλον	wood.n.01	0.997990489	1	3.14
ξύλον	wood.n.01	0.998562872	1	4.13
ξύλον	wood.n.01	0.998056591	1	3.14
ξύλον	wood.n.01	0.994376838	1	2.49
ξύλον	wood.n.01	0.995927274	1	1.76
ξύλον	wood.n.01	0.994706333	1	4.26
ξύλον	wood.n.01	0.987488151	1	3.82
ξύλον	wood.n.01	0.998031557	1	4.22
ξύλον	wood.n.01	0.997881353	1	5.64
ξύλον	timber.n.02	0.41846931	3	3.82
ξύλον	wood.n.01	0.998167753	1	1.35
ξύλον	wood.n.01	0.995651186	1	2.34
ξύλον	wood.n.01	0.995882869	1	4.12
ξύλον	wood.n.01	0.996016324	1	4.3
ξύλον	wood.n.01	0.997878432	1	6.51
ξύλον	wood.n.01	0.952552378	1	3.71
ξύλον	wood.n.01	0.995357096	1	4.06
ξύλον	wood.n.01	0.99506408	1	3.15
ξύλον	wood.n.01	0.989707708	1	4.74
ξύλον	wood.n.01	0.997868657	1	3.14
ξύλον	wood.n.01	0.984700322	1	3.63
ξύλον	beam.n.02	0.674121201	3	3.52
ξύλον	wood.n.01	0.990284979	1	3.42
ξύλον	wood.n.01	0.965613723	1	4.14
ξύλον	wood.n.01	0.992190897	1	3.8
ξύλον	wood.n.01	0.997899175	1	1.12
ξύλον	wood.n.01	0.998525679	1	3.23
ξύλον	wood.n.01	0.998119533	1	3.99
ξύλον	wood.n.01	0.999019265	1	5.13
ξύλον	wood.n.01	0.997651279	1	4.54
ξύλον	wood.n.01	0.995011449	1	1.43
ξύλον	wood.n.01	0.998794079	1	3.06
ξύλον	wood.n.01	0.992418766	1	4.45
ξύλον	wood.n.01	0.998270512	1	3.02
ξύλον	wood.n.01	0.998133838	1	3.84
ξύλον	wood.n.01	0.998633921	1	5.88
ξύλον	wood.n.01	0.993926823	1	4.31
ξύλον	wood.n.01	0.997676194	1	1.53
ξύλον	wood.n.01	0.995405316	1	4.2
ξύλον	wood.n.01	0.998550355	1	4.35
ξύλον	wood.n.01	0.98870331	1	2.31
ξύλον	wood.n.01	0.996709824	1	4.41
ξύλον	stick.n.01	0.753768504	4	2.18
ξύλον	wood.n.01	0.997917712	1	0.73
ξύλον	wood.n.01	0.994383574	1	1.29
ξύλον	wood.n.01	0.997250974	1	4.34
ξύλον	wood.n.01	0.983469486	1	4.86
ξύλον	wood.n.01	0.997350693	1	4.45
ξύλον	wood.n.01	0.995773613	1	5.81
ξύλον	wood.n.01	0.979099154	1	3.6
ξύλον	beam.n.02	0.997099876	3	2.81
ξύλον	wood.n.01	0.99194169	1	2.71
ξύλον	wood.n.01	0.96487534	1	3.64
ξύλον	wood.n.01	0.988791823	1	2.66
ξύλον	wood.n.01	0.991418362	1	2.7
ξύλον	wood.n.01	0.998078942	1	5.65
ξύλον	lumber.n.01	0.851996779	1	2.68
ξύλον	wood.n.01	0.997835815	1	3.69
ξύλον	wood.n.01	0.976658642	1	3.32
ξύλον	wood.n.01	0.99923563	1	4.95
ξύλον	wood.n.01	0.998406231	1	2.32
ξύλον	wood.n.01	0.990935743	1	3.36
ξύλον	wood.n.01	0.998008192	1	3.1
ξύλον	wood.n.01	0.913001657	1	1.8
ξύλον	wood.n.01	0.996274114	1	4.48
ξύλον	wood.n.01	0.931649983	1	0.56
ξύλον	wood.n.01	0.984276414	1	4.28
ξύλον	wood.n.01	0.996365309	1	4.06
ξύλον	log.n.01	0.999415517	5	3.91
ξύλον	log.n.01	0.998267293	5	2.6
ξύλον	wood.n.01	0.988473594	1	3.72
ξύλον	wood.n.01	0.996352196	1	2.07
ξύλον	lumber.n.01	0.919487238	1	3.62
ξύλον	timber.n.02	0.597241521	3	0.67
ξύλον	lumber.n.01	0.781614363	1	4.07
ξύλον	lumber.n.01	0.798402548	1	2.09
ξύλον	prop.n.01	0.923434258	3	1.11
ξύλον	wood.n.01	0.99804461	1	3.17
ξύλον	livestock.n.01	0.681252301	NA	3.45
ξύλον	wood.n.01	0.996540487	1	5.67
ξύλον	lumber.n.01	0.85151428	1	4.55
ξύλον	lumber.n.01	0.811605394	1	4.63
ξύλον	lumber.n.01	0.754123211	1	4.99
ξύλον	lumber.n.01	0.814675629	1	4.64
ξύλον	lumber.n.01	0.848638535	1	4.15
ξύλον	lumber.n.01	0.880842268	1	4.07
ξύλον	lumber.n.01	0.88536495	1	4.69
ξύλον	lumber.n.01	0.831317008	1	4.59
ξύλον	lumber.n.01	0.738895595	1	4.54
ξύλον	timber.n.02	0.490024626	3	1.86
ξύλον	lumber.n.01	0.74631387	1	4.52
ξύλον	lumber.n.01	0.755209744	1	4.96
ξύλον	lumber.n.01	0.755209744	1	5.24
ξύλον	lumber.n.01	0.846106529	1	5.14
ξύλον	lumber.n.01	0.793130636	1	5.59
ξύλον	lumber.n.01	0.699923515	1	4.63
ξύλον	lumber.n.01	0.702790737	1	4.58
ξύλον	lumber.n.01	0.746824324	1	4.55
ξύλον	lumber.n.01	0.814073026	1	3.62
ξύλον	lumber.n.01	0.863716662	1	4.29
ξύλον	lumber.n.01	0.813878775	1	4.19
ξύλον	lumber.n.01	0.831738293	1	3.79
ξύλον	lumber.n.01	0.673189044	1	3.22
ξύλον	lumber.n.01	0.673366487	1	3.97
ξύλον	lumber.n.01	0.804806709	1	4.91
ξύλον	lumber.n.01	0.870067775	1	3.25
ξύλον	lumber.n.01	0.896854937	1	4.54
ξύλον	lumber.n.01	0.909529626	1	2.94
ξύλον	lumber.n.01	0.912485003	1	5.21
ξύλον	lumber.n.01	0.727312088	1	4.34
ξύλον	lumber.n.01	0.832998633	1	5.88
ξύλον	lumber.n.01	0.832998633	1	2
ξύλον	lumber.n.01	0.57511121	1	4.93
ξύλον	lumber.n.01	0.759931266	1	5.36
ξύλον	lumber.n.01	0.833137751	1	4.8
ξύλον	lumber.n.01	0.810165226	1	2.4
ξύλον	lumber.n.01	0.70392102	1	2.99
ξύλον	lumber.n.01	0.58941555	1	4.53
ξύλον	wood.n.01	0.993241191	1	3.68
ξύλον	wood.n.01	0.92188412	1	3.46
ξύλον	wood.n.01	0.986850381	1	2.8
ξύλον	wood.n.01	0.995612741	1	4.18
ξύλον	tree.n.01	0.984524429	2	2.92
ξύλον	stick.n.02	0.430313826	4	1.47
ξύλον	wood.n.01	0.921520352	1	2.48
ξύλον	wood.n.01	0.996261179	1	4.86
ξύλον	wood.n.01	0.999043763	1	1.76
ξύλον	wood.n.01	0.998344302	1	5.61
ξύλον	wood.n.01	0.997033596	1	5.11
ξύλον	oak.n.02	0.95363754	NA	1.61
ξύλον	wood.n.01	0.99091512	1	4.28
ξύλον	tree.n.01	0.995028436	2	3.33
ξύλον	wood.n.01	0.999147773	1	6.59
ξύλον	wood.n.01	0.996451855	1	4.4
ξύλον	lumber.n.01	0.813433766	1	3.48
ξύλον	wood.n.01	0.998752236	1	4.48
ξύλον	wood.n.01	0.999335825	1	4.26
ξύλον	lumber.n.01	0.848567545	1	5.29
ξύλον	wood.n.01	0.999060452	1	3.04
ξύλον	lumber.n.01	0.474082381	1	2.8
ξύλον	tree.n.01	0.963793635	2	1.61
ξύλον	wood.n.01	0.998166382	1	5.7
ξύλον	wood.n.01	0.993898511	1	3.61
ξύλον	lumber.n.01	0.451385379	1	2.3
ξύλον	woodwind.n.01	0.640094459	NA	0.78
ξύλον	lumber.n.01	0.493011773	1	3.2
ξύλον	lumber.n.01	0.695585728	1	5.27
ξύλον	tree.n.01	0.995095253	2	0.72
ξύλον	wood.n.01	0.9193542	1	5.04
ξύλον	wood.n.01	0.516549647	1	2.62
ξύλον	wood.n.01	0.998442233	1	4.88
ξύλον	wood.n.01	0.996213496	1	5.26
ξύλον	bark.n.01	0.999717891	NA	1.41
ξύλον	lumber.n.01	0.818892181	1	1.82
ξύλον	wood.n.01	0.996295989	1	5.59
ξύλον	wood.n.01	0.998896956	1	1.28
ξύλον	wood.n.01	0.944320202	1	4.8
ξύλον	wood.n.01	0.999430716	1	3.34
ξύλον	lumber.n.01	0.759383917	1	3.77
ξύλον	wood.n.01	0.974230051	1	1.6
ξύλον	wood.n.01	0.999249518	1	2.02
ξύλον	tree.n.01	0.988905191	2	2.2
ξύλον	wood.n.01	0.999281704	1	5.18
ξύλον	wood.n.01	0.998224556	1	3.85
ξύλον	wood.n.01	0.995539963	1	2.68
ξύλον	wood.n.01	0.993991673	1	4.23
ξύλον	wood.n.01	0.98549366	1	5.43
ξύλον	wood.n.01	0.992049396	1	3.8
ξύλον	wood.n.01	0.99549365	1	4.68
ξύλον	wood.n.01	0.99630934	1	4.41
ξύλον	wood.n.01	0.997157812	1	1.19
ξύλον	wood.n.01	0.99868685	1	2.17
ξύλον	wood.n.01	0.999567568	1	2.62
ξύλον	wood.n.01	0.997660756	1	5.04
ξύλον	wood.n.01	0.998307824	1	3.04
ξύλον	wood.n.01	0.992949367	1	2.49
ξύλον	wood.n.01	0.997202873	1	5.61
ξύλον	wood.n.01	0.997672617	1	4.44
ξύλον	wood.n.01	0.843776643	1	2.47
ξύλον	wood.n.01	0.637339175	1	3.83
ξύλον	wood.n.01	0.96637249	1	2.28
ξύλον	wood.n.01	0.986600339	1	3.94
ξύλον	wood.n.01	0.987887621	1	5.51
ξύλον	wood.n.01	0.998924077	1	5.05
ξύλον	wood.n.01	0.998115778	1	4.48
ξύλον	wood.n.01	0.997517943	1	3.98
ξύλον	wood.n.01	0.984700441	1	0.83
ξύλον	wood.n.01	0.999452293	1	3.7
ξύλον	wood.n.01	0.933392644	1	0.78
ξύλον	wood.n.01	0.995818317	1	2.51
ξύλον	wood.n.01	0.990017831	1	3.62
ξύλον	wood.n.01	0.996802807	1	3.85
ξύλον	wood.n.01	0.809216917	1	2.48
ξύλον	wood.n.01	0.998194635	1	2.34
ξύλον	wood.n.01	0.999342501	1	4.52
ξύλον	lumber.n.01	0.900824845	1	5.15
ξύλον	lumber.n.01	0.845163524	1	3.17
ξύλον	lumber.n.01	0.861436009	1	3.08
ξύλον	wood.n.01	0.422442257	1	2.09
ξύλον	wood.n.01	0.99687165	1	1.38
ξύλον	wood.n.01	0.995946705	1	2.52
ξύλον	wood.n.01	0.998848438	1	1.92
ξύλον	wood.n.01	0.998283029	1	3.3
ξύλον	wood.n.01	0.998648703	1	4.22
ξύλον	wood.n.01	0.998833954	1	0.61
ξύλον	wood.n.01	0.995511532	1	1.77
ξύλον	wood.n.01	0.997735858	1	4.58
ξύλον	forest.n.02	0.894179761	NA	3.57
ξύλον	wood.n.01	0.99801147	1	3.71
ξύλον	wood.n.01	0.995568693	1	5.45
ξύλον	wood.n.01	0.997175097	1	1.65
ξύλον	wood.n.01	0.981598139	1	1.65
ξύλον	wood.n.01	0.998601973	1	4.06
ξύλον	wood.n.01	0.99797076	1	5
ξύλον	wood.n.01	0.997673094	1	0.56
ξύλον	wood.n.01	0.981632829	1	2.31
ξύλον	wood.n.01	0.998304725	1	6.58
ξύλον	wood.n.01	0.969236732	1	2.06
ξύλον	wood.n.01	0.988405585	1	2.81
ξύλον	wood.n.01	0.993601859	1	3.16
ξύλον	lumber.n.01	0.74352479	1	0.95
ξύλον	wood.n.01	0.997395158	1	2.81
ξύλον	wood.n.01	0.998377681	1	2.33
ξύλον	wood.n.01	0.990202129	1	3.71
ξύλον	post.n.09	0.537813306	3	2.13
ξύλον	lumber.n.01	0.836822033	1	3.59
ξύλον	wood.n.01	0.998778284	1	4.44
ξύλον	tree.n.01	0.793982208	2	1.58
ξύλον	wood.n.01	0.997950017	1	1.35
ξύλον	wood.n.01	0.991625488	1	2.72
ξύλον	log.n.01	0.99828136	5	4.05
ξύλον	wood.n.01	0.998591721	1	4.23
ξύλον	wood.n.01	0.997938931	1	4.76
ξύλον	wood.n.01	0.998214722	1	1.89
ξύλον	wood.n.01	0.999276578	1	3.33
ξύλον	wood.n.01	0.996578395	1	2.89
ξύλον	stick.n.01	0.903769791	4	3.01
ξύλον	lumber.n.01	0.780611277	1	2.86
ξύλον	wood.n.01	0.996233523	1	3
ξύλον	branchlet.n.01	None	NA	0.95
ξύλον	wood.n.01	0.985729337	1	4.14
ξύλον	wood.n.01	0.995623648	1	5.05
ξύλον	wood.n.01	0.979637206	1	3.63
ξύλον	wood.n.01	0.996926725	1	1.92
ξύλον	wood.n.01	0.99180907	1	3.42
ξύλον	wood.n.01	0.997650921	1	4.3
ξύλον	tree.n.01	0.992479801	2	2.32
ξύλον	tree.n.01	0.991841555	2	3.05
ξύλον	tree.n.01	0.993426561	2	2.85
ξύλον	tree.n.01	0.978654921	2	3.22
ξύλον	tree.n.01	0.941311836	2	2.55
ξύλον	tree.n.01	0.970582187	2	2.95
ξύλον	tree.n.01	0.879101574	2	2.04
ξύλον	tree.n.01	0.968258023	2	2.57
ξύλον	tree.n.01	0.977871716	2	2.31
ξύλον	tree.n.01	0.980860591	2	1.98
ξύλον	tree.n.01	0.986911416	2	1.96
ξύλον	tree.n.01	0.995904505	2	2.93
ξύλον	tree.n.01	0.98366642	2	2.37
ξύλον	tree.n.01	0.946848929	2	2.59
ξύλον	tree.n.01	0.989885688	2	3.02
ξύλον	tree.n.01	0.952249646	2	3.17
ξύλον	tree.n.01	0.98353833	2	2.62
ξύλον	timber.n.02	0.602984488	3	2.02
ξύλον	wood.n.01	0.997948468	1	5.2
ξύλον	wood.n.01	0.999310136	1	5.83
ξύλον	wood.n.01	0.836705089	1	4.66
ξύλον	wood.n.01	0.998190939	1	5.19
ξύλον	wood.n.01	0.996035874	1	4.14
ξύλον	tree.n.01	0.98451221	2	3.08
ξύλον	wood.n.01	0.997098923	1	4.65
ξύλον	tree.n.01	0.998024464	2	3.12
ξύλον	tree.n.01	0.994141638	2	3.29
ξύλον	tree.n.01	0.995503843	2	3.71
ξύλον	tree.n.01	0.993994057	2	4.66
ξύλον	tree.n.01	0.998329341	2	5.05
ξύλον	tree.n.01	0.942229688	2	3.14
ξύλον	wood.n.01	0.997275174	1	3.04
ξύλον	wood.n.01	0.998819172	1	3.19
ξύλον	wood.n.01	0.993318081	1	2.87
ξύλον	wood.n.01	0.999008119	1	4.55
ξύλον	wood.n.01	0.998689592	1	3.81
ξύλον	wood.n.01	0.995997787	1	3.04
ξύλον	wood.n.01	0.997205555	1	3.24
ξύλον	wood.n.01	0.997631192	1	6.15
ξύλον	wood.n.01	0.996257663	1	4.46
ξύλον	wood.n.01	0.997852564	1	5.58
ξύλον	wood.n.01	0.995970786	1	6.5
ξύλον	wood.n.01	0.998856664	1	5.56
ξύλον	wood.n.01	0.997298658	1	4.93
ξύλον	wood.n.01	0.998132646	1	5.08
ξύλον	wood.n.01	0.994648278	1	5.1
ξύλον	wood.n.01	0.998619914	1	3.51
ξύλον	wood.n.01	0.983648002	1	5.9
ξύλον	wood.n.01	0.99898082	1	3.31
ξύλον	wood.n.01	0.995453835	1	3.18
ξύλον	wood.n.01	0.995307982	1	3.71
ξύλον	timber.n.02	0.496094584	3	4.55
ξύλον	wood.n.01	0.994890809	1	2.16
ξύλον	wood.n.01	0.998064578	1	3.81
ξύλον	wood.n.01	0.998481929	1	3.47
ξύλον	tree.n.01	0.985429645	2	2.65
ξύλον	tree.n.01	0.988359571	2	3.26
ξύλον	tree.n.01	0.993909597	2	1.73
ξύλον	tree.n.01	0.993401587	2	3.91
ξύλον	tree.n.01	0.991979122	2	3.25
ξύλον	stick.n.02	0.716667235	4	3.15
ξύλον	stick.n.02	0.669291377	4	2.14
ξύλον	wood.n.01	0.997176886	1	4.33
ξύλον	wood.n.01	0.990334451	1	3.11
ξύλον	wood.n.01	0.996370077	1	3.04
ξύλον	grove.n.02	0.698254943	NA	2.39
ξύλον	wood.n.01	0.993326902	1	4.92
ξύλον	wood.n.01	0.993326902	1	2.55
ξύλον	wood.n.01	0.993326902	1	0.55
ξύλον	tree.n.01	0.969631374	2	2.47
ξύλον	tree.n.01	0.99025321	2	3.16
ξύλον	tree.n.01	0.994767308	2	3.29
ξύλον	tree.n.01	0.965968549	2	3.11
ξύλον	tree.n.01	0.986824811	2	2.86
ξύλον	wood.n.01	0.988156438	1	4.9
ξύλον	wood.n.01	0.988161623	1	5.4
ξύλον	wood.n.01	0.996254563	1	4.29
ξύλον	log.n.01	0.999728739	5	3.03
ξύλον	lumber.n.01	0.868901253	1	4.73
ξύλον	lumber.n.01	0.558887661	1	5.53
ξύλον	timber.n.02	0.438602179	3	5.75
ξύλον	lumber.n.01	0.878046036	1	4.52
ξύλον	timber.n.02	0.489933163	3	2.62
ξύλον	lumber.n.01	0.816517591	1	3.6
ξύλον	wood.n.01	0.987702787	1	4.14
ξύλον	haft.n.01	None	NA	0.96
ξύλον	rivet.n.02	0.994474709	NA	0.75
ξύλον	wood.n.01	0.960152209	1	3.3
ξύλον	cudgel.n.01	None	4	4.22
ξύλον	cudgel.n.01	None	4	0.51
ξύλον	wood.n.01	0.995297253	1	4.38
ξύλον	wood.n.01	0.997452796	1	3.1
ξύλον	club.n.03	0.99418515	4	3.61
ξύλον	wood.n.01	0.997008502	1	3.09
ξύλον	wood.n.01	0.94343394	1	3.19
ξύλον	tree.n.01	0.990937293	2	3.12
ξύλον	tree.n.01	0.979038239	2	3.22
ξύλον	tree.n.01	0.991478264	2	3.28
ξύλον	tree.n.01	0.993997335	2	4.69
ξύλον	tree.n.01	0.975778878	2	4.03
ξύλον	tree.n.01	0.996606946	2	5.43
ξύλον	wood.n.01	0.985709429	1	4.46
ξύλον	tree.n.01	0.981518745	2	3.4
ξύλον	tree.n.01	0.991831958	2	5.29
ξύλον	tree.n.01	0.936509967	2	2.15
ξύλον	tree.n.01	0.841236711	2	3.53
ξύλον	tree.n.01	0.981963158	2	3.64
ξύλον	tree.n.01	0.986788511	2	3.97
ξύλον	tree.n.01	0.992452681	2	2.77
ξύλον	tree.n.01	0.983575642	2	4.83
ξύλον	tree.n.01	0.996064365	2	3.64
ξύλον	wood.n.01	0.998642981	1	6.38
ξύλον	wood.n.01	0.996109188	1	3.25
ξύλον	wood.n.01	0.996109188	1	2.36
ξύλον	staff.n.02	0.926766336	4	0.59
ξύλον	wood.n.01	0.995025218	1	4.95
ξύλον	tree.n.01	0.993690372	2	4.14
ξύλον	wood.n.01	0.987143815	1	6.35
ξύλον	lumber.n.01	0.866334319	1	4.99
ξύλον	lumber.n.01	0.65474695	1	2.24
ξύλον	lumber.n.01	0.728622556	1	4.46
ξύλον	board.n.02	0.673733354	6	4.05
ξύλον	board.n.02	0.71457082	6	3.84
ξύλον	board.n.02	0.578655362	6	4.94
ξύλον	wood.n.01	0.99423027	1	2.29
ξύλον	wood.n.01	0.996573448	1	2.38
ξύλον	board.n.02	0.999580801	6	2.16
ξύλον	wood.n.01	0.998378515	1	2.85
ξύλον	wood.n.01	0.998378515	1	3.74
ξύλον	lumber.n.01	0.789943397	1	2.1
ξύλον	lumber.n.01	0.439834684	1	4.66
ξύλον	lumber.n.01	0.622993529	1	5.59
ξύλον	tree.n.01	0.995681405	2	2.81
ξύλον	timber.n.02	0.553491712	3	4.82
ξύλον	stick.n.02	0.740869105	4	3.45
ξύλον	wood.n.01	0.98963517	1	4.31
ξύλον	tree.n.01	0.996707439	2	2.39
ξύλον	tree.n.01	0.995305598	2	3.46
ξύλον	wood.n.01	0.932749689	1	5.04
ξύλον	carpenter.n.01	None	NA	2.1
ξύλον	lumber.n.01	0.801988482	1	4.82
ξύλον	tree.n.01	0.9974491	2	2.51
ξύλον	tree.n.01	0.997499764	2	0.61
ξύλον	wood.n.01	0.993179202	1	5.75
ξύλον	lumber.n.01	0.779133439	1	4.21
ξύλον	lumber.n.01	0.702026367	1	3.29
ξύλον	lumber.n.01	0.702026367	1	1.35
ξύλον	tree.n.01	0.995649755	2	2.65
ξύλον	tree.n.01	0.989930212	2	5.15
ξύλον	wood.n.01	0.997580886	1	4.38
ξύλον	wood.n.01	0.991694868	1	3.53
ξύλον	tree.n.01	0.990057766	2	4.72
ξύλον	tree.n.01	0.990925789	2	3.34
ξύλον	lumber.n.01	0.578198731	1	3.58
ξύλον	carpenter.n.01	None	NA	1.62
ξύλον	wood.n.01	0.995163798	1	4.04
ξύλον	wood.n.01	0.992111206	1	5.02
ξύλον	lumber.n.01	0.859332442	1	5.03
ξύλον	lumber.n.01	0.754404008	1	4.17
ξύλον	wood.n.01	0.991073668	1	4.52
ξύλον	wood.n.01	0.997663379	1	4.48
ξύλον	lumber.n.01	0.758298695	1	5.81
ξύλον	wood.n.01	0.997935414	1	4.48
ξύλον	wood.n.01	0.994835615	1	2.05
ξύλον	tree.n.01	0.997469187	2	3.92
ξύλον	lumber.n.01	0.765973806	1	3.07
ξύλον	lumber.n.01	0.541231334	1	3.98
ξύλον	lumber.n.01	0.41116339	1	4.59
ξύλον	tree.n.01	0.997083724	2	2.85
ξύλον	lumber.n.01	0.788130283	1	4.49
ξύλον	tree.n.01	0.994045377	2	3.96
ξύλον	wood.n.01	0.997530282	1	5.35
ξύλον	club.n.03	0.967966855	4	3.24
ξύλον	tree.n.01	0.991053641	2	2.62
ξύλον	forest.n.01	0.496583194	NA	0.72
ξύλον	forest.n.01	0.62506032	NA	5.47
ξύλον	tree.n.01	0.996777713	2	4.59
ξύλον	tree.n.01	0.984571695	2	2.43
ξύλον	tree.n.01	0.996554852	2	3.47
ξύλον	tree.n.01	0.518971086	2	2.6
ξύλον	wood.n.01	0.97333467	1	3.47
ξύλον	wood.n.01	0.989449322	1	4.34
ξύλον	wood.n.01	0.982666135	1	4.07
ξύλον	wood.n.01	0.993360758	1	5.61
ξύλον	tree.n.01	0.993263543	2	2.37
ξύλον	wood.n.01	0.607900083	1	4.54
ξύλον	wood.n.01	0.990164936	1	5.15
ξύλον	tree.n.01	0.992931485	2	3.51
ξύλον	tree.n.01	0.979311526	2	2.81
ξύλον	tree.n.01	0.989702106	2	4.97
ξύλον	wood.n.01	0.946699739	1	4.58
ξύλον	wood.n.01	0.97900784	1	7.09
ξύλον	wood.n.01	0.993375361	1	3.51
ξύλον	tree.n.01	0.996443927	2	4.07
ξύλον	livestock.n.01	0.205060005	NA	2.02
ξύλον	wood.n.01	0.992556155	1	2.55
ξύλον	tree.n.01	0.987031877	2	1.97
ξύλον	wood.n.01	0.998433769	1	2.31
ξύλον	tree.n.01	0.966546774	2	1.78
ξύλον	wood.n.01	0.990626574	1	1.19
ξύλον	tree.n.01	0.991282582	2	5.16
ξύλον	tree.n.01	0.995173991	2	5.11
ξύλον	tree.n.01	0.994810224	2	2.48
ξύλον	lumber.n.01	0.307396173	1	3.09
ξύλον	wood.n.01	0.921749473	1	2.83
ξύλον	lumber.n.01	0.742633462	1	5.32
ξύλον	tree.n.01	0.991476238	2	3.62
ξύλον	lumber.n.01	0.557949543	1	4.42
ξύλον	wood.n.01	0.897607207	1	4.52
ξύλον	wood.n.01	0.757071376	1	2.23
ξύλον	tree.n.01	0.993708134	2	3.77
ξύλον	wood.n.01	0.98722142	1	5.45
ξύλον	wood.n.01	0.949286759	1	3.75
ξύλον	wood.n.01	0.99176544	1	4.8
ξύλον	wood.n.01	0.989212394	1	2.94
ξύλον	wood.n.01	0.983709931	1	5.43
ξύλον	tree.n.01	0.997764707	2	3.51
ξύλον	wood.n.01	0.991339505	1	3.07
ξύλον	tree.n.01	0.667034566	2	0.62
ξύλον	wood.n.01	0.994756579	1	5.01
ξύλον	tree.n.01	0.894066274	2	2.46
ξύλον	tree.n.01	0.99653852	2	2.33
ξύλον	breed.n.01	0.573324978	NA	1.43
ξύλον	tree.n.01	0.994404435	2	2.37
ξύλον	wood.n.01	0.97503382	1	3.2
ξύλον	tree.n.01	0.997642457	2	3.06
ξύλον	wood.n.01	0.971621513	1	2.64
ξύλον	tree.n.01	0.985886455	2	4.92
ξύλον	wood.n.01	0.996155441	1	6.17
ξύλον	tree.n.01	0.995587826	2	3.02
ξύλον	tree.n.01	0.843211114	2	1.37
ξύλον	wood.n.01	0.997905612	1	6.11
ξύλον	tree.n.01	0.989330232	2	3.17
ξύλον	wood.n.01	0.985826075	1	4.83
ξύλον	tree.n.01	0.989346921	2	1.77
ξύλον	tree.n.01	0.996167362	2	2.49
ξύλον	stick.n.02	0.617338479	4	1.78
ξύλον	wood.n.01	0.994918525	1	4.84
ξύλον	wood.n.01	0.940849423	1	3.65
ξύλον	wood.n.01	0.98515594	1	3.62
ξύλον	tree.n.01	0.99609679	2	3.15
ξύλον	wood.n.01	0.997507811	1	4.22
ξύλον	wood.n.01	0.988039672	1	2.57
ξύλον	tree.n.01	0.990707159	2	2.95
ξύλον	tree.n.01	0.996315897	2	3.66
ξύλον	tree.n.01	0.994526565	2	5.09
ξύλον	tree.n.01	0.992933512	2	2.5
ξύλον	tree.n.01	0.982752919	2	2.44
ξύλον	tree.n.01	0.989068806	2	3.16
ξύλον	tree.n.01	0.978768528	2	3.19
ξύλον	tree.n.01	0.997055173	2	2.38
ξύλον	livestock.n.01	0.350879133	NA	4
ξύλον	tree.n.01	0.996203244	2	2.63
ξύλον	tree.n.01	0.986293316	2	2.89
ξύλον	tree.n.01	0.994244516	2	3.21
ξύλον	wood.n.01	0.992905736	1	5.76
ξύλον	lumber.n.01	0.686534166	1	4.55
ξύλον	tree.n.01	0.994397521	2	4.42
ξύλον	tree.n.01	0.996352553	2	3.33
ξύλον	tree.n.01	0.987326086	2	3.38
ξύλον	tree.n.01	0.973397136	2	4.32
ξύλον	tree.n.01	0.995518327	2	3.55
ξύλον	tree.n.01	0.995760739	2	5.41
ξύλον	tree.n.01	0.993741691	2	4.79
ξύλον	tree.n.01	0.988494217	2	4.66
ξύλον	tree.n.01	0.992150187	2	5.84
ξύλον	tree.n.01	0.994032443	2	3.39
ξύλον	wood.n.01	0.986378312	1	6.3
ξύλον	board.n.02	0.999118149	6	2.52
ξύλον	lumber.n.01	0.858212531	1	3.73
ξύλον	wood.n.01	0.986642241	1	4.14
ξύλον	wood.n.01	0.998509228	1	3.88
ξύλον	fuel.n.01	None	1	1.04
ξύλον	timber.n.02	0.43513608	3	4.29
ξύλον	lumber.n.01	0.674597144	1	5.3
ξύλον	stick.n.02	0.676263332	4	1.73
ξύλον	wood.n.01	0.997631669	1	5.59
ξύλον	raft.n.01	0.990232706	NA	0.79
ξύλον	weapon.n.01	0.999383569	NA	0.4
ξύλον	stick.n.01	0.73369354	4	1.82
ξύλον	rod.n.01	0.997427404	4	2.04
ξύλον	stick.n.01	0.820585847	4	2.06
ξύλον	lumber.n.01	0.477178663	1	5.3
ξύλον	lumber.n.01	0.526552618	1	4.12
ξύλον	lumber.n.01	0.526552618	1	4.06
ξύλον	stick.n.01	0.692914486	4	1.36
ξύλον	wood.n.01	0.997609377	1	5.08
ξύλον	tree.n.01	0.992577851	2	3.32
ξύλον	lumber.n.01	0.630099058	1	4.23
ξύλον	tree.n.01	0.984246135	2	2.27
ξύλον	wood.n.01	0.997234762	1	1.81
ξύλον	wood.n.01	0.996249259	1	3.31
ξύλον	wood.n.01	0.888416588	1	2.44
ξύλον	stock.n.10	0.222333893	NA	2.1
ξύλον	wood.n.01	0.998408973	1	4.84
ξύλον	wood.n.01	0.996035278	1	3.86
ξύλον	grove.n.02	0.722148716	NA	2.18
ξύλον	tree.n.01	0.992962182	2	3.16
ξύλον	tree.n.01	0.981135428	2	3.4
ξύλον	tree.n.01	0.957282066	2	2.85
ξύλον	tree.n.02	0.652009249	8	2.45
ξύλον	tree.n.01	0.88454324	2	3.47
ξύλον	tree.n.01	0.914984763	2	2.62
ξύλον	tree.n.01	0.896749377	2	3.48
ξύλον	tree.n.01	0.701233029	2	2.29
ξύλον	tree.n.01	0.970162392	2	2.99
ξύλον	tree.n.01	0.923305869	2	2.56
ξύλον	tree.n.01	0.982980847	2	2.29
ξύλον	tree.n.02	0.489408821	8	1.81
ξύλον	tree.n.01	0.710313261	2	2.35
ξύλον	tree.n.01	0.984732687	2	1.69
ξύλον	tree.n.01	0.978993058	2	2.76
ξύλον	tree.n.01	0.99413079	2	2.95
ξύλον	tree.n.01	0.993934691	2	3.84
ξύλον	tree.n.01	0.969570518	2	2.45
ξύλον	tree.n.02	0.600224674	8	2.62
ξύλον	tree.n.01	0.997038484	2	3.21
ξύλον	tree.n.01	0.976379097	2	3.13
ξύλον	tree.n.01	0.98688519	2	3.18
ξύλον	tree.n.01	0.975957692	2	2.5
ξύλον	tree.n.01	0.998379588	2	2.22
ξύλον	lumber.n.01	0.665650427	1	4.62
ξύλον	lumber.n.01	0.495922476	1	4.82
ξύλον	branch.n.02	0.603623092	NA	2.12
ξύλον	lumber.n.01	0.713404536	1	2.48
ξύλον	tree.n.01	0.995495558	2	3.38
ξύλον	tree.n.01	0.989877522	2	2.43
ξύλον	tree.n.01	0.9660936	2	2.94
ξύλον	wood.n.01	0.996360242	1	2.62
ξύλον	wood.n.01	0.994970918	1	2.71
ξύλον	tree.n.01	0.963718653	2	2.72
ξύλον	tree.n.01	0.973878205	2	2.96
ξύλον	wood.n.01	0.996511638	1	4.28
ξύλον	wood.n.01	0.996881485	1	3.13
ξύλον	stick.n.02	0.617235422	4	2.03
ξύλον	wood.n.01	0.996575534	1	4.55
ξύλον	wood.n.01	0.993705809	1	5.05
ξύλον	tree.n.01	0.978894711	2	3.48
ξύλον	tree.n.01	0.706630766	2	2.67
ξύλον	wood.n.01	0.993948102	1	4.88
ξύλον	lumber.n.01	0.676394582	1	3.23
ξύλον	wood.n.01	0.998633325	1	6.9
ξύλον	wood.n.01	0.998165429	1	3.82
ξύλον	wood.n.01	0.994510055	1	3.45
ξύλον	stick.n.01	0.586903334	4	1.1
ξύλον	wood.n.01	0.997169077	1	4.8
ξύλον	wood.n.01	0.998050332	1	4.32
ξύλον	wood.n.01	0.992729843	1	3.21
ξύλον	stick.n.02	0.85741967	4	1.44
ξύλον	stock.n.14	0.487817645	1	3.33
ξύλον	club.n.03	0.971564233	4	5.01
ξύλον	breed.n.01	0.498695225	NA	3.75
ξύλον	lumber.n.01	0.582029819	1	1.44
ξύλον	club.n.03	0.846797347	4	1.31
ξύλον	wood.n.01	0.9974612	1	5.57
ξύλον	stock.n.14	0.399828017	1	3.23
ξύλον	stick.n.01	0.930963337	4	2.92
ξύλον	wood.n.01	0.994260073	1	1.85
ξύλον	lumber.n.01	0.763465881	1	3.19
ξύλον	lumber.n.01	0.526614308	1	3.1
ξύλον	wood.n.01	0.994132698	1	2.57
ξύλον	timber.n.02	0.494156659	3	3.19
ξύλον	wood.n.01	0.999064624	1	2.48
ξύλον	wood.n.01	0.996857762	1	3.99
ξύλον	wood.n.01	0.995438755	1	4.52
ξύλον	wood.n.01	0.99250561	1	0.41
ξύλον	wood.n.01	0.996676564	1	2.31
ξύλον	forest.n.01	0.545268059	NA	3.38
ξύλον	wood.n.01	0.982442379	1	3.06
ξύλον	lumber.n.01	0.911232054	1	4.49
ξύλον	lumber.n.01	0.753692925	1	4.22
ξύλον	beam.n.02	0.997232854	3	2.12
ξύλον	timber.n.02	0.450647146	3	3.99
ξύλον	timber.n.02	0.42217952	3	3.57
ξύλον	tree.n.01	0.898354888	2	3.24
ξύλον	tree.n.01	0.982793927	2	0.64
ξύλον	wood.n.01	0.962514341	1	4.36
ξύλον	wood.n.01	0.998481214	1	3.1
ξύλον	wood.n.01	0.997186005	1	1.51
ξύλον	wood.n.01	0.991140425	1	5.27
ξύλον	wood.n.01	0.996385813	1	3.65
ξύλον	wood.n.01	0.99751389	1	5.01
ξύλον	wood.n.01	0.99476999	1	5.55
ξύλον	tree.n.01	0.998947561	2	2.37
ξύλον	wood.n.01	0.996400595	1	5.23
ξύλον	wood.n.01	0.996690035	1	2.78
ξύλον	wood.n.01	0.995955706	1	2.2
ξύλον	wood.n.01	0.981625021	1	3.07
ξύλον	lumber.n.01	0.72147882	1	3.57
ξύλον	lumber.n.01	0.525723696	1	3.29
ξύλον	wood.n.01	0.998073101	1	2.75
ξύλον	wood.n.01	0.995726585	1	4.57
ξύλον	wood.n.01	0.969015777	1	4.41
ξύλον	wood.n.01	0.99535346	1	5.78
ξύλον	wood.n.01	0.995568097	1	3.27
ξύλον	wood.n.01	0.997608185	1	4.14
ξύλον	stick.n.01	0.896951199	4	2.28
ξύλον	wood.n.01	0.998283267	1	5.08
ξύλον	wood.n.01	0.997128665	1	2.67
ξύλον	lumber.n.01	0.512814581	1	5.19
ξύλον	wood.n.01	0.99663949	1	3.15
ξύλον	wood.n.01	0.998797774	1	4.66
ξύλον	wood.n.01	0.996675014	1	3.43
ξύλον	wood.n.01	0.99366802	1	4.93
ξύλον	tree.n.01	0.987564623	2	2.34
ξύλον	wood.n.01	0.996089816	1	2.96
ξύλον	lumber.n.01	0.930568695	1	4.18
ξύλον	fagot.n.02	0.971966326	4	1.25
ξύλον	tree.n.01	0.993239999	2	3.03
ξύλον	stake.n.05	0.574553967	3	1.34
ξύλον	tree.n.01	0.990985274	2	3.03
ξύλον	tree.n.01	0.966952085	2	3.57
ξύλον	lumber.n.01	0.794405103	1	1.47
ξύλον	lumber.n.01	0.854857326	1	3.76
ξύλον	wood.n.01	0.992270947	1	4.93
ξύλον	tree.n.01	0.991997182	2	2.75
ξύλον	beam.n.02	0.997074842	3	2.88
ξύλον	board.n.02	0.648092508	6	1.99
ξύλον	wood.n.01	0.996334314	1	5.02
ξύλον	wood.n.01	0.991015673	1	6.78
ξύλον	lumber.n.01	0.578051627	1	2.12
ξύλον	tree.n.01	0.995865345	2	2.06
ξύλον	tree.n.01	0.994034708	2	3.45
ξύλον	wood.n.01	0.989830315	1	5.62
ξύλον	wood.n.01	0.997365415	1	3.14
ξύλον	wood.n.01	0.997918427	1	3.42
ξύλον	beam.n.02	0.987883627	3	3.65
ξύλον	club.n.03	0.996203482	4	3.06
ξύλον	lumber.n.01	0.854085803	1	4.16
ξύλον	lumber.n.01	0.819559038	1	3.98
ξύλον	stave.n.02	0.855806828	NA	3.14
ξύλον	club.n.03	0.85811168	4	1.59
ξύλον	club.n.03	0.99797529	4	3.95
ξύλον	tree.n.01	0.997545063	2	3.28
ξύλον	lumber.n.01	0.59289217	1	2.02
ξύλον	lumber.n.01	0.500655234	1	1.31
ξύλον	stave.n.02	0.930573046	NA	2.56
ξύλον	wood.n.01	0.99850142	1	4.9
ξύλον	lumber.n.01	0.844742417	1	4.17
ξύλον	board.n.02	0.847840607	6	2.29
ξύλον	board.n.02	0.893950045	6	3.04
ξύλον	stave.n.02	0.91744554	NA	1.91
ξύλον	stave.n.02	0.864986837	NA	1.16
ξύλον	stave.n.02	0.902823329	NA	2.31
ξύλον	stave.n.02	0.84085083	NA	1.78
ξύλον	stave.n.02	0.823786199	NA	1.8
ξύλον	tree.n.01	0.986000121	2	2.89
ξύλον	tree.n.01	0.986499071	2	3.39
ξύλον	tree.n.01	0.990334451	2	3.24
ξύλον	tree.n.01	0.970278978	2	2.81
ξύλον	stock.n.10	0.249990076	NA	3.45
ξύλον	wood.n.01	0.994894147	1	3.07
ξύλον	tree.n.01	0.997369289	2	3.19
ξύλον	tree.n.01	0.934243798	2	2.23
ξύλον	wood.n.01	0.984203994	1	4.89
ξύλον	wood.n.01	0.994053304	1	4.61
ξύλον	tree.n.01	0.945588231	2	2.26
ξύλον	tree.n.01	0.869231999	2	3.44
ξύλον	tree.n.01	0.938043416	2	3.04
ξύλον	tree.n.02	0.759016454	8	0.86
ἅλς	sea.n.01	0.998154819	1	4.45
ἅλς	sea.n.01	0.99443543	1	0.61
ἅλς	sea.n.01	0.99443543	1	2.8
ἅλς	seaside.n.01	None	NA	1.21
ἅλς	sea.n.01	0.991130114	1	1.68
ἅλς	sea.n.01	0.996338248	1	3.77
ἅλς	sea.n.01	0.999233723	1	1.59
ἅλς	sea.n.01	0.998834431	1	1.6
ἅλς	sea.n.01	0.997470975	1	2.31
ἅλς	sea.n.01	0.997470975	1	2.24
ἅλς	sea.n.01	0.998972178	1	3.71
ἅλς	salt.n.01	0.734023988	2	3.72
ἅλς	water.n.01	0.975698292	NA	2.65
ἅλς	sea.n.01	0.990442812	1	3.51
ἅλς	sea.n.01	0.999078989	1	3.19
ἅλς	sea.n.01	0.819145262	1	2.48
ἅλς	sea.n.01	0.999521613	1	3.03
ἅλς	salt.n.02	0.985757053	2	3.2
ἅλς	sea.n.01	0.999521613	1	3.03
ἅλς	ship.n.01	None	NA	0.8
ἅλς	seaward.n.01	None	1	3.73
ἅλς	sea.n.01	0.997448981	1	4.68
ἅλς	sea.n.01	0.99969399	1	3.73
ἅλς	sea.n.01	0.997206151	1	2.4
ἅλς	sea.n.01	0.998449326	1	3.97
ἅλς	sea.n.01	0.997637391	1	3.96
ἅλς	sea.n.01	0.991647959	1	2.81
ἅλς	salt.n.01	0.679451227	2	4.2
ἅλς	body_of_water.n.01	0.744195163	1	1.55
ἅλς	ship.n.01	None	NA	1.71
ἅλς	sea.n.01	0.999142885	1	2.71
ἅλς	sea.n.01	0.994694293	1	3.84
ἅλς	sea.n.01	0.988963366	1	4.07
ἅλς	sea.n.01	0.992166281	1	2.62
ἅλς	sea.n.01	0.99499017	1	4.24
ἅλς	sea.n.01	0.987556696	1	3.41
ἅλς	sea.n.01	0.994649947	1	3.82
ἅλς	sea.n.01	0.996679902	1	1.87
ἅλς	sea.n.01	0.99832505	1	3.81
ἅλς	sea.n.01	0.994410574	1	3.8
ἅλς	sea.n.01	0.99307549	1	4.16
ἅλς	sea.n.01	0.985007107	1	0.81
ἅλς	sea.n.01	0.997670472	1	1.4
ἅλς	sea.n.01	0.986924291	1	2.34
ἅλς	sea.n.01	0.985699475	1	3.5
ἅλς	sea.n.01	0.994366348	1	5.53
ἅλς	sea.n.01	0.993408084	1	3.2
ἅλς	sea.n.01	0.998962998	1	4.25
ἅλς	sea.n.01	0.996069074	1	4.21
ἅλς	seaward.n.01	None	1	3.83
ἅλς	sea.n.01	0.999513865	1	2.04
ἅλς	sea.n.01	0.996753514	1	3.06
ἅλς	sea.n.01	0.998867393	1	1.69
ἅλς	sea.n.01	0.999462426	1	4.07
ἅλς	salt.n.02	0.989656568	2	5.11
ἅλς	salt.n.02	0.98318845	2	5.6
ἅλς	salt.n.02	0.917818904	2	2.09
ἅλς	salt.n.02	0.953842521	2	5.6
ἅλς	salt.n.02	0.671656311	2	4.66
ἅλς	salt.n.02	0.719505727	2	3.4
ἅλς	salt.n.02	0.632911682	2	3.46
ἅλς	salt.n.02	0.98473686	2	1.35
ἅλς	brine.n.02	0.668360353	3	4.82
ἅλς	salt.n.02	0.589788616	2	4.96
ἅλς	salt.n.02	0.850270092	2	6.17
ἅλς	salt.n.02	0.846430361	2	4.63
ἅλς	salt.n.02	0.582330406	2	3.88
ἅλς	salt.n.02	0.993136287	2	4.94
ἅλς	salt.n.02	0.977722764	2	4.11
ἅλς	salt.n.02	0.981638193	2	3.15
ἅλς	salt.n.02	0.702426612	2	5.57
ἅλς	salt.n.02	0.97708863	2	3.19
ἅλς	salt.n.02	0.968167484	2	4.7
ἅλς	salt.n.02	0.990675449	2	4.44
ἅλς	salt.n.02	0.854319632	2	0.38
ἅλς	salt.n.02	0.850894034	2	5.31
ἅλς	salt.n.02	0.962522089	2	3.31
ἅλς	salt.n.02	0.81774354	2	3.86
ἅλς	salt.n.04	0.665198207	NA	4.63
ἅλς	seawater.n.01	0.935366273	3	4.08
ἅλς	seawater.n.01	0.85860008	3	3.39
ἅλς	sea.n.01	0.980282187	1	4.41
ἅλς	sea.n.01	0.723312199	1	2.33
ἅλς	sea.n.01	0.996648371	1	2.6
ἅλς	sea.n.01	0.997695267	1	3.51
ἅλς	shore.n.01	0.999649882	NA	1.73
ἅλς	sea.n.01	0.98840791	1	3.42
ἅλς	salt.n.02	0.547995329	2	6.17
ἅλς	water.n.06	0.563548505	NA	0.93
ἅλς	sea.n.01	0.995084703	1	3.87
ἅλς	sea.n.01	0.999382973	1	3.98
ἅλς	sea.n.01	0.946832359	1	4.48
ἅλς	sea.n.01	0.995066166	1	2.19
ἅλς	sea.n.01	0.98789227	1	3.06
ἅλς	salt.n.02	0.658610463	2	2.92
ἅλς	salt.n.02	0.807112634	2	8.39
ἅλς	salt.n.01	0.576899171	2	6
ἅλς	salt.n.02	0.842894733	2	3.28
ἅλς	salt.n.01	0.580847442	2	8.54
ἅλς	salt.n.02	0.789102674	2	8.32
ἅλς	salt.n.01	0.969822645	2	5.73
ἅλς	salt.n.01	0.787268102	2	5.36
ἅλς	salt.n.02	0.567792118	2	6.59
ἅλς	salt.n.02	0.516094506	2	7.67
ἅλς	sea.n.01	0.997346163	1	3.02
ἅλς	salt.n.01	0.62148869	2	7.67
ἅλς	salt.n.02	0.737868249	2	5.62
ἅλς	salt.n.02	0.851881564	2	6.55
ἅλς	sea.n.01	0.977139294	1	3.2
ἅλς	sea.n.01	0.999544561	1	1.99
ἅλς	sea.n.01	0.984357476	1	3.33
ἅλς	sea.n.01	0.995091677	1	3.26
ἅλς	sea.n.01	0.997480929	1	3.79
ἅλς	gulf.n.02	0.464828074	NA	1.19
ἅλς	sea.n.01	0.999387383	1	4.65
ἅλς	sea.n.01	0.999558508	1	3.81
ἅλς	sea.n.01	0.999186456	1	4.78
ἅλς	sea.n.01	0.998812795	1	3.98
ἅλς	sea.n.01	0.983322561	1	2.46
ἅλς	sea.n.01	0.999165535	1	4.61
ἅλς	sea.n.01	0.999397516	1	3
ἅλς	sea.n.01	0.999139309	1	4.24
ἅλς	sea.n.01	0.998978853	1	3.71
ἅλς	sea.n.01	0.989374101	1	4.5
ἅλς	sea.n.01	0.999600708	1	4.87
ἅλς	sea.n.01	0.999782503	1	4.5
ἅλς	sea.n.01	0.999723136	1	2.18
ἅλς	sea.n.01	0.98684907	1	3.94
ἅλς	sea.n.01	0.999314666	1	3.6
ἅλς	sea.n.01	0.9977597	1	4.26
ἅλς	sea.n.01	0.994608879	1	3.49
ἅλς	sea.n.01	0.999446452	1	1.61
ἅλς	sea.n.01	0.999070585	1	2.83
ἅλς	sea.n.01	0.997922957	1	3.63
ἅλς	sea.n.01	0.915551722	1	3.62
ἅλς	sea.n.01	0.999129593	1	4.01
ἅλς	sea.n.01	0.999750555	1	3.25
ἅλς	sea.n.01	0.999577463	1	1.11
ἅλς	sea.n.01	0.999278128	1	4.74
ἅλς	sea.n.01	0.998797297	1	3.01
ἅλς	sea.n.01	0.999313712	1	1.38
ἅλς	sea.n.01	0.994983792	1	3.63
ἅλς	sea.n.01	0.998054862	1	3.03
ἅλς	sea.n.01	0.997365892	1	4.15
ἅλς	salt.n.02	0.991471827	2	4.93
ἅλς	salt.n.02	0.994241357	2	4.47
ἅλς	salt.n.01	0.721122324	2	2.11
ἅλς	salt.n.01	0.541287899	2	4.36
ἅλς	salt.n.01	0.522172332	2	5.73
ἅλς	salt.n.01	0.763479412	2	6.44
ἅλς	salt.n.02	0.801365614	2	2.56
ἅλς	salt.n.01	0.92584312	2	7.01
ἅλς	salt.n.01	0.863709271	2	7.2
ἅλς	sea.n.01	0.99491632	1	2.55
ἅλς	water.n.01	0.844082355	NA	2.13
ἅλς	salt.n.02	0.976833105	2	5.22
ἅλς	herb.n.02	0.934233189	NA	0.36
ἅλς	sea.n.01	0.998027027	1	2.86
ἅλς	sea.n.01	0.971223056	1	2.68
ἅλς	sea.n.01	0.997729361	1	3.66
ἅλς	sea.n.01	0.994303465	1	3.98
ἅλς	sea.n.01	0.996431589	1	4.85
ἅλς	salt.n.01	0.629253507	2	0.78
ἅλς	salt.n.01	0.520031154	2	5.15
ἅλς	sea.n.01	0.993581772	1	3.87
ἅλς	sea.n.01	0.980518937	1	3.44
ἅλς	sea.n.01	0.997566581	1	5.48
ἅλς	sea.n.01	0.996699274	1	4.05
ἅλς	seawater.n.01	0.65515089	3	2.79
ἅλς	sea.n.01	0.999044955	1	2.7
ἅλς	sea.n.01	0.998917937	1	5.43
ἅλς	sea.n.01	0.978353679	1	3.12
ἅλς	sea.n.01	0.975109875	1	4.1
ἅλς	sea.n.01	0.996121585	1	4.65
ἅλς	sea.n.01	0.998834908	1	3.27
ἅλς	sea.n.01	0.995755076	1	5.02
ἅλς	sea.n.01	0.996381521	1	2.64
ἅλς	sea.n.01	0.993943989	1	3.69
ἅλς	depth.n.01	0.878678083	NA	1.21
ἅλς	sea.n.01	0.810087621	1	3.67
ἅλς	sea.n.01	0.998658419	1	3.07
ἅλς	sea.n.01	0.997538328	1	3.51
ἅλς	sea.n.01	0.982225239	1	3.53
ἅλς	sea.n.01	0.983264387	1	1.5
ἅλς	sea.n.01	0.993146062	1	4.82
ἅλς	sea.n.01	0.994558752	1	4.41
ἅλς	sea.n.01	0.994456291	1	2.65
ἅλς	sea.n.01	0.99855715	1	3.46
ἅλς	sea.n.01	0.999104202	1	1.92
ἅλς	seaweed.n.01	None	NA	2.8
ἅλς	sea.n.01	0.848857641	1	2.92
ἅλς	sea.n.01	0.963479877	1	2.8
ἅλς	sea.n.01	0.996981442	1	3.48
ἅλς	sea.n.01	0.995411694	1	2.89
ἅλς	sea.n.01	0.968663335	1	4.38
ἅλς	sea.n.01	0.994807184	1	5.1
ἅλς	sea.n.01	0.993699908	1	4.9
ἅλς	sea.n.01	0.993233383	1	1.99
ἅλς	sea.n.01	0.999448597	1	3.8
ἅλς	sea.n.01	0.997574389	1	4.38
ἅλς	sea.n.01	0.999144673	1	4.13
ἅλς	sea.n.01	0.980079591	1	3.1
ἅλς	sea.n.01	0.988402545	1	3.19
ἅλς	sea.n.01	0.998019218	1	3.65
ἅλς	sea.n.01	0.99651438	1	3.79
ἅλς	sea.n.01	0.987484038	1	3.44
ἅλς	sea.n.01	0.999075055	1	3.82
ἅλς	sea.n.01	0.992591858	1	4.04
ἅλς	sea.n.01	0.996503115	1	3.91
ἅλς	sea.n.01	0.994904399	1	2.42
ἅλς	sea.n.01	0.996329725	1	4.5
ἅλς	sea.n.01	0.980790496	1	4.08
ἅλς	sea.n.01	0.997663021	1	4.67
ἅλς	salt.n.01	0.512883663	2	3.24
ἅλς	wave.n.01	0.970305681	NA	1.27
ἅλς	sea.n.01	0.964315236	1	3.05
ἅλς	sea.n.01	0.998971105	1	4.62
ἅλς	sea.n.01	0.991625488	1	3.57
ἅλς	sea.n.01	0.99798739	1	2.79
ἅλς	sea.n.01	0.989821076	1	3.48
ἅλς	sea.n.01	0.993742287	1	4.67
ἅλς	salt.n.02	0.559969902	2	6.75
ἅλς	sea.n.01	0.99938941	1	3.5
ἅλς	salt.n.02	0.762150288	2	6.24
ἅλς	salt.n.01	0.663420856	2	3.86
ἅλς	sea.n.01	0.997546375	1	2.3
ἅλς	salt.n.02	0.951218843	2	7.4
ἅλς	salt.n.02	0.993018031	2	5.2
ἅλς	salt.n.02	0.926841915	2	6.09
ἅλς	salt.n.02	0.908543825	2	2.13
ἅλς	salt.n.02	0.776300669	2	4.34
ἅλς	salt.n.02	0.866595387	2	3.73
ἅλς	salt.n.02	0.953373969	2	5.62
ἅλς	salt.n.02	0.879491568	2	4.49
ἅλς	salt.n.02	0.947443485	2	2.06
ἅλς	sea.n.01	0.998230159	1	2.46
ἅλς	sea.n.01	0.996854782	1	2.75
ἅλς	salt.n.02	0.563308239	2	5.59
ἅλς	sea.n.01	0.996646106	1	3.85
ἅλς	sea.n.01	0.993263841	1	0.98
ἅλς	salt.n.02	0.990821481	2	6.31
ἅλς	salt.n.02	0.596078992	2	4.36
ἅλς	salt.n.02	0.985727966	2	5.12
ἅλς	water.n.01	0.932882249	NA	1.69
ἅλς	salt.n.01	0.685637176	2	5.12
ἅλς	salt.n.02	0.951064527	2	4.68
ἅλς	sea.n.01	0.998842299	1	2.4
ἅλς	salt.n.02	0.98572588	2	4.63
ἅλς	salt.n.02	0.978568494	2	3.47
ἅλς	salt.n.02	0.992805064	2	5.09
ἅλς	parsley.n.01	0.591886401	NA	0.75
ἅλς	salt.n.02	0.986585021	2	6.36
ἅλς	salt.n.02	0.98198396	2	5.12
ἅλς	salt.n.02	0.988305569	2	5.51
ἅλς	salt.n.02	0.992284477	2	6.35
ἅλς	salt.n.02	0.989681304	2	4.54
ἅλς	salt.n.02	0.984881282	2	3.85
ἅλς	salt.n.02	0.961873531	2	4.2
ἅλς	salt.n.02	0.962742448	2	5.21
ἅλς	sea.n.01	0.99916625	1	3.78
ἅλς	salt.n.02	0.947994709	2	3.07
ἅλς	salt.n.02	0.992570579	2	4.91
ἅλς	salt.n.02	0.995785773	2	5.58
ἅλς	sea.n.01	0.996863723	1	3.96
ἅλς	salt.n.02	0.908469439	2	4.08
ἅλς	salt.n.02	0.995096982	2	4.41
ἅλς	salt.n.02	0.98788017	2	4.66
ἅλς	salt.n.02	0.987499416	2	4.03
ἅλς	salt.n.02	0.990612328	2	5.41
ἅλς	sea.n.01	0.997151554	1	4.52
ἅλς	salt.n.02	0.649324954	2	2.01
ἅλς	salt.n.02	0.654602885	2	5.03
ἅλς	sea.n.01	0.9950369	1	2.89
ἅλς	salt.n.02	0.975247264	2	5.43
ἅλς	sea.n.01	0.993049145	1	1.64
ἅλς	salt.n.02	0.863225162	2	2.91
ἅλς	salt.n.02	0.977403104	2	5.28
ἅλς	salt.n.02	0.732959151	2	2.09
ἅλς	salt.n.02	0.952385008	2	5.92
ἅλς	vinegar.n.01	0.939142227	NA	0.34
ἅλς	salt.n.02	0.976610661	2	4.21
ἅλς	salt.n.02	0.942932427	2	3.14
ἅλς	sea.n.01	0.996137798	1	3.56
ἅλς	salt.n.02	0.984896064	2	6.34
ἅλς	wave.n.01	0.799115181	NA	0.49
ἅλς	salt.n.02	0.988080084	2	5.53
ἅλς	salt.n.04	0.480138272	NA	5.71
ἅλς	salt.n.02	0.953144968	2	5.87
ἅλς	salt.n.02	0.968297839	2	4.62
ἅλς	sea.n.01	0.989050984	1	3.65
ἅλς	salt.n.02	0.903875589	2	4.83
ἅλς	salt.n.02	0.990974605	2	1.4
ἅλς	salt.n.02	0.901933968	2	3.32
ἅλς	salt.n.02	0.939062417	2	4.97
ἅλς	salt.n.02	0.611586094	2	4.01
ἅλς	salt.n.02	0.769305527	2	2.58
ἅλς	salt.n.02	0.950201511	2	3.97
ἅλς	salt.n.02	0.381262869	2	3.6
ἅλς	salt.n.02	0.451502532	2	5.93
ἅλς	salt.n.02	0.732802629	2	6.68
ἅλς	salt.n.01	0.742497683	2	4.61
ἅλς	whirlpool.n.01	None	NA	1.34
ἅλς	sea.n.01	0.98923701	1	3.74
ἅλς	sea.n.01	0.997122109	1	3.47
ἅλς	sea.n.01	0.997595608	1	4.2
ἅλς	sea.n.01	0.994491696	1	2.34
ἅλς	ocean.n.01	0.980584383	1	2.39
ἅλς	sea.n.01	0.996109784	1	5.72
ἅλς	ocean.n.01	0.987552762	1	2.34
ἅλς	sea.n.01	0.894265831	1	4.15
ἅλς	sea.n.01	0.998164117	1	5.01
ἅλς	sea.n.01	0.997909129	1	3.48
ἅλς	sea.n.01	0.925047755	1	2.23
ἅλς	salt.n.02	0.785402656	2	4.5
ἅλς	sea.n.01	0.997096777	1	4.47
ἅλς	salt.n.02	0.990939617	2	4.14
ἅλς	salt.n.02	0.982834458	2	5.56
ἅλς	salt.n.02	0.908886969	2	5.82
ἅλς	salt.n.02	0.849033296	2	2.39
ἅλς	salt.n.02	0.637215734	2	4.7
ἅλς	salt.n.01	0.578318	2	3.72
ἅλς	salt.n.02	0.573281825	2	5.07
ἅλς	salt.n.02	0.512913525	2	3.87
ἅλς	salt.n.01	0.51586616	2	3.01
ἅλς	salt.n.02	0.724132717	2	4.2
ἅλς	salt.n.01	0.321354598	2	6.41
ἅλς	salt.n.02	0.604361773	2	4.42
ἅλς	salt.n.02	0.579518199	2	4.97
ἅλς	salt.n.02	0.536338806	2	2.61
ἅλς	salt.n.02	0.821368456	2	2.42
ἅλς	seashore.n.01	0.990188777	NA	2.82
ἅλς	salt.n.02	0.989493608	2	3.63
ἅλς	salt.n.02	0.96472168	2	4.47
ἅλς	sea.n.01	0.980092764	1	2.83
ἅλς	sea.n.01	0.997213542	1	3.49
ἅλς	salt.n.02	0.900182664	2	3.54
ἅλς	sea.n.01	0.987711966	1	2.72
ἅλς	sea.n.01	0.992622137	1	4.25
ἅλς	sea.n.01	0.997400045	1	5.04
ἅλς	depth.n.01	0.558631599	NA	3.36
ἅλς	sea.n.01	0.998558104	1	4.3
ἅλς	sea.n.01	0.99793613	1	4.02
ἅλς	water.n.01	0.94175452	NA	1.88
ἅλς	sea.n.01	0.99714309	1	3.12
ἅλς	sea.n.01	0.99443543	1	2.72
ἅλς	depth.n.03	0.596540093	NA	2.86
ἅλς	sea.n.01	0.993899226	1	2.65
ἅλς	sea.n.01	0.994251728	1	4.79
ἅλς	sea.n.01	0.985859931	1	3.46
ἅλς	sea.n.01	0.880303025	1	2.61
ἅλς	sea.n.01	0.991425157	1	3.79
ἅλς	sea.n.01	0.993185282	1	2.49
ἅλς	sea.n.01	0.995999694	1	4.82
ἅλς	water.n.01	0.83773005	NA	1.27
ἅλς	sea.n.01	0.996124208	1	4.57
ἅλς	sea.n.01	0.9814834	1	2.66
ἅλς	sea.n.01	0.982209682	1	3.98
ἅλς	sea.n.01	0.997544587	1	3.77
ἅλς	sea.n.01	0.996668756	1	3.88
ἅλς	salt.n.01	0.81890732	2	4.98
ἅλς	sea.n.01	0.99561429	1	3.26
ἅλς	sea.n.01	0.998247862	1	4.04
ἅλς	sea.n.01	0.989511311	1	3.42
ἅλς	sea.n.01	0.89777571	1	4.7
ἅλς	water.n.01	0.83985275	NA	2.2
ἅλς	sea.n.01	0.999050438	1	3.44
ἅλς	salt.n.02	0.604165673	2	6.56
ἅλς	sea.n.01	0.988951147	1	1.83
ἅλς	sea.n.01	0.991734266	1	4.52
ἅλς	sea.n.01	0.99785322	1	4.77
ἅλς	sea.n.01	0.997117162	1	3.81
ἅλς	sea.n.01	0.994521737	1	3.84
ἅλς	sea.n.01	0.996956587	1	3.8
ἅλς	sea.n.01	0.984377921	1	2.72
ἅλς	seawater.n.01	0.908217371	3	3.96
ἅλς	sea.n.01	0.980051517	1	3.36
ἅλς	sea.n.01	0.997266173	1	4.81
ἅλς	sea.n.01	0.833766818	1	1.33
ἅλς	sea.n.01	0.982580245	1	3.61
ἅλς	sea.n.01	0.990924597	1	3.75
ἅλς	salt.n.02	0.853951991	2	5.21
ἅλς	sea.n.01	0.999158978	1	1.5
ἅλς	wave.n.01	0.968289316	NA	0.64
ἅλς	sea.n.01	0.997858226	1	3.33
ἅλς	body_of_water.n.01	0.905994356	1	2.38
ἅλς	sea.n.01	0.999509096	1	3.54
ἅλς	sea.n.01	0.994830549	1	3.68
ἅλς	sea.n.01	0.996692896	1	2.42
ἅλς	sea.n.01	0.990338743	1	5.21
ἅλς	sea.n.01	0.990338743	1	2.54
ἅλς	sea.n.01	0.996876359	1	4.13
ἅλς	body_of_water.n.01	0.730489373	1	1.95
ἅλς	sea.n.01	0.990696192	1	1.18
ἅλς	sea.n.01	0.999199331	1	3.42
ἅλς	isle.n.01	None	NA	1.64
ἅλς	water.n.01	0.80328846	NA	1.33
ἅλς	shore.n.01	0.999866247	NA	1.07
ἅλς	deep.n.03	0.974347889	1	2.44
ἅλς	sea.n.01	0.998910069	1	2.89
ἅλς	sea.n.01	0.999637365	1	1.89
ἅλς	sailor.n.01	0.654767871	NA	1.33
ἅλς	sea.n.01	0.998231828	1	4.49
ἅλς	shore.n.01	0.999836922	NA	2.23
ἅλς	body_of_water.n.01	0.758610249	1	0.96
ἅλς	sea.n.01	0.994462907	1	3.2
ἅλς	sea.n.01	0.941464305	1	1.88
ἅλς	sea.n.01	0.99895668	1	1.4
ἅλς	sea.n.01	0.900991917	1	0.34
ἅλς	sea.n.01	0.999002397	1	1.53
ἅλς	sea.n.01	0.982117593	1	3.48
ἅλς	sea.n.01	0.956897974	1	1.9
ἅλς	sea.n.01	0.997291028	1	1.95
ἅλς	sea.n.01	0.9993186	1	2.19
ἅλς	salt.n.02	0.975673795	2	5.58
ἅλς	sea.n.01	0.986106277	1	4.33
ἅλς	sea.n.01	0.998604715	1	1.27
ἅλς	sea.n.01	0.924612701	1	3.61
ἅλς	sea.n.01	0.998101175	1	2.8
ἅλς	sea.n.01	0.999344409	1	3.16
ἅλς	salt.n.02	0.985160351	2	5.15
ἅλς	salt.n.02	0.968208492	2	6.17
ἅλς	sea.n.01	0.993272543	1	3.83
ἅλς	sea.n.01	0.979305923	1	1.03
ἅλς	sea.n.01	0.997291863	1	3.65
ἅλς	salt.n.02	0.748958468	2	2.89
ἅλς	salt.n.02	0.968945384	2	6.44
ἅλς	salt.n.02	0.966020048	2	6.31
ἅλς	salt.n.02	0.832740307	2	6.13
ἅλς	salt.n.01	0.511469781	2	6.19
ἅλς	salt.n.02	0.986842096	2	4.33
ἅλς	salt.n.02	0.94408375	2	3.07
ἅλς	salt.n.02	0.954187989	2	3.15
ἅλς	salt.n.02	0.904529572	2	4.45
ἅλς	salt.n.02	0.980957925	2	4.9
ἅλς	salt.n.02	0.968809664	2	4.37
ἅλς	salt.n.02	0.970607698	2	4.76
ἅλς	salt.n.02	0.857760012	2	1.07
ἅλς	sea.n.01	0.997825921	1	3.85
ἅλς	sea.n.01	0.989867687	1	2.19
ἅλς	salt.n.02	0.962346971	2	5.07
ἅλς	salt.n.01	0.974596441	2	8.13
ἅλς	salt.n.02	0.953163743	2	3.14
ἅλς	salt.n.01	0.719981611	2	7.36
ἅλς	salt.n.02	0.852394104	2	5.86
ἅλς	salt.n.02	0.96885711	2	4.18
ἅλς	salt.n.02	0.981825829	2	4.97
ἅλς	shore.n.01	0.998844624	NA	3.25
ἅλς	salt.n.02	0.808449507	2	4.38
ἅλς	salt.n.02	0.685856462	2	6.47
ἅλς	salt.n.02	0.856570899	2	5.48
ἅλς	salt.n.04	0.496061951	NA	1.64
ἅλς	salt.n.02	0.918966651	2	6.45
ἅλς	salt.n.02	0.926702976	2	4.2
ἅλς	salt.n.02	0.993540823	2	3.34
ἅλς	salt.n.02	0.974459112	2	4.02
ἅλς	salt.n.02	0.929772854	2	3.38
ἅλς	salt.n.02	0.613155544	2	4.72
ἅλς	salt.n.02	0.944094598	2	5.46
ἅλς	salt.n.02	0.884345531	2	5.58
ἅλς	salt.n.01	0.926044941	2	3.67
ἅλς	salt.n.01	0.856136084	2	4.35
ἅλς	salt.n.01	0.617812812	2	1.8
ἅλς	salt.n.01	0.846036315	2	3.83
ἅλς	salt.n.02	0.66107595	2	4.85
ἅλς	salt.n.02	0.710679352	2	4.92
ἅλς	salt.n.01	0.892681837	2	4.01
ἅλς	salt.n.01	0.601249337	2	5.51
ἅλς	sea.n.01	0.984536111	1	1.49
ἅλς	salt.n.02	0.564708948	2	4.82
ἅλς	salt.n.02	0.784291089	2	5.93
ἅλς	salt.n.02	0.837958634	2	4.96
ἅλς	salt.n.01	0.929735959	2	5.78
ἅλς	salt.n.02	0.759867013	2	4.62
ἅλς	salt.n.02	0.930700123	2	6.24
ἅλς	seawater.n.01	0.507304668	3	5.13
ἅλς	salt.n.01	0.922163904	2	3.92
ἅλς	salt.n.02	0.559456944	2	3.75
ἅλς	sea.n.01	0.996233165	1	3.36
ἅλς	sea.n.01	0.992237151	1	3.33
ἅλς	salt.n.04	0.469898283	NA	4.99
ἅλς	sea.n.01	0.998664618	1	5.1
ἅλς	sea.n.01	0.99119699	1	4.52
ἅλς	sea.n.01	0.997691631	1	3.1
ἅλς	sea.n.01	0.998681724	1	2.56
ἅλς	sea.n.01	0.997014284	1	5.32
ἅλς	sea.n.01	0.996217191	1	3.24
ἅλς	sea.n.01	0.983186841	1	1.4
ἅλς	sea.n.01	0.999041378	1	3.91
ἅλς	sea.n.01	0.998455763	1	3.97
ἅλς	sea.n.01	0.999178469	1	4.25
ἅλς	bedfellow.n.01	0.53537333	NA	2.85
ἅλς	sea.n.01	0.993289948	1	4.3
ἅλς	sea.n.01	0.988290668	1	3.28
ἅλς	salt.n.02	0.990809083	2	4.62
ἅλς	salt.n.04	0.488046169	NA	4.7
ἅλς	seawater.n.01	0.849268496	3	1.2
ἅλς	seaward.n.01	None	1	2.35
ἅλς	sea.n.01	0.986645937	1	3.66
ἅλς	sea.n.01	0.985967696	1	3.76
ἅλς	sea.n.01	0.996765494	1	4.69
ἅλς	salt.n.02	0.876211226	2	5.82
ἅλς	salt.n.02	0.910773456	2	4.06
ἅλς	salt.n.01	0.564500034	2	5.69
ἅλς	salt.n.02	0.775777638	2	5.56
ἅλς	salt.n.02	0.953392863	2	5.2
ἅλς	salt.n.02	0.965762377	2	4.82
ἅλς	salt.n.02	0.988778293	2	6.17
ἅλς	salt.n.02	0.664707541	2	5.21
ἅλς	salt.n.02	0.589957178	2	4.01
ἅλς	salt.n.04	0.535417438	NA	4.02
ἅλς	salt.n.02	0.964230955	2	3.55
ἅλς	salt.n.01	0.591897964	2	5.76
ἅλς	sea.n.01	0.992307007	1	2.33
ἅλς	sea.n.01	0.988872111	1	4.53
ἅλς	sea.n.01	0.998946607	1	4.06
ἅλς	sea.n.01	0.998029649	1	4.73
ἅλς	sea.n.01	0.99828738	1	3.79
ἅλς	sea.n.01	0.997275293	1	4.73
ἅλς	sea.n.01	0.980439842	1	4.04
ἅλς	sea.n.01	0.999108493	1	4.5
ἅλς	sea.n.01	0.989450634	1	2.59
ἅλς	sea.n.01	0.985251546	1	4.58
ἅλς	sea.n.01	0.994623303	1	3.38
ἅλς	shore.n.01	0.999669671	NA	1.77
ἅλς	sea.n.01	0.989348888	1	3.77
ἅλς	sea.n.01	0.999785721	1	2.53
ἅλς	sea.n.01	0.980365276	1	3.2
ἅλς	sea.n.01	0.99937135	1	4.39
ἅλς	sea.n.01	0.980124712	1	5.04
ἅλς	sea.n.01	0.925315857	1	3.99
ἅλς	salt.n.01	0.609137952	2	4.88
ἅλς	sea.n.01	0.995265245	1	4.33
ἅλς	sea.n.01	0.967202902	1	2.92
ἅλς	sea.n.01	0.999007404	1	4.06
ἅλς	salt.n.01	0.912874281	2	5.2
ἅλς	sea.n.01	0.996454	1	3.69
ἅλς	sea.n.01	0.99880445	1	3.3
ἅλς	sea.n.01	0.979875147	1	1.18
ἅλς	sea.n.01	0.910564005	1	2.54
ἅλς	sea.n.01	0.997004092	1	4.77
ἅλς	sea.n.01	0.991138637	1	2.5
ἅλς	sea.n.01	0.998568177	1	3.86
ἅλς	sea.n.01	0.810872734	1	4.39
ἅλς	sea.n.01	0.970030785	1	3.05
ἅλς	sea.n.01	0.995170534	1	2.55
ἅλς	sea.n.01	0.998981535	1	3.03
ἅλς	sea.n.01	0.998332679	1	3.14
ἅλς	sea.n.01	0.998915076	1	3.09
ἅλς	sea.n.01	0.996231377	1	3.2
ἅλς	ocean.n.01	0.982796311	1	1.81
ἅλς	sea.n.01	0.99087286	1	2.42
ἅλς	sea.n.01	0.997264266	1	3.25
ἅλς	sea.n.01	0.994626701	1	3.88
ἅλς	water.n.01	0.986570418	NA	3.2
ἅλς	sea.n.01	0.997830808	1	3.91
ἅλς	sea.n.01	0.997874737	1	4.39
ἅλς	sea.n.01	0.969562352	1	2.65
ἅλς	sea.n.01	0.989967465	1	3.51
ἅλς	sea.n.01	0.9972983	1	4.93
ἅλς	isle.n.01	None	NA	1.43
ἅλς	sea.n.01	0.931993306	1	3.63
ἅλς	sea.n.01	0.998222411	1	3.61
ἅλς	sea.n.01	0.998025894	1	3.34
ἅλς	salt.n.01	0.639877558	2	2.72
ἅλς	sea.n.01	0.9855811	1	3.1
ἅλς	sea.n.01	0.998713613	1	3.84
ἅλς	salt.n.01	0.62268734	2	5.89
ἅλς	sea.n.01	0.99883467	1	2.13
ἅλς	sea.n.01	0.989485621	1	3.95
ἅλς	depth.n.01	0.677047849	NA	4.31
ἅλς	sea.n.01	0.989287376	1	2.65
ἅλς	sea.n.01	0.999468505	1	2.53
ἅλς	sea.n.01	0.996593416	1	3.74
ἅλς	sea.n.01	0.998475969	1	5.42
ἅλς	sea.n.01	0.998265207	1	3.42
ἅλς	sea.n.01	0.998255789	1	4.15
ἅλς	sea.n.01	0.991765201	1	3.27
ἅλς	sea.n.01	0.999688506	1	2.37
ἅλς	salt.n.02	0.833877325	2	5.55
ἅλς	salt.n.02	0.886164606	2	5.28
ἅλς	salt.n.02	0.806368589	2	3.6
ἅλς	salt.n.02	0.912322044	2	6.06
ἅλς	salt.n.02	0.741775215	2	4.42
ἅλς	salt.n.02	0.927314937	2	5.17
ἅλς	salt.n.02	0.494497508	2	4.28
ἅλς	salt.n.01	0.650186181	2	4.79
ἅλς	sea.n.01	0.998728693	1	3.26
ἅλς	salt.n.02	0.929565489	2	4.2
ἅλς	salt.n.01	0.670152724	2	4.45
ἅλς	sea.n.01	0.984961987	1	2.84
ἅλς	sea.n.01	0.99282527	1	2.06
ἅλς	salt.n.02	0.728008151	2	4.12
ἅλς	sea.n.01	0.997807682	1	3.54
ἅλς	salt.n.02	0.985986114	2	4.13
ἅλς	sea.n.01	0.987548351	1	2.35
ἅλς	salt.n.01	0.551149666	2	2.47
ἅλς	salt.n.02	0.881399155	2	4.77
ἅλς	salt.n.02	0.942454338	2	3.97
ἅλς	salt.n.02	0.930310071	2	5.24
ἅλς	salt.n.02	0.930310071	2	6.36
ἅλς	seawater.n.01	0.86051321	3	3.69
ἅλς	sea.n.01	0.691069067	1	2.41
ἅλς	sea.n.01	0.988886535	1	3.14
ἅλς	sea.n.01	0.994032681	1	4.5
ἅλς	sea.n.01	0.989855528	1	1.79
ἅλς	sea.n.01	0.993712485	1	2.3
ἅλς	body_of_water.n.01	0.653079093	1	2.16
ἅλς	seawater.n.01	0.938962698	3	3.77
ἅλς	salt.n.02	0.851265728	2	4.67
ἅλς	salt.n.02	0.649024785	2	5.67
ἅλς	sea.n.01	0.998257458	1	1.55
ἅλς	salt.n.02	0.758076191	2	4.93
ἅλς	salt.n.02	0.98045224	2	2.79
ἅλς	salt.n.02	0.67386812	2	5.08
ἅλς	salt.n.02	0.739144862	2	5.37
ἅλς	salt.n.02	0.853550911	2	6.04
ἅλς	salt.n.02	0.971702337	2	5.91
ἅλς	salt.n.02	0.876579702	2	6.11
ἅλς	salt.n.02	0.967387736	2	3.53
ἅλς	salt.n.01	0.649504721	2	5.95
ἅλς	salt.n.02	0.919143379	2	4.97
ἅλς	salt.n.02	0.621412277	2	5.66
ἅλς	salt.n.02	0.92954284	2	5.29
ἅλς	salt.n.02	0.686738312	2	3.04
ἅλς	salt.n.01	0.559171498	2	6.74
ἅλς	sea.n.01	0.981805265	1	4.19
ἅλς	sea.n.01	0.699566662	1	2.6
ἅλς	salt.n.02	0.987344682	2	0.55
ἅλς	salt.n.02	0.791159511	2	3.79
ἅλς	salt.n.02	0.981894195	2	6.25
ἅλς	salt.n.02	0.895860732	2	6.22
ἅλς	salt.n.02	0.980446041	2	5.33
ἅλς	salt.n.02	0.993385494	2	3.9
ἅλς	salt.n.02	0.986896455	2	6.47
ἅλς	salt.n.02	0.976435602	2	7.05
ἅλς	salt.n.02	0.740685463	2	0.51
ἅλς	salt.n.02	0.675043583	2	4.65
ἅλς	salt.n.02	0.96527493	2	5.85
ἅλς	salt.n.02	0.601457298	2	6.17
ἅλς	sea.n.01	0.999062479	1	1.42
ἅλς	salt.n.02	0.989569545	2	4.31
ἅλς	salt.n.02	0.960176408	2	4.28
ἅλς	salt.n.02	0.991197526	2	3.56
ἅλς	salt.n.02	0.993409276	2	4.5
ἅλς	salt.n.02	0.972819984	2	3.05
ἅλς	salt.n.02	0.972819984	2	2.17
ἅλς	salt.n.01	0.889652669	2	2.01
ἅλς	salt.n.01	0.592471778	2	5.25
ἅλς	sea.n.01	0.999273002	1	2.79
ἅλς	salt.n.01	0.604239523	2	3.6
ἅλς	salt.n.02	0.915767312	2	5.16
ἅλς	salt.n.02	0.575745165	2	4.01
ἅλς	salt.n.02	0.605163574	2	5.63
ἅλς	salt.n.02	0.665803432	2	4.97
ἅλς	salt.n.02	0.700413704	2	4.42
ἅλς	salt.n.01	0.752353191	2	1.29
ἅλς	sea.n.01	0.998824298	1	4.21
ἅλς	sea.n.01	0.998176455	1	5.72
ἅλς	sea.n.01	0.998266399	1	2.09
ἅλς	sea.n.01	0.999718964	1	2.09
ἅλς	salt.n.02	0.887865305	2	4.63
ἅλς	salt.n.01	0.553600609	2	5.36
ἅλς	salt.n.02	0.689014494	2	4.98
ἅλς	salt.n.02	0.541637599	2	4.1
ἅλς	salt.n.02	0.729076862	2	5.99
ἅλς	salt.n.01	0.517335653	2	5.59
ἅλς	sea.n.01	0.997611165	1	2.2
ἅλς	sea.n.01	0.999514461	1	4.52
ἅλς	sea.n.01	0.999432027	1	4.66
ἅλς	salt.n.02	0.977966011	2	5.63
ἅλς	salt.n.02	0.581391215	2	3.34
ἅλς	salt.n.02	0.99180752	2	4.89
ἅλς	salt.n.02	0.653744102	2	5.07
ἅλς	salt.n.01	0.833131671	2	3.8
ἅλς	salt.n.01	0.912278235	2	4.54
ἅλς	salt.n.02	0.949936688	2	4.2
ἅλς	salt.n.02	0.944939017	2	5.08
ἅλς	salt.n.02	0.989476204	2	4.27
ἅλς	salt.n.02	0.918982744	2	5
ἅλς	salt.n.02	0.942428172	2	4.65
ἅλς	salt.n.02	0.730651617	2	5.26
ἅλς	salt.n.02	0.995202303	2	5.94
ἅλς	salt.n.02	0.93824327	2	1.37
ἅλς	salt.n.02	0.990108371	2	6.25
ἅλς	salt.n.02	0.644146144	2	8.22
ἅλς	salt.n.02	0.961574078	2	6.31
ἅλς	salt.n.02	0.654987156	2	7.77
ἅλς	salt.n.02	0.944441199	2	2.81
ἅλς	salt.n.02	0.928683102	2	3.92
ἅλς	salt.n.02	0.934047222	2	3.75
ἅλς	salt.n.02	0.994809747	2	6.19
ἅλς	salt.n.02	0.991373956	2	5.08
ἅλς	salt.n.02	0.984724164	2	4.81
ἅλς	salt.n.02	0.989375591	2	3.39
ἅλς	water.n.01	0.977337718	NA	1.55
ἅλς	salt.n.02	0.774964631	2	6.13
ἅλς	salt.n.02	0.984349549	2	5.5
ἅλς	salt.n.02	0.874605417	2	4.1
ἅλς	salt.n.02	0.977831006	2	5.4
ἅλς	salt.n.02	0.954163313	2	3.87
ἅλς	salt.n.02	0.989370704	2	2.03
ἅλς	salt.n.02	0.864880025	2	3.64
ἅλς	salt.n.02	0.918944597	2	3.32
ἅλς	salt.n.02	0.904516876	2	4.37
ἅλς	salt.n.02	0.993032575	2	5.67
ἅλς	salt.n.02	0.972765923	2	6.79
ἅλς	salt.n.02	0.880693376	2	6.15
ἅλς	salt.n.02	0.97711587	2	3.17
ἅλς	salt.n.02	0.813762009	2	6.19
ἅλς	salt.n.02	0.994926214	2	3.31
ἅλς	salt.n.02	0.990320861	2	3.84
ἅλς	salt.n.02	0.972310424	2	5.68
ἅλς	salt.n.02	0.957930386	2	3.92
ἅλς	salt.n.02	0.878428221	2	6.22
ἅλς	salt.n.02	0.985444009	2	5.87
ἅλς	salt.n.02	0.870159924	2	3.12
ἅλς	salt.n.02	0.976343334	2	4.62
ἅλς	salt.n.02	0.95560962	2	6.94
ἅλς	salt.n.02	0.927371681	2	6.11
ἅλς	salt.n.02	0.940075755	2	6.2
ἅλς	salt.n.02	0.958532631	2	6.36
ἅλς	salt.n.02	0.86654669	2	4.58
ἅλς	salt.n.02	0.880742192	2	5.7
ἅλς	salt.n.02	0.873317719	2	5.67
ἅλς	salt.n.02	0.82137233	2	3.83
ἅλς	salt.n.02	0.978405714	2	2.39
ἅλς	salt.n.02	0.979422271	2	4.7
ἅλς	salt.n.02	0.835346997	2	5.37
ἅλς	salt.n.02	0.883259118	2	3.38
ἅλς	salt.n.02	0.852270424	2	4.67
ἅλς	salt.n.01	0.95892328	2	7.99
ἅλς	salt.n.01	0.967649639	2	3.7
ἅλς	salt.n.02	0.98773706	2	5.51
ἅλς	salt.n.02	0.543359399	2	4.57
ἅλς	salt.n.02	0.958578885	2	2.11
ἅλς	salt.n.02	0.952683628	2	5.15
ἅλς	salt.n.02	0.959575713	2	4.63
ἅλς	salt.n.02	0.889922798	2	4.38
ἅλς	salt.n.02	0.974230766	2	4.19
ἅλς	salt.n.02	0.972498417	2	3.88
ἅλς	salt.n.02	0.943439245	2	5.62
ἅλς	salt.n.02	0.978504896	2	5.12
ἅλς	salt.n.02	0.993978143	2	4.46
ἅλς	salt.n.02	0.81005609	2	6.72
ἅλς	salt.n.01	0.498802423	2	6
ἅλς	salt.n.02	0.781425655	2	3.61
ἅλς	salt.n.01	0.921220601	2	6.33
ἅλς	salt.n.02	0.832220197	2	5.02
ἅλς	salt.n.01	0.54716897	2	6.09
ἅλς	salt.n.02	0.829774916	2	3.44
ἅλς	salt.n.02	0.977450252	2	4.87
ἅλς	salt.n.02	0.785782278	2	4.77
ἅλς	salt.n.02	0.64965111	2	3.67
ἅλς	salt.n.01	0.936456203	2	5.85
ἅλς	salt.n.02	0.851090431	2	5.47
ἅλς	salt.n.02	0.617409348	2	5.69
ἅλς	salt.n.01	0.890244722	2	6.52
ἅλς	salt.n.02	0.964991927	2	2.91
ἅλς	salt.n.02	0.649513423	2	5.46
ἅλς	salt.n.02	0.672387481	2	6.12
ἅλς	salt.n.02	0.876982689	2	5.4
ἅλς	salt.n.02	0.627415836	2	5.21
ἅλς	salt.n.01	0.928483844	2	3.85
ἅλς	salt.n.02	0.697567165	2	5.02
ἅλς	salt.n.01	0.507812977	2	4.33
ἅλς	salt.n.02	0.943595171	2	1.98
ἅλς	salt.n.02	0.578694522	2	5.1
ἅλς	salt.n.01	0.895938993	2	6
ἅλς	salt.n.02	0.718849599	2	4.01
ἅλς	salt.n.01	0.526174128	2	4.51
ἅλς	sea.n.01	0.999352038	1	3.87
ἅλς	salt.n.02	0.922117114	2	3.67
ἅλς	salt.n.02	0.932767332	2	4.82
ἅλς	salt.n.02	0.974481642	2	3.1
ἅλς	salt.n.02	0.636271954	2	1.71
ἅλς	salt.n.02	0.961855829	2	6.33
ἅλς	salt.n.02	0.986722112	2	4.66
ἅλς	salt.n.02	0.932516277	2	6.28
ἅλς	water.n.01	0.72066623	NA	1.74
ἅλς	salt.n.02	0.941356957	2	5.74
χειμών	storm.n.01	0.997532487	2	5.06
χειμών	winter.n.01	None	1	6.71
χειμών	storm.n.01	0.989949703	2	3.37
χειμών	gale.n.01	None	2	2.39
χειμών	weather.n.01	None	3	2.69
χειμών	winter.n.01	None	1	4.27
χειμών	storm.n.01	0.999144197	2	3.81
χειμών	tempest.n.02	0.787174463	2	3.9
χειμών	winter.n.01	None	1	5.82
χειμών	winter.n.01	None	1	5.53
χειμών	winter.n.01	None	1	4.89
χειμών	winter.n.01	None	1	5.42
χειμών	weather.n.01	None	3	3.01
χειμών	winter.n.01	None	1	5.15
χειμών	winter.n.01	None	1	7.53
χειμών	tempest.n.02	0.831380725	2	3.72
χειμών	tempest.n.02	0.795620739	2	3.71
χειμών	storm.n.02	0.582995653	4	4.11
χειμών	storm.n.01	0.998146057	2	3.26
χειμών	winter.n.01	None	1	7.39
χειμών	winter.n.01	None	1	5.35
χειμών	weather.n.01	None	3	1.75
χειμών	winter.n.01	None	1	5.23
χειμών	winter.n.01	None	1	5.41
χειμών	winter.n.01	None	1	5.38
χειμών	winter.n.01	None	1	5.39
χειμών	storm.n.01	0.999357045	2	4.01
χειμών	winter.n.01	None	1	5.32
χειμών	winter.n.01	None	1	5.67
χειμών	weather.n.01	None	3	2.96
χειμών	winter.n.01	None	1	5.36
χειμών	winter.n.01	None	1	4.96
χειμών	winter.n.01	None	1	7.65
χειμών	tempest.n.02	0.967837512	2	3.54
χειμών	winter.n.01	None	1	5.61
χειμών	winter.n.01	None	1	6.93
χειμών	winter.n.01	None	1	4.38
χειμών	storm.n.01	0.649717987	2	4.76
χειμών	tempest.n.02	0.526794195	2	3.9
χειμών	wind.n.01	0.976335108	2	1.34
χειμών	tempest.n.02	0.980315864	2	3.89
χειμών	ditch.n.01	0.931190252	NA	0.8
χειμών	storm.n.01	0.998031676	2	4.11
χειμών	winter.n.01	None	1	5.19
χειμών	winter.n.01	None	1	6.06
χειμών	winter.n.01	None	1	5.96
χειμών	storm.n.01	0.998515904	2	3.89
χειμών	storm.n.01	0.99602747	2	4.08
χειμών	winter.n.01	None	1	5.37
χειμών	spring.n.01	0.998126566	NA	2.89
χειμών	weather.n.01	None	3	1.62
χειμών	winter.n.01	None	1	5.06
χειμών	winter.n.01	None	1	7.21
χειμών	winter.n.01	None	1	4.75
χειμών	wind.n.01	0.993444204	2	3.75
χειμών	winter.n.01	None	1	4.98
χειμών	winter.n.01	None	1	6.04
χειμών	winter.n.01	None	1	5.72
χειμών	winter.n.01	None	1	5.62
χειμών	winter.n.01	None	1	5.02
χειμών	tempest.n.02	0.699799478	2	3.66
χειμών	storm.n.01	0.997883737	2	3.42
χειμών	storm.n.01	0.999061167	2	4.08
χειμών	winter.n.01	None	1	6.31
χειμών	tempest.n.02	0.954648256	2	4.62
χειμών	winter.n.01	None	1	7
χειμών	winter.n.01	None	1	6.07
χειμών	storm.n.01	0.998639524	2	4.2
χειμών	winter.n.01	None	1	5.2
χειμών	storm.n.01	0.997607231	2	4.3
χειμών	winter.n.01	None	1	5.32
χειμών	winter.n.01	None	1	5.62
χειμών	tempest.n.02	0.876211226	2	3.04
χειμών	winter.n.01	None	1	4.85
χειμών	winter.n.01	None	1	7.08
χειμών	winter.n.01	None	1	5.3
χειμών	winter.n.01	None	1	3.7
χειμών	winter.n.01	None	1	6.23
χειμών	winter.n.01	None	1	6.37
χειμών	storm.n.01	0.997639418	2	3.96
χειμών	winter.n.01	None	1	3.31
χειμών	winter.n.01	None	1	5.39
χειμών	winter.n.01	None	1	5.11
χειμών	winter.n.01	None	1	5.87
χειμών	winter.n.01	None	1	3.38
χειμών	storm.n.01	0.998534441	2	4.11
χειμών	tempest.n.02	0.892832696	2	3.97
χειμών	weather.n.01	None	3	4.52
χειμών	weather.n.01	None	3	3.42
χειμών	storm.n.01	0.99236989	2	3.76
χειμών	storm.n.01	0.979750156	2	5.1
χειμών	storm.n.01	0.905148029	2	3.32
χειμών	winter.n.01	None	1	5.3
χειμών	winter.n.01	None	1	5.17
χειμών	winter.n.01	None	1	8.04
χειμών	winter.n.01	None	1	5.08
χειμών	winter.n.01	None	1	7.06
χειμών	winter.n.01	None	1	5.12
χειμών	winter.n.01	None	1	7.74
χειμών	winter.n.01	None	1	5.27
χειμών	winter.n.01	None	1	5.94
χειμών	winter.n.01	None	1	4.59
χειμών	winter.n.01	None	1	5.63
χειμών	winter.n.01	None	1	5.14
χειμών	storm.n.01	0.992279053	2	3.81
χειμών	winter.n.01	None	1	6.7
χειμών	winter.n.01	None	1	3.83
χειμών	coldness.n.03	0.773561716	3	3.03
χειμών	storm.n.01	0.998754501	2	3.79
χειμών	winter.n.01	None	1	6.85
χειμών	storm.n.01	0.998504162	2	3.75
χειμών	winter.n.01	None	1	5.23
χειμών	storm.n.01	0.983058035	2	4.3
χειμών	winter.n.01	None	1	5.52
χειμών	storm.n.01	0.983268619	2	3.84
χειμών	winter.n.01	None	1	5.37
χειμών	storm.n.01	0.968640208	2	3.56
χειμών	tempest.n.02	0.923552394	2	4.11
χειμών	winter.n.01	None	1	5.01
χειμών	summer.n.01	0.995850563	NA	1.77
χειμών	storm.n.01	0.986388266	2	2.56
χειμών	winter.n.01	None	1	5.31
χειμών	winter.n.01	None	1	6.4
χειμών	storm.n.01	0.995593727	2	5.25
χειμών	storm.n.01	0.994680583	2	4.27
χειμών	storm.n.01	0.997939289	2	5.71
χειμών	winter.n.01	None	1	5.51
χειμών	storm.n.01	0.952614307	2	1.81
χειμών	storm.n.01	0.999471962	2	3.23
χειμών	storm.n.02	0.724094689	4	4.79
χειμών	storm.n.01	0.976658285	2	4.33
χειμών	winter.n.01	None	1	4.72
χειμών	winter.n.01	None	1	6.07
χειμών	winter.n.01	None	1	3.99
χειμών	winter.n.01	None	1	4.69
χειμών	winter.n.01	None	1	5.99
χειμών	storm.n.01	0.526428103	2	2.51
χειμών	weather.n.01	None	3	0.84
χειμών	winter.n.01	None	1	4.8
χειμών	winter.n.01	None	1	5.08
χειμών	storm.n.01	0.998838961	2	4.7
χειμών	winter.n.01	None	1	7.76
χειμών	tempest.n.02	0.96572268	2	3.41
χειμών	storm.n.01	0.998814106	2	4.93
χειμών	winter.n.01	None	1	6.11
χειμών	winter.n.01	None	1	5.66
χειμών	tempest.n.02	0.602208734	2	3.72
χειμών	winter.n.01	None	1	3.46
χειμών	storm.n.01	0.997632742	2	3.95
χειμών	tempest.n.02	0.637338161	2	2.47
χειμών	storm.n.01	0.995131016	2	3.46
χειμών	storm.n.01	0.96532917	2	4.08
χειμών	storm.n.01	0.993880868	2	4.44
χειμών	winter.n.01	None	1	4.63
χειμών	winter.n.01	None	1	6.11
χειμών	storm.n.01	0.997139096	2	4.66
χειμών	winter.n.01	None	1	7.58
χειμών	winter.n.01	None	1	4.84
χειμών	storm.n.02	0.757041991	4	3.69
χειμών	storm.n.01	0.996534109	2	5.64
χειμών	winter.n.01	None	1	4.76
χειμών	storm.n.01	0.998009503	2	4.33
χειμών	tempest.n.02	0.919799685	2	4.38
χειμών	winter.n.01	None	1	2.91
χειμών	winter.n.01	None	1	5.26
χειμών	winter.n.01	None	1	6.82
χειμών	winter.n.01	None	1	8.01
χειμών	winter.n.01	None	1	5.38
χειμών	winter.n.01	None	1	6.55
χειμών	winter.n.01	None	1	4.26
χειμών	winter.n.01	None	1	5.08
χειμών	storm.n.01	0.996123135	2	6.85
χειμών	storm.n.01	0.998123109	2	4.72
χειμών	storm.n.01	0.997887552	2	5.65
χειμών	winter.n.01	None	1	4.6
χειμών	storm.n.01	0.998487353	2	6.8
χειμών	winter.n.01	None	1	6.49
χειμών	storm.n.01	0.99430263	2	3.79
χειμών	winter.n.01	None	1	5.68
χειμών	winter.n.01	None	1	6.24
χειμών	winter.n.01	None	1	5.36
χειμών	storm.n.01	0.996945322	2	3.66
χειμών	storm.n.01	0.998249173	2	4.7
χειμών	winter.n.01	None	1	5.42
χειμών	winter.n.01	None	1	7.18
χειμών	winter.n.01	None	1	5.99
χειμών	tempest.n.02	0.780811429	2	4.34
χειμών	winter.n.01	None	1	4.85
χειμών	storm.n.01	0.996449351	2	4.48
χειμών	storm.n.02	0.502418816	4	2.91
χειμών	winter.n.01	None	1	6.03
χειμών	storm.n.01	0.99892813	2	4.7
χειμών	winter.n.01	None	1	4.85
χειμών	winter.n.01	None	1	4.14
χειμών	storm.n.01	0.99933064	2	3.39
χειμών	storm.n.01	0.997827709	2	3.99
χειμών	winter.n.01	None	1	4.65
χειμών	storm.n.01	0.998374939	2	4.19
χειμών	winter.n.01	None	1	6.35
χειμών	winter.n.01	None	1	5.31
χειμών	winter.n.01	None	1	4.5
χειμών	winter.n.01	None	1	5.95
χειμών	winter.n.01	None	1	6.18
χειμών	weather.n.01	None	3	4.39
χειμών	winter.n.01	None	1	6.85
χειμών	storm.n.01	0.992352426	2	3.91
χειμών	storm.n.01	0.998432815	2	5.25
χειμών	winter.n.01	None	1	6.65
χειμών	winter.n.01	None	1	5.47
χειμών	storm.n.01	0.987677395	2	4.66
χειμών	winter.n.01	None	1	5.55
χειμών	storm.n.01	0.994967997	2	5.9
χειμών	winter.n.01	None	1	7.02
χειμών	winter.n.01	None	1	5.1
χειμών	winter.n.01	None	1	5.67
χειμών	storm.n.01	0.99635613	2	4.73
χειμών	storm.n.01	0.997746646	2	4.66
χειμών	cold_weather.n.01	None	3	3.24
χειμών	winter.n.01	None	1	6.43
χειμών	winter.n.01	None	1	4.96
χειμών	storm.n.01	0.994876921	2	4.16
χειμών	winter.n.01	None	1	3.93
χειμών	winter.n.01	None	1	6.28
χειμών	winter.n.01	None	1	5.28
χειμών	storm.n.01	0.997588754	2	4.78
χειμών	storm.n.01	0.99797374	2	3.56
χειμών	winter.n.01	None	1	5.2
χειμών	winter.n.01	None	1	2.84
χειμών	winter.n.01	None	1	6.97
χειμών	winter.n.01	None	1	3.79
χειμών	winter.n.01	None	1	6.45
χειμών	winter.n.01	None	1	5.29
χειμών	storm.n.01	0.998918056	2	3.3
χειμών	storm.n.01	0.997535586	2	3.2
χειμών	storm.n.01	0.994748056	2	3.45
χειμών	storm.n.02	0.716960013	4	5.54
χειμών	winter.n.01	None	1	5.53
χειμών	storm.n.02	0.863482475	4	4.6
χειμών	winter.n.01	None	1	5.67
χειμών	winter.n.01	None	1	5.33
χειμών	winter.n.01	None	1	5.52
χειμών	wind.n.01	0.988137662	2	0.67
χειμών	wind.n.01	0.9872334	2	1.55
χειμών	winter.n.01	None	1	5.31
χειμών	tempest.n.02	0.592785716	2	5.25
χειμών	tempest.n.02	0.911216378	2	3.87
χειμών	storm.n.01	0.727131069	2	2.85
χειμών	storm.n.02	0.510929644	4	3.44
χειμών	storm.n.01	0.964088023	2	2.5
χειμών	storm.n.01	0.999090433	2	3.25
χειμών	storm.n.01	0.97725451	2	4.86
χειμών	storm.n.01	0.997357666	2	3.95
χειμών	storm.n.01	0.998988211	2	3.96
χειμών	storm.n.01	0.998854399	2	3.41
χειμών	tempest.n.02	0.964289725	2	3.73
χειμών	storm.n.01	0.994477093	2	3.29
χειμών	storm.n.01	0.997344434	2	2.88
χειμών	storm.n.01	0.964695573	2	3.42
χειμών	storm.n.01	0.834259629	2	3.91
χειμών	hurricane.n.01	None	2	3.77
χειμών	fall.n.01	None	NA	4.65
χειμών	winter.n.01	None	1	8.02
χειμών	winter.n.01	None	1	3.62
χειμών	storm.n.01	0.977032542	2	3.07
χειμών	tempest.n.02	0.909608245	2	2.99
χειμών	tempest.n.02	0.909608245	2	2.69
χειμών	storm.n.01	0.874560177	2	5.49
χειμών	storm.n.02	0.764012277	4	1.95
χειμών	storm.n.01	0.98517555	2	4.03
χειμών	storm.n.01	0.751290858	2	3.23
χειμών	storm.n.01	0.997272074	2	4.92
χειμών	winter.n.01	None	1	5.3
χειμών	storm.n.01	0.998949826	2	2.73
χειμών	storm.n.01	0.999539495	2	1.94
χειμών	winter.n.01	None	1	6.45
χειμών	winter.n.01	None	1	4.52
χειμών	winter.n.01	None	1	6.19
χειμών	winter.n.01	None	1	3.36
χειμών	winter.n.01	None	1	4.55
χειμών	winter.n.01	None	1	5.96
χειμών	winter.n.01	None	1	6.98
χειμών	winter.n.01	None	1	5.59
χειμών	winter.n.01	None	1	6.74
χειμών	winter.n.01	None	1	4.36
χειμών	winter.n.01	None	1	5.31
χειμών	winter.n.01	None	1	5.01
χειμών	storm.n.02	0.661657512	4	4.86
χειμών	tempest.n.02	0.639639676	2	2.69
χειμών	storm.n.01	0.999171495	2	3.88
χειμών	winter.n.01	None	1	5.25
χειμών	winter.n.01	None	1	3.18
χειμών	winter.n.01	None	1	5.5
χειμών	winter.n.01	None	1	4.72
χειμών	storm.n.01	0.998985827	2	5.46
χειμών	storm.n.01	0.995553672	2	6.35
χειμών	winter.n.01	None	1	5.52
χειμών	storm.n.01	0.999539018	2	6.48
χειμών	storm.n.01	0.999596298	2	5.09
χειμών	storm.n.01	0.998928726	2	5.48
χειμών	storm.n.01	0.997402191	2	4.76
χειμών	storm.n.01	0.999540687	2	5.63
χειμών	storm.n.01	0.998492599	2	4.4
χειμών	storm.n.01	0.998307347	2	4.9
χειμών	winter.n.01	None	1	5.76
χειμών	storm.n.01	0.689379334	2	3.55
χειμών	winter.n.01	None	1	5.41
χειμών	winter.n.01	None	1	5.46
χειμών	winter.n.01	None	1	5.67
χειμών	winter.n.01	None	1	4.78
χειμών	winter.n.01	None	1	5.37
χειμών	storm.n.02	0.634280026	4	3.28
χειμών	winter.n.01	None	1	4.87
χειμών	storm.n.01	0.998796821	2	5.87
χειμών	storm.n.01	0.955681682	2	3.25
χειμών	winter.n.01	None	1	5.77
χειμών	winter.n.01	None	1	5.52
χειμών	winter.n.01	None	1	5.38
χειμών	winter.n.01	None	1	2.65
χειμών	winter.n.01	None	1	4.29
χειμών	storm.n.01	0.999005973	2	2.3
χειμών	storm.n.01	0.999205649	2	7.11
χειμών	winter.n.01	None	1	5.47
χειμών	winter.n.01	None	1	5.06
χειμών	winter.n.01	None	1	2.29
χειμών	winter.n.01	None	1	5.3
χειμών	winter.n.01	None	1	5.18
χειμών	winter.n.01	None	1	5.08
χειμών	winter.n.01	None	1	5.77
χειμών	winter.n.01	None	1	7.69
χειμών	winter.n.01	None	1	6.12
χειμών	winter.n.01	None	1	3.3
χειμών	winter.n.01	None	1	7.12
χειμών	winter.n.01	None	1	4.9
χειμών	winter.n.01	None	1	2.68
χειμών	winter.n.01	None	1	4.98
χειμών	winter.n.01	None	1	5.42
χειμών	winter.n.01	None	1	5.33
χειμών	winter.n.01	None	1	6.33
χειμών	winter.n.01	None	1	4.16
χειμών	winter.n.01	None	1	6.83
χειμών	winter.n.01	None	1	3.87
χειμών	winter.n.01	None	1	5.25
χειμών	winter.n.01	None	1	7.12
χειμών	winter.n.01	None	1	6.97
χειμών	winter.n.01	None	1	5.01
χειμών	winter.n.01	None	1	5.43
χειμών	winter.n.01	None	1	3.27
χειμών	winter.n.01	None	1	5.4
χειμών	winter.n.01	None	1	4.7
χειμών	winter.n.01	None	1	5.26
χειμών	winter.n.01	None	1	4.54
χειμών	winter.n.01	None	1	5.51
χειμών	winter.n.01	None	1	7.77
χειμών	winter.n.01	None	1	4.52
χειμών	winter.n.01	None	1	5.37
χειμών	tempest.n.02	0.755030036	2	2.76
χειμών	storm.n.01	0.991860569	2	3.99
χειμών	winter.n.01	None	1	4.5
χειμών	weather.n.01	None	3	3.34
χειμών	winter.n.01	None	1	3.73
χειμών	winter.n.01	None	1	5.66
χειμών	winter.n.01	None	1	4.6
χειμών	winter.n.01	None	1	5.34
χειμών	winter.n.01	None	1	3.34
χειμών	winter.n.01	None	1	5.45
χειμών	winter.n.01	None	1	4.1
χειμών	midwinter.n.01	None	1	1.76
χειμών	winter.n.01	None	1	4.74
χειμών	storm.n.01	0.99723357	2	3.37
χειμών	storm.n.01	0.995766997	2	4.29
χειμών	storm.n.01	0.998389959	2	2.73
χειμών	winter.n.01	None	1	5.38
χειμών	winter.n.01	None	1	3.96
χειμών	winter.n.01	None	1	5.99
χειμών	winter.n.01	None	1	5.71
χειμών	winter.n.01	None	1	3.57
χειμών	gale.n.01	None	2	1.17
χειμών	squall.n.01	None	2	3.74
χειμών	storm.n.01	0.98407191	2	6.18
χειμών	storm.n.01	0.994677663	2	4.98
χειμών	storm.n.01	0.551901877	2	1.91
χειμών	winter.n.01	None	1	5.38
χειμών	winter.n.01	None	1	5.54
χειμών	storm.n.01	0.99582541	2	6.38
χειμών	winter.n.01	None	1	3.49
χειμών	winter.n.01	None	1	4.47
χειμών	winter.n.01	None	1	5.68
χειμών	storm.n.01	0.987848639	2	3.75
χειμών	storm.n.01	0.994344592	2	1.57
χειμών	storm.n.01	0.880522549	2	4.96
χειμών	storm.n.01	0.989724159	2	3.75
χειμών	winter.n.01	None	1	2.66
χειμών	winter.n.01	None	1	5.34
χειμών	winter.n.01	None	1	6.91
χειμών	storm.n.01	0.998292267	2	1.81
χειμών	storm.n.01	0.998947322	2	1.64
χειμών	winter.n.01	None	1	2.98
χειμών	winter.n.01	None	1	5.63
χειμών	winter.n.01	None	1	5.41
χειμών	winter.n.01	None	1	5.35
χειμών	storm.n.01	0.982640088	2	2.17
χειμών	winter.n.01	None	1	5.31
χειμών	winter.n.01	None	1	4.7
χειμών	winter.n.01	None	1	5.24
χειμών	winter.n.01	None	1	2.6
χειμών	winter.n.01	None	1	4.59
χειμών	winter.n.01	None	1	5.09
χειμών	winter.n.01	None	1	5.41
χειμών	storm.n.01	0.984199047	2	4.16
χειμών	storm.n.01	0.99760735	2	2.68
χειμών	winter.n.01	None	1	3.57
χειμών	winter.n.01	None	1	3.1
χειμών	winter.n.01	None	1	4.23
χειμών	storm.n.01	0.998671293	2	4.08
χειμών	storm.n.01	0.999112189	2	4
χειμών	winter.n.01	None	1	7.02
χειμών	winter.n.01	None	1	5.11
χειμών	weather.n.01	None	3	2.93
χειμών	winter.n.01	None	1	1.29
χειμών	storm.n.01	0.997935414	2	3.98
χειμών	winter.n.01	None	1	6.42
χειμών	storm.n.01	0.995090485	2	4.28
χειμών	storm.n.01	0.994773686	2	4.86
χειμών	storm.n.02	0.921648622	4	1.38
χειμών	winter.n.01	None	1	5.83
χειμών	winter.n.01	None	1	4.03
χειμών	winter.n.01	None	1	5.52
χειμών	winter.n.01	None	1	5.74
χειμών	winter.n.01	None	1	6.07
χειμών	winter.n.01	None	1	4.87
χειμών	winter.n.01	None	1	4.98
χειμών	winter.n.01	None	1	6.4
χειμών	winter.n.01	None	1	6.4
χειμών	storm.n.01	0.992073119	2	4.1
χειμών	winter.n.01	None	1	5.13
χειμών	storm.n.01	0.997925878	2	2.98
χειμών	storm.n.01	0.963721097	2	3.92
χειμών	storm.n.01	0.997822285	2	3.87
χειμών	storm.n.01	0.997856557	2	3.89
χειμών	storm.n.01	0.992526889	2	1.98
χειμών	storm.n.01	0.999305129	2	3.21
χειμών	storm.n.01	0.992918432	2	3.64
χειμών	storm.n.01	0.999112785	2	3.36
χειμών	storm.n.01	0.995487869	2	2.56
χειμών	storm.n.01	0.998737156	2	3.96
χειμών	storm.n.01	0.997646391	2	2.47
χειμών	storm.n.01	0.99648571	2	3.86
χειμών	storm.n.01	0.998862624	2	3.56
χειμών	storm.n.01	0.997876525	2	4.42
χειμών	storm.n.01	0.977632403	2	2.19
χειμών	storm.n.01	0.953861177	2	1.9
χειμών	storm.n.01	0.99369365	2	2.56
χειμών	winter.n.01	None	1	3.52
χειμών	winter.n.01	None	1	5.34
χειμών	winter.n.01	None	1	6.83
χειμών	winter.n.01	None	1	6.18
χειμών	winter.n.01	None	1	6.55
χειμών	winter.n.01	None	1	4.55
χειμών	winter.n.01	None	1	4.63
χειμών	winter.n.01	None	1	7.08
χειμών	winter.n.01	None	1	1.26
χειμών	winter.n.01	None	1	5.4
χειμών	winter.n.01	None	1	4.72
χειμών	winter.n.01	None	1	4
χειμών	winter.n.01	None	1	6.72
χειμών	winter.n.01	None	1	7.76
χειμών	storm.n.01	0.956754804	2	4.77
χειμών	storm.n.01	0.999178827	2	4.59
χειμών	winter.n.01	None	1	3.51
χειμών	tempest.n.02	0.739131451	2	3.1
χειμών	storm.n.01	0.983656764	2	0.99
χειμών	winter.n.01	None	1	6.49
χειμών	storm.n.01	0.997287989	2	5.06
χειμών	weather.n.01	None	3	2.36
χειμών	winter.n.01	None	1	5.34
χειμών	winter.n.01	None	1	3.53
χειμών	winter.n.01	None	1	3.92
χειμών	winter.n.01	None	1	1.79
χειμών	storm.n.01	0.995869935	2	4.82
χειμών	storm.n.01	0.998711944	2	2.91
χειμών	winter.n.01	None	1	2.13
χειμών	winter.n.01	None	1	7
χειμών	winter.n.01	None	1	4.95
χειμών	winter.n.01	None	1	3.54
χειμών	winter.n.01	None	1	5.4
χειμών	summer.n.01	0.997728884	NA	3.99
χειμών	winter.n.01	None	1	6.85
χειμών	winter.n.01	None	1	6.23
χειμών	storm.n.01	0.997249663	2	0.81
χειμών	winter.n.01	None	1	7.32
χειμών	summer.n.01	0.986474931	NA	2.68
χειμών	winter.n.01	None	1	5.24
χειμών	winter.n.01	None	1	3.06
χειμών	winter.n.01	None	1	6.49
χειμών	storm.n.01	0.995708704	2	3.91
χειμών	night.n.01	0.868714631	NA	0.65
χειμών	winter.n.01	None	1	3.07
χειμών	winter.n.01	None	1	4.76
χειμών	storm.n.01	0.998731554	2	1.58
χειμών	storm.n.01	0.999300361	2	5.41
χειμών	winter.n.01	None	1	5.03
χειμών	winter.n.01	None	1	3.48
χειμών	storm.n.01	0.997023404	2	5.59
χειμών	winter.n.01	None	1	2.73
χειμών	tempest.n.02	0.971342921	2	2.21
χειμών	storm.n.01	0.985031486	2	2.46
χειμών	tempest.n.02	0.939188063	2	3.28
χειμών	winter.n.01	None	1	5.05
χειμών	winter.n.01	None	1	3.59
χειμών	winter.n.01	None	1	5.18
χειμών	winter.n.01	None	1	4.18
χειμών	winter.n.01	None	1	4.95
χειμών	winter.n.01	None	1	4.8
χειμών	winter.n.01	None	1	5.09
χειμών	winter.n.01	None	1	2.88
χειμών	snow.n.01	0.876359403	NA	2.72
χειμών	winter.n.01	None	1	5.52
χειμών	winter.n.01	None	1	6.89
χειμών	storm.n.01	0.89138931	2	3.95
χειμών	storm.n.01	0.997677743	2	4
χειμών	storm.n.01	0.997094393	2	3.07
χειμών	winter.n.01	None	1	5.28
χειμών	winter.n.01	None	1	4.59
χειμών	winter.n.01	None	1	6.98
χειμών	storm.n.01	0.995042205	2	5.66
χειμών	storm.n.01	0.959360421	2	5.12
χειμών	winter.n.01	None	1	5.09
χειμών	winter.n.01	None	1	4.85
χειμών	winter.n.01	None	1	5.63
χειμών	storm.n.01	0.998354614	2	4.24
χειμών	winter.n.01	None	1	7.89
χειμών	storm.n.01	0.998562753	2	5.33
χειμών	winter.n.01	None	1	5.39
χειμών	winter.n.01	None	1	4.98
χειμών	winter.n.01	None	1	7.35
χειμών	winter.n.01	None	1	7.17
χειμών	winter.n.01	None	1	6.26
χειμών	winter.n.01	None	1	5.47
χειμών	storm.n.01	0.995643377	2	4.54
χειμών	winter.n.01	None	1	6.11
χειμών	winter.n.01	None	1	6.31
χειμών	winter.n.01	None	1	7.6
χειμών	storm.n.01	0.995078564	2	3.97
χειμών	winter.n.01	None	1	6.31
χειμών	winter.n.01	None	1	4.57
χειμών	winter.n.01	None	1	4.38
χειμών	winter.n.01	None	1	6.9
χειμών	winter.n.01	None	1	5.79
χειμών	winter.n.01	None	1	6.83
χειμών	winter.n.01	None	1	6.4
χειμών	winter.n.01	None	1	6.89
χειμών	winter.n.01	None	1	5.4
χειμών	winter.n.01	None	1	5.07
χειμών	storm.n.01	0.999102592	2	3.08
χειμών	winter.n.01	None	1	3.92
χειμών	storm.n.01	0.993039846	2	3.91
χειμών	winter.n.01	None	1	5.64
χειμών	storm.n.01	0.986447811	2	3.91
χειμών	storm.n.01	0.988931417	2	4.16
χειμών	storm.n.01	0.998826444	2	4.62
χειμών	winter.n.01	None	1	6.03
χειμών	winter.n.01	None	1	6.65
χειμών	winter.n.01	None	1	5.82
χειμών	weather.n.01	None	3	2.87
χειμών	winter.n.01	None	1	5.72
χειμών	winter.n.01	None	1	6.65
χειμών	storm.n.01	0.991265953	2	5
χειμών	winter.n.01	None	1	5.14
χειμών	winter.n.01	None	1	6.03
χειμών	storm.n.01	0.998214006	2	3.92
χειμών	winter.n.01	None	1	4.74
χειμών	winter.n.01	None	1	5.79
χειμών	winter.n.01	None	1	4.38
χειμών	winter.n.01	None	1	7.27
χειμών	winter.n.01	None	1	7.37
χειμών	storm.n.01	0.992038727	2	3.88
χειμών	winter.n.01	None	1	5.79
χειμών	winter.n.01	None	1	5.56
χειμών	winter.n.01	None	1	7.28
χειμών	storm.n.01	0.992963612	2	3.35
χειμών	winter.n.01	None	1	6.93
χειμών	winter.n.01	None	1	4.7
χειμών	storm.n.01	0.995450318	2	2.69
χειμών	winter.n.01	None	1	5.68
χειμών	winter.n.01	None	1	5.42
χειμών	winter.n.01	None	1	6.43
χειμών	winter.n.01	None	1	5.17
χειμών	winter.n.01	None	1	2.73
χειμών	tempest.n.02	0.892880917	2	3.8
χειμών	storm.n.01	0.998274803	2	4.08
χειμών	storm.n.02	0.542918444	4	4.4
χειμών	winter.n.01	None	1	6.2
χειμών	winter.n.01	None	1	4.85
χειμών	tempest.n.02	0.875949383	2	2.68
χειμών	winter.n.01	None	1	4.81
χειμών	storm.n.01	0.996149182	2	3.3
χειμών	storm.n.01	0.999138832	2	3.64
χειμών	winter.n.01	None	1	4.23
χειμών	winter.n.01	None	1	5.3
χειμών	winter.n.01	None	1	4.13
χειμών	coldness.n.03	0.850904047	3	1.94
χειμών	storm.n.01	0.998743355	2	3.03
χειμών	winter.n.01	None	1	6.08
χειμών	storm.n.01	0.997136712	2	2.29
χειμών	winter.n.01	None	1	6.55
χειμών	winter.n.01	None	1	1.67
χειμών	winter.n.01	None	1	5.41
χειμών	winter.n.01	None	1	4.63
χειμών	winter.n.01	None	1	7.09
χειμών	winter.n.01	None	1	4.2
χειμών	winter.n.01	None	1	3.65
χειμών	winter.n.01	None	1	6.32
χειμών	winter.n.01	None	1	5.1
χειμών	winter.n.01	None	1	5.35
χειμών	winter.n.01	None	1	4.15
χειμών	winter.n.01	None	1	4.61
χειμών	winter.n.01	None	1	5.41
χειμών	winter.n.01	None	1	5.3
χειμών	winter.n.01	None	1	5.23
χειμών	winter.n.01	None	1	5.23
χειμών	winter.n.01	None	1	4.13
χειμών	winter.n.01	None	1	5.39
χειμών	winter.n.01	None	1	4.76
χειμών	winter.n.01	None	1	5.21
χειμών	storm.n.01	0.987331331	2	1.99
χειμών	summer.n.01	0.994443715	NA	2.8
χειμών	storm.n.01	0.993591726	2	3.49
χειμών	storm.n.01	0.992050231	2	2.23
χειμών	storm.n.01	0.999118865	2	3.43
χειμών	storm.n.01	0.997703135	2	2
χειμών	storm.n.01	0.997356176	2	2.81
χειμών	storm.n.01	0.982911587	2	3.43
χειμών	storm.n.01	0.997163713	2	3.8
χειμών	storm.n.01	0.998951554	2	2.23
χειμών	storm.n.01	0.998064935	2	3.49
χειμών	storm.n.01	0.994482875	2	3.72
χειμών	storm.n.01	0.998128474	2	5.64
χειμών	storm.n.01	0.998669505	2	5.51
χειμών	storm.n.01	0.966848671	2	4.98
χειμών	winter.n.01	None	1	5.44
χειμών	winter.n.01	None	1	4.31
χειμών	winter.n.01	None	1	4.6
χειμών	winter.n.01	None	1	5.07
χειμών	winter.n.01	None	1	7.17
χειμών	winter.n.01	None	1	6.33
χειμών	winter.n.01	None	1	5.21
χειμών	winter.n.01	None	1	5.27
χειμών	winter.n.01	None	1	5.09
χειμών	storm.n.01	0.995759666	2	5.29
χειμών	storm.n.01	0.996615827	2	3.24
χειμών	storm.n.02	0.714673758	4	5.2
χειμών	tempest.n.02	0.587083697	2	2.79
χειμών	rainstorm.n.01	None	2	5.34
χειμών	storm.n.03	0.369576782	NA	3.29
χειμών	winter.n.01	None	1	4.06
χειμών	winter.n.01	None	1	4.77
χειμών	storm.n.01	0.979785144	2	4.2
χειμών	storm.n.01	0.992254615	2	2.18
χειμών	winter.n.01	None	1	5.59
χειμών	winter.n.01	None	1	5.36
χειμών	winter.n.01	None	1	5.28
χειμών	storm.n.01	0.996632636	2	4.78
χειμών	winter.n.01	None	1	5.06
χειμών	winter.n.01	None	1	5.97
χειμών	winter.n.01	None	1	1.66
χειμών	winter.n.01	None	1	5.12
χειμών	winter.n.01	None	1	5.04
χειμών	shower.n.03	0.951314986	NA	3.26
χειμών	rain.n.01	0.713475704	NA	0.96
χειμών	weather.n.01	None	3	1.52
χειμών	winter.n.01	None	1	4.51
χειμών	winter.n.01	None	1	4.19
χειμών	winter.n.01	None	1	5.39
χειμών	winter.n.01	None	1	5.54
χειμών	winter.n.01	None	1	4.18
χειμών	winter.n.01	None	1	7.3
χειμών	winter.n.01	None	1	7.4
χειμών	winter.n.01	None	1	6.2
χειμών	winter.n.01	None	1	5.25
χειμών	winter.n.01	None	1	5.63
χειμών	coldness.n.03	0.713807166	3	2.63
χειμών	winter.n.01	None	1	5.68
χειμών	winter.n.01	None	1	5.15
χειμών	winter.n.01	None	1	7.65
χειμών	winter.n.01	None	1	6.74
χειμών	winter.n.01	None	1	5.95
χειμών	winter.n.01	None	1	7.32
χειμών	storm.n.01	0.993881822	2	3.98
χειμών	storm.n.01	0.950570107	2	1.81
χειμών	winter.n.01	None	1	4.38
χειμών	winter.n.01	None	1	6.55
χειμών	winter.n.01	None	1	6.05
χειμών	winter.n.01	None	1	5.46
χειμών	winter.n.01	None	1	5.74
χειμών	winter.n.01	None	1	5.55
χειμών	winter.n.01	None	1	5.64
χειμών	winter.n.01	None	1	6.55
χειμών	winter.n.01	None	1	4.38
χειμών	winter.n.01	None	1	4.76
χειμών	winter.n.01	None	1	4.62
χειμών	tempest.n.02	0.860051692	2	1.49
χειμών	weather.n.01	None	3	2.65
χειμών	winter.n.01	None	1	8.04
χειμών	weather.n.01	None	3	2.44
χειμών	winter.n.01	None	1	5.74
χειμών	winter.n.01	None	1	7
χειμών	winter.n.01	None	1	6.88
χειμών	winter.n.01	None	1	5.55
χειμών	winter.n.01	None	1	6.01
χειμών	weather.n.01	None	3	2.78
χειμών	winter.n.01	None	1	5.05
χειμών	winter.n.01	None	1	6.09
χειμών	winter.n.01	None	1	5.24
χειμών	winter.n.01	None	1	4.71
χειμών	tempest.n.02	0.966826916	2	2.85
χειμών	winter.n.01	None	1	5.67
χειμών	winter.n.01	None	1	4.69
χειμών	winter.n.01	None	1	6.79
χειμών	winter.n.01	None	1	5.82
χειμών	winter.n.01	None	1	8.07
χειμών	winter.n.01	None	1	5.29
χειμών	winter.n.01	None	1	7.77
χειμών	winter.n.01	None	1	5.64
χειμών	winter.n.01	None	1	7.58
χειμών	winter.n.01	None	1	7.74
χειμών	winter.n.01	None	1	4.18
χειμών	winter.n.01	None	1	5.55
χειμών	winter.n.01	None	1	5.9
χειμών	winter.n.01	None	1	7.31
χειμών	winter.n.01	None	1	5.24
χειμών	winter.n.01	None	1	6.48
χειμών	winter.n.01	None	1	6.31
χειμών	winter.n.01	None	1	6.14
χειμών	winter.n.01	None	1	6.49
χειμών	winter.n.01	None	1	4.34
χειμών	winter.n.01	None	1	5.77
χειμών	winter.n.01	None	1	5.83
χειμών	winter.n.01	None	1	6.45
χειμών	winter.n.01	None	1	5.07
χειμών	winter.n.01	None	1	6.66
χειμών	tempest.n.02	0.913517296	2	2.89
χειμών	winter.n.01	None	1	5.67
χειμών	winter.n.01	None	1	5.9
χειμών	winter.n.01	None	1	5.16
χειμών	winter.n.01	None	1	5.34
χειμών	winter.n.01	None	1	8.11
χειμών	winter.n.01	None	1	5.11
χειμών	winter.n.01	None	1	5.15
χειμών	winter.n.01	None	1	3.12
χειμών	winter.n.01	None	1	7.32
χειμών	weather.n.01	None	3	3.06
χειμών	winter.n.01	None	1	5.74
χειμών	winter.n.01	None	1	7.16
χειμών	winter.n.01	None	1	6.02
χειμών	winter.n.01	None	1	4.29
χειμών	winter.n.01	None	1	1.76
χειμών	winter.n.01	None	1	5.11
χειμών	winter.n.01	None	1	6.26
χειμών	winter.n.01	None	1	6.07
χειμών	winter.n.01	None	1	4.72
χειμών	winter.n.01	None	1	7.21
χειμών	winter.n.01	None	1	6.42
χειμών	winter.n.01	None	1	7.11
χειμών	winter.n.01	None	1	5.04
χειμών	winter.n.01	None	1	5.02
χειμών	winter.n.01	None	1	5.67
χειμών	winter.n.01	None	1	3.11
χειμών	winter.n.01	None	1	5.6
χειμών	winter.n.01	None	1	3.45
χειμών	winter.n.01	None	1	6.79
χειμών	winter.n.01	None	1	2.97
χειμών	winter.n.01	None	1	3.31
χειμών	winter.n.01	None	1	6.19
χειμών	winter.n.01	None	1	6.91
χειμών	storm.n.01	0.998835385	2	2.68
χειμών	storm.n.02	0.776085377	4	2.96
χειμών	tempest.n.02	0.605491459	2	3.74
χειμών	winter.n.01	None	1	1.69
χειμών	winter.n.01	None	1	5.51
χειμών	winter.n.01	None	1	5.6
χειμών	winter.n.01	None	1	4.99
χειμών	winter.n.01	None	1	7.45
χειμών	winter.n.01	None	1	5.13
χειμών	winter.n.01	None	1	5.46
χειμών	storm.n.01	0.998046994	2	3.96
χειμών	storm.n.01	0.99701947	2	3.8
χειμών	storm.n.01	0.996249974	2	4.85
χειμών	storm.n.01	0.981132329	2	1.75
χειμών	storm.n.01	0.998331845	2	1.96
χειμών	storm.n.01	0.998785317	2	3.72
χειμών	winter.n.01	None	1	5.59
χειμών	winter.n.01	None	1	4.63
χειμών	storm.n.01	0.998576999	2	5.13
χειμών	winter.n.01	None	1	4.76
χειμών	winter.n.01	None	1	5.37
χειμών	winter.n.01	None	1	5.24
χειμών	winter.n.01	None	1	3.95
χειμών	winter.n.01	None	1	3.97
χειμών	winter.n.01	None	1	6.12
χειμών	winter.n.01	None	1	4.79
χειμών	winter.n.01	None	1	7.97
χειμών	winter.n.01	None	1	1.86
χειμών	winter.n.01	None	1	7.5
χειμών	winter.n.01	None	1	4.16
χειμών	winter.n.01	None	1	5.39
χειμών	winter.n.01	None	1	5.73
χειμών	winter.n.01	None	1	5.15
χειμών	winter.n.01	None	1	7.85
χειμών	winter.n.01	None	1	5.53
χειμών	winter.n.01	None	1	7.6
χειμών	winter.n.01	None	1	8.05
χειμών	winter.n.01	None	1	5.43
χειμών	storm.n.02	0.602997124	4	2.68
χειμών	winter.n.01	None	1	8.05
χειμών	winter.n.01	None	1	8.08
χειμών	winter.n.01	None	1	8.05
χειμών	winter.n.01	None	1	8.08
χειμών	winter.n.01	None	1	8.08
χειμών	storm.n.01	0.998826563	2	4.2
χειμών	winter.n.01	None	1	3.69
χειμών	winter.n.01	None	1	7.64
χειμών	storm.n.01	0.998414278	2	3.74
χειμών	winter.n.01	None	1	7.77
χειμών	winter.n.01	None	1	6.87
χειμών	storm.n.01	0.996733665	2	3.98
χειμών	winter.n.01	None	1	3.48
χειμών	winter.n.01	None	1	4.75
χειμών	winter.n.01	None	1	6.88
χειμών	winter.n.01	None	1	5.23
χειμών	winter.n.01	None	1	5.34
χειμών	winter.n.01	None	1	5.88
χειμών	winter.n.01	None	1	4.74
χειμών	winter.n.01	None	1	5.24
χειμών	winter.n.01	None	1	7.76
χειμών	winter.n.01	None	1	7.93
χειμών	winter.n.01	None	1	3.71
χειμών	winter.n.01	None	1	3.13
χειμών	winter.n.01	None	1	2.6
χειμών	storm.n.01	0.930508018	2	3.06
χειμών	winter.n.01	None	1	4.56
χειμών	winter.n.01	None	1	4.76
χειμών	winter.n.01	None	1	1.64
χειμών	fall.n.01	None	NA	3.08
χειμών	winter.n.01	None	1	5.41
χειμών	storm.n.01	0.983679116	2	3.43
χειμών	winter.n.01	None	1	5.32
χειμών	winter.n.01	None	1	4.96
χειμών	winter.n.01	None	1	5.36
χειμών	winter.n.01	None	1	5.08
χειμών	winter.n.01	None	1	5.13
χειμών	winter.n.01	None	1	5.19
χειμών	summer.n.01	0.992743731	NA	2.31
χειμών	winter.n.01	None	1	3.56
χειμών	winter.n.01	None	1	5.46
χειμών	winter.n.01	None	1	5.33
χειμών	winter.n.01	None	1	7.73
χειμών	storm.n.01	0.996403933	2	5.62
χειμών	winter.n.01	None	1	7.69
χειμών	winter.n.01	None	1	7.74
χειμών	winter.n.01	None	1	5.74
χειμών	fall.n.01	None	NA	2.85
χειμών	winter.n.01	None	1	5.3
χειμών	winter.n.01	None	1	5.8
χειμών	winter.n.01	None	1	2.3
χειμών	winter.n.01	None	1	2.6
χειμών	winter.n.01	None	1	8.23
χειμών	winter.n.01	None	1	5.53
χειμών	winter.n.01	None	1	5.69
χειμών	winter.n.01	None	1	5
χειμών	summer.n.01	0.999398828	NA	1.84
χειμών	winter.n.01	None	1	4.24
χειμών	winter.n.01	None	1	5.58
χειμών	winter.n.01	None	1	6.79
χειμών	winter.n.01	None	1	5.31
χειμών	winter.n.01	None	1	4.94
χειμών	winter.n.01	None	1	4.74
χειμών	winter.n.01	None	1	4.7
χειμών	winter.n.01	None	1	4.41
χειμών	winter.n.01	None	1	4.43
χειμών	winter.n.01	None	1	5.41
χειμών	winter.n.01	None	1	3.1
χειμών	winter.n.01	None	1	6.38
χειμών	spring.n.01	0.993714988	NA	2.99
χειμών	winter.n.01	None	1	5.23
χειμών	winter.n.01	None	1	5.01
χειμών	winter.n.01	None	1	5.61
χειμών	winter.n.01	None	1	2.83
χειμών	winter.n.01	None	1	5.18
χειμών	winter.n.01	None	1	4.95
χειμών	winter.n.01	None	1	6.75
χειμών	tempest.n.02	0.807675064	2	5.61
χειμών	storm.n.01	0.998278856	2	4.06
χειμών	winter.n.01	None	1	5.77
χειμών	winter.n.01	None	1	6.76
χειμών	weather.n.01	None	3	3.76
χειμών	winter.n.01	None	1	6.2
χειμών	winter.n.01	None	1	7.65
χειμών	winter.n.01	None	1	8.12
χειμών	weather.n.01	None	3	2.12
χειμών	winter.n.01	None	1	6.37
χειμών	storm.n.01	0.997570693	2	5.62
χειμών	winter.n.01	None	1	4.29
χειμών	storm.n.01	0.998296797	2	5.91
χειμών	winter.n.01	None	1	3.34
χειμών	storm.n.01	0.989463806	2	3.21
χειμών	coldness.n.03	0.915546894	3	1.62
χειμών	winter.n.01	None	1	3.35
χειμών	winter.n.01	None	1	5.42
χειμών	winter.n.01	None	1	4.89
χειμών	winter.n.01	None	1	5.99
χειμών	winter.n.01	None	1	4.16
χειμών	winter.n.01	None	1	5.04
χειμών	winter.n.01	None	1	5.27
χειμών	cold_weather.n.01	None	3	3.89
χειμών	coldness.n.03	0.87578094	3	1.89
χειμών	storm.n.01	0.995053232	2	6.62
χειμών	summer.n.01	0.998490453	NA	1.88
χειμών	storm.n.01	0.997895479	2	4.15
χειμών	storm.n.01	0.997895479	2	4.08
χειμών	winter.n.01	None	1	2.15
χειμών	winter.n.01	None	1	4.9
χειμών	winter.n.01	None	1	7.12
χειμών	winter.n.01	None	1	4.27
χειμών	storm.n.01	0.998342633	2	4.15
χειμών	storm.n.03	0.488296747	NA	4.78
χειμών	storm.n.01	0.993551612	2	3.8
χειμών	storm.n.01	0.972865999	2	5.76
χειμών	storm.n.01	0.995224953	2	4.58
χειμών	winter.n.01	None	1	7.64
χειμών	storm.n.01	0.998088539	2	5.66
χειμών	weather.n.01	None	3	2.93
χειμών	winter.n.01	None	1	7.18
χειμών	winter.n.01	None	1	4.7
χειμών	winter.n.01	None	1	5.44
χειμών	winter.n.01	None	1	5.63
χειμών	winter.n.01	None	1	5.25
χειμών	weather.n.01	None	3	4.03
χειμών	winter.n.01	None	1	7.04
χειμών	winter.n.01	None	1	5.76
χειμών	storm.n.01	0.993364811	2	3.5
χειμών	coldness.n.03	0.851328075	3	1.98
χειμών	winter.n.01	None	1	5.66
χειμών	storm.n.01	0.833210826	2	4.04
χειμών	winter.n.01	None	1	4.7
χειμών	winter.n.01	None	1	5.03
χειμών	winter.n.01	None	1	6.73
χειμών	winter.n.01	None	1	5.13
χειμών	winter.n.01	None	1	4.45
χειμών	winter.n.01	None	1	3.98
χειμών	winter.n.01	None	1	5.22
χειμών	winter.n.01	None	1	5.77
χειμών	winter.n.01	None	1	4.35
χειμών	winter.n.01	None	1	5.74
χειμών	coldness.n.03	0.944950461	3	2.72
χειμών	storm.n.01	0.998020649	2	4.97
χειμών	weather.n.01	None	3	2.99
χειμών	weather.n.01	None	3	3.48
χειμών	sea.n.03	0.522888601	NA	1.63
χειμών	coldness.n.03	0.866413713	3	2.5
χειμών	winter.n.01	None	1	7.64
χειμών	winter.n.01	None	1	3.84
χειμών	midwinter.n.01	None	1	5.02
χειμών	winter.n.01	None	1	3.39
χειμών	winter.n.01	None	1	5.76
χειμών	winter.n.01	None	1	5.01
χειμών	storm.n.01	0.993427157	2	2.54
χειμών	winter.n.01	None	1	6.53
χειμών	winter.n.01	None	1	4.6
χειμών	winter.n.01	None	1	4.05
χειμών	winter.n.01	None	1	5.29
χειμών	winter.n.01	None	1	5.56
χειμών	winter.n.01	None	1	5.86
χειμών	winter.n.01	None	1	4.16
χειμών	winter.n.01	None	1	5.19
χειμών	weather.n.01	None	3	3.9
χειμών	winter.n.01	None	1	4.12
χειμών	winter.n.01	None	1	4.63
χειμών	winter.n.01	None	1	5.6
χειμών	winter.n.01	None	1	5.09
χειμών	winter.n.01	None	1	3.75
χειμών	winter.n.01	None	1	5.95
χειμών	winter.n.01	None	1	3.52
χειμών	winter.n.01	None	1	5.18
χειμών	winter.n.01	None	1	5.74
χειμών	storm.n.01	0.996100783	2	1.76
χειμών	winter.n.01	None	1	5.24
χειμών	winter.n.01	None	1	4.98
χειμών	winter.n.01	None	1	5.3
χειμών	winter.n.01	None	1	5.59
χειμών	winter.n.01	None	1	4.96
χειμών	winter.n.01	None	1	5.2
χειμών	winter.n.01	None	1	5.23
χειμών	winter.n.01	None	1	5.14
χειμών	winter.n.01	None	1	5.03
χειμών	fall.n.01	None	NA	3.28
χειμών	fall.n.01	None	NA	2.78
χειμών	winter.n.01	None	1	6.19
χειμών	winter.n.01	None	1	5.13
χειμών	winter.n.01	None	1	6.19
χειμών	weather.n.01	None	3	3.04
χειμών	winter.n.01	None	1	4.76
χειμών	winter.n.01	None	1	4.8
χειμών	winter.n.01	None	1	5.02
χειμών	winter.n.01	None	1	5.61
χειμών	winter.n.01	None	1	4.28
χειμών	winter.n.01	None	1	6.03
χειμών	winter.n.01	None	1	4.14
χειμών	winter.n.01	None	1	2.07
χειμών	winter.n.01	None	1	5.04
χειμών	winter.n.01	None	1	5.21
χειμών	winter.n.01	None	1	5.44
χειμών	winter.n.01	None	1	4.83
χειμών	winter.n.01	None	1	5.49
χειμών	winter.n.01	None	1	4.52
χειμών	winter.n.01	None	1	4.79
χειμών	winter.n.01	None	1	2.21
χειμών	winter.n.01	None	1	1.53
χειμών	winter.n.01	None	1	4.71
χειμών	winter.n.01	None	1	4.67
χειμών	winter.n.01	None	1	5.23
χειμών	winter.n.01	None	1	4.22
χειμών	winter.n.01	None	1	3.8
χειμών	winter.n.01	None	1	4.59
χειμών	winter.n.01	None	1	5.15
χειμών	winter.n.01	None	1	5.5
χειμών	winter.n.01	None	1	0.93
χειμών	winter.n.01	None	1	6.48
χειμών	winter.n.01	None	1	5.08
χειμών	winter.n.01	None	1	7.42
χειμών	winter.n.01	None	1	7.06
χειμών	winter.n.01	None	1	4.59
χειμών	winter.n.01	None	1	5.42
χειμών	winter.n.01	None	1	3.35
χειμών	winter.n.01	None	1	4.23
χειμών	winter.n.01	None	1	4.12
χειμών	winter.n.01	None	1	4.34
χειμών	winter.n.01	None	1	4.99
χειμών	winter.n.01	None	1	5.67
χειμών	winter.n.01	None	1	3.59
χειμών	winter.n.01	None	1	4.5
χειμών	winter.n.01	None	1	4.38
χειμών	winter.n.01	None	1	4.31
χειμών	winter.n.01	None	1	5.31
χειμών	winter.n.01	None	1	4.59
χειμών	winter.n.01	None	1	5.39
χειμών	rain.n.01	0.89077282	NA	2.23
χειμών	weather.n.01	None	3	2.48
χειμών	winter.n.01	None	1	4.17
χειμών	winter.n.01	None	1	6.19
χειμών	winter.n.01	None	1	4.96
χειμών	winter.n.01	None	1	3.22
χειμών	winter.n.01	None	1	5.67
χειμών	winter.n.01	None	1	5.99
χειμών	winter.n.01	None	1	4.34
χειμών	winter.n.01	None	1	3.47
χειμών	winter.n.01	None	1	4.85
χειμών	winter.n.01	None	1	4.32
χειμών	winter.n.01	None	1	4.5
χειμών	summer.n.01	0.55459404	NA	0.68
χειμών	winter.n.01	None	1	2.09
χειμών	winter.n.01	None	1	4.96
χειμών	winter.n.01	None	1	4.57
χειμών	storm.n.01	0.999229908	2	4.37
χειμών	storm.n.01	0.998852491	2	3.92
χειμών	storm.n.01	0.998280883	2	1.75
χειμών	storm.n.01	0.999147892	2	3.34
χειμών	winter.n.01	None	1	5.15
χειμών	winter.n.01	None	1	4.79
χειμών	winter.n.01	None	1	4.12
χειμών	weather.n.01	None	3	1.71
χειμών	spring.n.01	0.992400646	NA	2.04
χειμών	winter.n.01	None	1	4.71
χειμών	winter.n.01	None	1	4.53
χειμών	winter.n.01	None	1	3.21
χειμών	winter.n.01	None	1	4.27
χειμών	winter.n.01	None	1	2.2
χειμών	winter.n.01	None	1	4.44
χειμών	winter.n.01	None	1	5.35
χειμών	winter.n.01	None	1	5.13
χειμών	winter.n.01	None	1	3.3
χειμών	winter.n.01	None	1	2.28
χειμών	storm.n.01	0.997547567	2	5.26
χειμών	winter.n.01	None	1	2.32
χειμών	winter.n.01	None	1	2.21
χειμών	winter.n.01	None	1	5.83
χειμών	winter.n.01	None	1	5.34
χειμών	winter.n.01	None	1	3.13
χειμών	winter.n.01	None	1	5
χειμών	winter.n.01	None	1	5.34
χειμών	winter.n.01	None	1	4.6
χειμών	winter.n.01	None	1	5.26
χειμών	winter.n.01	None	1	5.35
χειμών	winter.n.01	None	1	5.35
χειμών	storm.n.01	0.99736917	2	5.99
χειμών	winter.n.01	None	1	5.83
χειμών	ice.n.01	0.930275559	NA	3.28
χειμών	winter.n.01	None	1	5.2
χειμών	winter.n.01	None	1	5.25
χειμών	storm.n.01	0.991313159	2	5.85
χειμών	storm.n.01	0.995375276	2	5.44
χειμών	winter.n.01	None	1	5.27
χειμών	winter.n.01	None	1	5.94
χειμών	storm.n.01	0.998874485	2	4.28
χειμών	weather.n.01	None	3	3.43
χειμών	winter.n.01	None	1	4.88
χειμών	winter.n.01	None	1	5.94
χειμών	winter.n.01	None	1	4.65
χειμών	winter.n.01	None	1	6.31
χειμών	winter.n.01	None	1	4.94
χειμών	storm.n.01	0.998647392	2	3.59
χειμών	winter.n.01	None	1	6.19
χειμών	winter.n.01	None	1	5.69
χειμών	winter.n.01	None	1	6.44
χειμών	winter.n.01	None	1	5.79
χειμών	storm.n.01	0.9884969	2	5.76
χειμών	storm.n.01	0.997578204	2	2.66
χειμών	hurricane.n.01	None	2	3.41
χειμών	storm.n.01	0.998524845	2	3.99
χειμών	storm.n.02	0.647968531	4	4.17
χειμών	storm.n.01	0.997043788	2	6.65
χειμών	winter.n.01	None	1	3.09
χειμών	winter.n.01	None	1	5.02
χειμών	winter.n.01	None	1	5.61
χειμών	weather.n.01	None	3	3.15
χειμών	winter.n.01	None	1	6.77
χειμών	storm.n.01	0.985793412	2	2.37
χειμών	storm.n.01	0.989405453	2	5.96
χειμών	tempest.n.02	0.886621237	2	2.48
χειμών	storm.n.01	0.976669908	2	4.06
χειμών	storm.n.01	0.936031342	2	2.53
χειμών	storm.n.02	0.860198259	4	1.13
χειμών	storm.n.01	0.964249372	2	0.61
χειμών	storm.n.01	0.615975738	2	3.25
χειμών	storm.n.01	0.980874777	2	3.23
χειμών	storm.n.01	0.908355653	2	3.19
χειμών	tempest.n.02	0.677654862	2	3.32
χειμών	storm.n.01	0.997137785	2	4.47
χειμών	tempest.n.02	0.888760805	2	3.4
χειμών	storm.n.01	0.99837625	2	1.65
χειμών	winter.n.01	None	1	2.77
χειμών	storm.n.01	0.998921633	2	3.4
χειμών	winter.n.01	None	1	8.23
χειμών	winter.n.01	None	1	5.21
χειμών	winter.n.01	None	1	4.57
χειμών	storm.n.01	0.98945123	2	4.12
χειμών	storm.n.01	0.938104689	2	3.86
χειμών	storm.n.01	0.996350527	2	3.81
χειμών	storm.n.01	0.993590713	2	3.05
χειμών	storm.n.01	0.993590713	2	2.19
χειμών	storm.n.01	0.879348099	2	3.37
χειμών	storm.n.01	0.996615827	2	3.24
χειμών	storm.n.01	0.718485892	2	4.93
χειμών	tempest.n.02	0.879711628	2	4.12
χειμών	winter.n.01	None	1	5.36
χειμών	winter.n.01	None	1	5.48
χειμών	winter.n.01	None	1	5.52
χειμών	winter.n.01	None	1	4.97
χειμών	winter.n.01	None	1	4.96
χειμών	winter.n.01	None	1	5.83
χειμών	winter.n.01	None	1	6.07
χειμών	winter.n.01	None	1	5.31
χειμών	winter.n.01	None	1	3.5
χειμών	winter.n.01	None	1	5.16
χειμών	winter.n.01	None	1	5.33
χειμών	winter.n.01	None	1	5.49
χειμών	winter.n.01	None	1	5.14
χειμών	winter.n.01	None	1	4.64
χειμών	winter.n.01	None	1	3.18
χειμών	storm.n.01	0.997975767	2	3.52
χειμών	coldness.n.03	0.937747598	3	2.29
χειμών	coldness.n.03	0.955107391	3	2.12
χειμών	winter.n.01	None	1	6.7
χειμών	winter.n.01	None	1	5.04
χειμών	winter.n.01	None	1	4.64
χειμών	winter.n.01	None	1	5.23
χειμών	winter.n.01	None	1	5.39
χειμών	winter.n.01	None	1	4.9
χειμών	winter.n.01	None	1	5
χειμών	winter.n.01	None	1	5.33
χειμών	winter.n.01	None	1	2.27
χειμών	season.n.02	0.874118984	NA	1.73
χειμών	winter.n.01	None	1	3.13
χειμών	winter.n.01	None	1	4.71
χειμών	winter.n.01	None	1	5.51
χειμών	winter.n.01	None	1	6.05
χειμών	winter.n.01	None	1	4.24
χειμών	winter.n.01	None	1	3.97
χειμών	winter.n.01	None	1	4.44
χειμών	winter.n.01	None	1	5.05
χειμών	winter.n.01	None	1	7.68
χειμών	winter.n.01	None	1	7.3
χειμών	winter.n.01	None	1	8.04
χειμών	drought.n.01	0.861018598	NA	2.7
χειμών	winter.n.01	None	1	5.28
χειμών	winter.n.01	None	1	4.99
χειμών	winter.n.01	None	1	5.2
χειμών	winter.n.01	None	1	4.12
χειμών	winter.n.01	None	1	4.61
χειμών	winter.n.01	None	1	1.71
χειμών	storm.n.01	0.999420524	2	4.56
χειμών	winter.n.01	None	1	5.59
χειμών	winter.n.01	None	1	5.9
χειμών	winter.n.01	None	1	5.82
χειμών	storm.n.01	0.997940719	2	3.76
χειμών	winter.n.01	None	1	4.15
χειμών	storm.n.01	0.999010801	2	3.17
χειμών	winter.n.01	None	1	2.16
χειμών	winter.n.01	None	1	7.22
χειμών	storm.n.01	0.998613596	2	0.85
χειμών	dawn.n.01	0.910591245	NA	0.44
χειμών	storm.n.01	0.999079108	2	2.93
χειμών	storm.n.01	0.999646783	2	2.48
χειμών	storm.n.01	0.998565733	2	4.26
χειμών	spring.n.01	0.369574815	NA	0.7
χειμών	winter.n.01	None	1	2.12
χειμών	winter.n.01	None	1	5.53
χειμών	storm.n.01	0.9909814	2	2.33
χειμών	winter.n.01	None	1	4.38
χειμών	winter.n.01	None	1	5.56
χειμών	winter.n.01	None	1	5.13
χειμών	storm.n.01	0.989929974	2	0.69
χειμών	storm.n.01	0.9985165	2	0.46
χειμών	storm.n.01	0.998402297	2	1.18
χειμών	storm.n.01	0.999106705	2	2.41
χειμών	winter.n.01	None	1	4.48
χειμών	winter.n.01	None	1	1.69
χειμών	winter.n.01	None	1	4.84
χειμών	storm.n.01	0.995131254	2	1.11
χειμών	storm.n.01	0.977640271	2	2.82
χειμών	winter.n.01	None	1	3.73
χειμών	winter.n.01	None	1	2.63
χειμών	storm.n.01	0.998452306	2	1.75
χειμών	storm.n.01	0.998566329	2	5.12
χειμών	storm.n.01	0.998873293	2	4.17
χειμών	storm.n.01	0.995817363	2	3.23
χειμών	winter.n.01	None	1	7.58
χειμών	winter.n.01	None	1	5.13
χειμών	storm.n.01	0.998039424	2	3.95
χειμών	storm.n.01	0.997342408	2	3.43
χειμών	storm.n.01	0.998378277	2	3.73
χειμών	winter.n.01	None	1	5.31
χειμών	winter.n.01	None	1	5.09
χειμών	storm.n.01	0.998678386	2	2.56
χειμών	storm.n.01	0.998758793	2	1.2
χειμών	winter.n.01	None	1	5.52
χειμών	storm.n.01	0.996616185	2	3.34
χειμών	storm.n.01	0.999013186	2	6.61
χειμών	storm.n.01	0.999414563	2	3.43
χειμών	winter.n.01	None	1	6.11
χειμών	winter.n.01	None	1	6.31
χειμών	winter.n.01	None	1	4.66
χειμών	winter.n.01	None	1	2.87
χειμών	winter.n.01	None	1	2.3
χειμών	storm.n.01	0.998424649	2	2.61
χειμών	storm.n.01	0.99925524	2	3.55
χειμών	storm.n.01	0.999104917	2	3.81
χειμών	storm.n.01	0.999498367	2	3.2
χειμών	storm.n.01	0.999283731	2	5.05
χειμών	storm.n.01	0.983413875	2	3.81
χειμών	storm.n.01	0.998511851	2	1.53
χειμών	winter.n.01	None	1	7.2
χειμών	winter.n.01	None	1	1.9
χειμών	winter.n.01	None	1	3.89
χειμών	winter.n.01	None	1	4.7
χειμών	storm.n.02	0.776968002	4	0.63
χειμών	winter.n.01	None	1	1.9
χειμών	storm.n.01	0.994375706	2	3.98
χειμών	storm.n.01	0.998552859	2	3.82
χειμών	weather.n.01	None	3	3.9
χειμών	tempest.n.02	0.959774733	2	3.25
χειμών	tempest.n.02	0.959342062	2	4.54
χειμών	weather.n.01	None	3	2.55
χειμών	winter.n.01	None	1	2.38
χειμών	storm.n.01	0.959529698	2	4.04
χειμών	storm.n.01	0.997096658	2	4.98
χειμών	weather.n.01	None	3	1.68
χειμών	winter.n.01	None	1	5.28
χειμών	winter.n.01	None	1	4.85
χειμών	storm.n.01	0.997890651	2	2.87
χειμών	storm.n.01	0.986813784	2	3.86
χειμών	winter.n.01	None	1	6.4
χειμών	winter.n.01	None	1	7.64
χειμών	winter.n.01	None	1	5.37
χειμών	winter.n.01	None	1	4.42
χειμών	winter.n.01	None	1	4.8
χειμών	winter.n.01	None	1	6.11
χειμών	winter.n.01	None	1	6.01
χειμών	winter.n.01	None	1	4.89
χειμών	winter.n.01	None	1	4.95
χειμών	winter.n.01	None	1	7.12
χειμών	winter.n.01	None	1	6.85
χειμών	winter.n.01	None	1	5.9
χειμών	storm.n.01	0.997851372	2	4.11
χειμών	storm.n.01	0.998845339	2	2.95
χειμών	winter.n.01	None	1	4.38
χειμών	winter.n.01	None	1	5.36
χειμών	winter.n.01	None	1	3.07
χειμών	winter.n.01	None	1	6.06
χειμών	winter.n.01	None	1	6.14
χειμών	winter.n.01	None	1	4.71
χειμών	winter.n.01	None	1	6.43
χειμών	winter.n.01	None	1	5.46
χειμών	winter.n.01	None	1	5.24
χειμών	winter.n.01	None	1	4.99
χειμών	winter.n.01	None	1	6.31
χειμών	winter.n.01	None	1	6.22
χειμών	winter.n.01	None	1	3.7
χειμών	winter.n.01	None	1	5.28
χειμών	winter.n.01	None	1	4.59
χειμών	winter.n.01	None	1	5.99
χειμών	winter.n.01	None	1	5.62
χειμών	winter.n.01	None	1	0.97
χειμών	winter.n.01	None	1	3.97
χειμών	winter.n.01	None	1	5.44
χειμών	winter.n.01	None	1	6.15
χειμών	winter.n.01	None	1	5.41
χειμών	winter.n.01	None	1	3.71
χειμών	winter.n.01	None	1	5.31
χειμών	winter.n.01	None	1	4.28
χειμών	storm.n.01	0.616684139	2	3.37
χειμών	storm.n.01	0.616684139	2	3.05
χειμών	storm.n.01	0.99586159	2	5.25
χειμών	storm.n.01	0.992196202	2	2.03
χειμών	storm.n.01	0.998023868	2	4.16
χειμών	storm.n.01	0.991308808	2	4.09
χειμών	storm.n.01	0.99755609	2	2.8
χειμών	storm.n.01	0.996622562	2	3.95
χειμών	winter.n.01	None	1	5.87
χειμών	winter.n.01	None	1	7.07
χειμών	winter.n.01	None	1	6.98
χειμών	storm.n.01	0.998108268	2	4.13
χειμών	winter.n.01	None	1	4.84
χειμών	storm.n.01	0.998278975	2	1.58
χειμών	winter.n.01	None	1	3.77
χειμών	storm.n.01	0.99871242	2	4.45
χειμών	winter.n.01	None	1	4.41
χειμών	storm.n.01	0.995760381	2	4.93
χειμών	storm.n.01	0.996740878	2	4.58
χειμών	winter.n.01	None	1	5.81
χειμών	storm.n.01	0.991969287	2	3.95
χειμών	winter.n.01	None	1	4.24
χειμών	storm.n.01	0.993525982	2	3.13
χειμών	winter.n.01	None	1	5.54
χειμών	storm.n.01	0.998779237	2	6.59
χειμών	wind.n.01	0.999141574	2	0.87
χειμών	winter.n.01	None	1	6.93
χειμών	winter.n.01	None	1	4.59
χειμών	storm.n.01	0.998545051	2	6.37
χειμών	storm.n.01	0.735623181	2	2.79
χειμών	winter.n.01	None	1	5.03
χειμών	winter.n.01	None	1	6.73
χειμών	storm.n.01	0.998651683	2	3.17
χειμών	rain.n.01	0.772832036	NA	3.73
χειμών	storm.n.01	0.996512592	2	6.06
χειμών	storm.n.01	0.997210324	2	4.04
χειμών	winter.n.01	None	1	5.03
χειμών	storm.n.02	0.686856329	4	6.61
χειμών	storm.n.01	0.998123825	2	3.63
χειμών	storm.n.01	0.557000756	2	6.5
χειμών	rainstorm.n.01	None	2	5.03
χειμών	winter.n.01	None	1	5.01
χειμών	winter.n.01	None	1	7.18
χειμών	storm.n.01	0.99769944	2	5.05
χειμών	storm.n.01	0.998679817	2	3.28
χειμών	winter.n.01	None	1	4.29
χειμών	winter.n.01	None	1	5.26
χειμών	winter.n.01	None	1	5.09
χειμών	weather.n.01	None	3	2.95
χειμών	winter.n.01	None	1	7.49
χειμών	winter.n.01	None	1	5.21
χειμών	winter.n.01	None	1	5.99
χειμών	winter.n.01	None	1	7.96
χειμών	winter.n.01	None	1	5.53
χειμών	winter.n.01	None	1	5.4
χειμών	storm.n.01	0.954740942	2	5.75
χειμών	storm.n.01	0.990051925	2	4.61
χειμών	winter.n.01	None	1	5.55
χειμών	storm.n.01	0.971458673	2	3.81
χειμών	winter.n.01	None	1	6.18
χειμών	winter.n.01	None	1	4.81
χειμών	winter.n.01	None	1	6.83
χειμών	winter.n.01	None	1	3.56
χειμών	storm.n.02	0.599310696	4	4.13
χειμών	storm.n.01	0.974369466	2	4.33
χειμών	winter.n.01	None	1	5.28
χειμών	winter.n.01	None	1	5.99
χειμών	storm.n.01	0.996947944	2	2.58
χειμών	winter.n.01	None	1	4.72
χειμών	storm.n.01	0.521746874	2	3.56
χειμών	storm.n.01	0.8818385	2	5.76
χειμών	sea.n.01	0.997602642	NA	0.56
χειμών	wind.n.01	0.965358496	2	2.63
χειμών	famine.n.02	0.981467068	NA	0.75
χειμών	winter.n.01	None	1	5.59
χειμών	winter.n.01	None	1	8.04
χειμών	winter.n.01	None	1	5.49
χειμών	winter.n.01	None	1	7.02
χειμών	winter.n.01	None	1	4.24
χειμών	day.n.04	0.968685806	NA	0.88
χειμών	storm.n.01	0.55438292	2	6.57
χειμών	storm.n.01	0.996043801	2	6.26
χειμών	winter.n.01	None	1	6.49
χειμών	winter.n.01	None	1	6.36
χειμών	storm.n.01	0.99447304	2	6.49
χειμών	adversity.n.01	0.393196076	NA	2.4
χειμών	storm.n.01	0.993956029	2	5.86
χειμών	storm.n.01	0.89343667	2	5.68
χειμών	winter.n.01	None	1	5.35
χειμών	winter.n.01	None	1	4.17
χειμών	winter.n.01	None	1	6.45
χειμών	winter.n.01	None	1	5.74
χειμών	winter.n.01	None	1	4.75
χειμών	winter.n.01	None	1	3.34
χειμών	winter.n.01	None	1	6.22
χειμών	winter.n.01	None	1	4.46
χειμών	winter.n.01	None	1	4.59
χειμών	storm.n.01	0.994318187	2	6.37
χειμών	winter.n.01	None	1	5.79
χειμών	winter.n.01	None	1	4.79
χειμών	winter.n.01	None	1	5.99
χειμών	winter.n.01	None	1	3.78
χειμών	winter.n.01	None	1	5.01
χειμών	winter.n.01	None	1	4.5
χειμών	winter.n.01	None	1	6.22
χειμών	winter.n.01	None	1	1.74
χειμών	winter.n.01	None	1	4.76
χειμών	winter.n.01	None	1	5.72
χειμών	winter.n.01	None	1	5.45
χειμών	winter.n.01	None	1	5.63
χειμών	winter.n.01	None	1	4.52
χειμών	winter.n.01	None	1	5.41
χειμών	winter.n.01	None	1	5.12
χειμών	winter.n.01	None	1	5.16
χειμών	winter.n.01	None	1	5.17
χειμών	winter.n.01	None	1	5.14
χειμών	weather.n.01	None	3	3.5
χειμών	winter.n.01	None	1	5.64
χειμών	winter.n.01	None	1	5.38
χειμών	winter.n.01	None	1	4.89
χειμών	winter.n.01	None	1	4.31
χειμών	storm.n.01	0.975528181	2	3.83
χειμών	storm.n.01	0.97834444	2	1.26
χειμών	storm.n.01	0.999002516	2	3.88
χειμών	winter.n.01	None	1	5.86
χειμών	storm.n.01	0.995179772	2	4.71
χειμών	winter.n.01	None	1	2.71
χειμών	winter.n.01	None	1	6.28
χειμών	winter.n.01	None	1	6.79
χειμών	winter.n.01	None	1	3.99
χειμών	winter.n.01	None	1	5.71
χειμών	storm.n.01	0.997803032	2	4.86
χειμών	storm.n.01	0.939259171	2	3.45
χειμών	winter.n.01	None	1	3.01
χειμών	winter.n.01	None	1	3.85
χειμών	spring.n.01	0.997516274	NA	3.09
χειμών	winter.n.01	None	1	3.96
χειμών	storm.n.01	0.997683287	2	5.28
χειμών	storm.n.01	0.979572475	2	4.22
χειμών	day.n.01	0.818949938	NA	0.48
χειμών	winter.n.01	None	1	5.88
χειμών	winter.n.01	None	1	4.46
χειμών	winter.n.01	None	1	3.88
χειμών	storm.n.01	0.998171926	2	3.87
χειμών	storm.n.01	0.998094141	2	3.45
χειμών	storm.n.01	0.996433973	2	3.88
χειμών	winter.n.01	None	1	2.69
χειμών	winter.n.01	None	1	5.99
χειμών	winter.n.01	None	1	2.92
χειμών	winter.n.01	None	1	5.99
χειμών	storm.n.01	0.997926116	2	4.16
χειμών	storm.n.01	0.990074456	2	3.71
χειμών	winter.n.01	None	1	5.37
χειμών	winter.n.01	None	1	5.41
χειμών	storm.n.02	0.90467453	4	3.1
χειμών	hurricane.n.01	None	2	4
χειμών	winter.n.01	None	1	5.22
χειμών	storm.n.01	0.998872221	2	3.35
χειμών	winter.n.01	None	1	4.39
χειμών	storm.n.01	0.996895432	2	3.9
χειμών	storm.n.01	0.998375535	2	4.51
χειμών	tempest.n.02	0.701649189	2	2.48
χειμών	winter.n.01	None	1	6.26
χειμών	winter.n.01	None	1	4.48
χειμών	winter.n.01	None	1	4.97
χειμών	winter.n.01	None	1	3.97
χειμών	winter.n.01	None	1	5.8
χειμών	winter.n.01	None	1	1.16
χειμών	storm.n.01	0.985311627	2	5.38
χειμών	storm.n.01	0.997422695	2	3.22
χειμών	storm.n.01	0.996383905	2	2.45
χειμών	weather.n.01	None	3	2.29
χειμών	winter.n.01	None	1	4.83
χειμών	winter.n.01	None	1	5.52
χειμών	winter.n.01	None	1	3.65
χειμών	tempest.n.02	0.650839329	2	3.32
χειμών	winter.n.01	None	1	3.49
χειμών	storm.n.01	0.997598708	2	5.99
χειμών	storm.n.01	0.551513076	2	4.11
χειμών	storm.n.01	0.539348841	2	5.84
πρόσωπον	face.n.01	0.910306454	1	2.62
πρόσωπον	face.n.01	0.983085573	1	5.6
πρόσωπον	face.n.01	0.971062541	1	4.17
πρόσωπον	face.n.01	0.768508315	1	4.04
πρόσωπον	face.n.01	0.792991698	1	3.6
πρόσωπον	face.n.01	0.982463598	1	4.36
πρόσωπον	countenance.n.01	0.869861543	2	1.61
πρόσωπον	face.n.01	0.944979966	1	4.59
πρόσωπον	face.n.01	0.951683581	1	4.53
πρόσωπον	face.n.01	0.969608426	1	4.9
πρόσωπον	face.n.01	0.991609871	1	2.94
πρόσωπον	countenance.n.01	0.96560961	2	4.41
πρόσωπον	face.n.01	0.953618348	1	4.24
πρόσωπον	countenance.n.01	0.924710453	2	1.19
πρόσωπον	face.n.01	0.896339655	1	5.03
πρόσωπον	face.n.01	0.937676311	1	4.53
πρόσωπον	face.n.01	0.572887659	1	6.15
πρόσωπον	face.n.01	0.945798218	1	4.06
πρόσωπον	face.n.01	0.973406076	1	4.57
πρόσωπον	brow.n.01	0.820568442	NA	3.45
πρόσωπον	face.n.01	0.966680944	1	3.96
πρόσωπον	face.n.01	0.551111162	1	4.03
πρόσωπον	face.n.03	0.482782245	4	1.04
πρόσωπον	side.n.04	0.482385904	5	5.76
πρόσωπον	face.n.01	0.792355716	1	5.15
πρόσωπον	person.n.01	0.993848026	3	3.79
πρόσωπον	person.n.01	0.987765789	3	1.28
πρόσωπον	countenance.n.01	0.900351167	2	4.75
πρόσωπον	face.n.01	0.88032496	1	4.55
πρόσωπον	eye.n.01	0.906602919	NA	1.08
πρόσωπον	face.n.01	0.939226449	1	3.25
πρόσωπον	fictional_character.n.01	0.61133045	7	1.38
πρόσωπον	face.n.01	0.819056273	1	6.08
πρόσωπον	statue.n.01	None	NA	0.35
πρόσωπον	countenance.n.01	0.95977056	2	3.48
πρόσωπον	face.n.01	0.903329849	1	4.5
πρόσωπον	face.n.01	0.956162632	1	5.79
πρόσωπον	face.n.01	0.937764585	1	6.68
πρόσωπον	face.n.01	0.984842658	1	6.15
πρόσωπον	face.n.01	0.877853453	1	4.76
πρόσωπον	feature.n.01	0.698524356	12	4.66
πρόσωπον	countenance.n.01	0.848329008	2	3.27
πρόσωπον	person.n.01	0.997401595	3	1.26
πρόσωπον	character.n.03	0.88407141	8	2.44
πρόσωπον	character.n.03	0.771372139	8	2.42
πρόσωπον	face.n.01	0.510412812	1	4.71
πρόσωπον	fictional_character.n.01	0.296544045	7	3.09
πρόσωπον	fictional_character.n.01	0.614663363	7	3.87
πρόσωπον	fictional_character.n.01	0.534557164	7	2.46
πρόσωπον	countenance.n.01	0.897841334	2	3.46
πρόσωπον	character.n.03	0.797421455	8	3.69
πρόσωπον	face.n.01	0.976155281	1	5.62
πρόσωπον	character.n.05	0.297947168	NA	1.06
πρόσωπον	character.n.03	0.605129421	8	4.03
πρόσωπον	face.n.01	0.625256419	1	6.09
πρόσωπον	character.n.03	0.501969457	8	2.36
πρόσωπον	countenance.n.01	0.913389862	2	3.77
πρόσωπον	face.n.01	0.963966489	1	6.3
πρόσωπον	countenance.n.01	0.755449831	2	3.65
πρόσωπον	countenance.n.01	0.931603432	2	3.78
πρόσωπον	countenance.n.01	0.842848301	2	2.91
πρόσωπον	face.n.01	0.977787256	1	4.77
πρόσωπον	face.n.01	0.931900203	1	4.29
πρόσωπον	countenance.n.01	0.913284957	2	2.8
πρόσωπον	expression.n.01	0.919083476	2	0.43
πρόσωπον	face.n.01	0.920887351	1	4.21
πρόσωπον	face.n.01	0.882493317	1	5.5
πρόσωπον	countenance.n.01	0.915233135	2	2.82
πρόσωπον	feature.n.02	0.944149971	1	3.47
πρόσωπον	face.n.01	0.909443617	1	4.17
πρόσωπον	face.n.01	0.887259841	1	6.87
πρόσωπον	face.n.01	0.953431547	1	6.09
πρόσωπον	countenance.n.01	0.905147076	2	2.44
πρόσωπον	countenance.n.01	0.934523046	2	3.14
πρόσωπον	face.n.01	0.932034016	1	5.2
πρόσωπον	face.n.01	0.957849443	1	4.14
πρόσωπον	face.n.01	0.939023733	1	4.89
πρόσωπον	countenance.n.01	0.9367401	2	1.51
πρόσωπον	face.n.01	0.666799366	1	6.04
πρόσωπον	countenance.n.01	0.881371915	2	2.6
πρόσωπον	face.n.01	0.940461695	1	6.54
πρόσωπον	face.n.01	0.908823609	1	4.82
πρόσωπον	countenance.n.01	0.793505609	2	1.79
πρόσωπον	face.n.01	0.939834654	1	3.03
πρόσωπον	countenance.n.01	0.943040252	2	3.4
πρόσωπον	countenance.n.01	0.900713801	2	2.36
πρόσωπον	countenance.n.01	0.887120068	2	2.42
πρόσωπον	face.n.01	0.94910872	1	5.42
πρόσωπον	countenance.n.01	0.894785643	2	1.66
πρόσωπον	character.n.04	0.906325519	7	1.98
πρόσωπον	face.n.01	0.889762342	1	4.16
πρόσωπον	face.n.01	0.961000502	1	4.81
πρόσωπον	countenance.n.01	0.952831864	2	2.76
πρόσωπον	face.n.01	0.97364229	1	2.79
πρόσωπον	face.n.01	0.964161813	1	6.04
πρόσωπον	feature.n.01	0.754532158	12	2.49
πρόσωπον	feature.n.01	0.576785564	12	3.58
πρόσωπον	countenance.n.01	0.924685061	2	2.23
πρόσωπον	expression.n.01	0.641970813	2	1.64
πρόσωπον	feature.n.02	0.876425803	1	1.9
πρόσωπον	face.n.01	0.97785145	1	6.33
πρόσωπον	countenance.n.01	0.739429057	2	2.88
πρόσωπον	face.n.01	0.956430912	1	5.48
πρόσωπον	face.n.01	0.972456038	1	4.15
πρόσωπον	face.n.01	0.722298265	1	5.39
πρόσωπον	face.n.01	0.933222771	1	4.06
πρόσωπον	expression.n.01	0.852737725	2	2.79
πρόσωπον	face.n.01	0.752168298	1	5.44
πρόσωπον	countenance.n.01	0.837306261	2	3.11
πρόσωπον	face.n.01	0.957645535	1	4.37
πρόσωπον	face.n.01	0.979973793	1	5.8
πρόσωπον	face.n.01	0.884985089	1	6.37
πρόσωπον	face.n.01	0.951271534	1	5.74
πρόσωπον	face.n.01	0.924644232	1	5.32
πρόσωπον	countenance.n.01	0.897324264	2	3.37
πρόσωπον	face.n.01	0.964579999	1	5.25
πρόσωπον	face.n.01	0.973009765	1	3.79
πρόσωπον	face.n.01	0.973735213	1	5.47
πρόσωπον	face.n.01	0.96043092	1	4.23
πρόσωπον	face.n.01	0.964085579	1	5.48
πρόσωπον	countenance.n.01	0.940836132	2	2.06
πρόσωπον	mask.n.02	0.741805494	13	1.64
πρόσωπον	countenance.n.01	0.939664423	2	3.31
πρόσωπον	countenance.n.01	0.892548323	2	3.43
πρόσωπον	feature.n.02	0.943036199	1	2.81
πρόσωπον	face.n.01	0.840483546	1	4.42
πρόσωπον	face.n.01	0.895056069	1	3.97
πρόσωπον	countenance.n.01	0.918021202	2	3.17
πρόσωπον	face.n.01	0.980818808	1	6.3
πρόσωπον	face.n.01	0.989114165	1	4.88
πρόσωπον	countenance.n.01	0.874587059	2	3.99
πρόσωπον	face.n.01	0.953618288	1	3.96
πρόσωπον	face.n.01	0.981497645	1	4.98
πρόσωπον	face.n.01	0.927884758	1	4.32
πρόσωπον	face.n.01	0.5401299	1	6.27
πρόσωπον	feature.n.02	0.643779159	1	2.76
πρόσωπον	personage.n.01	0.712342501	3	4.21
πρόσωπον	actor.n.01	0.992321074	NA	2.32
πρόσωπον	face.n.01	0.760784566	1	3.8
πρόσωπον	face.n.01	0.934706867	1	5.8
πρόσωπον	face.n.01	0.952335596	1	5.9
πρόσωπον	face.n.01	0.770208716	1	6.37
πρόσωπον	face.n.01	0.674960494	1	5.91
πρόσωπον	feature.n.02	0.744061649	1	1.54
πρόσωπον	face.n.01	0.514881253	1	3.85
πρόσωπον	face.n.01	0.980233252	1	4.71
πρόσωπον	countenance.n.01	0.798011303	2	4.39
πρόσωπον	face.n.01	0.493723154	1	5.47
πρόσωπον	portrait.n.02	0.964973032	NA	2.96
πρόσωπον	mask.n.02	0.850161314	13	1.85
πρόσωπον	expression.n.01	0.806132615	2	1.28
πρόσωπον	face.n.01	0.943009377	1	5.41
πρόσωπον	face.n.01	0.954038084	1	4.92
πρόσωπον	face.n.01	0.911587417	1	2.17
πρόσωπον	face.n.01	0.972569764	1	2.51
πρόσωπον	face.n.01	0.928224623	1	6.16
πρόσωπον	feature.n.02	0.932017207	1	2.54
πρόσωπον	face.n.01	0.936165333	1	3.41
πρόσωπον	face.n.01	0.973923743	1	4.23
πρόσωπον	countenance.n.01	0.923999071	2	4.03
πρόσωπον	expression.n.01	0.8656106	2	1.09
πρόσωπον	countenance.n.01	0.857463658	2	3.54
πρόσωπον	face.n.01	0.982782722	1	5.84
πρόσωπον	brow.n.01	0.760115862	NA	2.47
πρόσωπον	countenance.n.01	0.825395405	2	2.38
πρόσωπον	countenance.n.01	0.92034018	2	3.49
πρόσωπον	countenance.n.01	0.914364338	2	2.27
πρόσωπον	face.n.01	0.578485012	1	5.48
πρόσωπον	face.n.01	0.956168771	1	6.15
πρόσωπον	face.n.01	0.963140368	1	4.23
πρόσωπον	face.n.01	0.961774528	1	6.61
πρόσωπον	face.n.01	0.905997396	1	4.11
πρόσωπον	countenance.n.01	0.928074479	2	3.06
πρόσωπον	head.n.01	0.995934486	1	1.71
πρόσωπον	countenance.n.01	0.93375206	2	2.57
πρόσωπον	countenance.n.01	0.872653365	2	2.52
πρόσωπον	countenance.n.01	0.878631055	2	2.25
πρόσωπον	face.n.01	0.551589489	1	4.66
πρόσωπον	countenance.n.03	0.555432439	1	4.33
πρόσωπον	brow.n.01	0.554644883	NA	1.39
πρόσωπον	face.n.01	0.783839524	1	6.21
πρόσωπον	face.n.01	0.738487303	1	5.61
πρόσωπον	face.n.01	0.696877003	1	5.32
πρόσωπον	face.n.01	0.901369512	1	4.94
πρόσωπον	countenance.n.01	0.877867699	2	3.74
πρόσωπον	face.n.01	0.948684275	1	4.66
πρόσωπον	countenance.n.01	0.877915561	2	3.02
πρόσωπον	face.n.01	0.883578598	1	6.56
πρόσωπον	face.n.03	0.709493279	4	3.95
πρόσωπον	face.n.01	0.783476114	1	2.59
πρόσωπον	face.n.01	0.94742167	1	4.05
πρόσωπον	countenance.n.01	0.892316282	2	2.9
πρόσωπον	face.n.01	0.918947935	1	2.82
πρόσωπον	face.n.01	0.984654665	1	4.4
πρόσωπον	boldness.n.02	0.274151951	NA	1.79
πρόσωπον	fictional_character.n.01	0.746159613	7	2.29
πρόσωπον	side.n.04	0.508423686	5	2.89
πρόσωπον	face.n.01	0.986596644	1	5.19
πρόσωπον	face.n.03	0.423757911	4	4.61
πρόσωπον	face.n.01	0.682072043	1	5.09
πρόσωπον	face.n.01	0.824457705	1	5.52
πρόσωπον	face.n.07	0.398264319	1	5.48
πρόσωπον	countenance.n.01	0.831815839	2	3.81
πρόσωπον	face.n.01	0.72539562	1	4.82
πρόσωπον	face.n.01	0.65338397	1	1.92
πρόσωπον	person.n.03	0.506173968	11	1.27
πρόσωπον	face.n.01	0.888962805	1	3.27
πρόσωπον	countenance.n.01	0.90467298	2	2.84
πρόσωπον	face.n.01	0.541342258	1	1.83
πρόσωπον	face.n.01	0.87994206	1	5.32
πρόσωπον	face.n.01	0.877968848	1	6.34
πρόσωπον	face.n.01	0.889702797	1	6.01
πρόσωπον	countenance.n.01	0.773393929	2	3.87
πρόσωπον	face.n.01	0.749961555	1	3.29
πρόσωπον	person.n.01	0.999354422	3	3.32
πρόσωπον	face.n.01	0.546323717	1	5.16
πρόσωπον	face.n.03	0.517160535	4	5.26
πρόσωπον	face.n.01	0.4182024	1	4.72
πρόσωπον	grimace.n.01	None	NA	1.21
πρόσωπον	grimace.n.01	None	NA	0.56
πρόσωπον	face.n.01	0.961979806	1	6.54
πρόσωπον	side.n.04	0.685811162	5	1.88
πρόσωπον	porch.n.01	None	NA	1.06
πρόσωπον	face.n.01	0.972209871	1	5.13
πρόσωπον	figure.n.08	0.337750793	8	0.81
πρόσωπον	face.n.01	0.629927278	1	1.79
πρόσωπον	face.n.03	0.783703864	4	4.87
πρόσωπον	face.n.07	0.71628511	1	1.79
πρόσωπον	face.n.07	0.547485888	1	4.39
πρόσωπον	face.n.01	0.927261353	1	6.48
πρόσωπον	face.n.01	0.869305611	1	5.87
πρόσωπον	face.n.01	0.947345614	1	3.78
πρόσωπον	face.n.01	0.841207325	1	4.28
πρόσωπον	face.n.01	0.976789296	1	4.64
πρόσωπον	face.n.01	0.950255632	1	3.3
πρόσωπον	countenance.n.01	0.904981434	2	2.75
πρόσωπον	face.n.01	0.833897054	1	5.13
πρόσωπον	fictional_character.n.01	0.97506237	7	3.24
πρόσωπον	person.n.01	0.997967541	3	3.27
πρόσωπον	person.n.01	0.982594311	3	2.62
πρόσωπον	person.n.01	0.999734342	3	2.1
πρόσωπον	person.n.01	0.9953022	3	1.14
πρόσωπον	person.n.01	0.987090945	3	3.56
πρόσωπον	person.n.01	0.997836649	3	2.83
πρόσωπον	person.n.01	0.992904723	3	2.59
πρόσωπον	subject.n.01	0.771931171	NA	2.15
πρόσωπον	person.n.01	0.988936007	3	3.47
πρόσωπον	person.n.01	0.9990201	3	0.87
πρόσωπον	person.n.01	0.998840511	3	3.5
πρόσωπον	person.n.01	0.996898055	3	1.67
πρόσωπον	person.n.01	0.998838842	3	2.42
πρόσωπον	person.n.01	0.997310162	3	1.99
πρόσωπον	person.n.01	0.998686135	3	2.82
πρόσωπον	person.n.03	0.74244076	11	3.22
πρόσωπον	person.n.01	0.998651803	3	4.02
πρόσωπον	person.n.01	0.998364151	3	1.08
πρόσωπον	person.n.01	0.998000443	3	4.11
πρόσωπον	person.n.01	0.998408258	3	3.4
πρόσωπον	person.n.01	0.999414325	3	3.43
πρόσωπον	person.n.01	0.999372542	3	3.79
πρόσωπον	person.n.01	0.990648568	3	0.89
πρόσωπον	person.n.01	0.992655277	3	3.35
πρόσωπον	personality.n.01	0.982208908	8	4.23
πρόσωπον	person.n.01	0.999282777	3	4.2
πρόσωπον	person.n.01	0.989241779	3	1.48
πρόσωπον	person.n.01	0.998811603	3	3.43
πρόσωπον	person.n.01	0.999378085	3	2.63
πρόσωπον	person.n.01	0.998255432	3	2.92
πρόσωπον	person.n.01	0.999138713	3	1.56
πρόσωπον	face.n.01	0.712028146	1	6.07
πρόσωπον	face.n.01	0.986159861	1	4.16
πρόσωπον	face.n.01	0.980353773	1	5.47
πρόσωπον	face.n.01	0.882491171	1	5.97
πρόσωπον	face.n.01	0.972462654	1	4.96
πρόσωπον	face.n.01	0.985446453	1	4.76
πρόσωπον	face.n.01	0.973081529	1	3.97
πρόσωπον	face.n.01	0.956925511	1	3.92
πρόσωπον	countenance.n.01	0.928445101	2	3.6
πρόσωπον	expression.n.01	0.312684894	2	4.53
πρόσωπον	fictional_character.n.01	0.915849388	7	1.9
πρόσωπον	fictional_character.n.01	0.958590269	7	2.95
πρόσωπον	person.n.01	0.998119175	3	2.67
πρόσωπον	facade.n.01	0.979318678	5	3.97
πρόσωπον	countenance.n.01	0.601895094	2	2.66
πρόσωπον	face.n.01	0.664292634	1	6.7
πρόσωπον	countenance.n.01	0.862712026	2	2.6
πρόσωπον	countenance.n.03	0.539592206	1	2.66
πρόσωπον	face.n.01	0.966593623	1	3.88
πρόσωπον	countenance.n.01	0.898138642	2	2.11
πρόσωπον	countenance.n.03	0.616410851	1	2.54
πρόσωπον	countenance.n.01	0.642133474	2	2.85
πρόσωπον	face.n.01	0.747922122	1	3.9
πρόσωπον	countenance.n.01	0.879171729	2	2.4
πρόσωπον	face.n.01	0.97672981	1	1.6
πρόσωπον	face.n.01	0.98379761	1	1.32
πρόσωπον	face.n.01	0.953240395	1	4.09
πρόσωπον	face.n.01	0.816888154	1	5.08
πρόσωπον	face.n.01	0.480891794	1	4.16
πρόσωπον	face.n.01	0.967462838	1	2.79
πρόσωπον	face.n.01	0.954962254	1	4.51
πρόσωπον	face.n.01	0.724350631	1	5.95
πρόσωπον	face.n.01	0.989533603	1	3.59
πρόσωπον	face.n.03	0.525081396	4	2.81
πρόσωπον	countenance.n.01	0.65219754	2	2.86
πρόσωπον	face.n.01	0.80137074	1	6.07
πρόσωπον	face.n.01	0.649983108	1	6.16
πρόσωπον	face.n.01	0.832497597	1	5.49
πρόσωπον	face.n.01	0.601235986	1	5.59
πρόσωπον	expression.n.01	0.439484745	2	4.27
πρόσωπον	face.n.01	0.914087057	1	3.62
πρόσωπον	feature.n.02	0.968865931	1	2.64
πρόσωπον	face.n.01	0.840120673	1	5.73
πρόσωπον	face.n.01	0.735172808	1	4.36
πρόσωπον	face.n.01	0.925666451	1	4.83
πρόσωπον	feature.n.02	0.96001488	1	2.76
πρόσωπον	face.n.01	0.66111201	1	5.16
πρόσωπον	face.n.01	0.9277426	1	6.27
πρόσωπον	function.n.03	0.716949701	13	2.1
πρόσωπον	face.n.01	0.89304781	1	2.03
πρόσωπον	face.n.01	0.991632283	1	4.95
πρόσωπον	person.n.01	0.897237659	3	1.59
πρόσωπον	person.n.01	0.999561965	3	2.59
πρόσωπον	person.n.01	0.999504805	3	2.1
πρόσωπον	person.n.01	0.999046385	3	2.77
πρόσωπον	face.n.01	0.753487289	1	1.16
πρόσωπον	face.n.01	0.547033608	1	4.1
πρόσωπον	presence.n.03	0.373265713	6	0.8
πρόσωπον	person.n.01	0.909309089	3	1.37
πρόσωπον	person.n.01	0.988349557	3	2.05
πρόσωπον	face.n.07	0.530015767	1	2.59
πρόσωπον	face.n.01	0.967921436	1	1.5
πρόσωπον	face.n.01	0.863489568	1	3.1
πρόσωπον	face.n.01	0.987455904	1	3.98
πρόσωπον	face.n.01	0.964195609	1	4.4
πρόσωπον	countenance.n.01	0.903711677	2	3.52
πρόσωπον	appearance.n.01	0.933777392	2	2.23
πρόσωπον	face.n.01	0.902602911	1	5.64
πρόσωπον	person.n.01	0.924709022	3	2.1
πρόσωπον	person.n.01	0.91864264	3	1.93
πρόσωπον	person.n.01	0.959973752	3	1.63
πρόσωπον	person.n.01	0.999337733	3	2.26
πρόσωπον	person.n.01	0.975003004	3	0.66
πρόσωπον	face.n.01	0.414704025	1	4.51
πρόσωπον	side.n.04	0.463770539	5	4.27
πρόσωπον	face.n.01	0.556737244	1	6.28
πρόσωπον	presence.n.02	0.340154022	6	0.73
πρόσωπον	face.n.01	0.518228233	1	4.23
πρόσωπον	face.n.01	0.570880473	1	5.87
πρόσωπον	person.n.01	0.934883952	3	1.39
πρόσωπον	presence.n.02	0.39818418	6	0.6
πρόσωπον	person.n.01	0.866326451	3	1.54
πρόσωπον	face.n.01	0.88943553	1	4.75
πρόσωπον	person.n.01	0.89259541	3	0.88
πρόσωπον	face.n.01	0.939346433	1	4.11
πρόσωπον	face.n.01	0.887336075	1	4.97
πρόσωπον	face.n.01	0.777823865	1	4.62
πρόσωπον	person.n.01	0.993081987	3	3.87
πρόσωπον	face.n.07	0.576555014	1	5.82
πρόσωπον	face.n.01	0.706285715	1	4.06
πρόσωπον	face.n.01	0.933747888	1	4.72
πρόσωπον	face.n.01	0.534352899	1	4.98
πρόσωπον	face.n.03	0.449559569	4	6.52
πρόσωπον	person.n.01	0.879747152	3	0.95
πρόσωπον	face.n.01	0.455977857	1	1.31
πρόσωπον	presence.n.01	0.534369886	6	0.57
πρόσωπον	face.n.01	0.434006453	1	5.82
πρόσωπον	face.n.01	0.382819265	1	5.9
πρόσωπον	face.n.01	0.421886355	1	5.65
πρόσωπον	face.n.01	0.83928144	1	6.87
πρόσωπον	countenance.n.01	0.804554582	2	1.8
πρόσωπον	face.n.01	0.966843426	1	6.64
πρόσωπον	face.n.01	0.851834297	1	5.75
πρόσωπον	face.n.01	0.872784257	1	6.33
πρόσωπον	countenance.n.01	0.915973902	2	2.69
πρόσωπον	face.n.01	0.780866623	1	6.26
πρόσωπον	person.n.01	0.884033859	3	2.4
πρόσωπον	face.n.01	0.519430101	1	4.55
πρόσωπον	face.n.01	0.519430101	1	3.95
πρόσωπον	face.n.01	0.931061387	1	6.4
πρόσωπον	countenance.n.01	0.848467588	2	4.01
πρόσωπον	face.n.07	0.59272337	1	5.9
πρόσωπον	face.n.01	0.77485615	1	3.92
πρόσωπον	face.n.01	0.966392756	1	4.97
πρόσωπον	face.n.01	0.75395447	1	3.92
πρόσωπον	face.n.01	0.988363981	1	5.62
πρόσωπον	face.n.01	0.903967142	1	4.75
πρόσωπον	face.n.01	0.988817215	1	4.13
πρόσωπον	face.n.01	0.823927343	1	5.26
πρόσωπον	face.n.01	0.965510011	1	5.42
πρόσωπον	countenance.n.01	0.775515914	2	1.76
πρόσωπον	face.n.01	0.74711442	1	2.78
πρόσωπον	actor.n.01	0.88898319	NA	2.1
πρόσωπον	expression.n.01	0.7408095	2	1.18
πρόσωπον	expression.n.01	0.760544538	2	0.49
πρόσωπον	face.n.01	0.980822861	1	5.86
πρόσωπον	countenance.n.01	0.844575524	2	2.05
πρόσωπον	face.n.01	0.9753263	1	3.96
πρόσωπον	mask.n.01	0.796936274	9	1.83
πρόσωπον	countenance.n.01	0.653534114	2	4.73
πρόσωπον	cheek.n.01	0.991045117	NA	0.96
πρόσωπον	face.n.01	0.960246205	1	4.63
πρόσωπον	countenance.n.01	0.843286633	2	1.97
πρόσωπον	countenance.n.01	0.820391655	2	1.54
πρόσωπον	smile.n.01	None	NA	2.49
πρόσωπον	face.n.01	0.904844522	1	2.84
πρόσωπον	face.n.01	0.967680573	1	3.49
πρόσωπον	face.n.01	0.985882163	1	4.17
πρόσωπον	face.n.01	0.921359837	1	5.59
πρόσωπον	face.n.01	0.939773798	1	6.33
πρόσωπον	face.n.01	0.856569767	1	5.69
πρόσωπον	expression.n.01	0.631907403	2	0.42
πρόσωπον	face.n.01	0.981725991	1	4.89
πρόσωπον	face.n.01	0.984609246	1	5.31
πρόσωπον	mask.n.01	0.659442961	9	3.71
πρόσωπον	mask.n.01	0.637828946	9	3.81
πρόσωπον	character.n.03	0.636699796	8	2.11
πρόσωπον	mask.n.01	0.701695681	9	1.65
πρόσωπον	cheek.n.01	0.993158996	NA	0.63
πρόσωπον	character.n.03	0.459804803	8	2.25
πρόσωπον	face.n.01	0.967397571	1	4.61
πρόσωπον	countenance.n.01	0.893660009	2	3.08
πρόσωπον	mask.n.01	0.669150114	9	1.26
πρόσωπον	side.n.04	0.641082525	5	5.42
πρόσωπον	face.n.01	0.952724755	1	6.36
πρόσωπον	face.n.01	0.9473086	1	3.55
πρόσωπον	face.n.01	0.919258296	1	6.05
πρόσωπον	face.n.01	0.905840576	1	4.33
πρόσωπον	face.n.01	0.965448141	1	5.8
πρόσωπον	face.n.01	0.861508727	1	4.64
πρόσωπον	face.n.01	0.514495075	1	6.85
πρόσωπον	face.n.01	0.867365837	1	4.7
πρόσωπον	brow.n.01	0.836684227	NA	4.77
πρόσωπον	face.n.01	0.957691431	1	5.6
πρόσωπον	expression.n.01	0.730596483	2	0.87
πρόσωπον	countenance.n.01	0.629888117	2	4.13
πρόσωπον	face.n.01	0.640419245	1	5.79
πρόσωπον	face.n.01	0.657567799	1	2.2
πρόσωπον	face.n.01	0.960132658	1	4.35
πρόσωπον	face.n.03	0.468748838	4	1.7
πρόσωπον	face.n.01	0.639960289	1	3.02
πρόσωπον	side.n.04	0.602966189	5	3.67
πρόσωπον	face.n.01	0.514584601	1	6.36
πρόσωπον	side.n.04	0.502112448	5	2.16
πρόσωπον	face.n.01	0.953043163	1	5.52
πρόσωπον	face.n.01	0.926322937	1	2.98
πρόσωπον	face.n.01	0.934432209	1	3.9
πρόσωπον	face.n.01	0.956141472	1	3.69
πρόσωπον	face.n.01	0.836693764	1	3.57
πρόσωπον	face.n.01	0.870086253	1	4.27
πρόσωπον	face.n.03	0.713984489	4	5.63
πρόσωπον	face.n.01	0.857259393	1	5.44
πρόσωπον	face.n.01	0.959370077	1	3.75
πρόσωπον	face.n.01	0.980753124	1	5.23
πρόσωπον	face.n.01	0.971578419	1	6.15
πρόσωπον	bust.n.03	0.999511003	9	2.83
πρόσωπον	face.n.01	0.964841604	1	5.44
πρόσωπον	face.n.01	0.958205163	1	3.68
πρόσωπον	face.n.01	0.908362508	1	4.98
πρόσωπον	face.n.01	0.969792008	1	4.12
πρόσωπον	face.n.01	0.897378325	1	4.4
πρόσωπον	mask.n.01	0.872645557	9	0.49
πρόσωπον	mask.n.01	0.718463659	9	1.37
πρόσωπον	face.n.01	0.961909711	1	5.69
πρόσωπον	side.n.04	0.288895994	5	5.87
πρόσωπον	countenance.n.01	0.762108624	2	2.42
πρόσωπον	face.n.01	0.954164505	1	4.32
πρόσωπον	face.n.01	0.794466317	1	3.01
πρόσωπον	face.n.01	0.900621951	1	2.38
πρόσωπον	side.n.04	0.393010288	5	5.88
πρόσωπον	face.n.01	0.722221017	1	4.44
πρόσωπον	face.n.01	0.982263148	1	5.33
πρόσωπον	face.n.01	0.989656687	1	6.56
πρόσωπον	face.n.01	0.872407138	1	5.18
πρόσωπον	brow.n.01	0.931263149	NA	2.7
πρόσωπον	expression.n.01	0.809756815	2	2.27
πρόσωπον	face.n.01	0.466563523	1	5.23
πρόσωπον	face.n.01	0.565640748	1	5.78
πρόσωπον	face.n.01	0.954671443	1	3.71
πρόσωπον	face.n.07	0.742021382	1	6.4
πρόσωπον	face.n.01	0.9104684	1	3.91
πρόσωπον	expression.n.01	0.916616678	2	0.34
πρόσωπον	face.n.01	0.959585071	1	5.77
πρόσωπον	face.n.01	0.959226549	1	1.78
πρόσωπον	face.n.01	0.949601114	1	4.56
πρόσωπον	face.n.03	0.564086795	4	1.63
πρόσωπον	face.n.01	0.965137541	1	3.94
πρόσωπον	face.n.01	0.925716639	1	5.02
πρόσωπον	face.n.01	0.93829304	1	4.43
πρόσωπον	feature.n.02	0.501634598	1	2.96
πρόσωπον	face.n.01	0.817180455	1	3.95
πρόσωπον	face.n.01	0.978403986	1	6.58
πρόσωπον	countenance.n.01	0.906438529	2	3.94
πρόσωπον	face.n.01	0.777454853	1	3.64
πρόσωπον	face.n.01	0.956632257	1	2.98
πρόσωπον	face.n.01	0.915392637	1	4.4
πρόσωπον	face.n.01	0.966963232	1	2.22
πρόσωπον	face.n.01	0.938541293	1	6.33
πρόσωπον	face.n.01	0.951875687	1	3.39
πρόσωπον	face.n.01	0.600713909	1	5.74
πρόσωπον	countenance.n.01	0.909471035	2	4.7
πρόσωπον	countenance.n.01	0.576922119	2	2.94
πρόσωπον	face.n.01	0.955584407	1	5.24
πρόσωπον	countenance.n.01	0.784556806	2	3.5
πρόσωπον	face.n.01	0.850122631	1	4.79
πρόσωπον	face.n.01	0.483353019	1	5.63
πρόσωπον	face.n.01	0.979384422	1	6.66
πρόσωπον	face.n.01	0.883334935	1	6.48
πρόσωπον	person.n.01	0.84214294	3	3.54
πρόσωπον	person.n.01	0.803083122	3	3.02
πρόσωπον	important_person.n.01	0.635015368	3	2.53
πρόσωπον	appearance.n.01	0.982370853	2	2.62
πρόσωπον	face.n.01	0.984640956	1	5.09
πρόσωπον	name.n.04	0.986784518	3	2.11
πρόσωπον	person.n.01	0.999865532	3	2.39
πρόσωπον	person.n.01	0.975964248	3	1.68
πρόσωπον	function.n.03	0.397457629	13	0.59
πρόσωπον	face.n.03	0.367754251	4	6.81
πρόσωπον	face.n.01	0.969854593	1	4.75
πρόσωπον	important_person.n.01	0.935570836	3	3.95
πρόσωπον	person.n.01	0.942486227	3	2.4
πρόσωπον	important_person.n.01	0.90082407	3	2.2
πρόσωπον	person.n.01	0.9997105	3	2.65
πρόσωπον	person.n.01	0.800142169	3	2.08
πρόσωπον	person.n.01	0.638965368	3	0.83
πρόσωπον	person.n.01	0.898001373	3	2.18
πρόσωπον	important_person.n.01	0.79553479	3	1.95
πρόσωπον	people.n.01	0.901342988	3	0.4
πρόσωπον	fictional_character.n.01	0.734151661	7	3.03
πρόσωπον	fictional_character.n.01	0.666767418	7	1.69
πρόσωπον	important_person.n.01	0.859690249	3	3.69
πρόσωπον	expression.n.01	0.464926481	2	3.9
πρόσωπον	face.n.01	0.937174141	1	5.68
πρόσωπον	face.n.01	0.92297107	1	3.3
πρόσωπον	face.n.01	0.934904397	1	6.46
πρόσωπον	expression.n.01	0.868387103	2	0.66
πρόσωπον	face.n.01	0.857635379	1	4.63
πρόσωπον	face.n.07	0.74949795	1	6.52
πρόσωπον	face.n.07	0.648290694	1	4.62
πρόσωπον	face.n.01	0.901728511	1	5.16
πρόσωπον	face.n.01	0.959638178	1	5.15
πρόσωπον	face.n.01	0.761234999	1	4.98
πρόσωπον	glance.n.01	None	NA	2.25
πρόσωπον	face.n.07	0.56135416	1	3.35
πρόσωπον	face.n.01	0.937913239	1	6.04
πρόσωπον	face.n.01	0.919427097	1	4.81
πρόσωπον	face.n.07	0.525056005	1	4.91
πρόσωπον	face.n.01	0.748705387	1	5.83
πρόσωπον	face.n.07	0.776317894	1	3.14
πρόσωπον	face.n.01	0.643572092	1	4.96
πρόσωπον	face.n.07	0.705326796	1	5.59
πρόσωπον	face.n.07	0.788046658	1	3.99
πρόσωπον	head.n.01	0.989625871	1	1.38
πρόσωπον	face.n.01	0.673348606	1	5.35
πρόσωπον	face.n.07	0.491527438	1	4.98
πρόσωπον	face.n.07	0.761945248	1	3.25
πρόσωπον	face.n.01	0.496931672	1	4.39
πρόσωπον	face.n.01	0.586814523	1	2.24
πρόσωπον	body.n.01	0.872006476	NA	2.77
πρόσωπον	face.n.01	0.972685516	1	5.3
πρόσωπον	person.n.01	0.838240087	3	0.53
πρόσωπον	face.n.01	0.916532934	1	5.34
πρόσωπον	face.n.01	0.934723854	1	3.93
πρόσωπον	side.n.04	0.384333879	5	4.09
πρόσωπον	face.n.01	0.805150747	1	2.81
πρόσωπον	countenance.n.01	0.799059033	2	2.29
πρόσωπον	countenance.n.01	0.829003513	2	3.81
πρόσωπον	face.n.01	0.761604905	1	4.11
πρόσωπον	countenance.n.01	0.872435689	2	2.52
πρόσωπον	face.n.01	0.917857885	1	6.81
πρόσωπον	brow.n.01	0.928582191	NA	0.37
πρόσωπον	face.n.01	0.9803859	1	4.61
πρόσωπον	face.n.01	0.868163764	1	3.5
πρόσωπον	face.n.03	0.435524791	4	5.17
πρόσωπον	face.n.01	0.676361322	1	2.77
πρόσωπον	face.n.01	0.787454069	1	4.46
πρόσωπον	face.n.01	0.961845875	1	4.98
πρόσωπον	feature.n.01	0.845595121	12	0.9
πρόσωπον	countenance.n.01	0.542468905	2	1.52
πρόσωπον	face.n.01	0.571061909	1	6.56
πρόσωπον	face.n.01	0.950042486	1	1.53
πρόσωπον	face.n.01	0.815361977	1	6.15
πρόσωπον	face.n.01	0.585977376	1	5.62
πρόσωπον	face.n.01	0.836674988	1	5.84
πρόσωπον	face.n.03	0.830379784	4	5.34
πρόσωπον	person.n.01	0.999581993	3	2.95
πρόσωπον	mask.n.01	0.803533316	9	3.25
πρόσωπον	face.n.01	0.833399892	1	4.54
πρόσωπον	face.n.01	0.362345189	1	6.26
πρόσωπον	head.n.01	0.729776084	1	2.17
πρόσωπον	face.n.01	0.832277179	1	6.83
πρόσωπον	face.n.01	0.952171087	1	6.56
πρόσωπον	head.n.01	0.940809429	1	0.89
πρόσωπον	face.n.07	0.670843959	1	5.39
πρόσωπον	face.n.01	0.598151088	1	6.11
πρόσωπον	face.n.01	0.854722679	1	4.17
πρόσωπον	mouth.n.01	0.675488412	NA	1.64
πρόσωπον	face.n.01	0.958368897	1	6.82
πρόσωπον	face.n.01	0.968369126	1	6.14
πρόσωπον	face.n.03	0.440998197	4	2.89
πρόσωπον	face.n.01	0.863650262	1	5.2
πρόσωπον	face.n.03	0.983302414	4	1.5
πρόσωπον	face.n.01	0.8689726	1	4.63
πρόσωπον	face.n.01	0.977326453	1	6.44
πρόσωπον	fictional_character.n.01	0.558128238	7	3.58
πρόσωπον	mask.n.01	0.798669338	9	2.53
πρόσωπον	face.n.01	0.974992931	1	5.44
πρόσωπον	face.n.01	0.918053091	1	6.87
πρόσωπον	face.n.01	0.94038856	1	6.62
πρόσωπον	face.n.01	0.88085252	1	5.04
πρόσωπον	brow.n.01	0.833398402	NA	2.43
πρόσωπον	face.n.03	0.567917228	4	6.04
πρόσωπον	face.n.01	0.926894128	1	6.66
πρόσωπον	face.n.01	0.840892255	1	5.16
πρόσωπον	face.n.03	0.400358588	4	4.56
πρόσωπον	face.n.01	0.776550114	1	5.84
πρόσωπον	face.n.01	0.737599969	1	6.5
πρόσωπον	face.n.01	0.653784871	1	4.67
πρόσωπον	side.n.04	0.49177283	5	3.08
πρόσωπον	face.n.01	0.889866829	1	5.3
πρόσωπον	face.n.01	0.524987519	1	2.85
πρόσωπον	face.n.01	0.612981558	1	5
πρόσωπον	side.n.04	0.603570998	5	4.94
πρόσωπον	face.n.01	0.616168439	1	5.32
πρόσωπον	face.n.01	0.434546888	1	6.07
πρόσωπον	face.n.03	0.514364243	4	4.27
πρόσωπον	face.n.01	0.670045316	1	6.28
πρόσωπον	face.n.01	0.793437898	1	3.57
πρόσωπον	side.n.04	0.485431671	5	4.21
πρόσωπον	person.n.01	0.998370349	3	2.31
πρόσωπον	face.n.01	0.647410452	1	6.82
πρόσωπον	face.n.01	0.597050965	1	5.74
πρόσωπον	face.n.03	0.444762558	4	6.5
πρόσωπον	face.n.01	0.396467298	1	2.95
πρόσωπον	face.n.01	0.921013772	1	4.54
πρόσωπον	face.n.01	0.86876446	1	3.53
πρόσωπον	person.n.01	0.944007039	3	3.51
πρόσωπον	side.n.04	0.567977846	5	4.82
πρόσωπον	face.n.01	0.887771666	1	4.77
πρόσωπον	face.n.01	0.475198835	1	4.46
πρόσωπον	face.n.03	0.354913056	4	4.92
πρόσωπον	face.n.01	0.247490168	1	6.36
πρόσωπον	face.n.01	0.599244058	1	6.58
πρόσωπον	face.n.05	0.336877406	NA	2.91
πρόσωπον	face.n.01	0.775144994	1	5.35
πρόσωπον	face.n.01	0.66927737	1	4.57
πρόσωπον	face.n.01	0.418661416	1	5.08
πρόσωπον	face.n.01	0.723142445	1	6.3
πρόσωπον	face.n.03	0.559344113	4	4.77
πρόσωπον	side.n.04	0.511407554	5	5.02
πρόσωπον	face.n.01	0.842967153	1	5.9
πρόσωπον	face.n.01	0.588123024	1	4.94
πρόσωπον	face.n.01	0.515664041	1	5.74
πρόσωπον	face.n.01	0.936630726	1	6.07
πρόσωπον	face.n.01	0.826076388	1	4.16
πρόσωπον	face.n.01	0.575008154	1	6.28
πρόσωπον	countenance.n.01	0.687831044	2	2.38
πρόσωπον	face.n.11	0.330735415	NA	2.93
πρόσωπον	person.n.01	0.99218303	3	3.05
πρόσωπον	face.n.01	0.829212964	1	3.8
πρόσωπον	face.n.01	0.572505713	1	4.41
πρόσωπον	face.n.03	0.614261508	4	3.94
πρόσωπον	face.n.01	0.916825056	1	3.73
πρόσωπον	person.n.01	0.994672358	3	1.26
πρόσωπον	person.n.01	0.993625998	3	2.26
πρόσωπον	face.n.01	0.977420509	1	2.71
πρόσωπον	face.n.01	0.775952816	1	4.29
πρόσωπον	face.n.01	0.485065997	1	5.52
πρόσωπον	face.n.03	0.475215942	4	6.52
πρόσωπον	face.n.05	0.315860271	NA	6.26
πρόσωπον	face.n.03	0.44945845	4	6.56
πρόσωπον	face.n.01	0.616161883	1	5.27
πρόσωπον	face.n.01	0.616161883	1	5.52
πρόσωπον	side.n.04	0.51818186	5	3.7
πρόσωπον	face.n.01	0.741039872	1	3.91
πρόσωπον	eye.n.01	0.805481851	NA	1.36
πρόσωπον	face.n.01	0.724100292	1	4.51
πρόσωπον	face.n.01	0.766305387	1	5.93
πρόσωπον	face.n.01	0.903132617	1	3.42
πρόσωπον	face.n.01	0.797351241	1	4.55
πρόσωπον	face.n.01	0.94364208	1	5.94
πρόσωπον	face.n.01	0.966162145	1	2.9
πρόσωπον	face.n.01	0.90072763	1	4.03
πρόσωπον	face.n.01	0.984738231	1	4.18
πρόσωπον	face.n.01	0.380872011	1	1.57
πρόσωπον	face.n.01	0.903431177	1	4.18
πρόσωπον	face.n.01	0.72364229	1	5.3
πρόσωπον	face.n.07	0.896392882	1	0.88
πρόσωπον	face.n.07	0.826050222	1	0.91
πρόσωπον	character.n.03	0.817519665	8	2.19
πρόσωπον	countenance.n.01	0.819183588	2	1.89
πρόσωπον	saying.n.01	0.417306602	NA	1.27
πρόσωπον	face.n.01	0.890979946	1	6.3
πρόσωπον	mouth.n.01	0.653559327	NA	1.23
πρόσωπον	personality.n.01	0.989842236	8	1.73
πρόσωπον	person.n.01	0.969919086	3	2.93
πρόσωπον	person.n.01	0.943166733	3	2.19
πρόσωπον	face.n.01	0.88074708	1	6.48
πρόσωπον	face.n.01	0.97163105	1	3.79
πρόσωπον	face.n.01	0.968777239	1	6.18
πρόσωπον	character.n.03	0.667311311	8	2.17
πρόσωπον	face.n.01	0.778519928	1	5.35
πρόσωπον	face.n.01	0.841089964	1	5.89
πρόσωπον	side.n.04	0.460196406	5	6.05
πρόσωπον	side.n.04	0.421785057	5	5.47
πρόσωπον	face.n.03	0.512167096	4	3.14
πρόσωπον	face.n.03	0.332669914	4	5.32
πρόσωπον	face.n.03	0.601752698	4	3.09
πρόσωπον	expression.n.01	0.351511091	2	3.45
πρόσωπον	face.n.01	0.908661962	1	3.75
πρόσωπον	face.n.01	0.356914878	1	4.67
πρόσωπον	countenance.n.01	0.891745806	2	0.71
πρόσωπον	face.n.07	0.350470901	1	5.54
πρόσωπον	countenance.n.01	0.933182418	2	2.95
πρόσωπον	face.n.01	0.669671535	1	6.47
πρόσωπον	face.n.01	0.465468138	1	4.52
πρόσωπον	face.n.01	0.620069444	1	1.73
πρόσωπον	face.n.01	0.620069444	1	2.37
πρόσωπον	countenance.n.01	0.890929878	2	2.36
πρόσωπον	mouth.n.01	0.902279675	NA	1.53
πρόσωπον	side.n.04	0.369821042	5	4.59
πρόσωπον	face.n.01	0.934814036	1	3.91
πρόσωπον	face.n.01	0.813167572	1	5.48
πρόσωπον	face.n.01	0.813167572	1	2.93
πρόσωπον	face.n.01	0.909419179	1	5.13
πρόσωπον	character.n.03	0.641279697	8	0.81
πρόσωπον	character.n.03	0.879248202	8	2.2
πρόσωπον	face.n.01	0.422799557	1	5.36
πρόσωπον	face.n.01	0.37705946	1	6.29
πρόσωπον	face.n.01	0.280106783	1	1.64
πρόσωπον	face.n.01	0.872346699	1	2.78
πρόσωπον	face.n.01	0.656786799	1	5.12
πρόσωπον	face.n.01	0.430786669	1	6.18
πρόσωπον	face.n.01	0.417112827	1	6.07
πρόσωπον	face.n.01	0.569410801	1	5.92
πρόσωπον	face.n.01	0.745253325	1	5.13
πρόσωπον	face.n.01	0.687644362	1	2.48
πρόσωπον	face.n.01	0.890493095	1	2.44
πρόσωπον	face.n.03	0.822369635	4	5.65
πρόσωπον	face.n.01	0.49024266	1	2.07
πρόσωπον	face.n.03	0.527563274	4	5.69
πρόσωπον	presence.n.02	0.758015752	6	1.14
πρόσωπον	presence.n.02	0.472846657	6	0.65
πρόσωπον	person.n.01	0.968506992	3	3.64
πρόσωπον	mouth.n.01	0.973689973	NA	1.36
πρόσωπον	face.n.03	0.363789141	4	3.85
πρόσωπον	face.n.01	0.925551236	1	3.9
πρόσωπον	face.n.01	0.917323709	1	5.3
πρόσωπον	face.n.01	0.905982971	1	4.65
πρόσωπον	face.n.01	0.850793004	1	5.45
πρόσωπον	face.n.01	0.882698059	1	5.3
πρόσωπον	side.n.04	0.460288554	5	6.18
πρόσωπον	side.n.04	0.473419964	5	5.15
πρόσωπον	side.n.04	0.48572439	5	5.6
πρόσωπον	person.n.01	0.972141922	3	2.47
πρόσωπον	expression.n.01	0.280835927	2	6.47
πρόσωπον	expression.n.01	0.414847583	2	5.32
πρόσωπον	face.n.01	0.945165336	1	5.27
πρόσωπον	face.n.01	0.881958961	1	3.97
πρόσωπον	face.n.01	0.670138657	1	4.26
πρόσωπον	face.n.01	0.959686458	1	6.28
πρόσωπον	face.n.01	0.68348974	1	1.7
πρόσωπον	head.n.01	0.934382021	1	1.71
πρόσωπον	face.n.01	0.840919733	1	3.72
πρόσωπον	face.n.01	0.977183342	1	5.56
πρόσωπον	countenance.n.01	0.868385673	2	2.67
πρόσωπον	face.n.01	0.966012836	1	5.75
πρόσωπον	countenance.n.01	0.903898537	2	3.33
πρόσωπον	face.n.01	0.783554018	1	4.83
πρόσωπον	face.n.01	0.72145474	1	6.69
πρόσωπον	countenance.n.01	0.825251639	2	2.27
πρόσωπον	countenance.n.01	0.906548798	2	3.15
πρόσωπον	countenance.n.01	0.913406849	2	2.36
πρόσωπον	countenance.n.01	0.899580777	2	2.58
πρόσωπον	face.n.01	0.830281258	1	4.01
πρόσωπον	face.n.01	0.862439394	1	6.05
πρόσωπον	function.n.03	0.493102521	13	0.56
πρόσωπον	feature.n.02	0.893232703	1	2.17
πρόσωπον	face.n.01	0.849946499	1	3.36
πρόσωπον	face.n.01	0.840475082	1	6.04
πρόσωπον	face.n.03	0.739753425	4	3.65
πρόσωπον	face.n.01	0.974054396	1	6.68
πρόσωπον	face.n.01	0.830285013	1	4.94
πρόσωπον	face.n.01	0.681106329	1	5.08
πρόσωπον	face.n.01	0.78135246	1	6.77
πρόσωπον	face.n.01	0.68532604	1	6.56
πρόσωπον	cheek.n.01	0.998269081	NA	1.04
πρόσωπον	face.n.01	0.775788903	1	3.61
πρόσωπον	face.n.01	0.688185453	1	2.7
πρόσωπον	face.n.01	0.889806569	1	2.8
πρόσωπον	countenance.n.01	0.795797765	2	3.37
πρόσωπον	face.n.01	0.888073266	1	5.82
πρόσωπον	countenance.n.01	0.76470536	2	2.03
πρόσωπον	head.n.01	0.995954037	1	0.75
πρόσωπον	countenance.n.01	0.889248013	2	2.94
πρόσωπον	countenance.n.01	0.890032113	2	2.8
πρόσωπον	face.n.03	0.380036384	4	6.3
πρόσωπον	face.n.01	0.514657259	1	3.17
πρόσωπον	expression.n.01	0.658410132	2	5.47
πρόσωπον	face.n.01	0.968268633	1	4.8
πρόσωπον	face.n.01	0.70817852	1	5.03
πρόσωπον	face.n.01	0.969225168	1	2.92
πρόσωπον	face.n.01	0.892557323	1	3.29
πρόσωπον	face.n.01	0.928489029	1	5.36
πρόσωπον	face.n.01	0.925232887	1	4.59
πρόσωπον	countenance.n.01	0.850549817	2	3.99
πρόσωπον	person.n.01	0.985235929	3	0.9
πρόσωπον	person.n.01	0.999161482	3	2.92
πρόσωπον	person.n.01	0.999468267	3	3.49
πρόσωπον	face.n.03	0.344026178	4	6.58
πρόσωπον	face.n.01	0.849987388	1	6.62
πρόσωπον	face.n.01	0.885352135	1	5.62
πρόσωπον	face.n.01	0.793158233	1	5.86
πρόσωπον	countenance.n.01	0.963811517	2	2.42
πρόσωπον	face.n.03	0.460819691	4	5.84
πρόσωπον	face.n.01	0.870501518	1	4.48
πρόσωπον	face.n.01	0.927685678	1	3.76
πρόσωπον	face.n.01	0.944931626	1	3.55
πρόσωπον	brow.n.01	0.986387014	NA	0.7
πρόσωπον	face.n.01	0.809634268	1	5.15
πρόσωπον	face.n.01	0.711703718	1	5.88
πρόσωπον	face.n.01	0.829257965	1	6.49
πρόσωπον	eye.n.01	0.992757559	NA	1.23
πρόσωπον	countenance.n.01	0.816737056	2	3.38
πρόσωπον	face.n.01	0.912797093	1	5.17
πρόσωπον	face.n.01	0.904979289	1	3.82
πρόσωπον	face.n.01	0.840584099	1	5.3
πρόσωπον	face.n.03	0.443611681	4	2.63
πρόσωπον	face.n.03	0.674437463	4	3.96
πρόσωπον	face.n.01	0.813394189	1	6.04
πρόσωπον	face.n.01	0.487081438	1	5.52
πρόσωπον	appearance.n.01	0.95198518	2	2.36
πρόσωπον	face.n.01	0.851473272	1	3.81
πρόσωπον	face.n.01	0.863850892	1	4.4
πρόσωπον	brow.n.01	0.68517518	NA	2.79
πρόσωπον	character.n.03	0.858064294	8	3.86
πρόσωπον	face.n.01	0.870115638	1	3.59
πρόσωπον	face.n.03	0.438947082	4	4.71
πρόσωπον	face.n.01	0.921661377	1	1.77
πρόσωπον	face.n.01	0.3802903	1	2.95
πρόσωπον	face.n.03	0.469795793	4	3.95
πρόσωπον	appearance.n.01	0.961723149	2	1.9
πρόσωπον	face.n.01	0.926067173	1	5.78
πρόσωπον	face.n.01	0.817821145	1	6.37
πρόσωπον	face.n.01	0.847362399	1	5.94
πρόσωπον	face.n.01	0.602115154	1	3.22
πρόσωπον	face.n.01	0.86314857	1	0.77
πρόσωπον	face.n.01	0.86314857	1	5.23
πρόσωπον	face.n.01	0.567118585	1	1.52
πρόσωπον	person.n.01	0.820122182	3	1.35
πρόσωπον	person.n.01	0.999091506	3	0.42
πρόσωπον	face.n.01	0.52445209	1	6.6
πρόσωπον	face.n.01	0.853883803	1	3.62
πρόσωπον	face.n.07	0.500462115	1	3.96
πρόσωπον	face.n.07	0.49761191	1	3.8
πρόσωπον	frown.n.01	None	NA	2.19
πρόσωπον	face.n.01	0.42701903	1	2.42
πρόσωπον	face.n.01	0.861234546	1	4.08
πρόσωπον	face.n.01	0.828363955	1	3.99
πρόσωπον	face.n.01	0.829057693	1	4.26
πρόσωπον	countenance.n.01	0.807244122	2	2.25
πρόσωπον	face.n.01	0.972494125	1	5.69
πρόσωπον	face.n.01	0.964385509	1	5.17
πρόσωπον	face.n.01	0.937753916	1	6.18
πρόσωπον	face.n.01	0.983092666	1	4.59
πρόσωπον	face.n.01	0.987603247	1	5.48
πρόσωπον	face.n.01	0.945979953	1	3.39
πρόσωπον	face.n.01	0.990425646	1	4.41
πρόσωπον	countenance.n.01	0.869496286	2	2.19
πρόσωπον	face.n.01	0.675311863	1	6.44
πρόσωπον	person.n.01	0.999155641	3	2.83
πρόσωπον	person.n.01	0.998192847	3	2.41
πρόσωπον	person.n.01	0.995781422	3	1.93
πρόσωπον	person.n.01	0.997275054	3	1.91
πρόσωπον	person.n.01	0.998359263	3	1.42
πρόσωπον	person.n.01	0.998451352	3	0.76
πρόσωπον	person.n.01	0.995239258	3	2.73
πρόσωπον	image.n.08	0.452444941	NA	1.27
πρόσωπον	fictional_character.n.01	0.98251915	7	2.36
πρόσωπον	person.n.01	0.997900009	3	3.01
πρόσωπον	person.n.01	0.995106816	3	3.32
πρόσωπον	person.n.01	0.99361223	3	3.01
πρόσωπον	person.n.01	0.996781826	3	2.5
πρόσωπον	person.n.01	0.961323619	3	2.9
πρόσωπον	person.n.01	0.921153307	3	1.27
πρόσωπον	countenance.n.01	0.898713768	2	2.25
πρόσωπον	face.n.01	0.96861589	1	4.94
πρόσωπον	countenance.n.01	0.915639162	2	2.93
πρόσωπον	face.n.01	0.971113443	1	5.39
πρόσωπον	countenance.n.01	0.803370297	2	4.13
πρόσωπον	face.n.01	0.979260147	1	4.98
πρόσωπον	face.n.01	0.584948957	1	2.18
πρόσωπον	countenance.n.01	0.937572896	2	3.25
πρόσωπον	countenance.n.01	0.898656189	2	3.87
πρόσωπον	character.n.03	0.442314655	8	4.16
πρόσωπον	face.n.01	0.988934934	1	4.7
πρόσωπον	face.n.01	0.786370695	1	4.76
πρόσωπον	face.n.01	0.694482803	1	5.38
πρόσωπον	countenance.n.01	0.842533052	2	1.94
πρόσωπον	face.n.01	0.987314403	1	5.16
πρόσωπον	face.n.03	0.578463674	4	6.83
πρόσωπον	face.n.01	0.946737766	1	6
πρόσωπον	face.n.01	0.935067773	1	5.35
πρόσωπον	side.n.04	0.463640571	5	4.19
πρόσωπον	face.n.01	0.851830602	1	4.44
πρόσωπον	face.n.01	0.976543605	1	6.18
πρόσωπον	face.n.01	0.851495743	1	5.29
πρόσωπον	face.n.01	0.993807495	1	5.86
πρόσωπον	face.n.04	0.655482829	5	1.52
πρόσωπον	face.n.01	0.791600227	1	3.52
πρόσωπον	face.n.01	0.968377829	1	3.15
πρόσωπον	countenance.n.01	0.836545408	2	2.5
πρόσωπον	face.n.01	0.982408464	1	3.37
πρόσωπον	side.n.04	0.442372411	5	5.44
πρόσωπον	cheek.n.01	0.998215079	NA	1.68
πρόσωπον	expression.n.01	0.601666272	2	0.99
πρόσωπον	face.n.01	0.450135261	1	4.64
πρόσωπον	person.n.01	0.999427557	3	4.62
πρόσωπον	face.n.01	0.746834397	1	6.36
πρόσωπον	face.n.01	0.689050496	1	5.6
πρόσωπον	face.n.01	0.643584371	1	5.51
πρόσωπον	face.n.01	0.988278329	1	5.95
πρόσωπον	feature.n.02	0.895744205	1	1.23
πρόσωπον	face.n.01	0.473428428	1	3.69
πρόσωπον	face.n.01	0.952308238	1	6.54
πρόσωπον	face.n.01	0.968959272	1	4.9
πρόσωπον	countenance.n.01	0.837199569	2	2.89
πρόσωπον	face.n.01	0.732763529	1	6.16
πρόσωπον	bearing.n.03	None	NA	1.86
πρόσωπον	expression.n.01	0.483863711	2	3.24
πρόσωπον	face.n.07	0.520094395	1	2.95
πρόσωπον	face.n.01	0.91309613	1	5.33
πρόσωπον	picture.n.09	0.512489319	13	2.71
πρόσωπον	face.n.01	0.981190979	1	1.51
πρόσωπον	face.n.01	0.946310818	1	1.38
πρόσωπον	face.n.01	0.979713619	1	1.22
πρόσωπον	face.n.01	0.650062919	1	5.88
πρόσωπον	countenance.n.01	0.943964243	2	2.6
πρόσωπον	countenance.n.01	0.766622424	2	2.08
πρόσωπον	countenance.n.01	0.938372791	2	3.97
πρόσωπον	countenance.n.01	0.603664815	2	3.88
πρόσωπον	face.n.01	0.87174958	1	5.92
πρόσωπον	face.n.01	0.984620571	1	5.29
πρόσωπον	face.n.01	0.97689712	1	4.03
πρόσωπον	face.n.01	0.990994155	1	3.14
πρόσωπον	face.n.01	0.949128985	1	6.37
πρόσωπον	face.n.01	0.981079698	1	6.44
πρόσωπον	face.n.03	0.582719684	4	3.42
πρόσωπον	face.n.01	0.426481992	1	5.44
πρόσωπον	face.n.01	0.679403424	1	4.89
πρόσωπον	countenance.n.01	0.869875968	2	2.08
πρόσωπον	face.n.01	0.909465313	1	5.65
πρόσωπον	face.n.07	0.822615087	1	4.97
πρόσωπον	face.n.07	0.513084471	1	5.49
πρόσωπον	face.n.01	0.959938645	1	6.57
πρόσωπον	face.n.01	0.959776163	1	4.09
πρόσωπον	face.n.01	0.775539637	1	6.59
πρόσωπον	face.n.01	0.614455283	1	5.88
πρόσωπον	face.n.01	0.360948652	1	4.01
πρόσωπον	face.n.01	0.909600198	1	3.08
πρόσωπον	face.n.01	0.94973278	1	4.17
πρόσωπον	face.n.01	0.926725686	1	5.9
πρόσωπον	face.n.01	0.872214258	1	6.46
πρόσωπον	face.n.01	0.91918689	1	6.61
πρόσωπον	face.n.01	0.891635835	1	5.45
πρόσωπον	face.n.01	0.885725319	1	5.21
πρόσωπον	face.n.01	0.761528373	1	5.63
πρόσωπον	face.n.01	0.487642229	1	3.59
πρόσωπον	face.n.01	0.962951899	1	5.87
πρόσωπον	face.n.01	0.922719359	1	3.14
πρόσωπον	face.n.01	0.84741497	1	6
πρόσωπον	face.n.01	0.877522409	1	4.15
πρόσωπον	face.n.01	0.408350557	1	4.37
πρόσωπον	face.n.08	0.411731869	5	5.04
πρόσωπον	face.n.01	0.883612812	1	5.43
πρόσωπον	brow.n.01	0.862547576	NA	1.24
πρόσωπον	countenance.n.01	0.92366302	2	3.31
πρόσωπον	face.n.01	0.796046495	1	5.3
πρόσωπον	face.n.01	0.65648824	1	3.69
πρόσωπον	face.n.01	0.889961123	1	3.22
πρόσωπον	face.n.01	0.81150049	1	2.97
πρόσωπον	expression.n.01	0.947574496	2	0.35
πρόσωπον	face.n.01	0.718544424	1	5.59
πρόσωπον	countenance.n.01	0.835432112	2	2.33
πρόσωπον	face.n.01	0.965854883	1	6.29
πρόσωπον	face.n.01	0.974602222	1	5.37
πρόσωπον	countenance.n.01	0.777315259	2	3.16
πρόσωπον	countenance.n.01	0.923354149	2	3.02
πρόσωπον	face.n.01	0.720052183	1	4.27
πρόσωπον	expression.n.01	0.764863133	2	1.81
πρόσωπον	face.n.01	0.668225884	1	3.39
πρόσωπον	face.n.07	0.889441371	1	2.32
πρόσωπον	face.n.01	0.892721653	1	4.16
πρόσωπον	head.n.01	0.735155344	1	0.91
πρόσωπον	face.n.01	0.745490611	1	4.42
πρόσωπον	expression.n.01	0.919858158	2	0.63
πρόσωπον	face.n.07	0.650658846	1	1.82
πρόσωπον	face.n.01	0.986728489	1	6.44
πρόσωπον	face.n.01	0.983727217	1	5.74
πρόσωπον	face.n.01	0.897970498	1	5.66
πρόσωπον	face.n.01	0.70176971	1	6.36
πρόσωπον	face.n.01	0.738162875	1	5.9
πρόσωπον	face.n.01	0.888946176	1	4.9
πρόσωπον	face.n.01	0.837653577	1	4.05
πρόσωπον	face.n.01	0.730214834	1	5.48
πρόσωπον	face.n.01	0.832685947	1	5.06
πρόσωπον	face.n.01	0.933087707	1	6.66
πρόσωπον	countenance.n.01	0.886963367	2	2.4
πρόσωπον	face.n.03	0.484624803	4	1.09
πρόσωπον	face.n.01	0.75621593	1	5.13
πρόσωπον	face.n.01	0.656747878	1	4.49
πρόσωπον	face.n.01	0.951938331	1	5.49
πρόσωπον	face.n.01	0.954456031	1	2.9
πρόσωπον	face.n.01	0.945461512	1	5.14
πρόσωπον	face.n.07	0.715961754	1	4.69
πρόσωπον	face.n.01	0.483139038	1	5.93
πρόσωπον	face.n.01	0.496241361	1	6.59
πρόσωπον	face.n.03	0.534435213	4	4.9
πρόσωπον	face.n.01	0.885617495	1	2.08
πρόσωπον	face.n.01	0.91358304	1	2.97
πρόσωπον	face.n.01	0.91358304	1	4.37
πρόσωπον	face.n.01	0.575572968	1	5.68
πρόσωπον	face.n.01	0.490660012	1	5.6
πρόσωπον	face.n.01	0.611657619	1	4.77
πρόσωπον	face.n.01	0.406739801	1	2.87
πρόσωπον	countenance.n.03	0.745014071	1	0.93
πρόσωπον	face.n.01	0.893422663	1	2.84
πρόσωπον	face.n.01	0.817435265	1	5.69
πρόσωπον	face.n.07	0.948067009	1	1.18
πρόσωπον	face.n.01	0.72345525	1	4.1
πρόσωπον	face.n.07	0.494507521	1	3.33
πρόσωπον	face.n.07	0.516211152	1	5.65
πρόσωπον	face.n.07	0.732921541	1	5.35
πρόσωπον	face.n.01	0.891469717	1	4.46
πρόσωπον	face.n.01	0.947654486	1	3.46
πρόσωπον	face.n.01	0.917045712	1	2.47
πρόσωπον	face.n.07	0.618307948	1	3.86
πρόσωπον	head.n.01	0.753799617	1	0.92
πρόσωπον	face.n.01	0.787899673	1	6.04
πρόσωπον	head.n.01	0.993391752	1	1.34
πρόσωπον	feature.n.01	0.541746676	12	2.7
πρόσωπον	face.n.01	0.958568871	1	4.83
πρόσωπον	face.n.01	0.814147353	1	5.18
πρόσωπον	face.n.01	0.972271383	1	3.85
πρόσωπον	face.n.01	0.947526038	1	3.4
πρόσωπον	face.n.01	0.319356143	1	2.58
πρόσωπον	face.n.01	0.319355577	1	2.5
πρόσωπον	face.n.01	0.940308928	1	5.52
πρόσωπον	mask.n.02	0.443352163	13	2.71
πρόσωπον	mask.n.02	0.475016654	13	3.8
πρόσωπον	feature.n.02	0.96267873	1	0.98
πρόσωπον	face.n.01	0.956552863	1	2.4
πρόσωπον	face.n.01	0.881115139	1	2.71
πρόσωπον	face.n.01	0.536089063	1	3.53
πρόσωπον	expression.n.01	0.918644249	2	1.04
πρόσωπον	face.n.01	0.731745303	1	4.14
πρόσωπον	face.n.01	0.984092593	1	2.96
πρόσωπον	face.n.01	0.877972543	1	5.36
πρόσωπον	face.n.01	0.84603101	1	3.39
πρόσωπον	face.n.01	0.503163695	1	4.51
πρόσωπον	face.n.01	0.802004218	1	5.52
πρόσωπον	face.n.01	0.553003967	1	3.84
πρόσωπον	face.n.03	0.460819691	4	5.84
πρόσωπον	face.n.01	0.675350845	1	2.84
πρόσωπον	face.n.01	0.921014845	1	4.01
πρόσωπον	face.n.01	0.757745445	1	1.94
πρόσωπον	face.n.03	0.861967206	4	6.37
πρόσωπον	face.n.01	0.84217459	1	6.29
πρόσωπον	face.n.01	0.889451683	1	4.57
πρόσωπον	face.n.01	0.610420167	1	4.59
πρόσωπον	expression.n.01	0.449849874	2	2.82
πρόσωπον	countenance.n.01	0.579083741	2	3.73
πρόσωπον	countenance.n.01	0.751638293	2	3.72
πρόσωπον	face.n.07	0.679127336	1	5.93
πρόσωπον	face.n.03	0.577323794	4	4.21
πρόσωπον	face.n.01	0.706761777	1	6.04
πρόσωπον	countenance.n.01	0.884235978	2	2.85
πρόσωπον	face.n.01	0.858963132	1	0.44
πρόσωπον	face.n.01	0.887105227	1	4.36
πρόσωπον	side.n.04	0.628179371	5	4.48
πρόσωπον	face.n.01	0.983994484	1	5.33
πρόσωπον	face.n.01	0.909680843	1	4.1
πρόσωπον	face.n.01	0.850004256	1	6.24
πρόσωπον	countenance.n.01	0.919488132	2	3.49
πρόσωπον	side.n.04	0.40872857	5	5.14
πρόσωπον	side.n.04	0.40872857	5	2.65
πρόσωπον	presence.n.02	0.890159369	6	1.16
πρόσωπον	side.n.04	0.455184251	5	4.35
πρόσωπον	side.n.04	0.389737219	5	4.25
πρόσωπον	side.n.04	0.55030483	5	4.08
πρόσωπον	side.n.04	0.709102333	5	3.9
πρόσωπον	side.n.04	0.547210872	5	5.47
πρόσωπον	face.n.01	0.938328087	1	5.93
πρόσωπον	side.n.04	0.36628142	5	5.47
πρόσωπον	side.n.04	0.452260137	5	6.56
πρόσωπον	side.n.04	0.482876956	5	5.25
πρόσωπον	face.n.01	0.810932279	1	4.62
πρόσωπον	boldness.n.02	0.642850459	NA	2.89
πρόσωπον	presence.n.02	0.555073798	6	0.45
πρόσωπον	face.n.01	0.927627325	1	6.26
πρόσωπον	face.n.01	0.911176085	1	6.52
πρόσωπον	face.n.01	0.973335326	1	2.95
πρόσωπον	countenance.n.01	0.720287561	2	2.12
πρόσωπον	countenance.n.01	0.908372462	2	4.6
πρόσωπον	expression.n.01	0.598720431	2	6.8
πρόσωπον	countenance.n.01	0.492348492	2	4.41
πρόσωπον	face.n.03	0.395315737	4	6.36
πρόσωπον	face.n.01	0.467016369	1	6.08
πρόσωπον	face.n.01	0.373739988	1	6.36
πρόσωπον	face.n.01	0.420727551	1	5.9
πρόσωπον	face.n.01	0.636784017	1	5.33
πρόσωπον	face.n.01	0.842601597	1	6.25
πρόσωπον	face.n.01	0.53773284	1	5.43
πρόσωπον	face.n.01	0.677730203	1	6.48
πρόσωπον	face.n.01	0.962230027	1	6.28
πρόσωπον	countenance.n.01	0.845757425	2	2.85
πρόσωπον	presence.n.02	0.897093594	6	0.87
πρόσωπον	face.n.03	0.755017459	4	4.46
πρόσωπον	face.n.01	0.959111869	1	5.82
πρόσωπον	face.n.01	0.750405133	1	3.76
πρόσωπον	face.n.01	0.714626312	1	5.83
πρόσωπον	face.n.01	0.887692034	1	5.17
πρόσωπον	face.n.01	0.978182197	1	5.9
πρόσωπον	face.n.01	0.658273041	1	4.46
πρόσωπον	face.n.01	0.763891757	1	4.21
πρόσωπον	presence.n.02	0.894127071	6	0.61
πρόσωπον	expression.n.01	0.324907392	2	4.15
πρόσωπον	face.n.01	0.702708125	1	3.37
πρόσωπον	face.n.01	0.91034472	1	4.87
πρόσωπον	face.n.01	0.980864227	1	4.95
πρόσωπον	presence.n.02	0.846764684	6	0.81
πρόσωπον	face.n.01	0.976738572	1	3.39
πρόσωπον	face.n.01	0.621204138	1	2.08
πρόσωπον	face.n.03	0.416845322	4	5.82
πρόσωπον	face.n.03	0.508770764	4	4.55
πρόσωπον	face.n.01	0.859774828	1	5.52
πρόσωπον	front.n.01	0.612656713	5	1.08
πρόσωπον	front.n.01	0.512717366	5	0.9
πρόσωπον	face.n.01	0.380145371	1	4.27
πρόσωπον	face.n.01	0.848195553	1	5.8
πρόσωπον	expression.n.01	0.615787387	2	4.3
πρόσωπον	face.n.01	0.625414073	1	4.05
πρόσωπον	face.n.01	0.867208898	1	4.86
πρόσωπον	face.n.01	0.912782907	1	4.05
πρόσωπον	face.n.01	0.774552345	1	5.93
πρόσωπον	face.n.01	0.864272833	1	6.26
πρόσωπον	face.n.01	0.959180713	1	5.85
πρόσωπον	face.n.01	0.963793695	1	4.73
πρόσωπον	face.n.01	0.938895524	1	3.95
πρόσωπον	face.n.01	0.720566392	1	6.15
πρόσωπον	face.n.01	0.950192392	1	5.95
πρόσωπον	face.n.01	0.93243295	1	6.54
πρόσωπον	head_covering.n.01	0.9701671	NA	1.47
πρόσωπον	face.n.01	0.870269418	1	3.98
πρόσωπον	person.n.01	0.928291976	3	3.88
πρόσωπον	person.n.01	0.833538175	3	2.54
πρόσωπον	face.n.01	0.805725813	1	1.52
πρόσωπον	face.n.01	0.805725813	1	6.6
πρόσωπον	face.n.01	0.85060966	1	5.8
πρόσωπον	face.n.01	0.857930303	1	4.23
πρόσωπον	face.n.01	0.865564346	1	3.64
πρόσωπον	face.n.01	0.798430562	1	6.34
πρόσωπον	face.n.01	0.892409563	1	4.98
πρόσωπον	face.n.01	0.96550858	1	5.24
πρόσωπον	face.n.01	0.428836733	1	5.3
πρόσωπον	face.n.01	0.910238147	1	3.28
πρόσωπον	face.n.01	0.925943375	1	6.63
πρόσωπον	face.n.01	0.758651257	1	4.39
πρόσωπον	presence.n.03	0.42244032	6	1.12
πρόσωπον	face.n.01	0.962066948	1	0.95
πρόσωπον	face.n.01	0.962066948	1	6.44
πρόσωπον	face.n.01	0.594861865	1	4.63
πρόσωπον	face.n.01	0.919192433	1	3.55
πρόσωπον	face.n.01	0.937965572	1	5.5
πρόσωπον	face.n.01	0.812274873	1	5.11
πρόσωπον	face.n.01	0.858719647	1	3.79
πρόσωπον	person.n.01	0.993349493	3	3.71
πρόσωπον	person.n.01	0.682530463	3	3.22
πρόσωπον	face.n.01	0.884938121	1	5.33
πρόσωπον	face.n.01	0.746983647	1	4.79
πρόσωπον	face.n.01	0.746983647	1	0.38
πρόσωπον	face.n.01	0.808901727	1	5.8
πρόσωπον	face.n.01	0.711965263	1	5.52
πρόσωπον	face.n.01	0.85947144	1	5.59
πρόσωπον	face.n.01	0.615994275	1	5.52
πρόσωπον	face.n.01	0.615994275	1	6.22
πρόσωπον	face.n.01	0.615994275	1	0.37
πρόσωπον	face.n.01	0.459078133	1	5.16
πρόσωπον	side.n.04	0.52687335	5	5.47
πρόσωπον	face.n.01	0.820660591	1	5.82
πρόσωπον	side.n.04	0.63742727	5	4.86
πρόσωπον	face.n.01	0.652844131	1	5.42
πρόσωπον	face.n.11	0.315745831	NA	4.3
πρόσωπον	face.n.01	0.839770436	1	5.67
πρόσωπον	face.n.01	0.540128648	1	5.39
πρόσωπον	face.n.01	0.807796419	1	5.31
πρόσωπον	person.n.01	0.99529475	3	4.25
πρόσωπον	face.n.01	0.886638582	1	4.58
πρόσωπον	face.n.03	0.473485559	4	4.97
πρόσωπον	side.n.04	0.641299784	5	5.73
πρόσωπον	person.n.01	0.999394655	3	2.1
πρόσωπον	face.n.01	0.795135677	1	4.64
πρόσωπον	face.n.01	0.741020977	1	5.63
πρόσωπον	face.n.01	0.796860218	1	5.64
πρόσωπον	face.n.01	0.888619423	1	4.21
πρόσωπον	face.n.01	0.471357346	1	5.19
πρόσωπον	boldness.n.02	0.460087299	NA	4.35
πρόσωπον	countenance.n.01	0.918759346	2	3.11
πρόσωπον	countenance.n.01	0.918759346	2	3.42
πρόσωπον	face.n.01	0.857881844	1	6.04
πρόσωπον	face.n.01	0.927141726	1	5.68
πρόσωπον	face.n.01	0.910964429	1	6.21
πρόσωπον	face.n.01	0.705970705	1	4
πρόσωπον	face.n.01	0.885052562	1	5.82
πρόσωπον	face.n.01	0.865648985	1	4.95
πρόσωπον	face.n.01	0.722802579	1	4.98
πρόσωπον	face.n.01	0.688977838	1	5.48
πρόσωπον	front.n.01	0.716052353	5	1.92
πρόσωπον	battlefront.n.01	0.582547665	5	1.36
πρόσωπον	face.n.01	0.935776353	1	2.89
πρόσωπον	face.n.01	0.987644374	1	5.2
πρόσωπον	face.n.01	0.913324237	1	5.52
πρόσωπον	battlefront.n.01	0.719361126	5	2.36
πρόσωπον	battlefront.n.01	0.550636292	5	3.1
πρόσωπον	front.n.01	0.858766139	5	2.86
πρόσωπον	battlefront.n.01	0.691578507	5	2.48
πρόσωπον	battlefront.n.01	0.518067181	5	1.63
πρόσωπον	front.n.01	0.590506494	5	2.57
πρόσωπον	front.n.01	0.657369792	5	2.06
πρόσωπον	mask.n.01	0.719194114	9	2.63
πρόσωπον	face.n.01	0.649736524	1	4.31
πρόσωπον	front.n.01	0.593847096	5	2.78
πρόσωπον	face.n.01	0.710220277	1	5.89
πρόσωπον	front.n.01	0.527854204	5	3.37
πρόσωπον	important_person.n.01	0.821454644	3	2.53
πρόσωπον	face.n.01	0.851771593	1	5.59
πρόσωπον	person.n.01	0.835323393	3	3.32
πρόσωπον	face.n.01	0.95475924	1	4.44
πρόσωπον	face.n.01	0.512008369	1	6.37
πρόσωπον	face.n.01	0.932430387	1	6.45
πρόσωπον	face.n.01	0.337079257	1	4.52
πρόσωπον	face.n.01	0.49939087	1	5.01
πρόσωπον	person.n.01	0.906073332	3	1.2
πρόσωπον	face.n.01	0.942396879	1	3.35
πρόσωπον	face.n.01	0.523347139	1	6.15
πρόσωπον	face.n.01	0.842367828	1	5.11
πρόσωπον	face.n.01	0.480969161	1	2.74
πρόσωπον	person.n.03	0.562617123	11	2.14
πρόσωπον	person.n.03	0.949774921	11	2.59
πρόσωπον	person.n.03	0.982258081	11	3.04
πρόσωπον	person.n.03	0.604046524	11	1.17
πρόσωπον	person.n.01	0.612355173	3	3.37
πρόσωπον	face.n.01	0.919657886	1	2.43
πρόσωπον	face.n.01	0.819373071	1	6.16
πρόσωπον	face.n.01	0.911555231	1	4.72
πρόσωπον	face.n.01	0.966582954	1	3.24
πρόσωπον	side.n.04	0.458244652	5	4.58
πρόσωπον	face.n.01	0.79397434	1	3.67
πρόσωπον	countenance.n.01	0.865555763	2	0.79
πρόσωπον	face.n.01	0.825797319	1	4.38
πρόσωπον	presence.n.03	0.442339838	6	0.66
πρόσωπον	face.n.01	0.969092369	1	6.72
πρόσωπον	face.n.01	0.978871882	1	4.68
πρόσωπον	face.n.01	0.919097483	1	3.84
πρόσωπον	face.n.03	0.387794912	4	5.84
πρόσωπον	face.n.01	0.776079834	1	5.9
πρόσωπον	face.n.01	0.727466345	1	5.74
πρόσωπον	face.n.01	0.833028793	1	6.34
πρόσωπον	face.n.01	0.661313951	1	5.25
πρόσωπον	face.n.01	0.646399379	1	5.16
πρόσωπον	face.n.01	0.554337442	1	5.76
πρόσωπον	face.n.01	0.592977285	1	5.96
πρόσωπον	face.n.01	0.939818978	1	5.28
πρόσωπον	face.n.01	0.911989391	1	5.03
πρόσωπον	face.n.01	0.970164537	1	6.02
πρόσωπον	presence.n.02	0.79954052	6	0.75
πρόσωπον	countenance.n.01	0.968719125	2	3.72
πρόσωπον	face.n.01	0.429455042	1	4.45
πρόσωπον	face.n.01	0.947956681	1	6.09
πρόσωπον	face.n.01	0.939711571	1	5.84
πρόσωπον	face.n.03	0.399829298	4	6.54
πρόσωπον	face.n.01	0.86010927	1	6.64
πρόσωπον	side.n.04	0.697276294	5	6.39
πρόσωπον	face.n.01	0.945210397	1	5.55
πρόσωπον	face.n.01	0.958834589	1	6
πρόσωπον	presence.n.02	0.954270542	6	0.7
πρόσωπον	side.n.04	0.525493503	5	4.17
πρόσωπον	face.n.01	0.959139466	1	6.52
πρόσωπον	appearance.n.01	0.981422186	2	3.58
πρόσωπον	face.n.01	0.984179854	1	4.37
πρόσωπον	face.n.01	0.774251938	1	5.31
πρόσωπον	face.n.01	0.969803452	1	4.01
πρόσωπον	face.n.01	0.976966321	1	5.06
πρόσωπον	surface.n.02	0.538146019	5	0.75
πρόσωπον	face.n.01	0.749827743	1	3.77
πρόσωπον	front.n.01	0.579037726	5	1.18
πρόσωπον	face.n.01	0.58873719	1	6.08
πρόσωπον	face.n.01	0.699742258	1	5.12
πρόσωπον	presence.n.02	0.807492793	6	0.37
πρόσωπον	face.n.01	0.933005631	1	6.62
πρόσωπον	face.n.01	0.945011795	1	5.54
πρόσωπον	face.n.03	0.364448339	4	5.23
πρόσωπον	face.n.01	0.980397224	1	6.44
πρόσωπον	face.n.01	0.726269186	1	3.74
πρόσωπον	face.n.01	0.85331589	1	4.58
πρόσωπον	face.n.01	0.785610974	1	4.08
πρόσωπον	face.n.01	0.964152873	1	5.3
πρόσωπον	face.n.01	0.964152873	1	2.79
πρόσωπον	midst.n.01	None	6	0.55
πρόσωπον	mouth.n.03	0.685837805	5	0.8
πρόσωπον	face.n.03	0.541267395	4	6.07
πρόσωπον	face.n.01	0.969792247	1	4.88
πρόσωπον	face.n.01	0.562377453	1	5.18
πρόσωπον	face.n.01	0.886222839	1	6.62
πρόσωπον	face.n.01	0.953872144	1	6.05
πρόσωπον	face.n.03	0.432223558	4	5.18
πρόσωπον	face.n.01	0.929892123	1	4.87
πρόσωπον	face.n.01	0.958772004	1	0.47
πρόσωπον	face.n.01	0.958772004	1	5.1
πρόσωπον	face.n.01	0.973423541	1	6.44
πρόσωπον	face.n.01	0.784588635	1	5.28
πρόσωπον	face.n.01	0.897625208	1	4.95
πρόσωπον	face.n.01	0.82033366	1	3.69
πρόσωπον	face.n.01	0.925018907	1	6.39
πρόσωπον	face.n.01	0.855287611	1	4.58
πρόσωπον	front.n.01	0.686102808	5	1.22
πρόσωπον	sight.n.04	0.55201	10	0.74
πρόσωπον	presence.n.06	0.329166323	6	0.9
πρόσωπον	face.n.01	0.866573632	1	4.98
πρόσωπον	presence.n.02	0.745570779	6	0.47
πρόσωπον	face.n.01	0.777069688	1	6.28
πρόσωπον	side.n.04	0.522099257	5	4.31
πρόσωπον	face.n.03	0.428432196	4	6
πρόσωπον	face.n.01	0.818123162	1	6.07
πρόσωπον	face.n.01	0.913686097	1	5.93
πρόσωπον	face.n.01	0.962011456	1	5.12
πρόσωπον	face.n.01	0.959268689	1	5.63
πρόσωπον	face.n.01	0.980284393	1	5.69
πρόσωπον	presence.n.01	0.275561035	6	0.8
πρόσωπον	face.n.01	0.963715434	1	4.37
πρόσωπον	countenance.n.01	0.702933252	2	1.87
πρόσωπον	face.n.01	0.97632581	1	5.08
πρόσωπον	face.n.01	0.979767084	1	5.74
πρόσωπον	side.n.04	0.569124818	5	2.59
πρόσωπον	face.n.03	0.349267304	4	5.94
πρόσωπον	face.n.01	0.69790405	1	4.54
πρόσωπον	face.n.01	0.965485156	1	5.42
πρόσωπον	face.n.01	0.390696943	1	3.85
πρόσωπον	face.n.01	0.964919209	1	1.2
πρόσωπον	face.n.01	0.89800638	1	4.59
πρόσωπον	sight.n.05	0.84697938	6	0.89
πρόσωπον	face.n.01	0.459650069	1	6.46
πρόσωπον	presence.n.02	0.645670176	6	0.7
πρόσωπον	face.n.01	0.842166901	1	4.98
πρόσωπον	face.n.01	0.772727966	1	5.48
πρόσωπον	face.n.07	0.480060846	1	4.11
πρόσωπον	face.n.01	0.400043696	1	5.17
πρόσωπον	presence.n.01	0.380893141	6	0.57
πρόσωπον	face.n.01	0.517054915	1	4.91
πρόσωπον	face.n.01	0.934871435	1	4.78
πρόσωπον	face.n.01	0.763560474	1	3.73
πρόσωπον	face.n.01	0.63698411	1	6.42
πρόσωπον	front.n.01	0.5256657	5	2.47
πρόσωπον	face.n.01	0.846973717	1	2.78
πρόσωπον	face.n.01	0.971690297	1	6.08
πρόσωπον	side.n.04	0.393503994	5	6.77
πρόσωπον	face.n.01	0.529389381	1	6.52
πρόσωπον	face.n.01	0.945610166	1	6.31
πρόσωπον	face.n.01	0.50055629	1	5.52
πρόσωπον	sight.n.05	0.627651751	6	0.91
πρόσωπον	face.n.01	0.833302438	1	4.87
πρόσωπον	person.n.01	0.985209882	3	3.5
πρόσωπον	face.n.01	0.852598727	1	5.45
πρόσωπον	face.n.01	0.806214035	1	5.61
πρόσωπον	face.n.01	0.979598463	1	4.99
πρόσωπον	face.n.01	0.805064917	1	3.88
πρόσωπον	face.n.01	0.923919201	1	6.52
πρόσωπον	face.n.01	0.810691476	1	6.86
πρόσωπον	face.n.01	0.714877307	1	5.96
πρόσωπον	face.n.01	0.547909558	1	6.18
πρόσωπον	face.n.01	0.856695652	1	5.91
πρόσωπον	face.n.01	0.945478737	1	5.52
πρόσωπον	face.n.01	0.945478737	1	0.95
πρόσωπον	face.n.01	0.945548534	1	6.66
πρόσωπον	sight.n.04	0.765004158	10	0.79
πρόσωπον	face.n.01	0.541565299	1	3.02
πρόσωπον	face.n.01	0.953775048	1	6.74
πρόσωπον	face.n.01	0.723096013	1	5.42
πρόσωπον	countenance.n.01	0.963548481	2	3.33
πρόσωπον	presence.n.02	0.899443328	6	0.8
πρόσωπον	face.n.03	0.477909714	4	4.64
πρόσωπον	presence.n.02	0.889962435	6	0.74
πρόσωπον	side.n.04	0.475988507	5	6.47
πρόσωπον	sight.n.04	0.837985873	10	0.5
πρόσωπον	face.n.01	0.63052398	1	6.19
πρόσωπον	face.n.01	0.853744149	1	2.8
πρόσωπον	face.n.01	0.853744149	1	5.69
πρόσωπον	face.n.01	0.550095141	1	5.54
πρόσωπον	sight.n.05	0.955981553	6	0.34
πρόσωπον	face.n.01	0.762767732	1	5.03
πρόσωπον	countenance.n.01	0.891443193	2	4.03
πρόσωπον	face.n.01	0.488835901	1	5.69
πρόσωπον	side.n.04	0.577937722	5	5.6
πρόσωπον	sight.n.05	0.371655971	6	0.99
πρόσωπον	person.n.01	0.894053578	3	1.04
πρόσωπον	face.n.03	0.495443761	4	2.59
πρόσωπον	face.n.01	0.977035403	1	6.85
πρόσωπον	countenance.n.01	0.941870451	2	3.48
πρόσωπον	countenance.n.01	0.854572117	2	3.34
πρόσωπον	presence.n.02	0.756931603	6	1.01
πρόσωπον	countenance.n.01	0.7060166	2	2.07
πρόσωπον	face.n.01	0.974696875	1	6.52
πρόσωπον	presence.n.02	0.943585277	6	0.48
πρόσωπον	face.n.01	0.898224235	1	5.47
πρόσωπον	face.n.01	0.820944667	1	3.22
πρόσωπον	person.n.01	0.825436175	3	2.82
πρόσωπον	presence.n.02	0.824047148	6	0.51
πρόσωπον	presence.n.02	0.837107718	6	0.36
πρόσωπον	presence.n.02	0.846146286	6	0.61
πρόσωπον	countenance.n.01	0.839742541	2	3.04
πρόσωπον	face.n.01	0.771870911	1	4.72
πρόσωπον	face.n.01	0.965014458	1	6.55
πρόσωπον	sight.n.05	0.889480054	6	1.03
πρόσωπον	countenance.n.01	0.654007614	2	2.13
πρόσωπον	face.n.01	0.987086415	1	5.43
πρόσωπον	face.n.01	0.917167544	1	4.52
πρόσωπον	face.n.01	0.883013606	1	3.99
πρόσωπον	face.n.01	0.873145401	1	6.37
πρόσωπον	face.n.01	0.497952372	1	2.89
πρόσωπον	face.n.01	0.926539719	1	6.54
πρόσωπον	face.n.01	0.695837677	1	5.6
πρόσωπον	head_covering.n.01	0.920402169	NA	0.51
πρόσωπον	face.n.01	0.592453659	1	4.81
πρόσωπον	face.n.01	0.811568141	1	6.34
πρόσωπον	face.n.01	0.962901235	1	5.89
πρόσωπον	face.n.01	0.950739324	1	7.04
πρόσωπον	forefront.n.01	0.983257473	5	1.96
πρόσωπον	face.n.01	0.450453103	1	4.98
πρόσωπον	face.n.01	0.793055773	1	6.59
πρόσωπον	face.n.01	0.642369449	1	5.26
πρόσωπον	appearance.n.01	0.908910453	2	0.95
πρόσωπον	countenance.n.01	0.864532769	2	1.66
πρόσωπον	face.n.01	0.678495944	1	5.26
πρόσωπον	side.n.04	0.45217374	5	4.32
πρόσωπον	face.n.01	0.953306913	1	4.95
πρόσωπον	face.n.01	0.620826423	1	5.37
πρόσωπον	face.n.01	0.887277842	1	2.65
πρόσωπον	face.n.01	0.560631335	1	3.66
πρόσωπον	countenance.n.01	0.780019701	2	2.6
πρόσωπον	face.n.01	0.226739243	1	4.37
πρόσωπον	face.n.01	0.910091102	1	6.45
πρόσωπον	face.n.03	0.387352437	4	6.7
πρόσωπον	face.n.01	0.392099649	1	3.29
πρόσωπον	expression.n.01	0.306095213	2	5.39
πρόσωπον	face.n.01	0.923425198	1	5.76
πρόσωπον	face.n.01	0.923383236	1	4.01
πρόσωπον	expression.n.01	0.425365865	2	5.54
πρόσωπον	countenance.n.01	0.900461912	2	4.03
πρόσωπον	face.n.01	0.765887439	1	6.37
πρόσωπον	face.n.03	0.431867748	4	6.06
πρόσωπον	countenance.n.01	0.767795861	2	2.27
πρόσωπον	face.n.01	0.537004352	1	5.18
πρόσωπον	face.n.01	0.537004352	1	1.44
πρόσωπον	face.n.01	0.839858949	1	3.45
πρόσωπον	face.n.01	0.829095066	1	5.28
πρόσωπον	presence.n.02	0.57022047	6	0.39
πρόσωπον	boldness.n.02	0.440253496	NA	4.28
πρόσωπον	expression.n.01	0.40286243	2	5.45
πρόσωπον	face.n.01	0.617834628	1	5.73
πρόσωπον	presence.n.06	0.324612349	6	0.8
πρόσωπον	presence.n.06	0.346784681	6	0.64
πρόσωπον	face.n.01	0.765146375	1	5.16
πρόσωπον	face.n.01	0.923149407	1	5.63
πρόσωπον	face.n.03	0.426715404	4	3.3
πρόσωπον	face.n.03	0.421274692	4	3.73
πρόσωπον	face.n.03	0.451223433	4	3.06
πρόσωπον	person.n.01	0.885954618	3	2.76
πρόσωπον	face.n.03	0.368921071	4	4.52
πρόσωπον	face.n.01	0.686862469	1	6.36
πρόσωπον	face.n.01	0.667633653	1	6.18
πρόσωπον	face.n.01	0.863813877	1	4.35
πρόσωπον	face.n.01	0.613201082	1	5.8
πρόσωπον	sanction.n.01	0.628128827	NA	2.08
πρόσωπον	presence.n.06	0.298124015	6	1.1
πρόσωπον	face.n.01	0.903455794	1	4.3
πρόσωπον	face.n.01	0.677060306	1	5.12
πρόσωπον	face.n.01	0.810314059	1	4.58
πρόσωπον	face.n.03	0.614582896	4	6.62
πρόσωπον	face.n.01	0.491383672	1	5.44
πρόσωπον	expression.n.01	0.318778604	2	5.69
πρόσωπον	face.n.01	0.840798438	1	6.16
πρόσωπον	presence.n.02	0.644768238	6	0.45
πρόσωπον	face.n.01	0.884065628	1	4.13
πρόσωπον	sight.n.04	0.579289913	10	1.53
πρόσωπον	expression.n.01	0.491465986	2	4.01
πρόσωπον	face.n.01	0.660782337	1	4.27
πρόσωπον	countenance.n.01	0.879685402	2	3.47
πρόσωπον	countenance.n.01	0.918235242	2	4.17
πρόσωπον	person.n.01	0.872763991	3	2.01
πρόσωπον	face.n.01	0.324961156	1	3.08
πρόσωπον	person.n.01	0.877181351	3	2.73
πρόσωπον	person.n.01	0.999541402	3	0.85
πρόσωπον	boldness.n.02	0.667292655	NA	3.57
πρόσωπον	countenance.n.01	0.695054591	2	3.08
πρόσωπον	face.n.01	0.572307169	1	4.73
πρόσωπον	face.n.01	0.755634785	1	5.15
πρόσωπον	person.n.01	0.979734838	3	2.68
πρόσωπον	presence.n.02	0.806383073	6	0.59
πρόσωπον	countenance.n.01	0.843867481	2	1.71
πρόσωπον	sight.n.04	0.96153599	10	2.02
πρόσωπον	countenance.n.01	0.894906759	2	3.6
πρόσωπον	countenance.n.01	0.938628376	2	2.88
πρόσωπον	countenance.n.01	0.806782246	2	3.7
πρόσωπον	side.n.04	0.559360325	5	6.07
πρόσωπον	face.n.01	0.661535084	1	2.84
πρόσωπον	face.n.01	0.661535084	1	2.84
πρόσωπον	face.n.01	0.949800968	1	4.96
πρόσωπον	countenance.n.01	0.788735271	2	2.93
πρόσωπον	face.n.01	0.692977428	1	3.9
πρόσωπον	face.n.01	0.941640675	1	3.72
πρόσωπον	countenance.n.01	0.793698728	2	3.63
πρόσωπον	person.n.01	0.995223582	3	2.73
πρόσωπον	face.n.01	0.309381068	1	3.67
πρόσωπον	face.n.01	0.639950752	1	5.89
πρόσωπον	face.n.01	0.846560836	1	6.37
πρόσωπον	face.n.11	0.321712762	NA	2.58
πρόσωπον	face.n.01	0.837421596	1	2.73
πρόσωπον	face.n.11	0.339883804	NA	2.27
πρόσωπον	person.n.01	0.926854849	3	3.69
πρόσωπον	face.n.01	0.869887412	1	3.02
πρόσωπον	face.n.03	0.435492635	4	5.12
πρόσωπον	side.n.04	0.331915617	5	6.58
πρόσωπον	side.n.04	0.594406724	5	5.52
πρόσωπον	face.n.01	0.445490658	1	6.28
πρόσωπον	face.n.01	0.896051645	1	2.65
πρόσωπον	person.n.01	0.995955825	3	3.62
πρόσωπον	countenance.n.01	0.921109021	2	3.51
πρόσωπον	face.n.01	0.741908014	1	6.46
πρόσωπον	person.n.01	0.707072973	3	2.77
πρόσωπον	face.n.01	0.814518452	1	6.11
πρόσωπον	face.n.11	0.392268956	NA	2.96
πρόσωπον	face.n.01	0.841720819	1	5.94
πρόσωπον	side.n.04	0.515627146	5	6.16
πρόσωπον	face.n.01	0.256510139	1	2.2
πρόσωπον	face.n.01	0.891599536	1	5.19
πρόσωπον	person.n.01	0.998813987	3	3.56
πρόσωπον	person.n.01	0.885042191	3	2.56
πρόσωπον	face.n.11	0.336174995	NA	4.04
πρόσωπον	person.n.01	0.735888898	3	2.39
πρόσωπον	countenance.n.01	0.894840777	2	3.39
πρόσωπον	countenance.n.01	0.886447966	2	3.77
πρόσωπον	countenance.n.01	0.855127573	2	1.37
πρόσωπον	face.n.01	0.939486682	1	4.95
πρόσωπον	side.n.04	0.574412704	5	5.16
πρόσωπον	face.n.01	0.803501725	1	6.22
πρόσωπον	face.n.01	0.839180887	1	6.18
πρόσωπον	countenance.n.01	0.738731503	2	4.64
πρόσωπον	countenance.n.01	0.891200662	2	2.53
πρόσωπον	person.n.01	0.998195112	3	2.48
πρόσωπον	face.n.07	0.478228718	1	5.33
πρόσωπον	countenance.n.01	0.84811312	2	3.4
πρόσωπον	countenance.n.01	0.932462692	2	1.3
πρόσωπον	countenance.n.01	0.876601458	2	3.4
πρόσωπον	face.n.01	0.830930889	1	4.61
πρόσωπον	face.n.01	0.616670966	1	5.25
πρόσωπον	face.n.01	0.790200412	1	5.17
πρόσωπον	countenance.n.01	0.915711343	2	2.86
πρόσωπον	person.n.01	0.991263628	3	2.58
πρόσωπον	person.n.01	0.998547733	3	3.88
πρόσωπον	countenance.n.01	0.561044931	2	2.52
πρόσωπον	face.n.01	0.93171382	1	5.93
πρόσωπον	face.n.01	0.962852418	1	5.26
πρόσωπον	presence.n.02	0.847106338	6	0.52
πρόσωπον	face.n.01	0.716372848	1	5.12
πρόσωπον	face.n.01	0.308817565	1	2.2
πρόσωπον	face.n.01	0.717940569	1	5.35
πρόσωπον	side.n.04	0.539849818	5	5.98
πρόσωπον	face.n.07	0.506035626	1	6.52
πρόσωπον	face.n.01	0.625011921	1	4.97
πρόσωπον	side.n.04	0.485916674	5	6.25
πρόσωπον	side.n.04	0.467767328	5	5.97
πρόσωπον	face.n.01	0.943148196	1	4.08
πρόσωπον	face.n.01	0.709024727	1	1.78
πρόσωπον	face.n.01	0.709024727	1	4.17
πρόσωπον	face.n.01	0.854006588	1	5.94
πρόσωπον	presence.n.03	0.389711857	6	0.39
πρόσωπον	face.n.01	0.75401479	1	5.89
πρόσωπον	face.n.01	0.827991426	1	5.82
πρόσωπον	presence.n.02	0.802530587	6	0.62
πρόσωπον	front.n.03	0.371849447	4	1.94
πρόσωπον	face.n.01	0.895019591	1	6.81
πρόσωπον	face.n.03	0.554598629	4	0.49
πρόσωπον	face.n.03	0.554598629	4	5.21
πρόσωπον	face.n.01	0.922033489	1	5.13
πρόσωπον	face.n.03	0.485629469	4	5.61
πρόσωπον	face.n.03	0.40146932	4	1.51
πρόσωπον	face.n.03	0.40146932	4	6.65
πρόσωπον	face.n.03	0.340880126	4	6.81
πρόσωπον	face.n.03	0.340880126	4	2.18
πρόσωπον	person.n.01	0.777582288	3	1.22
πρόσωπον	face.n.01	0.279218912	1	6.56
πρόσωπον	face.n.01	0.871906042	1	5.36
πρόσωπον	face.n.01	0.855463803	1	5.41
πρόσωπον	countenance.n.01	0.801270545	2	2.43
πρόσωπον	face.n.11	0.517014802	NA	6
πρόσωπον	face.n.01	0.957284689	1	3.23
πρόσωπον	face.n.01	0.95854032	1	4.35
πρόσωπον	face.n.01	0.80204308	1	5.15
πρόσωπον	person.n.01	0.979658365	3	1.86
πρόσωπον	countenance.n.01	0.908150911	2	3.02
πρόσωπον	face.n.01	0.730114877	1	4.93
πρόσωπον	face.n.01	0.801568568	1	6.18
πρόσωπον	surface.n.02	0.59312433	5	0.58
πρόσωπον	countenance.n.01	0.909749806	2	2.46
πρόσωπον	face.n.04	0.570128441	5	5.09
πρόσωπον	face.n.07	0.742906988	1	5.16
πρόσωπον	face.n.11	0.297572881	NA	6.75
πρόσωπον	face.n.01	0.969202101	1	6.46
πρόσωπον	side.n.04	0.488611311	5	3.34
πρόσωπον	face.n.01	0.838573694	1	4.03
πρόσωπον	face.n.01	0.739978731	1	5.32
πρόσωπον	face.n.01	0.912410975	1	4.9
πρόσωπον	face.n.01	0.954208374	1	4.19
πρόσωπον	face.n.01	0.861923635	1	4.72
πρόσωπον	face.n.01	0.791824758	1	5.52
πρόσωπον	face.n.01	0.806934178	1	5.39
πρόσωπον	face.n.08	0.477050841	5	5.74
πρόσωπον	face.n.08	0.477050841	5	1.39
πρόσωπον	face.n.01	0.448378384	1	6.28
πρόσωπον	face.n.01	0.967127323	1	2.65
πρόσωπον	face.n.01	0.591994405	1	5.03
πρόσωπον	face.n.03	0.442595035	4	6.37
πρόσωπον	sight.n.05	0.607793093	6	0.41
πρόσωπον	face.n.01	0.553474724	1	4.87
πρόσωπον	side.n.04	0.456669331	5	4.87
πρόσωπον	side.n.04	0.484062791	5	4.5
πρόσωπον	face.n.01	0.9557513	1	5.49
πρόσωπον	face.n.01	0.902721763	1	4.66
πρόσωπον	face.n.01	0.696682215	1	5.02
πρόσωπον	face.n.01	0.726571798	1	6.16
πρόσωπον	face.n.01	0.50199461	1	4.7
πρόσωπον	side.n.04	0.41797021	5	5.12
πρόσωπον	face.n.01	0.717987061	1	4.32
πρόσωπον	face.n.01	0.614672601	1	4.2
πρόσωπον	face.n.01	0.609936953	1	4.55
πρόσωπον	front.n.01	0.540890992	5	3.01
πρόσωπον	face.n.01	0.662860811	1	5.48
πρόσωπον	face.n.01	0.979698896	1	5.42
πρόσωπον	side.n.04	0.53412956	5	6.69
πρόσωπον	side.n.04	0.368963122	5	6.05
πρόσωπον	face.n.01	0.92275542	1	5.14
πρόσωπον	face.n.01	0.931434274	1	4.72
πρόσωπον	face.n.01	0.899729848	1	3.39
πρόσωπον	face.n.01	0.869250774	1	5.76
πρόσωπον	face.n.01	0.715118527	1	6
πρόσωπον	face.n.01	0.872882724	1	6.66
πρόσωπον	face.n.01	0.872882724	1	1.38
πρόσωπον	face.n.01	0.872882724	1	0.54
πρόσωπον	face.n.01	0.772273183	1	5.27
πρόσωπον	face.n.01	0.819440484	1	5.59
πρόσωπον	presence.n.02	0.675016582	6	0.6
πρόσωπον	face.n.01	0.501978159	1	5.76
πρόσωπον	face.n.01	0.501978159	1	0.72
πρόσωπον	sight.n.04	0.587694824	10	0.53
πρόσωπον	face.n.01	0.460540235	1	4
πρόσωπον	face.n.01	0.468734413	1	4.59
πρόσωπον	face.n.01	0.754001617	1	5.82
πρόσωπον	face.n.01	0.75812149	1	5.26
πρόσωπον	face.n.01	0.859396398	1	5.11
πρόσωπον	face.n.01	0.822080195	1	5.07
πρόσωπον	presence.n.06	0.335762173	6	0.8
πρόσωπον	person.n.01	0.908846796	3	1.07
πρόσωπον	face.n.01	0.892474413	1	5.99
πρόσωπον	face.n.01	0.711643457	1	3.63
πρόσωπον	face.n.01	0.91690588	1	6.86
πρόσωπον	face.n.01	0.91690588	1	0.47
πρόσωπον	face.n.01	0.552819729	1	3.6
πρόσωπον	face.n.07	0.916211605	1	6.63
πρόσωπον	face.n.07	0.916211605	1	5.32
πρόσωπον	face.n.07	0.830327928	1	4.87
πρόσωπον	face.n.07	0.612114489	1	5.6
πρόσωπον	face.n.03	0.469236255	4	4.32
πρόσωπον	countenance.n.01	0.930912614	2	1.95
πρόσωπον	face.n.01	0.523111045	1	4.74
πρόσωπον	face.n.01	0.709466755	1	4.16
πρόσωπον	face.n.01	0.579372406	1	4.57
πρόσωπον	face.n.01	0.933725238	1	4.57
πρόσωπον	face.n.01	0.907239556	1	4.98
πρόσωπον	face.n.01	0.788792074	1	4.5
πρόσωπον	face.n.01	0.581037402	1	3.13
πρόσωπον	face.n.01	0.925563335	1	5.96
πρόσωπον	face.n.01	0.898605704	1	4.81
πρόσωπον	face.n.01	0.934577525	1	5.63
πρόσωπον	face.n.01	0.9767344	1	6.52
πρόσωπον	face.n.01	0.925054312	1	4.98
πρόσωπον	face.n.01	0.592953861	1	6.47
πρόσωπον	face.n.01	0.426740408	1	6.33
πρόσωπον	face.n.01	0.740894616	1	5.12
πρόσωπον	face.n.01	0.89931792	1	5.93
πρόσωπον	face.n.07	0.746113956	1	5.65
πρόσωπον	face.n.07	0.746113956	1	6
πρόσωπον	face.n.07	0.621459961	1	6.26
πρόσωπον	face.n.07	0.664650679	1	5.82
πρόσωπον	face.n.01	0.879113555	1	6.19
πρόσωπον	face.n.01	0.838683486	1	5.52
πρόσωπον	face.n.01	0.879113555	1	1.26
πρόσωπον	face.n.01	0.963760495	1	3.6
πρόσωπον	face.n.01	0.963479102	1	2.84
πρόσωπον	face.n.01	0.729335725	1	4.98
πρόσωπον	face.n.01	0.782241106	1	3.51
πρόσωπον	face.n.01	0.848604202	1	5.09
πρόσωπον	face.n.01	0.860487938	1	4.98
πρόσωπον	face.n.01	0.936214805	1	4.3
πρόσωπον	face.n.01	0.797748208	1	6.52
πρόσωπον	face.n.01	0.68656528	1	4.21
πρόσωπον	face.n.01	0.77949667	1	4.09
πρόσωπον	side.n.04	0.510876417	5	6.33
πρόσωπον	face.n.01	0.494973451	1	4.97
πρόσωπον	face.n.01	0.387163848	1	5.76
πρόσωπον	face.n.01	0.918189228	1	5.93
πρόσωπον	face.n.01	0.712610662	1	4.27
πρόσωπον	face.n.01	0.926413536	1	4.45
πρόσωπον	face.n.01	0.61682862	1	4.75
πρόσωπον	head.n.01	0.977509379	1	0.34
πρόσωπον	face.n.01	0.853726745	1	5.3
πρόσωπον	countenance.n.01	0.735346198	2	4.35
πρόσωπον	face.n.01	0.687159657	1	5.9
πρόσωπον	face.n.01	0.873495221	1	5.92
πρόσωπον	side.n.04	0.395870864	5	6.5
πρόσωπον	face.n.01	0.766537249	1	6.08
πρόσωπον	side.n.04	0.511620045	5	4.63
πρόσωπον	face.n.01	0.899289072	1	5.6
πρόσωπον	sight.n.04	0.827978849	10	0.96
πρόσωπον	side.n.04	0.532592237	5	5.33
πρόσωπον	face.n.01	0.90124321	1	6
πρόσωπον	presence.n.02	0.325114012	6	0.51
πρόσωπον	side.n.04	0.621487558	5	5.43
πρόσωπον	side.n.04	0.376698285	5	4.05
πρόσωπον	side.n.04	0.468932301	5	4.75
πρόσωπον	face.n.01	0.935414135	1	4.68
πρόσωπον	face.n.01	0.937646985	1	5.37
πρόσωπον	face.n.01	0.937396646	1	5.59
πρόσωπον	front.n.01	0.586586714	5	2.03
πρόσωπον	face.n.01	0.453791201	1	6.21
πρόσωπον	face.n.01	0.453791201	1	5.21
πρόσωπον	face.n.07	0.655550957	1	4.3
πρόσωπον	front.n.01	0.499517918	5	1.09
πρόσωπον	face.n.01	0.772252619	1	3
πρόσωπον	face.n.01	0.90719527	1	4.61
πρόσωπον	face.n.01	0.81356591	1	6.48
πρόσωπον	front.n.01	0.589651704	5	2.74
πρόσωπον	face.n.01	0.841601908	1	4.72
πρόσωπον	face.n.01	0.863940895	1	2.86
πρόσωπον	face.n.01	0.558768928	1	3.89
πρόσωπον	side.n.04	0.444649488	5	4.51
πρόσωπον	face.n.01	0.926808715	1	5.41
πρόσωπον	person.n.01	0.994314492	3	2.58
πρόσωπον	face.n.01	0.488475084	1	6.18
πρόσωπον	side.n.04	0.606944621	5	4.94
πρόσωπον	face.n.01	0.927918911	1	4.46
πρόσωπον	countenance.n.01	0.701004148	2	1.79
πρόσωπον	face.n.01	0.852993429	1	5.76
πρόσωπον	face.n.01	0.609188855	1	6.62
πρόσωπον	face.n.01	0.570454359	1	6.04
πρόσωπον	face.n.03	0.354098767	4	6.59
πρόσωπον	face.n.01	0.786762297	1	3.38
πρόσωπον	face.n.01	0.871530294	1	6.29
πρόσωπον	face.n.01	0.924886763	1	3.79
πρόσωπον	face.n.01	0.939512789	1	4.33
πρόσωπον	face.n.01	0.519521058	1	6.63
πρόσωπον	face.n.01	0.829202235	1	6.52
πρόσωπον	face.n.01	0.943702757	1	6.36
πρόσωπον	face.n.01	0.460392594	1	3.94
πρόσωπον	countenance.n.01	0.771845341	2	2.87
πρόσωπον	face.n.01	0.934831321	1	5.6
πρόσωπον	face.n.01	0.966594756	1	5.74
πρόσωπον	countenance.n.01	0.897636056	2	2.4
πρόσωπον	face.n.01	0.637727499	1	4.02
πρόσωπον	presence.n.02	0.580424547	6	0.45
πρόσωπον	side.n.04	0.615000784	5	5.29
πρόσωπον	face.n.01	0.927665889	1	4.5
πρόσωπον	face.n.01	0.946076512	1	4.41
πρόσωπον	countenance.n.01	0.891273975	2	3.28
πρόσωπον	face.n.01	0.904490829	1	5.03
πρόσωπον	face.n.01	0.559507847	1	5.76
πρόσωπον	face.n.01	0.533569574	1	5.93
πρόσωπον	face.n.01	0.588959575	1	5.78
πρόσωπον	face.n.01	0.896465063	1	6.07
πρόσωπον	face.n.01	0.947366178	1	4.32
πρόσωπον	face.n.01	0.967604339	1	3.52
πρόσωπον	face.n.01	0.472738057	1	5.29
πρόσωπον	face.n.01	0.930404842	1	6.54
πρόσωπον	face.n.01	0.891316831	1	6.39
πρόσωπον	face.n.03	0.364730656	4	4.1
πρόσωπον	face.n.03	0.269390821	4	6
πρόσωπον	person.n.01	0.960376143	3	0.6
πρόσωπον	face.n.01	0.920437515	1	5.73
πρόσωπον	face.n.01	0.961277485	1	5.84
πρόσωπον	face.n.01	0.905852318	1	5
πρόσωπον	character.n.04	0.722468913	7	1.12
πρόσωπον	face.n.01	0.936480463	1	4.22
πρόσωπον	front.n.01	0.797332823	5	3.03
πρόσωπον	front.n.01	0.711439848	5	1.86
πρόσωπον	front.n.01	0.721781015	5	2.87
πρόσωπον	countenance.n.01	0.671975672	2	2.89
πρόσωπον	person.n.01	0.99879384	3	2.24
πρόσωπον	face.n.01	0.831577599	1	6.09
πρόσωπον	countenance.n.01	0.952059984	2	2.14
πρόσωπον	countenance.n.01	0.781469405	2	3.42
πρόσωπον	flank.n.01	0.974333704	5	1.34
πρόσωπον	face.n.01	0.975781918	1	4.43
πρόσωπον	person.n.01	0.999500155	3	1.18
πρόσωπον	glance.n.01	None	NA	3.11
πρόσωπον	face.n.01	0.970136702	1	4.35
πρόσωπον	face.n.07	0.729811013	1	2.72
πρόσωπον	saying.n.01	0.815571427	NA	2.85
πρόσωπον	face.n.01	0.747993886	1	5.1
πρόσωπον	person.n.01	0.998744845	3	3.93
πρόσωπον	actor.n.01	0.761560023	NA	1.92
πρόσωπον	face.n.01	0.882310331	1	5.82
πρόσωπον	fictional_character.n.01	0.945536911	7	3.24
πρόσωπον	person.n.01	0.999689341	3	2.76
πρόσωπον	face.n.01	0.978632092	1	5.82
πρόσωπον	face.n.01	0.568842888	1	4
πρόσωπον	countenance.n.01	0.945601225	2	3.34
πρόσωπον	face.n.01	0.902930319	1	5.08
πρόσωπον	countenance.n.01	0.796116352	2	4.26
πρόσωπον	face.n.01	0.631098449	1	6.75
πρόσωπον	person.n.01	0.705868959	3	2.79
πρόσωπον	countenance.n.01	0.83804363	2	3.53
πρόσωπον	side.n.04	0.632168293	5	5.07
πρόσωπον	face.n.01	0.982508123	1	6.04
πρόσωπον	face.n.01	0.961051047	1	5.92
πρόσωπον	face.n.07	0.904372633	1	5.48
πρόσωπον	side.n.04	0.498853922	5	5.48
πρόσωπον	face.n.03	0.284678131	4	4.63
πρόσωπον	face.n.01	0.985375166	1	6.66
πρόσωπον	face.n.01	0.688185394	1	4.3
πρόσωπον	face.n.01	0.830909967	1	3.21
πρόσωπον	face.n.01	0.944149315	1	4.09
πρόσωπον	face.n.01	0.920478821	1	3.72
πρόσωπον	face.n.01	0.86204648	1	4.95
πρόσωπον	presence.n.02	0.920430422	6	1.16
πρόσωπον	face.n.01	0.978032589	1	5.15
πρόσωπον	side.n.04	0.445271283	5	6.62
πρόσωπον	face.n.01	0.956133842	1	6.56
πρόσωπον	brow.n.01	0.884023249	NA	2.06
πρόσωπον	face.n.01	0.666315675	1	6.09
πρόσωπον	character.n.03	0.567926705	8	2.86
πρόσωπον	face.n.01	0.820334613	1	0.88
πρόσωπον	face.n.01	0.820334613	1	6.63
πρόσωπον	face.n.01	0.424367785	1	6.63
πρόσωπον	face.n.01	0.97508651	1	6.24
πρόσωπον	side.n.04	0.40033704	5	4.29
πρόσωπον	face.n.01	0.752782404	1	6.68
πρόσωπον	side.n.04	0.381535262	5	4.89
πρόσωπον	face.n.01	0.719406068	1	6.3
πρόσωπον	face.n.01	0.918651581	1	5.13
πρόσωπον	face.n.01	0.881161273	1	5.89
πρόσωπον	face.n.01	0.921219349	1	6.55
πρόσωπον	face.n.07	0.654777646	1	5.8
πρόσωπον	face.n.01	0.790710568	1	6.62
πρόσωπον	face.n.01	0.607188761	1	5.24
πρόσωπον	face.n.01	0.73766011	1	1.94
πρόσωπον	face.n.03	0.23103416	4	4.13
πρόσωπον	face.n.01	0.909709036	1	5.68
πρόσωπον	person.n.01	0.999222398	3	3.8
πρόσωπον	person.n.01	0.998836577	3	0.8
πρόσωπον	side.n.04	0.601192474	5	5.08
πρόσωπον	face.n.01	0.959042013	1	4.89
πρόσωπον	face.n.01	0.908688486	1	6.36
πρόσωπον	face.n.01	0.900811493	1	6.7
πρόσωπον	side.n.04	0.310818613	5	4.43
πρόσωπον	character.n.03	0.40458113	8	3.09
πρόσωπον	face.n.01	0.86855036	1	4.17
πρόσωπον	side.n.04	0.43476823	5	5.17
πρόσωπον	person.n.01	0.970494866	3	1.23
πρόσωπον	face.n.01	0.836972356	1	4.69
πρόσωπον	face.n.01	0.973343253	1	4.12
πρόσωπον	face.n.01	0.96348232	1	4.58
πρόσωπον	face.n.01	0.973599136	1	4.95
πρόσωπον	face.n.01	0.865424693	1	3.98
πρόσωπον	face.n.07	0.570562482	1	5.39
πρόσωπον	side.n.04	0.381380379	5	5.47
πρόσωπον	side.n.04	0.510585308	5	6.27
πρόσωπον	side.n.04	0.441450238	5	6.77
πρόσωπον	mouth.n.01	0.877194345	NA	1.32
πρόσωπον	face.n.01	0.879809678	1	5.76
πρόσωπον	face.n.01	0.969804227	1	4.98
πρόσωπον	face.n.01	0.656826496	1	5.3
πρόσωπον	face.n.01	0.601594627	1	5.76
πρόσωπον	face.n.01	0.25776121	1	4.61
πρόσωπον	face.n.01	0.945883572	1	6.66
πρόσωπον	face.n.01	0.853105187	1	4.62
πρόσωπον	face.n.01	0.749744296	1	2.3
πρόσωπον	face.n.01	0.884642661	1	5.42
πρόσωπον	face.n.01	0.866247356	1	2.32
πρόσωπον	quality.n.03	0.726075411	12	1.61
πρόσωπον	face.n.01	0.889290214	1	6.81
πρόσωπον	side.n.04	0.601192474	5	5.08
πρόσωπον	side.n.04	0.580020308	5	5.63
πρόσωπον	face.n.07	0.786584079	1	5.86
πρόσωπον	expression.n.01	0.369415164	2	3.05
πρόσωπον	face.n.01	0.637612104	1	6.22
πρόσωπον	face.n.01	0.939892352	1	5.26
πρόσωπον	face.n.01	0.952998042	1	2.9
πρόσωπον	face.n.01	0.984340847	1	6.66
πρόσωπον	face.n.01	0.66414839	1	2.83
πρόσωπον	face.n.01	0.531446695	1	3.74
πρόσωπον	face.n.01	0.975677609	1	6.43
πρόσωπον	face.n.03	0.357871711	4	6.15
πρόσωπον	face.n.01	0.896679103	1	3.91
πρόσωπον	mouth.n.01	0.892104268	NA	1.42
πρόσωπον	appearance.n.01	0.988275766	2	0.86
πρόσωπον	person.n.01	0.971076548	3	2.67
πρόσωπον	character.n.03	0.387987137	8	3.64
πρόσωπον	person.n.01	0.997182846	3	4.32
πρόσωπον	person.n.01	0.985859692	3	4.25
πρόσωπον	countenance.n.01	0.764938056	2	1.83
πρόσωπον	person.n.01	0.987893045	3	2.16
πρόσωπον	person.n.01	0.981521606	3	2.5
πρόσωπον	face.n.01	0.966196716	1	3.35
πρόσωπον	person.n.01	0.993831992	3	0.91
πρόσωπον	face.n.01	0.975574255	1	2.68
πρόσωπον	actor.n.01	0.887241244	NA	1.97
πρόσωπον	person.n.01	0.999369204	3	3.27
πρόσωπον	face.n.01	0.578020275	1	4.66
πρόσωπον	face.n.07	0.793074369	1	4.88
πρόσωπον	face.n.07	0.686803043	1	5.56
πρόσωπον	countenance.n.01	0.940594137	2	2.16
πρόσωπον	person.n.01	0.919817328	3	2.95
πρόσωπον	person.n.01	0.999644637	3	2.57
πρόσωπον	countenance.n.01	0.904822648	2	3.33
πρόσωπον	countenance.n.01	0.818403959	2	3.73
πρόσωπον	face.n.01	0.809817731	1	6.18
πρόσωπον	face.n.01	0.899013996	1	5.45
πρόσωπον	face.n.01	0.843572259	1	6.08
πρόσωπον	presence.n.02	0.576841056	6	0.39
πρόσωπον	face.n.03	0.360762775	4	6.09
πρόσωπον	face.n.01	0.864779353	1	5.84
πρόσωπον	person.n.01	0.999321699	3	0.74
πρόσωπον	face.n.03	0.415997714	4	5.68
πρόσωπον	face.n.01	0.951994061	1	4.58
πρόσωπον	face.n.01	0.954034626	1	5.43
πρόσωπον	face.n.07	0.497584492	1	4.6
πρόσωπον	face.n.01	0.987007439	1	3.66
πρόσωπον	face.n.01	0.987011671	1	3.76
πρόσωπον	face.n.07	0.696864009	1	4.89
πρόσωπον	face.n.01	0.962787867	1	3.17
πρόσωπον	face.n.01	0.862222075	1	5.08
πρόσωπον	face.n.01	0.972870827	1	1.9
πρόσωπον	face.n.01	0.984977841	1	2.84
πρόσωπον	face.n.01	0.947105825	1	4.77
πρόσωπον	face.n.01	0.743042052	1	4.06
πρόσωπον	face.n.01	0.975663126	1	5.78
πρόσωπον	face.n.01	0.935973883	1	5.12
πρόσωπον	face.n.01	0.989214361	1	5.83
πρόσωπον	face.n.01	0.974832833	1	6.28
πρόσωπον	face.n.01	0.938147247	1	2.72
πρόσωπον	face.n.03	0.37553212	4	5.15
πρόσωπον	face.n.01	0.969243646	1	5.54
πρόσωπον	face.n.01	0.957139194	1	4.82
πρόσωπον	face.n.01	0.927457273	1	3.03
πρόσωπον	face.n.01	0.966732442	1	3.28
πρόσωπον	face.n.01	0.910013855	1	6.59
πρόσωπον	face.n.01	0.978767276	1	5.86
πρόσωπον	face.n.01	0.918191433	1	4.85
πρόσωπον	view.n.03	0.423942477	NA	2.14
πρόσωπον	face.n.01	0.968425035	1	5.32
πρόσωπον	face.n.01	0.919346571	1	3.9
πρόσωπον	face.n.01	0.96302563	1	5.93
πρόσωπον	countenance.n.01	0.832305133	2	2.47
πρόσωπον	countenance.n.01	0.835147142	2	2.36
πρόσωπον	countenance.n.01	0.87093091	2	3.47
πρόσωπον	countenance.n.01	0.89382112	2	3.56
πρόσωπον	countenance.n.01	0.920092344	2	1.93
πρόσωπον	face.n.01	0.753119648	1	5.39
πρόσωπον	face.n.01	0.456281632	1	3.51
πρόσωπον	face.n.01	0.805249512	1	5.28
πρόσωπον	face.n.01	0.944550931	1	3.39
πρόσωπον	face.n.01	0.856040955	1	5.09
πρόσωπον	person.n.01	0.998967171	3	2.9
πρόσωπον	countenance.n.01	0.907209039	2	3.36
πρόσωπον	countenance.n.01	0.957078218	2	3.31
πρόσωπον	countenance.n.01	0.893887341	2	2.36
πρόσωπον	side.n.04	0.365914553	5	4.38
πρόσωπον	person.n.01	0.999257982	3	4.39
πρόσωπον	face.n.03	0.814018846	4	5.37
πρόσωπον	face.n.01	0.446729511	1	3.77
πρόσωπον	face.n.01	0.46491766	1	4.44
πρόσωπον	fictional_character.n.01	0.492937833	7	2.43
πρόσωπον	fictional_character.n.01	0.347405761	7	2.4
πρόσωπον	fictional_character.n.01	0.983884275	7	1.56
πρόσωπον	fictional_character.n.01	0.937094212	7	0.53
πρόσωπον	fictional_character.n.01	0.937094212	7	2.11
πρόσωπον	face.n.01	0.888777733	1	6.28
πρόσωπον	face.n.01	0.976821363	1	5.33
πρόσωπον	face.n.01	0.807047486	1	6.46
πρόσωπον	face.n.03	0.94746834	4	6.06
πρόσωπον	face.n.01	0.942418873	1	4.77
πρόσωπον	face.n.01	0.925592303	1	5.24
πρόσωπον	face.n.01	0.584045112	1	6.83
πρόσωπον	person.n.01	0.876170158	3	2.73
πρόσωπον	face.n.01	0.962151885	1	4.03
πρόσωπον	face.n.01	0.976964831	1	6.29
πρόσωπον	face.n.01	0.804574668	1	6.27
πρόσωπον	person.n.01	0.906382382	3	3.66
πρόσωπον	face.n.01	0.973497689	1	5.8
πρόσωπον	face.n.01	0.636183918	1	2.72
πρόσωπον	face.n.01	0.931838036	1	5.03
πρόσωπον	face.n.01	0.807047486	1	6.08
πρόσωπον	countenance.n.01	0.906439304	2	2.41
πρόσωπον	face.n.01	0.788585186	1	4.27
πρόσωπον	face.n.01	0.592658579	1	5.17
πρόσωπον	face.n.01	0.460458398	1	5.94
πρόσωπον	face.n.01	0.942037582	1	5.44
πρόσωπον	face.n.03	0.804402173	4	5.55
πρόσωπον	face.n.01	0.893829703	1	6.47
πρόσωπον	person.n.01	0.890672386	3	4
πρόσωπον	face.n.03	0.371278226	4	5.31
πρόσωπον	countenance.n.01	0.705636144	2	2.83
πρόσωπον	face.n.01	0.896286905	1	5.08
πρόσωπον	face.n.01	0.798876166	1	5.54
πρόσωπον	face.n.01	0.765897334	1	4.98
πρόσωπον	face.n.01	0.84078002	1	6.77
πρόσωπον	side.n.04	0.661966324	5	4.15
πρόσωπον	face.n.01	0.757253408	1	2.97
πρόσωπον	face.n.01	0.814123094	1	5.6
πρόσωπον	face.n.01	0.476784527	1	4.85
πρόσωπον	face.n.03	0.470756203	4	5.94
πρόσωπον	face.n.01	0.366857439	1	6.18
πρόσωπον	face.n.01	0.952955723	1	5.62
πρόσωπον	person.n.01	0.999504924	3	1.19
πρόσωπον	presence.n.02	0.382689714	6	1.37
πρόσωπον	face.n.01	0.849317491	1	6.31
πρόσωπον	face.n.01	0.772103369	1	4.48
πρόσωπον	face.n.01	0.96036303	1	6.25
πρόσωπον	face.n.01	0.676238656	1	3.43
πρόσωπον	face.n.01	0.572419643	1	4.72
πρόσωπον	appearance.n.01	0.97097069	2	0.76
πρόσωπον	face.n.03	0.50080657	4	2.29
πρόσωπον	face.n.01	0.790190756	1	2.84
πρόσωπον	face.n.01	0.913791895	1	6.04
πρόσωπον	face.n.11	0.271265656	NA	3.94
πρόσωπον	face.n.01	0.202788413	1	4.94
πρόσωπον	face.n.01	0.733685911	1	5.04
πρόσωπον	presence.n.01	0.413600564	6	0.73
πρόσωπον	face.n.01	0.771194637	1	5.16
πρόσωπον	face.n.01	0.585852265	1	5.64
πρόσωπον	face.n.01	0.593319893	1	6.81
πρόσωπον	face.n.01	0.632579029	1	3.51
πρόσωπον	face.n.01	0.603242338	1	5.02
πρόσωπον	face.n.01	0.480380833	1	5.9
πρόσωπον	person.n.01	0.987372458	3	1.59
πρόσωπον	face.n.01	0.550740063	1	6.63
πρόσωπον	face.n.01	0.75527364	1	5.41
πρόσωπον	face.n.01	0.896504521	1	4.51
πρόσωπον	face.n.01	0.708489478	1	5.42
πρόσωπον	face.n.01	0.926620185	1	5.34
πρόσωπον	face.n.01	0.877914011	1	4.12
πρόσωπον	face.n.01	0.953634202	1	4.98
πρόσωπον	face.n.07	0.497786045	1	5.47
πρόσωπον	face.n.01	0.706338704	1	5.17
πρόσωπον	face.n.01	0.874361277	1	5.3
πρόσωπον	expression.n.01	0.693367779	2	1.82
πρόσωπον	front.n.01	0.530256927	5	3.16
πρόσωπον	countenance.n.01	0.673416734	2	2.49
πρόσωπον	face.n.01	0.834571958	1	5.88
πρόσωπον	face.n.01	0.967446327	1	5.42
πρόσωπον	face.n.03	0.694950521	4	4.62
πρόσωπον	countenance.n.01	0.924954772	2	3.7
πρόσωπον	presence.n.02	0.878765345	6	0.42
πρόσωπον	face.n.07	0.540835142	1	4.36
πρόσωπον	face.n.03	0.422052711	4	5.56
πρόσωπον	face.n.03	0.422052711	4	6.47
πρόσωπον	face.n.03	0.422052711	4	6.36
πρόσωπον	face.n.07	0.454539299	1	6.82
πρόσωπον	face.n.07	0.602185071	1	6.74
πρόσωπον	face.n.07	0.546329618	1	6.58
πρόσωπον	face.n.03	0.734962344	4	6.87
πρόσωπον	face.n.01	0.796037495	1	5.32
πρόσωπον	face.n.03	0.549349189	4	6.57
πρόσωπον	face.n.03	0.834310651	4	6.98
πρόσωπον	side.n.04	0.501161754	5	6.18
πρόσωπον	countenance.n.01	0.922120869	2	3.47
πρόσωπον	side.n.04	0.360558122	5	5.63
πρόσωπον	face.n.03	0.692608118	4	6.61
πρόσωπον	face.n.01	0.619793594	1	4.37
πρόσωπον	face.n.13	0.391580164	5	6.65
πρόσωπον	face.n.03	0.523598552	4	6.36
πρόσωπον	face.n.03	0.672589958	4	6.59
πρόσωπον	face.n.03	0.854882658	4	6.45
πρόσωπον	face.n.07	0.617896378	1	4.74
πρόσωπον	face.n.07	0.485297501	1	6.29
πρόσωπον	face.n.01	0.926599801	1	5.17
πρόσωπον	face.n.03	0.698215783	4	4.12
πρόσωπον	face.n.03	0.75931859	4	6.44
πρόσωπον	face.n.03	0.440112531	4	5.74
πρόσωπον	face.n.03	0.685512722	4	5.96
πρόσωπον	face.n.03	0.534623563	4	6.21
πρόσωπον	face.n.03	0.534808636	4	6.13
πρόσωπον	face.n.01	0.753922343	1	4.88
πρόσωπον	face.n.03	0.63314414	4	5.19
πρόσωπον	face.n.03	0.56808883	4	5.44
πρόσωπον	face.n.03	0.531072557	4	6.34
πρόσωπον	face.n.03	0.482564062	4	6.01
οἶκος	house.n.01	0.987502575	1	4.76
οἶκος	dwelling.n.01	0.896693885	1	3.32
οἶκος	home.n.01	0.378786474	5	4.39
οἶκος	house.n.01	0.996471524	1	5.96
οἶκος	house.n.01	0.65726912	1	2.56
οἶκος	family.n.01	0.429688424	2	2.21
οἶκος	family.n.01	None	2	2.96
οἶκος	house.n.01	0.9858374	1	7.37
οἶκος	home.n.01	0.584821045	5	3.03
οἶκος	house.n.01	0.990921021	1	0.8
οἶκος	house.n.01	0.993093967	1	2.05
οἶκος	house.n.01	0.992455006	1	4.3
οἶκος	house.n.01	0.566675425	1	8.04
οἶκος	house.n.01	0.747071028	1	7.92
οἶκος	house.n.01	0.99018842	1	5.3
οἶκος	house.n.01	0.989871681	1	5.02
οἶκος	house.n.01	0.974992454	1	6.07
οἶκος	house.n.01	0.992512226	1	3.81
οἶκος	house.n.01	0.987387955	1	6.38
οἶκος	dwelling.n.01	0.487266123	1	4.3
οἶκος	house.n.01	0.949502766	1	4.65
οἶκος	house.n.01	0.351528168	1	2.03
οἶκος	home.n.01	0.884245217	5	4.59
οἶκος	family.n.01	0.486000746	2	4.87
οἶκος	house.n.01	0.979194999	1	7.02
οἶκος	home.n.01	0.76967895	5	4.74
οἶκος	home.n.01	0.903587162	5	4.58
οἶκος	house.n.01	0.933661342	1	7.31
οἶκος	house.n.01	0.989695311	1	5.84
οἶκος	land.n.04	0.333645135	NA	2.01
οἶκος	house.n.01	0.88823694	1	4.1
οἶκος	house.n.01	0.968387485	1	4.3
οἶκος	house.n.01	0.993391812	1	3.84
οἶκος	house.n.01	0.996650636	1	4.31
οἶκος	home.n.01	0.656070173	5	4.78
οἶκος	house.n.01	0.98738271	1	8.01
οἶκος	house.n.01	0.984073341	1	7.82
οἶκος	house.n.01	0.959379792	1	5.1
οἶκος	house.n.06	0.707462251	3	3.11
οἶκος	family.n.01	0.735150814	2	1.84
οἶκος	home.n.03	0.695859671	5	4.3
οἶκος	house.n.01	0.976982236	1	4.61
οἶκος	house.n.01	0.993697107	1	8.28
οἶκος	building.n.01	0.995086372	9	3.6
οἶκος	family.n.01	0.497846335	2	1.88
οἶκος	house.n.01	0.983406842	1	7.57
οἶκος	house.n.01	0.983406842	1	5.22
οἶκος	home.n.03	0.66656667	5	2.87
οἶκος	family.n.01	None	2	3.9
οἶκος	house.n.06	0.497966141	3	3.4
οἶκος	house.n.01	0.594905436	1	5.92
οἶκος	house.n.01	0.457184106	1	6.77
οἶκος	house.n.01	0.903332829	1	6.98
οἶκος	house.n.01	0.759957671	1	7.44
οἶκος	estate.n.01	0.914967418	6	2.5
οἶκος	house.n.01	0.983551681	1	5.17
οἶκος	home.n.07	0.401107877	10	3.7
οἶκος	house.n.01	0.982114375	1	2.21
οἶκος	house.n.01	0.982114375	1	0.66
οἶκος	family.n.01	0.483357012	2	4.27
οἶκος	shrine.n.01	None	11	2.06
οἶκος	home.n.01	0.473969489	5	3.41
οἶκος	house.n.01	0.827222705	1	5.38
οἶκος	family.n.01	0.773268402	2	2.89
οἶκος	family.n.01	None	2	2.42
οἶκος	house.n.01	0.896680295	1	2.99
οἶκος	house.n.01	0.985071421	1	7.86
οἶκος	home.n.03	0.353247374	5	2.88
οἶκος	home.n.01	0.290540934	5	2.08
οἶκος	family.n.01	None	2	5.62
οἶκος	family.n.01	None	2	3.54
οἶκος	estate.n.01	0.989770055	6	2.98
οἶκος	family.n.01	0.568411231	2	3.03
οἶκος	house.n.01	0.987218976	1	6.12
οἶκος	family.n.01	None	2	3.04
οἶκος	family.n.01	None	2	2.66
οἶκος	house.n.01	0.979307711	1	6.32
οἶκος	house.n.01	0.994013846	1	6.39
οἶκος	family.n.01	0.727818787	2	3.16
οἶκος	home.n.01	0.907012641	5	1.87
οἶκος	home.n.01	0.648146629	5	4.24
οἶκος	home.n.01	0.837811947	5	4.67
οἶκος	house.n.01	0.927112579	1	2.96
οἶκος	home.n.01	0.654634714	5	3.01
οἶκος	home.n.01	0.894494772	5	4.78
οἶκος	home.n.01	0.891007245	5	2.93
οἶκος	family.n.01	0.81314832	2	2.55
οἶκος	home.n.01	0.459628642	5	4.66
οἶκος	house.n.01	0.992189646	1	7.86
οἶκος	house.n.01	0.968002379	1	7.18
οἶκος	house.n.01	0.992038131	1	5.3
οἶκος	house.n.01	0.786188602	1	4.77
οἶκος	house.n.06	0.481093735	3	4.25
οἶκος	house.n.01	0.986902833	1	7.15
οἶκος	house.n.01	0.969738781	1	6.53
οἶκος	house.n.01	0.986080885	1	6.88
οἶκος	house.n.01	0.978894055	1	5.49
οἶκος	room.n.01	0.979736328	8	4
οἶκος	home.n.01	0.564832926	5	5.37
οἶκος	home.n.01	0.450216472	5	3.71
οἶκος	house.n.01	0.968479574	1	8
οἶκος	house.n.01	0.989051402	1	4.76
οἶκος	house.n.01	0.967743993	1	6.39
οἶκος	family.n.01	None	2	3.64
οἶκος	family.n.01	0.89205569	2	1.71
οἶκος	family.n.01	None	2	5.38
οἶκος	house.n.01	0.990653336	1	5.71
οἶκος	door.n.05	0.542834103	NA	1.96
οἶκος	house.n.06	0.683660746	3	8.22
οἶκος	family.n.04	0.621251106	3	3.01
οἶκος	chamber.n.01	0.964845061	8	3.53
οἶκος	room.n.01	0.992396414	8	4.55
οἶκος	house.n.01	0.485267699	1	8.07
οἶκος	temple.n.01	0.558121145	11	1.64
οἶκος	house.n.01	0.965049267	1	7.92
οἶκος	family.n.01	0.34378469	2	2.84
οἶκος	family.n.01	0.475828171	2	2.83
οἶκος	room.n.01	0.99417156	8	2.93
οἶκος	house.n.01	0.937165439	1	4.8
οἶκος	dwelling.n.01	0.615181506	1	4.56
οἶκος	family.n.01	0.752667487	2	3.56
οἶκος	house.n.06	0.785902739	3	6.07
οἶκος	family.n.04	0.957472682	3	1.47
οἶκος	house.n.06	0.774900496	3	5.94
οἶκος	house.n.06	0.853455424	3	6.45
οἶκος	family.n.02	0.617572665	2	2.86
οἶκος	house.n.01	0.986213863	1	7.12
οἶκος	house.n.06	0.509560883	3	7.92
οἶκος	family.n.01	0.498453945	2	3.78
οἶκος	house.n.06	0.46601364	3	8.08
οἶκος	house.n.06	0.845865071	3	5.79
οἶκος	house.n.01	0.910455942	1	6.59
οἶκος	house.n.01	0.980860233	1	6.85
οἶκος	family.n.01	0.629634976	2	1.65
οἶκος	estate.n.02	0.577862918	6	3.25
οἶκος	family.n.01	0.449547559	2	3.02
οἶκος	room.n.01	0.995473564	8	1.79
οἶκος	house.n.01	0.97746712	1	6.84
οἶκος	family.n.01	0.870832264	2	1.13
οἶκος	house.n.06	0.904772162	3	7.53
οἶκος	family.n.04	0.533889294	3	1.47
οἶκος	house.n.01	0.981245756	1	7.5
οἶκος	house.n.06	0.622041106	3	3.76
οἶκος	family.n.01	None	2	4.59
οἶκος	family.n.01	None	2	0.37
οἶκος	family.n.04	0.574317217	3	3.97
οἶκος	family.n.01	0.762510777	2	2.77
οἶκος	property.n.01	0.994125724	6	2.92
οἶκος	house.n.01	0.551769078	1	6.69
οἶκος	house.n.06	0.487842858	3	7.68
οἶκος	firm.n.01	0.508810937	12	5.43
οἶκος	house.n.06	0.828843296	3	7.88
οἶκος	house.n.06	0.651099145	3	6.26
οἶκος	house.n.01	0.991460562	1	5.95
οἶκος	home.n.01	0.815327883	5	5.57
οἶκος	house.n.01	0.96835506	1	5.58
οἶκος	house.n.01	0.99149549	1	5.27
οἶκος	building.n.01	None	9	0.46
οἶκος	house.n.01	0.819059551	1	8.07
οἶκος	house.n.06	0.641718268	3	8.08
οἶκος	house.n.06	0.430571795	3	7.92
οἶκος	family.n.01	0.512951016	2	2.44
οἶκος	family.n.01	0.814154625	2	3.34
οἶκος	dwelling.n.01	0.30761084	1	2.54
οἶκος	estate.n.02	0.781835735	6	2.47
οἶκος	home.n.01	0.424664766	5	2.23
οἶκος	house.n.01	0.982720912	1	3.59
οἶκος	family.n.01	0.498696923	2	2.62
οἶκος	house.n.01	0.966606796	1	5.92
οἶκος	family.n.01	0.496274084	2	2.7
οἶκος	dwelling.n.01	0.461956441	1	4.71
οἶκος	estate.n.01	0.968369484	6	2.1
οἶκος	house.n.01	0.513043523	1	7.24
οἶκος	apartment.n.01	None	1	2.77
οἶκος	house.n.01	0.75617975	1	7.4
οἶκος	estate.n.02	0.810906351	6	4.63
οἶκος	house.n.01	0.986560106	1	6.28
οἶκος	house.n.01	0.867226481	1	6.09
οἶκος	home.n.01	0.825945437	5	4.74
οἶκος	family.n.01	0.726179123	2	2.11
οἶκος	dwelling.n.01	0.495079309	1	5.26
οἶκος	family.n.02	0.564686954	2	1.88
οἶκος	home.n.01	0.603111923	5	4.54
οἶκος	house.n.01	0.990428567	1	7.95
οἶκος	house.n.01	0.912538648	1	7.07
οἶκος	family.n.02	0.41198653	2	2.56
οἶκος	family.n.01	None	2	3.25
οἶκος	family.n.01	0.58514595	2	3.12
οἶκος	estate.n.01	0.845244169	6	3.49
οἶκος	home.n.01	0.512808442	5	3.41
οἶκος	estate.n.01	0.914317727	6	1.85
οἶκος	property.n.01	0.995975196	6	2.95
οἶκος	house.n.06	0.678586662	3	3.69
οἶκος	house.n.06	0.744553268	3	3.05
οἶκος	house.n.01	0.963986874	1	3.93
οἶκος	house.n.01	0.910843313	1	7.68
οἶκος	house.n.01	0.992883086	1	7.8
οἶκος	house.n.01	0.990900517	1	3.69
οἶκος	house.n.01	0.946081996	1	7.54
οἶκος	house.n.01	0.967965662	1	6.75
οἶκος	home.n.01	0.509326637	5	4.07
οἶκος	house.n.06	0.887978613	3	4.83
οἶκος	house.n.06	0.887978613	3	4.57
οἶκος	house.n.01	0.513285398	1	6.49
οἶκος	house.n.01	0.995082259	1	3.65
οἶκος	house.n.01	0.613542795	1	3.09
οἶκος	home.n.01	0.381599426	5	4.21
οἶκος	home.n.01	0.364982098	5	5.17
οἶκος	dwelling.n.01	0.467722982	1	2.47
οἶκος	dwelling.n.01	0.76411128	1	4.9
οἶκος	dwelling.n.01	0.619146109	1	5.24
οἶκος	home.n.07	0.35010004	10	4.15
οἶκος	home.n.07	0.485764682	10	5.49
οἶκος	home.n.03	0.331266135	5	1.32
οἶκος	family.n.01	None	2	2.46
οἶκος	building.n.01	0.984302759	9	2.39
οἶκος	building.n.01	0.970802128	9	2.75
οἶκος	house.n.01	0.483696878	1	5.28
οἶκος	family.n.01	0.667536557	2	4.45
οἶκος	family.n.01	None	2	2.78
οἶκος	house.n.01	0.99679023	1	5.77
οἶκος	family.n.01	None	2	1.38
οἶκος	house.n.01	0.618492186	1	5.12
οἶκος	house.n.01	0.932248294	1	5.61
οἶκος	house.n.01	0.938567758	1	7.8
οἶκος	house.n.06	0.781067133	3	3.4
οἶκος	estate.n.01	0.988394618	6	3.86
οἶκος	building.n.01	0.990748227	9	2.68
οἶκος	house.n.06	0.788080275	3	7.92
οἶκος	estate.n.01	0.846462786	6	4.38
οἶκος	sign_of_the_zodiac.n.01	0.918789506	7	5.74
οἶκος	house.n.01	0.809702158	1	4.47
οἶκος	house.n.12	0.521605432	9	5.89
οἶκος	house.n.01	0.979496539	1	5.84
οἶκος	room.n.01	0.990921021	8	4.36
οἶκος	family.n.01	None	2	2.05
οἶκος	family.n.01	None	2	2.97
οἶκος	family.n.01	0.556662023	2	5.77
οἶκος	mansion.n.02	0.999535441	1	2.93
οἶκος	family.n.01	None	2	4.46
οἶκος	dwelling.n.01	0.776008666	1	3.38
οἶκος	house.n.01	0.987978458	1	3.65
οἶκος	family.n.01	0.709271252	2	2.81
οἶκος	home.n.01	0.781108081	5	4.66
οἶκος	room.n.01	0.983340442	8	4
οἶκος	house.n.01	0.880254805	1	7.1
οἶκος	house.n.01	0.990476489	1	7.38
οἶκος	home.n.01	0.397611767	5	5.34
οἶκος	palace.n.01	0.565371752	1	2.23
οἶκος	home.n.01	0.434734672	5	4.91
οἶκος	house.n.01	0.922426343	1	5.11
οἶκος	home.n.03	0.551075459	5	4.21
οἶκος	home.n.01	0.381699264	5	3.05
οἶκος	house.n.01	0.943711698	1	5.29
οἶκος	house.n.01	0.97956574	1	2.19
οἶκος	house.n.01	0.673271775	1	4.61
οἶκος	house.n.06	0.720157146	3	2.38
οἶκος	family.n.01	0.482166201	2	6.69
οἶκος	house.n.01	0.978036225	1	4.56
οἶκος	house.n.03	0.490880698	4	1.31
οἶκος	house.n.01	0.972555161	1	6.34
οἶκος	house.n.06	0.53720963	3	4.31
οἶκος	house.n.06	0.766268253	3	4.5
οἶκος	house.n.01	0.924898684	1	4.16
οἶκος	family.n.01	None	2	3.15
οἶκος	house.n.01	0.976448238	1	5.89
οἶκος	house.n.03	0.632869184	4	7.88
οἶκος	house.n.01	0.989756525	1	7.19
οἶκος	house.n.01	0.98462534	1	5.49
οἶκος	room.n.01	0.991353333	8	3.72
οἶκος	home.n.01	0.399390489	5	2.41
οἶκος	house.n.01	0.980567396	1	6.19
οἶκος	house.n.01	0.976833105	1	3.59
οἶκος	house.n.01	0.942257881	1	6.57
οἶκος	house.n.01	0.915216506	1	6.68
οἶκος	house.n.01	0.979871809	1	6.48
οἶκος	house.n.06	0.512741446	3	4.65
οἶκος	house.n.01	0.983460486	1	6.13
οἶκος	house.n.06	0.899603069	3	4.82
οἶκος	house.n.06	0.324157119	3	5.49
οἶκος	family.n.01	0.786205053	2	5.17
οἶκος	house.n.01	0.990538359	1	7.17
οἶκος	house.n.01	0.991187572	1	5.96
οἶκος	house.n.01	0.990099728	1	7.31
οἶκος	house.n.01	0.548434019	1	4.76
οἶκος	house.n.01	0.994227171	1	6.73
οἶκος	house.n.01	0.990653336	1	7.96
οἶκος	house.n.01	0.932409883	1	1.75
οἶκος	house.n.01	0.932409883	1	6.48
οἶκος	house.n.01	0.987361431	1	7.37
οἶκος	house.n.01	0.987007201	1	2.58
οἶκος	house.n.01	0.987007201	1	5.36
οἶκος	house.n.01	0.715360284	1	3.61
οἶκος	home.n.01	0.441895515	5	5.44
οἶκος	home.n.01	0.602633178	5	3.34
οἶκος	house.n.01	0.737851381	1	5.08
οἶκος	house.n.01	0.436695606	1	3.05
οἶκος	family.n.01	0.574133813	2	4.93
οἶκος	family.n.01	0.60597676	2	3.26
οἶκος	estate.n.02	0.936507642	6	5.68
οἶκος	house.n.01	0.757353902	1	6.7
οἶκος	building.n.01	0.993527234	9	0.91
οἶκος	family.n.01	None	2	4
οἶκος	family.n.01	0.607726991	2	6.77
οἶκος	house.n.01	0.994559705	1	6.46
οἶκος	house.n.06	0.593633771	3	7.38
οἶκος	house.n.06	0.841801047	3	3.34
οἶκος	house.n.01	0.972959518	1	6.68
οἶκος	house.n.01	0.990019441	1	7.44
οἶκος	house.n.01	0.989230931	1	7.82
οἶκος	house.n.01	0.994098544	1	4.46
οἶκος	home.n.01	0.694246829	5	2.69
οἶκος	family.n.01	None	2	2.52
οἶκος	home.n.03	0.510371327	5	3.68
οἶκος	family.n.08	0.532114446	NA	1.56
οἶκος	house.n.01	0.991261065	1	6.16
οἶκος	house.n.01	0.836732745	1	6.82
οἶκος	house.n.01	0.924955249	1	0.6
οἶκος	family.n.01	0.277559251	2	6.98
οἶκος	house.n.01	0.879492402	1	7.07
οἶκος	house.n.01	0.916788459	1	6.48
οἶκος	house.n.01	0.864667118	1	7.18
οἶκος	house.n.01	0.983498275	1	8.27
οἶκος	family.n.01	0.549394786	2	2.6
οἶκος	home.n.03	0.492610902	5	2.54
οἶκος	house.n.06	0.568523645	3	7.41
οἶκος	house.n.01	0.996127665	1	6.81
οἶκος	room.n.01	0.938373208	8	2.02
οἶκος	family.n.01	0.510936677	2	7.22
οἶκος	house.n.06	0.676651537	3	7.42
οἶκος	home.n.07	0.338652194	10	5.19
οἶκος	palace.n.01	0.760521054	1	2.94
οἶκος	house.n.01	0.661412239	1	7.28
οἶκος	house.n.01	0.915628374	1	6.7
οἶκος	sign_of_the_zodiac.n.01	0.995144546	7	6.8
οἶκος	house.n.01	0.416143954	1	5.84
οἶκος	sign_of_the_zodiac.n.01	0.975149572	7	7.81
οἶκος	sign_of_the_zodiac.n.01	0.986421704	7	6.03
οἶκος	sign_of_the_zodiac.n.01	0.980269611	7	8.04
οἶκος	sign_of_the_zodiac.n.01	0.998951316	7	6.34
οἶκος	sign_of_the_zodiac.n.01	0.996941626	7	6.86
οἶκος	sign_of_the_zodiac.n.01	0.9817608	7	7.15
οἶκος	sign_of_the_zodiac.n.01	0.997583389	7	6.86
οἶκος	sign_of_the_zodiac.n.01	0.995610297	7	7.83
οἶκος	house.n.03	0.465866476	4	6.7
οἶκος	house.n.01	0.472362071	1	6.47
οἶκος	sign_of_the_zodiac.n.01	0.990503967	7	6.94
οἶκος	house.n.01	0.606269538	1	2.18
οἶκος	sign_of_the_zodiac.n.01	0.993799269	7	3.48
οἶκος	sign_of_the_zodiac.n.01	0.971422911	7	6.86
οἶκος	sign_of_the_zodiac.n.01	0.993874371	7	6.13
οἶκος	sign_of_the_zodiac.n.01	0.971166193	7	5.43
οἶκος	sign_of_the_zodiac.n.01	0.904894173	7	8.28
οἶκος	sign_of_the_zodiac.n.01	0.91994524	7	7.65
οἶκος	sign_of_the_zodiac.n.01	0.936096013	7	5.61
οἶκος	sign_of_the_zodiac.n.01	0.951487422	7	7.41
οἶκος	house.n.01	0.98697865	1	5.53
οἶκος	house.n.01	0.74078542	1	4.34
οἶκος	home.n.03	0.468893081	5	4.91
οἶκος	home.n.01	0.508375764	5	2.1
οἶκος	dwelling.n.01	0.551881969	1	1.66
οἶκος	house.n.01	0.883472264	1	6.41
οἶκος	house.n.01	0.982035697	1	6.36
οἶκος	house.n.01	0.980475485	1	5.83
οἶκος	room.n.01	0.995904863	8	3.19
οἶκος	room.n.01	0.995904863	8	2.44
οἶκος	room.n.01	0.993236244	8	3.61
οἶκος	room.n.01	0.988297641	8	3.16
οἶκος	family.n.01	0.636842191	2	7.01
οἶκος	family.n.01	0.505838692	2	3.46
οἶκος	family.n.01	0.544763386	2	1.92
οἶκος	family.n.01	0.679784417	2	1.94
οἶκος	family.n.01	0.622281015	2	3.14
οἶκος	house.n.01	0.94620961	1	5.77
οἶκος	family.n.01	0.538148403	2	3.53
οἶκος	home.n.01	0.917061269	5	5.27
οἶκος	family.n.01	0.664778173	2	1.46
οἶκος	house.n.01	0.918079317	1	5.72
οἶκος	family.n.01	0.764325738	2	6.44
οἶκος	family.n.01	0.348358274	2	6.7
οἶκος	house.n.01	0.983116627	1	7.65
οἶκος	family.n.01	0.735488713	2	5.38
οἶκος	house.n.01	0.993627906	1	7.86
οἶκος	house.n.01	0.990122974	1	6.56
οἶκος	family.n.01	0.730104625	2	3.76
οἶκος	family.n.01	0.667926967	2	7.68
οἶκος	family.n.01	0.675481677	2	6.39
οἶκος	family.n.01	0.372093856	2	6.44
οἶκος	family.n.01	None	2	3.96
οἶκος	family.n.01	0.728214622	2	1.85
οἶκος	house.n.01	0.865207374	1	6.81
οἶκος	house.n.01	0.969374835	1	7.15
οἶκος	house.n.03	0.828434646	4	6.32
οἶκος	house.n.03	0.659728408	4	7.9
οἶκος	house.n.01	0.588664353	1	8.28
οἶκος	house.n.01	0.945821047	1	5.75
οἶκος	house.n.01	0.968166828	1	4.83
οἶκος	home.n.01	0.493207186	5	4.7
οἶκος	house.n.01	0.997207224	1	4.11
οἶκος	house.n.01	0.800341249	1	2.45
οἶκος	house.n.06	0.848629892	3	6.28
οἶκος	house.n.03	0.536134303	4	6.34
οἶκος	house.n.06	0.739670277	3	6.09
οἶκος	house.n.06	0.554120183	3	6.3
οἶκος	dwelling.n.01	None	1	2.71
οἶκος	house.n.01	0.877949297	1	8.1
οἶκος	house.n.01	0.536516845	1	6.41
οἶκος	house.n.01	0.976240575	1	7.3
οἶκος	house.n.03	0.78445375	4	7.86
οἶκος	house.n.03	0.837159336	4	3.82
οἶκος	house.n.01	0.774097621	1	7.1
οἶκος	house.n.01	0.612909436	1	5.71
οἶκος	house.n.01	0.73447597	1	5.35
οἶκος	house.n.06	0.655044138	3	5.94
οἶκος	dwelling.n.01	0.672519207	1	4.8
οἶκος	house.n.06	0.551738143	3	8.14
οἶκος	house.n.01	0.842914462	1	5.29
οἶκος	house.n.03	0.671864927	4	7.31
οἶκος	temple.n.01	0.854688406	11	1.61
οἶκος	house.n.01	0.543955624	1	7.9
οἶκος	house.n.01	0.666690469	1	6.39
οἶκος	house.n.03	0.828717411	4	6.88
οἶκος	house.n.06	0.750438035	3	6.76
οἶκος	house.n.01	0.991873085	1	7.92
οἶκος	house.n.01	0.990338385	1	7.06
οἶκος	house.n.01	0.733219087	1	7.22
οἶκος	house.n.01	0.818906009	1	5.14
οἶκος	house.n.03	0.828717411	4	6.95
οἶκος	house.n.06	0.750438035	3	5.37
οἶκος	house.n.03	0.536965787	4	6
οἶκος	house.n.06	0.838422477	3	6.54
οἶκος	house.n.06	0.446242809	3	7.28
οἶκος	house.n.01	0.97715795	1	6.09
οἶκος	house.n.03	0.391720682	4	6.36
οἶκος	house.n.01	0.646824121	1	7.88
οἶκος	house.n.01	0.408907086	1	3.88
οἶκος	house.n.06	0.48118037	3	4.69
οἶκος	house.n.01	0.809290588	1	7.12
οἶκος	house.n.01	0.933542669	1	7.95
οἶκος	house.n.06	0.711574376	3	4.7
οἶκος	house.n.06	0.599440634	3	6.42
οἶκος	house.n.06	0.82555896	3	7.3
οἶκος	house.n.01	0.970083177	1	8.49
οἶκος	dwelling.n.01	None	1	5.85
οἶκος	family.n.01	0.682619572	2	5.78
οἶκος	anteroom.n.01	0.467616349	8	2.89
οἶκος	manor_hall.n.01	0.420309365	8	2.12
οἶκος	hallway.n.01	0.897010386	NA	1.69
οἶκος	hallway.n.01	0.714160442	NA	1.94
οἶκος	hallway.n.01	0.61522305	NA	1.98
οἶκος	manor_hall.n.01	0.562627316	8	3.02
οἶκος	manor_hall.n.01	0.562627316	8	1.24
οἶκος	hallway.n.01	0.550570726	NA	2.25
οἶκος	room.n.01	0.988748193	8	2.89
οἶκος	room.n.01	0.985319912	8	0.86
οἶκος	dwelling.n.01	0.715586603	1	2.74
οἶκος	house.n.01	0.992511034	1	4.01
οἶκος	building.n.01	0.9679901	9	3.19
οἶκος	building.n.01	0.960160792	9	1.55
οἶκος	building.n.01	0.988170028	9	0.57
οἶκος	architecture.n.02	0.746450961	NA	0.97
οἶκος	building.n.01	0.980894268	9	2.39
οἶκος	house.n.01	0.79997164	1	1.2
οἶκος	family.n.02	0.51433897	2	2.09
οἶκος	chamber.n.01	0.79863143	8	0.79
οἶκος	house.n.01	0.990947902	1	5.37
οἶκος	dwelling.n.01	0.587628961	1	3.15
οἶκος	house.n.01	0.993267894	1	5.6
οἶκος	scene.n.02	0.467687368	NA	0.39
οἶκος	house.n.01	0.676174223	1	8.04
οἶκος	house.n.01	0.991079271	1	6.22
οἶκος	homestead.n.01	0.5679124	1	3.58
οἶκος	dwelling.n.01	0.779874682	1	5.27
οἶκος	home.n.01	0.749229014	5	5.12
οἶκος	house.n.01	0.982231796	1	5.29
οἶκος	room.n.01	0.991302371	8	1.48
οἶκος	family.n.01	0.484335303	2	2.33
οἶκος	family.n.01	0.721677721	2	1.6
οἶκος	dock.n.05	0.839869559	9	0.99
οἶκος	dwelling.n.01	0.689601302	1	5.18
οἶκος	chamber.n.01	0.835951209	8	2.06
οἶκος	dwelling.n.01	0.667485356	1	2.61
οἶκος	family.n.01	0.878491223	2	2.99
οἶκος	house.n.01	0.609805048	1	4.34
οἶκος	house.n.06	0.856283247	3	4.71
οἶκος	home.n.01	0.344061404	5	1.92
οἶκος	dwelling.n.01	0.683878899	1	3.84
οἶκος	family.n.01	0.625728369	2	7.04
οἶκος	family.n.01	0.725368261	2	2.32
οἶκος	dwelling.n.01	None	1	4.85
οἶκος	dwelling.n.01	None	1	2.86
οἶκος	family.n.01	0.451197296	2	1.88
οἶκος	house.n.06	0.90581578	3	7.44
οἶκος	family.n.01	0.732651293	2	5.25
οἶκος	house.n.01	0.996853411	1	4.51
οἶκος	house.n.01	0.880812764	1	6.94
οἶκος	house.n.06	0.798682511	3	4.66
οἶκος	house.n.06	0.74757129	3	4.88
οἶκος	family.n.06	0.847005785	NA	1.09
οἶκος	house.n.01	0.687232375	1	6.08
οἶκος	dwelling.n.01	0.496106654	1	1.53
οἶκος	building.n.01	0.990871847	9	2.45
οἶκος	dwelling.n.01	0.523850739	1	5.3
οἶκος	dwelling.n.01	0.639039218	1	1.96
οἶκος	home.n.01	0.487515002	5	4.37
οἶκος	family.n.04	0.781433344	3	1.62
οἶκος	family.n.01	0.525847256	2	4.6
οἶκος	house.n.06	0.501736224	3	6.45
οἶκος	house.n.01	0.986406386	1	7.89
οἶκος	house.n.06	0.860086024	3	7.64
οἶκος	family.n.04	0.754834831	3	1.84
οἶκος	house.n.01	0.933689713	1	8.1
οἶκος	house.n.06	0.778278887	3	6.06
οἶκος	dwelling.n.01	0.534333587	1	4.13
οἶκος	house.n.01	0.989053667	1	8.49
οἶκος	house.n.01	0.968877375	1	3.32
οἶκος	house.n.01	0.960387588	1	8.29
οἶκος	house.n.06	0.853407443	3	6.57
οἶκος	dwelling.n.01	0.808075368	1	5.28
οἶκος	family.n.01	0.659448922	2	4.13
οἶκος	house.n.01	0.985038102	1	5.21
οἶκος	family.n.01	0.869602203	2	5.47
οἶκος	house.n.01	0.983491838	1	3.59
οἶκος	manor_hall.n.01	0.571277618	8	2.63
οἶκος	house.n.01	0.492551833	1	3.13
οἶκος	home.n.01	0.345342934	5	3.44
οἶκος	house.n.01	0.98628068	1	2.75
οἶκος	home.n.01	0.404508144	5	3.27
οἶκος	house.n.06	0.558977365	3	4.84
οἶκος	house.n.01	0.685857117	1	5.22
οἶκος	home.n.07	0.404040962	10	2.91
οἶκος	house.n.01	0.838370025	1	3.91
οἶκος	dwelling.n.01	0.714262784	1	5.3
οἶκος	house.n.01	0.996442258	1	6.87
οἶκος	house.n.01	0.93779844	1	3.78
οἶκος	family.n.02	0.534664631	2	1.01
οἶκος	house.n.01	0.990683317	1	1.36
οἶκος	house.n.01	0.991304278	1	7.07
οἶκος	home.n.01	0.43152833	5	4.2
οἶκος	family.n.01	0.68575424	2	1.33
οἶκος	house.n.01	0.988663614	1	2.85
οἶκος	home.n.01	0.724079669	5	2.83
οἶκος	house.n.01	0.918813944	1	5.63
οἶκος	dwelling.n.01	0.569763482	1	4.58
οἶκος	home.n.07	0.461514741	10	4.52
οἶκος	house.n.01	0.968599558	1	7.95
οἶκος	house.n.01	0.954918325	1	5.46
οἶκος	home.n.01	0.431727827	5	3.15
οἶκος	house.n.01	0.975855708	1	6.88
οἶκος	house.n.01	0.965063035	1	4.98
οἶκος	house.n.01	0.957198679	1	3.88
οἶκος	house.n.03	0.837438405	4	6.89
οἶκος	house.n.01	0.86627841	1	6.39
οἶκος	house.n.01	0.913219213	1	7.88
οἶκος	house.n.01	0.979288638	1	5.51
οἶκος	house.n.01	0.977521896	1	7.24
οἶκος	house.n.01	0.989521921	1	7.57
οἶκος	house.n.01	0.709850729	1	7.3
οἶκος	house.n.01	0.979293227	1	8.04
οἶκος	house.n.01	0.99239713	1	5.59
οἶκος	house.n.01	0.364174485	1	6.59
οἶκος	house.n.01	0.950016558	1	6.82
οἶκος	house.n.01	0.92562145	1	7.05
οἶκος	house.n.01	0.609418333	1	7.64
οἶκος	house.n.01	0.933336377	1	7.05
οἶκος	house.n.01	0.804997861	1	7.01
οἶκος	house.n.01	0.786699831	1	6.8
οἶκος	house.n.03	0.694152713	4	5.2
οἶκος	family.n.01	0.426688761	2	7.48
οἶκος	house.n.01	0.948940337	1	8.04
οἶκος	house.n.01	0.847316086	1	6.31
οἶκος	house.n.01	0.936059535	1	7.46
οἶκος	house.n.01	0.838788986	1	7.68
οἶκος	house.n.01	0.948566496	1	6.57
οἶκος	house.n.01	0.779985368	1	7.22
οἶκος	house.n.01	0.92268151	1	7.88
οἶκος	house.n.01	0.940598071	1	6.88
οἶκος	house.n.01	0.987015724	1	7.92
οἶκος	house.n.01	0.954283893	1	6.65
οἶκος	house.n.01	0.9266904	1	3.68
οἶκος	house.n.01	0.925942838	1	5.41
οἶκος	house.n.03	0.914231002	4	6.58
οἶκος	house.n.01	0.893796384	1	7.9
οἶκος	house.n.01	0.983861744	1	4.54
οἶκος	house.n.01	0.900606275	1	8.01
οἶκος	house.n.01	0.98549521	1	5.16
οἶκος	house.n.01	0.930387259	1	7.44
οἶκος	house.n.01	0.884272277	1	5.9
οἶκος	house.n.01	0.773651898	1	7.79
οἶκος	house.n.01	0.772484541	1	7.64
οἶκος	house.n.01	0.862007856	1	6.57
οἶκος	house.n.01	0.536526442	1	6.3
οἶκος	house.n.01	0.679624915	1	6.51
οἶκος	house.n.12	0.545434296	9	6.42
οἶκος	house.n.01	0.729827464	1	7.12
οἶκος	house.n.01	0.56591469	1	7.07
οἶκος	house.n.01	0.87612766	1	5.3
οἶκος	house.n.01	0.82361728	1	6.59
οἶκος	house.n.01	0.860944033	1	6.43
οἶκος	house.n.01	0.915457606	1	6.95
οἶκος	house.n.01	0.859184921	1	7.68
οἶκος	house.n.01	0.886091053	1	4.58
οἶκος	house.n.01	0.848120689	1	5.79
οἶκος	house.n.01	0.97947228	1	6.39
οἶκος	house.n.01	0.562454641	1	6.84
οἶκος	house.n.01	0.983728409	1	7.3
οἶκος	house.n.01	0.699052751	1	7.29
οἶκος	house.n.01	0.727817297	1	7.53
οἶκος	house.n.03	0.594628394	4	6.84
οἶκος	house.n.01	0.888282716	1	3.15
οἶκος	house.n.01	0.888282716	1	4.71
οἶκος	house.n.01	0.919084489	1	6.2
οἶκος	house.n.03	0.801723361	4	4.15
οἶκος	house.n.03	0.868407786	4	6.27
οἶκος	house.n.01	0.817718685	1	5.94
οἶκος	house.n.01	0.509101033	1	8.24
οἶκος	house.n.03	0.843057454	4	7.34
οἶκος	house.n.01	0.72351861	1	3.68
οἶκος	house.n.01	0.565539718	1	7.96
οἶκος	house.n.03	0.462488353	4	5.22
οἶκος	house.n.01	0.866611719	1	6.07
οἶκος	house.n.01	0.890691638	1	7.92
οἶκος	house.n.01	0.856785536	1	6.75
οἶκος	house.n.03	0.878342569	4	8.28
οἶκος	house.n.03	0.494242847	4	7.49
οἶκος	house.n.01	0.699982524	1	7.68
οἶκος	house.n.01	0.693532288	1	7.64
οἶκος	house.n.01	0.935753167	1	5.22
οἶκος	family.n.01	0.390838742	2	6.23
οἶκος	house.n.06	0.921062887	3	5.89
οἶκος	home.n.03	0.476777196	5	4.84
οἶκος	house.n.01	0.944801033	1	7.45
οἶκος	house.n.01	0.95871681	1	5.04
οἶκος	house.n.01	0.98500824	1	5.67
οἶκος	house.n.01	0.990413725	1	5.33
οἶκος	house.n.01	0.948941946	1	6.32
οἶκος	house.n.01	0.972723842	1	5.2
οἶκος	house.n.01	0.928360939	1	6.44
οἶκος	house.n.03	0.688491881	4	7.88
οἶκος	house.n.01	0.97457844	1	6.34
οἶκος	house.n.01	0.994204223	1	7.92
οἶκος	house.n.01	0.686665058	1	7.62
οἶκος	house.n.01	0.915756226	1	5.28
οἶκος	family.n.01	0.530820668	2	7.57
οἶκος	house.n.01	0.405584365	1	8.78
οἶκος	house.n.01	0.680728912	1	5.66
οἶκος	house.n.03	0.806900501	4	6.57
οἶκος	house.n.03	0.770322025	4	8.07
οἶκος	house.n.01	0.938738942	1	8.13
οἶκος	house.n.01	0.938738942	1	7.64
οἶκος	house.n.01	0.960176528	1	8.27
οἶκος	house.n.01	0.958234847	1	7.64
οἶκος	house.n.01	0.926875293	1	7.3
οἶκος	house.n.03	0.820411563	4	7.48
οἶκος	house.n.01	0.785487831	1	8.04
οἶκος	house.n.01	0.449089378	1	6.84
οἶκος	house.n.01	0.435620964	1	8.28
οἶκος	house.n.03	0.838822782	4	5.75
οἶκος	house.n.03	0.632022262	4	4.27
οἶκος	house.n.03	0.710775852	4	6.07
οἶκος	house.n.01	0.769099832	1	5.77
οἶκος	house.n.01	0.74152863	1	7.88
οἶκος	house.n.01	0.48124662	1	6.24
οἶκος	house.n.01	0.389488757	1	4.53
οἶκος	house.n.01	0.52613318	1	5.72
οἶκος	house.n.03	0.896787226	4	4.42
οἶκος	house.n.03	0.581840038	4	7.44
οἶκος	house.n.01	0.990955651	1	8.28
οἶκος	house.n.01	0.921290398	1	6.07
οἶκος	home.n.01	0.520563841	5	4.21
οἶκος	sign_of_the_zodiac.n.01	0.999034524	7	7.96
οἶκος	sign_of_the_zodiac.n.01	0.998310924	7	3.99
οἶκος	sign_of_the_zodiac.n.01	0.999175608	7	8.08
οἶκος	sign_of_the_zodiac.n.01	0.999610007	7	7.4
οἶκος	sign_of_the_zodiac.n.01	0.998935878	7	2.97
οἶκος	sign_of_the_zodiac.n.01	0.999086261	7	4.33
οἶκος	sign_of_the_zodiac.n.01	0.997938097	7	2.87
οἶκος	house.n.01	0.558992803	1	6.24
οἶκος	house.n.01	0.44912681	1	5.69
οἶκος	house.n.01	0.793885231	1	4.44
οἶκος	sign_of_the_zodiac.n.01	0.999108016	7	1.9
οἶκος	sign_of_the_zodiac.n.01	0.999304295	7	2.33
οἶκος	sign_of_the_zodiac.n.01	0.999304295	7	3.65
οἶκος	sign_of_the_zodiac.n.01	0.997973144	7	7.53
οἶκος	place.n.03	0.344659418	NA	1.64
οἶκος	sign_of_the_zodiac.n.01	0.984943688	7	6.23
οἶκος	sign_of_the_zodiac.n.01	0.964774907	7	5.22
οἶκος	house.n.01	0.42797336	1	7.81
οἶκος	sign_of_the_zodiac.n.01	0.997803986	7	4.62
οἶκος	sign_of_the_zodiac.n.01	0.988753438	7	5.77
οἶκος	sign_of_the_zodiac.n.01	0.997126877	7	7.28
οἶκος	sign_of_the_zodiac.n.01	0.991853416	7	7.64
οἶκος	sign_of_the_zodiac.n.01	0.983142555	7	7.52
οἶκος	sign_of_the_zodiac.n.01	0.991620898	7	7.45
οἶκος	sign_of_the_zodiac.n.01	0.658494353	7	8.45
οἶκος	house.n.12	0.440407902	9	6.32
οἶκος	sign_of_the_zodiac.n.01	0.975302041	7	4.26
οἶκος	sign_of_the_zodiac.n.01	0.995980263	7	6.12
οἶκος	sign_of_the_zodiac.n.01	0.998722017	7	4.98
οἶκος	sign_of_the_zodiac.n.01	0.985660315	7	4.97
οἶκος	sign_of_the_zodiac.n.01	0.99675566	7	5.96
οἶκος	sign_of_the_zodiac.n.01	0.998691022	7	7.68
οἶκος	sign_of_the_zodiac.n.01	0.997570932	7	7.22
οἶκος	sign_of_the_zodiac.n.01	0.98908335	7	7.96
οἶκος	sign_of_the_zodiac.n.01	0.995786607	7	7.77
οἶκος	sign_of_the_zodiac.n.01	0.997012496	7	7.77
οἶκος	sign_of_the_zodiac.n.01	0.998227775	7	7.85
οἶκος	sign_of_the_zodiac.n.01	0.98952055	7	4.65
οἶκος	sign_of_the_zodiac.n.01	0.906127334	7	5.59
οἶκος	sign_of_the_zodiac.n.01	0.913638473	7	4.17
οἶκος	sign_of_the_zodiac.n.01	0.913638473	7	2.01
οἶκος	sign_of_the_zodiac.n.01	0.712500215	7	6.18
οἶκος	sign_of_the_zodiac.n.01	0.998589575	7	3.65
οἶκος	sign_of_the_zodiac.n.01	0.982717812	7	7.26
οἶκος	sign_of_the_zodiac.n.01	0.99688381	7	4.15
οἶκος	sign_of_the_zodiac.n.01	0.994416595	7	7.56
οἶκος	house.n.01	0.98434341	1	6.55
οἶκος	house.n.01	0.989035308	1	5.29
οἶκος	house.n.06	0.529759884	3	1.61
οἶκος	family.n.01	0.478380173	2	3.48
οἶκος	house.n.01	0.935647428	1	5.53
οἶκος	house.n.01	0.829873383	1	7.59
οἶκος	home.n.01	0.457039058	5	1.61
οἶκος	house.n.01	0.963234842	1	5.54
οἶκος	home.n.01	0.414559931	5	2.5
οἶκος	home.n.01	0.495894045	5	4.01
οἶκος	home.n.03	0.342785716	5	4.91
οἶκος	house.n.01	0.713213444	1	4.22
οἶκος	home.n.03	0.415226221	5	4.98
οἶκος	dwelling.n.01	0.558847308	1	5.18
οἶκος	house.n.06	0.557705641	3	5.51
οἶκος	house.n.01	0.967801392	1	5.69
οἶκος	house.n.01	0.967801392	1	4.13
οἶκος	nest.n.01	0.992509723	1	0.94
οἶκος	dwelling.n.01	None	1	3.59
οἶκος	house.n.01	0.994899094	1	3.9
οἶκος	house.n.01	0.852106512	1	5.6
οἶκος	dwelling.n.01	0.704040289	1	4.12
οἶκος	house.n.01	0.97049135	1	5.66
οἶκος	house.n.01	0.98514384	1	4.66
οἶκος	house.n.01	0.9350788	1	5.69
οἶκος	palace.n.01	0.642239749	1	2.44
οἶκος	house.n.01	0.977635682	1	7.17
οἶκος	house.n.01	0.985714078	1	6.44
οἶκος	cave.n.01	None	1	1.93
οἶκος	house.n.01	0.994694173	1	6.32
οἶκος	house.n.01	0.975014329	1	6.55
οἶκος	house.n.01	0.992415249	1	5.07
οἶκος	house.n.01	0.98455286	1	7.19
οἶκος	house.n.01	0.901819825	1	3.55
οἶκος	home.n.01	0.379614502	5	2.25
οἶκος	house.n.01	0.983051538	1	7.44
οἶκος	house.n.01	0.638976455	1	3.26
οἶκος	family.n.01	0.499348313	2	5.2
οἶκος	house.n.01	0.94898212	1	4.61
οἶκος	house.n.01	0.788191378	1	3.56
οἶκος	mansion.n.02	0.365098357	1	1.9
οἶκος	dwelling.n.01	0.679621339	1	4.39
οἶκος	house.n.01	0.990005553	1	4.56
οἶκος	house.n.01	0.993745565	1	7.92
οἶκος	house.n.01	0.983741522	1	3.66
οἶκος	manor_hall.n.01	0.621656716	8	4.92
οἶκος	manor_hall.n.01	0.406715453	8	2.27
οἶκος	house.n.01	0.992307425	1	2.52
οἶκος	home.n.01	0.392065912	5	3.56
οἶκος	house.n.01	0.993912876	1	4.39
οἶκος	dwelling.n.01	0.343677104	1	4.91
οἶκος	home.n.01	0.756446421	5	3.27
οἶκος	house.n.01	0.995807648	1	4.13
οἶκος	home.n.01	0.492538363	5	4.3
οἶκος	home.n.01	0.432919919	5	4.05
οἶκος	house.n.06	0.494160295	3	5.72
οἶκος	bedroom.n.01	0.81454134	8	0.35
οἶκος	house.n.01	0.951801479	1	3.1
οἶκος	hallway.n.01	0.359974563	NA	4.48
οἶκος	mansion.n.02	0.413458109	1	4.33
οἶκος	manor_hall.n.01	0.536387444	8	5.06
οἶκος	home.n.01	0.355664462	5	1.81
οἶκος	mansion.n.02	0.472395062	1	3.32
οἶκος	tent.n.01	0.985735357	1	1.76
οἶκος	house.n.01	0.979280889	1	2.05
οἶκος	house.n.01	0.90064466	1	5.89
οἶκος	room.n.01	0.985996664	8	2.81
οἶκος	room.n.01	0.989146709	8	1.03
οἶκος	sofa.n.01	0.997858822	NA	0.45
οἶκος	house.n.01	0.973407626	1	7.53
οἶκος	chamber.n.01	0.783278584	8	3.21
οἶκος	house.n.01	0.983852148	1	8.08
οἶκος	family.n.01	0.824240923	2	2.85
οἶκος	house.n.01	0.964614868	1	8.14
οἶκος	house.n.01	0.818498015	1	5.22
οἶκος	room.n.01	0.984762728	8	3.19
οἶκος	house.n.01	0.982744515	1	2.46
οἶκος	room.n.01	0.984137297	8	2.62
οἶκος	house.n.01	0.974944293	1	6.86
οἶκος	house.n.01	0.986751795	1	7.42
οἶκος	house.n.01	0.915568173	1	4.23
οἶκος	house.n.01	0.927798569	1	5.69
οἶκος	palace.n.01	0.791116536	1	2.18
οἶκος	house.n.01	0.985456765	1	5.64
οἶκος	room.n.01	0.985605776	8	3.51
οἶκος	room.n.01	0.994260073	8	0.8
οἶκος	bedroom.n.01	0.539943993	8	3.97
οἶκος	apartment.n.01	None	1	3.39
οἶκος	apartment.n.01	None	1	3.49
οἶκος	room.n.01	0.975338221	8	2.96
οἶκος	house.n.01	0.994858265	1	6.2
οἶκος	house.n.01	0.971525848	1	2.18
οἶκος	house.n.01	0.981367171	1	4.22
οἶκος	house.n.01	0.979724884	1	7.43
οἶκος	room.n.01	0.98180145	8	2.99
οἶκος	house.n.01	0.969644189	1	5.7
οἶκος	house.n.01	0.99410522	1	7.07
οἶκος	room.n.01	0.964010477	8	0.49
οἶκος	house.n.01	0.948800802	1	7.81
οἶκος	room.n.01	0.99295783	8	3.94
οἶκος	house.n.01	0.988647282	1	6.86
οἶκος	house.n.01	0.973864198	1	5.33
οἶκος	apartment.n.01	None	1	4.48
οἶκος	room.n.01	0.986182213	8	4.05
οἶκος	house.n.01	0.988943458	1	5.45
οἶκος	home.n.01	0.787392557	5	4.57
οἶκος	house.n.01	0.992782116	1	6.18
οἶκος	family.n.01	0.781763792	2	1
οἶκος	dwelling.n.01	0.832771063	1	3.29
οἶκος	house.n.06	0.404374361	3	3.68
οἶκος	house.n.01	0.88674897	1	2.58
οἶκος	home.n.01	0.856256485	5	2.43
οἶκος	house.n.06	0.378495574	3	2.67
οἶκος	house.n.01	0.928070843	1	3.05
οἶκος	house.n.01	0.734044373	1	6.31
οἶκος	temple.n.01	0.639124095	11	1.96
οἶκος	house.n.01	0.977736771	1	5.22
οἶκος	home.n.01	0.562893391	5	2.19
οἶκος	home.n.01	0.617473066	5	3.98
οἶκος	house.n.01	0.986787319	1	4.9
οἶκος	dwelling.n.01	0.554706335	1	4.43
οἶκος	home.n.01	0.521631896	5	2.73
οἶκος	home.n.01	0.633983374	5	3.07
οἶκος	apartment.n.01	None	1	3.39
οἶκος	estate.n.01	0.969441712	6	4.56
οἶκος	house.n.01	0.994880199	1	5.42
οἶκος	house.n.01	0.984350204	1	7.18
οἶκος	palace.n.04	0.619989336	1	2.35
οἶκος	house.n.01	0.828586996	1	3.96
οἶκος	house.n.06	0.452983916	3	4.44
οἶκος	house.n.01	0.961217463	1	7.49
οἶκος	family.n.01	None	2	2.77
οἶκος	house.n.01	0.817402303	1	6.76
οἶκος	family.n.01	0.526957095	2	6.7
οἶκος	house.n.03	0.779594064	4	5.88
οἶκος	house.n.01	0.849501669	1	6.36
οἶκος	dwelling.n.01	0.627499461	1	4.76
οἶκος	house.n.03	0.723866642	4	7.65
οἶκος	family.n.01	None	2	4.5
οἶκος	family.n.01	None	2	3.49
οἶκος	family.n.01	None	2	0.97
οἶκος	family.n.01	None	2	4
οἶκος	house.n.01	0.9695822	1	4.36
οἶκος	house.n.01	0.645091295	1	6.37
οἶκος	family.n.01	0.455749333	2	6.73
οἶκος	family.n.01	0.650903702	2	7.85
οἶκος	house.n.03	0.662049353	4	7.31
οἶκος	house.n.06	0.749017894	3	7.22
οἶκος	house.n.01	0.73227948	1	4.5
οἶκος	house.n.01	0.968955278	1	4.01
οἶκος	house.n.01	0.574710011	1	8.27
οἶκος	house.n.01	0.981872141	1	8.27
οἶκος	home.n.01	0.817501307	5	3.31
οἶκος	house.n.01	0.970243037	1	5.72
οἶκος	house.n.01	0.951956451	1	5.64
οἶκος	manor_hall.n.01	0.616284013	8	3.27
οἶκος	mansion.n.02	0.981449962	1	3.34
οἶκος	home.n.07	0.641432762	10	1.11
οἶκος	house.n.01	0.822892427	1	2.87
οἶκος	house.n.01	0.782818019	1	2.21
οἶκος	house.n.01	0.986680448	1	6.03
οἶκος	house.n.01	0.99612242	1	4.8
οἶκος	dwelling.n.01	None	1	3.59
οἶκος	house.n.01	0.963836908	1	4.65
οἶκος	dome.n.04	0.817250431	NA	1.82
οἶκος	house.n.01	0.890401125	1	4.99
οἶκος	chamber.n.01	0.840832472	8	3.05
οἶκος	home.n.01	0.520425379	5	4.99
οἶκος	house.n.01	0.987107217	1	2.87
οἶκος	home.n.01	0.702515125	5	2.21
οἶκος	house.n.01	0.569096625	1	1.63
οἶκος	manor_hall.n.01	0.501854777	8	3.32
οἶκος	manor_hall.n.01	0.374220759	8	3.83
οἶκος	house.n.01	0.890221059	1	7.54
οἶκος	home.n.01	0.780597985	5	4.33
οἶκος	family.n.01	0.381082267	2	6.18
οἶκος	bedroom.n.01	None	8	3.15
οἶκος	estate.n.01	0.848215103	6	3.85
οἶκος	house.n.06	0.727927327	3	6.51
οἶκος	home.n.01	0.373924822	5	4.9
οἶκος	house.n.03	0.577806592	4	7.44
οἶκος	house.n.06	0.532702863	3	5.9
οἶκος	house.n.03	0.465092212	4	7.53
οἶκος	family.n.01	None	2	4.45
οἶκος	house.n.01	0.985541046	1	1.18
οἶκος	house.n.01	0.994807065	1	4.97
οἶκος	house.n.01	0.990693033	1	5.22
οἶκος	family.n.01	0.528385937	2	5.55
οἶκος	house.n.01	0.987141013	1	7.85
οἶκος	house.n.06	0.702584147	3	5.87
οἶκος	house.n.06	0.501722872	3	2.09
οἶκος	house.n.03	0.726047397	4	2.1
οἶκος	house.n.01	0.779967427	1	7.85
οἶκος	house.n.01	0.346446812	1	4.65
οἶκος	house.n.01	0.758526623	1	2.95
οἶκος	altar.n.02	0.98669225	NA	1.06
οἶκος	house.n.01	0.983791828	1	7.49
οἶκος	family.n.01	None	2	1.28
οἶκος	house.n.03	0.432474792	4	3.99
οἶκος	home.n.01	0.478228867	5	1.76
οἶκος	wall.n.01	0.721301734	NA	1.07
οἶκος	house.n.01	0.742753088	1	6.3
οἶκος	house.n.06	0.682945669	3	3.45
οἶκος	house.n.01	0.986730218	1	8.05
οἶκος	house.n.01	0.989203632	1	4.1
οἶκος	house.n.06	0.425008297	3	4.97
οἶκος	home.n.01	0.377293676	5	2.74
οἶκος	house.n.01	0.992284894	1	6.21
οἶκος	house.n.01	0.990287781	1	5.72
οἶκος	family.n.01	None	2	2.59
οἶκος	altar.n.02	0.676077187	NA	1.57
οἶκος	house.n.01	0.988059223	1	4.94
οἶκος	house.n.01	0.996421099	1	5.53
οἶκος	home.n.03	0.558937192	5	5.06
οἶκος	house.n.06	0.711478174	3	5.18
οἶκος	home.n.01	0.724050462	5	3.42
οἶκος	house.n.01	0.60642314	1	6.57
οἶκος	home.n.01	0.790360868	5	3.89
οἶκος	family.n.01	None	2	2.01
οἶκος	dwelling.n.01	0.491036713	1	4.92
οἶκος	house.n.01	0.991270781	1	2.11
οἶκος	family.n.01	0.866575897	2	7.3
οἶκος	house.n.01	0.99050355	1	5.46
οἶκος	house.n.03	0.423221648	4	6.62
οἶκος	house.n.01	0.636690617	1	5.84
οἶκος	house.n.06	0.528703213	3	7.96
οἶκος	house.n.06	0.655328572	3	6.55
οἶκος	house.n.01	0.987738907	1	7.9
οἶκος	house.n.01	0.97779572	1	3.1
οἶκος	room.n.01	0.993967056	8	3.1
οἶκος	room.n.01	0.992053866	8	2.72
οἶκος	house.n.01	0.563224614	1	2.15
οἶκος	house.n.03	0.85113591	4	4.36
οἶκος	house.n.01	0.823575377	1	7.41
οἶκος	house.n.01	0.962148726	1	4.6
οἶκος	family.n.01	0.565925717	2	7.28
οἶκος	house.n.06	0.617074728	3	6.09
οἶκος	house.n.06	0.861118317	3	7.65
οἶκος	family.n.01	0.537640691	2	8.43
οἶκος	house.n.01	0.967953563	1	4.17
οἶκος	house.n.01	0.959878325	1	4.88
οἶκος	house.n.01	0.986711204	1	3.93
οἶκος	house.n.01	0.634774745	1	4.33
οἶκος	home.n.01	0.392702281	5	3.77
οἶκος	house.n.01	0.974562287	1	4.24
οἶκος	house.n.06	0.886609435	3	2.17
οἶκος	house.n.06	0.96609962	3	6.36
οἶκος	house.n.01	0.470214933	1	5.68
οἶκος	dwelling.n.01	0.682790995	1	4.59
οἶκος	home.n.01	0.367559552	5	3.52
οἶκος	family.n.01	0.81730926	2	3.61
οἶκος	house.n.01	0.991586328	1	2.63
οἶκος	house.n.01	0.940920055	1	6.96
οἶκος	family.n.01	0.405255049	2	6.66
οἶκος	house.n.01	0.862225831	1	6.63
οἶκος	dwelling.n.01	0.487885058	1	5.05
οἶκος	house.n.01	0.987405598	1	7.96
οἶκος	dwelling.n.01	None	1	2.76
οἶκος	home.n.01	0.897050321	5	4.64
οἶκος	house.n.01	0.773032784	1	2.3
οἶκος	house.n.01	0.953360736	1	3.07
οἶκος	house.n.01	0.934080601	1	2.12
οἶκος	house.n.01	0.425468206	1	2.03
οἶκος	house.n.01	0.595724642	1	1.18
οἶκος	house.n.01	0.964394927	1	2.42
οἶκος	house.n.01	0.827969372	1	1.41
οἶκος	dwelling.n.01	0.546622396	1	4.71
οἶκος	house.n.01	0.982382357	1	2.38
οἶκος	house.n.01	0.945722818	1	6.59
οἶκος	house.n.01	0.970950425	1	7.64
οἶκος	house.n.01	0.501922131	1	4.44
οἶκος	home.n.01	0.70509094	5	4.63
οἶκος	home.n.01	0.890590966	5	3.21
οἶκος	house.n.01	0.432067782	1	5.22
οἶκος	house.n.06	0.496540576	3	8.01
οἶκος	house.n.01	0.990798354	1	7.17
οἶκος	house.n.01	0.989410043	1	5.16
οἶκος	house.n.01	0.966904938	1	5.55
οἶκος	dwelling.n.01	0.460597813	1	4.47
οἶκος	dwelling.n.01	0.349337816	1	0.52
οἶκος	home.n.03	0.556244552	5	3.27
οἶκος	house.n.01	0.864006162	1	3.88
οἶκος	house.n.01	0.948655009	1	3.79
οἶκος	home.n.01	0.804149389	5	4.85
οἶκος	house.n.01	0.978651226	1	3.81
οἶκος	family.n.01	0.453847766	2	2.7
οἶκος	house.n.01	0.890408993	1	6.81
οἶκος	house.n.01	0.994130015	1	3.96
οἶκος	house.n.06	0.93709296	3	3.39
οἶκος	house.n.01	0.989278078	1	1.91
οἶκος	family.n.01	0.559387624	2	1.22
οἶκος	home.n.03	0.451040089	5	0.35
οἶκος	house.n.01	0.58328253	1	6.17
οἶκος	house.n.01	0.994569719	1	5.44
οἶκος	palace.n.01	0.809926569	1	2.17
οἶκος	house.n.01	0.966923892	1	6.01
οἶκος	house.n.01	0.972299576	1	2.51
οἶκος	house.n.01	0.983331025	1	3.81
οἶκος	house.n.01	0.982733488	1	0.6
οἶκος	house.n.01	0.996327579	1	3.93
οἶκος	house.n.01	0.986101747	1	6.27
οἶκος	house.n.01	0.975093246	1	4.97
οἶκος	family.n.01	0.456385285	2	4.44
οἶκος	house.n.01	0.976594865	1	3.58
οἶκος	home.n.01	0.522207677	5	4.01
οἶκος	family.n.04	0.409445912	3	2.93
οἶκος	house.n.06	0.591368914	3	7.15
οἶκος	home.n.01	0.55707705	5	4.39
οἶκος	family.n.01	None	2	1.64
οἶκος	home.n.01	0.530617714	5	4.57
οἶκος	dwelling.n.01	0.873020411	1	3.86
οἶκος	family.n.01	None	2	3.09
οἶκος	house.n.01	0.985198319	1	6.61
οἶκος	house.n.01	0.88136518	1	5.9
οἶκος	housekeeper.n.01	None	NA	1.8
οἶκος	house.n.01	0.887265027	1	6.7
οἶκος	house.n.01	0.468180656	1	6.05
οἶκος	family.n.02	0.669350982	2	2.44
οἶκος	house.n.01	0.968292236	1	3.8
οἶκος	house.n.01	0.968292236	1	4.36
οἶκος	family.n.01	0.600226939	2	2.98
οἶκος	home.n.01	0.44996953	5	4.46
οἶκος	house.n.03	0.295904189	4	8.21
οἶκος	family.n.04	0.612412512	3	2.36
οἶκος	family.n.04	0.407751411	3	1.79
οἶκος	house.n.01	0.982393026	1	7.18
οἶκος	house.n.01	0.995137393	1	6.68
οἶκος	house.n.01	0.995049894	1	3.31
οἶκος	family.n.04	0.78440547	3	2.45
οἶκος	room.n.01	0.997247159	8	4
οἶκος	house.n.01	0.947000802	1	6.25
οἶκος	birthright.n.02	0.974477947	6	2.72
οἶκος	estate.n.01	0.990513921	6	3.13
οἶκος	property.n.01	0.984547198	6	3.31
οἶκος	family.n.04	0.770308554	3	2.22
οἶκος	family.n.01	None	2	3.77
οἶκος	house.n.01	0.951701283	1	6.44
οἶκος	hearth.n.02	0.805134296	5	0.38
οἶκος	home.n.01	0.441134572	5	1.5
οἶκος	home.n.01	0.915241241	5	1.11
οἶκος	house.n.01	0.967999458	1	4.02
οἶκος	home.n.01	0.892600238	5	3.33
οἶκος	home.n.01	0.880141258	5	5.27
οἶκος	house.n.01	0.992996395	1	6.98
οἶκος	tent.n.01	0.998969078	1	2.11
οἶκος	manor_hall.n.01	0.361830533	8	4.75
οἶκος	home.n.01	0.464543015	5	5.13
οἶκος	house.n.01	0.897467852	1	4.62
οἶκος	dwelling.n.01	0.327566952	1	4.12
οἶκος	family.n.01	0.667332768	2	4.88
οἶκος	home.n.03	0.513871491	5	3.21
οἶκος	home.n.07	0.658341408	10	5.05
οἶκος	house.n.01	0.679891646	1	1.96
οἶκος	dwelling.n.01	0.481708586	1	4.12
οἶκος	home.n.01	0.399129719	5	3.44
οἶκος	house.n.06	0.82502073	3	6.96
οἶκος	house.n.01	0.992068052	1	5.94
οἶκος	family.n.01	0.457047015	2	4.02
οἶκος	chamber.n.01	0.726488292	8	1.74
οἶκος	sign_of_the_zodiac.n.01	0.702034831	7	7.86
οἶκος	sign_of_the_zodiac.n.01	0.708756328	7	6.91
οἶκος	house.n.01	0.976841629	1	7.02
οἶκος	house.n.01	0.965319276	1	6.63
οἶκος	house.n.01	0.987831533	1	6.39
οἶκος	house.n.01	0.944271326	1	7.15
οἶκος	house.n.01	0.919946849	1	5.84
οἶκος	house.n.01	0.982322514	1	6.74
οἶκος	house.n.01	0.98579073	1	6.25
οἶκος	home.n.01	0.836471498	5	3.9
οἶκος	house.n.01	0.580247521	1	5.94
οἶκος	house.n.01	0.997214139	1	5.34
οἶκος	house.n.01	0.971144378	1	7.08
οἶκος	house.n.01	0.980090261	1	7.07
οἶκος	house.n.01	0.989927471	1	7.24
οἶκος	house.n.01	0.988567233	1	7.52
οἶκος	house.n.01	0.990665317	1	7.75
οἶκος	house.n.06	0.835061193	3	7.02
οἶκος	family.n.01	0.38333118	2	4.72
οἶκος	family.n.01	0.401468217	2	6.07
οἶκος	house.n.01	0.988610804	1	5.09
οἶκος	house.n.01	0.990871251	1	7.3
οἶκος	house.n.01	0.969316125	1	5.2
οἶκος	house.n.01	0.909249246	1	3.39
οἶκος	house.n.01	0.884959102	1	6.13
οἶκος	home.n.03	0.485327274	5	5.18
οἶκος	family.n.01	0.46663782	2	3.9
οἶκος	home.n.01	0.810192645	5	3.7
οἶκος	family.n.01	0.658658326	2	2.41
οἶκος	house.n.01	0.984780312	1	7.65
οἶκος	house.n.01	0.945061505	1	7.65
οἶκος	home.n.01	0.557954729	5	4.2
οἶκος	house.n.01	0.9275828	1	5.11
οἶκος	house.n.01	0.989586174	1	3.66
οἶκος	house.n.01	0.994072497	1	2.15
οἶκος	house.n.01	0.931971669	1	6.96
οἶκος	family.n.01	0.522152424	2	1.78
οἶκος	house.n.06	0.476269335	3	7.17
οἶκος	house.n.01	0.991742253	1	5.84
οἶκος	house.n.01	0.991978765	1	7.82
οἶκος	house.n.01	0.962386668	1	5.8
οἶκος	home.n.01	0.450914711	5	5.06
οἶκος	family.n.01	None	2	1.44
οἶκος	house.n.01	0.992477	1	4.2
οἶκος	house.n.01	0.9692927	1	5.89
οἶκος	house.n.06	0.802179456	3	6.75
οἶκος	house.n.01	0.98124516	1	4.27
οἶκος	family.n.01	None	2	3.03
οἶκος	family.n.01	None	2	2.7
οἶκος	house.n.01	0.971393883	1	3.54
οἶκος	house.n.01	0.99616313	1	7.15
οἶκος	house.n.01	0.975187421	1	8.28
οἶκος	estate.n.01	0.769875705	6	4.48
οἶκος	house.n.01	0.973042011	1	4.23
οἶκος	house.n.01	0.991734266	1	7.92
οἶκος	house.n.01	0.992477834	1	6.77
οἶκος	dwelling.n.01	0.538554609	1	4.34
οἶκος	home.n.07	0.901224673	10	1.91
οἶκος	house.n.01	0.898560643	1	5.13
οἶκος	house.n.01	0.994203985	1	4.37
οἶκος	house.n.01	0.945317328	1	4.48
οἶκος	home.n.01	0.381047666	5	4.66
οἶκος	family.n.01	None	2	3.54
οἶκος	family.n.01	None	2	0.58
οἶκος	house.n.01	0.972094297	1	7.23
οἶκος	house.n.01	0.839954257	1	6.75
οἶκος	home.n.01	0.878296793	5	4.82
οἶκος	house.n.01	0.989380956	1	7.28
οἶκος	house.n.01	0.984488845	1	7.22
οἶκος	dwelling.n.01	0.772816956	1	1.62
οἶκος	family.n.01	None	2	2.47
οἶκος	doorway.n.01	0.637044013	NA	1.28
οἶκος	palace.n.04	0.679128468	1	2.32
οἶκος	house.n.01	0.952109039	1	5.24
οἶκος	house.n.01	0.980937541	1	3.59
οἶκος	house.n.01	0.993389487	1	6.55
οἶκος	house.n.01	0.922676444	1	3.29
οἶκος	house.n.01	0.990650535	1	7.3
οἶκος	house.n.01	0.99221015	1	7.3
οἶκος	house.n.01	0.969560564	1	7.42
οἶκος	house.n.06	0.629653156	3	2.26
οἶκος	dwelling.n.01	0.861690521	1	3.41
οἶκος	house.n.01	0.963195801	1	7.65
οἶκος	home.n.06	0.275749832	NA	1.56
οἶκος	house.n.01	0.993317485	1	5.26
οἶκος	house.n.01	0.991642952	1	3.98
οἶκος	house.n.01	0.951256394	1	1.86
οἶκος	house.n.01	0.951256394	1	4.9
οἶκος	house.n.01	0.90266341	1	5.59
οἶκος	mansion.n.02	0.999589622	1	4.71
οἶκος	house.n.01	0.886924088	1	7.31
οἶκος	house.n.01	0.995050609	1	7.04
οἶκος	house.n.01	0.995050609	1	4.59
οἶκος	house.n.01	0.994099498	1	7.63
οἶκος	house.n.01	0.993998051	1	7.09
οἶκος	family.n.01	0.747814059	2	1.96
οἶκος	house.n.01	0.97962302	1	6.65
οἶκος	house.n.01	0.973091364	1	6.75
οἶκος	house.n.01	0.985957444	1	7.38
οἶκος	house.n.01	0.877659857	1	7.65
οἶκος	house.n.01	0.987536848	1	7.35
οἶκος	house.n.01	0.964133441	1	8.78
οἶκος	house.n.01	0.970550418	1	6.81
οἶκος	house.n.01	0.699501932	1	5.43
οἶκος	house.n.01	0.977182448	1	5.46
οἶκος	house.n.06	0.604433656	3	5.81
οἶκος	ship.n.01	None	NA	1.44
οἶκος	home.n.01	0.672844112	5	2.71
οἶκος	home.n.01	0.821332037	5	4.54
οἶκος	house.n.01	0.988080621	1	6.28
οἶκος	house.n.01	0.974019766	1	7.95
οἶκος	house.n.01	0.973764837	1	1.25
οἶκος	house.n.01	0.936419487	1	1.04
οἶκος	home.n.01	0.657171488	5	3.23
οἶκος	house.n.01	0.99037534	1	5.66
οἶκος	dwelling.n.01	0.597588778	1	4.91
οἶκος	home.n.01	0.797066748	5	2.87
οἶκος	house.n.01	0.898087025	1	4.34
οἶκος	house.n.01	0.963265061	1	6.39
οἶκος	house.n.01	0.992175519	1	2.75
οἶκος	house.n.01	0.834706128	1	6.35
οἶκος	home.n.01	0.641986728	5	0.36
οἶκος	home.n.01	0.921592653	5	1.72
οἶκος	home.n.01	0.457241625	5	3.66
οἶκος	home.n.01	0.518956184	5	3.77
οἶκος	home.n.01	0.547054827	5	5.06
οἶκος	dwelling.n.01	0.584040999	1	2.47
οἶκος	family.n.04	0.560750008	3	1.53
οἶκος	home.n.03	0.480625957	5	3.68
οἶκος	home.n.01	0.852693856	5	4.42
οἶκος	family.n.01	None	2	2.87
οἶκος	house.n.01	0.487989575	1	5.6
οἶκος	house.n.01	0.957107067	1	7.16
οἶκος	family.n.01	None	2	0.46
οἶκος	house.n.01	0.99436897	1	3.81
οἶκος	house.n.01	0.865220368	1	3.48
οἶκος	house.n.01	0.985773385	1	7.56
οἶκος	family.n.01	0.344915718	2	3.56
οἶκος	family.n.01	0.66569376	2	5.23
οἶκος	house.n.06	0.850745738	3	6.08
οἶκος	house.n.01	0.993854702	1	4.08
οἶκος	house.n.01	0.986969113	1	2.92
οἶκος	house.n.01	0.992387533	1	3.31
οἶκος	house.n.01	0.992568493	1	1.17
οἶκος	mansion.n.02	0.999842525	1	1.7
οἶκος	house.n.01	0.880637646	1	6.95
οἶκος	house.n.01	0.97942996	1	5.02
οἶκος	house.n.01	0.942707598	1	1.34
οἶκος	house.n.01	0.982346773	1	7.38
οἶκος	house.n.01	0.778814495	1	6.18
οἶκος	house.n.01	0.963597178	1	6.57
οἶκος	house.n.01	0.845463812	1	3.29
οἶκος	house.n.01	0.814930975	1	4.01
οἶκος	home.n.01	0.638324201	5	2.86
οἶκος	house.n.01	0.992407024	1	2.45
οἶκος	cave.n.01	None	1	0.94
οἶκος	home.n.01	0.427254885	5	2.01
οἶκος	house.n.01	0.954987764	1	6.48
οἶκος	house.n.01	0.97274065	1	4.95
οἶκος	house.n.01	0.985913098	1	2.65
οἶκος	house.n.01	0.971670151	1	2.6
οἶκος	house.n.01	0.989404082	1	6.41
οἶκος	house.n.01	0.995575428	1	5.11
οἶκος	house.n.06	0.715930998	3	7.03
οἶκος	house.n.01	0.989700079	1	3.9
οἶκος	house.n.01	0.990858853	1	6.51
οἶκος	country.n.02	0.582391143	NA	0.84
οἶκος	house.n.01	0.995559454	1	4.59
οἶκος	house.n.01	0.990499198	1	3.95
οἶκος	house.n.01	0.956462204	1	4.66
οἶκος	chamber.n.01	0.711981714	8	2.39
οἶκος	house.n.01	0.992082119	1	6.96
οἶκος	house.n.01	0.893171251	1	0.63
οἶκος	house.n.01	0.956536829	1	2.85
οἶκος	property.n.01	0.990513206	6	3.9
οἶκος	house.n.01	0.984350801	1	7.02
οἶκος	house.n.01	0.981222093	1	5.61
οἶκος	house.n.01	0.993367255	1	5.32
οἶκος	room.n.01	0.991511643	8	0.6
οἶκος	house.n.01	0.962977767	1	6.23
οἶκος	house.n.01	0.992902696	1	5.7
οἶκος	house.n.01	0.992683589	1	1.53
οἶκος	house.n.01	0.997337043	1	4.71
οἶκος	house.n.01	0.9947173	1	2.6
οἶκος	estate.n.01	0.985756218	6	3.39
οἶκος	house.n.01	0.994331479	1	4.57
οἶκος	house.n.01	0.456556916	1	0.92
οἶκος	house.n.01	0.456556916	1	6.14
οἶκος	house.n.01	0.964400053	1	6.88
οἶκος	house.n.06	0.680446863	3	6.41
οἶκος	house.n.01	0.967395544	1	6.41
οἶκος	house.n.01	0.967395544	1	1.09
οἶκος	house.n.01	0.954295754	1	6.51
οἶκος	house.n.01	0.989887655	1	4.8
οἶκος	house.n.01	0.9790411	1	7.35
οἶκος	house.n.01	0.992485225	1	3.52
οἶκος	house.n.01	0.990965366	1	0.71
οἶκος	house.n.06	0.832350135	3	3.59
οἶκος	house.n.01	0.985090256	1	7.41
οἶκος	house.n.01	0.98921597	1	6.48
οἶκος	house.n.01	0.976068258	1	4.48
οἶκος	house.n.01	0.964552045	1	0.93
οἶκος	home.n.03	0.368821919	5	4.44
οἶκος	house.n.01	0.992932916	1	3.15
οἶκος	house.n.01	0.974942148	1	5.43
οἶκος	house.n.01	0.980139732	1	6.54
οἶκος	house.n.01	0.994185269	1	2.82
οἶκος	house.n.01	0.940178573	1	4.21
οἶκος	family.n.01	0.485033512	2	1.37
οἶκος	home.n.01	0.529809654	5	2.95
οἶκος	house.n.01	0.802518606	1	5.45
οἶκος	house.n.01	0.987402558	1	5.46
οἶκος	kingdom.n.03	0.565973759	NA	0.63
οἶκος	home.n.01	0.535180926	5	4.52
οἶκος	base.n.14	0.363433957	13	2.06
οἶκος	dwelling.n.01	0.527843714	1	3.16
οἶκος	estate.n.01	0.685881317	6	5.51
οἶκος	estate.n.01	0.725847781	6	1.72
οἶκος	house.n.01	0.44648385	1	8.08
οἶκος	building.n.01	0.995263219	9	2.34
οἶκος	building.n.01	0.986453116	9	0.56
οἶκος	domain.n.02	0.566395342	NA	1.31
οἶκος	house.n.06	0.902205348	3	7.22
οἶκος	home.n.01	0.434629023	5	3.86
οἶκος	home.n.03	0.588023007	5	3.27
οἶκος	house.n.06	0.72210449	3	6.8
οἶκος	home.n.03	0.408013761	5	1.23
οἶκος	house.n.01	0.593670487	1	7.9
οἶκος	house.n.06	0.853450119	3	4.83
οἶκος	house.n.06	0.967476189	3	6.57
οἶκος	home.n.01	0.686576366	5	3.96
οἶκος	house.n.06	0.539681792	3	5.05
οἶκος	family.n.01	0.562609494	2	7.15
οἶκος	house.n.01	0.971622407	1	7.49
οἶκος	family.n.01	0.49703294	2	3.5
οἶκος	house.n.06	0.502970457	3	7.92
οἶκος	family.n.01	0.569562316	2	6.84
οἶκος	house.n.01	0.965954542	1	6.86
οἶκος	house.n.01	0.862126768	1	2.54
οἶκος	house.n.01	0.991522789	1	6.12
οἶκος	house.n.01	0.684786797	1	4.67
οἶκος	family.n.04	0.49179107	3	1.56
οἶκος	house.n.01	0.990869939	1	4.37
οἶκος	house.n.01	0.758205414	1	7.86
οἶκος	family.n.01	0.484850228	2	2.49
οἶκος	house.n.01	0.991040409	1	6.72
οἶκος	house.n.01	0.976365149	1	6.06
οἶκος	house.n.01	0.986336231	1	2.35
οἶκος	house.n.01	0.986336231	1	5.87
οἶκος	inheritance.n.02	0.98209697	6	1.12
οἶκος	estate.n.02	0.5016222	6	3.07
οἶκος	domicile.n.01	0.501174331	NA	1.82
οἶκος	estate.n.01	0.537315607	6	2.1
οἶκος	estate.n.01	0.984559894	6	3.43
οἶκος	property.n.01	0.993646026	6	2.8
οἶκος	house.n.01	0.989007831	1	7.57
οἶκος	family.n.02	0.593268573	2	3.88
οἶκος	property.n.01	0.819227815	6	3.03
οἶκος	house.n.01	0.992422879	1	5.58
οἶκος	house.n.01	0.990075409	1	7.79
οἶκος	house.n.01	0.994357169	1	6.87
οἶκος	property.n.01	0.995304704	6	2.74
οἶκος	family.n.01	0.539140642	2	2.24
οἶκος	house.n.01	0.913449347	1	7.88
οἶκος	family.n.04	0.438155174	3	2.31
οἶκος	house.n.06	0.811365664	3	5.73
οἶκος	house.n.01	0.991416037	1	4.09
οἶκος	family.n.01	0.505503714	2	1.62
οἶκος	estate.n.01	0.756603599	6	3.34
οἶκος	house.n.01	0.986336648	1	7.92
οἶκος	house.n.01	0.970745146	1	7.4
οἶκος	family.n.01	0.782826245	2	3.7
οἶκος	family.n.01	0.697717547	2	2.59
οἶκος	family.n.01	0.577447474	2	3.2
οἶκος	family.n.01	0.675304174	2	3.14
οἶκος	family.n.01	0.805303395	2	3.48
οἶκος	estate.n.01	0.982521772	6	2.68
οἶκος	family.n.01	0.616658926	2	3.76
οἶκος	property.n.01	0.99351728	6	1.43
οἶκος	family.n.01	0.505554795	2	2.82
οἶκος	family.n.01	0.505554795	2	2.03
οἶκος	family.n.01	0.782804489	2	2.5
οἶκος	estate.n.01	0.954302132	6	1.3
οἶκος	house.n.01	0.951721549	1	7.1
οἶκος	family.n.01	None	2	4.98
οἶκος	dwelling.n.01	0.650062084	1	5.06
οἶκος	dwelling.n.01	0.540310025	1	5.44
οἶκος	family.n.01	0.429922491	2	1.71
οἶκος	family.n.01	0.759944975	2	3.42
οἶκος	property.n.01	0.990226209	6	3.12
οἶκος	family.n.01	None	2	4.68
οἶκος	estate.n.02	0.766346157	6	1.69
οἶκος	estate.n.01	0.971784055	6	5.19
οἶκος	family.n.01	None	2	4.23
οἶκος	estate.n.01	0.965590954	6	2.54
οἶκος	family.n.01	None	2	3.29
οἶκος	dwelling.n.01	0.627037764	1	3.43
οἶκος	house.n.01	0.546284139	1	5.94
οἶκος	house.n.06	0.776042461	3	7.19
οἶκος	estate.n.02	0.582268417	6	5.33
οἶκος	estate.n.01	0.962665796	6	4.31
οἶκος	estate.n.01	0.584628463	6	4.43
οἶκος	family.n.01	None	2	4.78
οἶκος	family.n.01	None	2	4.56
οἶκος	property.n.01	0.996341288	6	2.3
οἶκος	dwelling.n.01	0.6275177	1	2.02
οἶκος	estate.n.01	0.630828142	6	5.19
οἶκος	house.n.06	0.870036662	3	7.64
οἶκος	house.n.06	0.803797066	3	6.49
οἶκος	house.n.01	0.910039842	1	6.88
οἶκος	estate.n.01	0.984113812	6	3.89
οἶκος	estate.n.01	0.919589639	6	5.23
οἶκος	property.n.01	0.94022727	6	3.61
οἶκος	estate.n.01	0.785611153	6	3.61
οἶκος	family.n.01	0.644953787	2	3.22
οἶκος	house.n.01	0.746109605	1	4.63
οἶκος	house.n.06	0.748493016	3	4.59
οἶκος	family.n.01	0.475974351	2	6.77
οἶκος	house.n.01	0.523341	1	4.55
οἶκος	family.n.01	0.452622265	2	6.54
οἶκος	family.n.01	None	2	4.23
οἶκος	family.n.01	0.834819019	2	1.82
οἶκος	house.n.01	0.963298202	1	5.87
οἶκος	family.n.01	0.635581136	2	5.88
οἶκος	family.n.01	0.684431374	2	8.57
οἶκος	house.n.03	0.502776742	4	7.07
οἶκος	family.n.01	0.815148354	2	4.94
οἶκος	family.n.01	0.86003232	2	7.48
οἶκος	family.n.01	0.71108526	2	1.25
οἶκος	house.n.01	0.992269874	1	6.54
οἶκος	house.n.01	0.992083669	1	4.97
οἶκος	family.n.01	None	2	3.23
οἶκος	family.n.01	None	2	3.99
οἶκος	home.n.01	0.574974179	5	4.94
οἶκος	home.n.01	0.585471272	5	4.59
οἶκος	dwelling.n.01	0.401364803	1	4.19
οἶκος	property.n.01	0.959123671	6	2.14
οἶκος	residence.n.02	0.767836928	1	5.44
οἶκος	residence.n.02	0.750115693	1	4.85
οἶκος	house.n.01	0.990465045	1	6.39
οἶκος	home.n.01	0.591638327	5	3.81
οἶκος	home.n.01	0.589683354	5	5.33
οἶκος	house.n.01	0.689680874	1	6.32
οἶκος	house.n.01	0.824617445	1	6.73
οἶκος	home.n.01	0.506168962	5	4.65
οἶκος	dwelling.n.01	0.510293603	1	4.7
οἶκος	dwelling.n.01	0.705995202	1	3.81
οἶκος	house.n.01	0.963202894	1	4.6
οἶκος	house.n.01	0.995725155	1	3.05
οἶκος	estate.n.02	0.680036426	6	1.79
οἶκος	house.n.01	0.896068394	1	6.45
οἶκος	family.n.01	None	2	3.9
οἶκος	family.n.01	0.881352842	2	3.26
οἶκος	family.n.01	None	2	2.46
οἶκος	family.n.01	None	2	2.49
οἶκος	family.n.01	None	2	4.26
οἶκος	house.n.01	0.827490807	1	4.39
οἶκος	family.n.01	None	2	2.23
οἶκος	estate.n.01	0.99006629	6	2.87
οἶκος	estate.n.01	0.981496453	6	1.7
οἶκος	house.n.01	0.983073115	1	3.55
οἶκος	estate.n.01	0.944556713	6	2.87
οἶκος	estate.n.01	0.96531415	6	2.44
οἶκος	house.n.01	0.990254581	1	4.98
οἶκος	estate.n.01	0.989426851	6	1.3
οἶκος	estate.n.01	0.989030778	6	4.27
οἶκος	estate.n.01	0.996012449	6	1.54
οἶκος	estate.n.01	0.884283781	6	2.65
οἶκος	estate.n.01	0.99364686	6	3.17
οἶκος	estate.n.01	0.979904056	6	5.26
οἶκος	estate.n.01	0.98743248	6	1.4
οἶκος	estate.n.01	0.997526228	6	3
οἶκος	estate.n.01	0.574653745	6	2.07
οἶκος	estate.n.01	0.896527112	6	2.58
οἶκος	house.n.01	0.680057287	1	6.88
οἶκος	family.n.01	None	2	3.8
οἶκος	estate.n.01	0.934311271	6	2.29
οἶκος	estate.n.01	0.99728632	6	1.27
οἶκος	estate.n.01	0.982581854	6	4.21
οἶκος	estate.n.01	0.866241992	6	3.13
οἶκος	home.n.01	0.380680561	5	3.55
οἶκος	property.n.01	0.816434383	6	1.85
οἶκος	home.n.01	0.335999012	5	3.58
οἶκος	family.n.01	None	2	3.09
οἶκος	family.n.01	None	2	3.2
οἶκος	dwelling.n.01	0.392172098	1	2.7
οἶκος	dwelling.n.01	0.392172098	1	5.18
οἶκος	estate.n.01	0.987593949	6	2.72
οἶκος	estate.n.01	0.959631562	6	3.22
οἶκος	estate.n.01	0.993284702	6	3.73
οἶκος	estate.n.01	0.496093631	6	4.27
οἶκος	estate.n.01	0.598181486	6	3.74
οἶκος	estate.n.01	0.89198339	6	1.24
οἶκος	room.n.01	0.98650974	8	3.45
οἶκος	estate.n.01	0.991947591	6	0.92
οἶκος	family.n.01	0.818149984	2	3.57
οἶκος	dwelling.n.01	0.687695861	1	5.66
οἶκος	house.n.01	0.989570737	1	5.8
οἶκος	family.n.01	None	2	2.82
οἶκος	house.n.01	0.990238905	1	6.26
οἶκος	dwelling.n.01	0.498267829	1	4.63
οἶκος	dwelling.n.01	0.575311065	1	3.78
οἶκος	house.n.06	0.526963413	3	3.88
οἶκος	estate.n.01	0.98811996	6	4.25
οἶκος	family.n.01	0.783532858	2	6.29
οἶκος	house.n.01	0.43529138	1	7.44
οἶκος	home.n.01	0.58809799	5	3.41
οἶκος	dwelling.n.01	0.594807565	1	3.27
οἶκος	institution.n.01	0.543676198	12	1.51
οἶκος	house.n.01	0.958738923	1	5.1
οἶκος	house.n.01	0.985657871	1	7.8
οἶκος	palace.n.01	0.571859181	1	2.25
οἶκος	house.n.01	0.982376933	1	8.3
οἶκος	house.n.01	0.98618269	1	4.89
οἶκος	family.n.01	None	2	4.85
οἶκος	estate.n.01	0.523496687	6	4.2
οἶκος	estate.n.01	0.967254639	6	1.83
οἶκος	estate.n.02	0.618482292	6	3.12
οἶκος	dwelling.n.01	0.65117681	1	4.88
οἶκος	estate.n.01	0.684733927	6	2.78
οἶκος	family.n.01	None	2	4.98
οἶκος	estate.n.01	0.993754864	6	1.26
οἶκος	family.n.01	None	2	1.77
οἶκος	estate.n.01	0.773981035	6	4.96
οἶκος	estate.n.01	0.910337031	6	2.89
οἶκος	dwelling.n.01	0.452036411	1	4.57
οἶκος	family.n.01	None	2	3.19
οἶκος	estate.n.01	0.998992741	6	3.31
οἶκος	house.n.01	0.985686719	1	8.29
οἶκος	house.n.01	0.809383392	1	4.44
οἶκος	family.n.01	None	2	2.7
οἶκος	palace.n.01	0.681448162	1	3.25
οἶκος	house.n.01	0.937535167	1	8.25
οἶκος	family.n.01	None	2	3.3
οἶκος	family.n.01	None	2	1.05
οἶκος	house.n.06	0.423466682	3	7.92
οἶκος	house.n.01	0.961876869	1	7.26
οἶκος	family.n.01	0.525707066	2	6.46
οἶκος	family.n.01	0.673130035	2	7.23
οἶκος	house.n.01	0.447903395	1	6.72
οἶκος	estate.n.01	0.653344512	6	5.19
οἶκος	property.n.01	0.944860995	6	2.69
οἶκος	property.n.01	0.847288072	6	2.29
οἶκος	property.n.01	0.812060714	6	2.65
οἶκος	estate.n.01	0.500345945	6	3.62
οἶκος	estate.n.02	0.960021555	6	1.78
οἶκος	estate.n.01	0.95811069	6	3.36
οἶκος	property.n.01	0.955955267	6	2.39
οἶκος	estate.n.01	0.99662292	6	1.83
οἶκος	estate.n.01	0.807828844	6	4.39
οἶκος	property.n.01	0.786229491	6	2.97
οἶκος	property.n.01	0.773347855	6	3.71
οἶκος	property.n.01	0.992910445	6	3.06
οἶκος	estate.n.02	0.561873198	6	2.12
οἶκος	estate.n.01	0.997509837	6	2.02
οἶκος	property.n.01	0.945180118	6	3.11
οἶκος	estate.n.01	0.939312458	6	4.09
οἶκος	property.n.01	0.952017605	6	3.05
οἶκος	estate.n.02	0.764683425	6	3.58
οἶκος	house.n.06	0.394642442	3	2.02
οἶκος	estate.n.01	0.891018987	6	3.42
οἶκος	estate.n.02	0.757678986	6	3.95
οἶκος	property.n.01	0.737986982	6	3.07
οἶκος	estate.n.01	0.672965586	6	3.78
οἶκος	house.n.01	0.993088424	1	6.73
οἶκος	family.n.04	0.469354153	3	3.53
οἶκος	family.n.02	0.540384889	2	3.82
οἶκος	house.n.06	0.623440146	3	7.22
οἶκος	family.n.01	0.390616864	2	3.47
οἶκος	family.n.01	0.480645835	2	3.23
οἶκος	house.n.06	0.676202655	3	7.68
οἶκος	family.n.01	None	2	4.65
οἶκος	family.n.01	None	2	2.99
οἶκος	family.n.04	0.805630326	3	2.86
οἶκος	family.n.04	0.443303645	3	2.78
οἶκος	estate.n.01	0.963047206	6	1.54
οἶκος	family.n.04	0.861810982	3	2.9
οἶκος	family.n.01	0.463384748	2	2.73
οἶκος	family.n.04	0.878865898	3	3.85
οἶκος	family.n.01	0.380465895	2	2.79
οἶκος	family.n.01	0.380465895	2	1.63
οἶκος	family.n.04	0.730287135	3	2.08
οἶκος	family.n.04	0.633224905	3	2.83
οἶκος	family.n.04	0.474163145	3	1.86
οἶκος	family.n.04	0.938417435	3	1.95
οἶκος	family.n.01	0.342904955	2	1.3
οἶκος	family.n.01	0.622295916	2	2.11
οἶκος	estate.n.01	0.97211647	6	2.14
οἶκος	house.n.06	0.614606857	3	7.22
οἶκος	house.n.06	0.938088536	3	6.28
οἶκος	house.n.06	0.90494436	3	6.8
οἶκος	house.n.06	0.890262008	3	6.63
οἶκος	family.n.01	0.499498099	2	1.82
οἶκος	house.n.01	0.990117848	1	4.12
οἶκος	house.n.01	0.990117848	1	8.22
οἶκος	house.n.06	0.916418076	3	7.46
οἶκος	house.n.06	0.762055397	3	4.71
οἶκος	family.n.04	0.807168007	3	3.1
οἶκος	family.n.01	0.613470495	2	3.2
οἶκος	estate.n.01	0.769670784	6	1.95
οἶκος	family.n.01	0.530814469	2	3.17
οἶκος	family.n.04	0.837615252	3	2.16
οἶκος	family.n.01	0.449470431	2	2.93
οἶκος	house.n.06	0.67660439	3	7.49
οἶκος	house.n.06	0.935523272	3	4.87
οἶκος	house.n.06	0.729788482	3	7.24
οἶκος	house.n.06	0.742907345	3	7.12
οἶκος	house.n.06	0.632412434	3	7.88
οἶκος	family.n.01	0.574580908	2	7.39
οἶκος	house.n.06	0.676179707	3	4.51
οἶκος	house.n.06	0.82341218	3	6.45
οἶκος	house.n.06	0.478392124	3	6.65
οἶκος	family.n.01	0.590758502	2	3.49
οἶκος	family.n.01	0.701170325	2	1.11
οἶκος	family.n.01	0.367962241	2	2.46
οἶκος	house.n.01	0.991130829	1	6.34
οἶκος	estate.n.01	0.994241118	6	3.32
οἶκος	estate.n.01	0.778290927	6	0.34
οἶκος	family.n.01	0.535969377	2	1.64
οἶκος	family.n.01	0.498149544	2	2.89
οἶκος	family.n.01	0.434180111	2	4.33
οἶκος	house.n.01	0.928956151	1	7.02
οἶκος	house.n.06	0.950281382	3	7.75
οἶκος	family.n.04	0.553745508	3	3.33
οἶκος	house.n.06	0.813765168	3	4.54
οἶκος	family.n.04	0.503921211	3	2.89
οἶκος	family.n.01	0.574638128	2	2.93
οἶκος	house.n.01	0.9896909	1	7.46
οἶκος	house.n.06	0.580720186	3	6.8
οἶκος	dwelling.n.01	0.627815366	1	4.31
οἶκος	home.n.01	0.829325736	5	4.66
οἶκος	dwelling.n.01	0.381106377	1	2.25
οἶκος	family.n.01	0.580763161	2	1.8
οἶκος	house.n.01	0.986177802	1	6.18
οἶκος	house.n.06	0.887060165	3	7.83
οἶκος	house.n.01	0.941552877	1	7.44
οἶκος	house.n.01	0.557816029	1	5.72
οἶκος	dwelling.n.01	0.436253518	1	3.76
οἶκος	house.n.06	0.712184131	3	3.92
οἶκος	shrine.n.01	None	11	0.7
οἶκος	house.n.01	0.977322936	1	7.57
οἶκος	house.n.01	0.932650566	1	7.65
οἶκος	dwelling.n.01	0.916862011	1	1.78
οἶκος	dwelling.n.01	None	1	3.37
οἶκος	family.n.01	None	2	2.57
οἶκος	family.n.01	None	2	3.85
οἶκος	house.n.01	0.986444414	1	5.72
οἶκος	home.n.01	0.707025826	5	1.3
οἶκος	house.n.01	0.562624812	1	4.23
οἶκος	dwelling.n.01	0.630444765	1	3.72
οἶκος	family.n.01	0.635665536	2	5.32
οἶκος	dwelling.n.01	0.49265483	1	4.66
οἶκος	building.n.01	0.98146075	9	1.99
οἶκος	house.n.01	0.981791615	1	4.95
οἶκος	house.n.01	0.78540045	1	2.41
οἶκος	workshop.n.01	0.744408667	NA	1.55
οἶκος	house.n.01	0.993760049	1	4.54
οἶκος	family.n.01	0.735398591	2	3.35
οἶκος	house.n.01	0.994786859	1	6.82
οἶκος	dwelling.n.01	0.79324162	1	6.22
οἶκος	house.n.01	0.750257373	1	7.38
οἶκος	house.n.01	0.942081034	1	7.95
οἶκος	family.n.01	0.761249483	2	7.41
οἶκος	family.n.01	0.564491332	2	6.9
οἶκος	house.n.06	0.681737602	3	7.68
οἶκος	house.n.06	0.645085037	3	5.94
οἶκος	house.n.01	0.982877314	1	8.14
οἶκος	house.n.01	0.994433105	1	7.79
οἶκος	house.n.01	0.989697516	1	6.39
οἶκος	house.n.01	0.993847668	1	6.69
οἶκος	house.n.01	0.916975081	1	7.4
οἶκος	family.n.01	0.445389479	2	7.07
οἶκος	house.n.01	0.993333399	1	4.83
οἶκος	house.n.01	0.85371685	1	4.87
οἶκος	house.n.01	0.989005148	1	7.64
οἶκος	house.n.01	0.793042302	1	7.92
οἶκος	house.n.06	0.478314996	3	6.62
οἶκος	house.n.01	0.995111644	1	7.95
οἶκος	house.n.01	0.99407506	1	5.84
οἶκος	house.n.01	0.974767029	1	6.2
οἶκος	house.n.01	0.733219087	1	7.54
οἶκος	house.n.01	0.939682543	1	7.07
οἶκος	house.n.01	0.737910509	1	8.1
οἶκος	house.n.01	0.987306714	1	7.38
οἶκος	house.n.01	0.49007529	1	6.96
οἶκος	house.n.06	0.974837363	3	7.26
οἶκος	house.n.01	0.977718055	1	7.18
οἶκος	house.n.01	0.987469554	1	7.04
οἶκος	house.n.01	0.993207872	1	7.52
οἶκος	house.n.01	0.990600109	1	6.65
οἶκος	house.n.01	0.991614938	1	7.64
οἶκος	house.n.01	0.99213928	1	6.94
οἶκος	house.n.01	0.847453654	1	6.44
οἶκος	house.n.01	0.986452997	1	6.25
οἶκος	house.n.06	0.630278826	3	3.44
οἶκος	house.n.01	0.989011884	1	6.13
οἶκος	family.n.01	0.56682229	2	7.35
οἶκος	family.n.01	0.776166141	2	7.18
οἶκος	family.n.01	0.80710113	2	6.03
οἶκος	house.n.01	0.994554877	1	8.08
οἶκος	house.n.01	0.987364709	1	6.8
οἶκος	house.n.01	0.971149743	1	8.1
οἶκος	house.n.01	0.962682128	1	6.55
οἶκος	family.n.01	0.623522699	2	7.88
οἶκος	house.n.01	0.983330905	1	7.65
οἶκος	house.n.01	0.978385508	1	7.4
οἶκος	house.n.01	0.994543195	1	6.76
οἶκος	house.n.01	0.992168486	1	6.21
οἶκος	family.n.01	0.613228202	2	7.46
οἶκος	family.n.01	0.803311944	2	1.57
οἶκος	house.n.01	0.991095304	1	6.34
οἶκος	house.n.01	0.993029058	1	7.3
οἶκος	house.n.01	0.994843483	1	5.22
οἶκος	house.n.01	0.992868125	1	4.88
οἶκος	house.n.01	0.992329657	1	6.7
οἶκος	house.n.01	0.989419818	1	4.17
οἶκος	house.n.06	0.644433618	3	7.02
οἶκος	family.n.01	0.476342261	2	7.59
οἶκος	house.n.01	0.72830677	1	7.82
οἶκος	house.n.03	0.515913963	4	6.09
οἶκος	family.n.01	0.666204333	2	7.81
οἶκος	family.n.01	0.80795902	2	7.26
οἶκος	house.n.01	0.971954763	1	8.07
οἶκος	house.n.01	0.944994748	1	8.43
οἶκος	family.n.01	0.41971913	2	7.16
οἶκος	family.n.01	0.665259063	2	6.91
οἶκος	family.n.01	0.623604953	2	6.44
οἶκος	family.n.01	0.426260144	2	7.86
οἶκος	house.n.01	0.997008026	1	6.7
οἶκος	house.n.01	0.988111019	1	6.85
οἶκος	house.n.01	0.983748913	1	8.24
οἶκος	house.n.01	0.982285261	1	7.65
οἶκος	house.n.01	0.981963992	1	7.48
οἶκος	house.n.01	0.977887094	1	8.13
οἶκος	house.n.01	0.89028281	1	8.47
οἶκος	house.n.01	0.713957071	1	8.45
οἶκος	house.n.01	0.971947551	1	5.82
οἶκος	house.n.01	0.988724887	1	6.85
οἶκος	house.n.01	0.945002675	1	7.03
οἶκος	house.n.01	0.945002675	1	3.68
οἶκος	house.n.01	0.811882138	1	5.66
οἶκος	house.n.01	0.840853691	1	5.8
οἶκος	house.n.01	0.964839637	1	7.36
οἶκος	house.n.06	0.774008334	3	7.48
οἶκος	house.n.01	0.668740571	1	5.56
οἶκος	house.n.06	0.726856649	3	7.3
οἶκος	house.n.01	0.84130615	1	7.64
οἶκος	house.n.01	0.858629286	1	7.92
οἶκος	family.n.01	0.742194891	2	7.49
οἶκος	house.n.03	0.87178731	4	4.7
οἶκος	family.n.01	0.720315695	2	7.82
οἶκος	house.n.01	0.98783499	1	6.98
οἶκος	family.n.01	0.435746044	2	6.23
οἶκος	family.n.01	0.453926355	2	3.48
οἶκος	family.n.01	0.685287654	2	6.41
οἶκος	house.n.01	0.916152358	1	6.56
οἶκος	house.n.01	0.88196075	1	6.13
οἶκος	family.n.01	0.413841605	2	8.02
οἶκος	house.n.06	0.368296146	3	8.29
οἶκος	family.n.01	0.560927331	2	8.57
οἶκος	house.n.01	0.563723743	1	8.24
οἶκος	family.n.01	0.491555333	2	8.1
οἶκος	family.n.01	0.503163874	2	8.24
οἶκος	family.n.01	0.439704895	2	8.24
οἶκος	family.n.01	0.494766742	2	8.29
οἶκος	family.n.01	0.431585222	2	8.1
οἶκος	family.n.01	0.441433907	2	8.24
οἶκος	family.n.01	0.421999395	2	8.24
οἶκος	house.n.01	0.509042442	1	8.22
οἶκος	family.n.01	0.426070422	2	8.22
οἶκος	family.n.01	0.420861781	2	8.1
οἶκος	family.n.01	0.531497777	2	7.64
οἶκος	house.n.01	0.398399979	1	5.88
οἶκος	family.n.01	0.559556425	2	8.04
οἶκος	house.n.01	0.699994802	1	8.33
οἶκος	family.n.01	0.674267054	2	6
οἶκος	family.n.01	0.354435176	2	8.25
οἶκος	family.n.01	None	2	3.85
οἶκος	family.n.01	0.529426277	2	6.19
οἶκος	family.n.01	0.570761561	2	5.2
οἶκος	house.n.01	0.448336959	1	8.29
οἶκος	house.n.06	0.519633591	3	8.57
οἶκος	house.n.06	0.506507158	3	8.08
οἶκος	house.n.06	0.524277925	3	8.57
οἶκος	house.n.06	0.5163427	3	8.24
οἶκος	house.n.06	0.511626542	3	6.96
οἶκος	family.n.01	0.499585867	2	6.77
οἶκος	house.n.06	0.51492846	3	7.41
οἶκος	house.n.06	0.448242784	3	8.13
οἶκος	family.n.01	0.571911752	2	7.9
οἶκος	synagogue.n.01	0.444363773	11	0.86
οἶκος	house.n.06	0.762623906	3	3.31
οἶκος	house.n.06	0.820974886	3	5.04
οἶκος	house.n.01	0.982886851	1	8.22
οἶκος	house.n.01	0.989243865	1	8.08
οἶκος	house.n.01	0.60725528	1	8.37
οἶκος	house.n.01	0.398472637	1	7.9
οἶκος	family.n.01	0.467670351	2	5.89
οἶκος	family.n.01	0.445331305	2	6.09
οἶκος	house.n.03	0.565476656	4	7.04
οἶκος	family.n.01	0.620302737	2	7.34
οἶκος	house.n.01	0.61741066	1	7.12
οἶκος	house.n.01	0.61741066	1	7.12
οἶκος	family.n.01	0.803085744	2	2.42
οἶκος	house.n.01	0.990463316	1	7.46
οἶκος	house.n.03	0.950633943	4	7.92
οἶκος	house.n.01	0.980440974	1	7.8
οἶκος	dwelling.n.01	0.899426937	1	5.52
οἶκος	house.n.01	0.97484684	1	6.7
οἶκος	family.n.01	0.66763258	2	5.73
οἶκος	family.n.01	0.657448649	2	5.32
οἶκος	house.n.06	0.616715252	3	8.04
οἶκος	house.n.01	0.966378152	1	5.38
οἶκος	house.n.01	0.981637537	1	7.65
οἶκος	house.n.01	0.984743655	1	5.54
οἶκος	family.n.01	0.558830798	2	2.28
οἶκος	family.n.01	0.695519567	2	7.53
οἶκος	house.n.01	0.978871107	1	6.09
οἶκος	house.n.01	0.962325394	1	4.04
οἶκος	house.n.01	0.668740571	1	4.76
οἶκος	house.n.01	0.946390748	1	6.57
οἶκος	house.n.01	0.984849036	1	7.68
οἶκος	house.n.01	0.782381535	1	5.67
οἶκος	family.n.01	0.514319301	2	6.71
οἶκος	house.n.01	0.782999933	1	7.38
οἶκος	house.n.01	0.974608779	1	4.71
οἶκος	house.n.01	0.824319303	1	5.63
οἶκος	house.n.01	0.97900933	1	8.74
οἶκος	house.n.01	0.989863276	1	7.01
οἶκος	house.n.01	0.771229684	1	6.9
οἶκος	house.n.01	0.795192122	1	4.5
οἶκος	family.n.01	0.788659453	2	5.54
οἶκος	family.n.01	0.714725316	2	6.94
οἶκος	house.n.01	0.971836388	1	6.57
οἶκος	house.n.01	0.968476474	1	7.57
οἶκος	house.n.01	0.987217247	1	8.07
οἶκος	house.n.01	0.44842422	1	8.07
οἶκος	house.n.01	0.950167179	1	7.28
οἶκος	house.n.01	0.987244546	1	4.38
οἶκος	house.n.06	0.69770366	3	2.71
οἶκος	house.n.01	0.615724623	1	8.1
οἶκος	house.n.01	0.984587431	1	6.23
οἶκος	dwelling.n.01	0.536687851	1	0.86
οἶκος	home.n.01	0.624097705	5	4.59
οἶκος	home.n.01	0.557910025	5	1.77
οἶκος	home.n.01	0.557910025	5	4.39
οἶκος	home.n.03	0.608245075	5	3.54
οἶκος	home.n.01	0.432258904	5	3.48
οἶκος	home.n.01	0.509276628	5	3.86
οἶκος	home.n.01	0.458213657	5	3.88
οἶκος	home.n.01	0.738544703	5	4.39
οἶκος	home.n.07	0.312882572	10	4.66
οἶκος	house.n.01	0.9947595	1	7.41
οἶκος	house.n.01	0.992994249	1	7.44
οἶκος	home.n.01	0.807205737	5	3.72
οἶκος	vault.n.02	0.677642941	8	1.05
οἶκος	home.n.01	0.61572051	5	1.5
οἶκος	family.n.01	None	2	1.44
οἶκος	house.n.01	0.928044081	1	5.96
οἶκος	palace.n.04	0.590340734	1	2.89
οἶκος	family.n.01	None	2	3.8
οἶκος	house.n.01	0.984863818	1	6.75
οἶκος	house.n.01	0.969560027	1	6.62
οἶκος	house.n.01	0.987341106	1	7.61
οἶκος	house.n.01	0.966231108	1	5.11
οἶκος	temple.n.01	0.710232854	11	2.76
οἶκος	house.n.01	0.988724768	1	4.74
οἶκος	family.n.01	0.635665536	2	5.32
οἶκος	house.n.06	0.486259401	3	5.98
οἶκος	house.n.06	0.558290601	3	6.98
οἶκος	house.n.06	0.454040438	3	7.54
οἶκος	house.n.01	0.96117115	1	6.5
οἶκος	house.n.01	0.87672627	1	6.47
οἶκος	family.n.01	0.631904423	2	7.19
οἶκος	family.n.01	None	2	4.35
οἶκος	family.n.01	None	2	4.09
οἶκος	house.n.01	0.621479213	1	4.87
οἶκος	home.n.01	0.536733687	5	4.98
οἶκος	home.n.01	0.700656712	5	4.74
οἶκος	house.n.01	0.966120541	1	6.96
οἶκος	house.n.01	0.966120541	1	5.91
οἶκος	family.n.01	None	2	3.15
οἶκος	house.n.06	0.705958605	3	6.57
οἶκος	house.n.03	0.743336201	4	7.81
οἶκος	house.n.06	0.594189942	3	5.67
οἶκος	house.n.06	0.633365571	3	5.16
οἶκος	house.n.06	0.664848924	3	5.51
οἶκος	family.n.01	0.403254539	2	4.16
οἶκος	house.n.01	0.98657006	1	4.94
οἶκος	house.n.06	0.496856838	3	5.62
οἶκος	house.n.06	0.665254414	3	5.85
οἶκος	house.n.01	0.762422621	1	5.17
οἶκος	house.n.01	0.988595307	1	8.04
οἶκος	house.n.03	0.885326564	4	6.75
οἶκος	family.n.01	0.747284591	2	7.48
οἶκος	family.n.01	0.506224513	2	7.9
οἶκος	family.n.01	0.503707767	2	5.7
οἶκος	house.n.06	0.446785659	3	4.87
οἶκος	house.n.01	0.962125421	1	7.52
οἶκος	house.n.06	0.952090144	3	8.1
οἶκος	house.n.01	0.983764231	1	5.25
οἶκος	house.n.01	0.987608135	1	6.18
οἶκος	house.n.01	0.990971684	1	7.17
οἶκος	house.n.01	0.994095206	1	4.71
οἶκος	house.n.01	0.994442761	1	6.69
οἶκος	house.n.01	0.997049034	1	7.88
οἶκος	house.n.01	0.996956706	1	4.61
οἶκος	house.n.01	0.885200799	1	4.4
οἶκος	house.n.01	0.859704673	1	6.07
οἶκος	house.n.01	0.896365881	1	6.57
οἶκος	house.n.01	0.887353122	1	5.61
οἶκος	house.n.01	0.963397026	1	8.28
οἶκος	house.n.01	0.983763218	1	7.88
οἶκος	house.n.01	0.97768265	1	6.75
οἶκος	house.n.01	0.833636165	1	6.57
οἶκος	family.n.01	0.697131097	2	6.64
οἶκος	house.n.06	0.547140837	3	6.54
οἶκος	family.n.01	0.349287748	2	6.17
οἶκος	house.n.03	0.36018011	4	7.22
οἶκος	house.n.01	0.640637577	1	6.51
οἶκος	house.n.01	0.771955609	1	6.55
οἶκος	house.n.01	0.98665303	1	5.33
οἶκος	house.n.01	0.995795131	1	6.77
οἶκος	house.n.01	0.85447681	1	5.81
οἶκος	topographic_point.n.01	0.466025442	NA	1.62
οἶκος	house.n.01	0.993678153	1	7.95
οἶκος	house.n.01	0.992679834	1	8.21
οἶκος	house.n.01	0.988799691	1	7.64
οἶκος	house.n.01	0.637336254	1	5.68
οἶκος	house.n.01	0.867385924	1	6.64
οἶκος	house.n.01	0.994516909	1	5.96
οἶκος	house.n.01	0.991907477	1	5.9
οἶκος	family.n.01	0.807869911	2	6.26
οἶκος	house.n.01	0.987799287	1	6.95
οἶκος	family.n.01	0.387815833	2	2.77
οἶκος	house.n.01	0.513027787	1	3.4
οἶκος	house.n.01	0.989913821	1	7.86
οἶκος	house.n.01	0.995448649	1	7.85
οἶκος	house.n.01	0.985189199	1	3.78
οἶκος	house.n.01	0.990098894	1	7.45
οἶκος	house.n.01	0.995337129	1	4.87
οἶκος	house.n.01	0.904237926	1	2.95
οἶκος	house.n.01	0.995415211	1	6.92
οἶκος	house.n.01	0.994993627	1	7.28
οἶκος	house.n.01	0.992091298	1	7.52
οἶκος	house.n.01	0.973832071	1	7.37
οἶκος	house.n.01	0.990347266	1	7.59
οἶκος	house.n.01	0.924467802	1	6.62
οἶκος	house.n.01	0.9659006	1	6.54
οἶκος	house.n.01	0.461375207	1	5.79
οἶκος	family.n.01	0.751887143	2	7.85
οἶκος	family.n.01	0.397885323	2	5.57
οἶκος	house.n.01	0.93138063	1	3.54
οἶκος	house.n.01	0.983801842	1	7.22
οἶκος	family.n.01	0.632127941	2	5.62
οἶκος	house.n.01	0.984312713	1	7.68
οἶκος	family.n.01	0.442444146	2	7.16
οἶκος	family.n.01	0.442444146	2	3.15
οἶκος	house.n.03	0.446973056	4	2.88
οἶκος	house.n.03	0.446973056	4	6.76
οἶκος	house.n.06	0.906962514	3	6.22
οἶκος	house.n.06	0.906962514	3	4.63
οἶκος	house.n.06	0.739179075	3	5.61
οἶκος	house.n.06	0.509881198	3	6.39
οἶκος	family.n.01	0.519509256	2	6.65
οἶκος	house.n.01	0.826328456	1	2.43
οἶκος	house.n.01	0.978408933	1	6.98
οἶκος	house.n.06	0.493974268	3	5.22
οἶκος	house.n.06	0.485617876	3	5.9
οἶκος	house.n.06	0.638982832	3	6.55
οἶκος	house.n.06	0.575388312	3	6.54
οἶκος	house.n.01	0.966721535	1	5.6
οἶκος	house.n.01	0.947512507	1	7.53
οἶκος	house.n.01	0.980224133	1	6.64
οἶκος	house.n.01	0.879671097	1	4.94
οἶκος	house.n.01	0.928319097	1	6.23
οἶκος	home.n.01	0.762935519	5	3.78
οἶκος	home.n.01	0.787450135	5	3.85
οἶκος	house.n.01	0.952276349	1	6.91
οἶκος	house.n.03	0.81713444	4	7.39
οἶκος	house.n.03	0.885584593	4	7.23
οἶκος	house.n.01	0.913275778	1	7.41
οἶκος	sign_of_the_zodiac.n.01	0.752485931	7	7.02
οἶκος	house.n.01	0.585283339	1	4.16
οἶκος	house.n.01	0.988783538	1	5.96
οἶκος	house.n.01	0.980232954	1	6.82
οἶκος	family.n.01	0.528280139	2	5.5
οἶκος	house.n.01	0.985562205	1	4.87
οἶκος	house.n.01	0.946521342	1	7.24
οἶκος	house.n.01	0.991446972	1	6.69
οἶκος	house.n.01	0.979526281	1	6.32
οἶκος	house.n.06	0.53228581	3	6.33
οἶκος	house.n.06	0.758370578	3	5.13
οἶκος	house.n.01	0.978766799	1	5.77
οἶκος	house.n.06	0.377896845	3	7.64
οἶκος	house.n.06	0.572738588	3	4.8
οἶκος	house.n.06	0.512566209	3	4.23
οἶκος	house.n.06	0.614720047	3	5.11
οἶκος	home.n.01	0.631534934	5	3.94
οἶκος	house.n.06	0.876731277	3	7.8
οἶκος	house.n.01	0.979494214	1	7.5
οἶκος	family.n.01	0.763921916	2	6.82
οἶκος	family.n.01	0.495924413	2	2.82
οἶκος	house.n.01	0.389272064	1	6.39
οἶκος	house.n.01	0.837414265	1	7.38
οἶκος	house.n.01	0.990550518	1	6.86
οἶκος	family.n.01	0.650290191	2	2.41
οἶκος	house.n.03	0.618128657	4	5.72
οἶκος	family.n.01	0.622068524	2	3.67
οἶκος	house.n.06	0.604555607	3	7.05
οἶκος	house.n.03	0.836623847	4	5.45
οἶκος	house.n.06	0.619489729	3	7.46
οἶκος	house.n.06	0.643130302	3	6.81
οἶκος	house.n.06	0.736758113	3	5
οἶκος	house.n.06	0.779018044	3	4.67
οἶκος	house.n.06	0.696610332	3	8.1
οἶκος	house.n.06	0.8303262	3	6.72
οἶκος	house.n.06	0.504182279	3	5.37
οἶκος	house.n.06	0.634125829	3	5.54
οἶκος	house.n.06	0.543581307	3	5.51
οἶκος	house.n.03	0.567855597	4	7.12
οἶκος	house.n.06	0.43481943	3	7.63
οἶκος	house.n.06	0.863507569	3	7.4
οἶκος	house.n.03	0.569068968	4	7.92
οἶκος	house.n.06	0.597305179	3	6.28
οἶκος	family.n.01	0.590775669	2	7.09
οἶκος	house.n.06	0.521898508	3	5.46
οἶκος	house.n.01	0.991933525	1	3.9
οἶκος	house.n.01	0.994502068	1	5.11
οἶκος	house.n.01	0.994887292	1	6.91
οἶκος	house.n.01	0.992709041	1	4.65
οἶκος	house.n.01	0.91282618	1	7.24
οἶκος	house.n.01	0.930335879	1	6.43
οἶκος	house.n.01	0.98263514	1	7.92
οἶκος	house.n.01	0.956998348	1	6.84
οἶκος	house.n.01	0.96164	1	6.59
οἶκος	house.n.01	0.912899613	1	4.69
οἶκος	family.n.01	0.611732602	2	7.38
οἶκος	house.n.01	0.909773529	1	6.75
οἶκος	house.n.03	0.673495471	4	6.39
οἶκος	home.n.01	0.698628545	5	4.64
οἶκος	house.n.01	0.97084415	1	7.41
οἶκος	house.n.06	0.495857984	3	5.94
οἶκος	house.n.01	0.989326715	1	6.69
οἶκος	house.n.01	0.923757851	1	5.58
οἶκος	house.n.01	0.993103266	1	6.57
οἶκος	house.n.01	0.974941671	1	6.18
οἶκος	house.n.01	0.942560017	1	8.28
οἶκος	house.n.01	0.849170327	1	5.43
οἶκος	house.n.06	0.776942313	3	6.91
οἶκος	house.n.06	0.399045736	3	7.56
οἶκος	family.n.01	0.523198307	2	7.48
οἶκος	family.n.01	0.594650269	2	5.82
οἶκος	house.n.01	0.896576166	1	1.28
οἶκος	house.n.01	0.71687144	1	7.57
οἶκος	house.n.01	0.491696447	1	5.87
οἶκος	family.n.01	0.581310749	2	6.51
οἶκος	family.n.01	0.523873866	2	5.59
οἶκος	house.n.06	0.871232152	3	5.46
οἶκος	house.n.01	0.768984675	1	5.77
οἶκος	house.n.01	0.966822207	1	6.36
οἶκος	house.n.06	0.461400867	3	6.54
οἶκος	family.n.01	None	2	1.38
οἶκος	house.n.01	0.993125796	1	6.88
οἶκος	house.n.01	0.933870256	1	7.48
οἶκος	house.n.01	0.976512074	1	6.49
οἶκος	house.n.01	0.991520584	1	7.81
οἶκος	house.n.01	0.987018704	1	7.4
οἶκος	house.n.01	0.981704712	1	6.87
οἶκος	house.n.01	0.984774888	1	6.32
οἶκος	house.n.01	0.991999745	1	6.26
οἶκος	house.n.01	0.990786076	1	5.71
οἶκος	house.n.01	0.981455386	1	8.04
οἶκος	family.n.01	0.316873133	2	7.68
οἶκος	house.n.06	0.51545459	3	7.42
οἶκος	house.n.01	0.643390596	1	7.48
οἶκος	house.n.01	0.881017208	1	7.54
οἶκος	house.n.01	0.992115557	1	5.51
οἶκος	house.n.03	0.597337604	4	4.59
οἶκος	house.n.01	0.937435389	1	8.08
οἶκος	house.n.01	0.988276303	1	8.07
οἶκος	house.n.01	0.949221015	1	7.26
οἶκος	house.n.01	0.993690729	1	5.34
οἶκος	house.n.01	0.995046377	1	6.21
οἶκος	house.n.01	0.988691926	1	6.34
οἶκος	house.n.01	0.997329712	1	7.39
οἶκος	house.n.01	0.967583656	1	7.91
οἶκος	house.n.06	0.745286822	3	7.82
οἶκος	house.n.01	0.993892074	1	7
οἶκος	house.n.01	0.993904531	1	7.48
οἶκος	house.n.01	0.994557619	1	7.42
οἶκος	family.n.01	0.605479538	2	4.79
οἶκος	house.n.01	0.802387476	1	7.17
οἶκος	house.n.01	0.970050335	1	4.31
οἶκος	family.n.01	0.461884826	2	7.48
οἶκος	house.n.06	0.672938228	3	7.4
οἶκος	house.n.06	0.794204712	3	6.3
οἶκος	house.n.06	0.751856685	3	5.74
οἶκος	house.n.01	0.918964982	1	7.82
οἶκος	house.n.01	0.989530146	1	6.5
οἶκος	family.n.01	None	2	3.32
οἶκος	house.n.01	0.996674776	1	6.62
οἶκος	house.n.01	0.783123136	1	6.74
οἶκος	house.n.01	0.945900202	1	7.28
οἶκος	family.n.01	0.611588061	2	6.45
οἶκος	family.n.01	None	2	4.26
οἶκος	house.n.03	0.447341979	4	7.68
οἶκος	house.n.06	0.616682291	3	7.07
οἶκος	house.n.01	0.724116385	1	7.05
οἶκος	house.n.06	0.466622353	3	7.1
οἶκος	house.n.01	0.978224516	1	7.3
οἶκος	house.n.01	0.982320428	1	6.95
οἶκος	house.n.01	0.982320428	1	3.34
οἶκος	house.n.06	0.776176751	3	4.17
οἶκος	house.n.06	0.563647211	3	6.3
οἶκος	family.n.04	0.535656214	3	1.65
οἶκος	house.n.06	0.371430457	3	3.92
οἶκος	house.n.06	0.555929959	3	4.92
οἶκος	house.n.01	0.906374335	1	5.07
οἶκος	house.n.06	0.436581224	3	6.22
οἶκος	house.n.03	0.356196553	4	7.86
οἶκος	house.n.01	0.473695636	1	7.53
οἶκος	house.n.06	0.797112525	3	5.45
οἶκος	house.n.01	0.944381893	1	7.68
οἶκος	house.n.01	0.985833049	1	7.12
οἶκος	house.n.01	0.732909679	1	7.6
οἶκος	house.n.01	0.986434817	1	7.88
οἶκος	house.n.01	0.937680423	1	6.63
οἶκος	house.n.01	0.931184053	1	6.72
οἶκος	house.n.01	0.983436584	1	7.5
οἶκος	house.n.01	0.978800714	1	7.86
οἶκος	house.n.01	0.949397027	1	6.68
οἶκος	house.n.01	0.949397027	1	6.59
οἶκος	house.n.01	0.922929227	1	4.98
οἶκος	house.n.01	0.921373069	1	6.22
οἶκος	house.n.01	0.942632675	1	7.02
οἶκος	house.n.01	0.985615373	1	6.48
οἶκος	family.n.01	None	2	3.22
οἶκος	house.n.06	0.546791136	3	7.52
οἶκος	house.n.01	0.93401444	1	7.09
οἶκος	house.n.01	0.97066623	1	6.69
οἶκος	house.n.01	0.956422091	1	6.8
οἶκος	house.n.01	0.970752358	1	5.7
οἶκος	house.n.01	0.941646278	1	6.35
οἶκος	family.n.01	None	2	2.71
οἶκος	family.n.01	0.643326104	2	2.11
οἶκος	home.n.01	0.552864254	5	3.2
οἶκος	house.n.01	0.988705218	1	7.46
οἶκος	house.n.01	0.929696739	1	7.54
οἶκος	house.n.01	0.922976017	1	7.4
οἶκος	house.n.01	0.969089329	1	7.85
οἶκος	house.n.01	0.951423407	1	4.03
οἶκος	house.n.01	0.931839585	1	5.29
οἶκος	house.n.01	0.987567186	1	6.91
οἶκος	house.n.01	0.940116405	1	6.23
οἶκος	house.n.01	0.866840959	1	6.62
οἶκος	house.n.01	0.983067095	1	6.13
οἶκος	house.n.01	0.973616898	1	5.83
οἶκος	house.n.01	0.976106763	1	7.26
οἶκος	house.n.01	0.984235287	1	7.95
οἶκος	house.n.01	0.957832158	1	3.54
οἶκος	house.n.01	0.994508564	1	5.19
οἶκος	chamber.n.01	0.928317785	8	1.6
οἶκος	house.n.01	0.976852238	1	4.59
οἶκος	house.n.01	0.984464467	1	5.39
οἶκος	house.n.01	0.981884122	1	8.1
οἶκος	house.n.01	0.988785028	1	6.59
οἶκος	house.n.01	0.990718782	1	7.48
οἶκος	house.n.01	0.979251504	1	7.45
οἶκος	house.n.01	0.950635374	1	7.48
οἶκος	house.n.01	0.823777676	1	5.37
οἶκος	house.n.01	0.985738754	1	7.88
οἶκος	house.n.01	0.972972751	1	6.63
οἶκος	house.n.01	0.827303231	1	4.78
οἶκος	house.n.01	0.861409068	1	6.58
οἶκος	house.n.01	0.994868279	1	8.31
οἶκος	house.n.01	0.991277218	1	4.97
οἶκος	house.n.01	0.983905613	1	6.41
οἶκος	house.n.01	0.995688498	1	8.27
οἶκος	house.n.01	0.680250287	1	5.22
οἶκος	house.n.01	0.822470784	1	6.25
οἶκος	house.n.01	0.763552606	1	4.89
οἶκος	house.n.01	0.948116958	1	6.34
οἶκος	house.n.01	0.948116958	1	0.47
οἶκος	house.n.01	0.944245398	1	5.69
οἶκος	house.n.01	0.933105469	1	6
οἶκος	house.n.01	0.892401993	1	6.34
οἶκος	house.n.01	0.944289804	1	7.46
οἶκος	house.n.01	0.923713565	1	4.42
οἶκος	house.n.01	0.921816945	1	7.53
οἶκος	house.n.01	0.987086773	1	5.94
οἶκος	house.n.01	0.977011144	1	7.35
οἶκος	house.n.01	0.854489923	1	7.57
οἶκος	house.n.01	0.941163898	1	7.85
οἶκος	house.n.01	0.9907673	1	6.15
οἶκος	house.n.01	0.980272889	1	5.3
οἶκος	house.n.01	0.95088923	1	7.5
οἶκος	house.n.01	0.977616191	1	7.01
οἶκος	house.n.01	0.709984601	1	7.38
οἶκος	house.n.01	0.830402553	1	7.02
οἶκος	house.n.01	0.872877359	1	7.26
οἶκος	house.n.01	0.941939473	1	2.52
οἶκος	house.n.01	0.957013369	1	5.88
οἶκος	house.n.01	0.989411771	1	5.96
οἶκος	house.n.01	0.964811981	1	7.31
οἶκος	house.n.01	0.965708971	1	7.53
οἶκος	house.n.01	0.915577292	1	7.65
οἶκος	house.n.01	0.988324761	1	6.64
οἶκος	house.n.01	0.956040919	1	7.3
οἶκος	house.n.01	0.976777613	1	6.58
οἶκος	house.n.01	0.974289	1	6.28
οἶκος	family.n.01	0.47784999	2	7.38
οἶκος	house.n.01	0.927069426	1	7.68
οἶκος	house.n.01	0.94698894	1	5.54
οἶκος	house.n.01	0.972971141	1	6.51
οἶκος	house.n.01	0.977969289	1	5.98
οἶκος	house.n.01	0.96281749	1	4.94
οἶκος	house.n.01	0.977109492	1	4.44
οἶκος	house.n.01	0.912233353	1	4.1
οἶκος	house.n.01	0.878444195	1	2.11
οἶκος	house.n.01	0.969646394	1	6.86
οἶκος	house.n.01	0.955817938	1	6.34
οἶκος	house.n.01	0.955817938	1	5.58
οἶκος	house.n.01	0.97450316	1	4.88
οἶκος	house.n.01	0.876155138	1	6.58
οἶκος	house.n.01	0.963167727	1	8.1
οἶκος	family.n.01	0.374751687	2	4.86
οἶκος	house.n.01	0.873302996	1	5.98
οἶκος	house.n.01	0.985004663	1	6.85
οἶκος	house.n.01	0.953562677	1	7.9
οἶκος	house.n.01	0.953562677	1	6.57
οἶκος	house.n.01	0.972519279	1	5.78
οἶκος	house.n.01	0.974635065	1	5.96
οἶκος	house.n.01	0.937247753	1	7.38
οἶκος	house.n.01	0.935795248	1	6.24
οἶκος	house.n.01	0.982563794	1	4.67
οἶκος	house.n.12	0.831460416	9	5.77
οἶκος	house.n.01	0.933638275	1	6.4
οἶκος	house.n.01	0.966451764	1	6.62
οἶκος	house.n.01	0.966451764	1	5.87
οἶκος	house.n.01	0.982854605	1	7.82
οἶκος	family.n.01	0.495017856	2	5.88
οἶκος	house.n.01	0.961143851	1	7.52
οἶκος	family.n.01	0.623865902	2	5.35
οἶκος	house.n.06	0.829445004	3	6.63
οἶκος	house.n.06	0.704703927	3	6.76
οἶκος	house.n.03	0.564297736	4	6.23
οἶκος	home.n.01	0.422228813	5	2.8
οἶκος	house.n.06	0.715826035	3	6.04
οἶκος	house.n.06	0.722705185	3	3.92
οἶκος	house.n.03	0.596233249	4	3.53
οἶκος	house.n.06	0.786390483	3	7.35
οἶκος	house.n.01	0.876562715	1	7.42
οἶκος	house.n.03	0.793766379	4	4.59
οἶκος	house.n.01	0.866370738	1	8.45
οἶκος	house.n.06	0.793976188	3	6.23
οἶκος	house.n.01	0.975847542	1	7.8
οἶκος	house.n.01	0.992156506	1	7.9
οἶκος	house.n.01	0.987281263	1	7.96
οἶκος	house.n.01	0.977817476	1	6.74
οἶκος	house.n.01	0.60869211	1	6.62
οἶκος	house.n.06	0.738712728	3	4.42
οἶκος	house.n.01	0.869901478	1	5.59
οἶκος	house.n.06	0.869480252	3	6.06
οἶκος	house.n.06	0.685824513	3	7.57
οἶκος	house.n.06	0.60707444	3	5.29
οἶκος	house.n.01	0.507234633	1	6.34
οἶκος	house.n.06	0.429675668	3	5.9
οἶκος	house.n.06	0.81401968	3	6.09
οἶκος	house.n.01	0.994408369	1	5.22
οἶκος	house.n.01	0.772087276	1	5.46
οἶκος	house.n.01	0.993646264	1	2.17
οἶκος	house.n.01	0.967739284	1	7.52
οἶκος	house.n.01	0.932444155	1	7.02
οἶκος	house.n.01	0.860906482	1	6.41
οἶκος	house.n.01	0.946606994	1	6.68
οἶκος	family.n.01	0.387410313	2	6.88
οἶκος	house.n.06	0.496221304	3	7.27
οἶκος	house.n.06	0.792040586	3	7.53
οἶκος	house.n.06	0.413898975	3	7.8
οἶκος	house.n.06	0.43601501	3	8.1
οἶκος	house.n.06	0.588122129	3	7.45
οἶκος	house.n.06	0.463582158	3	7.81
οἶκος	house.n.01	0.993070066	1	7.48
οἶκος	house.n.06	0.496688038	3	7.48
οἶκος	house.n.06	0.73396939	3	6.75
οἶκος	house.n.01	0.992535472	1	7.59
οἶκος	house.n.01	0.995705903	1	6.51
οἶκος	house.n.01	0.959726453	1	4.27
οἶκος	house.n.01	0.981583178	1	7.59
οἶκος	house.n.06	0.691480339	3	4.33
οἶκος	house.n.01	0.989737809	1	7.88
οἶκος	family.n.01	0.407837152	2	7.92
οἶκος	house.n.01	0.651039362	1	6.77
οἶκος	house.n.06	0.383093208	3	6.24
οἶκος	house.n.01	0.990356982	1	7.85
οἶκος	house.n.01	0.983876646	1	8.45
οἶκος	chamber.n.01	0.898115039	8	1.7
οἶκος	home.n.01	0.65606451	5	2.69
οἶκος	house.n.01	0.960701585	1	6.22
οἶκος	house.n.06	0.633993804	3	6.69
οἶκος	house.n.06	0.831322968	3	6.34
οἶκος	house.n.12	0.822099507	9	7.26
οἶκος	house.n.01	0.953556478	1	7.11
οἶκος	house.n.01	0.994590878	1	7.3
οἶκος	house.n.01	0.991349578	1	7.42
οἶκος	house.n.01	0.995699286	1	5.37
οἶκος	house.n.01	0.974443734	1	6.69
οἶκος	house.n.01	0.979449272	1	6.04
οἶκος	house.n.01	0.98563695	1	7.22
οἶκος	house.n.01	0.94576174	1	7.56
οἶκος	house.n.01	0.990477204	1	7.8
οἶκος	house.n.01	0.950987756	1	7.92
οἶκος	family.n.01	0.873223066	2	7.42
οἶκος	family.n.01	0.936474264	2	6.26
οἶκος	family.n.01	0.455229521	2	6.66
οἶκος	house.n.01	0.6216833	1	6.66
οἶκος	house.n.06	0.655750871	3	5.38
οἶκος	house.n.06	0.528048515	3	7.15
οἶκος	house.n.06	0.511246085	3	7.22
οἶκος	house.n.01	0.991619468	1	7.59
οἶκος	house.n.06	0.640594184	3	4.97
οἶκος	house.n.06	0.470942259	3	6.39
οἶκος	house.n.06	0.470942259	3	7.34
οἶκος	house.n.06	0.607034266	3	7.85
οἶκος	house.n.06	0.485981703	3	7.04
οἶκος	house.n.06	0.613449574	3	6.38
οἶκος	house.n.06	0.547040701	3	7.3
οἶκος	house.n.01	0.836616397	1	7.64
οἶκος	house.n.06	0.777552187	3	7.41
οἶκος	house.n.06	0.771501899	3	5.87
οἶκος	house.n.01	0.978818774	1	8.13
οἶκος	house.n.01	0.975539207	1	4.93
οἶκος	house.n.12	0.61292547	9	5.03
οἶκος	house.n.01	0.98667407	1	7.29
οἶκος	house.n.03	0.63509196	4	5.69
οἶκος	house.n.06	0.83144474	3	5.96
οἶκος	house.n.01	0.901207507	1	7.68
οἶκος	house.n.01	0.936842442	1	7.92
οἶκος	house.n.01	0.985282302	1	4.5
οἶκος	house.n.01	0.819374025	1	7.3
οἶκος	house.n.01	0.925369203	1	4.95
οἶκος	house.n.01	0.923360884	1	6.13
οἶκος	house.n.01	0.982258797	1	6.34
οἶκος	house.n.01	0.968490422	1	5.67
οἶκος	house.n.01	0.952420592	1	7.08
οἶκος	house.n.01	0.965432167	1	7.44
οἶκος	house.n.01	0.840405941	1	7.81
οἶκος	house.n.01	0.964840293	1	6.57
οἶκος	house.n.01	0.96305877	1	7.54
οἶκος	house.n.01	0.681173682	1	7.82
οἶκος	house.n.01	0.951637447	1	6.84
οἶκος	house.n.01	0.97190541	1	7.03
οἶκος	house.n.01	0.99224925	1	6.57
οἶκος	house.n.01	0.734323621	1	7.81
οἶκος	house.n.01	0.821059346	1	7.54
οἶκος	house.n.01	0.689833224	1	7.82
οἶκος	house.n.01	0.861855865	1	7.3
οἶκος	house.n.01	0.907189965	1	7.35
οἶκος	house.n.01	0.857583284	1	4.95
οἶκος	house.n.01	0.916014016	1	7.3
οἶκος	house.n.03	0.472406268	4	6.46
οἶκος	house.n.03	0.472406268	4	6.31
οἶκος	house.n.01	0.94180423	1	7.48
οἶκος	house.n.01	0.955881774	1	6.72
οἶκος	house.n.01	0.873859406	1	7.34
οἶκος	house.n.01	0.95472616	1	6.62
οἶκος	house.n.01	0.945774972	1	7.82
οἶκος	house.n.01	0.938178241	1	7.81
οἶκος	house.n.01	0.905320346	1	7.21
οἶκος	house.n.01	0.937016666	1	6.77
οἶκος	house.n.01	0.940864861	1	7.92
οἶκος	house.n.01	0.638524413	1	7.54
οἶκος	house.n.01	0.932630837	1	7.22
οἶκος	house.n.01	0.955616951	1	6.8
οἶκος	house.n.01	0.947286546	1	3.45
οἶκος	house.n.06	0.646803319	3	6.03
οἶκος	house.n.01	0.928450644	1	7.5
οἶκος	house.n.01	0.954668164	1	4.89
οἶκος	house.n.01	0.832360148	1	5.55
οἶκος	family.n.01	None	2	4.12
οἶκος	house.n.01	0.992348313	1	5.87
οἶκος	house.n.01	0.96709007	1	2.11
οἶκος	house.n.01	0.836030006	1	5.96
οἶκος	house.n.01	0.890357554	1	4.72
οἶκος	house.n.01	0.874571085	1	5.92
οἶκος	house.n.01	0.868035853	1	3.92
οἶκος	house.n.01	0.919013381	1	7.22
οἶκος	house.n.01	0.931665778	1	7.33
οἶκος	house.n.01	0.895071864	1	6.68
οἶκος	house.n.06	0.776081324	3	7.81
οἶκος	house.n.01	0.571861684	1	6.62
οἶκος	house.n.01	0.889502704	1	5.97
οἶκος	house.n.01	0.809363723	1	6.68
οἶκος	house.n.01	0.790722311	1	5.3
οἶκος	house.n.01	0.946393967	1	7.65
οἶκος	house.n.01	0.971989453	1	7.62
οἶκος	house.n.03	0.425795794	4	6.44
οἶκος	house.n.01	0.952842355	1	5.79
οἶκος	family.n.01	None	2	3.08
οἶκος	house.n.01	0.946865797	1	7.53
οἶκος	house.n.01	0.798272908	1	7.46
οἶκος	house.n.01	0.798272908	1	1.61
οἶκος	house.n.01	0.878979743	1	5.17
οἶκος	house.n.01	0.940161943	1	5.86
οἶκος	house.n.01	0.930552006	1	6.33
οἶκος	house.n.01	0.958797574	1	7.41
οἶκος	house.n.01	0.799148321	1	6.25
οἶκος	house.n.01	0.965619981	1	8.21
οἶκος	house.n.01	0.923054755	1	7.11
οἶκος	house.n.01	0.926006317	1	5.84
οἶκος	house.n.01	0.961033404	1	6.41
οἶκος	house.n.01	0.977363229	1	7.81
οἶκος	house.n.01	0.991125524	1	7.03
οἶκος	house.n.03	0.901285768	4	5.53
οἶκος	house.n.01	0.674752593	1	5.89
οἶκος	house.n.01	0.674752593	1	1.19
οἶκος	house.n.01	0.89474237	1	7.59
οἶκος	house.n.01	0.902755022	1	5.43
οἶκος	house.n.01	0.921776354	1	7.42
οἶκος	house.n.01	0.798826277	1	7.71
οἶκος	house.n.01	0.971595764	1	7.81
οἶκος	house.n.01	0.838355839	1	7.49
οἶκος	house.n.01	0.85552901	1	4.83
οἶκος	house.n.01	0.950283647	1	8.07
οἶκος	house.n.01	0.957568228	1	7.1
οἶκος	house.n.01	0.878000557	1	6.38
οἶκος	house.n.01	0.98278296	1	8.04
οἶκος	house.n.01	0.932176709	1	6.48
οἶκος	house.n.01	0.532211781	1	7.85
οἶκος	house.n.01	0.878166318	1	6.64
οἶκος	house.n.01	0.87047559	1	7.22
οἶκος	house.n.01	0.941889584	1	7.75
οἶκος	house.n.01	0.896752357	1	8.74
οἶκος	house.n.01	0.95903945	1	7.64
οἶκος	house.n.01	0.440717161	1	6.23
οἶκος	house.n.01	0.876676857	1	6.73
οἶκος	house.n.01	0.854914665	1	5.37
οἶκος	house.n.01	0.946635842	1	8.08
οἶκος	house.n.01	0.982497752	1	7.22
οἶκος	house.n.01	0.972643197	1	7.95
οἶκος	house.n.01	0.965064704	1	6.49
οἶκος	house.n.01	0.888778627	1	5.99
οἶκος	house.n.01	0.914816439	1	6.41
οἶκος	house.n.01	0.950106263	1	5.32
οἶκος	house.n.01	0.928857327	1	7.27
οἶκος	house.n.01	0.738383293	1	5.63
οἶκος	house.n.06	0.524029672	3	5.08
οἶκος	house.n.06	0.636819482	3	6.87
οἶκος	house.n.06	0.627193928	3	6.58
οἶκος	house.n.06	0.71159637	3	5.32
οἶκος	family.n.01	0.537690639	2	7.8
οἶκος	house.n.01	0.974958897	1	8.08
οἶκος	house.n.06	0.876863658	3	8.42
οἶκος	family.n.01	0.796605527	2	5.79
οἶκος	family.n.01	0.705417931	2	6.81
οἶκος	family.n.01	0.473113775	2	8.22
οἶκος	house.n.01	0.972496748	1	1.71
οἶκος	house.n.01	0.794928014	1	6.55
οἶκος	house.n.01	0.928937674	1	8.1
οἶκος	house.n.06	0.334424317	3	8.29
οἶκος	house.n.01	0.543332756	1	7.38
οἶκος	family.n.01	0.576109886	2	8.24
οἶκος	house.n.06	0.506681561	3	8.45
οἶκος	family.n.01	0.636994183	2	8.27
οἶκος	house.n.06	0.502350092	3	6.96
οἶκος	house.n.01	0.837444365	1	6.68
οἶκος	house.n.06	0.417111754	3	8
οἶκος	house.n.03	0.846198678	4	7.05
οἶκος	house.n.03	0.809914947	4	3.84
οἶκος	house.n.03	0.809914768	4	7.45
οἶκος	house.n.03	0.550584853	4	7.92
οἶκος	house.n.01	0.898447096	1	5.72
οἶκος	house.n.01	0.59439224	1	7.04
οἶκος	house.n.01	0.562459111	1	5.62
οἶκος	family.n.01	0.455594778	2	3.53
οἶκος	house.n.01	0.858900249	1	7.54
οἶκος	house.n.01	0.942136884	1	6.54
οἶκος	family.n.01	0.366182059	2	5.51
οἶκος	house.n.06	0.701637506	3	8.3
οἶκος	house.n.01	0.943336666	1	4.65
οἶκος	house.n.01	0.957165837	1	6.86
οἶκος	house.n.01	0.891787946	1	6.36
οἶκος	house.n.01	0.981065214	1	6.32
οἶκος	family.n.01	0.378727764	2	5.83
οἶκος	dwelling.n.01	0.537653685	1	4.95
οἶκος	house.n.01	0.929826975	1	5.81
οἶκος	house.n.01	0.991989672	1	5.71
οἶκος	house.n.01	0.950689316	1	4.17
οἶκος	house.n.01	0.99003613	1	6.48
οἶκος	house.n.01	0.96891886	1	5.85
οἶκος	house.n.01	0.947956145	1	7.19
οἶκος	house.n.01	0.858774245	1	6.38
οἶκος	house.n.06	0.476892203	3	6.41
οἶκος	house.n.01	0.338893294	1	7.16
οἶκος	house.n.01	0.555394292	1	7.52
οἶκος	family.n.01	0.788294673	2	4.19
οἶκος	house.n.06	0.62013936	3	7.01
οἶκος	house.n.01	0.973297834	1	7.35
οἶκος	house.n.01	0.932372868	1	5.84
οἶκος	house.n.06	0.656557322	3	4.94
οἶκος	house.n.01	0.819234669	1	8.07
οἶκος	house.n.01	0.891986847	1	8.04
οἶκος	house.n.01	0.940054595	1	6.08
οἶκος	house.n.01	0.956709087	1	7.18
οἶκος	house.n.01	0.956500649	1	5.64
οἶκος	house.n.01	0.952242911	1	4.68
οἶκος	house.n.01	0.951103389	1	7.1
οἶκος	house.n.01	0.962106466	1	8.1
οἶκος	house.n.03	0.712459862	4	7.46
οἶκος	house.n.01	0.744865179	1	6.33
οἶκος	house.n.03	0.452547133	4	5.92
οἶκος	house.n.06	0.706269085	3	6.2
οἶκος	house.n.06	0.602074623	3	8.29
οἶκος	house.n.03	0.683198154	4	6.22
οἶκος	house.n.01	0.90918225	1	7.58
οἶκος	house.n.01	0.859294295	1	5.94
οἶκος	house.n.01	0.723741353	1	7.31
οἶκος	house.n.01	0.679664314	1	8.04
οἶκος	family.n.01	0.830284536	2	1.51
οἶκος	family.n.01	0.719982803	2	2.86
οἶκος	family.n.01	None	2	2.96
οἶκος	house.n.01	0.885543168	1	6.98
οἶκος	house.n.06	0.658552408	3	8.08
οἶκος	house.n.01	0.824024737	1	7.5
οἶκος	house.n.01	0.658614457	1	7.48
οἶκος	house.n.06	0.49555555	3	7.22
οἶκος	house.n.01	0.585319877	1	7.49
οἶκος	family.n.01	0.689100087	2	0.94
οἶκος	house.n.01	0.706979573	1	5.53
οἶκος	house.n.01	0.723991156	1	5.51
οἶκος	house.n.01	0.684805274	1	6.54
οἶκος	house.n.01	0.902389646	1	7.68
οἶκος	house.n.01	0.565798402	1	4.24
οἶκος	house.n.06	0.716385305	3	6.28
οἶκος	house.n.06	0.428705841	3	7.12
οἶκος	house.n.06	0.428705841	3	6.65
οἶκος	house.n.01	0.958577454	1	7.28
οἶκος	house.n.01	0.857075632	1	6.36
οἶκος	house.n.01	0.859324694	1	4.53
οἶκος	house.n.01	0.829909861	1	5.82
οἶκος	house.n.03	0.442890495	4	7.48
οἶκος	house.n.01	0.835748911	1	6.58
οἶκος	house.n.01	0.833585024	1	5.54
οἶκος	house.n.01	0.833585024	1	5.82
οἶκος	house.n.01	0.576761484	1	6.28
οἶκος	house.n.01	0.736692607	1	6.5
οἶκος	house.n.01	0.876212358	1	7.5
οἶκος	house.n.01	0.771111608	1	7.88
οἶκος	house.n.01	0.83253634	1	6.96
οἶκος	house.n.01	0.862195969	1	7.09
οἶκος	house.n.01	0.73787564	1	6.23
οἶκος	house.n.01	0.950174689	1	7.08
οἶκος	house.n.01	0.973968327	1	6.54
οἶκος	house.n.01	0.875009298	1	6.51
οἶκος	house.n.01	0.792947829	1	5.41
οἶκος	house.n.01	0.978101134	1	5.66
οἶκος	house.n.01	0.963100612	1	5.92
οἶκος	house.n.01	0.960276842	1	7.9
οἶκος	house.n.01	0.966549993	1	6.48
οἶκος	house.n.01	0.936648726	1	1.53
οἶκος	house.n.01	0.959157348	1	7.41
οἶκος	house.n.01	0.942646325	1	7.16
οἶκος	house.n.01	0.872854531	1	7.54
οἶκος	house.n.01	0.944001615	1	7.38
οἶκος	house.n.01	0.90039593	1	7.26
οἶκος	house.n.01	0.983071923	1	5.32
οἶκος	house.n.01	0.983071923	1	4.5
οἶκος	house.n.01	0.979887009	1	6.66
οἶκος	house.n.01	0.988804877	1	8.08
οἶκος	house.n.01	0.987415612	1	7.75
οἶκος	house.n.01	0.909799695	1	7.38
οἶκος	house.n.01	0.888513803	1	4.44
οἶκος	house.n.01	0.945783734	1	7.82
οἶκος	theater.n.01	0.289210916	NA	6.48
οἶκος	house.n.01	0.991514325	1	6.81
οἶκος	house.n.01	0.954567909	1	7.46
οἶκος	house.n.01	0.869672	1	7.79
οἶκος	house.n.01	0.967894137	1	7.44
οἶκος	house.n.01	0.945307553	1	6.23
οἶκος	house.n.01	0.844815135	1	7.64
οἶκος	house.n.01	0.935423553	1	6.12
οἶκος	house.n.01	0.935423553	1	4.54
οἶκος	house.n.01	0.85927397	1	7.06
οἶκος	house.n.01	0.633439839	1	7.4
οἶκος	priest.n.01	0.991422117	NA	2.94
οἶκος	house.n.01	0.437634915	1	6.84
οἶκος	house.n.01	0.917672455	1	5.58
οἶκος	house.n.01	0.923387289	1	6.38
οἶκος	house.n.01	0.917265952	1	6.51
οἶκος	house.n.01	0.981657147	1	5.82
οἶκος	house.n.01	0.966141343	1	7.91
οἶκος	house.n.01	0.959964097	1	7.42
οἶκος	house.n.01	0.756935477	1	6.84
οἶκος	house.n.01	0.922683358	1	6.62
οἶκος	house.n.01	0.982480705	1	6.72
οἶκος	house.n.01	0.970780909	1	5.31
οἶκος	house.n.01	0.97356838	1	5.85
οἶκος	house.n.01	0.531671584	1	6.28
οἶκος	house.n.01	0.943269193	1	7.22
οἶκος	house.n.01	0.944855869	1	5.83
οἶκος	house.n.01	0.975622952	1	6.19
οἶκος	house.n.01	0.956309497	1	7.3
οἶκος	house.n.01	0.916886568	1	7.06
οἶκος	house.n.01	0.885663211	1	6.36
οἶκος	house.n.01	0.708013952	1	7.92
οἶκος	house.n.01	0.838838458	1	5.12
οἶκος	house.n.01	0.90071398	1	7.28
οἶκος	house.n.01	0.905668914	1	7.65
οἶκος	house.n.01	0.901344061	1	5.3
οἶκος	house.n.01	0.853111804	1	7.82
οἶκος	house.n.01	0.915561318	1	4.91
οἶκος	house.n.12	0.473006964	9	5.73
οἶκος	house.n.01	0.90806812	1	6.73
οἶκος	house.n.01	0.914452255	1	7.15
οἶκος	house.n.01	0.985223532	1	5.29
οἶκος	family.n.01	0.374751687	2	5.22
οἶκος	house.n.01	0.952446282	1	7.28
οἶκος	house.n.01	0.96125567	1	7.29
οἶκος	house.n.01	0.990635693	1	7.12
οἶκος	house.n.01	0.967284024	1	7.03
οἶκος	house.n.01	0.971957207	1	5.67
οἶκος	house.n.01	0.936976254	1	7.59
οἶκος	house.n.01	0.945779562	1	5.32
οἶκος	house.n.01	0.985485375	1	5.81
οἶκος	house.n.12	0.974152923	9	4.77
οἶκος	house.n.01	0.813560069	1	5.76
οἶκος	house.n.06	0.369374633	3	4.87
οἶκος	house.n.06	0.829445004	3	6.36
οἶκος	house.n.01	0.920847535	1	7.22
οἶκος	house.n.01	0.978111982	1	5.2
οἶκος	house.n.01	0.975609303	1	3.88
οἶκος	house.n.01	0.483419597	1	5.37
οἶκος	house.n.01	0.591137826	1	5.23
οἶκος	house.n.01	0.591137826	1	4.67
οἶκος	house.n.06	0.715309858	3	8.25
οἶκος	house.n.06	0.760779619	3	6.54
οἶκος	home.n.01	0.589847922	5	4.62
οἶκος	house.n.01	0.708276212	1	7.07
οἶκος	house.n.01	0.865219295	1	6.25
οἶκος	house.n.03	0.463824004	4	7.53
οἶκος	house.n.01	0.919173717	1	6.13
οἶκος	house.n.01	0.907021105	1	7.07
οἶκος	house.n.01	0.922962427	1	5.84
οἶκος	house.n.01	0.981994808	1	7.49
οἶκος	house.n.06	0.795859456	3	7.19
οἶκος	house.n.06	0.909371078	3	7.08
οἶκος	house.n.06	0.644832432	3	6.55
οἶκος	house.n.01	0.981992483	1	6.95
οἶκος	house.n.06	0.689965308	3	7.53
οἶκος	house.n.06	0.762829602	3	6.39
οἶκος	house.n.06	0.880644023	3	6.59
οἶκος	house.n.06	0.717471838	3	5.72
οἶκος	house.n.06	0.850792825	3	6.63
οἶκος	house.n.06	0.559194326	3	7.01
οἶκος	house.n.01	0.726257861	1	5.89
οἶκος	house.n.01	0.928210735	1	7.64
οἶκος	house.n.01	0.712058425	1	5.54
οἶκος	house.n.06	0.729054868	3	7.75
οἶκος	house.n.01	0.968920231	1	7.57
οἶκος	house.n.01	0.943520427	1	6.45
οἶκος	house.n.01	0.93637532	1	6.83
οἶκος	house.n.01	0.937561154	1	7.38
οἶκος	house.n.01	0.649515152	1	8.04
οἶκος	house.n.01	0.864628375	1	7.45
οἶκος	house.n.01	0.846677065	1	5.98
οἶκος	house.n.01	0.968374133	1	7.46
οἶκος	house.n.01	0.866178691	1	8.21
οἶκος	house.n.01	0.989805222	1	7.35
οἶκος	house.n.01	0.956162453	1	6.69
οἶκος	house.n.03	0.560058475	4	5.84
οἶκος	house.n.03	0.510290623	4	6.31
οἶκος	house.n.01	0.961213708	1	5.9
οἶκος	house.n.01	0.917599082	1	7.81
οἶκος	house.n.01	0.990274251	1	7.06
οἶκος	house.n.01	0.958528817	1	6.17
οἶκος	house.n.01	0.867546916	1	4.97
οἶκος	house.n.01	0.877036333	1	7.35
οἶκος	house.n.01	0.694987953	1	6.04
οἶκος	house.n.01	0.924490035	1	6.46
οἶκος	house.n.01	0.871809244	1	7.31
οἶκος	house.n.01	0.93725276	1	7.42
οἶκος	house.n.01	0.925162137	1	7.81
οἶκος	house.n.01	0.84121114	1	6.74
οἶκος	house.n.01	0.809313238	1	7.88
οἶκος	house.n.01	0.860316217	1	5.22
οἶκος	house.n.06	0.521406472	3	6.88
οἶκος	house.n.03	0.783806741	4	7.88
οἶκος	house.n.01	0.879161	1	6.84
οἶκος	house.n.03	0.67647475	4	7.28
οἶκος	house.n.06	0.533289075	3	8.24
οἶκος	home.n.01	0.798671722	5	4.9
οἶκος	house.n.01	0.912385702	1	7.48
οἶκος	house.n.01	0.76935339	1	4.36
οἶκος	house.n.01	0.860634327	1	6.68
οἶκος	house.n.01	0.974874377	1	6.06
οἶκος	house.n.03	0.619761229	4	6.33
οἶκος	house.n.01	0.889379323	1	4.2
οἶκος	family.n.01	0.629587889	2	7.02
οἶκος	house.n.01	0.920137763	1	7.92
οἶκος	house.n.01	0.973299801	1	7.57
οἶκος	house.n.01	0.789779603	1	7.22
οἶκος	house.n.01	0.875191748	1	5.66
οἶκος	house.n.01	0.90451026	1	6.69
οἶκος	house.n.01	0.800022185	1	7.48
οἶκος	house.n.01	0.963965297	1	6.95
οἶκος	house.n.01	0.970504165	1	7.48
οἶκος	house.n.01	0.960695088	1	7.53
οἶκος	house.n.01	0.745996118	1	7.85
οἶκος	house.n.01	0.640135229	1	5.06
οἶκος	house.n.01	0.916102111	1	8.04
οἶκος	house.n.01	0.883540452	1	7.95
οἶκος	house.n.01	0.769329071	1	7.06
οἶκος	house.n.01	0.722717166	1	4.96
οἶκος	house.n.03	0.648634315	4	5.95
οἶκος	house.n.01	0.942342103	1	6.7
οἶκος	house.n.01	0.7036798	1	7.33
οἶκος	house.n.01	0.856561542	1	7.38
οἶκος	house.n.03	0.702519059	4	6.88
οἶκος	house.n.03	0.786137462	4	4.68
οἶκος	house.n.03	0.804276645	4	6.72
οἶκος	house.n.01	0.726671755	1	7.86
οἶκος	house.n.01	0.697814286	1	8.33
οἶκος	house.n.03	0.450869858	4	7.57
οἶκος	house.n.01	0.945734918	1	7.92
οἶκος	house.n.01	0.957320631	1	6.91
οἶκος	house.n.01	0.858955264	1	5.13
οἶκος	house.n.01	0.915717721	1	7.64
οἶκος	house.n.01	0.970234752	1	6.62
οἶκος	house.n.01	0.953435004	1	3.91
οἶκος	house.n.01	0.953435004	1	5.62
οἶκος	house.n.01	0.979650378	1	6.95
οἶκος	house.n.01	0.995187163	1	5.67
οἶκος	house.n.01	0.92953366	1	5.58
οἶκος	house.n.01	0.904826045	1	7.95
οἶκος	house.n.01	0.83410418	1	7.53
οἶκος	house.n.01	0.946462512	1	7.96
οἶκος	house.n.01	0.959569871	1	6.75
οἶκος	house.n.01	0.910231233	1	6.96
οἶκος	house.n.01	0.98180604	1	8.13
οἶκος	house.n.01	0.880488276	1	6.32
οἶκος	house.n.01	0.72772783	1	8.1
οἶκος	house.n.01	0.665531278	1	3.35
οἶκος	house.n.01	0.966056287	1	8.04
οἶκος	house.n.01	0.860600889	1	7.68
οἶκος	house.n.01	0.87522161	1	6.54
οἶκος	house.n.03	0.878766179	4	6.5
οἶκος	house.n.01	0.937032282	1	6.75
οἶκος	house.n.01	0.738231719	1	6.52
οἶκος	house.n.01	0.425963908	1	6.98
οἶκος	house.n.01	0.425963908	1	6.81
οἶκος	house.n.01	0.49425748	1	7.19
οἶκος	house.n.03	0.892044127	4	6.86
οἶκος	family.n.01	0.537513673	2	7.63
οἶκος	house.n.01	0.958218634	1	8.24
οἶκος	house.n.01	0.638882935	1	4.07
οἶκος	house.n.01	0.851589441	1	5.83
οἶκος	house.n.01	0.854910731	1	7.23
οἶκος	house.n.01	0.796420634	1	6.72
οἶκος	house.n.01	0.79119128	1	6.73
οἶκος	house.n.01	0.8720631	1	6.8
οἶκος	house.n.01	0.868545532	1	7.91
οἶκος	house.n.01	0.902950406	1	6.98
οἶκος	house.n.01	0.992785871	1	4.68
οἶκος	house.n.06	0.54786104	3	7.85
οἶκος	house.n.01	0.792506516	1	7.59
οἶκος	house.n.01	0.865103781	1	6.28
οἶκος	house.n.01	0.84741056	1	6.5
οἶκος	house.n.01	0.834229052	1	6.7
οἶκος	house.n.03	0.773276508	4	6.9
οἶκος	house.n.03	0.591768503	4	7.16
οἶκος	house.n.01	0.986318588	1	7.16
οἶκος	house.n.01	0.946198821	1	7.65
οἶκος	house.n.01	0.995427847	1	4.5
οἶκος	house.n.01	0.985968351	1	4.34
οἶκος	house.n.03	0.485422641	4	8.04
οἶκος	house.n.03	0.430388957	4	7.53
οἶκος	house.n.01	0.976975322	1	5.54
οἶκος	house.n.01	0.859007299	1	6.58
οἶκος	house.n.01	0.806893587	1	5.75
οἶκος	family.n.01	0.480922103	2	7.92
οἶκος	house.n.01	0.945509136	1	7.12
οἶκος	family.n.01	0.354376316	2	7.65
οἶκος	house.n.03	0.680019915	4	5.49
οἶκος	house.n.03	0.673812568	4	7.46
οἶκος	house.n.01	0.98669517	1	6.01
οἶκος	house.n.06	0.514432132	3	6.45
οἶκος	house.n.06	0.545762181	3	7.5
οἶκος	house.n.01	0.986191869	1	3.77
οἶκος	house.n.03	0.790846884	4	2.16
οἶκος	house.n.03	0.511185765	4	7.05
οἶκος	family.n.01	0.496545047	2	3.27
οἶκος	house.n.01	0.993538082	1	6.86
οἶκος	house.n.01	0.730061352	1	8.07
οἶκος	temple.n.01	0.757526338	11	2.57
οἶκος	house.n.01	0.771823823	1	6.78
οἶκος	family.n.01	0.361928731	2	6.12
οἶκος	house.n.01	0.981138527	1	7.77
οἶκος	house.n.01	0.987039626	1	8.08
οἶκος	family.n.01	0.588902891	2	7.59
οἶκος	dominion.n.01	0.97159797	NA	1.24
οἶκος	house.n.01	0.978451967	1	7.48
οἶκος	temple.n.01	0.615846217	11	2.92
οἶκος	palace.n.01	0.651491582	1	4.51
οἶκος	house.n.01	0.987490118	1	3.27
οἶκος	house.n.01	0.935695887	1	7.28
οἶκος	house.n.01	0.526565552	1	6.84
οἶκος	house.n.01	0.762119293	1	7.31
οἶκος	family.n.01	0.505758822	2	6.25
οἶκος	house.n.03	0.569375515	4	4.77
οἶκος	family.n.01	0.51687783	2	7.59
οἶκος	cave.n.01	None	1	0.49
οἶκος	house.n.01	0.957975566	1	2
οἶκος	house.n.01	0.894601643	1	4.48
οἶκος	house.n.01	0.903243661	1	6.41
οἶκος	house.n.01	0.801317096	1	5.51
οἶκος	house.n.01	0.913890481	1	7.01
οἶκος	house.n.12	0.898121357	9	2.52
οἶκος	house.n.01	0.699718952	1	6.26
οἶκος	house.n.01	0.786734402	1	6.98
οἶκος	house.n.06	0.548333406	3	4.26
οἶκος	house.n.06	0.571491539	3	7.23
οἶκος	house.n.01	0.959713161	1	5.87
οἶκος	house.n.12	0.535753191	9	3.59
οἶκος	house.n.01	0.476891041	1	7.46
οἶκος	house.n.01	0.912322283	1	6.18
οἶκος	house.n.01	0.390774369	1	7.92
οἶκος	house.n.01	0.980471253	1	7.37
οἶκος	house.n.01	0.893661916	1	6.57
οἶκος	house.n.01	0.966041625	1	7.44
οἶκος	house.n.03	0.582292795	4	8.04
οἶκος	inhabitancy.n.01	0.505271733	NA	4.25
οἶκος	house.n.01	0.760064363	1	5.09
οἶκος	house.n.01	0.581518054	1	5.51
οἶκος	house.n.01	0.490197361	1	7.33
οἶκος	house.n.01	0.393223912	1	1
οἶκος	house.n.01	0.981078625	1	7.45
οἶκος	house.n.06	0.60670656	3	6.7
οἶκος	house.n.01	0.898234546	1	5.61
οἶκος	family.n.01	0.571212053	2	6.95
οἶκος	house.n.06	0.824696004	3	4.87
οἶκος	house.n.01	0.987131059	1	6.68
οἶκος	house.n.06	0.896248579	3	4.96
οἶκος	house.n.03	0.674729407	4	7.37
οἶκος	house.n.03	0.669057727	4	7.26
οἶκος	house.n.03	0.602589309	4	6.92
οἶκος	house.n.06	0.474016011	3	6.9
οἶκος	house.n.01	0.877241969	1	6.88
οἶκος	house.n.03	0.654390156	4	7.57
οἶκος	house.n.03	0.763835073	4	7.52
οἶκος	house.n.03	0.481766731	4	6.88
οἶκος	house.n.01	0.766047299	1	5.57
οἶκος	house.n.06	0.57147342	3	6.59
οἶκος	house.n.03	0.5268628	4	7.28
οἶκος	house.n.01	0.942994952	1	7.22
οἶκος	sofa.n.01	0.99102205	NA	1.88
οἶκος	house.n.01	0.836205423	1	6.49
οἶκος	house.n.01	0.666217089	1	7.79
οἶκος	house.n.01	0.853050768	1	7.88
οἶκος	house.n.01	0.694247961	1	7.57
οἶκος	house.n.03	0.590444863	4	6.74
οἶκος	house.n.03	0.710890234	4	6.52
οἶκος	house.n.03	0.602366507	4	7.5
οἶκος	family.n.01	0.691216886	2	4.92
οἶκος	house.n.01	0.63097018	1	6.96
οἶκος	house.n.01	0.968573213	1	8.74
οἶκος	house.n.01	0.99410373	1	3.68
οἶκος	house.n.01	0.99338311	1	7.42
οἶκος	house.n.01	0.994768143	1	5.4
οἶκος	home.n.01	0.716414452	5	1.47
οἶκος	house.n.01	0.95947516	1	6.48
οἶκος	home.n.01	0.866441429	5	4.48
οἶκος	house.n.01	0.986217916	1	7.53
οἶκος	house.n.01	0.43793571	1	4.29
οἶκος	house.n.01	0.714024246	1	4
οἶκος	house.n.01	0.995445013	1	7.88
οἶκος	house.n.06	0.440181017	3	6.07
οἶκος	house.n.01	0.322314382	1	8.21
οἶκος	house.n.01	0.970181346	1	7.9
οἶκος	house.n.01	0.631889343	1	7.11
οἶκος	house.n.01	0.982694805	1	5.37
οἶκος	house.n.01	0.829474688	1	5.69
οἶκος	house.n.01	0.345248878	1	6.43
οἶκος	house.n.06	0.453027964	3	6.38
οἶκος	house.n.01	0.864744663	1	6.63
οἶκος	house.n.01	0.957879186	1	6.76
οἶκος	house.n.01	0.982931972	1	7.5
οἶκος	house.n.01	0.913812697	1	3.23
οἶκος	house.n.01	0.680051565	1	2.8
οἶκος	house.n.01	0.842768192	1	6.94
οἶκος	house.n.01	0.94593966	1	4.1
οἶκος	house.n.01	0.900324225	1	4.63
οἶκος	house.n.01	0.979021788	1	7.22
οἶκος	house.n.01	0.990224421	1	7.26
οἶκος	family.n.01	None	2	3.13
οἶκος	home.n.01	0.870520771	5	3.75
οἶκος	family.n.01	None	2	2.51
οἶκος	house.n.01	0.939902604	1	7.69
οἶκος	house.n.01	0.931538761	1	5.3
οἶκος	house.n.01	0.861887336	1	6.42
οἶκος	house.n.01	0.935343623	1	6.91
οἶκος	house.n.01	0.941119432	1	6.07
οἶκος	house.n.01	0.593021512	1	6
οἶκος	house.n.01	0.646369576	1	7.53
οἶκος	house.n.01	0.995854259	1	3.9
οἶκος	house.n.12	0.645419121	9	4.08
οἶκος	house.n.01	0.99151057	1	6.47
οἶκος	house.n.01	0.989849448	1	4.39
οἶκος	house.n.01	0.960467637	1	8.14
οἶκος	family.n.01	0.591115654	2	5.64
οἶκος	house.n.01	0.924184561	1	6.01
οἶκος	house.n.01	0.960784554	1	3.75
οἶκος	house.n.01	0.825214624	1	7.02
οἶκος	house.n.01	0.97017169	1	4.97
οἶκος	house.n.01	0.971240699	1	6.74
οἶκος	dwelling.n.01	0.80449456	1	5.87
οἶκος	house.n.06	0.701503217	3	5.64
οἶκος	house.n.01	0.909253597	1	7.5
οἶκος	house.n.01	0.980050743	1	8.33
οἶκος	house.n.01	0.958667278	1	7.42
οἶκος	house.n.06	0.56791842	3	6.95
οἶκος	house.n.01	0.76963979	1	8.71
οἶκος	house.n.01	0.968573272	1	6.54
οἶκος	house.n.01	0.946362019	1	6.7
οἶκος	house.n.01	0.918382645	1	7.3
οἶκος	house.n.01	0.984798253	1	5.12
οἶκος	house.n.01	0.875630617	1	5.46
οἶκος	family.n.01	0.469121546	2	6.43
οἶκος	house.n.01	0.964897573	1	6.58
οἶκος	house.n.01	0.919614136	1	6.52
οἶκος	house.n.06	0.39698112	3	8.45
οἶκος	house.n.01	0.952441216	1	4.52
οἶκος	house.n.01	0.950831234	1	7.59
οἶκος	tent.n.01	0.998896003	1	0.59
οἶκος	house.n.06	0.629476011	3	6.38
οἶκος	house.n.01	0.950125098	1	8.04
οἶκος	family.n.01	0.386801183	2	6.01
οἶκος	family.n.01	0.505969822	2	4.59
οἶκος	house.n.06	0.650066316	3	4.49
οἶκος	house.n.01	0.726808667	1	6.75
οἶκος	house.n.01	0.857558131	1	5.77
οἶκος	house.n.06	0.69898212	3	6.09
οἶκος	house.n.01	0.93572396	1	7.07
οἶκος	house.n.01	0.909463465	1	1.95
οἶκος	house.n.01	0.707581043	1	7.15
οἶκος	house.n.06	0.536691546	3	6.02
οἶκος	house.n.06	0.692549825	3	5.96
οἶκος	house.n.03	0.576097786	4	5.91
οἶκος	house.n.01	0.685415566	1	5.42
οἶκος	house.n.03	0.764391065	4	7.07
οἶκος	house.n.03	0.560350895	4	6.84
οἶκος	house.n.01	0.474122405	1	6.59
οἶκος	house.n.06	0.635694206	3	7.31
οἶκος	house.n.06	0.654424369	3	4.25
οἶκος	house.n.03	0.567260206	4	6.32
οἶκος	house.n.01	0.904468477	1	7.57
οἶκος	house.n.03	0.715571165	4	5.08
οἶκος	house.n.01	0.974647999	1	4.99
οἶκος	house.n.03	0.45315057	4	4.17
οἶκος	house.n.01	0.947616696	1	7.31
οἶκος	house.n.03	0.636739254	4	6.34
οἶκος	house.n.01	0.753043234	1	8.24
οἶκος	house.n.03	0.572606444	4	4.95
οἶκος	house.n.01	0.895340502	1	6.91
οἶκος	house.n.06	0.570141077	3	8.24
οἶκος	house.n.01	0.916471541	1	7.88
οἶκος	house.n.03	0.529757202	4	3.9
οἶκος	house.n.06	0.802961588	3	7.6
οἶκος	house.n.01	0.972320974	1	7.42
οἶκος	house.n.01	0.938797057	1	5.96
οἶκος	house.n.01	0.958714187	1	7.64
οἶκος	house.n.01	0.911918521	1	7.91
οἶκος	house.n.06	0.705148757	3	6.74
οἶκος	house.n.03	0.659369051	4	7.44
οἶκος	house.n.03	0.72519654	4	7.22
οἶκος	house.n.06	0.501219153	3	5.37
οἶκος	house.n.06	0.490848213	3	6.62
οἶκος	house.n.01	0.984542668	1	7.21
οἶκος	house.n.01	0.984335184	1	7.15
οἶκος	house.n.03	0.701363742	4	7.05
οἶκος	house.n.03	0.586128712	4	7.9
οἶκος	house.n.01	0.849192083	1	2.55
οἶκος	house.n.01	0.801480532	1	6.49
οἶκος	house.n.01	0.825744271	1	7.28
οἶκος	house.n.03	0.513348758	4	4.66
οἶκος	house.n.06	0.740573883	3	7.68
οἶκος	house.n.03	0.803703427	4	6.57
οἶκος	house.n.01	0.886839032	1	6.55
οἶκος	house.n.06	0.880537689	3	6.18
οἶκος	house.n.06	0.825656831	3	7.42
οἶκος	house.n.03	0.643966794	4	4.87
οἶκος	dwelling.n.01	0.60705626	1	4.53
οἶκος	house.n.06	0.606644213	3	7.22
οἶκος	house.n.03	0.469836205	4	3.17
οἶκος	house.n.01	0.981234729	1	5.79
οἶκος	house.n.01	0.935872197	1	5.59
οἶκος	house.n.01	0.859876454	1	6.83
οἶκος	house.n.01	0.923809707	1	2.96
οἶκος	house.n.01	0.923809707	1	7.92
οἶκος	house.n.06	0.704766929	3	7.15
οἶκος	house.n.06	0.697854459	3	7.53
οἶκος	house.n.06	0.632754862	3	6.62
οἶκος	house.n.06	0.870506406	3	7.29
οἶκος	house.n.06	0.652698398	3	5.22
οἶκος	house.n.03	0.66843003	4	6.26
οἶκος	house.n.01	0.684725881	1	7.86
οἶκος	house.n.03	0.557223916	4	7.37
οἶκος	house.n.01	0.495050848	1	3.78
οἶκος	house.n.01	0.85951668	1	7.81
οἶκος	house.n.06	0.818755448	3	5.77
οἶκος	family.n.01	0.675884485	2	2.79
οἶκος	house.n.01	0.736612141	1	7.07
οἶκος	house.n.01	0.51343894	1	4.56
οἶκος	house.n.01	0.898033559	1	7.9
οἶκος	house.n.01	0.887859762	1	3.87
οἶκος	house.n.01	0.961592197	1	5.81
οἶκος	house.n.06	0.846364081	3	4.03
οἶκος	house.n.06	0.688431859	3	7.75
οἶκος	family.n.01	0.618983269	2	5.79
οἶκος	family.n.01	0.618983269	2	6.07
οἶκος	house.n.06	0.49637109	3	7.16
οἶκος	house.n.01	0.946741402	1	2.71
οἶκος	house.n.01	0.809351206	1	6.51
οἶκος	house.n.06	0.845603466	3	6.36
οἶκος	family.n.01	0.49018681	2	6.2
οἶκος	house.n.01	0.806439757	1	7.86
οἶκος	house.n.01	0.961141109	1	6.54
οἶκος	house.n.01	0.882273018	1	7.92
οἶκος	house.n.01	0.985683799	1	4.8
οἶκος	house.n.01	0.96002686	1	6.36
οἶκος	house.n.01	0.980038047	1	4.68
οἶκος	house.n.12	0.484059185	9	8.02
οἶκος	house.n.01	0.862002134	1	8.04
οἶκος	house.n.01	0.96170485	1	7.79
οἶκος	house.n.01	0.943850696	1	7.16
οἶκος	house.n.01	0.992307127	1	4.3
οἶκος	house.n.01	0.882704675	1	7.81
οἶκος	family.n.01	0.294829965	2	6.41
οἶκος	house.n.06	0.441367894	3	7.53
οἶκος	family.n.01	0.315264672	2	7.64
οἶκος	house.n.01	0.981387079	1	6.78
οἶκος	house.n.01	0.99133122	1	7.9
οἶκος	house.n.01	0.985535502	1	7.88
οἶκος	house.n.01	0.986875772	1	7.53
οἶκος	house.n.01	0.9610039	1	6.95
οἶκος	house.n.01	0.933946133	1	6.7
οἶκος	house.n.01	0.854519606	1	7.64
οἶκος	house.n.01	0.938593924	1	6.71
οἶκος	house.n.01	0.953885913	1	7.01
οἶκος	house.n.03	0.535149753	4	5.67
οἶκος	house.n.06	0.443746746	3	6.12
οἶκος	house.n.06	0.483466715	3	6.59
οἶκος	house.n.03	0.48517698	4	7.4
οἶκος	house.n.03	0.696846426	4	7.68
οἶκος	house.n.01	0.508860707	1	6.04
οἶκος	house.n.03	0.596178412	4	5.79
οἶκος	house.n.06	0.446527511	3	8.28
οἶκος	house.n.06	0.573992312	3	7.81
οἶκος	house.n.01	0.867298663	1	5.71
οἶκος	house.n.03	0.436751932	4	6.23
οἶκος	house.n.06	0.654768944	3	7.05
οἶκος	house.n.06	0.640003145	3	5.22
οἶκος	house.n.06	0.640003145	3	6.34
οἶκος	house.n.06	0.456230342	3	7.38
οἶκος	house.n.06	0.749040365	3	7.86
οἶκος	house.n.06	0.808922648	3	7.81
οἶκος	house.n.06	0.818031728	3	6.31
οἶκος	house.n.06	0.857411146	3	5.55
οἶκος	house.n.06	0.561223269	3	6.75
οἶκος	house.n.01	0.85970521	1	7.05
οἶκος	house.n.01	0.552883327	1	4.87
οἶκος	house.n.12	0.673624516	9	6.23
οἶκος	house.n.01	0.745419204	1	5.02
οἶκος	house.n.01	0.81462872	1	8.27
οἶκος	house.n.06	0.723297596	3	4.33
οἶκος	house.n.03	0.721240044	4	7.45
οἶκος	house.n.01	0.642235816	1	4.42
οἶκος	house.n.01	0.883387208	1	7.9
οἶκος	house.n.06	0.467166662	3	5.77
οἶκος	house.n.01	0.949329436	1	6.68
οἶκος	house.n.01	0.9787395	1	5.54
οἶκος	house.n.01	0.972293973	1	8.14
οἶκος	house.n.03	0.578896403	4	7.53
οἶκος	house.n.03	0.827017009	4	7.3
οἶκος	house.n.06	0.784760654	3	6.54
οἶκος	house.n.06	0.803604603	3	8.08
οἶκος	house.n.06	0.705003738	3	7.22
οἶκος	house.n.06	0.557584524	3	6.9
οἶκος	house.n.01	0.763585031	1	7.89
οἶκος	house.n.06	0.601119518	3	6.73
οἶκος	house.n.01	0.474317402	1	5.8
οἶκος	house.n.01	0.543997824	1	5.8
οἶκος	house.n.01	0.543997824	1	4.06
οἶκος	house.n.01	0.982538223	1	7.95
οἶκος	house.n.01	0.653350174	1	6.47
οἶκος	house.n.06	0.323930085	3	6.13
οἶκος	house.n.06	0.871254504	3	6.02
οἶκος	house.n.06	0.497263342	3	4.54
οἶκος	house.n.01	0.974596918	1	6.21
οἶκος	house.n.06	0.791640103	3	6.04
οἶκος	house.n.01	0.937973678	1	8.74
οἶκος	house.n.01	0.971729696	1	6.02
οἶκος	house.n.01	0.971729696	1	2.38
οἶκος	house.n.01	0.965092063	1	7.83
οἶκος	house.n.01	0.987201333	1	5.46
οἶκος	house.n.06	0.610997558	3	7.39
οἶκος	house.n.01	0.611630559	1	5.36
οἶκος	house.n.03	0.479819089	4	6.58
οἶκος	house.n.01	0.80346936	1	7.28
οἶκος	house.n.01	0.515271544	1	7.6
οἶκος	house.n.12	0.817678809	9	8.28
οἶκος	house.n.01	0.958497822	1	4.09
οἶκος	house.n.01	0.987835109	1	5.73
οἶκος	house.n.01	0.93463105	1	6.94
οἶκος	house.n.01	0.688558936	1	4.5
οἶκος	house.n.01	0.864513218	1	7.1
οἶκος	house.n.01	0.953064978	1	6.59
οἶκος	house.n.01	0.835303605	1	2.75
οἶκος	house.n.06	0.850159585	3	7.81
οἶκος	house.n.06	0.869603932	3	6.65
οἶκος	house.n.01	0.915608585	1	7.92
οἶκος	house.n.01	0.897558451	1	7.49
οἶκος	house.n.01	0.897558451	1	5.76
οἶκος	house.n.03	0.587979138	4	7.22
οἶκος	house.n.01	0.928309739	1	7.18
οἶκος	house.n.03	0.480914444	4	7.81
οἶκος	house.n.03	0.703433216	4	6.8
οἶκος	dwelling.n.01	0.728873968	1	4.36
οἶκος	house.n.01	0.738944352	1	8.14
οἶκος	house.n.01	0.98689878	1	5.78
οἶκος	house.n.01	0.925539851	1	8.24
οἶκος	house.n.06	0.718917489	3	7.44
οἶκος	house.n.06	0.701577663	3	7.44
οἶκος	home.n.07	0.857722461	10	1.79
οἶκος	house.n.06	0.520813346	3	6.77
οἶκος	house.n.06	0.445341051	3	8.27
οἶκος	house.n.03	0.643979251	4	5.23
οἶκος	house.n.01	0.990124941	1	5.35
οἶκος	house.n.03	0.622795522	4	7.46
οἶκος	house.n.03	0.622795522	4	3.48
οἶκος	house.n.03	0.520842493	4	5.76
οἶκος	house.n.03	0.608602822	4	7.67
οἶκος	house.n.06	0.389462411	3	7.34
οἶκος	house.n.01	0.910004199	1	6.83
οἶκος	house.n.01	0.947602749	1	7.53
οἶκος	house.n.01	0.978369653	1	6.59
οἶκος	house.n.01	0.881780207	1	5.98
οἶκος	house.n.01	0.933278441	1	5.65
οἶκος	house.n.03	0.880665541	4	7.57
οἶκος	house.n.03	0.729522526	4	7.59
οἶκος	house.n.03	0.674709857	4	7.52
οἶκος	house.n.03	0.441621989	4	7.81
οἶκος	house.n.01	0.992030382	1	3.85
οἶκος	house.n.03	0.710302532	4	6.6
οἶκος	house.n.03	0.50943476	4	7.16
οἶκος	house.n.06	0.580442607	3	6.7
οἶκος	house.n.06	0.90257746	3	7.85
οἶκος	house.n.03	0.689891458	4	7.68
οἶκος	house.n.03	0.518191874	4	6.62
οἶκος	house.n.03	0.569059372	4	6.69
οἶκος	house.n.01	0.929393709	1	8.1
οἶκος	house.n.01	0.985891163	1	5.86
οἶκος	house.n.01	0.989205956	1	6.48
οἶκος	house.n.03	0.724660337	4	5.37
οἶκος	house.n.01	0.908456087	1	8.48
οἶκος	house.n.01	0.934995413	1	8.3
οἶκος	house.n.01	0.958211064	1	6.31
οἶκος	house.n.03	0.759694815	4	6.57
οἶκος	house.n.01	0.904833555	1	5.8
οἶκος	house.n.01	0.903527737	1	6.07
οἶκος	house.n.01	0.668029308	1	7.48
οἶκος	house.n.06	0.484697759	3	7.1
οἶκος	house.n.03	0.546499252	4	6.49
οἶκος	house.n.01	0.979389012	1	8.28
οἶκος	house.n.06	0.776779354	3	6.78
οἶκος	house.n.01	0.906765759	1	6.13
οἶκος	house.n.01	0.793850303	1	5.3
οἶκος	house.n.06	0.69831866	3	4.44
οἶκος	house.n.01	0.993115485	1	5.12
οἶκος	house.n.01	0.738794267	1	3.39
οἶκος	family.n.01	0.624780953	2	6.25
οἶκος	house.n.03	0.590381801	4	7.38
οἶκος	house.n.01	0.923271954	1	7.9
οἶκος	house.n.01	0.786513686	1	7.24
οἶκος	house.n.03	0.736482143	4	6.69
οἶκος	house.n.06	0.63125211	3	7.19
οἶκος	house.n.06	0.652043819	3	6.73
οἶκος	house.n.06	0.615254581	3	6.44
οἶκος	house.n.01	0.972881436	1	6.76
οἶκος	house.n.01	0.931809783	1	7.41
οἶκος	house.n.01	0.933806837	1	7.88
οἶκος	house.n.01	0.910369873	1	6.6
οἶκος	family.n.01	0.443741769	2	3.6
οἶκος	house.n.01	0.894880295	1	5.77
οἶκος	house.n.01	0.993000388	1	7.04
οἶκος	house.n.01	0.979990482	1	8.37
οἶκος	house.n.01	0.674443781	1	7.07
οἶκος	house.n.03	0.678661108	4	6.7
οἶκος	house.n.03	0.315003753	4	4.82
οἶκος	house.n.01	0.939811945	1	6.41
οἶκος	house.n.01	0.514989793	1	4.93
οἶκος	house.n.01	0.912291408	1	6.95
οἶκος	house.n.01	0.604344428	1	7.48
οἶκος	house.n.01	0.973333657	1	8.45
οἶκος	house.n.01	0.462485135	1	7.24
οἶκος	house.n.03	0.639646649	4	5.33
οἶκος	house.n.06	0.49248597	3	5.7
οἶκος	house.n.03	0.643227935	4	4.09
οἶκος	house.n.01	0.972985923	1	6.86
οἶκος	house.n.01	0.955962718	1	7.53
οἶκος	house.n.01	0.959002078	1	7.53
οἶκος	house.n.01	0.876437724	1	4.34
οἶκος	house.n.01	0.88113606	1	5.37
οἶκος	house.n.01	0.90268147	1	5.22
οἶκος	house.n.01	0.96382308	1	7.68
οἶκος	house.n.01	0.970298171	1	7.81
οἶκος	house.n.01	0.978141367	1	6.65
οἶκος	house.n.01	0.936106563	1	8.04
οἶκος	family.n.01	0.336987168	2	8.13
οἶκος	house.n.03	0.754002333	4	7.8
οἶκος	house.n.01	0.87357527	1	4.41
οἶκος	house.n.01	0.851237297	1	6.76
οἶκος	house.n.01	0.963595867	1	6.71
οἶκος	house.n.03	0.538133502	4	3.94
οἶκος	house.n.01	0.956576228	1	7.53
οἶκος	house.n.01	0.981691182	1	7.85
οἶκος	house.n.01	0.974621952	1	5.88
οἶκος	house.n.01	0.989794791	1	7.85
οἶκος	house.n.01	0.888703942	1	6.38
οἶκος	house.n.01	0.964062631	1	7.53
οἶκος	house.n.01	0.950602949	1	6.22
οἶκος	house.n.01	0.540127456	1	7.88
οἶκος	house.n.01	0.963574171	1	6.78
οἶκος	house.n.01	0.947500467	1	7.9
οἶκος	house.n.01	0.956108928	1	7.48
οἶκος	house.n.01	0.988490939	1	6.8
οἶκος	house.n.01	0.898303509	1	7.18
οἶκος	house.n.01	0.934476018	1	7.05
οἶκος	house.n.01	0.908969045	1	7.37
οἶκος	house.n.01	0.759609759	1	7.34
οἶκος	house.n.01	0.748305023	1	5.95
οἶκος	house.n.01	0.768738627	1	7.3
οἶκος	house.n.03	0.378500104	4	6.96
οἶκος	house.n.03	0.544878066	4	5.85
οἶκος	house.n.06	0.42128998	3	6.57
οἶκος	house.n.01	0.515612602	1	7.34
οἶκος	home.n.01	0.724745095	5	4.91
οἶκος	house.n.03	0.578014135	4	7
οἶκος	house.n.01	0.985919476	1	6.09
οἶκος	temple.n.01	0.761255085	11	2.77
οἶκος	temple.n.01	0.749815643	11	4.85
οἶκος	house.n.03	0.740436196	4	6
οἶκος	house.n.01	0.552504599	1	5.08
οἶκος	house.n.01	0.65839678	1	4.27
οἶκος	house.n.01	0.571297586	1	5.35
οἶκος	house.n.01	0.544861615	1	5.3
οἶκος	house.n.03	0.694290519	4	5.87
οἶκος	house.n.03	0.594706059	4	7.24
οἶκος	house.n.03	0.840313196	4	8.04
οἶκος	house.n.03	0.910688221	4	7.33
οἶκος	house.n.01	0.811473966	1	5.71
οἶκος	house.n.03	0.713116884	4	7.24
οἶκος	house.n.01	0.826482058	1	5.87
οἶκος	family.n.01	0.458920002	2	4.54
οἶκος	house.n.01	0.726183116	1	5.09
οἶκος	house.n.03	0.673956871	4	5.11
οἶκος	house.n.06	0.666164756	3	3.58
οἶκος	house.n.03	0.629201233	4	7.57
οἶκος	house.n.03	0.673665047	4	3.4
οἶκος	house.n.03	0.587045848	4	2.09
οἶκος	house.n.01	0.978044093	1	7.38
οἶκος	house.n.03	0.802199185	4	6.41
οἶκος	house.n.03	0.803802252	4	6.8
οἶκος	house.n.03	0.559678137	4	4.15
οἶκος	house.n.01	0.979598343	1	5.59
οἶκος	house.n.01	0.891258776	1	6.55
οἶκος	house.n.03	0.955991447	4	5.99
οἶκος	house.n.01	0.980908632	1	7.69
οἶκος	house.n.01	0.978849709	1	6.3
οἶκος	house.n.01	0.9630211	1	7.12
οἶκος	house.n.03	0.599083126	4	7.5
οἶκος	house.n.01	0.616649985	1	6.36
οἶκος	house.n.01	0.991817951	1	7.85
οἶκος	house.n.01	0.970591426	1	7.53
οἶκος	house.n.01	0.928951979	1	7.44
οἶκος	house.n.01	0.956169426	1	6.07
οἶκος	house.n.01	0.946691096	1	5.19
οἶκος	house.n.03	0.602551818	4	6.17
οἶκος	house.n.03	0.688952386	4	6.28
οἶκος	house.n.01	0.737987876	1	4.53
οἶκος	house.n.01	0.743678629	1	5.33
οἶκος	house.n.03	0.664370477	4	5.9
οἶκος	house.n.03	0.76608026	4	5.58
οἶκος	house.n.03	0.695404291	4	4.27
οἶκος	house.n.03	0.641436517	4	3.95
οἶκος	house.n.03	0.801642835	4	4.02
οἶκος	family.n.01	0.526182413	2	4.26
οἶκος	house.n.03	0.482954562	4	4.46
οἶκος	house.n.03	0.651198864	4	4
οἶκος	house.n.06	0.665364027	3	5.25
οἶκος	house.n.03	0.741493583	4	6.75
οἶκος	house.n.03	0.788489878	4	7.53
οἶκος	house.n.03	0.832293034	4	7.29
οἶκος	house.n.03	0.675060928	4	6.75
οἶκος	house.n.03	0.748703539	4	7.6
οἶκος	house.n.01	0.985073388	1	8.7
οἶκος	house.n.03	0.66352123	4	7.8
οἶκος	house.n.03	0.637713552	4	5.24
οἶκος	house.n.03	0.526558161	4	6.86
οἶκος	house.n.03	0.960075498	4	5.95
οἶκος	house.n.03	0.926119626	4	5.86
οἶκος	house.n.03	0.783795476	4	5.69
οἶκος	house.n.03	0.63508898	4	2.96
οἶκος	house.n.03	0.822808206	4	7.17
οἶκος	house.n.03	0.811311662	4	6.24
οἶκος	house.n.03	0.704133093	4	5.9
οἶκος	house.n.06	0.506387353	3	7.22
οἶκος	house.n.06	0.879410803	3	6.44
οἶκος	house.n.03	0.87258172	4	7.64
οἶκος	house.n.03	0.737202227	4	7.43
οἶκος	house.n.03	0.832293034	4	7.29
οἶκος	house.n.03	0.60266757	4	8.14
οἶκος	house.n.03	0.652472377	4	7.35
οἶκος	house.n.03	0.750850439	4	7.71
οἶκος	house.n.06	0.532291353	3	7.48
οἶκος	house.n.06	0.507044613	3	4.94
οἶκος	house.n.01	0.903335631	1	5.96
οἶκος	house.n.01	0.972062171	1	6.57
οἶκος	house.n.03	0.690453589	4	4.91
οἶκος	house.n.06	0.519052863	3	7.82
οἶκος	house.n.01	0.876134813	1	1.7
οἶκος	house.n.01	0.876134813	1	3.93
οἶκος	house.n.06	0.523536205	3	5.73
οἶκος	house.n.01	0.969442904	1	7.07
οἶκος	house.n.01	0.983177483	1	8.24
οἶκος	family.n.01	0.399885893	2	5.94
οἶκος	house.n.03	0.459023774	4	7.53
οἶκος	house.n.03	0.579767525	4	7.15
οἶκος	house.n.03	0.541904986	4	4.14
οἶκος	house.n.03	0.828007698	4	5.79
οἶκος	house.n.03	0.682832956	4	8.02
οἶκος	house.n.03	0.715288937	4	5.77
οἶκος	house.n.03	0.77531755	4	7.3
οἶκος	house.n.03	0.621609926	4	2.17
οἶκος	house.n.03	0.786926389	4	7.64
οἶκος	house.n.03	0.620244861	4	5.78
οἶκος	house.n.03	0.720718145	4	3.91
οἶκος	house.n.03	0.50186497	4	5.79
οἶκος	house.n.03	0.65459162	4	7.49
οἶκος	house.n.03	0.832293034	4	5.89
οἶκος	house.n.03	0.773964226	4	7.44
οἶκος	house.n.03	0.603732824	4	6.07
οἶκος	house.n.03	0.622992635	4	5.22
οἶκος	house.n.06	0.592013836	3	6.03
οἶκος	house.n.03	0.706519246	4	7.42
οἶκος	house.n.06	0.779133379	3	7.92
οἶκος	house.n.03	0.702649772	4	7.85
οἶκος	house.n.03	0.623661697	4	4.92
οἶκος	house.n.06	0.813221574	3	6.3
οἶκος	house.n.03	0.711067975	4	7.31
οἶκος	house.n.03	0.671377659	4	7.88
οἶκος	house.n.01	0.962199569	1	6.3
οἶκος	house.n.03	0.803688288	4	3.95
οἶκος	house.n.01	0.904261529	1	7.3
οἶκος	house.n.01	0.991449416	1	7.42
οἶκος	house.n.01	0.994424462	1	7.81
οἶκος	house.n.01	0.991079867	1	6.89
οἶκος	house.n.01	0.975447297	1	7.26
οἶκος	house.n.01	0.990474641	1	6.46
οἶκος	house.n.01	0.97509414	1	4.66
οἶκος	house.n.01	0.993212104	1	7.88
οἶκος	house.n.01	0.992055118	1	7.38
οἶκος	house.n.01	0.985711992	1	6.76
οἶκος	house.n.01	0.98640126	1	3.13
οἶκος	floor.n.01	0.967627406	NA	0.91
οἶκος	house.n.01	0.987255573	1	7.82
οἶκος	house.n.01	0.896359026	1	3.36
οἶκος	house.n.01	0.992440104	1	7.44
οἶκος	house.n.01	0.953661501	1	7.26
οἶκος	house.n.01	0.983293653	1	4.97
οἶκος	house.n.01	0.772750616	1	4.03
οἶκος	house.n.06	0.451097041	3	6.84
οἶκος	house.n.03	0.668047547	4	6.65
οἶκος	house.n.03	0.860098422	4	6.54
οἶκος	house.n.03	0.860098422	4	4.07
οἶκος	house.n.01	0.964735627	1	3.55
οἶκος	house.n.01	0.950123787	1	6.25
οἶκος	house.n.01	0.676138759	1	6.94
οἶκος	house.n.01	0.994673669	1	7.57
οἶκος	house.n.01	0.978865623	1	6.79
οἶκος	house.n.03	0.511284173	4	6.75
οἶκος	house.n.01	0.87272197	1	6.03
οἶκος	house.n.03	0.681579232	4	5.46
οἶκος	house.n.03	0.583818853	4	7.38
οἶκος	house.n.03	0.754917562	4	6.88
οἶκος	house.n.03	0.67487973	4	5.88
οἶκος	house.n.01	0.773768306	1	6.9
οἶκος	house.n.03	0.612426579	4	6.03
οἶκος	house.n.03	0.838189244	4	6.45
οἶκος	house.n.01	0.742362201	1	5.96
οἶκος	house.n.03	0.75912255	4	5.18
οἶκος	house.n.01	0.9023785	1	8.07
οἶκος	house.n.01	0.815385699	1	7.85
οἶκος	house.n.01	0.511185884	1	6.5
οἶκος	house.n.03	0.773518324	4	4.91
οἶκος	house.n.06	0.471333355	3	4.66
οἶκος	house.n.03	0.520463765	4	5.84
οἶκος	house.n.03	0.65967077	4	7.38
οἶκος	house.n.01	0.906537831	1	7.92
οἶκος	family.n.01	0.414929956	2	6.96
οἶκος	house.n.01	0.465872377	1	4.15
οἶκος	house.n.01	0.865121484	1	7.3
οἶκος	house.n.03	0.893101156	4	4.02
οἶκος	house.n.01	0.991274416	1	7.88
οἶκος	house.n.01	0.991528869	1	7.07
οἶκος	house.n.03	0.845894933	4	4.82
οἶκος	house.n.03	0.544381976	4	4.63
οἶκος	house.n.01	0.992494226	1	6.68
οἶκος	house.n.01	0.841499925	1	8.14
οἶκος	house.n.01	0.841499925	1	4.39
οἶκος	home.n.01	0.52088666	5	5.32
οἶκος	dwelling.n.01	0.416945249	1	3.75
οἶκος	house.n.03	0.475193441	4	7.45
οἶκος	house.n.01	0.960571647	1	3.84
οἶκος	family.n.01	0.435434818	2	7.31
οἶκος	house.n.01	0.842456758	1	7.24
οἶκος	house.n.01	0.943965852	1	3.74
οἶκος	house.n.01	0.996072888	1	5.08
οἶκος	house.n.01	0.690214813	1	7.61
οἶκος	house.n.01	0.995204687	1	5.46
οἶκος	house.n.01	0.79774785	1	7.82
οἶκος	house.n.01	0.563654721	1	6.48
οἶκος	house.n.01	0.761054873	1	7.04
οἶκος	house.n.01	0.938728988	1	4.91
οἶκος	house.n.01	0.907372236	1	8.3
οἶκος	house.n.01	0.98940748	1	6.68
οἶκος	house.n.01	0.9479177	1	7.81
οἶκος	house.n.01	0.939773798	1	4.91
οἶκος	residence.n.02	0.857810795	1	4.44
οἶκος	house.n.01	0.993621647	1	6.02
οἶκος	house.n.01	0.813569546	1	6.36
οἶκος	house.n.01	0.839228034	1	5.72
οἶκος	house.n.01	0.992530167	1	7.85
οἶκος	house.n.01	0.987755001	1	7.59
οἶκος	temple.n.01	0.941989839	11	2.85
οἶκος	house.n.01	0.648579776	1	5.36
οἶκος	house.n.01	0.942013144	1	4.45
οἶκος	estate.n.01	0.752579391	6	5.16
οἶκος	dwelling.n.01	0.550606787	1	5.43
οἶκος	dwelling.n.01	0.763810992	1	3.76
οἶκος	home.n.01	0.617580473	5	5.5
οἶκος	house.n.06	0.941887021	3	4.46
οἶκος	family.n.01	None	2	4.71
οἶκος	home.n.01	0.414490432	5	4.52
οἶκος	house.n.01	0.990726709	1	6.98
οἶκος	chamber.n.01	0.91688025	8	3.79
οἶκος	house.n.06	0.859131515	3	8.45
οἶκος	family.n.01	0.740973055	2	1.27
οἶκος	family.n.01	None	2	4.35
οἶκος	family.n.01	0.579272151	2	3.61
οἶκος	house.n.01	0.986798942	1	6.68
οἶκος	family.n.04	0.52265358	3	1.8
οἶκος	family.n.01	0.349767387	2	2.13
οἶκος	family.n.02	0.529710174	2	2.93
οἶκος	family.n.01	0.605855644	2	3.13
οἶκος	family.n.04	0.470748067	3	2.66
οἶκος	house.n.01	0.956916749	1	8.25
οἶκος	family.n.04	0.663847327	3	2.57
οἶκος	family.n.04	0.72876209	3	3.11
οἶκος	family.n.04	0.55871439	3	3.3
οἶκος	family.n.01	0.573271036	2	1.73
οἶκος	family.n.01	0.670775056	2	1.67
οἶκος	house.n.01	0.538609624	1	8.22
οἶκος	dwelling.n.01	0.480707973	1	4.67
οἶκος	house.n.01	0.986575782	1	7.53
οἶκος	family.n.04	0.568867564	3	1.47
οἶκος	family.n.01	0.696926713	2	2.32
οἶκος	family.n.04	0.598686695	3	2.84
οἶκος	family.n.04	0.669430971	3	2.96
οἶκος	family.n.02	0.562597394	2	1
οἶκος	family.n.01	None	2	4.07
οἶκος	house.n.01	0.982527673	1	4.87
οἶκος	family.n.01	0.647627711	2	0.5
οἶκος	home.n.01	0.636292815	5	5.46
οἶκος	house.n.01	0.986755848	1	5.84
οἶκος	family.n.04	0.755824983	3	2.85
οἶκος	room.n.01	0.99357152	8	3.19
οἶκος	family.n.01	0.564171195	2	2.85
οἶκος	house.n.01	0.869335592	1	7.82
οἶκος	family.n.01	None	2	2.11
οἶκος	estate.n.01	0.974124491	6	3.58
οἶκος	estate.n.01	0.995926142	6	3.55
οἶκος	home.n.01	0.821198523	5	4.01
οἶκος	property.n.01	0.97409296	6	3.53
οἶκος	house.n.01	0.989310622	1	1.14
οἶκος	house.n.01	0.564871371	1	6.53
οἶκος	building.n.01	0.992740095	9	2.9
οἶκος	family.n.01	0.82646203	2	2.69
οἶκος	family.n.01	None	2	2.28
οἶκος	family.n.01	0.832457185	2	1.36
οἶκος	family.n.01	0.596350312	2	2.1
οἶκος	house.n.01	0.986671627	1	8.29
οἶκος	house.n.01	0.920781314	1	5.6
οἶκος	house.n.01	0.985409617	1	7.72
οἶκος	family.n.02	0.468797117	2	2.93
οἶκος	family.n.01	None	2	3.76
οἶκος	house.n.01	0.985524237	1	6.22
οἶκος	estate.n.01	0.872476459	6	4.24
οἶκος	house.n.01	0.944110215	1	4.73
οἶκος	house.n.01	0.635884285	1	6.65
οἶκος	house.n.01	0.989281416	1	7.88
οἶκος	family.n.01	None	2	4.32
οἶκος	family.n.01	None	2	5.36
οἶκος	family.n.02	0.502300858	2	3.82
οἶκος	home.n.01	0.835392594	5	5.13
οἶκος	family.n.04	0.418703198	3	3.32
οἶκος	estate.n.01	0.955378592	6	3.1
οἶκος	family.n.01	0.780185401	2	1.55
οἶκος	home.n.03	0.426311851	5	4.89
οἶκος	family.n.01	0.736364663	2	5.74
οἶκος	home.n.01	0.468374074	5	3.95
οἶκος	home.n.01	0.830212176	5	4.74
οἶκος	house.n.01	0.914207578	1	6.84
οἶκος	house.n.01	0.809463441	1	7.49
οἶκος	house.n.01	0.978551805	1	5.46
οἶκος	house.n.01	0.966108024	1	7.59
οἶκος	house.n.01	0.921767294	1	7.22
οἶκος	house.n.01	0.962334692	1	6.86
οἶκος	family.n.01	0.79095161	2	1.6
οἶκος	house.n.06	0.942409158	3	6.76
οἶκος	house.n.01	0.593918562	1	7.41
οἶκος	house.n.01	0.77645576	1	7.85
οἶκος	house.n.01	0.452426881	1	7.45
οἶκος	house.n.01	0.986355364	1	3.28
οἶκος	house.n.01	0.805349231	1	6.57
οἶκος	house.n.01	0.963670611	1	7.45
οἶκος	house.n.01	0.983677864	1	5.25
οἶκος	house.n.01	0.94572252	1	7.88
οἶκος	house.n.01	0.950322807	1	5.41
οἶκος	house.n.01	0.989412606	1	6.3
οἶκος	house.n.01	0.974206507	1	7.5
οἶκος	house.n.01	0.754725277	1	5.36
οἶκος	house.n.01	0.837494195	1	7.3
οἶκος	house.n.01	0.941120803	1	7.35
οἶκος	house.n.01	0.899567366	1	7.15
οἶκος	house.n.01	0.914235592	1	7.54
οἶκος	house.n.01	0.956196666	1	7.45
οἶκος	house.n.01	0.955061197	1	7.53
οἶκος	house.n.01	0.941728771	1	6.57
οἶκος	house.n.01	0.942011118	1	7.64
οἶκος	house.n.01	0.940430582	1	7.35
οἶκος	house.n.01	0.848444939	1	1.76
οἶκος	house.n.03	0.630475044	4	6.36
οἶκος	house.n.01	0.922843933	1	7.24
οἶκος	house.n.01	0.479094356	1	7.38
οἶκος	house.n.01	0.914011061	1	6.75
οἶκος	house.n.01	0.816423655	1	7.44
οἶκος	house.n.01	0.641637564	1	7.54
οἶκος	house.n.01	0.975620806	1	5.77
οἶκος	house.n.01	0.983769	1	6.87
οἶκος	house.n.01	0.965888798	1	1.13
οἶκος	house.n.01	0.653845251	1	4.35
οἶκος	house.n.01	0.676123559	1	6.17
οἶκος	home.n.01	0.598338962	5	4.72
οἶκος	house.n.01	0.983838797	1	7.69
οἶκος	dwelling.n.01	0.781913877	1	3.22
οἶκος	dwelling.n.01	0.620106816	1	3.94
οἶκος	dwelling.n.01	0.792626798	1	3.54
οἶκος	house.n.01	0.756784558	1	7.95
οἶκος	house.n.01	0.590293169	1	5.8
οἶκος	dwelling.n.01	0.639594972	1	4.78
οἶκος	house.n.01	0.80807358	1	6.63
οἶκος	house.n.01	0.980526507	1	4.94
οἶκος	house.n.01	0.993437231	1	2.3
οἶκος	house.n.06	0.426581085	3	5.22
οἶκος	home.n.07	0.545149803	10	4.42
οἶκος	house.n.01	0.794694841	1	4.25
οἶκος	house.n.06	0.372475326	3	7.54
οἶκος	house.n.01	0.673496246	1	6.38
οἶκος	house.n.03	0.309402168	4	6.03
οἶκος	family.n.01	0.586542904	2	6.48
οἶκος	dwelling.n.01	None	1	4.21
οἶκος	house.n.01	0.947029233	1	5.45
οἶκος	house.n.01	0.989393592	1	4.89
οἶκος	family.n.01	0.533891141	2	5.06
οἶκος	house.n.01	0.875757992	1	5.85
οἶκος	house.n.01	0.867838919	1	6.26
οἶκος	habitation.n.01	0.814380705	5	4.07
οἶκος	house.n.01	0.977196693	1	1.23
οἶκος	dwelling.n.01	0.557832658	1	1.08
οἶκος	house.n.01	0.835128188	1	5.41
οἶκος	dwelling.n.01	0.847956836	1	3.04
οἶκος	house.n.01	0.439913422	1	6
οἶκος	family.n.01	0.781214237	2	5.37
οἶκος	dwelling.n.01	0.708559155	1	3.45
οἶκος	house.n.01	0.867161691	1	8.04
οἶκος	habitation.n.01	0.474896193	5	4.51
οἶκος	house.n.03	0.561640859	4	7.64
οἶκος	house.n.01	0.791836977	1	6.43
οἶκος	house.n.01	0.992321908	1	7.71
οἶκος	house.n.01	0.985538602	1	6.41
οἶκος	house.n.01	0.935552359	1	8.27
οἶκος	house.n.01	0.681870997	1	6.59
οἶκος	house.n.01	0.767302632	1	4.42
οἶκος	house.n.01	0.936216235	1	6.65
οἶκος	house.n.01	0.775927722	1	5.94
οἶκος	house.n.01	0.938152075	1	4.76
οἶκος	tent.n.01	0.999395967	1	3.57
οἶκος	tent.n.01	0.999383688	1	1.35
οἶκος	dwelling.n.01	0.767472625	1	4.99
οἶκος	house.n.01	0.927746534	1	6.39
οἶκος	house.n.01	0.945662737	1	6.2
οἶκος	house.n.01	0.928564489	1	3.94
οἶκος	dwelling.n.01	None	1	3.7
οἶκος	house.n.01	0.956572175	1	7.31
οἶκος	house.n.01	0.97187525	1	7.31
οἶκος	house.n.06	0.542370796	3	7.53
οἶκος	house.n.06	0.789549768	3	6.33
οἶκος	dwelling.n.01	0.877385557	1	1.87
οἶκος	dwelling.n.01	0.938237846	1	3.66
οἶκος	house.n.01	0.763863742	1	2.47
οἶκος	dwelling.n.01	0.510387421	1	3.13
οἶκος	dwelling.n.01	0.613425672	1	2.07
οἶκος	house.n.01	0.563222647	1	7.24
οἶκος	house.n.01	0.563222647	1	6.29
οἶκος	house.n.01	0.813152015	1	5.71
οἶκος	house.n.01	0.61798054	1	7.38
οἶκος	house.n.01	0.791341186	1	7.88
οἶκος	house.n.06	0.774345577	3	6.23
οἶκος	dwelling.n.01	0.606426835	1	2.9
οἶκος	family.n.01	0.561576843	2	5.71
οἶκος	house.n.01	0.442862332	1	6.23
οἶκος	dwelling.n.01	None	1	4.36
οἶκος	dwelling.n.01	0.585570216	1	3.53
οἶκος	dwelling.n.01	0.472165644	1	4.29
οἶκος	dwelling.n.01	0.684408963	1	4.68
οἶκος	dwelling.n.01	0.767841101	1	4
οἶκος	house.n.06	0.916205823	3	7.26
οἶκος	house.n.06	0.480171412	3	6.76
οἶκος	house.n.06	0.583496749	3	7.57
οἶκος	house.n.01	0.967268705	1	4.96
οἶκος	dwelling.n.01	0.602374554	1	3.87
οἶκος	house.n.01	0.989088535	1	5.51
οἶκος	house.n.06	0.887791991	3	6.94
οἶκος	house.n.01	0.82042706	1	6.86
οἶκος	house.n.12	0.576025307	9	7.22
οἶκος	house.n.01	0.343228102	1	5.98
οἶκος	house.n.01	0.992352188	1	7.53
οἶκος	house.n.06	0.480849177	3	5.36
οἶκος	inhabitancy.n.01	0.638539791	NA	1.91
οἶκος	house.n.01	0.888338983	1	7.28
οἶκος	house.n.01	0.965109706	1	4.7
οἶκος	residence.n.01	0.6540609	1	3.87
οἶκος	dwelling.n.01	0.809631586	1	3.49
οἶκος	house.n.01	0.82932508	1	6.44
οἶκος	dwelling.n.01	0.624195874	1	3.87
οἶκος	house.n.01	0.979570746	1	5.94
οἶκος	house.n.06	0.550209999	3	4.73
οἶκος	dwelling.n.01	0.511785924	1	3.66
οἶκος	dwelling.n.01	0.584253013	1	3.79
οἶκος	house.n.01	0.888103783	1	6.02
οἶκος	house.n.01	0.862103999	1	5.22
οἶκος	house.n.01	0.942783415	1	5.41
οἶκος	family.n.01	None	2	1.87
οἶκος	house.n.01	0.781843662	1	4.41
οἶκος	house.n.01	0.964661539	1	6.75
οἶκος	house.n.06	0.617320538	3	5.22
οἶκος	house.n.01	0.774313748	1	4.83
οἶκος	family.n.01	0.768699408	2	4.71
οἶκος	family.n.02	0.478856504	2	2.34
οἶκος	house.n.01	0.975901902	1	7.35
οἶκος	dwelling.n.01	0.866840959	1	5.89
οἶκος	house.n.03	0.550061703	4	6.76
οἶκος	house.n.01	0.930471182	1	8.1
οἶκος	family.n.01	0.766047478	2	3.56
οἶκος	house.n.01	0.990957618	1	6.28
οἶκος	family.n.01	None	2	3.19
οἶκος	family.n.01	0.876341641	2	8.42
οἶκος	family.n.01	0.396975696	2	7.29
οἶκος	dwelling.n.01	0.453600377	1	4.39
οἶκος	house.n.06	0.849411488	3	2.51
οἶκος	house.n.01	0.983192027	1	6.54
οἶκος	house.n.01	0.762070239	1	7.02
οἶκος	home.n.01	0.392813176	5	5.12
οἶκος	family.n.01	0.518766105	2	5.2
οἶκος	house.n.01	0.574924886	1	7.15
οἶκος	family.n.01	0.609679818	2	7.05
οἶκος	house.n.01	0.727885783	1	4.89
οἶκος	family.n.01	0.842005849	2	0.73
οἶκος	house.n.01	0.712263823	1	6.98
οἶκος	house.n.01	0.990342736	1	8.22
οἶκος	house.n.01	0.984807253	1	7.47
οἶκος	dwelling.n.01	0.700733006	1	0.82
οἶκος	house.n.06	0.771734834	3	6.39
οἶκος	family.n.01	0.466024101	2	2.79
οἶκος	house.n.06	0.844058335	3	4.52
οἶκος	house.n.01	0.955196381	1	8.37
οἶκος	house.n.06	0.595618546	3	4.45
οἶκος	family.n.01	0.89153415	2	1.45
οἶκος	family.n.01	0.630244255	2	2.51
οἶκος	family.n.01	0.72618556	2	3.16
οἶκος	family.n.01	0.45538643	2	2.2
οἶκος	family.n.01	0.843390644	2	2.42
οἶκος	building.n.01	0.983112991	9	2.58
οἶκος	house.n.01	0.977755129	1	7.88
οἶκος	house.n.01	0.991732717	1	4.57
οἶκος	home.n.03	0.537413359	5	3.56
οἶκος	dwelling.n.01	0.715928495	1	3.42
οἶκος	house.n.01	0.985174954	1	8.04
οἶκος	property.n.01	0.989735961	6	2.8
οἶκος	house.n.01	0.988304734	1	6.99
οἶκος	house.n.01	0.993691206	1	3.87
οἶκος	family.n.01	0.652968943	2	4.34
οἶκος	house.n.01	0.984743655	1	6.38
οἶκος	home.n.01	0.389393181	5	4
οἶκος	house.n.01	0.929676414	1	4.38
οἶκος	family.n.01	0.76048255	2	1.85
οἶκος	dwelling.n.01	0.540793836	1	3.44
οἶκος	house.n.06	0.773444116	3	4.27
οἶκος	house.n.06	0.773444116	3	2.05
οἶκος	home.n.01	0.576822817	5	3.35
οἶκος	family.n.01	0.742599905	2	1.72
οἶκος	house.n.01	0.946641326	1	8.21
οἶκος	chamber.n.01	0.875576735	8	3.6
οἶκος	chamber.n.01	0.888910353	8	3.14
οἶκος	house.n.01	0.983880937	1	5.97
οἶκος	house.n.01	0.964496076	1	7.05
οἶκος	house.n.01	0.984316826	1	6.03
οἶκος	house.n.01	0.975573599	1	7.92
οἶκος	building.n.01	0.991555393	9	0.77
οἶκος	hall.n.03	0.41277051	8	2.49
οἶκος	building.n.01	0.97691524	9	2.88
οἶκος	house.n.01	0.962270439	1	4.21
οἶκος	dwelling.n.01	None	1	4.72
οἶκος	house.n.01	0.930965602	1	4.94
οἶκος	family.n.01	None	2	2.92
οἶκος	house.n.06	0.51908654	3	7.42
οἶκος	house.n.01	0.888200879	1	6.65
οἶκος	house.n.01	0.92690748	1	4.92
οἶκος	house.n.01	0.95227474	1	3.93
οἶκος	family.n.01	0.539295435	2	5.56
οἶκος	house.n.01	0.989002109	1	5.44
οἶκος	family.n.01	0.511847496	2	4.83
οἶκος	family.n.01	0.481360942	2	6.22
οἶκος	family.n.01	0.519664586	2	6.54
οἶκος	dwelling.n.01	0.851327181	1	4.41
οἶκος	home.n.03	0.28781563	5	2.43
οἶκος	house.n.01	0.476219475	1	5.65
οἶκος	dwelling.n.01	0.779544055	1	2.09
οἶκος	house.n.01	0.993845642	1	4.45
οἶκος	chamber.n.01	0.979137063	8	1.74
οἶκος	room.n.01	0.99755162	8	3.34
οἶκος	chamber.n.01	0.976860642	8	1.94
οἶκος	family.n.01	None	2	3.55
οἶκος	family.n.02	0.643136859	2	2.63
οἶκος	family.n.01	0.486667097	2	1.78
οἶκος	house.n.01	0.927318871	1	7.12
οἶκος	house.n.01	0.969361901	1	7.54
οἶκος	house.n.01	0.982120812	1	7.91
οἶκος	house.n.01	0.988871157	1	4.07
οἶκος	family.n.04	0.515197098	3	0.72
οἶκος	house.n.01	0.883994639	1	7.59
οἶκος	family.n.01	0.68901825	2	3.28
οἶκος	home.n.01	0.883891284	5	5.39
οἶκος	home.n.01	0.72496438	5	3.66
οἶκος	house.n.01	0.986508667	1	7.86
οἶκος	family.n.01	0.476270854	2	2.91
οἶκος	family.n.01	0.542460442	2	0.84
οἶκος	house.n.01	0.989488304	1	6.57
οἶκος	house.n.01	0.984693408	1	6.73
οἶκος	room.n.01	0.99282515	8	3.5
οἶκος	house.n.01	0.971353769	1	5.71
οἶκος	house.n.06	0.368420094	3	2.5
οἶκος	house.n.01	0.971402764	1	6.06
οἶκος	family.n.01	0.621521831	2	2.63
οἶκος	house.n.01	0.933979809	1	7.44
οἶκος	house.n.06	0.722004473	3	7.69
οἶκος	house.n.01	0.593265653	1	7.28
οἶκος	family.n.01	0.591125548	2	6.95
οἶκος	house.n.01	0.985252559	1	2.54
οἶκος	family.n.01	0.475773215	2	2.85
οἶκος	house.n.06	0.619467318	3	2.99
οἶκος	house.n.01	0.989028692	1	6.21
οἶκος	house.n.01	0.987401426	1	5.66
οἶκος	house.n.06	0.475479454	3	6.54
οἶκος	house.n.01	0.995099008	1	7.48
οἶκος	house.n.01	0.968595326	1	4.05
οἶκος	parlor.n.01	0.599583566	8	2.43
οἶκος	house.n.06	0.800681531	3	4.28
οἶκος	house.n.01	0.964525342	1	7.8
οἶκος	chamber.n.01	0.91915828	8	1.36
οἶκος	house.n.06	0.568074524	3	6.13
οἶκος	room.n.01	0.990743816	8	4.05
οἶκος	room.n.01	0.945002019	8	1.36
οἶκος	house.n.01	0.972722828	1	7.68
οἶκος	house.n.06	0.545723081	3	6.95
οἶκος	house.n.06	0.391472101	3	5.89
οἶκος	house.n.01	0.926720798	1	6.98
οἶκος	house.n.01	0.981696248	1	6.81
οἶκος	room.n.01	0.993185282	8	2.5
οἶκος	room.n.01	0.995100319	8	4.34
οἶκος	room.n.01	0.996336341	8	2.79
οἶκος	house.n.01	0.965147913	1	3.51
οἶκος	house.n.01	0.987464428	1	3.24
οἶκος	temple.n.01	0.79973346	11	2.01
οἶκος	house.n.01	0.989820838	1	6.68
οἶκος	house.n.01	0.521074533	1	6.59
οἶκος	temple.n.01	0.6413697	11	2.81
οἶκος	house.n.03	0.377962172	4	2.96
οἶκος	house.n.06	0.620167434	3	4.21
οἶκος	house.n.01	0.986146986	1	4.54
οἶκος	house.n.01	0.977842867	1	7.68
οἶκος	house.n.01	0.983483851	1	7.54
οἶκος	house.n.01	0.987025321	1	3.73
οἶκος	palace.n.04	0.58334434	1	3.04
οἶκος	room.n.01	0.985904157	8	3.17
οἶκος	house.n.06	0.679548621	3	3.74
οἶκος	family.n.01	0.713045478	2	6.57
οἶκος	family.n.01	0.450549304	2	6.9
οἶκος	house.n.01	0.984089732	1	8.27
οἶκος	basement.n.01	0.766844451	8	2.66
οἶκος	basement.n.01	0.859752715	8	3.11
οἶκος	house.n.01	0.370108366	1	3.31
οἶκος	house.n.06	0.593263984	3	7.22
οἶκος	house.n.01	0.96210897	1	7.45
οἶκος	house.n.01	0.942549348	1	6.86
οἶκος	house.n.06	0.774947524	3	3.77
οἶκος	house.n.01	0.957612932	1	6.77
οἶκος	house.n.06	0.698156357	3	7.39
οἶκος	family.n.04	0.46697858	3	2.69
οἶκος	house.n.06	0.633774996	3	7.46
οἶκος	house.n.01	0.977971673	1	4.65
οἶκος	possession.n.02	0.922288835	6	2.2
οἶκος	family.n.01	0.685230136	2	8.27
οἶκος	family.n.01	0.634441376	2	7.54
οἶκος	family.n.01	0.69028765	2	4.39
οἶκος	family.n.01	0.700992346	2	6.65
οἶκος	house.n.01	0.972613096	1	4.38
οἶκος	house.n.01	0.987750888	1	3.45
οἶκος	family.n.01	0.51781261	2	4.15
οἶκος	family.n.01	0.660150766	2	1.93
οἶκος	room.n.01	0.993596792	8	3.25
οἶκος	house.n.01	0.970100462	1	2.7
οἶκος	house.n.06	0.3934834	3	2.59
οἶκος	house.n.01	0.872937381	1	6.96
οἶκος	family.n.01	0.82880497	2	3.43
οἶκος	family.n.02	0.661503911	2	2.61
οἶκος	family.n.01	0.624217093	2	3.15
οἶκος	house.n.01	0.954208493	1	7.17
οἶκος	house.n.01	0.990331054	1	5.64
οἶκος	house.n.01	0.762171328	1	7.12
οἶκος	family.n.01	0.668494642	2	2.93
οἶκος	chamber.n.01	0.920589745	8	1.58
οἶκος	chamber.n.01	0.701376081	8	2.34
οἶκος	house.n.01	0.987432659	1	7.28
οἶκος	house.n.01	0.990536869	1	3.04
οἶκος	family.n.01	0.750923812	2	1.37
οἶκος	house.n.01	0.984751999	1	6.86
οἶκος	palace.n.01	0.854335666	1	1
οἶκος	family.n.01	0.825324237	2	3.1
οἶκος	house.n.01	0.979131579	1	6.74
οἶκος	family.n.01	0.432002634	2	1.65
οἶκος	family.n.01	0.556549072	2	2.61
οἶκος	house.n.01	0.842226744	1	7.85
οἶκος	family.n.01	0.401661068	2	6.86
οἶκος	house.n.01	0.898094535	1	6.3
οἶκος	family.n.01	0.491512358	2	1.99
οἶκος	family.n.01	0.643029332	2	5.59
οἶκος	family.n.04	0.485539079	3	1.4
οἶκος	house.n.01	0.869624794	1	6.42
οἶκος	palace.n.01	0.514184952	1	3.87
οἶκος	family.n.01	0.705546677	2	2.44
οἶκος	dwelling.n.01	0.602149844	1	4.75
οἶκος	family.n.01	0.496014386	2	6.8
οἶκος	family.n.01	0.676897883	2	5.78
οἶκος	family.n.01	0.848988891	2	2.07
οἶκος	house.n.01	0.843994141	1	6.17
οἶκος	house.n.01	0.981270969	1	5.87
οἶκος	house.n.06	0.427798659	3	7.44
οἶκος	house.n.01	0.951917231	1	7.48
οἶκος	family.n.01	0.511867225	2	2.44
οἶκος	house.n.01	0.79555577	1	8.24
οἶκος	house.n.01	0.987421274	1	7.08
οἶκος	house.n.03	0.721170843	4	7.92
οἶκος	house.n.01	0.965529919	1	3.37
οἶκος	house.n.01	0.925588727	1	6.88
οἶκος	room.n.01	0.994238138	8	3.6
οἶκος	house.n.01	0.925049722	1	6.3
οἶκος	room.n.01	0.989631772	8	2.66
οἶκος	furniture.n.01	None	NA	0.62
οἶκος	house.n.01	0.985023379	1	4.1
οἶκος	house.n.01	0.990952611	1	4.8
οἶκος	house.n.01	0.968816698	1	5.91
οἶκος	house.n.01	0.879856288	1	6.88
οἶκος	house.n.01	0.907940567	1	6.3
οἶκος	house.n.01	0.943977714	1	6.33
οἶκος	house.n.01	0.743243814	1	7.96
οἶκος	house.n.01	0.966952741	1	8.21
οἶκος	family.n.01	0.439770311	2	4.29
οἶκος	house.n.01	0.973249972	1	6.3
οἶκος	house.n.01	0.955499828	1	6.18
οἶκος	chamber.n.01	0.704244256	8	4.17
οἶκος	house.n.01	0.986080468	1	5.22
οἶκος	house.n.01	0.971286595	1	6.62
οἶκος	house.n.01	0.933867633	1	7.31
οἶκος	house.n.01	0.991164863	1	5.56
οἶκος	house.n.06	0.752554595	3	6.84
οἶκος	house.n.01	0.977320433	1	5.89
οἶκος	house.n.01	0.914963603	1	8.27
οἶκος	house.n.01	0.791621029	1	5.48
οἶκος	house.n.06	0.630003989	3	7.05
οἶκος	house.n.01	0.933199942	1	8.1
οἶκος	house.n.01	0.933199942	1	5.8
οἶκος	house.n.01	0.874391615	1	3.13
οἶκος	house.n.01	0.94807905	1	6.43
οἶκος	house.n.01	0.946703255	1	6.87
οἶκος	house.n.01	0.865827978	1	8.08
οἶκος	house.n.01	0.963322222	1	7.42
οἶκος	house.n.01	0.970503271	1	8.1
οἶκος	house.n.01	0.989966035	1	8.24
οἶκος	house.n.01	0.980233848	1	7.33
οἶκος	house.n.01	0.994935215	1	7.15
οἶκος	home.n.01	0.542428374	5	3.31
οἶκος	home.n.01	0.726047039	5	3.76
οἶκος	house.n.01	0.988495171	1	5.54
οἶκος	house.n.01	0.936189294	1	5.51
οἶκος	house.n.01	0.936189294	1	7.92
οἶκος	house.n.01	0.752580464	1	7.02
οἶκος	house.n.06	0.815760791	3	6.77
οἶκος	house.n.06	0.888379633	3	6.59
οἶκος	house.n.01	0.967694163	1	7.52
οἶκος	house.n.01	0.959934652	1	6.76
οἶκος	house.n.01	0.889404237	1	7.65
οἶκος	house.n.06	0.804689348	3	5.23
οἶκος	house.n.01	0.914649904	1	7.01
οἶκος	house.n.01	0.984422743	1	6.17
οἶκος	house.n.01	0.893909633	1	8.28
οἶκος	house.n.01	0.994955242	1	4.46
οἶκος	house.n.01	0.996113062	1	7.68
οἶκος	house.n.01	0.933767557	1	7.88
οἶκος	house.n.01	0.994762719	1	7.44
οἶκος	house.n.01	0.97657907	1	6.38
οἶκος	family.n.01	0.470473468	2	3.02
οἶκος	family.n.01	0.408708632	2	5.61
οἶκος	house.n.01	0.422266543	1	5.59
οἶκος	house.n.01	0.940692246	1	6.39
οἶκος	sanctuary.n.01	0.795603454	11	2.87
οἶκος	house.n.01	0.985961735	1	6.13
οἶκος	family.n.01	0.735255599	2	6.39
οἶκος	house.n.01	0.820210338	1	3.31
οἶκος	house.n.01	0.992491543	1	7.68
οἶκος	house.n.01	0.928645313	1	5.37
οἶκος	house.n.01	0.726019859	1	8.07
οἶκος	house.n.01	0.985446692	1	6.85
οἶκος	house.n.01	0.990232229	1	7.34
οἶκος	house.n.01	0.940499246	1	3.95
οἶκος	family.n.01	0.528218687	2	5.92
οἶκος	house.n.01	0.494212687	1	3.94
οἶκος	house.n.01	0.494212687	1	2.28
οἶκος	house.n.01	0.684730053	1	6.9
οἶκος	house.n.12	0.628176272	9	4.31
οἶκος	house.n.06	0.630777359	3	6.55
οἶκος	house.n.01	0.91079849	1	6.26
οἶκος	house.n.01	0.906946361	1	5.3
οἶκος	house.n.01	0.935599208	1	7.68
οἶκος	house.n.03	0.935533166	4	6.95
οἶκος	home.n.01	0.749430954	5	4.59
οἶκος	home.n.01	0.758064508	5	3.81
οἶκος	family.n.01	0.514799654	2	6.57
οἶκος	house.n.01	0.993659317	1	4.59
οἶκος	house.n.03	0.637524664	4	7.54
οἶκος	dwelling.n.01	0.56833154	1	3.72
οἶκος	house.n.01	0.970122874	1	5.69
οἶκος	house.n.01	0.967693985	1	7.58
οἶκος	house.n.01	0.834378242	1	5.81
οἶκος	family.n.01	0.642315507	2	5.84
οἶκος	house.n.01	0.989972234	1	7.75
οἶκος	house.n.01	0.991514206	1	7.45
οἶκος	house.n.01	0.993344903	1	6.27
οἶκος	house.n.01	0.988414049	1	6.07
οἶκος	family.n.01	0.652334034	2	7.88
οἶκος	family.n.01	None	2	3.74
οἶκος	house.n.01	0.977869093	1	7.68
οἶκος	family.n.01	0.839641571	2	6.85
οἶκος	house.n.01	0.991678894	1	4.85
οἶκος	family.n.01	0.464465588	2	5.55
οἶκος	house.n.01	0.993563414	1	5.9
οἶκος	house.n.01	0.942014515	1	7.3
οἶκος	house.n.01	0.98980242	1	8.1
οἶκος	house.n.01	0.759853363	1	7.24
οἶκος	family.n.01	None	2	1.83
οἶκος	home.n.01	0.861643791	5	4.69
οἶκος	home.n.01	0.860163629	5	3.16
οἶκος	house.n.01	0.91016531	1	4.99
οἶκος	house.n.01	0.797193587	1	5.56
οἶκος	family.n.01	0.526710331	2	6.22
οἶκος	family.n.01	0.64003098	2	6.36
οἶκος	family.n.01	0.48229894	2	7.42
οἶκος	house.n.03	0.666929662	4	6.49
οἶκος	family.n.02	0.683278441	2	2.71
οἶκος	house.n.06	0.689786971	3	6.57
οἶκος	family.n.01	0.351152241	2	3.92
οἶκος	house.n.03	0.510680735	4	8.33
οἶκος	house.n.01	0.780687869	1	6.55
οἶκος	family.n.01	0.47150898	2	7.01
οἶκος	house.n.01	0.958462536	1	5.9
οἶκος	house.n.01	0.963782966	1	7.39
οἶκος	family.n.01	0.5048545	2	6.57
οἶκος	family.n.01	0.499923706	2	5.62
οἶκος	family.n.01	0.560050726	2	5.96
οἶκος	house.n.03	0.599402249	4	6.59
οἶκος	house.n.03	0.599402249	4	6.62
οἶκος	house.n.03	0.644136429	4	5.82
οἶκος	house.n.03	0.522821724	4	7.81
οἶκος	family.n.01	0.68593049	2	6.39
οἶκος	house.n.01	0.511711657	1	6.69
οἶκος	house.n.01	0.702776313	1	6.09
οἶκος	dwelling.n.01	None	1	5.31
οἶκος	house.n.01	0.992675602	1	7.29
οἶκος	house.n.01	0.933612049	1	3.94
οἶκος	house.n.01	0.940835595	1	6.44
οἶκος	house.n.01	0.990668952	1	7.07
οἶκος	house.n.01	0.99000299	1	7.86
οἶκος	family.n.01	0.462057531	2	4.59
οἶκος	house.n.01	0.648764491	1	5.32
οἶκος	house.n.01	0.989516675	1	5.59
οἶκος	house.n.01	0.756591797	1	7.19
οἶκος	house.n.01	0.907503664	1	7.07
οἶκος	house.n.01	0.978986681	1	5.3
οἶκος	family.n.01	0.411884904	2	6.72
οἶκος	house.n.01	0.990912914	1	6.89
οἶκος	house.n.01	0.992023945	1	6.86
οἶκος	house.n.01	0.452092946	1	7.44
οἶκος	house.n.01	0.980962336	1	7.04
οἶκος	house.n.01	0.982283652	1	4.08
οἶκος	house.n.01	0.948471129	1	5.9
οἶκος	house.n.01	0.996534467	1	7.35
οἶκος	house.n.01	0.99140352	1	5.32
οἶκος	house.n.01	0.991410434	1	7.45
οἶκος	bedroom.n.01	0.952323556	8	2.69
οἶκος	house.n.01	0.986800194	1	7.03
οἶκος	house.n.01	0.750647366	1	5.77
οἶκος	house.n.01	0.797044098	1	5.79
οἶκος	family.n.01	0.399765015	2	4.91
οἶκος	family.n.01	0.615621746	2	4.64
οἶκος	house.n.01	0.932905495	1	7.68
οἶκος	house.n.01	0.989750922	1	7.91
οἶκος	house.n.01	0.730004072	1	4.24
οἶκος	domicile.n.01	0.743531644	NA	4.84
οἶκος	domicile.n.01	0.505344748	NA	3.61
οἶκος	domicile.n.01	0.704326749	NA	1.97
οἶκος	domicile.n.01	0.717892945	NA	4.15
οἶκος	dwelling.n.01	0.555550218	1	4.53
οἶκος	sign_of_the_zodiac.n.01	0.989154518	7	5.11
οἶκος	house.n.01	0.611763656	1	4.35
οἶκος	sign_of_the_zodiac.n.01	0.990233421	7	4.83
