109052158	day.n.04	0.919
100664477	time.n.02	0.932
100665042	time.n.02	0.952
100665263	time.n.03	0.634
100665933	time.n.03	0.533
100666338	time.n.01	0.819
109055374	time.n.02	0.816
109055656	time.n.02	0.56
109056477	time.n.02	0.693
109056986	clock_time.n.01	0.519
100668854	time.n.02	0.768
100669167	time.n.01	0.783
109058610	time.n.02	0.595
109058820	time.n.02	0.429
100670396	time.n.01	0.626
100670640	time_period.n.01	0.95
100671315	life.n.05	0.615
100671854	time_period.n.01	0.984
100671936	time.n.02	0.847
109060795	time.n.02	0.756
109060911	time.n.02	0.672
100673032	time.n.01	0.403
100673160	time.n.02	0.727
100673201	time.n.01	0.623
117451190	time.n.05	0.586
100674674	time.n.02	0.924
100674701	time.n.02	0.586
100674837	time.n.02	0.719
109063542	time.n.02	0.708
117452290	time.n.02	0.486
100675228	time.n.05	0.739
100675358	time.n.06	0.372
109064123	while.n.01	None
117452799	time.n.02	0.402
100675893	time.n.05	0.884
100677614	year.n.01	0.979
109066233	time.n.02	0.585
117454863	time.n.05	0.731
100679730	time.n.03	0.873
109068741	time.n.01	0.588
117457737	time.n.05	0.899
100680912	time.n.03	0.436
117458132	time.n.01	0.639
100681175	time.n.01	0.865
109069868	time.n.02	0.598
100681663	day.n.02	0.643
100682240	life.n.05	0.373
109071003	time.n.05	0.629
100682533	duration.n.01	0.526
100682563	time.n.05	0.476
100683077	time.n.05	0.507
117460544	eternity.n.01	0.919
100683640	time.n.03	0.788
109072591	time.n.02	0.45
109072605	time.n.02	0.438
100684287	time.n.01	0.639
117461811	time.n.03	0.789
117461927	time.n.01	0.693
117461962	date.n.04	0.345
117462025	time.n.03	0.946
100685300	time.n.05	0.418
117462566	age.n.01	0.618
100686139	life.n.05	0.475
117463495	era.n.01	0.759
117464299	date.n.06	0.553
117464460	historic_period.n.01	0.881
109075966	time.n.02	0.786
100687470	time.n.02	0.879
109076255	time.n.02	0.67
100689273	future.n.01	0.995
100689509	time_interval.n.01	0.94
100690140	time.n.01	0.626
100690817	time.n.01	0.698
100690899	time.n.02	0.707
100690944	time.n.01	0.732
100691021	time.n.01	0.819
109079850	time.n.02	0.801
117468829	era.n.01	0.953
100691735	time.n.02	0.777
100691862	time.n.03	0.652
117469078	time.n.02	0.488
109081249	time.n.02	0.618
117469889	time.n.02	0.49
117470154	date.n.06	0.716
100693132	time.n.02	0.802
117470899	time.n.01	0.626
109082431	time.n.02	0.778
117471083	time_period.n.01	0.954
117471470	date.n.06	0.582
100694511	time.n.05	0.361
117471830	time_period.n.01	0.979
100694705	time.n.05	0.614
117472036	date.n.06	0.512
117472933	time.n.02	0.696
117473005	time.n.02	0.928
117473116	time_period.n.01	0.955
100696348	time.n.02	0.824
100696476	moment.n.02	0.652
100696946	time.n.02	0.579
117474359	time_period.n.01	0.987
100697280	day.n.01	0.592
109085889	time.n.02	0.698
117474681	date.n.06	0.37
117474867	time.n.01	0.551
117475024	time.n.01	0.535
117475049	date.n.06	0.439
117475120	time_period.n.01	0.873
117475142	time.n.01	0.492
109086640	time.n.02	0.74
117475325	time.n.01	0.833
100698112	history.n.01	0.875
117475345	time.n.01	0.807
117475734	time_period.n.01	0.975
117475835	date.n.06	0.679
100698658	time.n.05	0.644
100698916	time.n.02	0.71
109087867	time.n.02	0.911
117476547	time_period.n.01	0.961
117476678	date.n.06	0.432
117476867	time.n.03	0.869
117477189	time.n.02	0.629
109088654	time.n.02	0.462
100700386	blink_of_an_eye.n.01	0.854
100700495	time.n.02	0.463
117477850	year.n.01	0.979
100700698	time.n.01	0.558
109089470	time.n.02	0.734
117478080	time.n.01	0.308
117478179	time_period.n.01	0.991
100701144	year.n.01	0.972
100701381	time.n.02	0.549
100701514	time.n.02	0.872
117478744	time.n.02	0.7
100701850	time.n.05	0.541
109090738	time.n.02	0.76
100703392	life.n.05	0.712
100703806	life.n.03	0.554
117481848	time.n.02	0.454
117483282	time.n.05	0.934
100706586	life.n.06	0.603
100707043	time.n.02	0.935
100707073	time.n.01	0.588
100707145	time.n.01	0.893
117484396	time.n.05	0.707
117485262	time_period.n.01	0.976
100709695	remainder.n.01	0.979
100709951	time.n.03	0.485
117487599	time.n.05	0.754
100711130	time.n.01	0.571
100711966	time.n.05	0.931
100712002	time.n.01	0.313
100712490	time.n.02	0.942
100713312	life.n.06	0.484
100713910	time.n.01	0.766
100713954	year.n.01	0.976
100714371	life.n.03	0.456
117491933	time.n.05	0.682
117491945	time.n.05	0.89
100715041	future.n.01	0.995
100715476	time.n.03	0.625
100715611	time.n.02	0.488
100715843	hour.n.01	0.934
100716373	time.n.03	0.458
100716644	time.n.02	0.764
100716706	time.n.02	0.693
100717039	day.n.06	0.533
100717069	tenure.n.01	0.762
100717593	time.n.03	0.617
100717766	year.n.01	0.982
100717965	day.n.01	0.538
100718036	time.n.01	0.912
100718240	time.n.02	0.746
100719200	day.n.01	0.704
100719470	time.n.02	0.676
100720158	time.n.02	0.69
117497489	time_period.n.01	0.957
100720477	time.n.01	0.423
100720508	time.n.03	0.609
100720614	time.n.02	0.78
100721312	time.n.03	0.348
109110163	time.n.02	0.778
117498955	time.n.02	0.793
100721797	time.n.03	0.317
100721894	year.n.01	0.978
109110935	time_interval.n.01	0.976
109112131	time.n.02	0.427
109112175	time.n.02	0.684
100723703	time.n.02	0.812
100724015	time.n.02	0.54
100724366	time.n.02	0.607
100724822	day.n.06	0.661
100726283	time.n.01	0.546
117503996	time.n.04	0.455
117504029	time.n.01	0.274
100726907	time.n.03	0.576
100727756	time.n.02	0.723
100727791	term.n.02	0.873
100728082	time.n.03	0.589
100728192	time.n.01	0.727
100728320	time.n.03	0.54
100728668	past.n.01	0.948
117506004	time.n.04	0.442
117506580	year.n.01	0.98
100729555	future.n.01	0.996
100729679	time.n.02	0.742
100730737	time.n.05	0.664
100731355	time.n.01	0.656
100731562	time.n.02	0.661
100731968	time.n.03	0.911
100732285	day.n.02	0.514
100732955	day.n.02	0.523
100735817	time.n.03	0.708
100737234	time.n.02	0.923
100737746	life.n.06	0.68
109126905	time.n.03	0.777
100739487	time.n.02	0.921
100739667	time.n.03	0.692
100739885	day.n.02	0.508
100740216	time.n.01	0.557
100742335	time.n.02	0.59
100742752	time.n.01	0.836
100742799	time.n.01	0.705
100742933	time.n.01	0.776
100743830	time.n.03	0.487
100743875	day.n.06	0.777
100745586	life.n.06	0.474
100746468	day.n.05	0.269
100746593	time.n.02	0.459
100747144	time.n.02	0.474
100747272	time.n.02	0.894
117526670	time.n.05	0.502
109138825	time.n.02	0.477
109138960	time_period.n.01	0.99
100750372	time_period.n.01	0.99
100750497	day.n.06	0.661
109139213	time.n.02	0.854
100752117	time.n.02	0.867
100752402	time.n.02	0.917
100753469	time.n.02	0.604
117531120	time.n.05	0.644
117531157	time.n.02	0.909
100755314	time.n.01	0.691
117533079	time.n.04	0.251
100756346	time_interval.n.01	0.984
100757832	time.n.05	0.756
100757991	future.n.01	0.991
100758031	time.n.02	0.68
100758202	being.n.01	0.747
100758830	day.n.01	0.919
100759146	time.n.02	0.801
100759641	time.n.02	0.805
100760350	time.n.02	0.496
100761042	time.n.02	0.922
100761307	time.n.01	0.704
100761689	time.n.02	0.942
100761742	time.n.03	0.774
100761868	day.n.02	0.595
100762310	time.n.01	0.873
117540060	time.n.02	0.464
100764366	time.n.05	0.845
100765991	day.n.01	0.632
100766987	life.n.06	0.574
100768461	time.n.01	0.834
100768745	time.n.01	0.512
117546032	time.n.05	0.867
100768823	time.n.01	0.618
100768882	time.n.03	0.595
100769229	time.n.02	0.673
100769330	time_period.n.01	0.985
100770129	time.n.03	0.923
100770348	time.n.03	0.824
100770508	time.n.03	0.701
100770575	time.n.01	0.631
117548316	time.n.05	0.557
100771549	time.n.02	0.771
100771895	time.n.03	0.693
100771912	year.n.01	0.966
100772229	time.n.01	0.932
117549787	time.n.05	0.544
100772920	time.n.03	0.554
100773211	time.n.03	0.915
100773534	time.n.01	0.837
100773720	time.n.01	0.795
100773821	time.n.05	0.534
100774472	time.n.03	0.868
100774997	time.n.01	0.955
100775308	time.n.03	0.836
100775396	time.n.02	0.898
100775437	time.n.02	0.785
100775739	day.n.06	0.528
100775897	time.n.05	0.525
100775975	time.n.03	0.631
117553310	time_period.n.01	0.976
100776179	time.n.03	0.747
117553791	time_period.n.01	0.886
100776741	time.n.02	0.735
109165464	time.n.05	0.518
100776909	time.n.01	0.53
100777424	time.n.02	0.721
100777567	time.n.01	0.847
109166311	time.n.02	0.792
109166543	time.n.05	0.618
100778021	time.n.03	0.683
100778348	time.n.01	0.804
109167342	time.n.02	0.759
100778842	time.n.02	0.682
117556157	time.n.02	0.898
117556170	time.n.02	0.823
109168189	minute.n.01	0.973
100779583	time.n.01	0.913
100779854	time.n.01	0.86
100779932	time.n.04	0.643
109169393	time.n.05	0.512
109169517	time.n.05	0.918
109169541	time.n.05	0.546
117558777	time.n.05	0.926
100781778	time.n.02	0.735
100781878	time.n.03	0.554
117559114	distance.n.05	0.85
100781920	time.n.02	0.839
100782130	time.n.03	0.892
100782335	time.n.03	0.964
100782493	time.n.03	0.459
117559888	time.n.05	0.928
100783075	time.n.02	0.789
100783375	time_period.n.01	0.965
117560681	duration.n.01	0.63
109172523	time.n.02	0.723
100784097	life.n.05	0.376
100784631	future.n.01	0.987
109173532	discomfort.n.01	0.733
100785700	time.n.02	0.704
100785904	time.n.01	0.703
109174802	day.n.02	0.551
100786649	eternity.n.01	0.822
117563868	time.n.02	0.466
100787238	past.n.01	0.93
117564461	age.n.01	0.454
100787621	being.n.01	0.973
100787788	time.n.01	0.482
117565826	time.n.05	0.822
100790617	time.n.01	0.69
100791543	duration.n.03	0.563
100792129	time.n.02	0.601
100792147	time.n.01	0.44
100792152	time_period.n.01	0.939
100792187	time.n.05	0.739
100792392	delay.n.01	0.81
100792689	time.n.02	0.488
100793260	time.n.05	0.483
117570495	time.n.05	0.581
109182592	time.n.02	0.62
117571520	time.n.02	0.477
100794902	time.n.03	0.376
100795646	calendar_month.n.01	0.906
117574704	time.n.02	0.371
117574730	time.n.05	0.8
117574845	time.n.02	0.77
109187197	time.n.02	0.732
100799129	time.n.04	0.529
117577256	time.n.02	0.523
109188762	time.n.02	0.87
100800527	time.n.02	0.366
117578448	time_period.n.01	0.955
117579401	time.n.05	0.512
109190995	time.n.01	0.773
100802722	time.n.02	0.528
100802774	while.n.01	None
100803072	time.n.04	0.702
109192189	time.n.02	0.641
100804159	time.n.05	0.829
100804241	moment.n.01	0.664
109193164	day.n.06	0.685
100804631	year.n.01	0.99
109194105	time.n.02	0.415
117582788	time_period.n.01	0.975
109194941	time.n.01	0.571
100807155	time.n.04	0.42
117584721	time.n.05	0.71
109196615	term.n.02	0.88
117586122	time_period.n.01	0.937
117586767	time.n.02	0.761
117586996	time.n.05	0.649
100810861	while.n.01	None
117588569	time.n.05	0.932
117589777	time.n.03	0.283
100812888	time.n.05	0.797
100813058	year.n.01	0.96
117590346	time.n.05	0.787
117590607	time.n.05	0.754
100813505	year.n.01	0.936
109202558	time.n.02	0.775
109202753	year.n.01	0.959
109203111	time.n.02	0.799
100814954	moment.n.01	0.917
100815592	time.n.04	0.287
100816007	time.n.05	0.916
117593690	time_period.n.01	0.812
109206502	time.n.05	0.813
100818325	time_interval.n.01	0.85
100818971	day.n.01	0.922
100818984	time.n.02	0.596
117596230	time.n.02	0.402
109209459	day.n.01	0.436
109210088	time.n.02	0.675
109210225	time.n.03	0.902
100822567	time.n.01	0.8
100822974	time.n.04	0.58
100822980	time.n.05	0.755
117600677	chronology.n.01	0.62
100823858	time.n.02	0.459
100825547	year.n.01	0.987
117602996	time.n.05	0.889
117603005	time.n.05	0.958
100826112	hour.n.03	0.868
117603489	time.n.02	0.349
100826912	time_period.n.01	0.904
109217142	time_period.n.01	0.984
100830111	time.n.05	0.6
100831889	time.n.02	0.544
117609985	time.n.01	0.623
100835225	moment.n.01	0.885
100835501	time.n.02	0.85
100836455	year.n.01	0.99
100836962	time.n.02	0.806
100838660	time.n.02	0.639
100838798	circumstance.n.01	0.509
117616969	time.n.05	0.433
100839901	day.n.02	0.631
100840230	time.n.05	0.53
117617875	time.n.05	0.861
100841074	time.n.05	0.778
117618350	time.n.02	0.681
109229960	time.n.02	0.796
100841431	time.n.04	0.608
100841842	time.n.04	0.501
100842071	time.n.02	0.579
100842455	time.n.02	0.464
100842458	season.n.02	0.91
100842972	delay.n.01	0.612
109231940	time_period.n.01	0.558
109231980	amount.n.02	0.703
109232467	time.n.05	0.708
100844896	time.n.02	0.594
117622164	time.n.01	0.748
100845707	year.n.01	0.985
100846087	interim.n.01	None
109234711	time.n.05	0.786
109234742	time.n.05	0.857
109234829	time_period.n.01	0.969
109234928	term.n.02	0.846
109236886	time.n.02	0.649
100848812	time.n.02	0.721
117627306	time.n.02	0.721
100851410	year.n.01	0.985
100851522	time.n.05	0.855
109240631	time.n.01	0.71
100852080	year.n.01	0.966
100854459	time.n.02	0.669
109243610	time.n.03	0.851
117632410	time.n.03	0.673
117632434	time.n.03	0.861
100855309	past.n.01	0.914
117632526	time.n.05	0.682
117632644	time.n.03	0.531
100855785	time.n.05	0.936
100855830	tomorrow.n.02	0.5
100855853	time.n.05	0.833
109244833	time.n.02	0.621
100857167	year.n.01	0.986
100857317	time.n.02	0.72
100857573	time.n.04	0.427
100857761	old_age.n.01	0.844
109246669	time.n.02	0.555
100858198	year.n.01	0.979
109247113	time.n.02	0.475
109247525	time.n.02	0.523
109249000	time.n.02	0.732
100860975	time.n.03	0.508
100861127	time.n.02	0.921
117638936	time.n.05	0.873
100862010	time.n.05	0.98
117639766	time.n.05	0.651
117639785	time.n.02	0.784
117639811	time.n.05	0.851
117639829	time.n.05	0.611
109251522	era.n.01	0.952
100863006	time.n.02	0.815
100863388	time.n.02	0.786
117640782	time.n.05	0.29
100864910	moment.n.01	0.518
100865316	time.n.01	0.279
109254442	time.n.04	0.46
109255124	time.n.04	0.513
109255147	time.n.02	0.422
109256972	time.n.02	0.647
109258091	year.n.01	0.985
109258124	time.n.03	0.888
109258348	time.n.02	0.734
109259713	time_period.n.01	0.969
109259792	time.n.02	0.861
109259925	time_period.n.01	0.983
109259960	time.n.03	0.647
109260065	time.n.02	0.535
109260656	past.n.01	0.879
109261003	time.n.05	0.753
109264518	time.n.01	0.644
109265567	historic_period.n.01	0.898
109265601	historic_period.n.01	0.877
109265732	time.n.02	0.503
100880768	time.n.05	0.738
100880863	time.n.03	0.666
100882509	time.n.03	0.499
100883696	time.n.02	0.843
109273656	time.n.02	0.676
100885091	time.n.02	0.494
100885877	time.n.01	0.746
109274570	time_period.n.01	0.99
109274587	era.n.01	0.965
109274631	time.n.02	0.718
109274927	time.n.05	0.547
100887139	time.n.02	0.402
100888561	time.n.01	0.583
100888832	time.n.02	0.808
109277767	time.n.02	0.782
100889682	time.n.01	0.628
100890088	time.n.03	0.774
100890306	time.n.01	0.62
109279293	time.n.05	0.883
109279536	time.n.02	0.738
100891306	time.n.02	0.392
109280363	time.n.02	0.813
100892087	time.n.01	0.593
100892100	time.n.01	0.593
100892406	time.n.01	0.423
100892744	time.n.02	0.802
100892808	time.n.01	0.646
109283320	time.n.04	0.408
109284983	time.n.01	0.56
109285083	time.n.02	0.822
117674579	time.n.02	0.435
100897450	future.n.01	0.99
109287180	year.n.01	0.869
100898790	date.n.06	0.429
100898804	while.n.01	None
109289632	time.n.01	0.362
100901332	time.n.01	0.71
100901683	while.n.01	None
117678957	time.n.02	0.355
109290628	time.n.01	0.673
100906584	time.n.03	0.59
100906659	time.n.02	0.672
100907028	time.n.05	0.288
100909993	time.n.01	0.696
100911555	year.n.01	0.931
117688918	time.n.01	0.432
109300843	time.n.05	0.953
109301076	time.n.02	0.614
109301137	time.n.01	0.565
100914092	day.n.02	0.504
109303157	time.n.02	0.71
109303289	time.n.02	0.808
109303376	time.n.03	0.804
100915402	historic_period.n.01	0.674
109304443	era.n.01	0.965
109304773	time.n.01	0.757
100917458	time.n.03	0.458
109306362	time.n.02	0.778
109306384	day.n.02	0.659
109306517	time.n.01	0.67
109306723	time.n.01	0.559
109306731	time.n.02	0.836
109306810	time.n.02	0.463
109307276	time_period.n.01	0.953
109307533	time.n.03	0.756
109307879	time.n.02	0.713
109308012	tense.n.01	None
109309375	time.n.05	0.862
109309415	year.n.01	0.934
109309431	time.n.05	0.767
109309478	time.n.05	0.294
109309580	span.n.01	0.966
109309603	time.n.02	0.935
109309948	time.n.02	0.502
100921444	time.n.01	0.759
109310606	time.n.02	0.84
100922192	while.n.01	None
100922239	time.n.03	0.553
100922271	time.n.01	0.722
109310976	day.n.02	0.642
109311050	year.n.01	0.95
109312029	time.n.02	0.783
109312185	time.n.02	0.862
117700881	time.n.02	0.631
109313017	time.n.05	0.953
117702604	time.n.02	0.586
109315447	time_interval.n.01	0.99
100929311	time.n.01	0.626
100929692	term.n.02	0.934
109319312	time.n.05	0.641
109319351	time.n.02	0.783
109319402	time.n.02	0.767
109319634	time.n.02	0.509
100931184	day.n.02	0.627
100931535	time.n.05	0.445
109321268	time.n.01	0.891
100932964	year.n.01	0.978
109321812	time.n.05	0.633
100933209	time.n.02	0.86
100933240	duration.n.03	0.452
117710495	time.n.02	0.734
100933886	age.n.01	0.514
100934068	time.n.02	0.829
100935274	time.n.02	0.386
100935307	time.n.01	0.576
100935781	time_period.n.01	0.947
100936375	time.n.01	0.378
100937285	time.n.02	0.344
100937556	time.n.02	0.804
100937793	time.n.02	0.652
100939243	delay.n.01	0.668
109329149	time.n.01	0.921
109329190	time.n.01	0.877
109329222	time.n.01	0.886
109329254	time.n.05	0.484
100940832	time.n.02	0.934
109330065	time.n.02	0.712
100941894	time.n.02	0.678
117720492	time.n.02	0.379
117720502	time.n.01	0.602
117720670	time.n.02	0.884
100943465	while.n.01	None
109332830	time.n.05	0.68
100945136	age.n.01	0.532
100946036	time.n.02	0.519
109335289	time.n.02	0.856
109335346	time.n.02	0.696
100949173	time.n.01	0.6
100949978	time.n.05	0.611
100950323	while.n.01	None
100950531	time.n.01	0.485
100952101	time.n.05	0.558
117729513	time.n.02	0.765
117731648	time.n.02	0.647
117733740	time.n.02	0.716
100956848	time.n.05	0.396
100957809	hour.n.02	0.522
109348576	time.n.02	0.783
100961484	time.n.02	0.741
117738911	time.n.02	0.916
100961716	time.n.01	0.59
100961803	time.n.02	0.691
100962064	time.n.02	0.844
109351308	time.n.01	0.93
100963002	time.n.03	0.267
100964328	time.n.02	0.774
100965872	year.n.01	0.915
109355159	duration.n.03	0.437
109355901	time.n.02	0.968
109357656	time.n.02	0.726
117746430	time.n.01	0.625
109357958	time.n.01	0.747
109358529	time.n.02	0.65
117747969	time.n.02	0.954
117749693	time.n.02	0.737
117751013	time.n.02	0.447
109363858	time.n.02	0.75
109363879	time.n.01	0.91
100975431	time.n.05	0.49
117753438	time.n.02	0.716
117754930	time.n.02	0.703
117754939	time.n.02	0.795
100978115	day.n.01	0.673
117755539	time.n.01	0.738
109367293	time.n.02	0.536
117758523	time.n.01	0.766
100982231	time.n.02	0.915
109372292	time.n.02	0.935
100983922	time.n.01	0.842
100984634	time.n.02	0.85
117761856	time.n.02	0.884
100984720	time.n.01	0.466
100985078	time.n.03	0.353
100986160	time.n.03	0.479
100986700	day.n.02	0.869
117764517	time.n.01	0.831
109378507	year.n.01	0.978
109378738	time.n.04	0.703
109379044	time.n.02	0.36
100990583	time.n.02	0.777
109379481	patience.n.01	0.878
109379557	time.n.02	0.767
109379679	while.n.01	None
109379768	time.n.02	0.289
109379876	time.n.02	0.826
109379989	time.n.02	0.915
100991912	time.n.05	0.808
109381074	time.n.02	0.601
100992806	time.n.02	0.81
109381443	time.n.02	0.761
109381447	time.n.02	0.784
109381468	time.n.02	0.452
100993559	time.n.02	0.716
109382405	time.n.02	0.369
100994324	time_period.n.01	0.989
100994357	time.n.01	0.732
100995077	day.n.02	0.858
109383738	time.n.05	0.821
109383852	time.n.05	0.66
109383894	time.n.05	0.711
100995631	time.n.01	0.643
109384539	time.n.02	0.717
100996265	time.n.01	0.588
100996302	time.n.04	0.296
100996573	time.n.01	0.646
109385629	time.n.02	0.768
100997025	time.n.02	0.839
109386071	year.n.01	0.851
117774790	time.n.02	0.879
109386186	time.n.02	0.778
109386193	time.n.02	0.822
117774860	time.n.02	0.9
109386352	historic_period.n.01	0.931
109386573	time.n.02	0.743
117775558	time.n.02	0.474
100998545	time.n.05	0.525
109387161	time.n.02	0.755
100998566	time.n.01	0.556
109387889	time.n.04	0.464
109389133	time.n.02	0.781
109389169	order.n.03	0.466
109389388	time.n.05	0.515
101001065	time.n.04	0.801
117778311	time.n.02	0.729
117778325	time_period.n.01	0.952
101001597	time.n.03	0.499
101001660	time.n.01	0.703
109391937	time.n.05	0.949
109393249	time.n.02	0.757
109393715	while.n.01	None
109394088	time.n.02	0.584
109394167	time.n.01	0.519
101005859	time.n.02	0.663
109395628	while.n.01	None
101007345	time.n.02	0.769
109397032	time.n.02	0.712
109397213	time.n.02	0.663
109397972	time.n.02	0.697
109398205	while.n.01	None
101010218	time.n.01	0.661
101010804	time.n.01	0.695
101011000	time.n.02	0.738
109399888	time.n.02	0.733
101012558	time.n.01	0.777
101013519	time.n.01	0.349
101013593	time.n.02	0.8
109402653	time.n.02	0.796
117791976	time.n.02	0.882
101015260	time.n.02	0.376
101015358	time.n.05	0.548
101016179	calendar_month.n.01	0.891
101017830	time.n.01	0.738
101018260	time.n.03	0.545
101018267	time.n.04	0.651
101018917	time.n.01	0.584
117799018	time.n.02	0.903
117799041	time.n.02	0.781
101021927	time.n.02	0.655
101022276	time.n.01	0.861
117799742	time.n.02	0.854
101022916	time.n.01	0.92
117800449	timing.n.01	0.93
109411904	time.n.03	0.493
101023620	time.n.03	0.538
101023863	while.n.01	None
109412510	time.n.02	0.746
101026375	time.n.01	0.707
101026837	time.n.04	0.72
117804306	time_interval.n.01	0.915
117804856	time.n.02	0.867
101027834	time.n.05	0.376
117805819	timing.n.01	0.915
101028620	time.n.02	0.688
101030834	time.n.05	0.51
117808522	meter.n.04	0.341
117808584	time.n.02	0.694
117808635	meter.n.04	0.408
117808647	fourth_dimension.n.01	0.33
117808650	time.n.05	0.485
101033235	time.n.02	0.847
101034160	pause.n.01	0.742
101034497	time.n.01	0.765
101044621	time.n.01	0.801
101044870	time.n.03	0.427
101045079	time.n.02	0.757
101046643	time.n.01	0.733
101046858	time.n.02	0.504
101047424	time.n.02	0.711
101048516	interim.n.01	None
101051956	time.n.01	0.702
101056183	while.n.01	None
101056568	count.n.02	0.924
101058674	interim.n.01	None
101060243	time.n.02	0.483
101061230	time.n.02	0.552
101061239	time.n.04	0.431
101062545	time.n.01	0.643
101063319	time.n.02	0.79
101063762	moment.n.01	0.943
101063945	time.n.05	0.761
101067086	time.n.02	0.47
101067968	time.n.02	0.485
101069526	while.n.01	None
101073335	time.n.02	0.463
101073792	time.n.02	0.765
101074425	time.n.01	0.73
101074746	interim.n.01	None
101075857	while.n.01	None
101076691	time.n.02	0.717
101077239	time.n.01	0.638
101077559	time.n.01	0.779
101079338	time.n.03	0.581
101080987	while.n.01	None
101081873	point.n.06	0.671
101083239	time.n.02	0.71
101083594	time.n.02	0.63
101085376	event.n.01	0.933
101087996	time.n.02	0.76
101088871	time.n.02	0.394
101089456	interim.n.01	None
101090177	time.n.02	0.761
101092832	time.n.02	0.407
101094010	year.n.01	0.981
101094315	time.n.02	0.548
101094368	time.n.02	0.579
101094780	time_period.n.01	0.991
101095648	time_period.n.01	0.992
101095883	future.n.01	0.995
101097034	time_period.n.01	0.98
101098794	time_period.n.01	0.992
101099119	time.n.01	0.413
101100231	time_period.n.01	0.992
101103538	date.n.04	0.596
101104588	time_period.n.01	0.989
101108782	time_period.n.01	0.994
101108934	time.n.02	0.679
101109362	time.n.02	0.68
101109676	time.n.02	0.76
101110283	time_period.n.01	0.979
101112279	time.n.01	0.747
109502874	time.n.02	0.699
109503337	time.n.02	0.946
109503654	time.n.05	0.779
109504715	time.n.03	0.728
109505045	time.n.05	0.569
109505133	time.n.02	0.683
109505157	time.n.02	0.482
109505873	time.n.02	0.686
109505989	time.n.02	0.886
109507077	time.n.02	0.795
109507764	time.n.02	0.749
101119542	future.n.01	0.993
101119580	date.n.01	0.458
101119705	juncture.n.01	0.873
101120043	life.n.05	0.332
109509259	time.n.02	0.733
109509492	time.n.03	0.491
109509808	time.n.01	0.755
109510388	age.n.01	0.396
101122997	delay.n.01	0.797
101124427	time.n.02	0.743
101129906	time.n.01	0.486
101129918	time.n.01	0.499
109529077	time.n.03	0.642
109529113	time_period.n.01	0.961
109529188	time.n.03	0.542
109529618	life.n.05	0.544
109530089	time.n.02	0.748
109531937	time.n.01	0.663
109532624	life.n.05	0.374
109533112	time.n.01	0.615
109533970	year.n.01	0.965
109535037	time.n.01	0.731
109535074	time.n.02	0.727
109535625	time.n.01	0.643
109536171	time.n.03	0.77
109537004	time.n.03	0.556
109537112	time.n.01	0.739
109538208	time.n.05	0.668
101149902	time.n.02	0.819
101152157	time.n.02	0.321
101154693	time.n.02	0.785
101155147	time.n.01	0.665
101157990	time.n.01	0.81
101158367	time.n.02	0.716
117948547	time.n.05	0.309
117951825	time.n.05	0.787
101176289	time.n.02	0.55
117956476	pause.n.01	0.81
117958575	year.n.01	0.966
117960922	time.n.01	0.953
117963847	past.n.01	0.873
117965322	time.n.02	0.543
117969162	day.n.01	0.84
117971286	time.n.02	0.863
117971516	time.n.02	0.715
117973308	time.n.04	0.416
117973310	time.n.04	0.416
101201617	time.n.06	0.348
109591569	time.n.02	0.713
109592315	time.n.02	0.745
117982619	time.n.04	0.316
117983413	time.n.05	0.581
117984610	time.n.05	0.423
117986087	time.n.02	0.843
101208992	time.n.02	0.437
117987691	time.n.02	0.73
117989050	time.n.05	0.829
117989966	time.n.05	0.82
117991700	time.n.05	0.944
117992747	time.n.02	0.71
117994299	time.n.05	0.968
117994698	time.n.01	0.316
117994961	time.n.02	0.823
117995008	time.n.05	0.539
101218451	time.n.01	0.542
117995705	time.n.05	0.946
117996666	time.n.02	0.519
117998505	time.n.05	0.94
117998776	time.n.02	0.844
117998819	time.n.02	0.849
118000484	time.n.02	0.774
118000687	time.n.02	0.517
118002450	time.n.04	0.312
118004830	time.n.05	0.936
118005212	time.n.02	0.825
118008417	time.n.05	0.808
118009078	time.n.05	0.621
101234694	time.n.02	0.537
101234920	blink_of_an_eye.n.01	0.773
118013924	time.n.02	0.761
118015010	time.n.02	0.856
101242265	time.n.02	0.514
101246522	day.n.02	0.511
101249709	date.n.06	0.339
101251123	date.n.01	0.476
101252319	day.n.06	0.668
101253539	time.n.02	0.677
101256359	time.n.04	0.847
101257837	time_period.n.01	0.99
101257963	time_period.n.01	0.984
101259165	time.n.01	0.445
109647798	durance.n.01	None
109647874	time.n.02	0.726
109648077	duration.n.03	0.465
109648359	time.n.05	0.863
101260272	time.n.01	0.641
101261355	time.n.02	0.9
101263044	time.n.01	0.922
109653484	duration.n.01	0.489
109653643	time.n.01	0.64
109653693	time.n.02	0.926
109657985	time.n.01	0.716
109658004	time.n.02	0.451
101269649	past.n.01	0.89
101273374	time.n.05	0.803
101274382	time.n.05	0.779
101275647	time_interval.n.01	0.992
101275669	delay.n.01	0.938
101278468	year.n.01	0.996
101278637	time.n.05	0.806
101279803	time.n.05	0.474
101280510	time_interval.n.01	0.961
101280816	time.n.05	0.779
101282656	time.n.01	0.378
101283663	time.n.02	0.945
101284150	time.n.02	0.947
101285613	time.n.01	0.835
101286001	day.n.02	0.581
101286116	time.n.02	0.424
101286927	time_period.n.01	0.98
101287193	time.n.02	0.719
101289580	term.n.02	0.909
101291016	time.n.02	0.754
109682673	time.n.03	0.83
101295860	time.n.01	0.629
101296359	beginning.n.01	0.572
101296912	time.n.02	0.576
109688139	time.n.03	0.909
101301970	time_period.n.01	0.982
101304994	time.n.03	0.422
101305132	time.n.01	0.765
101305232	time.n.01	0.807
101305793	time.n.01	0.846
109694830	time.n.02	0.871
101306714	time.n.05	0.845
101307239	time.n.01	0.509
101308674	time.n.01	0.632
101309203	time.n.01	0.856
109700044	time.n.02	0.792
101312892	time.n.01	0.679
109703032	year.n.01	0.941
101317833	time.n.02	0.75
101318965	time.n.02	0.841
109709334	time.n.02	0.823
101320976	time.n.04	0.465
101321675	time.n.05	0.721
101322936	time.n.02	0.479
109712242	time.n.03	0.762
109713170	time.n.03	0.686
101325043	time.n.02	0.9
109714991	season.n.02	0.77
109715679	time.n.01	0.684
101327408	time_period.n.01	0.99
101327474	time.n.02	0.703
101327938	time.n.01	0.534
109718015	time.n.03	0.808
101330400	time.n.05	0.47
101331594	time.n.02	0.688
101331627	time.n.02	0.732
109724315	time.n.02	0.911
101336596	time.n.01	0.828
101338762	time.n.02	0.752
101340878	time.n.02	0.772
101341503	time.n.04	0.664
101341631	time.n.03	0.73
101342603	time.n.01	0.591
101342809	time.n.01	0.701
101344069	time.n.04	0.475
109736035	time.n.02	0.732
101347724	time.n.05	0.704
101348452	time.n.01	0.565
101348677	time.n.02	0.795
109737503	time.n.03	0.856
101350117	time.n.01	0.874
101350389	time.n.01	0.597
101354111	time.n.01	0.814
109743502	time.n.03	0.622
101355937	time.n.01	0.739
101357409	time.n.03	0.694
101357605	time.n.02	0.766
101357726	time.n.05	0.666
101358831	time.n.05	0.571
101359468	time.n.02	0.833
109748459	prison_term.n.01	0.425
101363775	time.n.02	0.391
109754092	time.n.02	0.604
101367291	time.n.05	0.433
101367558	historic_period.n.01	0.676
101370661	time.n.02	0.86
109759595	time.n.03	0.918
109760466	time.n.01	0.713
109760502	time.n.05	0.288
101372351	time.n.05	0.774
101372833	season.n.02	0.713
109767425	time.n.04	0.497
109776237	time.n.01	0.328
109776472	chronology.n.01	0.581
109776577	year.n.01	0.969
109776882	time.n.02	0.773
109776936	time_period.n.01	0.904
109781408	time.n.03	0.855
109782471	time.n.01	0.625
109782573	time.n.02	0.758
109782600	time.n.02	0.739
101396910	time.n.02	0.833
118175207	time.n.02	0.742
118175632	time.n.02	0.799
118177007	time.n.02	0.896
109789644	time.n.02	0.671
118179138	time.n.02	0.73
118179225	time.n.02	0.324
101402049	day.n.02	0.949
101402091	day.n.02	0.953
118179811	year.n.01	0.944
118179888	time.n.04	0.514
118180356	time.n.05	0.736
101403614	time.n.05	0.431
101403814	future.n.01	0.988
109792622	distance.n.05	0.665
109792658	time.n.01	0.497
109793703	time.n.02	0.696
109794717	time.n.02	0.916
109795141	time.n.01	0.476
109797120	time_period.n.01	0.959
101408679	time.n.02	0.897
109797292	time.n.02	0.78
101409125	time.n.01	0.684
109799984	time.n.02	0.537
109800338	time.n.02	0.664
109800415	time.n.02	0.76
109800757	time.n.03	0.846
101412754	juncture.n.01	0.77
101414954	time.n.01	0.765
101418682	fall.n.01	None
109808172	season.n.02	0.953
101421811	time.n.05	0.524
101422926	time.n.02	0.927
101423443	eternity.n.01	0.403
109817203	time.n.02	0.832
109818479	time.n.02	0.863
109819752	season.n.02	0.723
101432159	time.n.01	0.842
101436425	time.n.05	0.455
109826547	time.n.02	0.869
109828380	distance.n.05	0.843
109832259	time.n.02	0.785
101444519	time.n.02	0.755
109833269	time.n.05	0.943
101445208	time.n.02	0.879
101446404	time.n.02	0.483
101448388	time.n.05	0.384
101450640	day.n.02	0.737
109839537	time.n.02	0.728
101452094	time.n.02	0.572
101452104	time.n.02	0.572
109840865	time.n.01	0.717
101453947	time.n.02	0.738
109843499	time.n.02	0.458
109844632	time.n.02	0.745
101460767	duration.n.03	0.647
101461793	time.n.02	0.695
101464935	time.n.01	0.787
101473024	time.n.02	0.721
101473705	time.n.03	0.26
101473931	time_interval.n.01	0.988
109865082	life.n.06	0.561
101478080	time.n.01	0.734
101481299	time.n.02	0.772
101482538	past.n.01	0.92
101485136	time.n.02	0.797
109874554	time.n.02	0.604
101489213	past.n.01	0.877
101490458	time.n.02	0.767
109880450	time.n.05	0.448
109880502	time.n.05	0.686
101495855	time.n.02	0.71
101496332	time.n.01	0.887
101496662	time.n.01	0.746
109887504	time.n.02	0.278
101500686	time.n.05	0.583
109889787	time.n.02	0.538
101501860	time.n.01	0.442
101502185	time.n.02	0.795
101504131	time.n.01	0.514
101504665	time_period.n.01	0.964
101507017	time.n.01	0.439
101508450	time.n.02	0.864
101508492	juncture.n.01	0.618
101509808	time.n.02	0.698
101509940	time.n.02	0.731
101510019	time.n.02	0.69
101510055	time.n.02	0.835
101510217	time.n.02	0.469
101510776	time.n.05	0.339
101511999	hour.n.01	0.928
101513069	time.n.02	0.752
109902615	time.n.03	0.652
118291648	time.n.05	0.513
101517486	time.n.01	0.837
101518098	time.n.02	0.324
109907406	time.n.02	0.905
118296156	time.n.01	0.442
118296210	time.n.01	0.743
118296259	time.n.02	0.328
118296623	time.n.01	0.382
118296739	time.n.05	0.896
118297310	time.n.01	0.505
118298916	time_period.n.01	0.982
118300781	time.n.01	0.614
118300921	time.n.01	0.577
118301137	time.n.05	0.609
109912845	time.n.02	0.787
109913288	time.n.01	0.36
109913459	day.n.01	0.639
109914007	time.n.02	0.699
101525849	juncture.n.01	0.892
109915124	time.n.02	0.663
109916536	time.n.02	0.674
118307677	time.n.03	0.26
118308146	time.n.05	0.902
118308241	time.n.01	0.366
118308535	time.n.01	0.467
118309573	time.n.01	0.498
118310673	time.n.02	0.607
101535055	while.n.01	None
101535295	moment.n.01	0.977
118314424	time_period.n.01	0.962
109926725	time.n.02	0.724
101539514	time.n.01	0.558
109928341	time.n.05	0.291
109928639	time.n.03	0.452
118322303	duration.n.03	0.525
118322941	time.n.02	0.7
101546335	time.n.02	0.838
118324210	past.n.01	0.864
118324758	time.n.02	0.704
118325981	time.n.02	0.831
118327131	time.n.01	0.725
101551080	time.n.03	0.392
109940480	time.n.02	0.95
101552380	time.n.02	0.75
118332382	season.n.01	0.664
109944228	age.n.03	0.808
109945909	time.n.02	0.665
118335178	time.n.02	0.738
101558134	time.n.02	0.552
101560005	time.n.03	0.851
101561707	juncture.n.01	0.942
118339358	time.n.02	0.796
118339915	time.n.05	0.857
109951928	season.n.02	0.832
118342876	while.n.01	None
118342984	time.n.02	0.797
118343688	time_period.n.01	0.971
101566922	time.n.02	0.761
118347842	time.n.02	0.931
101571217	year.n.01	0.977
101572175	time.n.02	0.661
118350550	time.n.02	0.401
118351869	time.n.04	0.542
118353986	time_interval.n.01	0.878
101579056	time.n.02	0.675
101579069	time.n.02	0.577
118356708	life.n.05	0.666
101580490	time.n.01	0.927
118358404	time.n.02	0.62
118358581	time.n.05	0.759
118358595	time.n.02	0.499
118363085	time.n.02	0.789
118363809	time.n.02	0.626
109975752	time.n.05	0.782
118364755	year.n.01	0.969
101587689	time.n.02	0.951
101587924	time.n.02	0.937
109978679	time.n.02	0.636
101590326	season.n.02	0.803
101590838	time.n.02	0.437
101590932	time.n.03	0.294
118368789	time.n.02	0.615
109980513	time.n.01	0.864
109980855	time.n.03	0.684
118370552	time.n.03	0.411
101593445	time.n.03	0.726
109982851	time.n.02	0.742
101594468	hour.n.01	0.96
101594776	duration.n.01	0.453
118372590	past.n.01	0.923
118372792	delay.n.01	0.783
118374534	time.n.05	0.873
118374682	time.n.05	0.546
101597694	time.n.01	0.774
101597856	moment.n.02	0.495
101597866	year.n.01	0.971
109986898	time.n.02	0.868
118375584	time.n.02	0.793
118377389	time.n.02	0.463
118377604	time.n.05	0.694
101602813	time.n.02	0.77
109992075	time.n.03	0.895
101604450	time.n.02	0.589
118381928	life.n.06	0.451
109994465	time.n.02	0.47
109994477	time.n.02	0.594
109994596	time.n.02	0.846
109994657	time.n.05	0.757
109996221	time.n.02	0.554
109996241	leisure.n.01	0.838
118385162	time.n.02	0.691
118385183	time.n.02	0.707
118386055	time.n.02	0.718
101609183	time.n.03	0.514
118388726	time.n.02	0.678
118392077	time.n.05	0.91
118392519	day.n.01	0.824
118392548	time.n.02	0.809
118392779	time.n.02	0.834
101615663	time.n.05	0.59
110005178	time.n.02	0.791
118394601	time.n.05	0.424
118395267	time.n.02	0.764
118395350	time.n.05	0.623
101618161	time_period.n.01	0.97
101618578	time.n.03	0.482
101618805	day.n.01	0.521
118398593	time.n.02	0.577
110011071	time.n.02	0.763
118399749	time.n.02	0.55
101623702	time.n.02	0.782
118401034	time.n.02	0.673
118401795	time.n.03	0.471
118402474	past.n.01	0.985
118402868	time.n.02	0.558
101625777	time.n.02	0.466
118403253	time.n.02	0.692
101626322	time.n.02	0.486
118404407	time.n.02	0.62
110015975	time.n.02	0.668
110015992	time.n.02	0.749
118404908	time.n.02	0.697
118404931	prison_term.n.01	0.57
118407244	time.n.02	0.686
118407851	time_interval.n.01	0.931
118408210	time.n.02	0.597
118409233	time.n.05	0.46
101633261	time.n.03	0.7
101634371	time.n.02	0.417
110023188	time.n.02	0.764
118411846	time.n.05	0.941
118412510	time.n.02	0.682
118412846	time.n.05	0.791
101635654	time_interval.n.01	0.99
118414566	time.n.01	0.84
118415173	time.n.02	0.514
118415472	time.n.02	0.735
118415484	time.n.02	0.687
118415560	time.n.02	0.865
118415611	time.n.02	0.675
118415686	time.n.05	0.835
110027596	year.n.01	0.965
101639239	time.n.02	0.595
101639257	time.n.02	0.666
118416676	time.n.05	0.501
118416692	time.n.05	0.596
118416793	time.n.05	0.71
118417418	time.n.05	0.568
110029062	time.n.02	0.858
118417978	time.n.03	0.813
118418746	time.n.05	0.375
118419233	time.n.02	0.468
118420503	time_period.n.01	0.926
118421762	time.n.02	0.693
118421785	time.n.02	0.678
118422961	time.n.03	0.813
118423731	while.n.01	None
101647736	time.n.01	0.647
101648479	time.n.05	0.781
101648540	time.n.01	0.638
101649493	age.n.03	0.823
118426925	time.n.02	0.684
101650013	time.n.02	0.675
101650509	time.n.06	0.408
101651314	time.n.02	0.512
101651487	time.n.05	0.415
101652554	future.n.01	0.978
101652833	time.n.05	0.845
101653112	time.n.01	0.729
110041876	time.n.01	0.765
101653338	time.n.02	0.754
101653548	time.n.05	0.67
118431388	time.n.02	0.287
101654727	time.n.05	0.688
101654828	time.n.03	0.31
118433510	while.n.01	None
110045085	time.n.02	0.458
101656737	time.n.03	0.281
101659058	time.n.02	0.328
101659327	time.n.01	0.319
118437563	time.n.02	0.541
101660499	time.n.04	0.498
118438648	while.n.01	None
118440207	future.n.01	0.985
118440325	time.n.02	0.734
101663172	time.n.01	0.703
101663500	time.n.05	0.902
118441212	time.n.02	0.87
101664223	time.n.02	0.792
118441882	future.n.01	0.989
101664748	time.n.05	0.768
101666259	time.n.02	0.516
101666488	day.n.01	0.738
118444025	time_period.n.01	0.993
118444172	day.n.06	0.571
118445092	time.n.02	0.711
118446101	year.n.01	0.961
118446409	time.n.02	0.784
101669796	time.n.05	0.553
118447067	time.n.02	0.67
118449227	duration.n.03	0.419
101673506	interim.n.01	None
118451109	time.n.05	0.773
118451544	time.n.02	0.682
118452087	time.n.02	0.779
118452551	time.n.01	0.779
118453941	time.n.02	0.333
118454027	day.n.02	0.649
118454551	term.n.02	0.905
118454563	time.n.05	0.304
118455117	day.n.06	0.505
118455261	time.n.05	0.829
118455349	time.n.02	0.261
101679222	time.n.02	0.69
101679399	time.n.02	0.722
101679405	time.n.02	0.722
101680419	time.n.02	0.42
101681508	time.n.02	0.762
101685525	time.n.02	0.902
118464162	stay.n.01	0.788
101686997	while.n.01	None
101687035	time.n.02	0.791
101687522	time.n.02	0.8
118465214	cycle.n.01	0.504
101688505	time.n.05	0.593
118466334	time.n.02	0.763
118466489	time.n.02	0.765
110079932	time.n.02	0.723
101691496	time.n.03	0.828
118468958	time.n.02	0.838
118469410	time.n.02	0.75
118469864	time.n.02	0.807
118470037	course.n.02	0.936
118470328	time_period.n.01	0.985
101693170	time.n.02	0.77
101693551	time.n.02	0.894
101694061	time.n.02	0.683
118471297	time.n.02	0.95
101694264	time.n.02	0.708
101694306	prison_term.n.01	0.717
101694898	delay.n.01	0.931
101695751	time.n.02	0.834
118473358	time.n.02	0.886
118476683	time.n.02	0.605
101700650	time.n.03	0.474
101701070	time.n.05	0.612
101701605	time.n.01	0.46
110090417	time.n.01	0.75
110090656	time.n.01	0.376
101702301	time.n.01	0.53
101702314	time.n.01	0.803
118479640	time.n.02	0.595
118481005	time.n.02	0.47
118481036	time_interval.n.01	0.991
101704116	time.n.02	0.872
101704154	time.n.02	0.764
101704386	time.n.05	0.821
101705704	time.n.02	0.713
101705945	time.n.01	0.731
118483212	time.n.02	0.717
101706066	day.n.02	0.54
118483498	time.n.05	0.719
101706726	time.n.02	0.88
101706913	time.n.02	0.724
118484179	time_period.n.01	0.978
101707259	time.n.01	0.94
101708308	time.n.02	0.848
118485687	time.n.02	0.716
118485788	time.n.02	0.667
118487567	time.n.02	0.705
101710507	time.n.02	0.677
101710663	time.n.02	0.744
118489256	time.n.05	0.615
118489316	time.n.05	0.462
118489673	while.n.01	None
118490640	time.n.02	0.678
118490796	time.n.02	0.695
101714074	time.n.05	0.834
118492672	time.n.02	0.697
101715773	time.n.05	0.56
101715944	time.n.02	0.824
101715952	time.n.02	0.493
101716062	time.n.02	0.741
101716149	time.n.01	0.652
101718046	time.n.02	0.569
101718632	time.n.02	0.948
110107262	time.n.02	0.719
101719452	time.n.03	0.383
101719546	time.n.01	0.907
101719737	time.n.02	0.79
101720111	while.n.01	None
101720239	while.n.01	None
118500448	span.n.01	0.966
110117413	time.n.02	0.656
118506149	life.n.05	0.545
118507608	time.n.05	0.629
118507726	time.n.02	0.702
101732008	time.n.02	0.493
118509404	time.n.02	0.674
118510341	time.n.05	0.946
118510508	time.n.02	0.628
110124787	time.n.02	0.522
110126835	time.n.05	0.49
101742101	time.n.01	0.649
110131224	time.n.02	0.679
101748902	time.n.02	0.793
101748926	time.n.02	0.475
101748959	time.n.05	0.369
101748970	duration.n.03	0.933
110141781	time.n.02	0.722
101754428	time.n.02	0.848
110144515	time.n.02	0.6
101756225	while.n.01	None
101756558	time.n.05	0.3
110149585	time.n.02	0.666
110158778	time.n.02	0.538
101775452	time.n.02	0.864
110164465	time.n.04	0.537
110164481	time.n.02	0.262
110164817	time.n.02	0.525
110166294	time.n.03	0.438
110168729	time.n.01	0.33
110168838	year.n.01	0.987
110169805	time.n.02	0.436
110173761	year.n.01	0.946
110174460	time.n.02	0.643
110174937	time.n.02	0.82
110175576	time.n.02	0.827
110177184	time.n.01	0.45
110177678	time.n.02	0.768
110177718	time.n.02	0.876
110178310	while.n.01	None
110179067	time.n.02	0.472
101792615	age.n.01	0.512
101792694	time.n.02	0.884
101793247	time.n.03	0.794
101793315	time.n.03	0.473
101793338	time_period.n.01	0.76
101793945	time.n.01	0.397
101794068	time.n.02	0.836
101794210	time.n.02	0.484
101794221	time.n.05	0.524
101794240	time.n.05	0.454
101794571	historic_period.n.01	0.874
101794688	time.n.05	0.779
110183679	time.n.02	0.868
110188022	time.n.02	0.67
101801661	time.n.05	0.838
101802072	time.n.02	0.736
101804479	historic_period.n.01	0.434
110193183	time.n.05	0.445
110196378	time.n.02	0.587
101808047	time.n.05	0.567
101812287	time.n.02	0.562
110201040	while.n.01	None
101814192	time.n.05	0.86
101814288	time.n.05	0.949
101814309	time.n.05	0.954
101814444	time.n.02	0.82
101814452	time.n.02	0.879
101814480	time.n.05	0.941
101814525	time.n.05	0.977
101814534	time.n.05	0.951
101814610	time.n.05	0.964
101817080	time.n.01	0.662
101817093	time.n.01	0.314
110207906	time.n.04	0.61
101819573	time.n.05	0.808
101819636	time.n.05	0.959
101819663	time.n.05	0.689
101819676	time.n.05	0.552
101819689	time.n.05	0.92
101819744	time.n.05	0.861
101819985	time.n.02	0.746
101820004	time.n.02	0.734
101820040	time.n.02	0.823
101820678	time.n.05	0.564
101820797	time.n.02	0.74
101820813	time.n.02	0.523
101820817	time.n.02	0.523
101820858	time.n.02	0.818
101821211	time.n.05	0.908
101821371	time.n.05	0.933
101821422	time.n.01	0.752
101821448	time.n.01	0.733
101821633	time.n.02	0.433
101821664	time.n.05	0.397
101821716	time.n.05	0.938
101821796	time.n.05	0.673
101821857	time.n.02	0.79
110216767	time.n.03	0.246
101830329	time.n.01	0.721
110220153	time.n.03	0.52
110221460	time.n.03	0.438
101834211	moment.n.01	0.927
101834674	condition.n.01	0.755
110223715	time.n.02	0.686
110224107	time.n.04	0.368
101835517	time.n.01	0.488
101836960	time.n.02	0.725
101837087	time.n.01	0.512
101837212	time.n.05	0.752
101837252	future.n.01	0.99
110227127	time.n.01	0.507
101841100	time.n.01	0.47
110230633	time.n.02	0.768
110230673	time.n.03	0.61
110231687	time.n.02	0.744
110231693	time.n.02	0.354
101846518	time.n.02	0.906
101846530	time.n.04	0.386
110236872	time.n.03	0.856
110238069	time.n.02	0.78
110239853	time.n.02	0.801
101851835	time.n.02	0.719
101855005	moment.n.02	0.595
110246515	time.n.02	0.767
101858318	future.n.01	0.994
101858366	future.n.01	0.994
101858404	future.n.01	0.991
110248726	time.n.02	0.77
118638158	time.n.02	0.847
110249731	time.n.02	0.566
101861918	time.n.05	0.404
110251086	year.n.01	0.944
110251122	time.n.02	0.867
110251143	year.n.01	0.872
110251181	time.n.02	0.51
110251192	time.n.02	0.691
118639847	time.n.02	0.777
118639858	time.n.02	0.787
101863726	time.n.01	0.78
110253941	time.n.02	0.611
101866025	day.n.02	0.37
101867856	time.n.02	0.709
101869245	time.n.01	0.33
101872643	age.n.03	0.536
101874385	time.n.05	0.568
101875058	time.n.05	0.835
101875463	time.n.02	0.795
101875950	time.n.02	0.881
101876471	time.n.03	0.514
101878201	time.n.05	0.635
118657034	year.n.01	0.869
101886889	leisure.n.01	0.712
101887263	time.n.03	0.577
101888306	time.n.02	0.721
101888433	time.n.01	0.764
101889667	time.n.01	0.757
101889870	time.n.01	0.616
101889897	time.n.04	0.821
101894104	date.n.01	0.555
118671680	time_interval.n.01	0.773
101902189	time.n.02	0.68
101902906	span.n.01	0.947
101903448	time.n.05	0.305
101904214	time.n.04	0.494
118681433	time.n.02	0.65
101905910	time.n.01	0.706
101905987	time.n.01	0.697
118684464	time.n.02	0.743
118688116	time.n.02	0.535
101913042	time.n.02	0.787
101913439	time.n.02	0.784
101913707	time.n.02	0.692
101913741	time.n.02	0.853
101914282	time.n.02	0.718
101929715	time.n.02	0.94
101933745	time.n.02	0.858
101937517	moment.n.01	0.869
101943094	time.n.02	0.535
118721221	time.n.04	0.901
118721828	time.n.03	0.789
118723124	time.n.02	0.702
118724023	future.n.01	0.994
118724667	time.n.02	0.482
118724674	time.n.05	0.648
118724913	time.n.02	0.947
101956409	time.n.02	0.76
101962563	time.n.03	0.622
101962579	time.n.04	0.376
101965432	while.n.01	None
118746589	time.n.03	0.885
118746831	time.n.01	0.886
101970077	time.n.02	0.908
101971882	time.n.02	0.563
101972258	time.n.05	0.727
118749902	time.n.03	0.554
118749991	time.n.05	0.887
118749999	time.n.05	0.932
118750020	time_period.n.01	0.982
118750112	year.n.01	0.972
118752950	time.n.02	0.769
118752960	duration.n.03	0.761
118758280	time.n.02	0.766
118758303	time_period.n.01	0.955
118759015	time.n.02	0.712
101982583	while.n.01	None
118760629	time.n.02	0.488
118760909	time.n.02	0.689
118762171	time.n.05	0.847
118764855	time.n.02	0.76
101992411	time.n.02	0.723
118769898	time.n.02	0.753
118772848	time.n.01	0.569
118774996	time.n.03	0.57
118775036	time.n.03	0.53
101998472	time.n.01	0.351
110388546	time_period.n.01	0.991
110389536	time_period.n.01	0.955
102001080	time.n.03	0.806
110390420	time_period.n.01	0.975
110391369	time.n.02	0.824
118779989	time.n.02	0.664
102004279	time.n.02	0.751
118781639	time.n.02	0.83
102004868	time.n.02	0.747
102004910	time.n.02	0.747
110394076	time.n.02	0.861
102006659	time.n.02	0.613
110395341	time.n.02	0.963
102007106	time.n.02	0.816
110396727	time.n.02	0.802
118785818	time.n.02	0.623
118786134	time.n.02	0.658
102009400	time.n.02	0.682
102009703	time.n.01	0.823
110399437	time.n.03	0.745
118788378	future.n.01	0.993
118790045	time.n.01	0.839
110401492	time.n.02	0.873
118790604	time.n.02	0.754
102015016	time.n.05	0.746
118792915	time.n.02	0.672
102016798	time.n.03	0.451
102016810	time.n.01	0.68
102016824	time_period.n.01	0.982
102016847	time.n.05	0.826
118794200	time.n.01	0.825
118794686	time.n.01	0.423
102019077	time.n.02	0.656
118796612	time.n.02	0.557
118798202	time_period.n.01	0.99
102022340	time.n.02	0.587
102022929	time.n.02	0.856
110412500	time.n.02	0.902
110412981	time.n.02	0.905
110413246	time_period.n.01	0.844
110414303	time_period.n.01	0.979
118803264	time.n.02	0.829
118803865	time_period.n.01	0.977
110415997	time.n.02	0.8
110416055	time_period.n.01	0.989
110417085	time_period.n.01	0.925
118806791	time.n.05	0.942
110418693	time_period.n.01	0.988
110418939	point.n.02	0.517
110418964	time_period.n.01	0.928
110419692	time.n.02	0.846
110419925	time.n.01	0.64
110420245	time.n.01	0.816
118810354	time.n.02	0.802
110421827	moment.n.01	0.968
110421842	time.n.01	0.868
118810461	time.n.03	0.836
110421944	time_interval.n.01	0.93
110421971	time_interval.n.01	0.946
110422239	time.n.02	0.394
110422300	time_period.n.01	0.96
110422374	time_period.n.01	0.944
110422386	time_period.n.01	0.896
110422488	time.n.02	0.669
110422689	time.n.01	0.882
110422726	time.n.01	0.76
118813110	time.n.02	0.773
118813121	time.n.02	0.773
110424672	time.n.02	0.809
118816622	time.n.02	0.563
118818913	time.n.02	0.572
118819775	time.n.01	0.798
102043504	time_period.n.01	0.919
102043848	historic_period.n.01	0.927
102044130	time.n.03	0.347
102044273	era.n.01	0.975
118821569	time.n.02	0.544
102044908	time.n.03	0.486
102046012	juncture.n.01	0.881
102046492	future.n.01	0.994
102047584	time.n.05	0.689
118825074	time_interval.n.01	0.98
118825363	time.n.01	0.636
118825724	time.n.03	0.67
102049333	time.n.02	0.786
118826812	time.n.04	0.635
102050024	time.n.02	0.466
118827706	time.n.01	0.823
118828293	time.n.02	0.396
118829860	time.n.02	0.77
118830786	time.n.05	0.928
118834182	time_interval.n.01	0.981
118836638	historic_period.n.01	0.963
118837046	time_period.n.01	0.981
118839357	time.n.04	0.462
118839416	time.n.02	0.603
118839539	time.n.01	0.753
102063466	time.n.05	0.416
118841961	time.n.05	0.946
102065827	time.n.02	0.942
102065853	time.n.02	0.921
102066474	time.n.01	0.34
118845284	time.n.01	0.54
118845455	time.n.02	0.78
102068738	time.n.05	0.581
118846114	time.n.02	0.797
118846146	time.n.02	0.84
102070474	time.n.05	0.703
118848804	time.n.03	0.882
118850628	time.n.02	0.478
118853728	time.n.03	0.773
118853757	time_period.n.01	0.986
118855979	time.n.03	0.716
102080352	year.n.01	0.99
118858698	time.n.05	0.694
102081899	time.n.01	0.33
118859550	time.n.03	0.876
118860039	time.n.01	0.807
118861741	time.n.01	0.926
118862952	time.n.02	0.648
118863006	time.n.05	0.932
118863732	time.n.03	0.581
118866501	time.n.03	0.728
118866707	manhood.n.01	0.764
118871634	time.n.01	0.528
102094662	time_interval.n.01	0.965
118873084	time.n.03	0.8
118873887	day.n.06	0.534
118875075	time.n.01	0.509
102098675	time_period.n.01	0.958
102099050	time_period.n.01	0.956
118877567	time.n.01	0.516
118877809	year.n.01	0.952
102101137	time.n.02	0.693
118882024	time.n.05	0.866
118883179	ancientness.n.01	0.792
118884146	time.n.05	0.955
102107225	time.n.05	0.901
118884674	time.n.02	0.796
102108040	time.n.01	0.889
102109846	time.n.02	0.716
102111890	time.n.02	0.687
102112196	time.n.05	0.639
102113136	time.n.05	0.732
118892488	time.n.02	0.722
118893827	time.n.02	0.538
102117827	time.n.02	0.812
102119233	time.n.02	0.694
118898858	time.n.03	0.67
118898977	time.n.03	0.569
102125574	time_period.n.01	0.987
102125624	time_period.n.01	0.941
118903129	time.n.03	0.66
102125919	time.n.03	0.607
102125997	time.n.03	0.512
118905227	time_period.n.01	None
102128072	time.n.05	0.756
102128711	time.n.02	0.675
102135858	day.n.01	0.394
102139017	time.n.02	0.553
102139026	time.n.02	0.553
118927480	age.n.01	0.798
102150461	time.n.05	0.477
102150485	time.n.02	0.6
102153088	time.n.02	0.944
102153199	time.n.02	0.864
102153258	time.n.01	0.513
102154005	time.n.01	0.908
102155060	time.n.02	0.797
118932980	time.n.02	0.513
102156778	time.n.05	0.807
102156920	time.n.03	0.452
102157093	time.n.02	0.503
102157314	time_period.n.01	0.95
102157381	age.n.01	0.626
102157472	time_interval.n.01	0.856
102157724	time.n.03	0.864
102158558	time.n.01	0.575
102158946	historic_period.n.01	0.927
118937206	time.n.05	0.48
102161681	time.n.05	0.876
118939312	while.n.01	None
102162123	time.n.05	0.762
102162151	time.n.05	0.959
102162214	time.n.05	0.934
102162268	time.n.05	0.846
102163091	time.n.01	0.845
118940508	time.n.02	0.92
102163621	time.n.05	0.863
118940838	time.n.02	0.717
102163719	time.n.02	0.776
118941367	time.n.04	0.78
102164453	time.n.05	0.743
118942958	time.n.02	0.488
118944342	time.n.01	0.829
118946158	ancientness.n.01	0.448
102178247	time_period.n.01	0.963
102179933	time.n.02	0.56
102181095	time_period.n.01	0.967
102181131	time.n.02	0.421
102181165	time.n.02	0.639
102181627	time.n.05	0.406
102181715	time.n.03	0.514
102183381	time_period.n.01	0.966
102183902	time.n.03	0.45
102183912	historic_period.n.01	0.783
102184023	time.n.02	0.687
102184189	time.n.01	0.544
102184237	time_period.n.01	0.747
102184477	time.n.05	0.496
102186716	historic_period.n.01	0.595
102187076	time.n.02	0.848
102190623	time.n.05	0.53
102202073	future.n.01	0.993
102202366	time.n.05	0.67
102203974	time.n.02	0.803
102203998	time.n.02	0.803
118982238	time.n.03	0.955
102208777	time.n.02	0.611
102208993	time.n.05	0.791
102209023	time.n.05	0.622
102209063	time.n.02	0.458
102209298	time.n.04	0.617
102209331	time.n.01	0.596
102209348	time.n.02	0.345
102209645	time.n.05	0.621
102209676	time.n.05	0.471
102209717	day.n.02	0.637
102209844	time_period.n.01	0.972
102209868	time.n.03	0.803
102210278	day.n.02	0.568
102211010	long_time.n.01	0.443
102211064	time_interval.n.01	0.896
102211126	time_period.n.01	0.988
102211482	era.n.01	0.966
102211698	time.n.05	0.488
102212342	time.n.02	0.766
118990428	time.n.03	0.786
102214159	era.n.01	0.953
102214878	day.n.06	0.608
102216788	time.n.01	0.479
102216922	time.n.02	0.809
102217048	time.n.02	0.394
102217355	time_period.n.01	0.956
102217697	time.n.05	0.799
118995302	time.n.03	0.763
102218523	future.n.01	0.996
118997025	prison_term.n.01	0.409
102220220	year.n.01	0.936
102221031	time.n.02	0.789
102221177	age.n.01	0.403
102222902	time.n.02	0.807
119000967	time.n.02	0.875
119001179	time.n.02	0.635
119001265	while.n.01	None
102224796	time.n.05	0.938
119002749	time.n.04	0.649
119003257	time.n.03	0.469
102227285	time.n.05	0.604
102229493	time.n.02	0.815
102229575	time_period.n.01	0.99
102230317	time.n.01	0.589
119011474	time.n.02	0.839
102234394	time_period.n.01	0.953
119012441	time_period.n.01	0.971
119012449	time.n.02	0.337
119012808	time.n.05	0.37
119013184	time.n.03	0.41
102236509	time.n.02	0.951
102237081	age.n.03	0.744
102239584	time.n.02	0.696
102239822	year.n.01	0.656
102240534	time.n.05	0.532
102240556	time.n.05	0.679
102240581	duration.n.03	0.365
102241527	time_period.n.01	0.982
102242753	time.n.02	0.58
102242887	time_interval.n.01	0.855
119021411	time_interval.n.01	0.969
102244438	time.n.03	0.588
102245074	time.n.02	0.726
102245180	time_period.n.01	0.969
102245749	time_period.n.01	0.971
102245842	time_period.n.01	0.957
102246201	time.n.02	0.88
102247705	time_period.n.01	0.974
102248054	time_period.n.01	0.984
102249369	age.n.03	0.821
102250033	century.n.01	0.992
102250339	date.n.01	0.734
102250609	time.n.02	0.91
102253625	time.n.02	0.851
102254530	time_period.n.01	0.979
119032396	time.n.02	0.872
102255578	time.n.02	0.297
102257894	juncture.n.01	0.768
119036042	day.n.01	0.337
102259029	time.n.02	0.784
102261271	time.n.02	0.965
119038931	time.n.03	0.561
102262736	time.n.01	0.371
119044289	time_period.n.01	0.969
102268327	time.n.02	0.794
102268409	time_period.n.01	0.97
102272910	time.n.02	0.836
102273313	time_period.n.01	0.987
102273370	time.n.02	0.42
102273700	time.n.02	0.784
102273897	time_period.n.01	0.981
102273984	time_interval.n.01	0.993
102275877	day.n.01	0.479
102278269	age.n.03	0.918
102278821	time_period.n.01	0.984
102278895	time_period.n.01	0.988
102280516	time.n.02	0.676
119057992	time.n.03	0.57
102280908	time.n.05	0.766
102281123	interim.n.01	None
102282030	time.n.02	0.447
119062353	year.n.01	0.982
119062826	time.n.02	0.873
119065176	time.n.02	0.743
119065662	time.n.02	0.804
102288695	time.n.02	0.538
102288722	time_period.n.01	0.974
119065967	time.n.02	0.915
102291593	time_period.n.01	0.991
102292022	time_period.n.01	0.979
102292367	time.n.02	0.826
102292424	time.n.02	0.879
102292555	time_period.n.01	0.987
102293914	time.n.04	0.407
119074177	time.n.02	0.849
119074384	time.n.02	0.43
119074499	time.n.02	0.649
102298898	time_period.n.01	0.993
102299125	time.n.05	0.692
102300858	time.n.02	0.699
119078173	time_period.n.01	0.928
102301143	date.n.01	0.418
102301371	time.n.02	0.397
119078668	season.n.02	0.37
102301565	time.n.03	0.776
119079102	time.n.02	0.679
119080266	time.n.01	0.636
102303321	time.n.02	0.916
119080612	time.n.02	0.531
102303792	time.n.02	0.817
102303843	time.n.02	0.514
102303907	year.n.01	0.942
102303947	time.n.02	0.939
119081195	time.n.01	0.631
119081878	time.n.01	0.762
102304675	time.n.02	0.661
102305426	time.n.02	0.754
119082977	time.n.04	0.572
119084010	while.n.01	None
119085165	time.n.05	0.548
119086703	time.n.03	0.49
102309765	time.n.02	0.586
119087104	time.n.02	0.736
102309982	time.n.02	0.328
119088986	time.n.05	0.765
119089499	time.n.05	0.383
102312970	time.n.02	0.763
102313184	time.n.01	0.499
119090533	time.n.05	0.829
102314200	time.n.02	0.502
102314403	time.n.02	0.817
102314471	time.n.05	0.575
102314651	time.n.02	0.743
102316269	time.n.05	0.887
102316736	time.n.02	0.651
102316814	time.n.02	0.716
102317273	day.n.02	0.669
102317515	future.n.01	0.996
102317540	future.n.01	0.994
119097979	time.n.02	0.689
119098083	time.n.02	0.637
102322220	time.n.02	0.65
102322315	time.n.02	0.775
119100432	timing.n.01	0.845
102324018	time.n.05	0.446
102326751	time_period.n.01	0.953
119106677	time.n.05	0.466
102329509	time_interval.n.01	0.98
102329571	time_period.n.01	0.986
102331155	time_period.n.01	0.981
102332460	time.n.03	0.554
102333375	day.n.06	0.815
119110722	time.n.02	0.88
102333568	future.n.01	0.992
119110898	time.n.02	0.904
102334146	future.n.01	0.994
119114365	time.n.05	0.545
119131619	while.n.01	None
119131697	age.n.01	0.953
102360608	time.n.04	0.564
102363528	future.n.01	0.992
102364081	time.n.02	0.919
119141715	time.n.02	0.786
102365194	time.n.02	0.374
102365538	time.n.06	0.445
102366285	delay.n.01	0.902
119143752	time.n.04	0.301
102370047	time.n.02	0.548
102370460	time.n.05	0.53
102372873	time.n.05	0.713
102376133	time.n.04	0.34
102378890	time.n.02	0.448
119161526	time.n.02	0.744
102386166	time.n.02	0.352
102386482	season.n.02	0.764
102386916	time.n.01	0.674
102388462	year.n.01	0.977
102388867	time.n.02	0.62
102389418	time.n.05	0.608
102389847	time.n.02	0.639
102390402	time.n.02	0.799
102392915	time.n.05	0.466
102401116	time.n.02	0.394
102401452	time.n.05	0.865
102404808	time.n.03	0.687
102404956	time.n.05	0.722
102405022	time.n.05	0.492
102405251	time.n.04	0.281
102405344	time.n.02	0.43
102406073	time.n.05	0.666
102406718	time.n.05	0.507
102407234	time.n.05	0.556
102407539	time.n.05	0.697
102407607	time.n.02	0.483
102407789	time.n.04	0.613
102407872	season.n.02	0.66
102410638	time.n.05	0.889
102411511	time.n.05	0.78
102412182	time.n.05	0.931
102413527	time.n.05	0.915
119194576	time.n.02	0.869
102424085	time.n.05	0.526
102427208	time.n.02	0.604
102427268	day.n.06	0.504
102427318	time.n.02	0.406
102427435	time.n.02	0.643
102427465	time.n.05	0.595
102427691	time_interval.n.01	0.988
102428074	time.n.03	0.403
102429778	time.n.02	0.875
102430432	time.n.03	0.506
102430528	time.n.01	0.532
102430842	time.n.03	0.865
102431626	time.n.04	0.682
102432039	time.n.02	0.616
102432545	time.n.03	0.83
102432588	time.n.01	0.811
102432814	time.n.03	0.665
102432827	time.n.01	0.401
102432937	time.n.03	0.565
102433508	perpetuity.n.01	None
102434149	time.n.05	0.77
102434156	time.n.05	0.77
102434896	time.n.02	0.763
102434989	time.n.02	0.859
102435329	time.n.01	0.84
102435352	time.n.02	0.669
102435889	time.n.02	0.652
102439405	interim.n.01	None
102439847	time.n.02	0.681
102441502	time.n.02	0.616
102441683	time.n.01	0.447
102441731	time_period.n.01	0.966
102441844	time.n.01	0.355
102442795	time.n.01	0.458
102443949	moment.n.01	0.905
102444565	time.n.02	0.655
102445051	time.n.02	0.732
102448339	time.n.02	0.801
102448353	time.n.03	0.847
102454191	moment.n.01	0.777
102454213	moment.n.01	0.777
102454418	time.n.02	0.789
102458482	time.n.02	0.504
102458506	time.n.02	0.705
102458554	time.n.02	0.486
102458851	time.n.02	0.68
102459186	moment.n.01	0.952
102459702	time.n.05	0.416
102459728	future.n.01	0.991
102463035	future.n.01	0.989
110851687	beginning.n.01	0.548
110851996	time.n.02	0.412
110852320	time_period.n.01	None
110853057	time.n.02	0.849
102464579	time.n.02	0.465
110853247	time.n.02	0.768
110853337	day.n.01	0.841
110854008	time.n.02	0.669
110854033	time.n.02	0.684
110854253	time.n.02	0.741
110854293	time.n.02	0.557
102466367	time.n.01	0.516
110855099	time.n.05	0.553
102467114	time.n.01	0.562
110856970	time.n.02	0.725
102468845	past.n.01	0.873
102469312	time.n.03	0.895
102469651	time.n.03	0.487
102469751	time.n.02	0.718
102469808	time.n.05	0.534
102469880	time.n.02	0.583
102470205	past.n.01	0.878
110859025	time.n.02	0.755
110859327	time.n.02	0.45
110859376	time.n.02	0.506
110859433	time.n.02	0.43
102472381	year.n.01	0.964
102472535	time.n.03	0.542
102472755	time.n.02	0.703
102473767	past.n.01	0.909
102475130	time.n.02	0.716
102475932	time.n.02	0.712
102478374	time.n.03	0.505
102478672	time.n.03	0.444
102479986	time.n.02	0.662
102480280	time_period.n.01	0.99
102480343	time.n.05	0.821
102480368	time.n.04	0.731
102480691	time_period.n.01	0.991
102480721	time.n.02	0.744
102480828	time.n.03	0.703
102481373	date.n.04	0.382
102483670	time.n.01	0.65
102484538	time_period.n.01	0.992
102484702	time.n.01	0.715
102485836	time.n.05	0.583
102486056	time_period.n.01	0.992
102486330	future.n.01	0.989
102489084	time.n.01	0.806
102489764	time_period.n.01	0.983
102503234	time.n.02	0.757
102503609	time.n.02	0.582
102503693	time.n.02	0.785
102505372	time.n.04	0.425
102505875	time.n.05	0.474
102506779	season.n.02	0.618
102507899	time.n.05	0.344
102509779	season.n.02	0.946
102510425	duration.n.03	0.942
102511433	time_period.n.01	0.971
102514696	time.n.05	0.5
102516393	time.n.02	0.881
102517142	time.n.02	0.916
102518520	time.n.02	0.736
102519112	time_interval.n.01	0.96
102520088	time.n.01	0.627
102520509	time.n.02	0.446
102520708	time.n.02	0.873
102521571	time.n.01	0.741
102521581	time_period.n.01	0.973
102522031	time_interval.n.01	0.995
102522187	time.n.02	0.833
102522481	time.n.01	0.53
102522848	time.n.02	0.423
102523377	season.n.01	0.576
102523426	time.n.02	0.787
102523511	time.n.02	0.878
102523680	season.n.02	0.515
102524183	time.n.03	0.788
102526242	time.n.01	0.92
102526695	time.n.02	0.611
102527318	time_interval.n.01	0.981
102528729	time.n.02	0.723
119333208	time.n.02	0.781
119336085	time_period.n.01	0.923
119337622	time.n.02	0.733
119338338	time.n.02	0.889
119341984	time.n.02	0.663
119344039	time_period.n.01	0.952
119344235	time.n.02	0.735
119349858	time.n.02	0.825
119350661	time.n.02	0.659
119352014	time.n.02	0.616
119352063	time.n.02	0.731
119353205	season.n.01	0.37
119353510	time.n.05	0.588
119354516	time.n.02	0.836
119355420	time_period.n.01	0.974
119355717	time.n.02	0.63
119356424	time.n.02	0.783
119357206	time.n.05	0.445
119357246	time.n.02	0.87
119360626	time.n.02	0.737
119361972	time.n.02	0.716
119362463	time.n.05	0.655
119362906	time.n.02	0.709
119365574	day.n.01	0.867
119368544	time.n.02	0.63
102592180	time.n.02	0.776
119371821	time.n.02	0.708
102594896	time.n.01	0.8
102595944	time.n.02	0.795
102596061	time.n.02	0.802
102596128	time.n.05	0.489
102597058	time.n.02	0.859
119375068	time.n.02	0.852
119377195	time.n.04	0.452
102602702	time.n.02	0.378
102603252	time_interval.n.01	0.936
102603599	time.n.01	0.434
102605154	time.n.02	0.809
102605257	time.n.02	0.691
102606212	time_interval.n.01	0.722
102608221	time.n.02	0.747
102608468	time_period.n.01	0.983
102609564	time.n.02	0.653
119388774	season.n.02	0.755
119388778	time.n.01	0.59
119389399	time.n.02	0.393
102613015	time.n.02	0.806
102613360	time_period.n.01	0.956
102613397	time.n.04	0.531
102613492	time_period.n.01	0.941
119392970	time.n.02	0.799
102616069	time.n.02	0.621
119393450	time.n.02	0.699
111005439	time.n.02	0.764
102617177	time.n.02	0.77
111006485	time.n.01	0.825
102618000	time.n.02	0.855
102618322	time.n.02	0.847
102619920	time.n.02	0.677
102620470	time.n.02	0.867
102622317	time.n.02	0.756
102629958	time.n.02	0.487
102630853	time.n.02	0.824
102633052	time.n.04	0.508
102633396	time.n.02	0.828
102633508	time.n.02	0.873
102634827	time.n.01	0.654
102634847	while.n.01	None
102638673	time.n.02	0.606
102640852	time.n.02	0.592
102642574	time.n.02	0.635
102643535	time.n.02	0.524
102644464	season.n.02	0.631
102645598	day.n.01	0.922
102646943	time.n.02	0.709
102651819	time.n.02	0.649
102652009	time.n.02	0.731
102652122	year.n.01	0.939
102654198	time.n.05	0.319
111153088	time.n.05	0.608
111157647	time.n.01	0.897
111158804	duration.n.03	0.476
111158993	time.n.02	0.824
111159035	time.n.02	0.851
111159064	duration.n.03	0.51
111159111	time.n.02	0.746
111159162	time.n.02	0.633
111165537	time.n.02	0.718
111169029	time.n.02	0.625
111169132	time.n.02	0.745
111169253	time.n.02	0.869
111169257	time.n.02	0.846
111169338	time.n.02	0.922
111169342	time.n.02	0.922
111170149	time.n.02	0.676
102781888	time.n.02	0.886
111174200	time.n.01	0.848
111177071	time.n.02	0.82
111178655	time.n.02	0.808
111180070	time.n.02	0.722
111180568	time.n.01	0.852
111181212	time.n.02	0.744
111181363	time.n.02	0.804
111181530	time.n.02	0.66
111182498	time.n.02	0.563
111182591	time_period.n.01	0.967
111184723	time.n.01	0.576
111185577	time.n.02	0.616
111187037	time.n.02	0.752
111187122	time.n.02	0.872
111187171	time_period.n.01	None
111187409	time.n.02	0.764
111192321	duration.n.03	0.472
111193641	time_period.n.01	0.989
111193765	time.n.01	0.721
111195556	time.n.02	0.621
111196194	time.n.04	0.443
111197630	time_period.n.01	0.979
111197784	time.n.02	0.718
111198210	time.n.05	0.495
111198234	time.n.02	0.773
111200124	time.n.02	0.853
111200727	time.n.03	0.46
111201417	time.n.02	0.755
111204494	time.n.02	0.822
102906378	time_period.n.01	0.904
102906428	time.n.02	0.81
102915809	time.n.05	0.672
102915819	time.n.05	0.517
102915828	time.n.05	0.491
102915831	time.n.02	0.824
102915839	time.n.02	0.756
102925595	time.n.05	0.276
102925605	time.n.02	0.335
102925610	time.n.02	0.498
102962011	time.n.03	0.694
102975956	time.n.02	0.604
102991423	time.n.02	0.542
102993368	year.n.01	0.923
102993713	time.n.02	0.668
102996017	time.n.02	0.736
103000065	time.n.05	0.778
103003703	time.n.01	0.572
103009035	time.n.05	0.721
103015905	time.n.05	0.647
103026950	season.n.01	0.673
103028059	year.n.01	0.979
103028067	time.n.02	0.639
103029736	time.n.04	0.699
103031458	past.n.01	0.894
103031501	day.n.06	0.598
103031571	year.n.01	0.986
103032891	time_period.n.01	0.974
103033949	time.n.04	0.432
103033978	date.n.01	0.735
103034152	time.n.02	0.796
103035097	year.n.01	0.99
103038300	day.n.02	0.49
103040026	history.n.01	0.729
103042589	time.n.01	0.407
103048082	juncture.n.01	0.862
103048907	time.n.03	0.799
103049327	time_interval.n.01	0.946
103050107	day.n.06	0.622
103052023	time.n.04	0.839
103052340	time.n.03	0.389
103052704	juncture.n.01	0.82
103055467	time.n.02	0.952
103055713	juncture.n.01	0.66
103055950	past.n.01	0.978
103058504	date.n.04	0.477
103059134	date.n.06	0.517
103060478	sojourn.n.01	None
103063212	time.n.03	0.668
103063412	time.n.02	0.716
103067443	future.n.01	0.989
103068319	day.n.02	0.633
103071246	time.n.03	0.269
103071645	season.n.02	0.532
103073896	life.n.06	0.482
103074418	day.n.02	0.715
103075204	interval.n.03	0.455
103079971	date.n.06	0.372
103080161	crisis.n.02	0.618
103084530	time.n.03	0.519
103085782	date.n.01	0.448
103085978	date.n.06	0.673
103086710	time.n.02	0.956
103087533	time.n.03	0.586
103088212	past.n.01	0.944
103088991	day.n.02	0.695
103089993	coevals.n.01	0.541
103091756	time.n.03	0.466
103091779	date.n.01	0.425
103093545	time_period.n.01	0.989
103095029	life.n.05	0.303
103098207	day.n.06	0.503
103098214	time.n.03	0.491
103099530	time.n.02	0.596
103099607	time.n.04	0.367
103099711	time.n.05	0.836
103099869	time.n.02	0.897
103100294	day.n.01	0.877
103100509	time.n.02	0.915
103103678	date.n.06	0.49
103103725	time.n.02	0.452
103103947	date.n.06	0.537
103104228	past.n.01	0.972
103105208	time.n.01	0.387
103105278	delay.n.02	0.526
103110926	interim.n.01	None
103111500	time.n.02	0.858
103111761	time.n.02	0.951
103111928	time.n.02	0.933
103112021	time.n.02	0.779
103112081	time_period.n.01	0.98
103112808	time.n.01	0.303
103113037	time.n.02	0.928
103113496	opportunity.n.01	None
103113501	opportunity.n.01	None
103113598	opportunity.n.01	None
103113698	time.n.02	0.893
103113725	opportunity.n.01	None
103113736	opportunity.n.01	None
103117239	time.n.05	0.369
103117532	date.n.06	0.604
103118899	day.n.02	0.736
103119675	moment.n.01	0.938
103120140	day.n.02	0.747
103124976	opportunity.n.01	None
103125032	delay.n.01	0.65
103125272	time.n.03	0.581
103125751	opportunity.n.01	None
103127165	time.n.01	0.738
103127822	time.n.03	0.483
103128212	time_period.n.01	0.965
103128666	time.n.05	0.474
103129002	juncture.n.01	0.858
103129919	day.n.02	0.827
103130884	time.n.02	0.652
103131517	time.n.05	0.62
103133047	future.n.01	0.992
103133235	time.n.02	0.794
103133635	time.n.02	0.587
103135338	history.n.01	0.882
103136734	time.n.02	0.581
103137643	time.n.03	0.652
103137759	historic_period.n.01	0.813
103137949	time_period.n.01	0.945
103150847	life.n.05	None
103152623	day.n.02	0.487
103155956	time.n.02	0.745
103159648	time.n.05	0.848
103163890	time.n.02	0.657
103164438	time.n.05	0.873
103170632	time.n.02	0.458
103171092	time.n.03	0.524
103171735	time.n.02	0.426
103173025	time.n.02	0.679
103173726	time.n.02	0.838
103173794	time.n.04	0.616
103174882	time.n.03	0.454
103176191	time.n.02	0.307
103176666	time.n.03	0.529
103177463	time.n.01	0.986
103177688	time.n.02	0.767
103178821	calendar_month.n.01	0.903
103179500	time.n.02	0.774
103179988	time.n.01	0.802
103182342	time_period.n.01	0.982
103182363	time.n.02	0.641
103184342	date.n.06	0.537
103184437	time.n.01	0.726
103184525	time.n.02	0.679
103184981	time.n.02	0.964
103185151	time.n.02	0.541
103185213	date.n.01	0.732
103185382	date.n.01	0.785
103185496	date.n.01	0.758
103185524	time.n.01	0.71
103185628	time.n.01	0.693
103185701	date.n.01	0.716
103186568	date.n.01	0.365
103186645	date.n.01	0.396
103186741	date.n.01	0.552
103186806	time.n.05	0.655
103187115	date.n.01	0.562
103190352	day.n.01	0.611
103193860	time_period.n.01	0.964
103196912	time.n.02	0.647
103197454	time.n.05	0.867
103198853	date.n.06	0.326
103203740	time.n.02	0.337
103207979	time.n.05	0.877
103208506	delay.n.01	0.828
103208659	time.n.03	0.562
103209504	time_period.n.01	0.984
103214646	time.n.02	0.721
103215420	time.n.02	0.56
103216075	time.n.01	0.601
103216734	time.n.02	0.973
103222019	time.n.03	0.369
103222809	time.n.02	0.74
103222885	time.n.01	0.713
103222984	time.n.02	0.632
103224505	date.n.06	0.482
103228144	time.n.02	0.641
103228483	time.n.02	0.578
103229594	time.n.06	0.375
103229961	time.n.02	0.933
103233267	time.n.01	0.677
103235289	time.n.02	0.84
103238083	time.n.01	0.724
103238857	time.n.02	0.9
103239354	time.n.01	0.758
103239883	time.n.01	0.388
103240665	time.n.02	0.359
103240745	time.n.05	0.484
103241406	time.n.02	0.628
103242761	long_time.n.01	0.478
103242771	time.n.03	0.407
103243522	time.n.01	0.635
103243559	time_period.n.01	0.977
103243813	time.n.02	0.885
103247873	time.n.05	0.787
103248707	time.n.02	0.572
103248803	date.n.06	0.546
103249464	time.n.05	0.869
103251008	time.n.02	0.448
103251083	time.n.02	0.609
103252201	number.n.01	0.655
103252263	time.n.05	0.415
103252771	time.n.03	0.442
103253872	time.n.02	0.629
103254456	time.n.02	0.855
103255548	time.n.02	0.839
103260301	time.n.02	0.802
103261777	while.n.01	None
103261802	time.n.02	0.703
103262516	time.n.02	0.83
103268440	interim.n.01	None
103268899	past.n.01	0.917
103271534	time.n.02	0.782
103277718	date.n.01	0.391
103285845	time.n.02	0.782
103285897	time.n.02	0.758
103286114	time.n.02	0.546
103287389	while.n.01	None
103288379	time.n.02	0.956
103289405	time.n.02	0.831
103290300	year.n.01	0.986
103294114	time.n.01	0.691
103294387	date.n.01	0.375
103294540	time.n.03	0.417
103295737	time.n.01	0.62
103295909	time.n.01	0.393
103296036	date.n.06	0.599
103296054	time.n.01	0.721
103297088	date.n.01	0.524
103297247	time.n.01	0.704
103298185	time.n.01	0.657
103298516	time.n.01	0.652
103298836	time.n.02	0.758
103299858	term.n.02	0.806
103300159	term.n.02	0.947
103300261	term.n.02	0.877
103300510	term.n.02	0.703
103300622	term.n.02	0.694
103300866	clock_time.n.01	0.429
103301005	term.n.02	0.945
103301106	term.n.02	0.927
103301471	term.n.02	0.946
103301727	time_period.n.01	0.99
103301999	term.n.02	0.627
103302108	time_period.n.01	0.985
103302236	term.n.02	0.972
103302256	term.n.02	0.98
103302327	time.n.01	0.506
103302369	time.n.02	0.93
103302409	term.n.02	0.972
103302592	time.n.01	0.549
103303556	time.n.02	0.815
103303610	term.n.02	0.853
103303623	term.n.02	0.853
103303781	time.n.02	0.583
103304079	time_period.n.01	0.99
103304116	time.n.01	0.894
103304126	time_period.n.01	0.992
103304243	term.n.02	0.732
103304337	term.n.02	0.791
103306527	time.n.02	0.688
103307081	life.n.05	None
103308723	time.n.02	0.506
103309010	time.n.03	0.483
103309085	time.n.03	0.424
103309414	time.n.03	0.448
103310750	time.n.02	0.615
103313230	juncture.n.01	0.801
103316239	time.n.02	0.742
103319919	time.n.01	0.914
103322073	time.n.02	0.556
103322930	time_period.n.01	0.988
103323911	time.n.02	0.608
103324265	day.n.02	0.646
103324452	time.n.03	0.326
103324536	past.n.01	0.938
103326741	time.n.02	0.69
103326832	time.n.02	0.703
103327238	time.n.02	0.866
103329103	time.n.01	0.584
103330810	time.n.02	0.753
103331817	time.n.02	0.759
103334386	time_period.n.01	0.982
103335290	time.n.02	0.578
103337963	time.n.01	0.418
103342341	time.n.03	0.573
103342556	time.n.03	0.406
103342774	time.n.05	0.554
103342940	time.n.05	0.724
103344624	time.n.02	0.677
103346607	future.n.01	0.995
103347855	juncture.n.01	0.765
103350276	time.n.05	0.813
103350645	time_period.n.01	0.993
103352342	moment.n.01	0.723
103352431	year.n.01	0.991
103352634	delay.n.01	0.559
103354538	time.n.03	0.609
103355799	juncture.n.01	0.533
103355833	time.n.02	0.928
103356006	time.n.06	0.515
103358760	time.n.02	0.922
103359268	time.n.01	0.763
103359745	time.n.01	0.578
103360288	time.n.02	0.453
103361491	time.n.01	0.811
103361633	time.n.03	0.575
103362325	time.n.05	0.478
103364376	time.n.01	0.389
103364428	time.n.01	0.908
103365012	time.n.05	0.525
103365564	time.n.02	0.649
103367141	time.n.01	0.497
103379719	day.n.02	0.603
103382586	day.n.02	0.639
103382869	day.n.02	0.732
103382993	day.n.02	0.652
103383440	year.n.01	0.986
103384018	time.n.01	0.763
103384563	time.n.02	0.384
103386845	time.n.03	0.313
103386853	today.n.01	0.94
103386888	time.n.05	0.456
103387650	year.n.01	0.956
103388124	day.n.02	0.595
103398297	year.n.01	0.99
103398802	time.n.02	0.913
103399409	date.n.01	0.575
103399545	time.n.03	0.555
103399700	date.n.01	0.819
103401939	time.n.05	0.641
103401952	time.n.05	0.641
103402185	date.n.01	0.504
103402441	date.n.06	0.544
103403460	date.n.01	0.58
103404856	time.n.03	0.496
103405222	year.n.01	0.966
103405528	date.n.06	0.642
103405918	time.n.03	0.708
103408573	time_period.n.01	0.991
103408742	time_period.n.01	0.981
103408792	year.n.01	0.97
103409431	time.n.03	0.538
103410081	time.n.03	0.498
103410302	time.n.03	0.874
103414080	time.n.01	0.793
103414120	time.n.02	0.455
103414150	time_period.n.01	0.829
103414438	time.n.02	0.693
103414493	time.n.02	0.556
103414550	past.n.01	0.912
103414728	time.n.01	0.547
103415162	time.n.02	0.859
103415369	time_period.n.01	0.981
103416243	time.n.01	0.935
103418166	time_period.n.01	0.945
103419676	time.n.04	0.4
103419860	time.n.01	0.452
103419893	date.n.01	0.636
103420124	time.n.02	0.856
103420180	time.n.02	0.669
103422091	time.n.02	0.633
103422650	calendar_month.n.01	0.923
103422918	time.n.02	0.711
103424860	time.n.01	0.769
103427960	time_interval.n.01	0.953
103428036	time.n.02	0.75
103437261	day.n.02	0.608
103438344	time.n.05	0.439
103441482	time_period.n.01	0.986
103441778	future.n.01	0.99
103442545	future.n.01	0.993
103446310	future.n.01	0.997
103449368	career.n.01	0.537
103449456	life.n.06	0.732
103449573	time.n.02	0.368
103456286	future.n.01	0.989
103458028	year.n.01	0.98
103458473	time_period.n.01	0.971
103459118	time.n.05	0.956
103459282	time.n.02	0.96
103460506	hour.n.01	0.617
103460641	time.n.02	0.476
103461674	future.n.01	0.993
103462071	time.n.05	0.624
103463239	time.n.02	0.586
103464518	day.n.02	0.717
103464539	year.n.01	0.97
103464907	juncture.n.01	0.848
103467981	historic_period.n.01	0.427
103469918	day.n.02	0.696
103476300	future.n.01	0.994
103477441	time.n.02	0.695
103478543	time.n.01	0.873
103478808	time.n.01	0.891
103480470	time.n.04	0.59
103480937	time.n.02	0.777
103482837	time.n.02	0.747
103483607	time.n.02	0.816
103483692	time.n.02	0.686
103484847	time.n.02	0.803
103485341	time.n.01	0.815
103504805	time.n.05	0.893
103504814	time_period.n.01	0.978
103504919	time.n.05	0.859
103517559	time.n.04	0.9
103517577	time.n.04	0.971
103541389	duration.n.03	0.484
103541417	duration.n.03	0.559
103560684	time.n.05	0.568
103571984	time.n.02	0.759
103578236	time.n.02	0.647
103582930	time.n.01	0.79
103583017	time.n.01	0.697
103583367	time.n.02	0.788
103585458	time.n.05	0.871
103585550	time.n.05	0.795
103585556	length.n.01	0.677
103585594	time.n.05	0.636
103585628	time.n.05	0.784
103585649	time.n.05	0.566
103585672	time.n.05	0.595
103585686	time.n.05	0.846
103587666	time.n.05	0.939
103589711	time.n.03	0.619
103590537	time.n.02	0.62
103592492	time_period.n.01	0.976
103593043	year.n.01	0.962
103593181	time.n.02	0.844
103595732	time.n.01	0.694
103596431	time.n.01	0.583
103596908	time.n.01	0.819
103597085	time.n.02	0.565
103597785	age.n.03	0.447
103597993	time.n.03	0.34
103598637	time.n.02	0.677
103599161	time.n.02	0.664
103601400	time.n.02	0.675
103604780	time_period.n.01	0.972
103605389	time.n.01	0.891
103614129	time.n.05	0.652
103614167	day.n.06	0.52
103614224	time.n.05	0.656
103615146	time.n.02	0.705
103615164	time.n.02	0.799
103615243	time.n.02	0.836
103615248	time.n.02	0.881
103615400	time.n.02	0.807
103615518	time.n.02	0.875
103615554	time.n.02	0.749
103615568	time.n.02	0.908
103615745	time.n.02	0.758
103615779	time.n.02	0.863
103615796	time.n.02	0.674
103616497	time.n.02	0.938
103616516	time.n.02	0.827
103616543	time.n.02	0.96
103616601	time.n.02	0.586
103616650	time.n.02	0.916
103616671	time.n.02	0.765
103617261	time.n.02	0.646
103617290	time.n.02	0.652
103617308	time.n.02	0.652
103617346	time.n.02	0.956
103617385	time.n.05	0.659
103617393	time.n.02	0.933
103617424	time.n.02	0.464
103617503	time.n.01	0.416
103617520	time.n.02	0.654
103617528	time.n.02	0.584
103617578	time.n.02	0.639
103617612	time.n.02	0.699
103617623	time.n.02	0.94
103617663	time.n.01	0.356
103617675	time.n.02	0.871
103617686	time.n.02	0.824
103617692	time.n.05	0.55
103617708	time.n.05	0.963
103620521	time.n.05	0.973
103620550	meter.n.04	0.869
103620589	time.n.05	0.972
103620604	time.n.05	0.857
103620659	time_period.n.01	0.962
103620686	time.n.05	0.91
103621236	time.n.05	0.519
103621473	eternity.n.01	0.559
103622225	time.n.02	0.744
103622285	time.n.02	0.667
103622475	time.n.01	0.631
103622481	time.n.05	0.829
103622490	time.n.05	0.468
103622500	time.n.05	0.642
103622515	time.n.05	0.609
103622575	time.n.01	0.478
103622613	time.n.04	0.421
103622633	time.n.05	0.781
103623232	time.n.02	0.455
103623303	time.n.01	0.362
103623340	time.n.02	0.84
103623582	time.n.02	0.62
103623653	time.n.02	0.753
103623665	time.n.02	0.447
103623715	time.n.02	0.549
103623743	time.n.05	0.673
103623754	time.n.05	0.698
103623779	time.n.05	0.537
103623899	time.n.01	0.495
103624013	year.n.01	0.96
103624088	past.n.01	0.918
103624185	time.n.05	0.945
103624322	time.n.05	0.927
103624485	time.n.03	0.431
103627594	time.n.05	0.915
103627817	time.n.05	0.94
103627954	time.n.02	0.839
103627971	time.n.05	0.489
103627986	time.n.05	0.489
103628010	time.n.02	0.762
103628050	time.n.02	0.902
103628072	time.n.02	0.483
103628082	time.n.02	0.852
103628096	time.n.01	0.599
103629962	time.n.02	0.903
103636304	time.n.05	0.94
103636999	time.n.02	0.435
103637262	time.n.02	0.83
103637364	time.n.02	0.898
103637395	time.n.02	0.808
103637436	time.n.02	0.923
103638582	time.n.05	0.883
103639668	time.n.02	0.821
103639696	time.n.02	0.677
103649178	time.n.05	0.657
103649388	time.n.05	0.699
103649398	time.n.05	0.897
103649608	time.n.05	0.532
103649615	time.n.05	0.839
103649644	time.n.05	0.894
103649779	time.n.02	0.801
103649808	time.n.02	0.718
103650179	time.n.01	0.769
103650428	time.n.01	0.514
103650432	time.n.01	0.302
103650494	time.n.05	0.697
103652719	time.n.02	0.81
103656156	time.n.02	0.317
103656927	time.n.05	0.919
103656941	time.n.02	0.366
103657291	time.n.05	0.465
103657306	time.n.05	0.892
103657562	time.n.05	0.571
103664614	time.n.01	0.347
103666487	time.n.05	0.756
103671314	time.n.05	0.611
103680213	time.n.02	0.805
103680255	time.n.01	0.718
103685277	time.n.05	0.645
103685554	time.n.02	0.519
103685701	time.n.05	0.439
103685843	time.n.02	0.711
103770294	time.n.02	0.646
103773500	time.n.02	0.686
103774470	time.n.02	0.828
103774502	time.n.02	0.848
120553202	time.n.01	0.543
120553422	time.n.01	0.732
120553744	time.n.01	0.595
103780367	time_period.n.01	0.808
103780408	time.n.05	0.611
103784269	time.n.05	0.496
103784428	time.n.02	0.467
103786358	time_period.n.01	0.836
103789522	season.n.02	0.908
103793668	time.n.01	0.598
103794700	time_period.n.01	0.973
103797317	time.n.02	0.875
120574820	time.n.02	0.93
103799115	time.n.02	0.719
103799167	time.n.05	0.498
103801796	time.n.03	0.669
103803970	time_period.n.01	0.894
103803991	time.n.02	0.36
103806118	time_period.n.01	0.787
103806133	time_period.n.01	0.86
103806150	time.n.01	0.643
103807343	time.n.02	0.785
103808188	time_period.n.01	0.943
103808236	time.n.02	0.512
103808604	time.n.04	0.615
103808728	time.n.02	0.652
103808839	time.n.02	0.657
103808863	time.n.01	0.442
103808890	time_period.n.01	0.842
103808947	phase.n.01	0.618
103809420	time.n.01	0.649
103809629	time.n.04	0.377
103809737	time_period.n.01	0.879
103809789	time.n.02	0.89
103809803	time.n.02	0.873
103809859	time.n.02	0.837
103809874	time.n.02	0.856
103809901	time.n.02	0.884
103809905	time.n.02	0.884
103809946	time.n.02	0.825
103809973	time.n.02	0.529
103809996	time.n.01	0.44
103810855	time.n.01	0.453
103810892	time.n.02	0.8
103810953	time.n.02	0.817
103811051	time.n.05	0.483
103811066	time.n.02	0.787
103818265	time.n.05	0.437
103821557	time.n.05	0.946
103836263	time.n.05	0.71
103836362	time.n.02	0.83
103836632	time.n.05	0.75
103836781	time.n.05	0.967
103836790	time.n.05	0.914
103836909	time.n.05	0.816
103850873	time.n.02	0.841
103865415	time.n.02	0.826
103865467	time.n.02	0.556
120644731	time.n.02	0.779
120646961	time.n.05	0.948
120647042	time.n.05	0.631
120647057	time.n.05	0.906
103877600	time.n.02	0.752
103877916	time.n.02	0.778
120655502	time.n.02	0.616
120655637	time.n.05	0.729
103878936	time_period.n.01	0.919
120656642	time.n.02	0.8
103880016	season.n.02	0.977
120657466	time.n.01	0.554
103880947	time.n.01	0.707
103881044	age.n.01	0.785
103881121	time_period.n.01	0.875
103881277	age.n.03	0.946
103881884	season.n.02	0.767
103882906	time.n.02	0.839
103884265	time.n.05	0.792
103886287	time.n.02	0.878
120664253	time.n.02	0.649
103888271	time.n.01	0.604
103889486	time.n.02	0.662
103890019	time.n.01	0.525
103891369	time_period.n.01	0.94
103891562	time_period.n.01	0.913
103891825	time.n.01	0.787
103891871	time.n.01	0.83
103892213	time.n.01	0.881
103892281	conjuncture.n.01	None
103892413	time_period.n.01	0.963
103892789	time.n.02	0.661
103893117	time.n.01	0.888
103893174	time_period.n.01	0.852
103893375	time.n.01	0.612
103893407	time.n.02	0.675
103893765	time.n.02	0.508
120671168	while.n.01	None
103894807	time_period.n.01	0.899
103894933	season.n.01	0.811
103894971	time_period.n.01	0.974
103895509	time_period.n.01	0.99
103895551	age.n.01	0.896
103895593	time.n.02	0.851
103896710	while.n.01	None
103897353	while.n.01	None
103897364	time_interval.n.01	0.979
103897657	time.n.02	0.856
103897683	time.n.02	0.832
103897989	time_period.n.01	0.924
103897994	day.n.01	0.966
103898005	time_period.n.01	0.901
103898042	time.n.02	0.661
120675279	time.n.02	0.737
103898073	time.n.02	0.334
103898276	while.n.01	None
103898304	time_period.n.01	0.945
103898331	time_period.n.01	0.985
103900701	age.n.03	0.689
103900844	time.n.02	0.723
103900866	time_period.n.01	0.965
103901533	time.n.04	0.334
103901625	age.n.03	0.536
103902407	time_period.n.01	0.96
103902596	time_interval.n.01	0.97
103903041	time_period.n.01	0.85
103903113	time.n.01	0.757
103903432	time_period.n.01	0.993
103903523	time_period.n.01	0.947
103903615	time_period.n.01	0.801
103903765	while.n.01	None
103903841	time.n.01	0.705
103904099	season.n.01	0.623
103904834	time.n.02	0.519
103905270	time.n.03	0.546
103905505	time.n.01	0.809
103905620	time.n.03	0.48
103905646	age.n.03	0.753
103905722	time.n.01	0.789
120684076	time.n.02	0.453
120684158	date.n.06	0.585
103907166	time_period.n.01	0.978
103907433	time_period.n.01	0.982
103908287	time.n.02	0.836
103908373	time.n.02	0.715
103908380	time.n.02	0.715
103908611	age.n.01	0.385
120686835	year.n.01	0.975
120687188	year.n.01	0.983
103910130	time.n.02	0.706
103910263	time.n.02	0.708
103910715	time.n.03	0.577
103911507	while.n.01	None
103914591	time.n.02	0.761
103914836	time.n.02	0.651
120694111	time.n.02	0.628
103917852	time_period.n.01	0.89
103918048	time_period.n.01	0.812
103918125	year.n.01	0.904
103918135	time.n.04	0.538
103918360	time_period.n.01	0.962
103918364	time_interval.n.01	0.798
103918662	time_period.n.01	0.957
103918754	time_period.n.01	0.97
103919110	time_interval.n.01	0.99
103922834	time_period.n.01	0.847
103923404	time_period.n.01	0.98
103931293	time.n.01	0.688
103934968	time.n.01	0.92
103935440	while.n.01	None
103935583	while.n.01	None
103938256	time.n.02	0.841
103941236	time_period.n.01	0.959
103942231	time.n.02	0.816
103942446	time_period.n.01	0.772
103943966	time.n.02	0.709
103943996	time.n.02	0.786
103945619	time.n.01	0.523
103945752	while.n.01	None
103945935	while.n.01	None
103945953	delay.n.01	0.92
120725858	time.n.04	0.325
120726038	time.n.02	0.592
120728253	time.n.05	0.612
120728299	time.n.01	0.449
103951815	while.n.01	None
103954196	time.n.05	0.875
103954217	time.n.05	0.755
103954267	time.n.05	0.892
103954324	time.n.05	0.904
103954761	time.n.05	0.441
103954816	time.n.01	0.306
103956259	time.n.02	0.72
103956266	time.n.01	0.754
103956870	time.n.05	0.866
103956922	time.n.05	0.565
103960080	time.n.05	0.885
103962854	time.n.02	0.801
103967225	time_period.n.01	0.967
120747657	time.n.02	0.412
103970663	time.n.02	0.838
103970697	time.n.02	0.854
120751393	time.n.01	0.528
120761843	time.n.02	0.672
120766907	time.n.03	0.823
120770808	time.n.01	0.425
120775208	time.n.01	0.527
120775536	time.n.01	0.57
120780663	time.n.02	0.502
112393530	time.n.03	0.476
112393534	time.n.02	0.68
112393556	time.n.02	0.88
112393804	time.n.02	0.788
112394393	year.n.01	0.984
112396196	time.n.02	0.777
112397080	time.n.02	0.963
120786562	time.n.04	0.558
112398701	time.n.02	0.733
112398742	year.n.01	0.968
120788943	time.n.02	0.62
104012651	time.n.05	0.651
104012692	time.n.05	0.939
104012818	time.n.05	0.94
104012822	time.n.05	0.94
104012836	time.n.05	0.896
104012935	time.n.05	0.942
104012969	time.n.05	0.886
104013639	time.n.05	0.892
104014573	time.n.05	0.754
104014795	time.n.05	0.373
104014850	time.n.05	0.306
104014861	meter.n.04	0.391
112406041	time.n.02	0.423
112413047	time.n.02	0.8
104029919	time.n.01	0.443
104031337	time.n.05	0.955
112421506	time.n.01	0.671
112421570	time.n.02	0.392
112423718	moment.n.02	0.749
112424049	time.n.03	0.634
112424600	while.n.01	None
104037665	time.n.01	0.8
104037683	time.n.01	0.699
104038232	time.n.01	0.767
104041844	time.n.05	0.958
104042222	time.n.05	0.753
112430915	time.n.03	0.303
104045406	time.n.05	0.924
104045446	time.n.05	0.568
112434344	time.n.02	0.655
112434353	time.n.01	0.364
112434460	time.n.02	0.791
104046105	time.n.02	0.386
104046390	time.n.02	0.721
104046399	time.n.02	0.518
104046406	time.n.02	0.518
104047914	time.n.05	0.946
104047953	time.n.05	0.914
120825545	time.n.02	0.789
120825603	time.n.02	0.749
104051151	time.n.05	0.471
104051155	time_period.n.01	0.981
112440330	time.n.01	0.628
104051896	time.n.05	0.91
112441303	time.n.02	0.81
112442151	time.n.02	0.782
112444204	time.n.05	0.621
112444669	time.n.03	0.606
112446058	time.n.01	0.797
112446434	time.n.01	0.525
104060495	time.n.05	0.829
112449392	time.n.02	0.86
112451030	time.n.02	0.591
112451422	time_period.n.01	0.969
112451569	time.n.02	0.518
112451643	time.n.02	0.715
112451770	time.n.02	0.7
112452729	time.n.02	0.793
112453164	time.n.05	0.476
112453195	time.n.02	0.701
120842174	time.n.02	0.777
112453724	time.n.02	0.731
112453733	time.n.02	0.962
112453787	time.n.01	0.726
112453805	time.n.02	0.806
112454296	time_period.n.01	None
112454324	time.n.02	0.594
120843275	time.n.02	0.486
104067205	time.n.05	0.574
120844815	time.n.02	0.609
120844832	time.n.01	0.914
120844897	time.n.02	0.527
120844955	time.n.02	0.474
120844977	time.n.03	0.607
120845017	time.n.04	0.437
120845446	time.n.02	0.681
120845728	time.n.02	0.529
104069338	time.n.05	0.931
104069409	time.n.05	0.855
104069446	time.n.05	0.915
104069474	time.n.05	0.835
104069645	time.n.05	0.893
104070081	time.n.05	0.765
104071524	fourth_dimension.n.01	0.61
104072174	time.n.02	0.936
120853489	time.n.02	0.742
120855429	year.n.01	0.983
120856413	time.n.02	0.591
104079831	time.n.01	0.818
104079915	time.n.01	0.781
104080236	time.n.01	0.841
104081158	time.n.01	0.856
104084303	time.n.05	0.895
104084330	time.n.05	0.908
104084430	time.n.02	0.711
104085396	time.n.02	0.796
104087787	time.n.05	0.82
104087800	time.n.05	0.544
104087811	time.n.05	0.954
104088236	time.n.02	0.663
104089074	time.n.02	0.692
104090750	distance.n.05	0.736
104092537	time.n.05	0.8
120873880	time.n.02	0.709
104098718	time.n.05	0.87
104102155	time.n.02	0.68
104109516	time.n.05	0.522
104109547	time.n.02	0.453
104109604	time_interval.n.01	0.668
104109607	time_interval.n.01	0.668
104110984	duration.n.01	0.456
104113204	time.n.02	0.84
104113469	time.n.02	0.594
104113976	time.n.02	0.891
104113999	time.n.02	0.904
104115901	time.n.05	0.861
104116120	time_period.n.01	0.953
104116221	time_period.n.01	0.99
104116235	time.n.05	0.554
104116273	time.n.02	0.752
104116331	time.n.05	0.58
104116415	time.n.02	0.823
104116676	season.n.02	0.989
104116776	time.n.02	0.818
104116880	time.n.05	0.554
104117092	time.n.02	0.509
104117237	time.n.02	0.581
104117254	time.n.05	0.953
104117293	time.n.05	0.766
104117363	time.n.05	0.844
104118661	moment.n.02	0.631
104118853	time_period.n.01	0.967
104123970	time_period.n.01	0.981
104126153	date.n.05	0.647
104132598	time_interval.n.01	0.985
104139870	time.n.02	0.589
104142509	time.n.05	0.517
104146040	time.n.02	0.77
104146128	time.n.01	0.837
104146431	time.n.06	0.567
104148072	time.n.02	0.599
104149283	time.n.02	0.626
104149619	time.n.02	0.791
104149780	time.n.02	0.81
104150943	time.n.01	0.879
104151003	time.n.03	0.535
104151717	time.n.02	0.793
104154953	time.n.02	0.813
104155365	age.n.03	0.979
104158516	time.n.02	0.817
104160902	time_period.n.01	0.755
104162628	time.n.05	0.514
104163946	time.n.02	0.667
104165276	year.n.01	0.948
104165848	date.n.04	0.427
104166023	time_period.n.01	0.987
104166285	date.n.01	0.621
104166299	time_interval.n.01	0.973
104166546	time_period.n.01	0.984
104166969	time.n.02	0.471
120944639	day.n.06	0.615
104168010	time.n.02	0.361
120945326	age.n.01	0.842
120945568	age.n.01	0.758
104168440	date.n.07	0.424
104170849	time.n.05	0.896
104186623	time.n.02	0.814
104186879	time.n.02	0.833
104186889	time_period.n.01	0.971
120965854	time.n.05	0.879
120965892	time.n.02	0.69
104189768	time.n.02	0.749
120967671	time.n.05	0.697
120967672	time.n.05	0.686
120967881	duration.n.03	0.88
104190835	time_period.n.01	0.987
120969486	time.n.04	0.67
120970972	time.n.02	0.465
104195858	time.n.02	0.848
104196677	day.n.01	0.95
120977245	time.n.05	0.908
120979695	age.n.01	0.789
104206234	time.n.02	0.859
104206637	time.n.02	0.862
104208790	time.n.05	0.586
120990026	time.n.02	0.803
104220906	time.n.05	0.872
104222701	time.n.05	0.724
104223326	time.n.05	0.943
104225310	time.n.05	0.955
104225488	time.n.05	0.882
104225602	time.n.05	0.849
104226509	time.n.05	0.896
104226514	time.n.05	0.637
104226587	time.n.05	0.916
104226617	time.n.05	0.744
104226950	time.n.05	0.95
104232921	time.n.02	0.807
104233008	time.n.02	0.89
104233024	time.n.02	0.754
104233201	time.n.02	0.899
104233229	time.n.02	0.66
104233266	time.n.05	0.403
104233339	time.n.02	0.868
104233356	time.n.02	0.432
104233390	time.n.05	0.618
104233392	time.n.05	0.623
104233416	time.n.02	0.566
104233420	time.n.02	0.712
104233425	time.n.02	0.712
104234983	time.n.05	0.434
104235023	time.n.05	0.763
104235061	time.n.05	0.905
104235113	time.n.05	0.917
104235131	time.n.05	0.624
104235266	time.n.02	0.358
104235277	time.n.05	0.938
104235345	time.n.05	0.92
104235420	time.n.01	0.64
104235428	time.n.01	0.467
104235442	time.n.05	0.931
104235448	time.n.05	0.928
104235481	time.n.05	0.85
104235515	time.n.05	0.959
104235542	time.n.05	0.803
104235562	time.n.05	0.729
104235565	time.n.05	0.777
104235622	time.n.02	0.437
104235675	time.n.05	0.872
104235689	time.n.05	0.597
104235697	time.n.05	0.943
104235727	time.n.05	0.516
104235737	time.n.05	0.93
104235750	time.n.05	0.934
104235763	time.n.05	0.829
104235778	time.n.05	0.9
104235806	time.n.02	0.513
104235813	time.n.02	0.497
104235834	time.n.05	0.899
104235886	time.n.02	0.39
104235896	time.n.02	0.607
104235946	time.n.05	0.952
104235991	time.n.05	0.889
104236009	time.n.05	0.532
104236066	time.n.05	0.812
104236073	time.n.05	0.738
104236112	time.n.02	0.544
104236130	time.n.05	0.829
104236136	time.n.05	0.311
104236150	time.n.05	0.832
104236175	time.n.05	0.549
104236235	time.n.05	0.977
104236241	time.n.05	0.977
104236264	time.n.05	0.842
104236333	time.n.05	0.768
104236420	time.n.05	0.925
104236551	time.n.05	0.969
104236743	time.n.05	0.891
104236797	time.n.05	0.909
104236871	time.n.05	0.486
104236941	time.n.05	0.741
104237050	time.n.05	0.539
104237119	time.n.05	0.76
104237134	clock_time.n.01	0.337
104237142	time.n.02	0.39
104237152	meter.n.04	0.264
104237164	time.n.02	0.301
104237171	time.n.02	0.435
104237218	time.n.05	0.206
104237234	fourth_dimension.n.01	0.257
104237254	time.n.05	0.631
104237283	time.n.05	0.389
104237341	time.n.05	0.869
104237384	time.n.05	0.954
104237389	time.n.05	0.927
104237414	time.n.05	0.955
104237433	time.n.05	0.96
104237443	time.n.05	0.929
104237448	time.n.05	0.957
104237462	time.n.05	0.962
104237502	time.n.05	0.809
104237515	time.n.05	0.894
104237536	time.n.05	0.882
104237548	time.n.05	0.876
104237557	time.n.05	0.957
104237580	time.n.05	0.942
104237586	time.n.05	0.962
104237656	time.n.05	0.952
104237659	time.n.05	0.93
104237682	time.n.05	0.904
104237687	time.n.05	0.563
104237691	time.n.05	0.906
104237699	time.n.05	0.906
104237703	time.n.05	0.899
104237728	time.n.05	0.882
104237737	time.n.05	0.814
104237744	time.n.05	0.747
104237750	time.n.05	0.725
104237771	time.n.05	0.825
104237798	time.n.05	0.781
104237804	time.n.05	0.897
104237814	time.n.05	0.912
104237826	time.n.05	0.957
104237831	time.n.05	0.957
104237837	time.n.05	0.666
104237852	time.n.05	0.866
104237874	time.n.05	0.778
104237938	time.n.05	0.817
104237941	time.n.05	0.742
104237946	time.n.05	0.413
104237981	time.n.05	0.384
104238007	time.n.05	0.723
104238013	time.n.05	0.84
104238018	time.n.05	0.84
104238022	time.n.05	0.806
104238039	time.n.05	0.8
104238065	time.n.05	0.855
104238110	time.n.05	0.908
104238115	time.n.05	0.714
104238141	time.n.05	0.947
104238220	time.n.05	0.872
104238275	time.n.05	0.949
104238283	time.n.05	0.911
104238365	time.n.05	0.935
104238410	time.n.05	0.698
104238448	time.n.05	0.881
104238460	time.n.02	0.384
104238490	time.n.02	0.505
104238503	time.n.01	0.384
104238511	time.n.01	0.706
104238543	time.n.05	0.974
104238557	time.n.01	0.748
104238577	time.n.05	0.897
104238613	time.n.05	0.922
104238672	time.n.05	0.956
104238682	time.n.02	0.431
104238691	time.n.05	0.785
104238741	time.n.05	0.589
104238758	time.n.02	0.532
104238772	time.n.05	0.726
104238861	time.n.05	0.796
104238871	time.n.05	0.918
104238877	time.n.05	0.896
104238889	time.n.05	0.971
104238932	time.n.05	0.661
104239031	time.n.05	0.928
104239039	time.n.05	0.94
104239064	time.n.05	0.767
104239107	time.n.05	0.947
104239124	time.n.05	0.928
104239135	time.n.05	0.976
104239148	time.n.05	0.953
104239185	time.n.05	0.831
104239205	time.n.05	0.978
104239255	time.n.05	0.904
104239268	time.n.05	0.871
104239303	meter.n.04	0.699
104239313	time.n.05	0.915
104239362	time.n.01	0.715
104239369	time.n.01	0.773
104239379	time.n.01	0.435
104239421	time.n.02	0.752
104239442	meter.n.04	0.342
104239473	time.n.02	0.409
104239520	time.n.02	0.689
104239521	time.n.02	0.415
104239533	time.n.05	0.588
104239538	time.n.05	0.607
104239549	time.n.05	0.757
104239558	time.n.02	0.562
104239605	time.n.05	0.87
104239620	time.n.05	0.722
104239661	time.n.05	0.913
104239679	time.n.05	0.374
104239715	time.n.05	0.852
104239916	time.n.05	0.881
104240098	time.n.05	0.827
104241887	time.n.02	0.848
104242883	time.n.02	0.49
104242912	time.n.02	0.498
104242942	time.n.02	0.494
104243017	time.n.01	0.779
104243352	time.n.05	0.441
104243384	time.n.05	0.474
104243440	time.n.02	0.408
104243455	time.n.02	0.505
104245741	time.n.05	0.528
104245762	time.n.05	0.761
104245868	time.n.05	0.806
104246238	time.n.05	0.631
104246266	time.n.02	0.515
104246271	time.n.02	0.826
104246318	time.n.02	0.958
104246360	time.n.02	0.829
104246392	time.n.02	0.909
104246438	time.n.02	0.762
104246471	time.n.02	0.589
104246496	time.n.02	0.904
104246518	time.n.02	0.922
104246534	time.n.02	0.845
104246557	meter.n.04	0.649
104246667	time.n.02	0.929
104246678	time.n.05	0.879
104246682	time.n.02	0.595
104246699	time.n.02	0.575
104246713	time.n.05	0.968
104246736	time.n.05	0.952
104246746	time.n.02	0.901
104246778	time.n.02	0.901
104246818	time.n.02	0.915
104246838	time.n.02	0.778
104246854	time.n.02	0.623
104246876	meter.n.04	0.857
104246906	time.n.02	0.389
104246930	time.n.05	0.725
104246952	time.n.05	0.392
104246970	time.n.05	0.856
104246983	time.n.02	0.838
104247029	time.n.05	0.889
104247078	time.n.02	0.718
104247088	time.n.05	0.804
104247116	time.n.05	0.682
104247128	time.n.05	0.932
104247166	time.n.02	0.729
104247180	time.n.05	0.722
104247197	time.n.05	0.801
104247207	time.n.05	0.475
104247218	time.n.02	0.655
104247269	time.n.02	0.89
104247282	time.n.02	0.799
104247303	time.n.02	0.511
104247336	time.n.02	0.875
104247356	time.n.02	0.335
104247388	time.n.02	0.917
104247431	time.n.02	0.755
104247446	time.n.02	0.915
104247475	time.n.02	0.907
104247510	time.n.02	0.335
104247522	time.n.02	0.613
104247546	time.n.02	0.405
104247598	time.n.05	0.941
104247667	time.n.01	0.381
104247697	time.n.05	0.785
104247715	time.n.05	0.697
104247724	time.n.05	0.818
104247767	time.n.05	0.758
104247826	meter.n.04	0.453
104247875	time.n.05	0.957
104248076	time.n.05	0.561
104248120	time.n.05	0.443
104248265	time.n.02	0.594
104248569	time.n.05	0.586
104248576	time.n.05	0.822
104248578	time.n.05	0.617
104248597	time.n.05	0.751
104248608	time.n.02	0.875
104248623	time.n.02	0.749
104248665	time.n.02	0.766
104248687	time.n.02	0.795
104248717	meter.n.04	0.765
104249492	time.n.02	0.54
104249639	time.n.01	0.53
104249705	time.n.02	0.575
104249753	time.n.05	0.284
104249764	meter.n.04	0.467
104249926	time.n.05	0.808
104249932	time.n.02	0.686
104249956	time.n.02	0.531
104250010	meter.n.04	0.755
104250017	time.n.05	0.679
104250102	meter.n.04	0.483
104250129	time.n.02	0.94
104250154	time.n.05	0.583
104250164	time.n.05	0.658
104250184	time_period.n.01	0.982
104250222	time.n.05	0.522
104250233	time.n.05	0.881
104250241	time.n.05	0.825
104250325	time.n.02	0.442
104250393	time_period.n.01	None
104250405	time.n.02	0.576
104250408	time.n.05	0.487
104250532	time.n.02	0.605
104250722	time.n.05	0.791
104250744	time.n.02	0.652
104250757	time.n.02	0.842
104250805	time.n.02	0.948
104250831	time.n.02	0.799
104250845	time.n.02	0.728
104250880	time.n.02	0.445
104250967	time.n.02	0.546
104250995	time.n.02	0.692
104251072	time.n.02	0.944
104251110	time.n.05	0.539
104251135	time.n.02	0.726
104251192	time.n.05	0.467
104251214	time.n.02	0.699
104251264	time.n.02	0.632
104251289	time.n.02	0.881
104251450	time.n.05	0.342
104251479	time.n.02	0.607
104251491	time.n.02	0.607
104251566	time.n.02	0.689
104251574	time.n.02	0.773
104251586	time.n.02	0.764
104251599	time.n.02	0.513
104251612	time.n.05	0.454
104251627	time.n.05	0.407
104251783	time.n.05	0.62
104251796	time.n.05	0.841
104251895	time.n.02	0.497
104251933	time.n.02	0.506
104251935	time.n.05	0.557
104251961	time.n.02	0.682
104251972	time.n.02	0.591
104252001	time.n.02	0.617
104252053	time.n.01	0.594
104252057	time.n.02	0.488
104252095	time.n.02	0.861
104252105	time.n.02	0.666
104252149	time.n.05	0.527
104252208	time.n.05	0.849
104252440	time.n.05	0.885
104252491	time.n.02	0.765
104252521	time.n.02	0.839
104252853	time.n.02	0.861
104252879	time.n.02	0.729
104253120	time.n.01	0.463
104253136	time.n.02	0.424
104253208	time.n.01	0.366
104253219	time.n.02	0.787
104253245	time.n.05	0.75
104253284	time.n.05	0.865
104253318	time.n.05	0.755
104253424	time.n.02	0.509
104253435	time.n.05	0.656
104253441	time.n.02	0.741
104253465	time.n.02	0.244
104253468	time.n.02	0.244
104253483	time_period.n.01	0.961
104253514	time.n.05	0.592
104253517	time.n.05	0.592
121031060	year.n.01	0.994
104254333	time.n.02	0.699
104254455	time.n.02	0.791
104254480	time.n.02	0.483
104254563	time.n.02	0.764
104254611	time.n.02	0.766
104256971	time.n.02	0.959
104256997	time.n.02	0.887
104257559	time.n.02	0.902
104257603	time.n.02	0.955
104257634	time.n.05	0.593
104257858	time.n.02	0.706
104257889	time.n.02	0.923
104258102	time.n.02	0.867
104258258	time.n.02	0.809
104258269	time.n.02	0.919
104258312	time.n.02	0.949
104258332	time.n.02	0.922
104258367	time.n.02	0.928
104258388	time.n.02	0.902
104258434	time.n.02	0.936
104258611	time.n.02	0.79
104258671	time.n.02	0.94
104258908	time.n.02	0.555
104258950	time_period.n.01	0.967
104259426	time.n.05	0.982
104259431	time.n.05	0.903
104259440	fourth_dimension.n.01	0.49
104259449	time.n.05	0.93
104259488	time.n.05	0.772
104259560	time.n.05	0.966
104259573	time.n.05	0.886
104259595	time.n.05	0.886
104259601	time.n.05	0.953
104259612	time.n.05	0.935
104259774	time.n.05	0.675
104259827	time.n.02	0.732
104260038	time.n.02	0.81
104260140	time.n.01	0.589
104261160	time.n.02	0.496
104261170	blink_of_an_eye.n.01	0.758
104266562	time.n.05	0.936
104267189	time_period.n.01	None
104267378	time.n.02	0.721
104267552	time_period.n.01	None
104267881	time.n.05	0.56
104268173	time.n.05	0.511
104268177	time.n.05	0.464
104268433	time.n.02	0.665
104268445	time.n.05	0.78
104268509	time.n.02	0.923
104268518	time.n.02	0.941
104268524	time.n.02	0.68
104268689	time.n.05	0.762
104268753	time.n.05	0.889
104268828	time.n.01	0.55
104268843	time.n.01	0.511
104268874	time.n.02	0.669
104268996	time.n.05	0.508
104268999	time.n.05	0.834
104269019	time.n.01	0.389
104269051	time.n.02	0.382
104269071	time.n.02	0.494
104269107	time.n.02	0.703
104269113	time.n.02	0.755
104269500	time.n.02	0.612
104269520	meter.n.04	0.678
104269527	time.n.05	0.425
104270074	time.n.05	0.951
104270637	time.n.05	0.904
104270703	time.n.05	0.741
104270721	time.n.05	0.33
104270753	time.n.05	0.908
104270790	time.n.05	0.451
104270811	time.n.02	0.789
104270855	time.n.05	0.714
104270886	time.n.02	0.859
104270928	time.n.04	0.314
104270942	time.n.02	0.877
104270972	time.n.02	0.796
104270992	time.n.02	0.81
104271053	time.n.02	0.613
104271060	time.n.02	0.613
104271074	time.n.02	0.794
104271102	time.n.02	0.696
104271132	time.n.02	0.868
104271148	time.n.02	0.92
104271874	time.n.02	0.714
104271889	time.n.02	0.455
104287312	time.n.05	0.773
104293224	time.n.05	0.813
104293264	time.n.05	0.756
104293300	time.n.05	0.938
104294842	time.n.05	0.446
104294866	time.n.01	0.396
104294892	time.n.05	0.678
104294998	time_period.n.01	0.967
104297162	time_period.n.01	0.99
104305171	time_period.n.01	0.956
104307369	time.n.05	0.483
104310246	time_period.n.01	0.942
104310595	time_period.n.01	0.977
121087826	time.n.02	0.774
104311874	time.n.02	0.612
104312461	time_period.n.01	0.983
104312809	time_period.n.01	0.992
104313904	time.n.02	0.73
104314609	time.n.02	0.733
104315972	date.n.06	0.362
104316710	time.n.02	0.714
104316727	time.n.02	0.733
104319017	time.n.03	0.842
104323762	time_period.n.01	0.956
104324333	time_period.n.01	0.982
104325287	time.n.02	0.659
104325371	time_period.n.01	0.961
104325458	time.n.03	0.806
104325532	time.n.03	0.927
104329008	time.n.03	0.922
104331584	time.n.05	0.76
104336574	year.n.01	0.934
104336913	time.n.02	0.79
104336989	time.n.01	0.79
104340430	time.n.03	0.86
104341930	day.n.06	0.763
104343916	time.n.02	0.757
104344066	time_period.n.01	0.992
104347300	time.n.03	0.599
104347808	time.n.02	0.804
104350135	time.n.05	0.95
104353245	time.n.02	0.753
104353482	time.n.02	0.807
104354233	time.n.02	0.803
121136932	season.n.02	0.989
104360914	old_age.n.01	0.707
104361260	time.n.01	0.934
104362060	time.n.03	0.926
121141966	time.n.01	0.757
104364943	season.n.02	0.904
104365444	span.n.01	0.973
104365623	time.n.01	0.464
104365779	time_period.n.01	0.902
104365830	time.n.01	0.435
104365883	time.n.04	0.459
104366201	time.n.02	0.715
104366261	age.n.03	0.712
104366328	circumstance.n.01	0.774
121147620	time.n.02	0.681
121147855	time.n.02	0.685
104371860	time.n.02	0.628
121149591	day.n.02	0.56
121152121	time.n.05	0.922
121152575	chronology.n.01	0.471
121154810	time.n.02	0.703
121156094	time_period.n.01	0.969
121156200	time.n.05	0.604
121156474	era.n.01	0.664
121157887	time_period.n.01	0.955
121157917	time.n.02	0.834
121158043	day.n.06	0.733
121158052	time.n.03	0.78
121158119	date.n.06	0.432
121159163	time.n.03	0.728
121159243	year.n.01	0.954
121159277	time.n.05	0.749
121159334	time.n.05	0.839
121159355	time_period.n.01	0.979
121159368	time.n.03	0.644
121159580	date.n.06	0.574
121159736	time.n.02	0.79
121159761	time.n.02	0.569
121159772	time.n.05	0.882
121159893	time_period.n.01	0.965
121160235	era.n.01	0.901
121160316	time_period.n.01	0.909
121185362	time.n.02	0.491
121190439	time.n.02	0.692
121192888	origin.n.03	0.555
121195231	term.n.02	0.579
121195366	time_period.n.01	0.759
121195397	day.n.01	0.945
121195446	year.n.01	0.826
121195704	year.n.01	0.965
121195764	year.n.01	0.938
121196097	year.n.01	0.959
121196107	clock_time.n.01	0.611
121196147	time.n.01	0.493
121196539	time.n.02	0.649
121197647	life.n.05	None
121198509	time.n.02	0.617
121199404	time.n.02	0.526
121199411	time.n.02	0.526
121203122	time.n.01	0.947
121203397	time.n.02	0.756
121204608	year.n.01	0.983
121204826	year.n.01	0.912
121207286	time_period.n.01	0.796
121207312	duration.n.03	0.753
121207360	time_period.n.01	0.901
121207746	time.n.01	0.453
121207762	time.n.01	0.616
121207982	time.n.02	0.46
121208713	time_period.n.01	0.508
121209481	year.n.01	0.88
121211219	year.n.01	0.945
121212139	span.n.01	0.927
121221175	time.n.02	0.493
121222186	duration.n.03	0.819
121223600	clock_time.n.01	0.747
121224464	time.n.01	0.549
121224472	time.n.01	0.354
121224726	year.n.01	0.653
121224782	duration.n.03	0.71
121226476	time.n.01	0.297
121227494	duration.n.03	0.889
121227747	duration.n.03	0.916
121227831	time.n.02	0.508
121228492	time_period.n.01	0.872
121228724	time.n.01	0.538
121229292	being.n.01	0.966
121229706	time.n.04	0.554
121229901	calendar_month.n.01	0.9
121230020	year.n.01	0.642
121230060	remainder.n.01	0.99
121230176	time_period.n.01	0.932
121230993	circumstance.n.01	0.731
121231692	year.n.01	0.886
121232801	time.n.02	0.567
121233205	subject.n.01	0.649
121233407	time.n.02	0.876
121233789	time.n.02	0.625
104457167	time.n.02	0.895
104457202	time.n.02	0.87
104457230	time.n.02	0.861
104457239	time.n.02	0.704
121235311	time_period.n.01	0.885
121236874	year.n.01	0.953
121236971	time_period.n.01	0.863
121237024	year.n.01	0.755
104460133	time.n.02	0.847
104460159	time.n.02	0.765
104460230	time.n.02	0.873
121237482	time.n.03	0.937
104460315	time.n.02	0.69
121237905	year.n.01	0.944
121238270	period.n.05	0.41
121238729	age.n.03	0.914
121238803	time_period.n.01	0.974
121238839	time.n.01	0.575
121239401	time_period.n.01	0.984
121239887	time_period.n.01	0.757
121239896	time_period.n.01	0.962
104462779	time.n.02	0.821
121240026	time_period.n.01	0.918
104462852	time.n.02	0.633
121240156	time_period.n.01	0.881
121240191	time_period.n.01	0.981
121240230	time.n.03	0.42
104463090	time.n.05	0.524
121240633	time_period.n.01	0.842
121240816	time_period.n.01	0.979
121240862	time_period.n.01	0.695
121240905	time_period.n.01	0.971
121241237	time_period.n.01	0.953
104464428	moment.n.01	0.93
121241969	time_period.n.01	0.963
121242056	time_period.n.01	0.981
121242135	time_period.n.01	0.979
121242354	time_period.n.01	0.964
121242831	time_period.n.01	0.978
104467622	time.n.04	0.289
121245307	time.n.01	0.572
121245459	time.n.01	0.684
121245596	time.n.01	0.763
121245879	time.n.01	0.909
104471385	time.n.02	0.78
104471395	time.n.02	0.768
121249437	time.n.02	0.804
121249493	time.n.02	0.832
104472760	time.n.02	0.336
104473043	time.n.01	0.681
121251589	time_period.n.01	0.983
121251614	time.n.01	0.815
121251938	time.n.01	0.685
104475308	time.n.05	0.4
104477782	interval.n.03	0.589
104477804	time.n.01	0.843
121255492	time.n.01	0.607
121255526	time.n.01	0.398
121255620	time_period.n.01	0.739
121255856	year.n.01	0.694
121256383	time.n.03	0.948
121256808	time.n.01	0.307
121256975	hour.n.01	0.808
121257009	time.n.05	0.591
121257039	time.n.02	0.693
121257049	time.n.02	0.828
121257112	time.n.02	0.843
121257129	time.n.02	0.494
121257161	time.n.01	0.784
121257520	time_period.n.01	0.77
121257563	time.n.02	0.598
121257745	time_period.n.01	0.512
121258069	time_period.n.01	0.976
121258404	time.n.02	0.827
121258426	time_interval.n.01	0.772
121258600	life.n.05	None
121258816	time.n.05	0.972
121259783	year.n.01	0.88
121259802	period.n.02	0.722
121259985	time.n.02	0.748
121260261	calendar_month.n.01	0.55
121260359	day.n.01	0.893
104483894	time.n.01	0.605
121261574	time.n.02	0.937
121261954	time.n.02	0.304
121261964	time_period.n.01	0.622
121262016	time.n.02	0.629
121262026	duration.n.03	0.896
121262060	point.n.02	0.897
104484850	time.n.02	0.521
121262144	time.n.02	0.625
121262300	duration.n.03	0.856
121262549	time.n.04	0.218
121263488	duration.n.03	0.88
121263857	time.n.03	0.352
121263867	time.n.01	0.783
121263876	time.n.02	0.688
121264590	time.n.02	0.738
121264859	year.n.01	0.981
121265392	time_period.n.01	0.985
121265514	time_period.n.01	0.707
121265691	time.n.01	0.646
121266315	time.n.02	0.793
121266335	time.n.02	0.793
121266430	duration.n.03	0.474
121267074	time.n.01	0.442
121267080	time_period.n.01	0.713
121267134	time.n.01	0.352
121267218	time_period.n.01	0.836
121267409	time.n.01	0.783
121267464	time.n.02	0.538
121267594	time.n.05	0.471
104490494	time.n.05	0.494
121267865	period.n.02	0.547
121268009	time_period.n.01	0.624
121268042	time.n.01	0.5
121268090	time.n.05	0.821
121268133	time.n.02	0.439
121268371	duration.n.03	0.876
121268607	time.n.01	0.388
121268635	period.n.02	0.711
121268717	period.n.02	0.938
121268946	time.n.01	0.378
121268950	time.n.01	0.378
121269064	clock_time.n.01	0.782
121269142	time.n.02	0.649
121269168	time.n.01	0.609
121269225	time.n.06	0.504
121269737	time.n.01	0.694
104492621	time_period.n.01	0.975
121269890	time.n.01	0.672
121269933	time.n.01	0.836
121270080	time.n.02	0.712
121270302	time_period.n.01	0.715
121271042	clock_time.n.01	0.297
121271511	time.n.01	0.904
104494693	time.n.02	0.636
121271978	time.n.01	0.719
121271991	time_period.n.01	0.898
121272678	time_period.n.01	0.972
121272691	time_period.n.01	0.972
121272770	time.n.01	0.559
121272971	time.n.02	0.345
121273255	star.n.01	0.894
121273287	time_period.n.01	0.949
121273318	time.n.02	0.602
121273647	time.n.01	0.696
121273779	time.n.01	0.308
121273986	time.n.04	0.397
104497436	time.n.05	0.877
121275094	time.n.02	0.869
121276172	time.n.05	0.732
121276208	duration.n.03	0.897
104499135	date.n.06	0.392
121276367	time.n.02	0.312
121276508	time.n.02	0.491
121277159	time.n.02	0.747
121277869	time.n.02	0.568
104501392	time.n.05	0.35
121281671	time.n.02	0.702
121282113	time.n.02	0.837
121282137	year.n.01	0.723
121282162	life.n.05	None
121282293	date.n.06	0.339
121283286	clock_time.n.01	0.313
121283655	span.n.01	0.975
121283702	duration.n.03	0.923
121284560	time.n.05	0.488
121284784	life.n.05	None
121284882	time.n.02	0.817
121285191	time.n.01	0.371
121286420	period.n.02	0.976
121286500	year.n.01	0.881
121286508	time.n.02	0.592
121286616	time.n.01	0.483
104509883	time.n.02	0.637
121287269	time.n.01	0.688
121287364	time.n.01	0.353
121287416	life.n.05	None
121288470	clock_time.n.01	0.794
121288695	equinox.n.01	0.788
121289105	year.n.01	0.777
121289895	year.n.01	0.951
121291030	span.n.01	0.966
121291872	duration.n.03	0.904
121292202	year.n.01	0.988
121292854	year.n.01	0.866
121292985	time.n.02	0.65
121293481	meter.n.04	0.438
121294047	time.n.02	0.59
121294113	clock_time.n.01	0.843
121294425	hour.n.01	0.747
104520532	time_period.n.01	0.965
104522266	time.n.05	0.657
104524509	time.n.02	0.849
104526545	year.n.01	0.953
104529942	time.n.01	0.372
104541591	time.n.02	0.453
104543572	time.n.02	0.349
104543577	time.n.02	0.865
104544188	time.n.02	0.724
104546935	time.n.02	0.463
104547516	time.n.02	0.817
121328208	time.n.02	0.588
104551093	time.n.05	0.684
104551106	time.n.02	0.309
104551595	time.n.05	0.512
104552397	time.n.02	0.725
104552425	time_interval.n.01	0.924
104552436	time.n.05	0.727
104552460	time.n.05	0.955
104552510	time.n.05	0.719
104552540	time.n.02	0.463
104552559	time.n.05	0.435
104552710	time.n.05	0.846
104553792	time.n.02	0.542
104553795	time.n.02	0.542
104553837	time.n.02	0.602
121338048	time.n.02	0.747
121338055	time.n.02	0.747
104562019	time.n.01	0.68
121340528	time.n.04	0.915
121341192	time.n.02	0.452
121341440	moment.n.01	0.793
121342037	while.n.01	None
121342543	year.n.01	0.966
121342910	time.n.02	0.68
121345061	time.n.02	0.81
121345287	life.n.05	0.401
104569590	time.n.02	0.539
104569632	time.n.05	0.856
121348222	time.n.05	0.926
121350785	time.n.05	0.436
121351546	time.n.02	0.612
121351563	life.n.05	None
104576670	time.n.05	0.757
104576689	time.n.05	0.948
121354977	time.n.05	0.869
121356108	time.n.03	0.796
121356291	date.n.04	0.62
121356326	age.n.01	0.507
121356373	date.n.06	0.41
121357979	age.n.01	0.441
121358115	time.n.02	0.642
121358727	time.n.03	0.441
121358824	time.n.01	0.596
104583888	time.n.01	0.78
104583910	time.n.01	0.636
104584153	time_period.n.01	0.988
104584188	time.n.05	0.632
121368155	time.n.02	0.953
104596917	time_period.n.01	0.986
121377922	time.n.03	0.893
104601009	time.n.05	0.439
104601046	time.n.05	0.404
104601092	time.n.01	0.82
121380466	time.n.01	0.348
121382535	time.n.03	0.894
104606619	time.n.02	0.615
121385287	time.n.03	0.672
121385840	time.n.03	0.378
104608862	time.n.02	0.705
121395526	time_period.n.01	0.993
121400926	time.n.03	0.923
121401357	day.n.06	0.563
121402455	age.n.01	0.542
121404658	year.n.01	0.981
121407891	time.n.02	0.68
121408540	time.n.03	0.534
121416588	day.n.06	0.725
121418478	time.n.02	0.737
121418528	time.n.03	0.905
104642914	time.n.05	0.618
104643023	time_interval.n.01	None
104643061	meter.n.04	0.446
104643151	time.n.05	0.574
104643194	time.n.05	0.804
104643202	time.n.05	0.743
104643236	time.n.05	0.422
104643257	time.n.05	0.504
104643267	meter.n.04	0.503
104643282	time.n.05	0.523
104643412	time_interval.n.01	None
104643484	time_interval.n.01	None
104643495	meter.n.04	0.784
104643520	meter.n.04	0.33
104643571	time_interval.n.01	None
104643645	time_interval.n.01	None
121420910	juncture.n.01	0.839
104643699	time.n.02	0.44
104643728	time.n.05	0.511
104643752	meter.n.04	0.377
104643774	meter.n.04	0.419
104643890	time.n.02	0.596
104643908	time.n.02	0.57
104643927	time_interval.n.01	None
104644004	meter.n.04	0.743
104644033	time.n.05	0.771
104644182	time.n.05	0.394
104644238	time.n.05	0.752
104644251	time.n.05	0.564
104644256	time.n.05	0.505
121421635	historic_period.n.01	0.829
104644710	time.n.02	0.569
104646787	time.n.02	0.862
104647601	time.n.02	0.855
104651850	time_period.n.01	0.942
104654927	time.n.02	0.693
104657280	time.n.02	0.815
104657572	time.n.05	0.469
104657849	time.n.02	0.806
121438398	time.n.03	0.361
121438796	time.n.03	0.409
121438842	time.n.05	0.44
121438970	time.n.05	0.847
104661797	time.n.02	0.575
104663902	year.n.01	0.917
104664469	time.n.02	0.806
121441972	time_period.n.01	0.982
121442031	time.n.02	0.705
121445393	time_period.n.01	0.99
121445923	time_period.n.01	0.967
104669466	time.n.02	0.323
121446734	time_period.n.01	0.962
104669811	time.n.02	0.902
104676599	time.n.02	0.753
104678512	time.n.02	0.762
104683300	time.n.02	0.836
104684365	day.n.06	0.627
104684409	time.n.03	0.699
104684717	time.n.02	0.711
104686453	time.n.02	0.842
104686488	time_period.n.01	0.981
104687673	time_period.n.01	0.98
104688222	time.n.02	0.734
121465844	time.n.02	0.741
121466031	time.n.02	0.796
104689470	time.n.01	0.536
104689632	time.n.02	0.834
104695835	time.n.02	0.719
104696774	time.n.02	0.884
104697691	time.n.02	0.743
104697924	time_period.n.01	0.956
121475902	time.n.02	0.791
104700406	time.n.02	0.541
104700577	time.n.02	0.885
104700891	time.n.02	0.842
104701422	time.n.02	0.889
104701574	year.n.01	0.883
104702198	time.n.02	0.602
104702542	time_period.n.01	0.909
104706188	time_period.n.01	0.984
121483925	time.n.01	0.527
104709369	time.n.02	0.771
104710882	time.n.05	0.508
104711863	time.n.02	0.817
104713002	time_interval.n.01	0.843
104714833	time.n.02	0.854
104715951	time.n.02	0.77
104716878	time_interval.n.01	0.631
104717527	time.n.02	0.84
104717670	interval.n.03	0.669
104717918	time.n.01	0.46
121500435	time.n.03	0.792
121500727	time.n.03	0.779
104723654	time.n.02	0.879
104723725	time_period.n.01	0.979
104724151	time_interval.n.01	0.97
121501978	time.n.02	0.72
104725135	moment.n.01	0.953
104725157	time.n.02	0.771
104725355	time.n.02	0.683
104725420	time.n.02	0.748
121514405	time.n.03	0.84
121515241	time.n.02	0.613
121515363	time.n.03	0.668
121517594	time_period.n.01	0.99
121517685	time.n.03	0.836
121521238	time.n.02	0.95
121525524	time.n.02	0.488
104751796	time.n.02	0.689
104751831	time.n.02	0.771
104755817	time.n.02	0.77
121536425	time.n.03	0.53
121538423	time.n.05	0.954
104766827	time.n.02	0.709
121544711	time.n.02	0.348
121545315	time.n.01	0.774
104768546	time.n.02	0.592
121546274	time.n.03	0.893
104773047	time.n.02	0.803
104775669	time.n.02	0.889
104776780	extent.n.02	0.543
104777677	year.n.01	0.945
104778068	time.n.02	0.843
104778167	time.n.02	0.364
104779557	time.n.02	0.817
104779581	time.n.02	0.827
104779841	time.n.02	0.761
104781220	time_period.n.01	0.893
104783256	time.n.02	0.781
104783661	time.n.02	0.699
104785003	time_period.n.01	0.82
104853150	time.n.05	0.588
104867518	year.n.01	0.926
104870149	time.n.03	0.469
104870485	day.n.01	0.859
104870850	year.n.01	0.98
104889709	time.n.03	0.783
104890076	time.n.03	0.8
113318258	time.n.02	0.861
113327064	time.n.02	0.705
113336485	time_period.n.01	0.973
113339050	time.n.02	0.797
113341519	time.n.02	0.555
113346038	term.n.02	0.969
113347502	time.n.05	0.816
113347878	time.n.02	0.664
113355411	time.n.02	0.452
113362953	term.n.02	0.62
113379717	time.n.02	0.772
113380236	time.n.02	0.708
104999204	time.n.02	0.756
113390167	time.n.01	0.582
113390940	time.n.02	0.562
113392030	time.n.03	0.324
113392293	time.n.05	0.809
113392797	long_time.n.01	0.609
113394491	moment.n.02	0.711
113398955	time.n.02	0.504
113403841	time.n.02	0.528
113407037	time.n.02	0.646
113408846	time.n.02	0.739
113415231	moment.n.01	0.939
113422643	time.n.03	0.482
105036926	time.n.01	0.686
113428151	time.n.05	0.792
105040690	time.n.02	0.395
105042324	life.n.06	0.392
105043654	time.n.05	0.29
105043973	time.n.02	0.629
113433494	time.n.01	0.487
105045258	time.n.02	0.91
105045282	time.n.02	0.452
105045301	time.n.05	0.708
105045425	time.n.02	0.846
113435393	time.n.02	0.816
105046932	time.n.01	0.355
105047855	time.n.05	0.903
105047887	time.n.05	0.848
105047995	time.n.05	0.717
105048256	season.n.02	0.896
113437955	moment.n.01	0.943
105050050	time.n.01	0.739
105051330	time.n.01	0.886
105051866	interval.n.03	0.84
105051880	time.n.01	0.843
105051896	condition.n.01	0.893
105052791	time.n.05	0.614
105052975	time.n.02	0.645
105053353	time.n.02	0.649
105054099	time.n.02	0.812
105054260	time.n.05	0.856
105054500	course.n.02	0.947
105054568	time.n.05	0.487
105054598	time.n.02	0.571
105054630	time.n.05	0.653
105055315	time.n.02	0.645
105055327	time.n.03	0.498
105055504	duration.n.02	0.407
105056082	time.n.01	0.459
113448862	year.n.01	0.989
113449527	time.n.05	0.652
105061925	time.n.02	0.798
105062358	time.n.05	0.658
105063720	future.n.01	0.992
105064017	time.n.02	0.774
105064066	time.n.02	0.529
113454208	time_interval.n.01	0.964
105068262	time.n.05	0.739
113457605	age.n.01	0.462
113462440	time.n.03	0.677
113469327	time.n.05	0.824
113469455	time.n.02	0.768
105082162	coevals.n.01	0.811
113478835	time.n.02	0.751
113489946	time.n.05	0.495
113490633	respite.n.02	0.357
113490880	time.n.02	0.731
113492063	distance.n.05	0.962
113492286	time.n.02	0.665
113496252	time.n.05	0.752
113496650	time.n.02	0.631
105116360	year.n.01	0.979
105116538	date.n.06	0.567
105117474	date.n.06	0.379
105117620	year.n.01	0.972
105117669	time.n.02	0.79
105117987	time.n.02	0.718
105122147	time_period.n.01	0.978
105122618	time.n.02	0.713
105124030	time.n.02	0.936
105127699	time.n.02	0.837
105127744	time.n.02	0.747
105128646	time.n.02	0.808
105130084	juncture.n.01	0.938
105132031	time.n.04	0.433
105133119	time.n.04	0.445
105135406	time.n.02	0.796
105135438	time.n.02	0.769
105136326	condition.n.07	0.8
105137296	time.n.02	0.637
105138034	time.n.02	0.849
105138655	moment.n.02	0.855
105141840	time.n.02	0.668
105142971	time.n.02	0.71
113531617	time.n.02	0.383
113533023	time.n.02	0.6
105144692	date.n.01	0.764
105144916	year.n.01	0.979
105145163	time.n.02	0.613
105145822	time.n.03	0.699
105147073	time.n.02	0.826
105147267	future.n.01	0.99
105147850	year.n.01	0.966
105149320	time_period.n.01	0.907
105150454	time.n.05	0.505
113539093	day.n.01	0.427
105155531	time.n.03	0.863
105155566	past.n.01	0.934
105156097	time.n.02	0.7
113545049	time.n.02	0.534
105156602	date.n.06	0.431
105156992	time.n.03	0.672
105157120	year.n.01	0.969
105157360	time.n.02	0.823
105159953	time.n.02	0.917
105160038	time.n.02	0.834
105160858	time.n.02	0.494
105162060	year.n.01	0.972
121939829	time.n.05	0.338
105162641	time.n.03	0.797
121940964	time.n.03	0.858
121941450	time_period.n.01	0.979
113553238	time.n.02	0.581
105164790	time.n.02	0.738
121942347	time.n.03	0.392
105165447	duration.n.01	0.567
105165579	distance.n.05	0.949
105166188	time_period.n.01	0.916
113556686	time.n.04	0.805
105168393	time.n.02	0.441
105169432	time.n.02	0.75
121946661	time.n.03	0.587
113558676	time.n.02	0.622
121948584	time.n.03	0.376
105177621	time.n.02	0.83
105181915	time.n.03	0.878
113570769	time.n.05	0.89
113571013	time.n.05	0.623
105183807	year.n.01	0.981
113572753	time.n.02	0.48
113572816	time.n.02	0.898
105184271	time.n.02	0.688
113573236	time.n.02	0.721
113573502	time.n.05	0.854
105185692	time.n.02	0.861
105185888	time.n.04	0.964
105185965	time.n.02	0.748
113576528	time.n.02	0.884
105190406	year.n.01	0.985
105191373	time.n.02	0.827
105191432	time.n.02	0.405
105191597	time_period.n.01	0.983
105192620	time.n.02	0.969
105193517	time.n.02	0.762
113584573	time.n.02	0.893
113585416	time.n.02	0.837
105196898	year.n.01	0.978
121974373	time.n.03	0.834
105198542	time.n.02	0.787
113588548	year.n.01	0.984
105200635	year.n.01	0.979
105201032	time_period.n.01	0.986
105201079	date.n.06	0.4
105201169	time.n.02	0.766
105202503	year.n.01	0.695
105202932	date.n.01	0.706
121980352	time.n.05	0.586
105205781	year.n.01	0.983
105205841	time.n.02	0.743
121983991	time.n.02	0.713
105208911	date.n.01	0.669
105210326	time.n.02	0.488
105211789	term.n.02	0.869
105212872	time.n.02	0.529
105212907	time.n.05	0.662
105212929	time.n.02	0.606
121990434	time.n.02	0.773
105213371	time.n.02	0.738
105213403	time.n.02	0.738
105213479	time_period.n.01	0.909
105213494	time.n.02	0.924
121992152	day.n.06	0.5
105215375	year.n.01	0.983
105216004	time.n.05	0.575
105216678	time.n.02	0.803
105217193	time.n.02	0.777
105217455	time.n.02	0.878
121995247	time.n.01	0.542
121996500	time.n.02	0.847
121997689	time.n.03	0.814
105224975	time.n.02	0.718
113614288	time.n.01	0.251
105226063	time.n.02	0.649
105226141	time.n.05	0.955
113616341	time.n.02	0.504
105227949	time.n.03	0.609
105228548	time.n.02	0.843
122008376	time.n.02	0.593
105231391	time.n.02	0.868
105233988	time.n.02	0.796
105235181	year.n.01	0.714
105236173	time.n.02	0.729
105236242	time.n.05	0.534
105236855	time.n.03	0.825
113628657	time.n.02	0.532
105244619	time.n.02	0.944
105248619	time_interval.n.01	0.978
105250844	time.n.02	0.657
105251549	time.n.02	0.75
105252045	date.n.06	0.448
105252064	time.n.02	0.801
113640883	time.n.05	0.847
105253528	time_period.n.01	0.988
113643841	time.n.03	0.734
113644719	time.n.01	0.818
105256423	time.n.03	0.785
105256684	time.n.02	0.747
105257482	time_period.n.01	0.99
105259126	time.n.02	0.405
105259254	time.n.03	0.353
105260513	time.n.02	0.912
105260765	time.n.02	0.602
105260925	time_period.n.01	0.993
105261165	year.n.01	0.918
105261394	time.n.02	0.636
105262164	time.n.03	0.5
113650788	time.n.01	0.965
105262923	year.n.01	0.919
105263400	time.n.02	0.933
113652290	time.n.02	0.735
113655037	time.n.02	0.682
105270428	time.n.02	0.877
105272721	time.n.02	0.783
113661442	time.n.02	0.942
105275350	time.n.02	0.691
105275587	time.n.02	0.646
105276505	time.n.02	0.673
113666342	time.n.02	0.859
105277821	time.n.02	0.661
105281239	time.n.01	0.866
105281828	time.n.02	0.856
105284225	time.n.02	0.884
105284404	delay.n.01	0.64
105284450	time.n.03	0.755
105285717	time.n.02	0.884
105286065	time.n.02	0.56
105286608	time.n.02	0.789
105287483	time.n.02	0.719
113677597	time.n.02	0.62
113678883	time.n.02	0.525
113683562	time.n.02	0.578
113684600	time.n.01	0.793
105300386	life.n.05	0.47
105308561	time.n.02	0.686
105309361	time.n.02	0.764
105310737	time.n.03	0.811
113699413	time.n.02	0.933
113700167	time.n.03	0.693
105312293	year.n.01	0.954
113702494	time.n.02	0.902
105315309	time.n.03	0.858
105316595	time.n.02	0.851
105316692	time.n.02	0.914
105318004	time.n.03	0.632
105318294	history.n.01	0.79
105320688	leisure.n.01	0.878
105320815	time.n.02	0.752
105322158	year.n.01	0.972
105322313	time_period.n.01	0.989
105323753	time.n.02	0.73
105324518	time.n.02	0.854
113713286	time.n.02	0.802
105328371	time.n.03	0.464
105328995	time.n.02	0.52
105329992	date.n.06	0.405
105331577	time.n.02	0.783
105331733	time.n.02	0.826
105331868	time.n.02	0.821
105335209	time.n.03	0.871
105339029	time.n.01	0.492
113727707	time.n.02	0.832
105339790	year.n.01	0.98
105341010	year.n.01	0.921
113730519	time.n.02	0.766
105344001	time.n.02	0.966
105344705	time_period.n.01	0.985
105349722	year.n.01	0.982
105350362	time.n.02	0.797
105351035	date.n.04	0.665
105355435	time.n.02	0.748
105361209	day.n.04	0.508
105362886	time.n.01	0.629
105367638	time.n.02	0.837
105368017	time.n.02	0.655
105368133	time.n.02	0.952
105368171	time_period.n.01	0.99
105369610	time.n.05	0.962
113759277	time_period.n.01	0.77
105372989	time.n.03	0.817
105374995	time.n.03	0.871
105375426	time.n.04	0.38
105377551	date.n.01	0.567
105378739	time.n.02	0.749
105379397	year.n.01	0.967
105379836	time.n.02	0.748
105380439	year.n.01	0.977
105380725	year.n.01	0.979
105380764	time_period.n.01	0.988
105384266	date.n.06	0.379
105385814	time_period.n.01	0.724
105387110	time.n.02	0.78
105389289	time.n.02	0.619
105390828	time.n.02	0.73
105394396	time.n.05	0.697
105396119	juncture.n.01	0.872
105396918	year.n.01	0.947
105399347	time.n.02	0.94
105400532	time.n.02	0.719
105401474	time.n.02	0.792
105405606	time.n.02	0.682
105407244	time.n.02	0.628
105407380	time.n.05	0.389
105407501	time_period.n.01	0.989
105407549	time.n.01	0.752
105409875	while.n.01	None
105411155	year.n.01	0.981
105411285	time_period.n.01	0.922
105412072	time.n.02	0.671
105413094	moment.n.02	0.633
105413792	time.n.02	0.747
105414949	time.n.01	0.622
105416399	year.n.01	0.964
105422183	time.n.05	0.504
105422707	year.n.01	0.974
105423712	time.n.03	0.813
105424176	moment.n.02	0.693
105425643	time.n.05	0.508
105427574	time.n.02	0.731
105428494	time.n.03	0.547
105430917	time.n.03	0.737
105431037	time.n.01	0.492
105431692	year.n.01	0.978
105432382	date.n.01	0.473
105435048	time.n.02	0.907
105435102	time.n.05	0.409
105435709	year.n.01	0.974
105435812	year.n.01	0.981
105437323	year.n.01	0.98
105437739	time.n.05	0.62
105437783	time.n.02	0.744
105438286	year.n.01	0.974
105438362	time.n.02	0.764
105438524	time.n.02	0.791
105439735	time.n.05	0.727
105439989	year.n.01	0.979
105441217	date.n.01	0.331
105441305	time.n.02	0.592
105442088	time.n.02	0.773
105443385	time_period.n.01	0.979
105445137	time.n.02	0.838
105452349	time.n.02	0.783
105454682	time.n.02	0.653
105455342	time.n.02	0.557
105455397	time.n.02	0.807
105455506	time.n.03	0.786
105459097	time.n.02	0.755
105459234	time.n.03	0.665
105459782	time.n.02	0.549
105461623	time.n.02	0.774
105462188	time.n.01	0.539
105462353	date.n.06	0.61
105673707	time.n.02	0.818
105673802	time.n.01	0.84
105674339	time.n.01	0.742
105674506	time.n.01	0.837
105676439	time.n.02	0.794
105677266	time.n.01	0.795
105677435	time.n.02	0.852
105679262	time.n.02	0.832
105682274	time.n.02	0.539
105683896	time.n.01	0.389
105683938	time.n.02	0.72
105684131	time.n.02	0.792
105684604	time.n.01	0.802
105685017	time.n.01	0.807
105688759	time.n.02	0.656
105753759	time_period.n.01	0.95
105762775	future.n.01	0.987
105763232	time_interval.n.01	0.984
105764356	time.n.03	0.841
105768262	time.n.03	0.83
105769805	time.n.01	0.708
105770585	time.n.02	0.799
105770722	time.n.02	0.496
105771038	time.n.02	0.807
105775531	time_interval.n.01	0.989
105775877	time.n.02	0.979
105776193	time.n.02	0.797
105776295	time.n.02	0.747
105776398	time.n.02	0.821
105777442	time.n.02	0.94
105822166	time.n.01	0.724
105822197	time.n.01	0.507
105822338	time.n.02	0.695
105824003	time.n.01	0.447
105824364	time.n.01	0.635
105827663	time.n.04	0.615
105829021	time.n.02	0.732
105829666	time.n.04	0.874
122609540	time.n.02	0.308
122609907	time.n.04	0.764
122611580	time.n.02	0.514
122614550	time.n.05	0.602
122615135	time.n.02	0.426
122615731	time.n.02	0.908
122616513	time.n.02	0.688
122618695	while.n.01	None
122620861	time.n.02	0.787
122626804	time.n.05	0.791
122629562	time.n.02	0.559
122631945	time.n.03	0.791
122635026	time.n.02	0.653
122635950	date.n.08	0.356
122636886	time.n.02	0.32
122638031	time.n.01	0.797
122639697	life.n.06	0.412
122641023	time.n.04	0.594
122642909	time.n.05	0.979
122642927	time.n.05	0.932
122642941	time.n.05	0.703
122642953	time.n.05	0.948
122642960	time.n.05	0.937
122642965	time.n.05	0.971
122646649	time.n.05	0.891
122652710	time.n.03	0.45
122656250	time.n.02	0.883
122658576	time.n.02	0.768
122660984	time.n.04	0.571
122661462	season.n.02	0.896
122662081	time.n.02	0.699
122662413	year.n.01	0.95
122662938	time.n.02	0.792
122668499	time.n.02	0.599
122670967	time.n.01	0.635
122674534	time.n.05	0.633
122675724	time.n.02	0.902
122678709	leisure.n.01	0.85
122678984	time.n.02	0.355
122691782	time.n.05	0.63
122693094	time_period.n.01	0.934
122701357	time.n.05	0.855
122703388	hour.n.02	0.877
122703406	time.n.02	0.631
122704572	date.n.06	0.488
122704887	time.n.01	0.459
122705825	time.n.01	0.462
122707554	time.n.02	0.568
122712230	time.n.02	0.731
122714053	verb.n.01	0.949
122714567	time.n.03	0.844
122720325	time_period.n.01	0.987
122721097	time.n.02	0.699
122725760	time.n.02	0.91
122725785	time.n.02	0.441
122725805	time.n.05	0.705
122725933	time.n.02	0.846
122727436	time.n.01	0.355
122728365	time.n.05	0.907
122728397	time.n.05	0.844
122728505	time.n.05	0.736
122730573	time.n.01	0.694
122731859	time.n.01	0.892
122732403	interval.n.03	0.835
122732417	time.n.01	0.838
122732433	condition.n.01	0.899
122733913	time.n.02	0.633
122734096	time.n.02	0.321
122734475	time.n.02	0.761
122735605	time.n.02	0.813
122735779	time.n.05	0.783
122736018	course.n.02	0.928
122736086	time.n.05	0.472
122736117	time.n.02	0.604
122736149	time.n.05	0.646
122736839	time.n.02	0.653
122736851	time.n.03	0.487
122739225	time.n.02	0.692
122754389	time.n.02	0.709
122756950	time.n.05	0.827
122760297	time.n.02	0.83
122760854	time.n.04	0.442
122764431	time.n.01	0.416
122766575	time.n.05	0.94
122766601	time.n.05	0.669
122766621	time.n.05	0.956
122771653	time.n.05	0.439
122777188	time.n.05	0.563
122777384	time.n.02	0.739
122777615	time.n.02	0.776
122785099	time.n.02	0.264
122788168	time.n.02	0.713
106110348	time.n.02	0.882
106111275	time.n.05	0.943
106111302	time.n.05	0.913
106111349	time.n.05	0.563
106111941	time.n.05	0.781
106112368	season.n.02	0.78
106113796	time.n.05	0.784
106113837	time.n.05	0.877
106113904	time.n.05	0.733
106114104	time.n.04	0.868
106114130	time.n.05	0.528
106114159	time.n.05	0.793
106114198	time.n.05	0.752
106122617	time.n.05	0.718
106123364	time.n.02	0.428
106123757	time.n.02	0.838
106124915	time.n.05	0.507
106124925	time.n.05	0.797
106124953	time.n.05	0.947
106124966	time.n.05	0.883
106124974	time.n.05	0.944
106124980	time.n.05	0.966
106125393	time.n.02	0.819
106125483	time.n.03	0.313
106126101	time.n.05	0.655
106136515	moment.n.01	0.717
106136526	time.n.05	0.921
106138743	time.n.05	0.757
106142204	time.n.02	0.498
106143393	time.n.05	0.757
106146795	time.n.02	0.86
106149737	time.n.01	0.547
106149794	time.n.02	0.894
106154934	old_age.n.01	0.721
106156418	time.n.05	0.885
106158003	time.n.02	0.758
114549334	time.n.05	0.712
114549745	historic_period.n.01	0.909
106162642	time.n.02	0.843
114551423	historic_period.n.01	0.875
106165097	time.n.01	0.601
114554325	historic_period.n.01	0.929
114556179	meter.n.04	0.735
114556202	meter.n.04	0.849
114556293	time.n.05	0.445
106169217	time_period.n.01	0.958
106170840	time.n.05	0.833
106170978	time.n.05	0.75
106171007	time.n.05	0.66
106173570	time.n.05	0.891
106175007	time.n.05	0.581
106175095	time.n.05	0.932
106175338	moment.n.01	0.909
106176052	time.n.03	0.543
106176155	time.n.05	0.793
106176344	time.n.05	0.712
106177804	time.n.05	0.903
106179346	time.n.05	0.82
106179484	time.n.02	0.819
106180463	time.n.01	0.869
106180695	time.n.05	0.673
106181961	time.n.05	0.563
106184455	time.n.01	0.652
106187449	time.n.05	0.714
106194583	time.n.05	0.696
106195305	time.n.05	0.534
106196792	time.n.01	0.668
106197651	time.n.02	0.482
106197661	time.n.05	0.624
106201004	time.n.05	0.645
106201083	time.n.02	0.699
106201176	age.n.01	0.597
106203224	while.n.01	None
106209284	time.n.02	0.789
106209487	time.n.02	0.604
106211673	time.n.02	0.823
106211870	time.n.05	0.752
106211884	time.n.05	0.97
106211896	time.n.05	0.946
106211954	time.n.05	0.951
106211970	time.n.05	0.964
106211977	time.n.05	0.969
106211983	time.n.05	0.969
114603035	delay.n.01	0.72
106215914	time_period.n.01	0.991
106216930	time.n.02	0.495
106220015	time.n.05	0.732
106223612	time.n.02	0.76
106229588	time.n.01	0.731
106230420	time.n.02	0.909
106236865	time.n.05	0.651
106236892	time.n.05	0.918
106237017	time.n.02	0.491
106237161	time.n.01	0.644
106240129	old_age.n.01	0.884
106240198	time.n.02	0.776
106241121	time.n.01	0.736
106243407	time.n.05	0.749
114634221	coincidence.n.01	0.962
114634391	while.n.01	None
106248024	time.n.05	0.701
114637281	time.n.02	0.529
114637941	time.n.03	0.818
114638122	time_period.n.01	0.964
114639760	time_period.n.01	0.985
114639959	age.n.03	0.461
114640263	time.n.05	0.823
106252896	time.n.02	0.811
114642233	time.n.02	0.732
114642660	time.n.01	0.558
106254421	time.n.02	0.838
106255418	time.n.01	0.4
114645723	time.n.03	0.376
106257364	age.n.01	0.742
106259303	time.n.01	0.442
114650891	time_period.n.01	0.988
106262733	time.n.02	0.688
114651460	time_period.n.01	0.977
114652965	age.n.01	0.48
114654032	year.n.01	0.959
114654287	time.n.03	0.86
114655153	time.n.01	0.705
114657602	day.n.02	0.504
114658628	time.n.01	0.798
114658771	time_period.n.01	0.987
123048312	time.n.01	0.619
114660799	time.n.05	0.722
106272460	time.n.05	0.837
114661114	time.n.02	0.635
114661484	time.n.05	0.738
123050171	time.n.05	0.886
114661644	time.n.01	0.648
123050368	time.n.02	0.71
123050372	time.n.02	0.71
114661773	day.n.02	0.596
114661869	time.n.02	0.747
123050557	time.n.02	0.525
123050580	time.n.05	0.873
123050611	time.n.05	0.529
114662004	time_period.n.01	0.982
123050675	time.n.02	0.704
123050741	time.n.02	0.539
123050787	time.n.05	0.935
123050809	time.n.02	0.437
123050842	time.n.05	0.639
123050888	time.n.01	0.414
123050901	time.n.05	0.958
123050986	time.n.05	0.908
123051029	time.n.05	0.906
123051055	time.n.05	0.827
123051068	time_period.n.01	0.954
123051074	time.n.05	0.886
106273998	opportunity.n.01	None
123051258	time.n.05	0.887
114664131	time.n.02	0.869
114664611	time.n.03	0.908
114665704	day.n.02	0.593
106279529	time.n.02	0.773
106282807	time.n.05	0.845
123060908	time_period.n.01	0.924
106286238	time.n.05	0.697
106286994	time.n.05	0.751
106287051	time.n.05	0.812
106290888	time.n.05	0.908
106292706	time.n.05	0.542
106292849	time.n.05	0.651
106293777	time.n.05	0.862
106293789	time.n.05	0.863
123071336	time.n.05	0.986
123072984	time_period.n.01	0.984
114684633	time.n.02	0.622
114685318	past.n.01	0.964
123075338	time.n.05	0.678
123076079	time.n.05	0.97
106301417	time.n.01	0.423
106302882	time_interval.n.01	0.934
106302918	time.n.01	0.806
123081685	time.n.05	0.581
106306425	time.n.02	0.73
106307351	time.n.05	0.807
106307736	time_period.n.01	0.974
123088184	day.n.02	0.551
123090536	time.n.01	0.734
123091705	time.n.02	0.597
123091789	time.n.05	0.869
106319527	time.n.02	0.642
106323189	time.n.01	0.773
106323339	time.n.02	0.825
123103180	time.n.02	0.428
123107235	time.n.05	0.887
106332534	time.n.02	0.756
106333895	time.n.05	0.687
106334497	time_period.n.01	0.986
106334705	time.n.01	0.882
106336183	time.n.01	0.953
123113534	moment.n.02	0.529
123116141	time.n.05	0.965
123116157	time.n.05	0.965
123117527	time.n.05	0.694
106341097	time.n.02	0.565
106341132	time.n.05	0.83
106341150	time.n.05	0.651
123118569	time.n.02	0.535
123118752	time.n.05	0.984
123119067	time.n.05	0.982
123119092	time.n.02	0.929
123119170	time.n.02	0.96
106342031	time.n.05	0.581
123119273	time.n.05	0.826
123119496	time.n.05	0.773
123119513	time.n.05	0.773
123119631	time.n.05	0.961
123119645	time.n.05	0.961
123119651	time.n.05	0.961
123119710	time.n.05	0.874
123119858	time.n.05	0.94
123120060	time.n.05	0.334
123120126	time.n.05	0.954
123120256	time_period.n.01	0.924
123120261	measure.n.02	0.761
123120266	measure.n.02	0.712
123120373	time.n.05	0.256
123120389	time.n.05	0.838
106343344	time.n.02	0.772
123120807	time.n.05	0.934
123120849	time.n.05	0.981
123120880	time.n.05	0.972
123121219	time.n.05	0.753
123121226	time.n.05	0.943
106344175	time.n.02	0.77
123121428	time.n.05	0.97
106344233	time.n.02	0.858
106344269	time.n.02	0.843
123121646	time.n.05	0.982
123121742	time.n.02	0.358
123121774	time.n.05	0.957
123121829	time.n.05	0.742
123121852	time.n.05	0.835
123122405	time.n.05	0.981
123122731	time.n.02	0.613
106349762	time.n.02	0.396
106350629	time.n.05	0.741
106352494	time.n.02	0.57
106356703	time.n.02	0.771
123134959	time.n.04	0.616
123135000	time_period.n.01	0.951
123135004	time_period.n.01	0.935
106358155	time.n.05	0.776
123135391	season.n.02	0.773
123135540	moment.n.01	0.912
106358869	time.n.02	0.946
123138934	time_period.n.01	0.983
123139051	time.n.05	0.979
123141790	time.n.05	0.896
123141800	time.n.05	0.848
123142870	time.n.05	0.68
106365799	time.n.01	0.413
106366355	time.n.05	0.544
123143601	time.n.05	0.799
106366390	time.n.05	0.761
123143612	time.n.05	0.799
123143714	time.n.02	0.913
123143735	time.n.02	0.477
123143838	time.n.05	0.704
123145698	time.n.05	0.799
123145709	time.n.05	0.894
123145723	time.n.05	0.951
123145762	time.n.05	0.955
123145803	time.n.05	0.925
123145813	time.n.05	0.968
123145818	time.n.05	0.968
123145835	time.n.05	0.898
123145852	time.n.05	0.786
123145860	time.n.05	0.937
123145879	time.n.05	0.978
123145885	time.n.05	0.892
123145887	time.n.05	0.915
123145893	time.n.05	0.742
123145896	time.n.05	0.742
123145929	time.n.05	0.905
106372301	time.n.05	0.884
106372464	time.n.02	0.525
106373039	time.n.03	0.506
106373209	time.n.03	0.746
123151644	time_period.n.01	0.98
106375044	time_period.n.01	0.984
106375196	time.n.02	0.701
106375309	time.n.02	0.8
106376317	time.n.02	0.684
106379762	time_period.n.01	0.951
106381399	time.n.02	0.564
106381714	time.n.02	0.739
106382772	time.n.05	0.451
106383474	juncture.n.01	0.779
106384487	time_period.n.01	0.976
106384645	time.n.02	0.868
106384787	time.n.02	0.693
106384933	time_period.n.01	0.977
123163178	time.n.02	0.781
106386751	time.n.05	0.809
123164364	time.n.05	0.429
106387432	time.n.02	0.682
106388769	time.n.03	0.461
106391671	year.n.01	0.962
106392701	time.n.02	0.803
106395511	time_period.n.01	0.988
106395625	time.n.02	0.742
123174134	year.n.01	0.982
106398404	time.n.05	0.956
106399140	time.n.05	0.544
106399585	time.n.02	0.608
106400382	time.n.02	0.653
106401556	time.n.02	0.808
106401795	time.n.02	0.28
106401945	time.n.02	0.734
106403776	time.n.01	0.528
106404213	time.n.02	0.822
106404776	time.n.03	0.49
106407316	time.n.01	0.638
106408949	time.n.02	0.737
106409010	time_period.n.01	0.994
106409124	time.n.01	0.505
106410414	time.n.01	0.648
106410872	time.n.01	0.926
106411171	time_period.n.01	0.949
106411584	time.n.02	0.652
106411926	time.n.02	0.813
106412687	time.n.02	0.844
106413137	time.n.02	0.682
106414761	year.n.01	0.944
106414898	time_period.n.01	0.936
106414911	time.n.02	0.773
123192208	time.n.05	0.95
106416042	time.n.01	0.747
106416163	time.n.03	0.835
106417586	age.n.01	0.536
106419116	time.n.02	0.769
106419177	time.n.05	0.509
106421117	time.n.05	0.618
106422485	time.n.02	0.671
106423106	time_period.n.01	0.964
106423555	time_period.n.01	0.944
106423950	time.n.02	0.675
106424051	time.n.02	0.63
123201581	time.n.05	0.788
123203177	time.n.05	0.826
106426662	time.n.05	0.457
106427355	time.n.02	0.51
123204821	time.n.05	0.919
123204934	time.n.05	0.75
123204953	time.n.05	0.663
123204959	time.n.05	0.806
106427876	time.n.02	0.645
123205563	time.n.05	0.794
123205724	time.n.05	0.799
123205766	quantity.n.03	0.524
123205785	time.n.05	0.676
123206314	time.n.05	0.837
123209258	time.n.05	0.856
123209274	time.n.05	0.904
123209289	time.n.05	0.882
123209304	time.n.05	0.544
123209319	date.n.01	0.474
123209348	time.n.05	0.647
123209352	time.n.05	0.647
123209361	time.n.05	0.798
123209363	time.n.05	0.798
123209368	time.n.05	0.739
123209384	time.n.05	0.889
123209397	time.n.05	0.944
123209405	time.n.05	0.944
123209410	time.n.05	0.944
123209444	time.n.01	0.46
123209452	time.n.05	0.748
123209458	time.n.05	0.865
123209468	time.n.05	0.718
123209475	time.n.05	0.691
123209506	time.n.05	0.805
123209542	time.n.02	0.516
123209555	time.n.05	0.819
123209576	time.n.02	0.328
106432526	time.n.05	0.831
123209844	time.n.05	0.928
123209852	time.n.05	0.726
123210252	time.n.05	0.828
123210288	time.n.05	0.889
123210303	time.n.05	0.854
123210326	movement.n.03	0.823
123210355	time.n.05	0.763
123210386	time.n.05	0.606
123210418	time.n.02	0.68
123210437	time.n.05	0.775
123210741	time.n.05	0.316
123210973	time.n.05	0.732
106435000	time.n.03	0.729
106435711	time_period.n.01	0.984
106435743	time.n.01	0.64
106436226	time.n.02	0.706
106438071	time.n.05	0.796
123215321	time.n.05	0.973
106438193	topographic_point.n.01	0.495
106438283	time.n.01	0.787
106439775	time.n.01	0.745
106439789	time.n.03	0.529
106442185	time.n.02	0.83
106442345	time.n.02	0.864
106446837	time.n.02	0.66
106447635	time.n.05	0.677
123225148	time.n.05	0.936
123225167	time.n.05	0.936
123225207	time.n.05	0.816
106449371	time.n.05	0.911
123228256	time.n.05	0.6
106451182	time.n.05	0.679
106451216	time.n.05	0.793
106451661	time.n.04	0.442
123231619	time.n.05	0.908
123231693	time.n.05	0.724
106454900	time.n.02	0.611
106455951	time.n.01	0.667
106457326	time.n.01	0.736
106459295	day.n.01	0.813
106460407	time.n.02	0.768
106462935	time.n.02	0.606
123240559	time.n.05	0.923
106463673	time_interval.n.01	0.968
123245192	time.n.05	0.96
123246258	year.n.01	0.942
123246269	year.n.01	0.969
106469496	delay.n.01	0.513
106469936	time.n.02	0.548
106470376	time_period.n.01	0.988
106472056	time.n.01	0.282
106472416	year.n.01	0.886
106472560	year.n.01	0.843
106474040	time.n.05	0.459
106474260	time.n.02	0.858
106474503	year.n.01	0.938
106475598	time.n.05	0.757
106475638	time_period.n.01	0.953
106476171	time.n.01	0.571
106476503	time.n.01	0.665
106478164	season.n.02	0.864
106478876	time.n.01	0.378
106480194	time_period.n.01	0.951
106480326	year.n.01	0.952
106480944	time.n.01	0.609
106481103	time.n.02	0.72
106482755	time.n.05	0.39
106483700	time.n.01	0.689
106484747	life.n.05	0.544
106485278	time_period.n.01	0.96
106485643	time.n.02	0.363
106485867	time.n.02	0.774
106486486	time_period.n.01	0.969
106488306	time.n.03	0.479
106489221	time.n.02	0.544
106489729	time.n.02	0.624
106491296	time.n.02	0.696
106493111	life.n.02	0.395
106495149	season.n.02	0.888
123273761	time.n.05	0.92
106499242	time.n.02	0.746
123281126	time.n.05	0.924
106506527	time.n.01	0.626
106513479	time.n.02	0.631
106517415	time_period.n.01	0.984
106517816	time.n.02	0.746
106517918	time.n.01	0.721
106518174	time.n.01	0.711
106518262	time.n.02	0.756
106521071	time.n.02	0.667
106527980	time.n.02	0.468
106529081	time.n.02	0.511
106529439	time.n.05	0.909
106530048	time_period.n.01	0.976
106530590	time.n.05	0.651
106535064	time.n.02	0.894
106538512	age.n.01	0.466
106538961	time.n.01	0.826
123316973	time.n.02	0.877
106540286	time.n.05	0.826
123317966	time.n.02	0.736
123318195	time.n.01	0.86
106541655	time.n.04	0.62
123320142	time.n.02	0.977
123320407	time.n.03	0.85
106544229	time.n.02	0.843
106544232	time.n.02	0.799
106545253	time.n.02	0.683
123324081	probation.n.02	0.587
123324552	time.n.02	0.759
106548838	time.n.05	0.723
106549136	time.n.05	0.742
106549264	time.n.02	0.721
123326537	time_period.n.01	0.927
106549701	time.n.02	0.621
106549776	time.n.05	0.827
123328330	time.n.03	0.662
123328891	time.n.02	0.555
106552015	time.n.05	0.84
106552021	time.n.05	0.951
106552049	time.n.05	0.362
106552076	time.n.05	0.771
106552111	time.n.05	0.843
106552168	time.n.05	0.889
106552195	time.n.05	0.886
106552475	time.n.05	0.709
106552704	time.n.05	0.487
106553520	time.n.05	0.78
106553557	time.n.05	0.586
123331372	time.n.03	0.518
106554421	time.n.02	0.411
106555442	time.n.02	0.785
106555729	time.n.01	0.595
106557121	time.n.02	0.57
106557364	time.n.05	0.89
106558304	time.n.01	0.501
106558626	time.n.01	0.566
106559228	time.n.02	0.78
106559663	time.n.01	0.527
123339711	time.n.02	0.665
106563177	time.n.03	0.789
106563385	time_period.n.01	0.959
123341193	time.n.02	0.844
106564708	time.n.01	0.623
106564836	time_period.n.01	0.961
106565326	time.n.02	0.829
123342661	time.n.03	0.315
106566098	time.n.02	0.754
106566156	time_period.n.01	0.984
106566387	year.n.01	0.943
123344767	time.n.02	0.682
106568869	time.n.02	0.417
106569298	time.n.02	0.664
123346567	time.n.02	0.653
106570634	time.n.02	0.844
106572690	time.n.02	0.874
106575685	time_period.n.01	0.992
106580061	time.n.02	0.62
106580305	time.n.02	0.727
106582776	time.n.02	0.933
106582794	time.n.02	0.901
106582868	time.n.02	0.857
106583693	time.n.02	0.798
106585414	time.n.03	0.853
106587529	time.n.02	0.854
106587693	time_period.n.01	0.992
114982217	duration.n.03	0.889
114982867	time.n.02	0.869
114983026	year.n.01	0.965
114983044	time.n.03	0.327
114983698	time.n.02	0.582
106595519	life.n.03	0.355
106595610	span.n.01	0.989
114985934	time.n.05	0.414
114986298	time.n.03	0.391
114986647	time.n.02	0.691
114988707	time.n.02	0.656
114988743	time.n.02	0.639
114989198	time.n.02	0.69
106734492	time.n.01	0.787
106734548	year.n.01	0.96
106734643	time_period.n.01	0.984
106735076	time.n.02	0.697
106736385	time.n.02	0.588
106736440	while.n.01	None
106737100	time.n.02	0.797
106737801	time.n.05	0.477
106741936	year.n.01	0.977
106741944	time.n.05	0.7
106742429	time_period.n.01	0.983
106745341	time_period.n.01	0.983
106745737	year.n.01	0.947
106746152	time.n.02	0.649
106746278	year.n.01	0.83
106746351	time.n.01	0.508
106747559	time.n.02	0.717
106748915	year.n.01	0.972
106749677	time_period.n.01	0.988
106749784	time.n.01	0.514
123527478	time.n.02	0.524
123527639	time.n.05	0.984
106750512	time.n.02	0.903
106751871	time.n.01	0.545
106752040	time_period.n.01	0.971
106752424	time_period.n.01	0.988
106752474	time.n.02	0.781
106752694	time.n.02	0.713
106752769	time.n.03	0.865
106752792	time.n.03	0.548
106753068	year.n.01	0.953
106753638	time.n.01	0.771
106753682	remainder.n.01	0.983
106753717	year.n.01	0.948
123530995	time.n.02	0.747
123531383	time.n.05	0.705
123531548	time_period.n.01	0.988
106755561	time_period.n.01	0.984
123533213	time.n.05	0.761
106756086	year.n.01	0.832
106756308	time.n.03	0.688
106756342	year.n.01	0.893
106756459	time.n.02	0.79
106756881	year.n.01	0.778
106757563	time.n.02	0.71
106757585	time.n.02	0.768
106757932	time.n.01	0.704
106758328	year.n.01	0.97
106758395	time.n.02	0.635
106758554	while.n.01	None
106758798	time.n.01	0.699
106759139	time.n.03	0.519
106759316	time_period.n.01	0.987
123537216	time.n.02	0.837
106760013	time.n.01	0.632
106760030	year.n.01	0.959
106760221	time.n.02	0.525
106760313	time.n.02	0.814
106761226	time.n.02	0.872
106761410	time.n.03	0.837
106762017	time.n.02	0.618
106762785	time.n.02	0.793
106763563	time.n.05	0.564
123540974	time.n.02	0.501
106764511	time.n.02	0.731
106765355	time_period.n.01	0.992
123542972	time.n.02	0.393
106765849	time.n.01	0.465
106766601	year.n.01	0.929
106767470	day.n.06	0.514
106767743	time.n.02	0.755
106768091	time.n.02	0.972
106769486	juncture.n.01	0.893
106770055	time.n.02	0.919
106770558	time.n.01	0.574
106770956	time_period.n.01	0.972
123549500	time.n.02	0.898
106772440	time.n.01	0.84
106772770	time.n.01	0.854
106772880	time_period.n.01	0.977
106773215	time.n.02	0.566
106773354	time.n.03	0.752
123551233	time.n.02	0.571
123551383	time.n.02	0.721
123551439	time.n.02	0.739
123552580	time_period.n.01	0.924
123553265	time.n.01	0.806
106776781	time.n.01	0.783
123554738	time.n.01	0.591
106777690	time.n.02	0.677
106777920	year.n.01	0.873
106778228	time.n.01	0.616
106778441	future.n.01	0.989
106778819	year.n.01	0.892
106778883	time.n.01	0.744
106779114	time.n.02	0.671
123556466	time.n.03	0.395
123556572	time.n.02	0.466
106779497	time.n.01	0.731
106780087	time.n.02	0.586
106780122	time_period.n.01	0.988
106780189	time_period.n.01	0.969
123559136	time.n.02	0.591
106784054	time.n.01	0.832
123561572	time.n.03	0.814
123561645	time.n.03	0.835
106784660	time.n.02	0.575
106786107	time.n.05	0.871
106786155	time.n.03	0.569
106786824	time.n.02	0.649
123564189	time.n.02	0.589
106789556	time.n.03	0.751
106789955	moment.n.02	0.646
106789996	time.n.02	0.536
106790149	time.n.02	0.706
106790181	time_period.n.01	0.985
106790198	year.n.01	0.652
106790233	time.n.01	0.796
106790340	time.n.02	0.68
106790477	moment.n.01	0.961
106790748	time.n.02	0.66
106790935	time.n.02	0.79
106791461	time.n.01	0.859
106791511	time_period.n.01	0.987
106791542	time_period.n.01	0.976
106791633	time.n.01	0.77
106792035	day.n.02	0.644
106792728	time.n.02	0.456
123570233	time.n.02	0.709
106793362	time.n.01	0.567
106794484	time.n.02	0.731
106795466	time.n.01	0.707
106796063	time.n.02	0.861
123573306	time.n.02	0.828
106796283	time.n.02	0.789
106796317	time.n.02	0.616
106797040	time_period.n.01	0.983
123574927	time.n.01	0.527
123574990	time.n.01	0.795
106797899	time.n.02	0.631
123575155	time.n.02	0.942
106798077	time.n.02	0.697
123576546	time.n.05	0.826
106799505	while.n.01	None
123576842	time.n.02	0.499
106799652	time.n.01	0.877
106799807	time.n.01	0.662
123577573	time.n.05	0.589
123577787	time.n.03	0.641
106800986	time.n.02	0.679
106801220	time.n.02	0.749
123578628	day.n.04	0.774
123578956	time.n.02	0.693
106801834	time.n.02	0.692
106801995	time.n.01	0.902
106802042	time_period.n.01	0.962
106802604	time.n.02	0.804
106803086	while.n.01	None
106803119	time_period.n.01	0.989
106803339	time.n.01	0.823
123580817	time.n.02	0.651
106803830	time.n.03	0.501
106804120	time.n.03	0.465
106804298	time.n.03	0.88
106804704	time.n.01	0.594
106805024	time.n.01	0.635
106805933	time.n.01	0.907
106806112	time.n.02	0.792
106806684	age.n.01	0.527
106808534	time.n.02	0.373
106809487	time.n.02	0.67
106809527	time.n.02	0.714
106810638	time_period.n.01	0.987
106810667	time.n.01	0.744
106810742	time.n.01	0.764
106810939	time.n.01	0.861
106811191	time.n.02	0.895
106811469	while.n.01	None
106811707	time.n.01	0.477
106811839	time.n.02	0.654
106812008	time_period.n.01	0.989
106812204	time.n.01	0.65
106814326	time_period.n.01	0.989
106814341	date.n.06	0.404
106814473	time.n.01	0.819
106816617	time.n.01	0.764
106817015	time.n.01	0.718
106817369	while.n.01	None
106818422	time.n.03	0.833
106818549	year.n.01	0.895
106818641	time.n.02	0.674
106819412	time.n.01	0.843
106820973	time.n.02	0.76
106821409	while.n.01	None
106824356	time.n.02	0.756
106824834	time.n.01	0.778
106824898	year.n.01	0.971
106825357	time.n.01	0.829
106825603	year.n.01	0.818
106826125	time_period.n.01	0.978
106826638	time.n.03	0.476
106826934	time.n.01	0.458
106827608	time.n.03	0.448
106827670	time.n.01	0.809
106828064	time.n.01	0.798
106828206	year.n.01	0.847
106830176	year.n.01	0.855
106830655	time.n.01	0.627
106836122	time.n.04	0.542
106836654	time.n.02	0.754
106839027	time.n.02	0.833
106839176	time.n.01	0.842
106839264	time.n.01	0.774
106839332	time_period.n.01	0.984
106839340	year.n.01	0.783
106839374	time.n.01	0.806
106840191	time.n.02	0.867
106840747	year.n.01	0.972
106840770	time_period.n.01	0.989
106840788	year.n.01	0.963
106840991	year.n.01	0.763
106841046	year.n.01	0.849
106841086	time.n.02	0.866
106841557	time.n.05	0.535
106842228	time.n.01	0.829
106843280	year.n.01	0.73
106843305	year.n.01	0.964
106843779	time.n.02	0.726
106844470	time.n.01	0.955
106844962	year.n.01	0.919
115234203	time.n.01	0.389
115234259	clock_time.n.01	0.363
106845726	time.n.01	0.704
106845869	time.n.03	0.858
115234709	time_period.n.01	0.955
106846548	time.n.02	0.514
106847100	day.n.06	0.59
106847263	time_period.n.01	0.983
106847323	time_period.n.01	0.991
106847463	time_period.n.01	0.979
106847802	time.n.02	0.665
115237223	time.n.05	0.919
106849840	time_period.n.01	0.977
106849846	year.n.01	0.948
106850064	time.n.01	0.737
106850952	year.n.01	0.785
106851655	time_period.n.01	0.973
106851692	time_period.n.01	0.973
115240635	time_period.n.01	0.821
106852042	time.n.02	0.662
106852430	time.n.01	0.64
106853065	year.n.01	0.964
115242520	time.n.02	0.543
115242571	time.n.01	0.6
115242602	time.n.02	0.498
106854603	time.n.01	0.568
106854936	time.n.02	0.634
106855278	time_period.n.01	0.965
106856160	time.n.02	0.762
106857446	time_period.n.01	0.983
106857654	time.n.03	0.772
106858154	time.n.02	0.957
106859120	time.n.02	0.794
115248467	time.n.01	0.771
115248488	time.n.02	0.864
115248601	clock_time.n.01	0.634
115248618	duration.n.01	0.481
106860057	time_period.n.01	0.885
106860623	time.n.03	0.644
106860817	time.n.01	0.517
115249428	time.n.01	0.58
106860890	time.n.01	0.787
106861083	historic_period.n.01	0.931
115251152	time.n.02	0.835
106862834	year.n.01	0.731
106863263	time.n.01	0.723
123640725	time.n.05	0.933
123640819	time.n.05	0.952
123640840	time.n.05	0.965
123640876	time.n.05	0.734
123640897	time.n.05	0.928
106863698	time.n.02	0.606
123640915	time.n.05	0.848
123640950	time.n.05	0.921
123640966	time.n.02	0.258
123641023	time.n.02	0.504
115253754	age.n.01	0.457
106865259	time.n.03	0.704
115253932	time.n.05	0.865
106865445	time.n.02	0.554
115254329	time.n.01	0.51
115254511	time.n.01	0.528
115254596	time.n.01	0.461
115254839	duration.n.03	0.793
115254931	duration.n.03	0.866
115255262	time.n.02	0.479
106866818	time.n.01	0.706
115256360	time.n.02	0.436
106867773	year.n.01	0.719
106867884	time.n.01	0.768
106867957	time_period.n.01	0.964
106868011	year.n.01	0.98
106868626	while.n.01	None
106868800	time.n.03	0.749
106868815	historic_period.n.01	0.939
115257588	duration.n.03	0.842
115257618	time.n.02	0.666
115257624	time.n.02	0.666
115257671	time.n.05	0.305
106869345	time.n.03	0.452
106869421	year.n.01	0.906
106869460	time.n.01	0.84
115258132	event.n.01	0.878
115258162	time.n.02	0.503
115258927	period.n.02	0.754
115259332	time.n.02	0.508
115259376	period.n.02	0.65
115259397	period.n.02	0.624
106870791	time.n.02	0.683
115259422	period.n.02	0.624
115259444	period.n.02	0.835
115259457	time.n.02	0.667
115259545	time.n.02	0.65
106870961	time.n.02	0.66
106871006	time.n.02	0.721
115259647	period.n.02	0.585
115259666	time.n.02	0.472
115259706	time.n.02	0.46
115259773	period.n.02	0.589
115259822	period.n.02	0.591
106871228	time.n.02	0.853
115259855	period.n.02	0.591
115259898	hour.n.01	0.873
106871295	time.n.02	0.552
115259998	meter.n.04	0.557
115260027	time.n.02	0.555
115260050	time.n.02	0.333
115260072	meter.n.04	0.37
115260080	meter.n.04	0.375
115260088	time.n.01	0.88
115260103	time.n.01	0.53
115260143	meter.n.04	0.73
106871550	coevals.n.01	0.838
106871558	time.n.03	0.908
115260168	time.n.02	0.469
115260220	period.n.02	0.619
115260247	meter.n.04	0.466
115260272	meter.n.04	0.45
115260280	time_period.n.01	0.972
115260366	meter.n.04	0.494
115260375	time.n.02	0.38
115260398	meter.n.04	0.392
115260405	time.n.02	0.306
115260422	time.n.01	0.74
115260455	fourth_dimension.n.01	0.302
115260488	time.n.02	0.43
115260499	time.n.02	0.481
115260570	time.n.02	0.669
115260601	time.n.02	0.571
115260671	meter.n.04	0.485
115260701	hour.n.02	0.507
115260715	time.n.02	0.669
115260745	meter.n.04	0.657
115260767	meter.n.04	0.595
115260973	duration.n.03	0.853
115261048	time.n.05	0.537
106873435	time_period.n.01	0.987
106874055	time_period.n.01	0.944
106875018	while.n.01	None
106875216	time.n.02	0.71
106875642	time.n.02	0.829
123653556	time.n.05	0.312
123653930	time.n.05	0.939
123653947	time.n.05	0.827
106877073	time.n.05	0.503
106878022	time_period.n.01	0.979
115267298	duration.n.03	0.884
115268996	time_period.n.01	0.842
106881151	time.n.02	0.472
106881299	time.n.03	0.619
106881616	time.n.03	0.948
115271236	time.n.01	0.914
115271256	time.n.01	0.723
115271282	time.n.03	0.646
115271829	time.n.02	0.809
115272066	time.n.02	0.637
115272096	duration.n.03	0.871
106883888	time.n.02	0.835
115273009	time.n.02	0.808
106884679	time.n.02	0.696
106884708	time.n.02	0.641
106884896	time_period.n.01	0.979
106884948	time_period.n.01	0.983
106884959	period.n.04	0.561
115273779	time_period.n.01	0.826
115273839	birth.n.02	0.866
115273882	space.n.01	0.65
115273984	time.n.01	0.856
115274173	time.n.02	0.389
106885585	time_period.n.01	0.962
106885633	time.n.02	0.684
115274247	time.n.01	0.474
115274258	time.n.02	0.429
115274286	duration.n.03	0.87
115274396	time.n.01	0.386
115274422	time.n.01	0.342
115274512	time.n.02	0.755
115274523	time.n.02	0.53
115274594	time.n.01	0.52
115274700	time.n.01	0.295
115274790	time.n.01	0.761
115274824	time.n.01	0.769
106886531	time.n.01	0.859
106886889	time.n.02	0.959
106888301	sequence.n.01	0.685
106888545	time_period.n.01	0.979
106889092	time.n.03	0.947
106889929	time_period.n.01	0.977
106890301	time_period.n.01	0.977
106890860	time_period.n.01	0.973
106890992	time.n.02	0.81
106891278	time.n.01	0.84
106891695	time.n.01	0.88
106892134	time_period.n.01	0.959
106893762	time_period.n.01	0.981
106894041	term.n.02	0.967
106895375	time.n.02	0.555
106896593	year.n.01	0.976
106896681	time_period.n.01	0.992
106897614	time.n.02	0.738
106898111	time_period.n.01	0.989
106898443	time.n.05	0.818
106899966	year.n.01	0.906
106900033	time.n.02	0.833
106900152	chronology.n.01	0.704
106901420	time.n.01	0.757
106902205	time.n.02	0.943
106903086	time.n.02	0.56
106905443	moment.n.01	0.933
106906067	year.n.01	0.986
106908222	time.n.04	0.436
106911251	time.n.02	0.759
106914591	time.n.03	0.739
106914641	time.n.01	0.475
106915610	time.n.02	0.553
106917410	time.n.02	0.753
106917570	time.n.02	0.963
106918115	time.n.02	0.914
106918148	time.n.02	0.446
106919412	year.n.01	0.982
106922183	year.n.01	0.987
106922525	year.n.01	0.686
106923717	time.n.02	0.602
106926030	year.n.01	0.967
106926382	juncture.n.01	0.874
106927356	point.n.06	0.762
106927578	time.n.04	0.703
106929837	year.n.01	0.986
106930859	time.n.02	0.784
106932523	time.n.02	0.806
115329008	time.n.02	0.802
115329057	historic_period.n.01	0.705
115331721	time.n.02	0.815
115331775	time_period.n.01	0.99
115331926	time.n.01	0.896
115332155	time_period.n.01	0.99
115332198	time.n.02	0.663
115332792	time.n.03	0.36
115333530	time.n.01	0.493
115333942	time_period.n.01	0.947
115334161	delay.n.01	0.722
115334522	time.n.01	0.509
115335862	time.n.02	0.931
115337176	time.n.02	0.734
115340015	time.n.02	0.435
115341587	time.n.02	0.452
115341600	year.n.01	0.927
115345893	time.n.01	0.886
115346600	time.n.01	0.755
115351281	time.n.02	0.547
115354325	time_period.n.01	0.988
115356283	time.n.02	0.844
115361937	time_period.n.01	0.988
115362883	time.n.03	0.353
115363427	time.n.02	0.704
115365338	time_period.n.01	0.988
115369608	time.n.02	0.501
115370132	time.n.01	0.891
115371950	time.n.01	0.78
115372042	time.n.01	0.775
115377029	time.n.02	0.96
115377225	time_period.n.01	0.991
115378326	time.n.02	0.974
115379607	time_period.n.01	0.978
115381522	time.n.02	0.72
115382371	time.n.04	0.559
115382476	time.n.02	0.936
115382929	time.n.02	0.921
115383182	time.n.01	0.79
115387938	time.n.02	0.76
115388301	time.n.02	0.812
115390556	time.n.02	0.68
115393762	time.n.03	0.435
115396491	time.n.02	0.527
115399182	date.n.04	0.541
115400502	calendar_month.n.01	0.739
115402155	time.n.02	0.752
115403325	time.n.02	0.541
115403849	time.n.02	0.392
115406094	time.n.01	0.754
115406135	year.n.01	0.956
115406545	time.n.02	0.519
115407086	place.n.06	0.621
107020312	time.n.05	0.637
107020342	tense.n.01	None
107020496	tense.n.01	None
115409847	time.n.02	0.561
107021308	time.n.05	0.816
115410611	time.n.03	0.573
115417057	time.n.01	0.706
115417136	time_period.n.01	0.981
115417188	time_period.n.01	0.982
115418218	time.n.02	0.89
115418792	time_period.n.01	0.992
115422948	life.n.06	0.368
115423503	time.n.01	0.554
115423531	time.n.02	0.474
115423989	time.n.02	0.853
115426899	time_period.n.01	0.978
115429945	time.n.02	0.816
115434222	time_period.n.01	0.957
115434551	day.n.02	0.525
107048960	time.n.02	0.719
107049116	year.n.01	0.932
107049342	year.n.01	0.94
115438841	time.n.02	0.714
107050599	time.n.02	0.544
115439262	time.n.02	0.956
107050962	time.n.05	0.317
107051130	time.n.02	0.502
107051165	time.n.01	0.406
107051195	time.n.02	0.744
107051529	time.n.02	0.482
107052554	time.n.03	0.643
107052600	time.n.05	0.59
107055104	time.n.03	0.685
107058651	time.n.05	0.743
107058914	time.n.03	0.685
107058992	time.n.02	0.599
107059012	time.n.03	0.827
107059066	year.n.01	0.962
107059095	time.n.03	0.666
107059236	duration.n.01	0.46
107059746	time.n.02	0.654
107059991	time.n.05	0.911
107060121	time_period.n.01	0.966
115449120	time_period.n.01	0.988
107060596	time.n.01	0.838
107060625	time.n.02	0.711
107060734	time_period.n.01	0.959
107060812	time_period.n.01	0.993
107061039	time.n.02	0.622
107061587	date.n.06	0.413
107061726	time.n.01	0.758
107061998	while.n.01	None
107062198	time.n.02	0.56
107063454	day.n.02	0.941
115452075	time.n.03	0.517
107063494	time.n.02	0.541
107063884	time.n.02	0.82
107064075	time.n.02	0.548
107064206	time.n.01	0.644
107064611	time.n.02	0.516
107064657	time.n.02	0.64
107065139	date.n.01	0.444
107065207	date.n.01	0.499
107065249	date.n.06	0.442
107065425	time_period.n.01	0.965
115454297	time.n.02	0.768
107066224	time.n.01	0.485
107066746	date.n.06	0.613
107067169	time.n.03	0.65
115455811	time.n.02	0.667
107067695	time.n.02	0.494
107067951	time.n.05	0.73
107068290	day.n.02	0.913
107068412	time.n.03	0.65
107068476	day.n.02	0.853
107068839	time.n.01	0.634
107069019	time.n.02	0.453
107069207	time.n.05	0.539
107070012	day.n.02	0.929
115459677	time.n.02	0.685
107071405	time.n.02	0.71
115460140	interim.n.01	None
107071956	time.n.01	0.84
107072152	time.n.01	0.737
107072905	time.n.02	0.753
107073003	time.n.02	0.801
107073088	time.n.02	0.802
115462093	time.n.02	0.662
107073711	day.n.02	0.893
107073941	time.n.02	0.837
107074030	day.n.02	0.876
107074414	time.n.02	0.429
115464355	time.n.02	0.775
107076159	time.n.02	0.629
107076172	long_time.n.01	0.443
107077374	time.n.02	0.701
115466021	time.n.02	0.354
107077437	time.n.02	0.707
107077479	time.n.02	0.478
115466117	time.n.02	0.769
107077743	time.n.02	0.709
107077870	time.n.02	0.82
107077972	day.n.02	0.888
115466684	time.n.02	0.592
107078208	time.n.01	0.374
107078793	time.n.01	0.771
107079177	time.n.01	0.79
107079315	time.n.03	0.749
107079969	day.n.02	0.883
107080447	time.n.02	0.544
107080984	time.n.02	0.743
107081076	time.n.05	0.323
107081599	time.n.02	0.594
107081873	time.n.02	0.591
107081903	time.n.01	0.324
107081936	chronology.n.01	0.569
107082063	time.n.02	0.686
107082154	date.n.01	0.446
115470773	time_period.n.01	0.988
107082208	time.n.05	0.527
107082253	time.n.02	0.653
107082305	year.n.01	0.96
115471002	time.n.02	0.55
107082458	time.n.02	0.387
107082651	time.n.01	0.423
107082707	time_period.n.01	0.981
115471580	time.n.02	0.753
107083295	time.n.02	0.597
107084157	time.n.01	0.644
107084366	time.n.02	0.677
115473046	time.n.01	0.667
107084507	time.n.04	0.663
115473299	day.n.01	0.839
107084712	juncture.n.01	0.73
115473714	time_period.n.01	0.947
115473761	time_period.n.01	0.983
107085284	pause.n.01	0.822
115474075	time_period.n.01	0.986
107086667	time.n.02	0.919
115475421	time.n.01	0.853
107087054	time.n.02	0.786
115475673	time.n.01	0.811
115475796	time.n.01	0.538
107087208	pause.n.01	0.795
115476256	time.n.01	0.433
115476392	time.n.02	0.846
107087837	time.n.04	0.468
107088195	time.n.01	0.463
107088294	time.n.02	0.75
107088470	time.n.01	0.557
107088600	time.n.03	0.684
107088725	time.n.02	0.665
107089471	time.n.02	0.82
107089704	time.n.05	0.819
115478488	time.n.02	0.642
107089922	time.n.04	0.739
115478530	time_period.n.01	0.981
115478741	time_period.n.01	0.99
107090404	day.n.06	0.594
107090607	day.n.02	0.576
107091010	time.n.03	0.51
107091217	time.n.02	0.826
115480389	time.n.02	0.763
107092279	day.n.02	0.677
107093617	time.n.01	0.75
115482938	time.n.02	0.566
107094641	time_period.n.01	0.989
107095030	time.n.03	0.566
115484583	time_period.n.01	0.991
115484611	time.n.02	0.963
107096078	time.n.02	0.639
107096099	time.n.02	0.735
107096245	time.n.02	0.888
107097752	time.n.03	0.754
107098035	time.n.02	0.545
107098209	time.n.02	0.886
107098217	date.n.04	0.384
107098787	time.n.05	0.415
107099245	year.n.01	0.99
107099302	day.n.02	0.938
115488050	time.n.02	0.638
107099820	delay.n.01	0.749
107100563	time.n.02	0.504
107100659	time.n.02	0.408
107101007	time.n.02	0.732
107101175	time.n.02	0.834
107101724	time.n.02	0.886
107102736	time.n.02	0.813
107102971	time.n.01	0.566
107103350	day.n.02	0.895
107104214	time.n.01	0.663
107105204	time.n.01	0.55
107105245	time.n.03	0.511
107106006	chronology.n.01	0.654
107106017	time.n.01	0.621
107106147	time_period.n.01	0.965
107106389	time_period.n.01	0.971
107106566	time.n.02	0.697
107106590	time.n.01	0.846
115495392	time.n.02	0.757
107106800	year.n.01	0.981
115497021	time.n.02	0.378
107108486	time.n.03	0.604
107109014	distance.n.05	0.948
115498179	time.n.02	0.852
107110484	time.n.02	0.958
115499180	time.n.02	0.718
107111124	time.n.03	0.575
107111128	time.n.03	0.575
107111427	time.n.02	0.63
107113229	time.n.02	0.578
123891006	age.n.01	0.432
107114011	time.n.02	0.872
123891531	time.n.02	0.721
123892118	time.n.02	0.791
107115280	time.n.05	0.499
123892526	time.n.02	0.661
107115606	time.n.02	0.719
107115862	time.n.05	0.64
107116189	age.n.01	0.356
115504816	time.n.02	0.758
107116773	time.n.02	0.737
107117592	time.n.01	0.831
115506976	time.n.01	0.899
107118444	time.n.02	0.923
115507128	time_period.n.01	0.987
107118645	time.n.02	0.78
107119008	time.n.04	0.87
107119399	time.n.02	0.511
115508163	time.n.02	0.851
107119674	time.n.01	0.841
115508283	time.n.02	0.822
115508323	time.n.05	0.541
107120015	time.n.05	0.504
123898372	year.n.01	0.963
107121437	time.n.05	0.568
107121520	year.n.01	0.925
123899010	time.n.03	0.547
107121862	time.n.02	0.918
115510554	time_period.n.01	0.988
107121975	time.n.01	0.67
115512306	time.n.02	0.487
115513639	time.n.02	0.853
115513667	time.n.02	0.847
107125314	moment.n.02	0.528
107125381	time.n.01	0.985
115514568	time_interval.n.01	0.982
107126208	interim.n.01	None
115514828	term.n.02	0.978
107126268	time.n.02	0.942
107126407	time.n.02	0.68
107126420	day.n.02	0.847
107126862	time.n.02	0.767
107126926	time.n.01	0.676
115515676	time_period.n.01	0.989
115516162	term.n.02	0.977
115516205	time_period.n.01	0.991
107127600	year.n.01	0.99
107127718	time.n.01	0.588
107128278	time.n.01	0.58
107128377	time.n.02	0.658
107128643	life.n.06	0.349
107128928	time.n.01	0.911
107128960	year.n.01	0.96
107129171	time.n.01	0.835
107129264	time.n.02	0.944
107130261	time.n.03	0.857
107131543	time.n.02	0.675
115520153	time.n.02	0.477
107132121	duration.n.03	0.929
107132767	time.n.01	0.895
107132797	interim.n.01	None
115522202	time.n.03	0.446
107133882	time.n.02	0.892
115522887	time.n.04	0.549
107134504	time_period.n.01	0.983
107135503	time.n.01	0.836
115524118	time_period.n.01	0.985
115524388	year.n.01	0.921
115524676	year.n.01	0.871
107136169	time.n.02	0.633
115525293	time_period.n.01	0.982
107136935	day.n.02	0.91
107137258	time.n.02	0.397
107137542	year.n.01	0.979
107137855	day.n.02	0.845
115526495	time.n.01	0.729
107139419	duration.n.03	0.958
107139925	time.n.04	0.656
115528580	time.n.01	0.83
115528739	time.n.03	0.765
123917365	time.n.01	0.272
123917935	time.n.01	0.39
123917984	time.n.02	0.629
123917989	time.n.02	0.528
107141606	time.n.01	0.726
123919186	time.n.02	0.468
107142109	year.n.01	0.985
107142342	time.n.01	0.73
107142562	course.n.02	0.948
115531647	time_period.n.01	0.986
115531803	time.n.01	0.869
107143356	time.n.02	0.793
115533470	time_period.n.01	0.989
123922419	time.n.02	0.556
115534052	time_period.n.01	0.969
115534088	time.n.02	0.848
115534531	time.n.02	0.538
115535401	time.n.02	0.67
107147287	day.n.02	0.902
107147432	day.n.02	0.874
115536082	time_period.n.01	0.988
107147908	day.n.02	0.906
107148126	day.n.06	0.757
107148745	time.n.02	0.686
107148890	time.n.01	0.435
107149154	time.n.01	0.71
107149253	time.n.05	0.535
115538333	time.n.05	0.455
107150743	event.n.01	0.952
107151219	time.n.02	0.664
115540525	time_period.n.01	0.979
115540960	time_period.n.01	0.989
107152515	time.n.02	0.465
107153315	time.n.02	0.689
115542192	time.n.02	0.581
115542771	time.n.02	0.774
107154179	time.n.01	0.518
115542981	time_period.n.01	0.993
107154632	time.n.05	0.699
107156015	time.n.02	0.807
107157281	day.n.02	0.865
107157511	time.n.02	0.821
107159831	future.n.01	0.995
107160202	time.n.02	0.652
107160271	pause.n.01	0.952
107160607	time.n.01	0.729
115549381	time.n.02	0.824
115549410	year.n.01	0.994
115549432	year.n.01	0.977
107161766	chronology.n.03	0.64
107162356	time.n.02	0.6
107162788	time.n.01	0.793
123940738	time.n.02	0.639
107164609	year.n.01	0.724
107165118	time.n.02	0.402
107165448	day.n.02	0.839
107165611	time.n.02	0.943
107167743	time.n.01	0.616
107168282	time.n.02	0.757
123945574	time.n.02	0.675
107168628	time.n.02	0.761
115557307	time.n.03	0.85
115557391	time.n.02	0.653
107169869	time.n.01	0.526
107169995	time.n.02	0.565
107170318	pause.n.01	0.867
107172383	time.n.02	0.824
115561268	ward.n.01	0.651
107173798	moment.n.01	0.509
115562690	time.n.01	0.914
107174189	time.n.02	0.531
107174291	time.n.01	0.974
115563992	age.n.01	0.871
107175726	juncture.n.01	0.758
115564505	age.n.01	0.809
107177844	time.n.04	0.538
107178604	day.n.02	0.891
107179159	time_interval.n.01	0.994
115567977	time.n.05	0.909
107179422	time.n.02	0.738
107179743	time.n.02	0.724
107180327	time.n.02	0.392
107180977	time.n.01	0.772
115570084	time.n.02	0.544
115570312	time.n.02	0.737
115571418	time.n.02	0.634
107182826	life.n.05	None
107183457	time.n.01	0.75
107183799	time.n.03	0.658
107184450	interim.n.01	None
107184459	time.n.02	0.907
107184783	time.n.03	0.377
107185782	time.n.01	0.812
107186143	time.n.02	0.722
107186386	time.n.01	0.797
107186425	time.n.02	0.672
107186555	time.n.02	0.823
107186708	time.n.02	0.713
107186730	time.n.01	0.682
107187567	time.n.02	0.912
123966641	time.n.02	0.751
107190440	time_period.n.01	0.99
123968029	time.n.02	0.699
107191386	time.n.02	0.738
107191403	time.n.02	0.7
115580557	time.n.02	0.62
107192358	time.n.02	0.909
107192380	time.n.01	0.624
107192484	term.n.02	0.889
107192710	time.n.01	0.944
107193548	time.n.02	0.763
107193957	delay.n.01	0.683
107194296	time.n.02	0.728
115583118	age.n.01	0.625
107195171	time.n.02	0.859
107195520	age.n.03	0.577
123972865	time.n.02	0.531
107195877	time.n.02	0.756
107196274	while.n.01	None
123973580	time.n.05	0.81
107197190	day.n.02	0.866
123974961	time.n.02	0.564
107198651	time.n.02	0.446
107199794	year.n.01	0.985
123977234	time_period.n.01	0.984
107200124	term.n.02	0.897
107200266	day.n.03	0.607
107200314	time.n.02	0.631
107200709	time.n.02	0.858
115590637	time.n.05	0.426
107202102	time.n.02	0.909
107202416	moment.n.02	0.746
107202442	time.n.02	0.816
107202947	time.n.02	0.758
115592486	time.n.01	0.862
107205704	time.n.02	0.765
115595761	time.n.01	0.685
107207305	future.n.01	0.994
107207574	future.n.01	0.977
107207864	time_period.n.01	0.972
107207877	time.n.04	0.65
107208404	opportunity.n.01	None
107208651	moment.n.02	0.762
107208939	time.n.02	0.855
107210608	future.n.01	0.988
107210698	time.n.03	0.845
107212278	day.n.02	0.864
115601164	time.n.05	0.507
107212934	time.n.02	0.722
115602338	time.n.02	0.492
107213805	day.n.02	0.951
115602981	time.n.02	0.582
107214672	delay.n.01	0.816
107216507	time.n.02	0.805
107216520	time.n.02	0.805
107218025	time.n.02	0.599
107218411	life.n.05	0.394
107218429	time.n.02	0.868
123995952	time.n.02	0.684
107219099	time.n.05	0.68
115608255	time.n.02	0.721
107220109	time.n.02	0.813
107220171	time.n.04	0.269
107220839	time.n.03	0.683
107220975	time.n.05	0.55
107220996	time.n.05	0.55
107221057	day.n.02	0.816
107221281	time.n.02	0.785
107221889	time.n.02	0.782
115611106	time.n.02	0.677
107222610	time.n.02	0.592
107222644	time.n.02	0.592
107222681	time.n.01	0.865
107223273	time.n.01	0.606
107223397	time_interval.n.01	0.991
107223416	time.n.02	0.797
107223548	date.n.06	0.495
107223641	date.n.06	0.734
107223931	time.n.03	0.419
115612573	delay.n.01	0.702
107224045	time.n.02	0.519
107224081	time.n.03	0.745
115613435	time.n.02	0.757
115614149	time.n.02	0.682
107226257	time.n.01	0.761
107227088	time.n.02	0.917
107227162	time.n.02	0.809
115616616	time.n.02	0.448
115616814	time.n.02	0.627
107228472	time.n.05	0.511
115618255	duration.n.03	0.796
115622226	time.n.02	0.515
107234512	time.n.01	0.334
107234727	day.n.01	0.582
107234857	time.n.04	0.343
107234924	time.n.02	0.763
107235027	time.n.02	0.747
107235056	time.n.02	0.759
115623935	time.n.02	0.531
107236852	time.n.02	0.604
107236878	time.n.02	0.843
107237440	time.n.02	0.872
107237881	history.n.01	0.444
107239599	year.n.01	0.96
107241318	time.n.02	0.768
107242102	time.n.02	0.943
107242391	time.n.03	0.896
107242428	time.n.03	0.574
115632082	time.n.02	0.761
115632698	time.n.05	0.424
107244753	time.n.01	0.851
107245947	life.n.06	0.522
107246563	time.n.03	0.554
107246631	time.n.02	0.608
107246672	time.n.02	0.512
107246873	time.n.03	0.816
107247415	time.n.05	0.515
107247454	day.n.02	0.926
115636496	duration.n.03	0.725
107248729	time.n.03	0.767
107248892	time_interval.n.01	0.968
107249645	time.n.02	0.6
107249790	juncture.n.01	0.735
115638602	time.n.05	0.719
107250504	pause.n.01	0.922
115640010	time.n.05	0.383
115640513	duration.n.03	0.725
107252034	future.n.01	0.986
107252608	time.n.02	0.639
115641772	time.n.02	0.828
115641821	time.n.02	0.648
107253511	time.n.02	0.848
107253583	time.n.02	0.78
107253727	time.n.02	0.747
107254330	time.n.02	0.905
115643102	time.n.05	0.547
107254650	leisure.n.01	0.764
107255138	time.n.02	0.69
115643758	time.n.05	0.778
107255215	duration.n.03	0.93
107255361	time.n.02	0.809
115645612	time.n.01	0.935
107257170	day.n.02	0.844
115646874	time.n.02	0.453
115647973	time.n.02	0.599
115648130	time.n.02	0.705
107260205	time.n.05	0.919
107260777	day.n.01	0.798
107260786	interim.n.01	None
107261184	time.n.03	0.646
115651330	time.n.05	0.585
115651519	time.n.02	0.686
115651621	time.n.05	0.412
107263865	time.n.05	0.531
107264819	time.n.02	0.848
107264965	interim.n.01	None
107265670	life.n.05	0.522
107266206	time.n.05	0.623
107266357	time.n.02	0.552
107266818	moment.n.02	0.642
115655471	duration.n.03	0.94
107267101	day.n.04	0.601
107267844	time.n.01	0.754
107269554	time.n.02	0.835
107269601	time.n.02	0.68
107269698	time.n.05	0.651
107270575	time.n.02	0.513
115662252	age.n.01	0.872
107273923	time.n.02	0.738
107274196	year.n.01	0.94
107275120	time.n.02	0.927
107275142	time.n.02	0.913
107275182	time.n.05	0.47
107275445	time.n.01	0.724
107276651	time.n.03	0.916
107276700	time.n.05	0.44
115665320	date.n.04	0.683
107276963	time.n.01	0.579
107277167	time.n.02	0.512
115667804	age.n.01	0.801
107279602	time.n.03	0.695
107279886	time.n.02	0.866
107280438	time.n.01	0.457
107280635	time.n.02	0.725
107280930	time.n.01	0.621
107281286	time.n.01	0.609
107281849	time.n.01	0.761
107281868	season.n.01	0.914
107283716	opportunity.n.01	None
107285135	time.n.02	0.762
107285572	time.n.02	0.802
107285738	time.n.02	0.836
107286040	term.n.02	0.939
107286658	time.n.02	0.9
107288475	time.n.02	0.8
107288704	time.n.02	0.945
107289190	time.n.02	0.772
107289445	time.n.02	0.436
107289798	time.n.02	0.813
115680235	date.n.01	0.623
107291640	time.n.02	0.844
107292162	year.n.01	0.97
115680806	time.n.02	0.461
107292624	time.n.04	0.626
107292994	time.n.03	0.499
115681619	time.n.02	0.464
107294152	time.n.02	0.691
107294453	time.n.03	0.339
107295448	interim.n.01	None
107295755	future.n.01	0.974
115684733	age.n.01	0.844
107296818	time.n.02	0.864
107297422	time.n.05	0.34
107297712	term.n.02	0.984
107298241	time.n.02	0.355
107300208	time.n.03	0.602
107300219	time.n.03	0.602
107300775	delay.n.01	0.853
107301046	time.n.02	0.662
107301280	time.n.01	0.54
115690016	time.n.05	0.638
107301430	year.n.01	0.975
107301489	time.n.05	0.539
115690421	time.n.02	0.366
115690769	time.n.02	0.544
115690869	time.n.01	0.665
107302791	time.n.02	0.811
107303991	time.n.02	0.809
107304531	time.n.02	0.707
107304548	time.n.04	0.593
107304996	time.n.02	0.922
115694279	time.n.02	0.679
115695204	time.n.02	0.458
115695915	time.n.02	0.552
107307690	time.n.01	0.513
107307772	time.n.03	0.529
115697322	time.n.02	0.28
115697656	time.n.01	0.726
107309054	term.n.02	0.891
115697752	time_interval.n.01	0.977
107309283	time.n.02	0.734
107309556	time.n.02	0.568
107309759	time.n.02	0.954
115698571	time.n.01	0.766
107310171	time.n.01	0.547
107310282	day.n.01	0.566
115699600	time.n.05	0.927
115699700	time.n.01	0.834
107311531	time.n.02	0.704
107311842	patience.n.01	0.999
115701654	time.n.01	0.885
107313440	time.n.01	0.392
115702402	time.n.04	0.845
115702780	juncture.n.01	0.777
107314290	time.n.02	0.961
107314523	future.n.01	0.972
107315406	time.n.02	0.632
107315497	interim.n.01	None
107315521	day.n.01	0.52
107315670	time.n.02	0.525
107316017	term.n.02	0.847
107316097	time.n.02	0.726
107316203	time.n.01	0.975
115704905	time.n.02	0.626
107316603	day.n.02	0.481
115705272	time.n.02	0.52
107316934	time.n.03	0.647
115705547	time.n.02	0.476
115705834	time.n.05	0.777
107317446	time.n.01	0.802
107317640	time.n.02	0.692
107319280	time.n.02	0.46
107320595	juncture.n.01	0.879
115709518	while.n.01	None
107320997	time.n.01	0.628
107321140	time.n.02	0.805
115710765	time.n.02	0.837
107322663	time.n.02	0.939
107322711	time.n.04	0.61
107322820	time.n.04	0.807
107323004	time.n.02	0.835
107323312	time.n.02	0.431
115712171	time.n.02	0.413
107325575	time.n.02	0.737
115715126	time.n.05	0.464
107326523	time.n.02	0.8
107326579	time.n.02	0.644
107327449	day.n.01	0.595
107327486	time_interval.n.01	0.987
107328674	time.n.02	0.87
107328991	time.n.03	0.487
107329508	season.n.02	0.661
107329723	time.n.02	0.891
107330840	time.n.02	0.909
107330883	time.n.02	0.784
107331105	time.n.01	0.701
107331828	time.n.02	0.55
107331867	time.n.04	0.578
107331880	term.n.02	0.984
107331952	time.n.01	0.464
107332930	time.n.01	0.839
107333365	interim.n.01	None
107333996	term.n.02	0.734
107334189	time.n.04	0.478
107334319	term.n.02	0.875
107334339	time_period.n.01	0.986
107335076	time.n.02	0.621
115723983	time.n.01	0.669
107337151	future.n.01	0.99
107337670	time_interval.n.01	0.979
107338436	time_period.n.01	0.97
107338595	time.n.01	0.687
115727892	time.n.02	0.744
107339825	time.n.02	0.742
115729171	time_period.n.01	0.991
107340665	age.n.03	0.53
107340974	delay.n.01	0.523
115730137	time.n.02	0.748
107342191	time_interval.n.01	0.988
115730836	time.n.02	0.639
107342317	year.n.01	0.961
115731004	time.n.02	0.681
107342622	interim.n.01	None
107342840	moment.n.01	0.748
107342889	time.n.04	0.446
107342993	time.n.04	0.675
107343020	time.n.02	0.919
107343064	pause.n.01	0.962
107343540	time.n.02	0.921
107343562	time.n.02	0.97
107343987	time.n.02	0.822
107344135	time.n.02	0.482
115732990	time.n.01	0.746
107344640	time.n.02	0.621
107344709	time.n.01	0.822
115733873	time.n.03	0.472
107345352	moment.n.01	0.613
107346208	term.n.02	0.905
107346279	day.n.02	0.899
107347317	year.n.01	0.942
115736776	time.n.02	0.727
107348372	time.n.02	0.941
115737471	time.n.02	0.468
107349060	time.n.01	0.658
115737901	time.n.05	0.887
107349928	time.n.03	0.347
115738542	time.n.01	0.881
107350061	time.n.03	0.467
115739024	time.n.02	0.566
107350803	time.n.04	0.783
107351606	time.n.01	0.615
107351703	time.n.01	0.783
107352604	time.n.02	0.784
107352937	time.n.02	0.747
115741733	age.n.01	0.725
115741989	time.n.05	0.919
107354001	time.n.02	0.792
115743601	term.n.02	0.832
115743807	time_period.n.01	0.989
107355263	year.n.01	0.949
107355315	time.n.05	0.427
107355698	interim.n.01	None
107356080	time.n.02	0.745
107358438	time.n.02	0.931
107358558	time.n.01	0.78
115747292	time_interval.n.01	0.989
115747304	interval.n.03	0.528
115747438	time_period.n.01	0.978
107359204	time.n.02	0.483
107360559	time.n.01	0.508
107360955	future.n.01	0.983
115749945	time.n.01	0.441
107361458	time.n.02	0.762
107361868	time.n.05	0.425
107362108	time.n.05	0.436
107362825	time.n.02	0.255
107362842	time.n.02	0.642
107363092	time.n.01	0.809
107363906	time.n.02	0.895
115753272	time_period.n.01	0.966
107365278	year.n.01	0.98
107365577	time.n.02	0.877
107366369	time.n.02	0.823
115755826	time.n.02	0.645
107367284	time.n.01	0.785
107368550	moment.n.01	0.976
115758689	while.n.01	None
107370859	moment.n.02	0.648
107371183	time.n.01	0.502
107372065	while.n.01	None
107372177	time.n.03	0.384
107372242	while.n.01	None
107372599	time.n.01	0.716
107373269	moment.n.02	0.742
107373406	time.n.02	0.765
107373430	time.n.01	0.793
115762204	time.n.05	0.899
107374045	time_period.n.01	0.983
107374292	time.n.03	0.785
115765108	time.n.02	0.463
115768077	time.n.05	0.85
115768173	time.n.05	0.775
115773758	time.n.05	0.439
115777281	time.n.05	0.604
115778250	time.n.02	0.485
115782349	time.n.02	0.402
115789242	time.n.02	0.521
124719519	time.n.03	0.915
115791827	time.n.02	0.572
115794464	time.n.05	0.75
115794699	time.n.05	0.415
115797179	time.n.05	0.822
115797754	historic_period.n.01	0.688
115797788	time.n.02	0.564
115798654	time.n.02	0.939
115800773	time.n.02	0.603
115801247	time.n.01	0.558
115801488	sum.n.01	0.396
115802269	time.n.02	0.756
115802312	duration.n.01	0.535
115802343	year.n.01	0.954
115803600	time.n.05	0.569
115804949	time.n.02	0.783
115807574	age.n.03	0.831
115809022	time.n.02	0.88
115809742	time.n.02	0.808
115811839	year.n.01	0.892
115811866	time.n.03	0.341
115812062	time.n.02	0.75
115812314	time.n.02	0.579
107424022	historic_period.n.01	0.931
115812719	time.n.02	0.635
115813160	time.n.02	0.843
107424766	time.n.01	0.709
107425006	time_period.n.01	0.979
107425026	year.n.01	0.97
107425048	year.n.01	0.954
107425069	year.n.01	0.974
107425595	time_period.n.01	0.986
107425871	time.n.01	0.836
107426513	time.n.05	0.835
107426532	time.n.05	0.894
107426612	date.n.06	0.435
107426666	year.n.01	0.965
107426707	date.n.01	0.409
107426905	time.n.01	0.896
107427469	time.n.01	0.531
107428416	time.n.03	0.904
107428489	year.n.01	0.969
107428579	time_period.n.01	0.988
115817534	year.n.01	0.962
107429026	time.n.01	0.728
107429042	time.n.02	0.751
107429139	time.n.01	0.604
107429178	time.n.01	0.77
115818093	year.n.01	0.901
107430528	date.n.06	0.512
107430540	time.n.01	0.424
107431616	time.n.01	0.514
107432717	time.n.05	0.811
107432862	time.n.01	0.343
107432991	time.n.05	0.346
107433004	time.n.01	0.376
115821959	time.n.01	0.473
115823087	year.n.01	0.981
115823328	time.n.02	0.778
115823450	time.n.02	0.69
115823522	year.n.01	0.933
115826396	time.n.02	0.668
115826902	time.n.02	0.64
115828475	time.n.02	0.655
115828906	time.n.02	0.801
115830019	time.n.02	0.96
115834887	time.n.02	0.709
115839333	time.n.01	0.473
115839670	time.n.02	0.678
107452375	time.n.02	0.799
107452773	tense.n.01	None
107454095	tense.n.01	None
107454215	future.n.01	0.989
115843469	life.n.05	None
107455982	time.n.03	0.952
115845303	time.n.02	0.594
115847027	time.n.05	0.493
107459140	time.n.05	0.397
115848460	time.n.02	0.649
107459869	tense.n.01	None
115848809	while.n.01	None
107461877	meter.n.04	0.87
107462464	measure.n.02	0.534
107462511	meter.n.04	0.692
107462515	meter.n.04	0.692
107462567	measure.n.02	0.897
115851620	historic_period.n.01	0.845
107463924	time.n.02	0.819
115853809	time.n.02	0.638
115854047	old_age.n.01	0.821
107465480	time.n.02	0.49
107466171	pause.n.01	0.763
107467963	time.n.01	0.441
107468663	delay.n.01	0.897
107470584	time_interval.n.01	0.543
107470794	phrase.n.01	0.946
115859641	time.n.02	0.894
107471519	interval.n.03	0.883
107472095	time.n.05	0.355
115860933	time.n.02	0.838
107472673	time.n.02	0.745
107472818	time.n.02	0.63
107473211	time.n.05	0.506
107473850	time.n.02	0.946
107473898	time.n.02	0.791
107473960	time.n.02	0.811
107475438	time.n.02	0.953
115864347	time.n.02	0.434
107476662	time.n.05	0.603
107477015	time.n.05	0.865
107477082	time.n.02	0.778
115866735	trouble.n.04	0.663
115867003	time.n.02	0.911
115869764	while.n.01	None
115872659	life.n.05	None
115872992	time.n.01	0.384
115873222	year.n.01	0.926
115875047	time.n.02	0.458
115876403	time.n.02	0.676
115877741	time.n.05	0.697
115877757	time.n.03	0.785
115878273	time.n.01	0.428
115878992	time.n.02	0.729
115879202	old_age.n.01	0.5
107493152	time.n.03	0.58
115881844	time_interval.n.01	0.962
115882843	time.n.02	0.772
115885987	time.n.02	0.762
115890544	time.n.02	0.701
115892822	time.n.02	0.645
115893110	time.n.02	0.675
115893976	time.n.04	0.521
115894528	time.n.02	0.72
115898534	time.n.01	0.851
115900855	time.n.02	0.801
115900863	time.n.02	0.72
115901014	time.n.02	0.616
115902648	while.n.01	None
115903287	time.n.01	0.874
115903621	time.n.01	0.818
115906541	time.n.02	0.634
115907550	time.n.02	0.9
115908424	time.n.02	0.768
115911779	old_age.n.01	0.489
115913181	time.n.02	0.786
115913281	while.n.01	None
124302540	year.n.01	0.955
124302939	year.n.01	0.887
124303039	year.n.01	0.934
115915440	time.n.02	0.698
124305153	time.n.01	0.82
115916972	time.n.05	0.476
115917992	year.n.01	0.983
115919066	time.n.02	0.64
124307881	time.n.01	0.703
115919357	time.n.02	0.738
124308146	year.n.01	0.972
124308252	year.n.01	0.947
124309117	time.n.01	0.57
124309328	time.n.01	0.763
115921072	time.n.04	0.412
115921268	year.n.01	0.867
115921291	year.n.01	0.922
115921315	time.n.05	0.952
115923191	time.n.02	0.869
124311828	interim.n.01	None
115923263	time.n.01	0.545
124311996	time.n.01	0.788
124312264	time.n.01	0.858
124312317	interim.n.01	None
124312651	year.n.01	0.893
115924608	time.n.02	0.817
124313285	year.n.01	0.981
107536833	time_period.n.01	0.851
107537332	duration.n.03	0.478
107537401	duration.n.01	0.445
124314722	time.n.01	0.793
107539622	time.n.01	0.928
107539682	time.n.02	0.675
124317455	time.n.01	0.683
107542188	time.n.02	0.844
107542695	time.n.02	0.591
115931878	year.n.01	0.985
115932577	time.n.05	0.558
107544365	time.n.03	0.764
115933691	time.n.01	0.481
124322581	reign.n.02	0.824
115934620	time.n.02	0.787
124324393	reign.n.02	0.857
115936122	time.n.03	0.436
107547752	time.n.02	0.512
124325212	time_period.n.01	0.992
115936732	day.n.01	0.817
124325484	time_period.n.01	0.991
124326736	time.n.01	0.816
115938414	day.n.01	0.908
115938957	time.n.02	0.786
115941456	time.n.02	0.833
115942382	time.n.02	0.855
115945420	while.n.01	None
115947129	time.n.02	0.536
115947527	time.n.05	0.62
115948110	time.n.02	0.735
107561088	time.n.02	0.695
115950936	time.n.02	0.677
115951383	time.n.02	0.726
115952198	while.n.01	None
115955257	while.n.01	None
115955280	time.n.02	0.79
115955552	while.n.01	None
115955948	time.n.01	0.629
115956084	while.n.01	None
115956234	time.n.02	0.668
115956700	time.n.01	0.671
115957394	time.n.02	0.72
115957891	time.n.03	0.876
115958913	time.n.02	0.847
115961392	time_interval.n.01	0.963
115963155	time.n.02	0.641
107575573	time_period.n.01	0.962
115964852	time.n.02	0.793
115965075	time.n.02	0.816
107576943	time.n.02	0.745
115966109	time.n.02	0.753
115966121	time.n.02	0.753
115966255	while.n.01	None
115967121	time.n.02	0.561
115970399	time.n.05	0.837
107582000	time_period.n.01	0.985
107583282	time.n.02	0.939
115972073	time.n.01	0.79
107583892	time.n.03	0.405
115972970	time.n.03	0.922
115974089	time.n.02	0.708
115974582	time.n.04	0.678
115975855	time.n.02	0.637
107588242	time.n.05	0.8
107589365	hour.n.01	0.796
107589380	day.n.04	0.571
115980808	time.n.05	0.519
107594628	time.n.01	0.68
115983582	time.n.02	0.815
115985111	age.n.03	0.739
107597680	time.n.03	0.836
107597798	time.n.02	0.502
115986826	time.n.02	0.815
115986937	course.n.02	0.93
107599450	time.n.02	0.786
115989627	time.n.01	0.616
107601047	time.n.03	0.659
107601470	time.n.01	0.926
107604020	time_period.n.01	0.991
115992973	time.n.02	0.687
107606835	time.n.03	0.725
107607790	time.n.02	0.732
107608221	year.n.01	0.978
115996839	time.n.02	0.7
107608460	time.n.02	0.479
115998677	time.n.02	0.855
107610393	time.n.05	0.329
115999022	time.n.02	0.72
107610690	time_period.n.01	0.966
107611960	time.n.03	0.791
116003368	time.n.01	0.578
116004618	day.n.06	0.716
116006941	time.n.01	0.458
107618500	time_period.n.01	0.985
116007132	time.n.02	0.722
116008640	time.n.03	0.735
116008717	time.n.02	0.723
116008855	time.n.01	0.517
116011568	life.n.05	0.382
107623142	time.n.02	0.582
107623221	time.n.02	0.769
107623304	time.n.02	0.425
116012603	time.n.01	0.877
116012777	time.n.01	0.626
116013330	while.n.01	None
107625231	season.n.02	0.931
107625398	time_period.n.01	0.856
107627635	time.n.02	0.793
116016730	time.n.01	0.798
107628157	time.n.02	0.802
107629416	time.n.02	0.669
116018106	time.n.02	0.679
116020344	time.n.02	0.782
116023399	historic_period.n.01	0.733
116023713	time.n.02	0.819
116024170	time.n.02	0.589
116025105	time.n.03	0.819
116025656	time.n.02	0.627
116025736	while.n.01	None
107637157	time.n.03	0.848
116026244	time.n.02	0.783
116028674	time.n.03	0.667
107640080	time.n.01	0.728
107640396	time_period.n.01	0.984
107640921	time.n.03	0.796
107642470	time.n.02	0.494
107643012	time.n.02	0.83
107643545	time.n.02	0.51
107645231	time.n.02	0.633
116035551	time.n.02	0.508
116036806	time.n.05	0.344
116038092	time.n.01	0.895
107650824	time.n.03	0.8
116040226	time.n.02	0.796
116041143	time.n.05	0.68
107653346	time.n.05	0.807
107653754	time_period.n.01	0.987
116045315	time.n.02	0.709
116045414	time.n.02	0.747
116047770	time.n.01	0.904
116048447	time.n.02	0.763
107660658	time.n.02	0.929
116050526	time.n.01	0.875
107662152	time.n.03	0.739
116051386	time.n.03	0.474
116051738	time.n.02	0.585
116051844	time_interval.n.01	0.967
116051895	time.n.02	0.8
107665693	time_period.n.01	0.977
116054317	time.n.01	0.831
116055402	year.n.01	0.955
107667063	chronology.n.01	0.511
107668428	time.n.03	0.623
116057913	time.n.01	0.37
116058096	time.n.03	0.731
107670599	time.n.02	0.705
116059424	time.n.02	0.75
107671705	time.n.02	0.638
107672109	time_period.n.01	0.992
116060747	time.n.02	0.8
107674140	time.n.01	0.673
116064458	time.n.01	0.871
107677672	time_period.n.01	0.985
116066966	time.n.02	0.761
107678986	time.n.02	0.804
107679010	time_period.n.01	0.991
107679427	time.n.02	0.512
116071325	time.n.01	0.891
116071901	time.n.02	0.714
116072288	time.n.01	0.866
107685846	time.n.03	0.582
107686434	time.n.01	0.721
107686621	time_period.n.01	0.98
116076330	time.n.03	0.453
124475317	time.n.01	0.571
116087497	while.n.01	None
116088436	time.n.02	0.476
116088532	while.n.01	None
107701039	time_period.n.01	0.991
116089854	time.n.02	0.74
124479135	time.n.02	0.874
124479188	time.n.05	0.952
107702012	time.n.03	0.574
107702268	time.n.05	0.383
116091309	time.n.02	0.672
124481204	time.n.05	0.329
116092996	time.n.02	0.701
116093088	year.n.01	0.909
116093294	time.n.01	0.812
116093339	time.n.02	0.663
116094411	time.n.01	0.71
116095141	time.n.01	0.819
124484082	time.n.04	0.317
107707154	time.n.03	0.881
107708892	time.n.01	0.665
116097856	time.n.01	0.763
107709304	time.n.01	0.874
116098772	time.n.04	0.427
107710249	time.n.03	0.941
116099555	time.n.02	0.678
107719133	time.n.02	0.516
107721161	time_period.n.01	0.988
116110151	time.n.02	0.802
116112263	time.n.02	0.718
116115859	time.n.05	0.463
107728289	time_period.n.01	0.983
116117531	time.n.02	0.584
116118479	opportunity.n.01	None
116120097	time.n.03	0.337
116120476	time.n.01	0.756
107731870	time.n.02	0.474
116120614	time.n.03	0.747
116120672	time.n.03	0.747
116121295	while.n.01	None
107732899	time_period.n.01	0.993
116122004	time.n.01	0.704
116123709	year.n.01	0.975
116123845	time.n.03	0.692
116124035	time.n.01	0.664
116124826	time.n.02	0.951
116125197	time.n.03	0.489
107736924	time.n.02	0.702
116126529	time.n.02	0.702
107738027	time.n.02	0.751
116126698	time.n.02	0.799
116127604	remainder.n.01	0.957
116127710	time.n.03	0.939
116129256	time.n.02	0.769
116129381	day.n.06	0.702
116129403	while.n.01	None
107741062	time_period.n.01	0.989
116129871	time.n.02	0.724
116132228	time.n.03	0.694
116132471	time.n.02	0.886
116132652	day.n.02	0.509
107744057	time.n.02	0.823
107744111	time.n.01	0.664
107744202	calendar_month.n.01	0.723
116132824	time.n.02	0.848
116132841	term.n.02	0.821
116133191	duration.n.01	0.393
116133465	day.n.02	0.413
116133487	time.n.02	0.742
116134278	time.n.02	0.629
116134693	time.n.03	0.708
107746717	time.n.02	0.827
107746822	time.n.01	0.515
107746854	time.n.02	0.94
116135661	day.n.06	0.632
116137523	time.n.03	0.507
107750182	time.n.05	0.898
124528586	time.n.05	0.742
124528808	time.n.03	0.907
124529111	time.n.03	0.923
124529686	time.n.01	0.648
107752792	time.n.02	0.669
107753548	time.n.01	0.735
107753974	time.n.02	0.734
124532912	time.n.02	0.591
107756081	time.n.02	0.643
124534115	year.n.01	0.987
124534203	time_interval.n.01	0.965
116146398	time.n.05	0.407
124535107	time.n.02	0.688
124535170	year.n.01	0.961
124535437	delay.n.01	0.685
124536865	time.n.02	0.679
107759848	time_period.n.01	0.991
107759869	time_period.n.01	0.969
107759951	time_period.n.01	0.988
124537310	time.n.05	0.479
124540608	time.n.02	0.626
116152271	time.n.03	0.675
116153018	antiquity.n.01	0.975
116153110	time.n.03	0.751
116153292	time.n.03	0.783
116153443	time.n.03	0.688
116153475	time.n.05	0.698
116153532	time.n.01	0.495
107765569	time_period.n.01	0.984
116154297	historic_period.n.01	0.843
124543804	time.n.03	0.901
124544150	time.n.01	0.824
116155847	time.n.02	0.723
124544476	time.n.01	0.368
116155968	year.n.01	0.914
116156035	time.n.05	0.862
124545089	time.n.02	0.783
116156637	time.n.02	0.741
124545691	time.n.03	0.795
116157091	year.n.01	0.971
124546291	year.n.01	0.982
116157926	time.n.02	0.655
107769477	time.n.03	0.583
116158103	time_interval.n.01	0.96
107770893	time_period.n.01	0.988
107771500	time.n.02	0.535
116160223	time.n.01	0.958
116160397	time.n.03	0.426
124549375	time.n.03	0.917
116161064	year.n.01	0.941
107772604	time_period.n.01	0.988
124550133	time.n.01	0.638
124550280	time.n.01	0.575
124550491	time.n.01	0.635
107773352	time.n.01	0.499
124550731	time.n.02	0.812
116162630	time.n.02	0.509
116163044	time.n.02	0.683
116163162	time.n.02	0.789
124551805	time.n.02	0.921
124551930	time.n.02	0.895
124552117	time.n.01	0.59
124552196	time.n.01	0.634
124552335	time.n.03	0.782
116163951	time.n.01	0.647
107775380	time.n.02	0.763
124552765	time.n.05	0.463
124552813	time.n.01	0.785
116164444	time.n.02	0.352
124553507	time.n.01	0.774
124553555	time.n.03	0.678
116165383	time.n.01	0.702
124553996	time.n.01	0.311
124554124	time.n.02	0.729
107777462	time.n.01	0.749
124554728	time.n.02	0.79
124554756	time.n.02	0.687
124555901	time.n.01	0.714
116169224	eternity.n.01	0.936
124558317	time.n.02	0.681
124559136	time.n.02	0.369
107782199	time.n.05	0.4
116171720	duration.n.01	0.5
124560639	time.n.05	0.724
124561200	time.n.03	0.669
124562074	time.n.03	0.87
124562110	time.n.02	0.9
107784914	time_period.n.01	0.986
107785110	age.n.01	0.456
116173930	time.n.05	0.571
116173960	time.n.02	0.711
124562571	time.n.02	0.726
124562959	time.n.01	0.632
124563002	time.n.04	0.446
116174415	time.n.05	0.911
124563598	time.n.02	0.904
124563657	time.n.02	0.772
116175131	time.n.02	0.839
124563832	time.n.02	0.909
116175351	time.n.03	0.594
124565210	time.n.02	0.688
107788688	time.n.02	0.818
124565983	time.n.02	0.61
124566989	year.n.01	0.911
124567034	time.n.04	0.553
124567266	time.n.02	0.724
124567410	time.n.03	0.382
124568670	time.n.03	0.834
107791971	time.n.01	0.665
116181060	time.n.02	0.956
124569821	time.n.03	0.901
124569908	time.n.02	0.745
124570244	time.n.01	0.718
124570313	time.n.01	0.797
107793225	time.n.02	0.889
124570477	time.n.03	0.648
124570525	time.n.02	0.749
124570557	time.n.02	0.75
124570619	time.n.03	0.39
116182145	time.n.02	0.647
124572825	time.n.05	0.7
124572905	time.n.01	0.637
124573907	time_interval.n.01	0.975
124576426	time.n.02	0.722
124576757	time.n.02	0.784
116188200	time.n.01	0.41
124576859	time.n.03	0.622
124576927	time.n.05	0.666
107800058	time.n.01	0.772
124577363	time.n.01	0.42
107801722	time_period.n.01	0.979
124579576	year.n.01	0.971
124579864	time.n.01	0.387
124579875	time.n.02	0.805
124579947	time.n.01	0.757
124579989	time.n.01	0.768
107803092	time.n.02	0.688
107804118	time.n.02	0.778
124581617	time.n.02	0.582
124581755	time.n.03	0.702
124582027	time.n.03	0.915
124582100	time.n.02	0.929
107805117	time.n.02	0.815
107805173	time.n.05	0.672
116196045	time.n.05	0.48
107807594	time.n.03	0.746
124586340	time.n.02	0.871
124586704	time.n.01	0.783
107809500	time.n.02	0.502
124586921	time.n.02	0.823
107810739	time.n.02	0.708
107810752	time.n.02	0.708
124588062	time.n.05	0.804
124588501	time.n.02	0.822
124588832	time.n.03	0.574
124588917	time.n.02	0.926
124589185	time.n.04	0.588
124589284	time.n.02	0.762
107812611	time.n.03	0.962
124590185	time.n.02	0.843
116202508	time.n.02	0.761
107814073	time.n.02	0.642
124591869	time.n.03	0.951
124592315	time.n.01	0.648
124592584	time.n.02	0.797
124593563	time.n.02	0.902
124593664	time.n.02	0.851
124593697	time.n.02	0.827
124593781	time.n.02	0.68
124594097	time.n.03	0.81
124594521	time.n.03	0.787
124594787	time.n.02	0.693
124595197	time.n.01	0.738
124595228	time.n.03	0.773
124596619	time.n.03	0.519
124596753	time.n.05	0.447
107819660	season.n.02	0.983
124596930	time.n.03	0.848
124597644	distance.n.05	0.963
124597691	time.n.01	0.424
124598144	time.n.02	0.751
116209795	time.n.02	0.539
107821199	time.n.03	0.512
116210110	time.n.02	0.798
124598925	time.n.03	0.736
124599047	time.n.02	0.87
107821967	time_period.n.01	0.972
124599353	year.n.01	0.938
124600231	time.n.01	0.619
124600704	time.n.02	0.827
116212119	while.n.01	None
124600728	time.n.02	0.739
124601000	year.n.01	0.949
116212555	time.n.05	0.432
107824122	time.n.03	0.903
116212983	time.n.01	0.368
116213446	time.n.02	0.547
124602418	time.n.05	0.938
124603511	time.n.02	0.893
124604532	time.n.02	0.889
124605253	time.n.01	0.671
107829336	time.n.02	0.715
124608366	time.n.04	0.781
107831181	time.n.02	0.74
107831219	period.n.02	0.545
124608540	time.n.01	0.857
124609003	time.n.02	0.402
124610006	time.n.01	0.627
124610672	time.n.01	0.635
124611107	time.n.02	0.82
124611133	time.n.03	0.766
124611367	time.n.05	0.7
124611426	time.n.04	0.341
124611634	time.n.02	0.406
124611677	time.n.01	0.705
124612120	time.n.03	0.769
124612215	time.n.01	0.688
116223703	time.n.02	0.678
124612519	time.n.02	0.837
124612677	time.n.02	0.77
124612917	time.n.01	0.88
124613963	time.n.02	0.697
124614109	time.n.02	0.843
124614835	time.n.01	0.537
124615157	time.n.01	0.466
124616572	time.n.02	0.705
107839600	time.n.03	0.314
124617384	time.n.02	0.743
124618302	time.n.03	0.893
107841857	time.n.02	0.727
107841866	time_period.n.01	0.986
107841877	time.n.01	0.535
124619406	time.n.01	0.669
124619515	time.n.02	0.759
124620037	time.n.02	0.666
124620163	distance.n.05	0.97
124620940	time.n.02	0.779
124621497	time.n.05	0.732
124621758	time.n.03	0.766
124621818	time.n.03	0.758
124621832	time_period.n.01	0.989
124622360	time_interval.n.01	0.98
107845212	day.n.02	0.917
107845428	time_period.n.01	0.989
124623065	time.n.03	0.615
124623098	time.n.05	0.566
107846576	era.n.01	0.936
124625835	time.n.01	0.455
124626317	time.n.02	0.826
124626916	time.n.02	0.839
124627015	time.n.02	0.875
124627233	time.n.02	0.478
124627316	time.n.03	0.848
124629661	time_interval.n.01	0.898
124630375	life.n.05	0.455
124630702	time.n.02	0.748
124631091	time.n.05	0.79
124632622	time_period.n.01	0.99
124633405	time.n.02	0.74
124633458	time.n.02	0.845
124633501	time.n.01	0.431
124633617	time.n.02	0.765
116245132	time.n.02	0.688
124633843	time.n.02	0.816
116245375	time.n.02	0.4
124635644	time.n.02	0.764
124636587	time.n.02	0.755
124637654	time.n.02	0.807
124639405	time.n.02	0.699
124641953	time.n.01	0.728
124642160	time.n.02	0.704
124642345	time.n.01	0.704
124642848	time.n.01	0.805
124642950	time.n.02	0.742
124643913	year.n.01	0.956
116255370	time.n.02	0.849
124644149	time.n.02	0.83
124644755	time.n.02	0.643
124645476	time.n.01	0.823
124645537	time.n.02	0.554
124648107	time.n.03	0.759
124648800	time.n.02	0.821
124649556	time.n.02	0.922
124651006	time.n.02	0.826
124651355	time.n.02	0.776
116263118	time.n.02	0.828
116264820	time.n.02	0.748
124653941	time.n.02	0.671
124654102	time.n.01	0.628
124654207	time.n.02	0.79
124654827	time.n.05	0.465
124655023	day.n.02	0.563
116266887	time.n.04	0.363
124655563	time.n.02	0.905
124655684	time.n.03	0.66
124655902	time.n.05	0.464
124657379	time.n.02	0.787
124657509	time.n.01	0.754
124659820	time.n.03	0.916
124659843	time.n.02	0.944
124659929	time.n.02	0.904
124659995	time.n.02	0.849
116272199	time.n.03	0.795
124661239	time.n.02	0.765
116273875	time.n.02	0.841
124662811	time.n.02	0.731
124663351	time.n.01	0.712
124665084	time.n.02	0.74
124665454	time.n.02	0.548
124665496	time.n.03	0.438
124666720	time.n.02	0.847
124667225	time.n.01	0.404
124667402	time.n.05	0.941
124667642	time.n.02	0.67
124671570	time.n.02	0.804
124671769	time.n.02	0.676
124672085	time.n.02	0.75
116284182	time.n.02	0.703
124672854	time.n.02	0.658
124673979	time.n.02	0.674
124674009	day.n.01	0.481
124674445	time.n.02	0.64
124675170	time.n.01	0.322
124675399	time.n.02	0.697
124675540	time.n.02	0.824
124676464	time.n.02	0.84
124676910	time.n.01	0.848
124676923	time.n.01	0.905
124676998	time.n.03	0.715
124677923	time.n.02	0.824
124678999	time.n.02	0.513
124679777	time.n.01	0.724
116291404	time.n.02	0.458
124680300	time.n.01	0.81
124680826	time.n.01	0.536
124681081	time.n.01	0.698
124682307	time.n.02	0.928
124682880	time.n.02	0.855
116294424	historic_period.n.01	0.507
116296380	time.n.02	0.612
124685607	time.n.02	0.4
116297314	time.n.01	0.572
124686274	time.n.02	0.656
124686821	time.n.02	0.628
124686863	time_interval.n.01	0.995
124686922	clock_time.n.01	0.496
124687001	time.n.01	0.324
124687026	time.n.02	0.815
124687591	time.n.02	0.756
124688018	time.n.01	0.601
124688280	time.n.02	0.575
124688613	time.n.03	0.533
116301328	time.n.02	0.769
116301658	time.n.02	0.33
116302317	time.n.02	0.761
116302957	time.n.02	0.779
116302997	time.n.01	0.707
124691640	time.n.02	0.696
124691667	time.n.05	0.595
116303576	time.n.02	0.741
124692276	time.n.02	0.64
124692651	time.n.02	0.803
124692940	time.n.02	0.909
124693090	time.n.02	0.897
124693295	time.n.04	0.642
116305873	time.n.03	0.882
124694951	time.n.02	0.589
124695760	time.n.02	0.406
124696541	time.n.02	0.809
116308239	time.n.03	0.834
116309347	time.n.02	0.792
116309399	year.n.01	0.956
124698491	time.n.02	0.746
124698745	time.n.02	0.657
124699028	time.n.05	0.91
124699123	time.n.01	0.488
116311061	time.n.02	0.341
124699686	time.n.01	0.761
116311600	time.n.02	0.711
116312347	time.n.02	0.735
124701545	time.n.01	0.557
124703331	time.n.02	0.781
124703971	time.n.02	0.727
124704357	time.n.01	0.616
124707839	time.n.02	0.704
124708189	time.n.01	0.56
124709416	time.n.05	0.857
124709523	time.n.02	0.879
124709856	time.n.02	0.872
124710785	time.n.05	0.621
124710819	time.n.03	0.833
124711696	time.n.02	0.883
124711724	time.n.02	0.785
124711966	time.n.03	0.533
124713130	time.n.02	0.802
124713611	time.n.02	0.797
124714840	year.n.01	0.958
124715006	time.n.02	0.44
124715041	time.n.01	0.797
116327011	time.n.01	0.726
124715979	time.n.03	0.842
124716544	time.n.02	0.81
124716768	time.n.02	0.698
124716780	time.n.01	0.745
124716859	time.n.02	0.79
124717384	time.n.02	0.614
116329278	time.n.01	0.595
124718899	time.n.02	0.95
116332433	time.n.02	0.488
124723568	duration.n.01	0.42
124723590	time.n.02	0.615
116335772	time.n.02	0.847
116335777	time_period.n.01	0.964
116335796	time_interval.n.01	0.643
124724869	time.n.02	0.835
116336850	distance.n.05	0.798
124725701	time.n.02	0.929
116338073	time_period.n.01	0.963
124726770	time.n.01	0.641
124726945	time.n.01	0.804
124727056	time.n.01	0.436
124728448	time.n.05	0.689
124729159	time.n.01	0.786
124729305	time.n.04	0.673
124729452	time_interval.n.01	0.985
124729916	time.n.01	0.854
124730122	time.n.02	0.768
124730241	time.n.02	0.903
124730318	time.n.02	0.81
124733655	time.n.02	0.509
124733890	time.n.02	0.895
124734249	time.n.02	0.732
124734267	time.n.05	0.698
124735226	time.n.02	0.674
124735491	date.n.01	0.398
124736260	time.n.02	0.68
124737156	time_period.n.01	0.993
124737458	time.n.02	0.406
124737648	time_period.n.01	0.989
124737755	time.n.01	0.73
124737920	time.n.01	0.679
124738137	time.n.01	0.77
124738391	time.n.05	0.455
124740690	time.n.02	0.84
124741343	time.n.02	0.818
124742512	time.n.03	0.91
124742608	time.n.02	0.731
124742758	time.n.03	0.916
124742858	time.n.05	0.896
124743839	time.n.05	0.47
124745113	time.n.03	0.803
124745149	time.n.05	0.421
124745667	time.n.02	0.939
124746640	time.n.03	0.908
124746739	time.n.05	0.835
124747266	time.n.02	0.798
124747934	time.n.02	0.84
124748016	time.n.04	0.361
124748029	time.n.02	0.709
124748965	time.n.02	0.926
124749743	time.n.01	0.709
124751109	time.n.01	0.794
124752616	time.n.05	0.734
124753156	time.n.03	0.858
124754319	time.n.01	0.478
124755341	time.n.02	0.718
124755968	time.n.02	0.81
124756620	time.n.03	0.8
124757219	time.n.02	0.838
124758018	time.n.03	0.87
124758210	time.n.02	0.865
124758245	time_period.n.01	0.986
124758424	time.n.02	0.465
124758566	time.n.02	0.526
124758807	time_period.n.01	None
124758870	time.n.01	0.723
124759739	future.n.01	0.997
124760331	time.n.01	0.845
124760384	time.n.02	0.804
124760488	time.n.01	0.593
124760500	time.n.02	0.893
124760998	time.n.03	0.515
124762784	time.n.01	0.74
124765105	time.n.02	0.381
124765309	time.n.03	0.897
124765593	time.n.02	0.827
124765810	time.n.05	0.488
124766432	time.n.05	0.736
124766518	time.n.03	0.801
124766551	time.n.05	0.699
124766624	time.n.05	0.765
124766666	time.n.03	0.852
124766993	time.n.02	0.808
124767589	time.n.02	0.681
124768432	time.n.01	0.632
124768552	time.n.02	0.865
124769944	time.n.02	0.815
124770445	time.n.01	0.606
124770601	time.n.02	0.724
124771118	time.n.02	0.659
124771535	time.n.03	0.708
124772305	time.n.02	0.446
124772897	time.n.02	0.939
124773064	time.n.02	0.874
124773523	time.n.02	0.891
124775025	time.n.02	0.784
124775137	juncture.n.01	0.809
124775216	time.n.02	0.395
124775789	time.n.02	0.629
124777365	time.n.02	0.704
124778605	time.n.05	0.884
124778658	time.n.05	0.418
124780645	time.n.02	0.532
108018980	time.n.03	0.887
108019052	time.n.03	0.865
108019517	history.n.02	None
108019852	time.n.02	0.624
108020192	time.n.03	0.816
108024107	time.n.02	0.674
108024192	time.n.01	0.818
108027013	time.n.03	0.727
108027740	time.n.04	0.607
108029891	time.n.04	0.772
108051325	time.n.02	0.592
108074186	time.n.01	0.701
108078813	time.n.01	0.77
108080754	time.n.01	0.656
108083272	year.n.01	0.966
108084945	time.n.02	0.584
108088148	year.n.01	0.947
108090138	time.n.03	0.898
108091510	year.n.01	0.967
108091555	time.n.03	0.822
108092353	time.n.03	0.861
108094809	time.n.02	0.624
108095813	time.n.05	0.63
108096328	time.n.02	0.729
108096653	time.n.05	0.637
108096917	night.n.01	0.798
108098300	moment.n.01	0.957
108124695	throne.n.03	0.975
124910556	time.n.05	0.708
124920337	time.n.02	0.786
124921522	time.n.02	0.657
108148397	time.n.01	0.891
108148403	time.n.01	0.925
116539440	time_period.n.01	0.966
108157959	time.n.02	0.834
108159917	time.n.04	0.739
108167388	time.n.02	0.645
108167405	while.n.01	None
108168893	time.n.06	0.434
108170571	time.n.03	0.308
108170947	time.n.04	0.678
108171054	time.n.02	0.456
108171781	time.n.04	0.299
108176699	while.n.01	None
108177973	age.n.03	0.876
108177995	time.n.05	0.811
108182892	time.n.05	0.573
108183755	time.n.02	0.594
108184717	time.n.02	0.783
108184983	time.n.05	0.597
108185354	time.n.03	0.359
108187042	time.n.04	0.671
108187841	time.n.02	0.463
116577963	time.n.02	0.6
116578014	time.n.02	0.42
108190683	distance.n.05	0.519
116580163	time.n.02	0.623
116580173	past.n.01	0.969
116580226	time.n.05	0.812
116580238	time.n.05	0.888
116580259	time.n.05	0.548
116580293	past.n.01	0.974
116581162	time.n.05	0.849
116582637	time.n.05	0.666
116582650	time.n.05	0.955
116582662	time.n.05	0.838
116582835	time.n.05	0.912
116582849	time.n.05	0.947
116582895	time.n.05	0.848
116582908	time.n.05	0.956
116582924	time.n.05	0.957
116582935	time.n.05	0.714
116582940	time.n.05	0.961
116582955	time.n.01	0.489
116582960	time.n.01	0.402
116582968	time.n.01	0.741
116582973	time.n.05	0.975
116582984	time.n.01	0.642
116582988	time.n.05	0.963
116583003	time.n.05	0.673
116583054	time.n.02	0.517
116583094	time.n.05	0.94
116583109	time.n.05	0.959
116583117	time.n.05	0.942
116583182	time.n.05	0.889
116583263	time.n.05	0.983
116583301	time.n.05	0.97
116583319	time.n.05	0.981
116583337	time.n.05	0.923
116583347	time.n.05	0.899
116583366	time.n.05	0.974
116583502	time.n.05	0.906
116583523	time.n.05	0.987
116583641	time.n.05	0.869
116583670	time.n.05	0.951
116583677	time.n.05	0.835
116583680	time.n.05	0.91
116583727	time.n.05	0.783
116583795	time.n.01	0.904
116583799	time.n.01	0.904
116583820	time.n.05	0.781
116583858	time.n.05	0.85
108202471	time.n.02	0.563
108255154	time.n.02	0.897
108255158	time.n.02	0.794
108256670	time.n.02	0.714
108256681	time.n.02	0.643
108258772	time.n.02	0.698
108260429	time.n.02	0.618
108262460	prison_term.n.01	0.829
108268300	time.n.02	0.424
108269589	time.n.05	0.863
108270931	time.n.01	0.714
108275652	time.n.02	0.523
108295380	time.n.01	0.378
108299634	time.n.03	0.631
108299977	time.n.01	0.491
108305834	time.n.01	0.711
108312455	time.n.02	0.606
108353820	time.n.02	0.744
108353935	time.n.02	0.358
108354602	time.n.03	0.512
108357790	time.n.02	0.377
108358150	while.n.01	None
108358167	time.n.04	0.342
108358304	time.n.02	0.419
108360624	time.n.02	0.411
108360629	season.n.02	0.77
108365863	time.n.02	0.876
108365975	season.n.02	0.915
116767436	date.n.01	0.362
116768823	time.n.05	0.411
116769818	time.n.02	0.448
108386317	year.n.01	0.982
108386385	time.n.03	0.321
116775551	while.n.01	None
108388073	time.n.02	0.712
116776794	clock_time.n.01	0.383
108388758	time.n.05	0.585
116778240	historic_period.n.01	0.634
116778744	time.n.02	0.417
116780059	time.n.02	0.789
108395747	time_period.n.01	0.988
108396062	time.n.02	0.706
108396378	time.n.04	0.57
108396435	time.n.05	0.76
108396639	time.n.02	0.424
116785689	age.n.01	0.799
108398912	time.n.02	0.698
108398976	time.n.02	0.681
108399216	time.n.02	0.406
108399951	time.n.02	0.558
116788559	time.n.02	0.902
108400025	time.n.02	0.497
116789322	time.n.02	0.946
108401412	time.n.02	0.705
108401895	time.n.02	0.6
108402012	time.n.04	0.605
108402102	time.n.02	0.621
108402578	time.n.02	0.552
116792595	time.n.05	0.302
116793693	time.n.02	0.537
116797798	year.n.01	0.859
116798366	time_period.n.01	0.961
116798805	while.n.01	None
116799982	time.n.02	0.647
116802739	time.n.01	0.605
116803742	time_period.n.01	0.95
116807499	year.n.01	0.909
116807562	time.n.02	0.43
116811003	time_period.n.01	0.685
116811506	year.n.01	0.973
116811902	time.n.05	0.673
116812492	time.n.05	0.87
116813038	time.n.01	0.706
116816448	while.n.01	None
116817576	moment.n.01	0.687
116819025	time.n.02	0.534
116819301	time.n.03	0.888
116822613	time.n.02	0.785
116824886	time.n.05	0.517
116824934	old_age.n.01	0.535
116827241	time.n.02	0.495
116832838	while.n.01	None
116837238	time.n.02	0.63
116837942	time.n.02	0.618
116838791	time.n.03	0.921
116839166	juncture.n.01	0.7
116840192	time.n.05	0.902
116843905	time.n.02	0.783
116847687	time.n.04	0.574
116849900	time.n.01	0.423
116850342	time.n.01	0.612
100074904	while.n.01	None
116852695	time.n.02	0.65
100075731	time.n.03	0.511
116853981	time.n.02	0.837
116856673	time.n.05	0.828
116858020	age.n.01	0.427
116858937	time.n.02	0.382
116859075	time.n.01	0.514
116860001	time.n.02	0.578
108472902	time.n.01	0.396
116864624	time.n.04	0.46
116870084	day.n.06	0.549
116872248	long_time.n.01	0.485
116878971	time.n.05	0.809
116881467	time.n.03	0.79
116883685	time.n.01	0.358
116885914	time.n.01	0.808
116886148	time.n.02	0.853
116888752	opportunity.n.01	None
116888967	time.n.05	0.646
116893524	time.n.02	0.635
116898922	old_age.n.01	0.636
108511127	time.n.02	0.651
108511388	time_period.n.01	0.926
100122793	distance.n.05	0.971
108515364	day.n.01	0.9
100132663	time.n.02	0.698
116911269	time.n.02	0.57
116913125	time.n.01	0.545
116913474	time.n.03	0.424
108525939	age.n.01	0.879
108529511	time.n.05	0.911
108529566	time.n.03	0.826
108530343	time.n.02	0.453
108530486	historic_period.n.01	0.98
108530611	time.n.02	0.734
108530739	generation.n.03	0.754
116920212	time.n.01	0.711
108532466	time.n.04	0.675
108534126	time.n.03	0.666
108535404	time.n.02	0.531
108537562	time.n.03	0.747
108537984	while.n.01	None
116927483	time.n.02	0.647
108539865	time.n.02	0.74
108541260	time.n.03	0.946
108541333	time.n.01	0.628
108541345	time.n.01	0.558
108541366	time.n.02	0.649
108541457	time.n.04	0.317
108542075	time.n.01	0.782
108544243	time.n.05	0.527
108545661	long_time.n.01	0.645
108546898	time.n.02	0.7
108546929	date.n.01	0.436
108547380	time.n.02	0.793
108548364	time_period.n.01	0.931
100159895	while.n.01	None
108549048	time.n.01	0.739
108549488	time.n.05	0.917
108549542	time.n.05	0.524
108549732	time.n.03	0.803
108549784	time.n.02	0.834
108549813	time.n.01	0.603
108549834	time.n.03	0.769
108550169	time.n.02	0.584
108552211	time.n.02	0.667
108554544	time.n.02	0.787
108554612	time.n.02	0.772
116943705	time.n.04	0.752
108558000	time.n.02	0.895
108558992	time.n.01	0.903
116948227	year.n.01	0.626
108559670	year.n.01	0.99
108560418	age.n.01	0.409
108560494	time.n.03	0.478
108560611	generation.n.03	0.798
108560683	chronology.n.01	0.588
108563821	time_period.n.01	0.945
108563834	time.n.03	0.534
108564194	year.n.01	0.964
108564241	year.n.01	0.969
108564810	age.n.01	0.886
108564840	time_period.n.01	0.985
108565660	time.n.02	0.845
108566105	time.n.02	0.911
108567554	time.n.02	0.677
108567779	time.n.02	0.713
100179250	time.n.01	0.366
108568037	generation.n.03	0.773
108568435	year.n.01	0.992
108570508	year.n.01	0.986
108570580	time.n.02	0.697
116959266	time.n.02	0.407
108571198	time.n.03	0.922
108571896	time.n.02	0.462
108572137	time.n.02	0.637
116961292	time.n.02	0.739
108573678	time.n.01	0.82
108573924	time.n.02	0.563
116963437	time.n.04	0.653
108578193	time.n.01	0.532
108578224	time.n.02	0.852
108578393	time.n.05	0.416
108578441	chronology.n.03	0.764
116967119	time.n.03	0.561
108578931	time.n.02	0.867
116968985	time.n.02	0.422
108580459	time.n.02	0.751
108581309	time.n.02	0.652
108582054	while.n.01	None
108582078	time.n.02	0.926
108582360	time.n.03	0.791
108582603	time.n.03	0.803
116971953	calendar_month.n.01	0.834
108583961	year.n.01	0.867
108584900	time.n.01	0.418
108587300	duration.n.01	0.594
116976121	time.n.02	0.878
116976698	time_period.n.01	0.967
100199783	time.n.02	0.915
108588549	chronology.n.01	0.441
116977632	time_period.n.01	0.979
108591168	time.n.02	0.77
116980413	time.n.04	0.512
108593381	time.n.02	0.881
108595999	time.n.02	0.608
108596660	time.n.02	0.755
108597183	time.n.03	0.621
108597479	day.n.06	0.52
108597590	time.n.01	0.658
108597641	time.n.01	0.973
108598040	day.n.01	0.827
108599257	time.n.01	0.693
108599665	time.n.02	0.92
108600667	time.n.02	0.844
108600765	time.n.02	0.75
108600896	time.n.02	0.542
108601069	time.n.03	0.46
108602980	year.n.01	0.972
108602992	year.n.01	0.972
108603030	time.n.01	0.63
108603193	time.n.02	0.615
116991822	time_period.n.01	0.989
116992230	time_period.n.01	0.984
100215553	time.n.02	0.41
108604454	time.n.01	0.673
116994292	time.n.01	0.774
116995667	time.n.02	0.483
108609441	time.n.01	0.505
108611220	time_period.n.01	0.983
108611599	time.n.02	0.49
117000618	time.n.01	0.683
108613322	time.n.02	0.586
108613370	time.n.02	0.742
108613401	time.n.05	0.89
108613913	time.n.05	0.714
108615286	time.n.03	0.514
108615987	time.n.02	0.894
117005097	time.n.01	0.751
108617016	time.n.02	0.84
108617233	time.n.04	0.349
117006342	time.n.01	0.444
108618437	time.n.01	0.78
117008170	time.n.01	0.379
108620046	year.n.01	0.981
108620577	time.n.05	0.759
108620931	time.n.02	0.478
108622199	time.n.02	0.822
108623580	time.n.02	0.932
108624801	time.n.02	0.649
117013415	time_period.n.01	0.991
108626518	time.n.02	0.647
108626953	time.n.02	0.553
117016012	time.n.02	0.796
117016868	delay.n.02	0.649
108629321	time.n.01	0.574
100242389	while.n.01	None
117020826	time.n.02	0.529
100244238	time.n.02	0.733
117023821	time.n.01	0.599
117025087	time.n.02	0.696
100251916	time.n.02	0.855
108640954	time.n.02	0.683
117030144	delay.n.01	0.847
117030357	time.n.02	0.837
108641903	day.n.02	0.532
108642784	time.n.01	0.982
108644309	time.n.02	0.611
100257171	time.n.02	0.505
108646479	day.n.01	0.74
108648248	historic_period.n.01	0.881
108648506	time.n.02	0.949
108648850	time.n.02	0.944
108649608	time.n.02	0.901
108649614	time.n.02	0.644
108649671	time.n.02	0.527
108649924	time.n.05	0.672
108650734	time.n.02	0.771
108651128	time.n.02	0.636
117039915	size.n.05	0.513
117040807	time.n.02	0.507
117041851	time.n.02	0.602
108654773	while.n.01	None
108654993	while.n.01	None
108655873	time.n.02	0.766
108657362	time.n.02	0.835
117046598	life.n.05	None
117048968	time.n.02	0.851
108660536	while.n.01	None
108662702	time.n.02	0.911
108663276	time.n.02	0.905
108663340	old_age.n.01	0.82
108663480	time.n.05	0.415
108664467	time.n.02	0.785
117053440	time.n.05	0.789
117053533	time.n.01	0.54
108665209	time.n.02	0.706
108665278	time.n.02	0.757
108665652	time.n.02	0.716
108666872	delay.n.01	0.616
108668297	time.n.02	0.869
108668754	time.n.03	0.918
108668865	time.n.02	0.677
108669696	time.n.03	0.761
108670985	time.n.02	0.681
117059725	time.n.01	0.518
108671142	time.n.05	0.825
108671586	time.n.01	0.757
117060319	time_period.n.01	0.984
108671975	time.n.02	0.888
108673920	time.n.03	0.812
108673978	time.n.01	0.296
108674268	time.n.02	0.583
108674293	time.n.02	0.842
108674781	time.n.03	0.916
108676048	time.n.02	0.95
117064712	end.n.03	0.432
108676543	while.n.01	None
108679736	time.n.01	0.686
117069223	time.n.01	0.857
108682073	time.n.02	0.769
108684308	time.n.01	0.522
117073414	time.n.02	0.906
117075060	term.n.02	0.986
108686827	time.n.01	0.473
117075455	while.n.01	None
108689066	time.n.02	0.616
108689700	time.n.02	0.473
108690815	time.n.02	0.634
117079526	time.n.02	0.814
117079655	time.n.02	0.514
108691129	time.n.02	0.672
108691274	while.n.01	None
117080032	time.n.02	0.826
117080045	time.n.02	0.343
108692934	time.n.02	0.923
108694899	time.n.02	0.722
108696182	time.n.02	0.612
100308179	time.n.02	0.69
117085431	time.n.01	0.884
100309250	time.n.05	0.531
117086714	time.n.01	0.874
100309630	time.n.02	0.63
100311305	time.n.02	0.61
100311471	time.n.01	0.74
100311584	time.n.02	0.752
100311999	time.n.02	0.498
100312058	time.n.02	0.712
100312320	time.n.02	0.436
108700968	time.n.02	0.611
100312480	time.n.05	0.935
100312583	time.n.02	0.697
100312864	space.n.01	0.534
100312958	time.n.03	0.648
108702321	time.n.02	0.641
100314261	year.n.01	0.943
108703452	time.n.01	0.933
108704209	time.n.02	0.752
108705699	time.n.03	0.395
117094860	time.n.02	0.573
108706939	age.n.01	0.525
108709177	time.n.02	0.764
108709900	time.n.02	0.762
100322666	time.n.02	0.753
100323644	time.n.02	0.832
108713069	time.n.05	0.76
117102232	time.n.02	0.866
100325513	time.n.02	0.806
100325771	time.n.01	0.743
100326679	time.n.01	0.822
100327020	time.n.02	0.424
100327622	time.n.02	0.822
100328333	day.n.01	0.554
100328435	time.n.02	0.431
100329023	time.n.02	0.933
108717740	time.n.02	0.746
108717876	time.n.02	0.721
117106493	time.n.02	0.719
108718080	time.n.03	0.519
117106769	time.n.03	0.511
100329758	interim.n.01	None
100329824	day.n.02	0.523
100329966	time.n.02	0.641
108719503	time.n.03	0.428
108720045	while.n.01	None
117108851	time.n.02	0.648
108720702	time.n.01	0.671
100332238	time.n.02	0.527
108720865	while.n.01	None
100332715	time.n.03	0.514
108721581	time.n.02	0.735
108721814	time.n.02	0.789
108721889	delay.n.02	0.732
108723086	time.n.02	0.664
117113240	time.n.01	0.885
100336034	day.n.01	0.423
117113836	time.n.02	0.892
108725319	year.n.01	0.989
100337991	time.n.01	0.523
100338160	while.n.01	None
117115489	time.n.02	0.577
108726999	time.n.02	0.947
117115995	time.n.02	0.748
100339247	time.n.01	0.79
117117189	term.n.02	0.837
117118135	time.n.01	0.855
108729659	time.n.03	0.368
108730176	time.n.02	0.678
108730707	time.n.05	0.435
100343349	time.n.01	0.625
108732324	time.n.02	0.749
100344356	while.n.01	None
108735258	time.n.02	0.688
100346843	time.n.01	0.786
100347980	time.n.03	0.74
117125581	time.n.01	0.875
108736998	time.n.02	0.776
108737336	time.n.02	0.549
108738171	moment.n.01	0.849
117127871	time.n.02	0.688
100350764	time.n.02	0.933
100353022	time.n.01	0.738
108742351	interim.n.01	None
117131725	time.n.01	0.891
108743207	time.n.03	0.715
100354765	time.n.02	0.837
100355861	time.n.01	0.658
108744732	time.n.02	0.607
108744861	year.n.01	0.768
108745047	time.n.02	0.845
108745491	time.n.02	0.938
117134334	time.n.05	0.621
108745781	time_period.n.01	0.968
100357416	time.n.01	0.77
100357561	time.n.01	0.808
108746250	time.n.02	0.768
108746749	time.n.01	0.868
117136408	time.n.01	0.793
117137389	time_period.n.01	0.99
117137420	time_period.n.01	0.965
108749119	time.n.04	0.701
117137855	time.n.02	0.957
117138003	time.n.02	0.845
117138030	time.n.02	0.557
117138040	time.n.02	0.557
100360846	delay.n.01	0.664
117138285	term.n.02	0.915
117138463	time.n.02	0.557
117138494	time.n.04	0.677
100361512	time.n.02	0.897
117139314	term.n.02	0.926
100362659	time.n.02	0.453
117140781	time_period.n.01	0.988
100363764	time.n.01	0.664
100364303	time.n.03	0.893
108753030	time.n.02	0.641
108753156	time.n.02	0.719
108753327	time.n.02	0.772
117142199	time.n.02	0.718
108753699	delay.n.01	0.782
108753995	time.n.02	0.696
108754752	time.n.02	0.896
100366966	time.n.01	0.938
108756053	time.n.03	0.918
108756902	time.n.01	0.819
108757161	time.n.01	0.805
100370133	year.n.01	0.959
100370400	time.n.01	0.703
108759182	hour.n.01	0.932
100370894	time.n.01	0.749
100371285	time.n.01	0.596
108759972	time.n.02	0.887
100371403	time.n.01	0.866
108760107	time.n.02	0.69
100372251	time.n.01	0.742
117150605	time.n.02	0.377
108762672	time.n.05	0.465
108763444	time.n.02	0.823
100375018	future.n.01	0.99
108764002	time.n.02	0.547
100375528	time.n.01	0.618
100376134	time.n.01	0.822
108765314	time.n.02	0.782
117154157	delay.n.02	0.71
108765932	time.n.01	0.891
100378816	time.n.03	0.569
108768016	time.n.02	0.403
100379974	time.n.01	0.415
108769559	while.n.01	None
100381820	time.n.02	0.675
108770691	time.n.01	0.729
108770717	time.n.02	0.739
100382383	time.n.02	0.582
100382679	time.n.03	0.628
108771616	time.n.02	0.775
117160485	time.n.02	0.79
100383490	time.n.01	0.614
100384211	time.n.01	0.762
108772857	time.n.02	0.904
100384594	while.n.01	None
108773326	time.n.02	0.791
117162051	time.n.05	0.762
100387591	time.n.01	0.634
100388483	time.n.02	0.599
100388895	time.n.02	0.411
100389039	time.n.01	0.744
117166445	time.n.04	0.876
108777859	time.n.02	0.648
117166523	time.n.01	0.883
108779610	time.n.01	0.61
108779850	generation.n.03	0.577
108780637	time.n.03	0.868
108780891	time.n.03	0.884
108782540	while.n.01	None
117173014	time.n.04	0.521
100395973	time.n.02	0.84
100396328	time.n.03	0.425
100396490	time.n.01	0.607
108785448	time_period.n.01	0.984
108785941	time.n.02	0.766
100398526	time.n.01	0.581
108787356	time.n.01	0.797
100400001	time.n.01	0.813
100400039	time.n.01	0.757
108789059	time.n.02	0.773
108789160	time.n.02	0.833
108789235	time.n.05	0.487
100401997	time.n.01	0.602
108790845	while.n.01	None
108791051	time.n.02	0.933
100402444	time.n.02	0.853
100402561	time.n.02	0.672
100403574	time.n.03	0.508
117181504	time.n.01	0.361
100404342	while.n.01	None
108793091	time.n.02	0.773
108793148	time.n.02	0.874
100404556	time.n.01	0.398
100405647	time.n.01	0.757
100406119	time.n.04	0.685
100406220	time.n.02	0.585
108795148	time.n.02	0.952
100408917	day.n.01	0.952
108798042	time.n.02	0.808
100410102	time.n.01	0.779
100410187	time.n.02	0.501
108799027	time.n.02	0.79
108801490	time.n.01	0.391
108801816	time.n.05	0.523
100413583	time.n.03	0.436
108803385	time.n.02	0.744
108803870	time.n.02	0.676
108804961	while.n.01	None
108805022	time.n.02	0.747
108805429	time.n.05	0.334
117194075	time_period.n.01	0.977
100417286	time.n.01	0.818
100417456	time.n.01	0.81
108806193	time.n.01	0.91
108806390	time.n.01	0.683
100418111	time.n.01	0.79
100418141	while.n.01	None
100418544	time.n.02	0.386
100418874	time.n.02	0.598
108807511	while.n.01	None
108807686	time.n.01	0.692
108808395	time.n.02	0.751
108810757	time.n.01	0.618
117201303	time.n.01	0.841
108812721	time.n.02	0.668
108813366	time.n.02	0.8
108814046	time.n.02	0.526
108814156	time.n.02	0.839
108815757	year.n.01	0.977
108815912	time.n.02	0.847
108816032	time.n.01	0.875
117205363	time.n.05	0.584
108817573	time.n.02	0.757
100429095	time.n.01	0.848
108818255	time.n.02	0.955
108819580	time.n.01	0.68
108822551	time.n.04	0.426
117213280	time.n.02	0.864
108825117	while.n.01	None
100437984	time.n.01	0.704
108826751	time.n.02	0.735
117216308	time.n.04	0.594
108828502	time.n.02	0.578
108829853	time.n.02	0.715
100441399	time.n.01	0.78
100441706	time.n.01	0.692
108830337	time.n.02	0.804
108830965	time.n.01	0.754
100443127	time.n.02	0.513
108831857	time.n.05	0.886
100443420	year.n.01	0.981
100443488	time.n.01	0.787
100444636	time.n.01	0.808
117222822	time.n.04	0.491
108834566	time.n.02	0.37
108841822	time.n.01	0.929
117230637	time.n.02	0.974
117231221	term.n.02	0.66
108842959	time.n.02	0.812
108843438	time.n.05	0.433
108846072	time.n.02	0.53
100458954	time.n.01	0.719
108847765	time.n.02	0.651
108847777	time.n.03	0.451
108848034	time.n.01	0.787
100459946	time.n.01	0.727
100460070	time.n.01	0.772
108848838	time_period.n.01	0.984
108849614	while.n.01	None
108849919	time.n.02	0.701
108850102	juncture.n.01	0.912
100461867	winter.n.01	None
108851346	delay.n.02	0.549
100462798	time.n.01	0.807
117240174	time.n.01	0.52
100463506	time.n.01	0.793
108852326	time.n.02	0.541
108853358	time.n.02	0.758
108854305	topographic_point.n.01	0.797
108855276	time.n.02	0.641
100467938	time.n.01	0.626
108857650	time.n.02	0.799
100469091	time.n.02	0.74
100469765	time.n.01	0.799
108858566	time.n.02	0.715
100470384	time.n.01	0.596
100470762	time.n.01	0.809
108859536	calendar_month.n.01	0.895
108860813	time.n.02	0.793
108860871	time.n.01	0.841
100473687	moment.n.01	0.981
100475003	while.n.01	None
100475463	time.n.03	0.54
100475674	time.n.01	0.734
108864348	time.n.02	0.924
108864697	time.n.01	0.338
100477237	time.n.01	0.839
100477497	time.n.02	0.922
108868492	prolongation.n.01	0.697
108868977	time.n.02	0.94
108869814	interim.n.01	None
108870404	delay.n.01	0.634
108870423	time.n.02	0.677
100482654	day.n.01	0.688
100484335	future.n.01	0.988
108872949	time.n.02	0.743
100484716	day.n.02	0.401
108875422	term.n.02	0.961
100487169	day.n.01	0.715
100487498	time.n.02	0.48
108876200	time.n.01	0.749
108876633	time.n.01	0.74
100490212	time.n.05	0.798
100490221	time.n.05	0.851
100490226	time.n.05	0.985
108878851	time.n.02	0.974
108880467	time.n.02	0.822
108882067	pause.n.01	0.848
108882672	time.n.02	0.873
108885512	time.n.04	0.577
108887043	time.n.02	0.769
108887512	time.n.02	0.811
108887712	time.n.02	0.735
108889925	time.n.02	0.729
108890646	time.n.02	0.706
100505690	time.n.05	0.708
108895172	time.n.02	0.673
108895789	time.n.02	0.884
100507920	time.n.04	0.357
108896554	while.n.01	None
108896606	day.n.01	0.512
108897157	time.n.02	0.756
108897317	time.n.02	0.754
108897675	time.n.02	0.722
108897703	time.n.02	0.464
108897923	year.n.01	0.985
108898809	time.n.02	0.75
108898862	time.n.02	0.791
100510564	day.n.01	0.885
100510605	hour.n.01	0.493
108899605	time.n.02	0.586
108900568	time.n.02	0.816
108900842	time.n.04	0.617
108901440	time.n.02	0.745
108902102	term.n.02	0.921
108902353	time_period.n.01	0.951
100514316	moment.n.01	0.485
108903904	time.n.02	0.657
100515868	morrow.n.01	None
108905404	time.n.02	0.762
108905445	time.n.01	0.793
108905508	time.n.02	0.763
100517163	time.n.02	0.888
108906188	time.n.02	0.929
108906485	extension.n.01	0.968
100518178	day.n.02	0.506
108908328	time.n.02	0.64
108909220	time.n.02	0.744
100523687	time.n.05	0.785
108912657	time_period.n.01	0.987
108913042	time.n.01	0.522
108913362	time.n.05	0.581
108913382	time.n.03	0.886
108913407	time.n.01	0.488
108916451	time.n.02	0.735
108916554	time.n.01	0.498
100528420	delay.n.01	0.73
108917270	time.n.02	0.511
108917362	time.n.02	0.711
100529946	time.n.02	0.842
108919623	time.n.02	0.789
108922799	time.n.02	0.708
108923465	season.n.02	0.667
108926043	time.n.02	0.762
117314980	time.n.05	0.958
108926691	time.n.02	0.713
100538941	time.n.04	0.337
108927663	time.n.02	0.411
108929332	time.n.03	0.492
108929818	time.n.02	0.899
108930717	time.n.03	0.829
117319774	time.n.02	0.66
108931227	time.n.02	0.837
100543740	time.n.05	0.909
108932601	time.n.01	0.569
100545194	time_interval.n.01	0.702
117323511	time.n.05	0.437
117323955	time.n.02	0.571
108935812	time.n.02	0.677
108936472	time.n.02	0.579
108936506	term.n.02	0.97
117325580	time_period.n.01	0.993
108937112	time.n.02	0.876
117326821	time.n.02	0.704
100549778	time.n.05	0.73
108938436	time.n.02	0.746
117327051	time.n.02	0.708
108941262	time.n.05	0.818
100554253	time.n.04	0.299
108944951	time.n.02	0.885
108945756	time.n.03	0.697
108945912	time.n.02	0.886
108946037	time.n.02	0.646
100557848	time.n.02	0.221
100558767	time.n.04	0.604
108948229	time.n.02	0.863
108948607	calendar.n.01	0.865
108949340	time.n.02	0.862
100561431	time.n.05	0.717
100561876	time.n.02	0.462
100563478	time.n.04	0.436
108952285	time.n.02	0.614
108953747	time.n.02	0.826
100565192	time.n.04	0.502
100565644	year.n.01	0.963
108954497	time.n.02	0.816
108954951	time.n.02	0.948
108955286	time.n.02	0.869
108955492	time.n.02	0.62
117344651	time.n.02	0.934
108956425	time.n.02	0.726
108956994	time.n.02	0.479
108957039	time.n.05	0.786
108957608	time.n.02	0.812
108959125	while.n.01	None
108960439	time.n.02	0.728
108960922	time.n.01	0.688
108961984	time.n.02	0.683
100574431	season.n.02	0.605
108963139	term.n.02	0.85
108963322	time.n.02	0.701
117352311	time.n.02	0.724
108964430	time.n.02	0.864
108964507	time.n.02	0.776
108965776	time.n.02	0.807
108965990	time.n.02	0.487
100577647	time.n.02	0.55
108969292	time.n.02	0.801
100580879	time.n.02	0.716
100580943	time.n.04	0.454
108969629	time.n.02	0.738
108970969	time.n.02	0.72
108971476	time.n.02	0.757
117361427	time.n.02	0.619
100585587	time.n.02	0.668
108974692	time.n.02	0.819
100586604	time.n.02	0.798
117364234	historic_period.n.01	0.875
117364585	time.n.05	0.876
108976669	time.n.02	0.676
100589085	time.n.02	0.924
117366895	time.n.03	0.864
117367142	time.n.05	0.767
117367160	time.n.05	0.865
117367185	time_period.n.01	0.975
108978802	time.n.02	0.771
108979299	time.n.02	0.64
108979935	while.n.01	None
108979992	time.n.01	0.888
117368873	time.n.05	0.812
108980455	time.n.02	0.697
108980555	time.n.02	0.671
108980881	while.n.01	None
108981145	time.n.02	0.897
100592856	time.n.02	0.799
108981717	time.n.02	0.802
108981962	time.n.02	0.729
108983656	time.n.03	0.92
100598264	time.n.02	0.634
100598364	time.n.02	0.376
108987010	time.n.01	0.461
100599482	time.n.02	0.396
117377312	time.n.05	0.46
108990359	time.n.03	0.465
117379090	time.n.02	0.83
108990557	time.n.02	0.746
108990832	time.n.03	0.693
108991208	time.n.02	0.866
108992891	time.n.02	0.629
100605661	time.n.05	0.315
108996502	time_period.n.01	0.987
100608409	time.n.05	0.877
100609117	time_period.n.01	0.979
100609919	time.n.02	0.747
108999015	time.n.02	0.674
100611924	time.n.05	0.961
109002198	time.n.02	0.868
109002873	time.n.01	0.911
109003044	time.n.02	0.732
109004507	time.n.03	0.619
100616324	time.n.05	0.57
109006995	time.n.02	0.563
109007715	time.n.02	0.952
100619389	being.n.01	0.962
109008472	time.n.02	0.632
109008543	day.n.02	0.556
109010833	time.n.02	0.693
109011078	time.n.02	0.735
100623940	time.n.02	0.764
100625243	time.n.02	0.582
109014553	time.n.02	0.597
109014721	time.n.02	0.401
109015594	time.n.02	0.368
100626996	time.n.02	0.465
109015836	while.n.01	None
109016735	time.n.02	0.604
109017273	time.n.02	0.841
100632121	time.n.05	0.647
109021501	time.n.01	0.924
109021794	time.n.02	0.632
109022182	time.n.02	0.903
109023165	time.n.02	0.915
100635723	time.n.02	0.419
109024769	time.n.02	0.713
100636169	time.n.05	0.942
100636205	time.n.02	0.6
109028416	time.n.02	0.706
109029161	time.n.02	0.791
109030770	time.n.02	0.523
109031748	time.n.01	0.44
100643784	time.n.02	0.556
109032574	time.n.02	0.632
109032901	generation.n.03	0.796
109032934	time.n.02	0.585
109033395	time.n.02	0.722
109033470	time.n.02	0.783
109033538	time.n.01	0.43
109033851	time.n.05	0.423
109034867	time.n.02	0.442
109035376	season.n.02	0.59
109040781	time.n.02	0.719
100653419	time.n.05	0.774
109042892	time.n.01	0.725
109044254	time.n.02	0.736
109044392	time.n.01	0.515
109045200	while.n.01	None
100656833	time.n.02	0.563
100657109	day.n.02	0.86
109045996	time.n.02	0.447
100657961	time.n.01	0.717
100658457	time.n.03	0.728
109047108	time.n.02	0.649
100658503	time.n.01	0.63
109047281	time.n.02	0.833
100660254	time_period.n.01	0.96
109049816	time.n.02	0.59
100661266	time.n.01	0.399
100661974	time_period.n.01	0.988
100662281	time.n.02	0.728
109051319	time.n.02	0.507
109051429	time.n.01	0.845
109051660	time.n.02	0.722
