100666283	parentage.n.02	0.929
109058192	family.n.04	0.673
109058226	lineage.n.01	0.815
100671082	parentage.n.02	0.528
100672468	relationship.n.03	0.457
109062083	race.n.03	0.985
100673585	kinship.n.02	0.774
100673762	parentage.n.02	0.941
100674351	family.n.04	0.31
100675347	kinship.n.02	0.864
109064464	descendants.n.01	0.776
109064510	family.n.01	0.698
117455320	race.n.03	0.998
100680370	birth.n.02	0.593
100680485	family.n.01	0.433
100681166	race.n.03	0.859
100682231	race.n.03	0.993
109071222	descendant.n.01	None
100683336	race.n.03	0.981
117460619	origin.n.03	0.564
117460639	genus.n.02	0.82
100683689	race.n.03	0.988
117461528	origin.n.02	0.999
117462042	origin.n.02	0.994
117462084	parentage.n.02	0.804
117462197	race.n.03	0.688
117462304	race.n.03	0.984
117462321	race.n.03	0.979
117462362	race.n.03	0.993
117462385	race.n.03	0.994
117462394	race.n.03	0.988
117462427	race.n.03	0.942
117462432	race.n.03	0.93
117463054	class.n.03	0.589
117463217	race.n.03	0.993
117463421	race.n.03	0.981
117464142	kind.n.01	None
100688100	race.n.03	0.983
117466391	race.n.03	0.998
117466753	state.n.04	0.636
109078263	native.n.01	0.56
100689764	race.n.03	0.996
100690482	race.n.03	0.988
100690701	race.n.03	0.991
100690833	race.n.03	0.997
100690965	race.n.03	0.992
117468906	race.n.03	0.928
117471154	family.n.04	0.843
109083788	descent.n.04	0.469
109086382	descent.n.04	0.548
109086394	descent.n.04	0.578
117477022	family.n.01	0.49
117477051	family.n.04	0.842
117481489	genus.n.01	0.92
100707622	race.n.03	0.99
117485850	race.n.03	0.964
100710809	family.n.04	0.74
100711091	family.n.01	0.445
117488411	kind.n.01	None
100711899	family.n.04	0.489
100714139	family.n.01	0.523
117492281	race.n.03	0.981
117497546	race.n.03	0.968
117498091	kind.n.01	None
117499423	race.n.03	0.991
117500473	breed.n.01	0.917
117504325	kind.n.01	None
100727388	family.n.04	0.545
100727460	lineage.n.01	0.617
117506127	race.n.03	0.988
100729074	lineage.n.01	0.711
100730024	class.n.03	0.897
117508439	coinage.n.01	None
109120570	class.n.01	0.988
117509710	race.n.03	0.985
100738914	genealogy.n.01	0.564
109128189	race.n.03	0.978
117518231	race.n.03	0.742
100741017	race.n.03	0.97
117518431	race.n.03	0.989
117518790	tribe.n.01	0.921
117523162	family.n.04	0.444
117523204	family.n.01	0.55
117523695	nation.n.02	0.744
117525725	sex.n.02	0.499
117526162	race.n.03	0.954
117528125	race.n.03	0.653
117528136	race.n.01	0.89
100753618	race.n.03	0.954
100754006	race.n.03	0.994
117534320	race.n.03	0.976
100757801	race.n.03	0.99
100759805	parentage.n.02	0.877
117538857	class.n.03	0.666
117538873	race.n.03	0.974
117539168	race.n.03	0.986
117539195	race.n.03	0.985
100762470	race.n.03	0.988
100762637	race.n.03	0.995
100762689	seed.n.02	0.841
100765590	state.n.04	0.841
117545860	diverseness.n.01	0.945
100770901	race.n.03	0.981
117548771	kind.n.01	None
100773230	race.n.03	0.986
100777914	race.n.03	0.992
100778150	citizenry.n.01	0.547
117559841	birth.n.02	0.635
100783806	race.n.03	0.992
100785021	family.n.02	0.568
117567746	genus.n.01	0.781
117570146	genus.n.01	0.665
117571668	offspring.n.01	0.974
117571871	race.n.03	0.939
117572103	parentage.n.02	0.886
117574949	race.n.03	0.994
117576303	race.n.03	0.979
117576319	race.n.03	0.989
117576391	race.n.03	0.988
109187894	family_history.n.01	None
117577569	race.n.03	0.961
100806833	tribe.n.01	0.723
100806984	kin.n.02	None
117584626	kind.n.01	0.477
100807438	offspring.n.01	0.99
117584710	race.n.03	0.984
109197315	race.n.03	0.994
100811163	kin.n.02	None
100811422	race.n.03	0.983
100812135	family.n.01	0.663
117591592	genus.n.01	0.566
100814558	race.n.03	0.994
100816742	race.n.03	0.994
109208916	breed.n.01	0.671
109208974	breed.n.01	0.426
100824322	brood.n.01	None
100826350	birth.n.02	0.505
100826446	stock.n.09	0.986
100826565	birth.n.02	0.609
100828631	race.n.03	0.99
117606321	race.n.03	0.984
117607051	race.n.01	0.594
100835090	stock.n.09	0.567
100836483	offspring.n.01	0.913
117614292	tribe.n.03	0.571
100837558	family.n.01	0.765
117615195	race.n.03	0.868
117615478	caste.n.03	0.66
100841737	tribe.n.01	0.95
100841975	ancestry.n.02	0.78
100842105	birthplace.n.01	0.981
109231490	parentage.n.02	0.919
117620723	race.n.03	0.927
109232281	parentage.n.02	0.5
117624293	race.n.03	0.993
109238501	kind.n.01	None
117628012	kind.n.01	None
100852834	subspecies.n.01	0.683
109241837	species.n.01	0.958
100853933	race.n.03	0.992
117631251	kind.n.01	None
100854543	family.n.01	0.489
100855680	race.n.03	0.982
117633015	kind.n.01	None
100856633	family.n.04	0.623
100856755	race.n.03	0.987
100856900	race.n.03	0.996
117634209	genus.n.01	0.931
117634660	nature.n.01	0.932
109246247	kin.n.02	None
100857709	race.n.03	0.991
100858380	race.n.03	0.905
100858483	race.n.03	0.987
117637127	genus.n.01	0.924
109248528	descent.n.04	0.407
117637196	genus.n.01	0.582
117637213	genus.n.02	0.844
117637233	genus.n.02	0.85
117637441	genus.n.02	0.937
117637507	genus.n.02	0.99
117637521	genus.n.02	0.896
109248946	family.n.04	0.781
117637571	genus.n.01	0.819
117637617	genus.n.02	0.905
109249013	family.n.01	0.699
117637635	genus.n.02	0.965
117637888	genus.n.01	0.9
117637939	genus.n.02	0.884
109249643	lineage.n.01	0.834
109251391	kin.n.02	None
117640426	kind.n.01	None
117640900	genus.n.01	0.976
100864454	race.n.03	0.993
109254063	kinship.n.02	0.724
109254180	parentage.n.02	0.915
109256737	descent.n.04	0.725
100868954	race.n.03	0.933
109257942	family.n.01	0.94
109259241	descent.n.04	0.528
109259375	birth.n.02	0.401
109260354	family.n.01	0.547
109263029	parentage.n.02	0.863
109263289	tribe.n.01	0.97
109263654	citizenry.n.01	0.682
109263719	state.n.04	0.85
109264821	state.n.04	0.742
109268180	race.n.03	0.988
100880454	race.n.03	0.97
109269170	family.n.06	0.811
109269227	family.n.01	0.463
100881526	parentage.n.02	0.878
100881640	family.n.04	0.667
109273059	race.n.03	0.981
100884807	lineage.n.01	0.516
109274869	descent.n.04	0.699
100888223	lineage.n.01	0.865
109279308	race.n.03	0.987
109280015	class.n.01	0.879
100896506	tribe.n.01	0.985
100896515	tribe.n.01	0.731
117674065	lineage.n.01	0.929
109290309	descendant.n.01	None
117679385	differentiation.n.01	0.713
109290838	subspecies.n.01	0.942
100903075	lineage.n.01	0.627
100905042	family.n.01	0.887
100906441	descent.n.04	0.685
100916083	race.n.03	0.97
109305310	tribe.n.01	0.811
109309198	race.n.03	0.915
109309284	class.n.01	0.788
109309306	race.n.03	0.972
109310196	race.n.03	0.952
109313151	parentage.n.02	0.824
109316583	class.n.01	0.913
100930278	descent.n.04	0.423
109320595	race.n.03	0.966
117713246	race.n.03	0.975
117714083	kind.n.01	None
117714236	kind.n.01	None
117714943	kind.n.01	None
100939331	class.n.03	0.891
100939362	class.n.01	0.825
100942238	parentage.n.02	0.842
109342931	family.n.02	0.55
109344422	kind.n.01	None
117735866	kind.n.01	None
100958889	kind.n.01	None
100958964	kind.n.01	None
109347710	parentage.n.02	0.897
109348664	family.n.04	0.797
109353444	variety.n.03	0.371
100966301	lineage.n.01	0.657
100966425	kin.n.02	None
100969332	kind.n.01	None
109358063	kin.n.02	None
100971552	race.n.03	0.992
109360194	kind.n.01	None
109364101	delinquency.n.03	0.592
109365397	tribe.n.01	0.817
109365442	kin.n.02	0.847
109367100	race.n.03	0.994
100983944	lineage.n.01	0.937
100984392	descendant.n.01	None
109380791	offspring.n.01	0.994
109380867	race.n.03	0.992
109382786	kin.n.02	0.524
109383357	race.n.03	0.993
109383559	race.n.03	0.987
109384128	race.n.03	0.983
100996038	parentage.n.02	0.785
100996083	house.n.06	0.538
109385040	kin.n.02	None
109385936	lineage.n.01	0.595
109385949	race.n.03	0.997
109386082	race.n.03	0.99
100998311	descent.n.04	0.892
100998882	family.n.04	0.553
109388567	animal.n.01	0.966
109388603	state.n.04	0.666
109391496	kind.n.01	None
109392791	kind.n.01	0.666
117782959	kind.n.01	None
109396799	birth.n.02	0.595
117785777	kind.n.01	None
109402756	kind.n.01	None
101016617	ancestry.n.02	0.401
101017809	birth.n.02	0.532
101019401	parentage.n.02	0.906
101023667	descent.n.04	0.602
101024289	descent.n.04	0.943
101024410	parentage.n.02	0.866
101037711	descent.n.04	0.777
101039885	descent.n.04	0.596
101050752	family.n.01	0.871
101051897	kin.n.02	None
101060351	descent.n.04	0.947
101060808	parentage.n.02	0.967
101060830	lineage.n.01	0.95
101067791	parentage.n.02	0.8
101070935	people.n.01	0.666
101078701	kin.n.02	None
101080344	descent.n.04	0.727
101084457	parentage.n.02	0.949
101086602	descent.n.04	0.494
101091653	affinity.n.07	0.393
101092919	kinship.n.02	0.566
101093062	kin.n.02	0.796
101093098	kinship.n.02	0.883
101093111	family.n.01	0.359
101093224	affinity.n.04	0.713
101093382	kin.n.02	0.635
101093572	kin.n.02	0.624
101095365	relative.n.01	0.978
101100756	lineage.n.01	0.656
101100764	kinship.n.02	0.933
101100869	kinship.n.02	0.959
101101469	uncle.n.01	0.995
101102574	birth.n.02	0.622
101102633	relative.n.01	0.991
101102946	kinship.n.02	0.941
101102965	kin.n.02	0.803
101102980	consanguinity.n.01	None
101103352	kinship.n.02	0.929
101103444	kinship.n.02	0.943
101103492	kinship.n.02	0.894
101103545	kinship.n.02	0.944
101103560	kinship.n.02	0.744
101103607	kinship.n.02	0.891
101103955	kin.n.02	0.851
101107526	birth.n.02	0.713
101113297	kinship.n.02	0.557
101115233	kin.n.02	0.824
109505030	parentage.n.02	0.593
101117489	family.n.01	0.487
101117556	relationship.n.01	0.479
101117575	kin.n.02	0.579
101118797	relationship.n.03	0.567
101120884	relationship.n.03	0.48
101123841	kin.n.02	0.814
101124207	relationship.n.03	0.364
101124276	kinship.n.02	0.806
101124538	kin.n.02	0.893
101125163	kinship.n.02	0.967
101125185	kinship.n.02	0.55
101125780	kinship.n.02	0.503
101125882	kinship.n.02	0.841
101126144	kin.n.02	0.691
101126193	kinship.n.02	0.866
101126236	kin.n.02	0.778
109529292	parentage.n.02	0.8
109531568	parentage.n.02	0.577
109531741	family.n.04	0.623
109532325	family.n.06	0.504
109533678	family.n.04	0.687
109533735	inheritance.n.01	0.964
109536441	parentage.n.02	0.643
101161795	class.n.01	0.517
117944231	demerit.n.02	0.569
117951308	kind.n.01	None
117951461	gender.n.01	0.946
101181984	family.n.04	0.626
101183519	tribe.n.01	0.964
101187331	race.n.03	0.979
101187366	race.n.03	0.961
101187818	race.n.03	0.893
101188333	kind.n.01	None
101191141	race.n.03	0.99
101192533	education.n.05	0.876
101194035	kin.n.02	0.809
101194289	race.n.03	0.995
101194324	subspecies.n.01	0.538
117972802	family.n.01	0.774
117978640	family.n.02	0.689
117980060	family.n.02	0.543
109592356	kind.n.01	None
109593451	species.n.01	0.949
101204864	race.n.03	0.854
117987533	race.n.03	0.986
101215244	race.n.03	0.736
117998355	world.n.08	None
118001755	race.n.03	0.908
118006465	kind.n.01	None
118014427	race.n.03	0.976
101252978	next_of_kin.n.01	None
101255013	family.n.01	0.821
101257374	family.n.04	0.371
101263195	family.n.01	0.654
109652155	kind.n.01	None
109655447	kind.n.01	0.819
109656308	rank.n.02	0.492
101274131	kin.n.02	0.916
109680134	kind.n.01	None
109682684	kind.n.01	None
109693348	kind.n.01	None
101306785	lineage.n.01	0.906
109696898	kind.n.01	None
101311941	family.n.01	0.542
101314146	family.n.01	0.479
109705410	kind.n.01	None
109705629	kind.n.01	None
109706942	subspecies.n.01	0.688
109706953	coinage.n.01	None
109706962	genus.n.01	0.533
109707113	dish.n.02	0.802
109709185	kind.n.01	None
109709394	kind.n.01	None
109709527	coinage.n.01	None
109710160	kind.n.01	None
109711228	kind.n.01	None
109713301	kind.n.01	None
109713981	kind.n.01	None
109714012	kind.n.01	None
109714142	kind.n.01	None
109714576	kind.n.01	None
109714906	kind.n.01	None
109715112	kind.n.01	None
109715676	kind.n.01	0.965
109720221	kind.n.01	None
109720732	kind.n.01	None
118109751	kind.n.01	None
109721393	kind.n.01	None
118110299	kind.n.01	None
101340577	descendant.n.01	None
109729431	kind.n.01	None
109729890	kind.n.01	None
109734139	quality.n.01	0.873
109734224	kind.n.01	None
109734356	kind.n.01	None
109734398	coinage.n.01	None
109738137	kind.n.01	0.975
109738491	kind.n.01	None
101350132	parentage.n.02	0.972
109749248	race.n.01	0.487
109750277	parentage.n.02	0.83
101362868	parentage.n.02	0.902
109753048	birth.n.02	0.447
109753103	parentage.n.02	0.71
109758838	kind.n.01	None
109761028	relative.n.01	0.955
109764822	kind.n.01	None
109767361	valuable.n.01	None
109769088	breed.n.01	0.937
109771306	kind.n.01	None
109773624	birth.n.02	0.551
109779826	race.n.03	0.952
109781559	parentage.n.02	0.523
109783519	class.n.01	0.584
109783764	family.n.08	0.6
109784869	kind.n.01	None
109784883	kind.n.01	None
109786117	class.n.03	0.552
109786755	birth.n.02	0.541
101399493	kind.n.01	None
101399530	kind.n.01	None
109788613	native.n.01	0.598
109789587	parentage.n.02	0.77
118179199	origin.n.02	0.779
118179748	family.n.01	0.506
109791259	family.n.04	0.679
109791446	parentage.n.02	0.531
109792814	parentage.n.02	0.787
109792903	race.n.03	0.987
109793122	name.n.01	0.998
109793147	race.n.03	0.998
109795697	race.n.03	0.943
101409749	coinage.n.01	None
109799541	kind.n.01	None
109800411	parentage.n.02	0.843
109801608	parentage.n.02	0.794
109801767	kind.n.01	None
109801852	kind.n.01	None
109805377	kind.n.01	None
109807814	kind.n.01	0.849
109808524	class.n.03	0.762
109814076	race.n.03	0.503
109814573	species.n.01	0.904
109817036	kind.n.01	None
109817509	kind.n.01	None
109818541	subspecies.n.01	0.691
109820926	child.n.01	0.845
109824399	kind.n.01	None
109826109	parentage.n.02	0.6
101442597	parentage.n.02	0.985
109831869	race.n.03	0.96
109835588	coinage.n.01	None
109837097	kind.n.01	None
109837405	genus.n.02	0.988
109837781	breed.n.01	0.878
109837814	class.n.01	0.694
109837969	class.n.01	0.669
109838224	species.n.01	0.983
109838398	number.n.01	0.832
109843208	kind.n.01	None
109843369	kind.n.01	None
109843960	kind.n.01	None
109845384	parentage.n.02	0.46
109849075	race.n.03	0.897
109852288	kind.n.01	None
109852725	kind.n.01	None
109852837	kind.n.01	None
109853126	kind.n.01	None
109854140	genus.n.02	0.932
109854341	genus.n.02	0.988
109857790	parentage.n.02	0.802
109860941	golden_age.n.02	0.672
109862824	race.n.03	0.914
109867872	birth.n.02	0.475
109868726	race.n.03	0.809
109869732	race.n.03	0.571
109870848	state.n.04	0.786
109873787	parentage.n.02	0.884
109874755	race.n.03	0.981
109884196	parentage.n.02	0.794
109887879	cup.n.01	0.92
109888523	name.n.01	0.999
101502837	breed.n.01	0.705
109891644	kind.n.01	0.983
109892446	species.n.02	0.792
109893048	kind.n.01	None
109895185	kind.n.01	None
109895365	practice.n.01	0.966
109895940	kind.n.01	None
109898421	race.n.03	0.98
118294574	kind.n.01	None
109906232	birth.n.02	0.648
118294979	kind.n.01	None
118295011	genre.n.01	0.716
118296677	origin.n.02	0.789
118297859	kind.n.01	None
109909471	parentage.n.02	0.919
109910483	parentage.n.02	0.712
109913144	birth.n.02	0.463
118301994	class.n.01	0.696
109913480	race.n.03	0.996
118302137	genus.n.02	0.983
109916068	parentage.n.02	0.852
118307012	genus.n.01	0.869
118307015	genus.n.01	0.564
118307025	genus.n.01	0.786
118307057	genus.n.01	0.525
118307071	genus.n.01	0.857
118307086	genus.n.01	0.699
118307105	genus.n.01	0.837
118307115	genus.n.01	0.612
118307143	genus.n.01	0.802
118307168	genus.n.01	0.914
118307190	genus.n.01	0.778
118307211	genus.n.01	0.778
118307380	genus.n.01	0.987
118307528	origin.n.03	0.423
109919300	parentage.n.02	0.917
109921679	parentage.n.02	0.919
109923855	race.n.03	0.985
109923906	kind.n.01	None
118313551	kinship.n.02	0.724
109925720	coinage.n.01	None
118315424	species.n.01	0.865
109929334	race.n.03	0.979
109929368	race.n.03	0.933
109930302	parentage.n.02	0.81
101544358	parentage.n.02	0.759
109937230	family.n.01	0.497
109937625	parentage.n.02	0.972
109937691	parentage.n.02	0.828
109937895	assortment.n.01	0.839
118329769	origin.n.02	0.471
101554589	race.n.03	0.89
118332689	kind.n.01	None
118334457	class.n.01	0.991
118335143	species.n.01	0.986
109946545	descent.n.04	0.746
109946965	race.n.03	0.461
118335708	race.n.03	0.967
118336343	species.n.01	0.882
118336383	coinage.n.01	None
109947821	race.n.03	0.922
118336876	quality.n.03	0.593
118337138	brood.n.01	None
118337293	brood.n.01	None
109950786	native.n.01	0.621
109950798	parentage.n.02	0.926
109953439	class.n.02	0.977
109954160	family.n.02	0.438
118346912	parentage.n.02	0.945
109958728	race.n.03	0.998
109958765	race.n.03	0.997
109959213	kind.n.01	None
118348991	class.n.01	0.982
109960810	kind.n.01	None
109961493	parentage.n.02	0.479
118350146	kind.n.01	None
109961745	parentage.n.02	0.576
118350625	world.n.08	0.657
118351353	class.n.03	0.914
118351470	sphere.n.01	0.434
109963661	kind.n.01	None
109963882	kind.n.01	None
109964585	parentage.n.02	0.839
109965622	body.n.06	0.569
118354253	family.n.04	0.56
109968012	kind.n.01	None
109969186	genus.n.01	0.757
118358267	tribe.n.01	0.97
109970919	species.n.01	0.872
109973116	race.n.03	0.489
109973399	sex.n.02	0.598
118362137	lineage.n.01	0.615
109974877	parentage.n.02	0.599
101588479	family.n.01	0.574
101588962	family.n.01	0.703
118368594	family.n.04	0.554
101591899	race.n.03	0.985
109980642	kind.n.01	None
118369553	family.n.01	0.493
109981183	native.n.01	0.57
118370249	race.n.03	0.988
109982575	species.n.02	0.809
109983247	kind.n.01	None
109983447	parentage.n.02	0.977
109983522	subspecies.n.01	0.529
109984295	plant.n.01	0.942
118372964	lineage.n.01	0.891
118373408	race.n.03	0.988
109985153	kind.n.01	None
118373984	race.n.03	0.968
118375383	class.n.01	0.448
118376876	race.n.03	0.875
118377280	art.n.01	0.488
118377798	kinship.n.02	0.732
101600746	family.n.01	0.444
101600782	family.n.01	0.374
101600891	parentage.n.02	0.817
109990261	kind.n.01	None
109992151	kind.n.01	None
109994745	ancestry.n.02	0.677
118384781	family.n.04	0.491
118384811	race.n.03	0.965
118384876	family.n.04	0.743
118384950	family.n.01	0.371
118384992	family.n.04	0.639
109997009	family.n.04	0.958
109997041	lineage.n.01	0.782
101609359	family.n.01	0.604
118386637	breed.n.01	0.926
110002422	nature.n.01	0.864
110004164	ancestor.n.01	0.918
110004310	lineage.n.01	0.79
118394438	breed.n.01	0.898
118394452	breed.n.01	0.879
118394622	subspecies.n.01	0.969
110006485	ancestry.n.02	0.54
118396427	kind.n.01	0.996
118398986	population.n.01	0.798
110011305	ancestry.n.02	0.746
118401262	lineage.n.01	0.926
118401320	family.n.04	0.899
118405739	race.n.03	0.962
110022225	ancestry.n.02	0.681
110022317	family.n.04	0.761
101634327	kind.n.01	None
101634922	breed.n.01	0.953
110024140	race.n.03	0.996
118413787	lineage.n.01	0.905
101637305	breed.n.01	0.924
110027162	family.n.04	None
110027967	family.n.04	0.657
110028135	family.n.01	0.429
110028154	family.n.01	0.83
101640646	breed.n.01	0.911
110029806	family.n.04	0.528
118419754	blood.n.02	0.525
110032611	family.n.04	0.665
110035289	family.n.01	0.442
110036326	race.n.03	0.993
101649921	race.n.02	0.64
110038684	family.n.04	0.811
101650304	race.n.02	0.507
101651826	race.n.03	0.949
118430022	tribe.n.01	0.862
118430117	tribe.n.01	0.954
118430234	breed.n.01	0.962
118430264	breed.n.01	0.865
110041709	family.n.04	0.695
110042009	race.n.03	0.994
101653762	race.n.03	0.954
101656289	child.n.02	0.904
101657274	race.n.03	0.983
110047103	ancestry.n.02	0.471
118435947	race.n.01	0.872
110047469	brood.n.01	None
101659042	race.n.03	0.844
110048314	subspecies.n.01	0.817
110048544	subspecies.n.01	0.548
101660037	race.n.03	0.936
110048769	race.n.02	0.825
118437500	race.n.03	0.962
101661138	generation.n.02	0.499
110049851	race.n.03	0.585
101662073	race.n.03	0.991
110050710	subspecies.n.01	0.777
101663043	race.n.03	0.97
110052430	offspring.n.01	0.846
101664055	race.n.03	0.988
110053298	sex.n.02	0.578
118441986	family.n.04	0.52
110053443	race.n.03	0.97
118442197	family.n.04	0.597
101665530	race.n.03	0.961
101666262	race.n.02	0.429
118445063	tribe.n.01	0.966
101668085	race.n.03	0.953
101668221	race.n.03	0.978
101669134	race.n.03	0.993
118446534	branch.n.01	0.966
118446557	race.n.03	0.975
110058652	race.n.03	0.924
118447432	tribe.n.01	0.985
110059848	subspecies.n.01	0.896
110060171	race.n.03	0.821
118449779	race.n.03	0.953
118449924	class.n.01	0.941
118450159	family.n.08	0.39
110061645	subspecies.n.01	0.443
110062984	race.n.03	0.683
118454096	race.n.03	0.987
110067174	subspecies.n.01	0.709
110067433	parentage.n.02	0.95
118457300	race.n.03	0.927
110068885	race.n.03	0.951
110068893	race.n.03	0.951
110069024	breed.n.01	0.818
110069154	race.n.03	0.964
118459457	people.n.01	0.503
118461130	descent.n.04	0.524
118461139	family.n.04	0.588
110074122	race.n.03	0.668
110074198	breed.n.01	0.83
110075745	breed.n.01	0.847
110077312	breed.n.01	0.814
118466120	parentage.n.02	0.555
110077856	birth.n.02	0.438
110077923	tribe.n.01	0.665
110078530	breed.n.01	0.936
110079806	race.n.03	0.57
110082306	race.n.03	0.963
110082462	race.n.03	0.537
110082704	breed.n.01	0.824
110082931	race.n.01	0.565
110083081	race.n.03	0.837
110083501	race.n.03	0.736
110084024	parturition.n.01	0.931
110084930	race.n.03	0.715
110086003	race.n.03	0.878
110088174	subspecies.n.01	0.564
110088252	child.n.02	0.666
110088869	subspecies.n.01	0.499
118477907	race.n.03	0.969
101704877	coinage.n.01	None
101704895	race.n.03	0.961
118485858	lineage.n.01	0.708
110098804	kind.n.01	None
118488189	parentage.n.02	0.652
118494465	lineage.n.01	0.875
118494955	parentage.n.02	0.796
118495341	tribe.n.01	0.961
118498148	ancestry.n.02	0.812
101723521	class.n.03	0.923
118500738	breed.n.01	0.939
118500752	breed.n.01	0.969
101723838	species.n.01	0.921
101724123	class.n.03	0.862
101724414	class.n.01	0.614
101724431	class.n.02	0.701
101724740	race.n.03	0.971
101725608	race.n.03	0.988
101725629	race.n.03	0.86
101725663	race.n.02	0.605
101725684	race.n.03	0.789
101725704	race.n.03	0.977
101725978	race.n.03	0.715
110116036	race.n.03	0.996
110117577	kind.n.01	None
118507815	affinity.n.04	0.501
118507991	family.n.01	0.501
118509258	family.n.04	0.382
118509889	blood_relation.n.01	None
118514165	breed.n.01	0.828
118515817	people.n.01	0.744
101738648	species.n.01	0.953
101746698	kingdom.n.05	0.508
101747993	class.n.01	0.997
101755355	descent.n.04	0.6
101766249	class.n.01	0.998
101767651	class.n.01	0.995
101769508	class.n.01	0.56
101769655	class.n.01	0.981
101770256	family.n.08	0.452
101770739	animal.n.01	0.997
101771619	kind.n.01	None
101771898	class.n.01	0.719
101772356	class.n.01	0.969
101772386	class.n.01	0.918
101773608	kind.n.01	None
101773655	kind.n.01	None
101773768	kind.n.01	None
101775081	race.n.03	0.975
101775843	class.n.01	0.506
101775929	animal.n.01	0.892
110166529	kin.n.02	None
110167172	race.n.03	0.995
101780009	party.n.05	0.462
110168670	race.n.03	0.954
110168763	race.n.03	0.996
101782514	class.n.01	0.978
101782542	class.n.01	0.978
101782629	class.n.01	0.97
101782904	class.n.01	0.825
101783034	class.n.01	0.97
101783121	class.n.01	0.897
101783372	class.n.01	0.849
101783723	class.n.03	0.768
101784024	class.n.03	0.892
101784288	class.n.01	0.995
101784792	class.n.01	0.941
101784853	class.n.01	0.987
101785166	class.n.01	0.986
101785259	class.n.01	0.997
110173917	lineage.n.01	0.983
101785566	class.n.02	0.943
101785882	kind.n.01	None
101786976	class.n.01	0.9
101787347	kind.n.01	None
101787683	class.n.01	0.981
101787979	genus.n.02	0.517
101788136	class.n.01	0.874
101788160	class.n.01	0.837
101788302	class.n.01	0.992
110177153	offspring.n.01	0.956
110177291	race.n.03	0.978
110177743	race.n.03	0.99
101789361	class.n.01	0.975
101789592	class.n.01	0.766
101789603	class.n.01	0.766
101790171	race.n.03	0.987
101790216	species.n.01	0.73
101790257	class.n.01	0.953
101790291	race.n.03	0.941
101790311	class.n.01	0.708
101790333	class.n.01	0.902
101790508	kind.n.01	None
101790537	class.n.01	0.796
101790641	class.n.01	0.579
101790674	course.n.01	0.829
101791423	coinage.n.01	None
101791488	race.n.03	0.93
101791518	coinage.n.01	None
101791581	race.n.03	0.948
101791745	race.n.03	0.961
101793094	race.n.03	0.982
101793307	race.n.03	0.981
101793555	coinage.n.01	None
101793639	species.n.01	0.956
101793959	race.n.03	0.988
101796163	class.n.03	0.98
101798463	class.n.01	0.981
101798488	kind.n.01	None
101799305	class.n.02	0.878
101799705	kind.n.01	None
101800386	class.n.03	0.807
101800497	race.n.03	0.996
101805056	class.n.03	0.679
101805878	class.n.02	0.388
101806204	class.n.01	0.683
101806736	class.n.03	0.506
101807193	race.n.03	0.788
101807507	family.n.01	0.469
101807609	class.n.01	0.532
101807702	class.n.03	0.858
101809144	kind.n.01	None
110198520	kind.n.01	None
110198884	kind.n.01	None
110199371	kind.n.01	None
101811196	class.n.01	0.997
101811271	kind.n.01	None
101811573	class.n.01	0.915
110205572	countryman.n.01	0.985
110206719	age.n.03	0.435
110212928	lineage.n.01	0.926
101831142	class.n.02	0.909
101831662	class.n.01	0.982
101832258	class.n.01	0.968
101832268	class.n.01	0.906
101832335	class.n.02	0.523
101832470	class.n.01	0.764
101832656	class.n.01	0.834
101832671	class.n.01	0.929
101832722	class.n.01	0.987
101832980	class.n.01	0.706
101833029	class.n.01	0.637
101833654	component.n.01	0.492
101833945	class.n.01	0.94
101833971	class.n.01	0.986
101833994	class.n.01	0.987
101834057	class.n.01	0.786
101834107	class.n.02	0.505
101834544	class.n.01	0.987
101834556	class.n.01	0.99
101839208	nature.n.01	0.903
101841937	class.n.01	0.998
101842055	class.n.01	0.805
110230916	race.n.03	0.993
101845767	class.n.01	0.834
101845781	class.n.01	0.912
118631003	race.n.03	0.916
101853896	race.n.03	0.986
101853948	kind.n.01	None
101854121	sex.n.02	0.909
101854669	kind.n.01	None
101854777	sex.n.02	0.931
101854791	sex.n.02	0.931
101854825	lineage.n.01	0.748
101855439	race.n.03	0.989
110247981	offspring.n.01	0.937
110250369	parentage.n.02	0.863
101871450	race.n.03	0.967
101874346	family.n.01	0.566
101875111	race.n.03	0.96
101876416	nature.n.01	0.921
101879776	tribe.n.01	0.976
101881265	class.n.01	0.978
101887348	family.n.04	0.348
101893845	parentage.n.02	0.959
101893870	lineage.n.01	0.906
101893999	parentage.n.02	0.889
101894983	parentage.n.02	0.579
110285405	parentage.n.02	0.601
110286188	origin.n.02	0.999
110286209	origin.n.02	0.562
110286233	ancestor.n.01	None
110286245	parentage.n.02	0.555
110286323	family.n.04	0.771
110286348	parentage.n.02	0.525
110286359	race.n.01	0.519
110286368	race.n.01	0.519
110286397	birthplace.n.01	0.956
118675242	parentage.n.02	0.935
110290138	class.n.01	0.857
118686004	people.n.01	0.89
118692656	family.n.04	0.695
118694152	relation.n.01	0.503
118694504	family.n.04	0.747
118694755	family.n.04	0.415
118695375	family.n.04	0.419
118695431	family.n.01	0.495
101923014	race.n.03	0.96
101939178	kind.n.01	None
118720063	kind.n.01	None
118722395	lineage.n.01	0.472
118722645	class.n.03	0.743
118722774	family.n.04	0.472
118723476	family.n.02	0.462
118723537	class.n.01	0.569
118724463	genus.n.01	0.963
118725777	race.n.03	0.994
118725922	lineage.n.01	0.529
101962571	animal.n.01	0.869
101962717	kind.n.01	None
101962831	kind.n.01	None
101962861	race.n.03	0.968
101963203	race.n.03	0.99
118747138	family.n.04	0.523
118752940	race.n.03	0.545
118753562	race.n.03	0.992
118757288	race.n.03	0.976
118759844	race.n.03	0.982
118761904	kind.n.01	None
118767216	generation.n.02	0.704
118775004	race.n.03	0.992
110388077	kind.n.01	None
110389846	kind.n.01	None
118778508	race.n.03	0.994
110390894	kind.n.01	None
110391592	kind.n.01	None
118781859	kind.n.01	None
118782287	race.n.03	0.993
102008943	ancestry.n.02	0.856
102024025	genealogy.n.01	0.717
110412651	kind.n.01	None
102025442	race.n.03	0.969
102025452	race.n.03	0.943
102025666	race.n.03	0.973
110418864	kind.n.01	None
110418879	kind.n.01	None
110418891	kind.n.01	None
102032550	relative.n.01	0.996
102043646	race.n.03	0.969
102044371	state.n.04	0.917
102045774	lineage.n.01	0.933
102046617	forebear.n.01	None
102060030	family.n.01	0.727
118838123	race.n.03	0.988
118838137	race.n.03	0.99
118839940	breed.n.01	0.902
102063493	race.n.03	0.996
102064465	family.n.01	0.536
102065122	race.n.03	0.962
118847211	family.n.04	0.751
118850522	type.n.01	0.994
118857551	genealogy.n.01	0.904
118858185	family.n.04	0.417
118862255	family.n.01	0.68
118863922	family.n.02	0.499
102087176	class.n.01	0.867
102089418	class.n.03	0.612
102089471	class.n.03	0.965
118866900	descendant.n.01	None
102089756	kind.n.01	None
102089775	kind.n.01	None
118869018	descendant.n.01	None
102092207	kind.n.01	None
102092418	kind.n.01	None
102092525	class.n.01	0.788
118871347	tribe.n.01	0.956
118871802	family.n.01	0.487
118873459	parentage.n.02	0.884
102096325	sex.n.02	0.749
118873645	family.n.04	0.511
102096616	sex.n.02	0.775
102096646	sex.n.02	0.851
102096671	sex.n.02	0.946
102097238	class.n.03	0.647
118875335	ancestor.n.01	None
118878788	family.n.04	0.521
118879076	kinsman.n.01	None
102101887	race.n.03	0.943
102101903	race.n.03	0.986
102102445	race.n.03	0.995
102103778	race.n.03	0.982
102105260	class.n.01	0.991
102105426	class.n.01	0.954
102111364	kind.n.01	None
118890102	people.n.01	0.746
102113006	class.n.03	0.925
102116089	ordering.n.01	0.611
102116146	part.n.09	0.844
102116229	class.n.01	0.987
102118912	class.n.03	0.887
118898547	lineage.n.01	0.495
102125876	family.n.02	0.518
102128115	race.n.03	0.993
118905354	sex.n.04	0.997
102128345	race.n.03	0.979
102132323	kind.n.01	None
102134870	class.n.01	0.573
102135008	class.n.03	0.782
102135185	class.n.03	0.73
102141007	class.n.01	0.781
102142638	kind.n.01	None
102142767	kind.n.01	None
102142769	kind.n.01	None
118927830	expressive_style.n.01	0.603
102152774	race.n.03	0.991
102153614	kind.n.01	None
102154085	generation.n.02	0.321
102154912	tribe.n.01	0.898
102154985	race.n.03	0.982
102155663	class.n.03	0.886
102156330	kin.n.02	None
102156372	class.n.01	0.8
102156432	class.n.01	0.905
102156456	rank.n.02	0.784
102157614	lineage.n.01	0.644
102157764	race.n.03	0.994
102158021	class.n.03	0.72
102158063	class.n.02	0.573
102158070	class.n.02	0.48
102162846	kind.n.01	None
102163389	kind.n.01	None
102163638	sex.n.02	0.816
102164344	class.n.01	0.967
102165363	kind.n.01	None
102165505	race.n.03	0.989
102166073	kind.n.01	None
102166827	kind.n.01	None
102167143	kind.n.01	None
102167245	class.n.03	0.737
102167329	kind.n.01	None
102167990	kind.n.01	None
102168003	kind.n.01	None
102168152	kind.n.01	None
102168174	kind.n.01	None
102168628	kind.n.01	None
102168651	kind.n.01	None
102168871	kind.n.01	None
102168936	kind.n.01	None
102169136	kind.n.01	None
102169267	kind.n.01	None
102169322	class.n.01	0.985
102169360	class.n.01	0.969
102169505	kind.n.01	None
102169532	kind.n.01	None
102169674	kind.n.01	None
102169755	kind.n.01	None
102169767	atom.n.02	0.962
102169953	kind.n.01	0.396
102170032	kind.n.01	None
102170238	kind.n.01	None
102170355	kind.n.01	None
102170484	kind.n.01	None
102170548	coinage.n.01	None
102170802	kind.n.01	None
102171594	substance.n.01	0.829
102173047	kind.n.01	None
102173198	class.n.01	0.992
102173233	species.n.02	0.982
102173671	kind.n.01	None
102173912	kind.n.01	None
102173972	kind.n.01	None
102174049	tribe.n.01	0.873
102174336	lineage.n.01	0.512
102174628	kind.n.01	None
102174776	tribe.n.01	0.943
102175046	kind.n.01	None
102175071	kind.n.01	None
102175128	kind.n.01	None
102175219	kind.n.01	None
102175231	kind.n.01	None
102175251	kind.n.01	None
102175533	coinage.n.01	None
102175917	world.n.08	None
102175957	kind.n.01	None
102176321	hair.n.04	0.641
102176589	kind.n.01	None
102176713	kind.n.01	None
102176926	chemical_element.n.01	0.594
102177224	kind.n.01	None
102178163	livestock.n.01	0.248
102178389	element.n.05	0.36
102178427	kind.n.01	0.725
102178676	kind.n.01	None
102178938	type.n.01	0.975
102179660	matter.n.03	0.971
102179972	kind.n.01	None
102181098	species.n.01	0.971
102182085	race.n.03	0.866
102182140	kind.n.01	None
102183138	state.n.04	0.886
102183388	lineage.n.01	0.719
102184305	class.n.03	0.53
102185200	family.n.04	0.497
102185306	kind.n.01	None
102185357	lineage.n.01	0.374
102185970	family.n.04	0.731
102186694	description.n.03	0.779
102187375	seed.n.02	0.785
102187507	house.n.06	0.774
102187530	branch.n.01	0.914
102187800	race.n.03	0.991
102193080	kind.n.01	None
102196094	race.n.03	0.989
102198796	kind.n.01	None
102198800	kind.n.01	None
102200995	race.n.03	0.969
118979871	state.n.04	0.889
118982190	kind.n.01	None
118982739	race.n.03	0.986
118984981	race.n.03	0.982
118985156	race.n.03	0.979
118985507	nation.n.02	0.587
118985891	race.n.03	0.984
118985920	race.n.03	0.943
102209189	race.n.03	0.991
102209243	race.n.03	0.985
118986485	state.n.04	0.758
118986532	generation.n.02	0.384
118986715	race.n.03	0.982
102209651	race.n.03	0.98
102209989	race.n.03	0.965
102210508	family.n.01	None
102210628	kin.n.02	None
102210922	tribe.n.01	0.978
118988445	race.n.03	0.977
118988733	race.n.03	0.987
102211700	state.n.04	0.801
118989495	race.n.03	0.986
102212358	family.n.01	0.548
102212828	family.n.04	0.496
118990070	race.n.03	0.973
118990462	race.n.03	0.986
118991501	race.n.03	0.98
118991525	origin.n.02	0.342
102214574	historic_period.n.01	0.397
102214957	race.n.03	0.996
118992180	race.n.03	0.984
118992256	race.n.03	0.988
102215202	civil_order.n.01	0.596
118992435	parentage.n.02	0.873
118992547	race.n.03	0.991
118993246	nation.n.02	0.585
118993919	kind.n.01	None
118995057	race.n.03	0.975
102219891	kin.n.02	None
102219925	kin.n.02	None
102219997	race.n.03	0.99
102220063	kin.n.02	None
118997568	race.n.03	0.974
118997613	race.n.03	0.985
118997784	race.n.03	0.957
118998368	race.n.03	0.952
102221226	parentage.n.02	0.976
118998569	race.n.03	0.971
102221891	race.n.03	0.981
102221930	race.n.03	0.97
102221944	race.n.03	0.925
102221984	tribe.n.01	0.957
102222586	birth.n.02	0.534
119000466	family.n.04	0.381
119000620	genus.n.02	0.886
102224365	class.n.01	0.495
102224760	race.n.03	0.943
102225102	kind.n.01	None
119004332	people.n.01	0.734
119004819	descendant.n.01	None
102228969	material.n.01	0.954
102229132	class.n.01	0.941
119006414	people.n.01	0.572
119007899	race.n.03	0.988
102230957	family.n.01	0.53
119009654	race.n.03	0.975
119009795	lineage.n.01	0.97
119009873	family.n.01	0.419
119009891	sex.n.02	0.622
119010707	people.n.01	0.682
102233686	state.n.04	0.833
102234084	family.n.02	0.63
119012502	family.n.01	0.426
119012988	generation.n.02	0.325
119017690	family.n.04	0.823
119017794	coevals.n.01	0.583
119018088	race.n.03	0.995
119018697	family.n.04	0.804
119019578	race.n.03	0.997
119019904	race.n.03	0.995
119020058	race.n.03	0.995
119020359	nation.n.02	0.835
102243190	class.n.03	0.945
102243249	class.n.03	0.99
119021309	state.n.04	0.6
119021449	state.n.04	0.594
119021720	state.n.04	0.818
119021769	state.n.04	0.763
119021862	state.n.04	0.849
102244709	part.n.09	0.436
102244823	race.n.03	0.976
119022530	seed.n.02	0.607
102245437	offspring.n.01	0.792
119022846	race.n.03	0.995
102248609	sex.n.02	0.984
119027843	descent.n.04	0.754
119028326	nation.n.02	0.778
102251117	kind.n.01	None
102251263	tribe.n.01	0.927
119029273	people.n.01	0.714
102252362	race.n.03	0.989
102252396	race.n.03	0.766
119029720	race.n.03	0.995
102252855	sex.n.02	0.788
119030095	nation.n.02	0.519
102252923	tribe.n.01	0.983
119030295	state.n.04	0.583
119030712	race.n.03	0.986
119031516	state.n.04	0.555
119032108	nation.n.02	0.657
119033146	race.n.03	0.97
102256085	world.n.08	None
119033644	origin.n.02	0.566
119033659	origin.n.02	0.806
102256553	class.n.01	0.992
102256598	kind.n.01	None
119034587	family.n.04	0.781
119035610	state.n.04	0.587
119036385	state.n.04	0.566
102260281	race.n.03	0.975
119038784	state.n.04	0.576
119039264	race.n.03	0.981
119039617	nation.n.02	0.609
119039766	generation.n.02	0.586
102263284	quality.n.01	0.893
119041022	race.n.03	0.979
119041028	race.n.03	0.991
102264116	breed.n.01	0.487
119041725	race.n.03	0.981
119041827	family.n.01	0.668
119041884	family.n.01	0.798
119041926	race.n.03	0.986
102264980	kind.n.01	None
102264985	kind.n.01	None
119042513	state.n.04	0.724
119043400	family.n.01	0.511
119043486	family.n.04	0.809
119043507	descent.n.04	0.665
119044345	people.n.01	0.609
119044427	state.n.04	0.662
119044537	birth.n.02	0.685
119044569	descent.n.04	0.488
102267784	class.n.03	0.56
119045934	race.n.03	0.985
119046232	nation.n.02	0.896
102269150	family.n.02	0.774
119046560	state.n.04	0.733
119047863	race.n.03	0.985
119049461	state.n.04	0.647
119049985	race.n.03	0.994
119050156	state.n.04	0.554
119050323	nation.n.02	0.625
119050372	state.n.04	0.663
119050384	race.n.03	0.997
119050394	race.n.03	0.985
102273328	kin.n.01	0.624
102273381	kin.n.02	0.716
102273516	kin.n.02	0.728
119051503	nation.n.02	0.875
119051565	state.n.04	0.587
119051865	state.n.04	0.513
119051977	people.n.01	0.524
119052001	state.n.04	0.605
119052143	state.n.04	0.603
119052246	state.n.04	0.833
119052259	state.n.04	0.776
119052554	people.n.01	0.666
102276166	next_of_kin.n.01	None
119053473	nation.n.02	0.506
102277754	kin.n.02	None
102277866	family.n.01	0.606
102277899	family.n.01	0.495
102278399	class.n.01	0.997
119056097	nation.n.02	0.693
119056168	kin.n.02	None
119056176	kin.n.02	None
119056177	kin.n.02	None
119056183	generation.n.02	0.524
119056194	state.n.04	0.496
119056736	state.n.04	0.671
102279679	kind.n.01	None
119057939	race.n.03	0.976
119058235	race.n.03	0.998
119058476	race.n.03	0.989
119059163	race.n.03	0.95
119059249	nation.n.02	0.685
119059397	lineage.n.01	0.641
119059490	lineage.n.01	0.469
119059781	race.n.03	0.996
119060116	nation.n.02	0.813
119060467	state.n.04	0.619
102284934	class.n.01	0.993
119062531	race.n.03	0.756
119062705	parentage.n.02	0.977
119063652	family.n.04	0.839
102288201	nature.n.01	0.915
102290763	class.n.01	0.996
102291476	class.n.01	0.561
102291555	class.n.03	0.938
102291816	class.n.03	0.925
102291977	family.n.01	0.498
102292283	class.n.01	0.494
102292312	class.n.01	0.961
102293128	race.n.03	0.99
102293146	race.n.03	0.987
102293186	state.n.01	0.779
102293745	kinship.n.02	0.762
102293880	kinship.n.02	0.927
102293908	line.n.03	0.475
102294039	kin.n.02	0.952
102294108	family.n.01	0.553
102294186	kin.n.02	0.773
102295434	family.n.02	0.464
102295517	family.n.01	0.644
102296860	nature.n.01	0.718
102301882	family.n.01	0.525
119080123	descendant.n.01	None
119082555	family.n.04	0.619
119083095	subspecies.n.01	0.57
119083670	family.n.04	0.603
102309641	race.n.03	0.964
102310039	race.n.03	0.972
119087595	family.n.04	0.564
119087637	family.n.04	0.494
102310784	race.n.03	0.959
102311200	race.n.03	0.962
102311456	world.n.03	0.472
102312449	universe.n.01	0.887
102312476	animal.n.01	0.865
102312620	kind.n.01	None
102312637	kind.n.01	None
102312690	kind.n.01	None
102312698	race.n.03	0.755
119090833	kind.n.01	None
102313634	element.n.05	0.715
102313651	element.n.05	0.664
102313662	kind.n.01	None
102313686	component.n.01	0.607
102313788	race.n.03	0.962
102315442	race.n.03	0.98
102316050	class.n.01	0.726
119093783	race.n.03	0.951
119094881	kind.n.01	None
119098241	race.n.03	0.981
119099635	race.n.03	0.952
102322660	class.n.03	0.713
102322672	class.n.01	0.62
119102187	material.n.01	0.767
119102363	material.n.01	0.811
119103815	kind.n.01	None
119104798	kind.n.01	None
102331807	race.n.03	0.983
102332604	tribe.n.01	0.713
102332760	family.n.01	0.474
102332788	family.n.01	0.42
102333540	family.n.01	0.538
102333559	family.n.01	0.666
102334823	native.n.01	0.581
119115098	kind.n.01	None
119132395	kind.n.01	None
119135257	beginning.n.04	0.612
119136279	kind.n.01	None
102360082	race.n.03	0.987
102360674	race.n.03	0.991
102361117	race.n.03	0.984
102361313	race.n.03	0.99
102361432	descent.n.04	0.494
102361456	parentage.n.02	0.788
102361484	race.n.03	0.994
102361772	ancestry.n.02	0.4
102361852	race.n.03	0.996
102362186	kin.n.02	0.628
102362884	subspecies.n.01	0.776
102363115	race.n.03	0.987
102363131	descent.n.04	0.716
102363336	offspring.n.01	0.89
102363357	race.n.03	0.964
102363378	race.n.03	0.971
102364122	race.n.03	0.968
102366578	race.n.03	0.989
102366876	family.n.04	0.712
102367830	descent.n.04	0.83
102368586	race.n.03	0.995
102369139	race.n.03	0.996
102371918	race.n.03	0.965
102373693	race.n.01	0.75
102374086	lineage.n.01	0.944
102375670	coevals.n.01	0.563
102376454	race.n.03	0.985
102377849	lineage.n.01	0.452
102380340	race.n.03	0.965
119157651	kind.n.01	None
102380662	race.n.01	0.588
102380803	breed.n.02	0.614
102382074	seed.n.02	0.816
102382940	kind.n.01	0.965
102383524	race.n.03	0.99
102384151	family.n.01	0.813
102384253	family.n.01	0.739
102384785	family.n.01	0.836
102384933	family.n.01	0.607
102385401	family.n.01	0.757
102389327	race.n.03	0.98
102391736	race.n.03	0.596
102394509	race.n.03	0.557
102394709	race.n.03	0.978
102394742	race.n.03	0.989
102401480	kin.n.02	None
102403049	family.n.01	0.384
102404422	race.n.03	0.887
102407633	race.n.03	0.977
102408490	family.n.04	0.6
102413156	race.n.03	0.959
119204390	birthplace.n.02	None
119206373	beginning.n.04	0.583
102460596	birth.n.02	0.6
110850405	genus.n.01	0.947
102465266	birth.n.02	0.729
102465574	birth.n.02	0.622
110857679	class.n.01	0.99
110857736	class.n.01	0.996
102491009	parentage.n.02	0.692
102515861	race.n.03	0.997
102516426	race.n.03	0.994
102516593	race.n.03	0.995
102517181	race.n.03	0.995
102517186	race.n.03	0.981
119345921	genus.n.01	0.752
119373964	kind.n.01	None
102628943	sex.n.02	0.799
102653971	offspring.n.01	0.992
111150529	class.n.01	0.978
111150545	class.n.01	0.972
111150585	class.n.01	0.99
111151595	class.n.01	0.917
111151607	class.n.01	0.954
111151648	class.n.01	0.999
111151665	class.n.01	0.991
111151703	class.n.01	0.952
111151747	class.n.01	0.995
111152184	class.n.01	0.976
111152384	class.n.01	0.994
111153962	class.n.01	0.973
111154409	class.n.01	0.997
111154592	class.n.01	0.987
111154659	class.n.01	0.995
111154753	class.n.01	0.985
111154985	class.n.01	0.993
111155059	class.n.01	0.993
111155731	class.n.01	0.972
111155992	class.n.01	0.997
111156018	class.n.01	0.99
111156041	class.n.01	0.997
111156110	class.n.01	0.994
111156201	class.n.01	0.964
111156211	class.n.01	0.996
111157795	class.n.01	0.942
111160081	class.n.01	0.995
111161245	class.n.01	0.995
111161443	class.n.01	0.971
111161524	class.n.01	0.94
111161577	class.n.01	0.979
111161603	class.n.01	0.994
111161852	class.n.01	0.838
111162217	class.n.01	0.991
111163383	class.n.01	0.987
111163559	class.n.01	0.997
111163830	class.n.01	0.975
111164078	class.n.01	0.995
111164112	class.n.02	0.504
111164255	class.n.01	0.996
111164288	class.n.01	0.997
111164587	class.n.01	0.997
111164725	class.n.01	0.921
111165706	class.n.03	0.415
111166582	class.n.01	0.996
111166867	class.n.01	0.998
111167117	class.n.01	0.995
111167596	class.n.01	1.0
111167926	class.n.01	0.998
111168402	class.n.01	0.995
111168426	class.n.01	0.998
111168484	class.n.01	0.999
111170003	class.n.01	0.533
111170228	class.n.01	0.964
111170556	class.n.01	0.999
111170571	class.n.01	0.987
111170738	class.n.01	0.997
111170866	class.n.01	0.994
111170898	class.n.01	0.999
111171092	class.n.01	0.997
111171348	class.n.01	0.995
111171538	class.n.01	0.998
111171963	class.n.01	0.954
111172022	class.n.01	0.988
111172099	class.n.01	0.997
111172121	class.n.01	0.999
111172194	class.n.01	0.997
111172222	class.n.01	0.998
111172362	class.n.01	0.999
111172400	class.n.01	0.967
111172582	class.n.01	0.987
111174429	class.n.01	0.999
111176234	class.n.01	0.981
111176986	class.n.01	0.996
111177474	class.n.01	0.992
111178190	class.n.01	0.982
111179689	class.n.01	0.998
111180006	class.n.01	0.797
111180149	class.n.01	0.997
111181799	class.n.01	0.992
111181872	class.n.01	0.991
111183438	class.n.01	0.994
111183599	class.n.01	0.998
111183708	class.n.01	0.992
111183787	class.n.01	0.999
111184770	class.n.01	0.994
111186060	class.n.01	0.99
111187537	class.n.01	0.998
111187819	class.n.01	0.998
111190705	class.n.01	0.997
111191934	class.n.02	0.647
111193241	class.n.01	0.999
111194126	class.n.01	0.887
111194133	class.n.01	0.999
111194738	class.n.01	0.998
111194951	class.n.01	0.956
111196543	class.n.01	0.996
111196692	class.n.01	0.998
111197413	class.n.01	0.991
111198559	class.n.01	0.99
111198602	class.n.01	0.998
111198614	class.n.01	0.817
111198670	class.n.01	0.754
111198695	class.n.01	0.994
111198866	class.n.01	0.992
111198885	class.n.01	0.985
111199148	class.n.01	0.965
111199257	class.n.01	0.997
111199291	class.n.01	0.997
111199958	class.n.01	0.949
111200845	class.n.01	0.996
111201532	class.n.01	0.966
111202064	class.n.01	0.998
111202273	class.n.01	0.991
111203753	class.n.01	0.988
111204120	class.n.01	0.995
111204930	class.n.01	0.92
111205011	class.n.01	0.997
111205141	class.n.01	0.994
111205896	class.n.01	0.998
102915735	kind.n.01	None
102917306	kind.n.01	None
102956648	male.n.02	0.956
102958287	child.n.01	0.876
102975775	race.n.03	0.877
102980024	lineage.n.01	0.778
102985957	race.n.03	0.991
102988687	race.n.03	0.989
102991649	parentage.n.02	0.787
102994951	race.n.03	0.971
102995782	brood.n.01	None
102997774	race.n.03	0.983
103005330	raceway.n.01	0.403
103050191	family.n.01	0.65
103083293	kin.n.02	None
103104826	family.n.01	None
103120762	kin.n.02	None
103122798	parentage.n.02	0.928
103134502	kin.n.02	0.844
103148707	family.n.01	0.607
103151796	parentage.n.02	0.808
103165834	birthright.n.01	0.887
103166721	birthright.n.01	0.859
103169425	genesis.n.01	0.447
103170579	kin.n.02	None
103170671	kin.n.02	None
103182686	birth.n.02	0.397
103206590	family.n.02	0.548
103210519	relative.n.01	0.991
103227824	lineage.n.01	0.981
103228238	parentage.n.02	0.765
103236862	parentage.n.02	0.697
103236963	parentage.n.02	0.791
103240940	birth.n.02	0.507
103240950	origin.n.02	0.478
103241053	family.n.01	0.4
103262866	kin.n.02	0.532
103262894	kin.n.02	0.531
103263009	kinship.n.02	0.929
103263239	relationship.n.03	0.423
103263434	kin.n.02	0.841
103263542	kin.n.02	0.698
103263592	family.n.01	0.441
103263864	kin.n.01	0.542
103263889	kin.n.02	0.652
103264005	family.n.04	0.372
103264150	kinship.n.02	0.376
103265035	kin.n.02	0.634
103265111	kin.n.02	0.543
103265337	lineage.n.01	0.518
103266000	kinship.n.02	0.633
103266107	kinship.n.02	0.965
103266483	kin.n.02	0.656
103266780	kin.n.02	0.758
103266889	kin.n.01	0.536
103267090	kin.n.02	0.825
103267122	kinship.n.02	0.799
103267164	kin.n.02	0.769
103267246	kin.n.02	0.751
103267582	family.n.01	0.567
103267798	kin.n.02	0.657
103268120	kin.n.02	0.637
103269014	family.n.04	0.732
103269191	family.n.04	0.425
103269367	lineage.n.01	0.927
103270086	kin.n.02	0.649
103270373	family.n.04	None
103270421	pedigree.n.02	0.404
103270454	descent.n.04	0.486
103270528	descent.n.04	0.646
103270547	family.n.04	0.5
103270760	kin.n.02	0.725
103270775	family.n.04	0.516
103270828	adoption.n.02	0.941
103270961	kinship.n.02	0.97
103271006	lineage.n.01	0.647
103271029	family.n.04	0.449
103271075	lineage.n.01	0.54
103271098	kin.n.02	0.537
103271148	kin.n.02	0.717
103271182	lineage.n.01	0.484
103271755	kin.n.02	0.63
103271815	kin.n.02	0.735
103271845	kin.n.01	0.691
103271878	family.n.01	0.551
103271915	kin.n.02	0.66
103271997	kin.n.02	None
103272177	lineage.n.01	0.589
103272392	kin.n.02	0.754
103273033	kin.n.02	0.65
103273359	kin.n.02	0.691
103274229	nature.n.01	0.923
103274363	kin.n.02	0.728
103274497	descent.n.04	0.818
103274613	family.n.01	0.597
103280726	birth.n.02	0.598
103283369	kin.n.02	0.686
103290430	kin.n.01	0.594
103295721	parentage.n.02	0.839
103314023	race.n.03	0.988
103321947	parentage.n.02	0.527
103322783	lineage.n.01	0.43
103322819	gen.n.01	None
103322848	family.n.04	0.606
103323430	descent.n.04	0.434
103323759	descent.n.04	0.415
103324218	origin.n.02	0.573
103324348	family.n.01	0.411
103324760	birth.n.02	0.645
103331135	class.n.03	0.82
103332370	race.n.03	0.99
103339578	house.n.06	0.918
103340111	family.n.04	0.446
103341217	race.n.03	0.995
103342329	race.n.03	0.85
103342489	parentage.n.02	0.778
103342573	race.n.03	0.995
103343067	race.n.03	0.996
103385702	birth.n.02	0.635
103400985	descendant.n.01	None
103406545	birth.n.02	0.533
103411116	family.n.01	0.602
103418238	tribe.n.01	0.995
103418559	race.n.03	0.991
103423627	family.n.04	0.514
103423888	lineage.n.01	0.866
103431949	descent.n.04	0.669
103432104	lineage.n.01	0.557
103432126	descent.n.04	0.489
103432264	lineage.n.01	0.717
103443158	birth.n.02	0.773
103446526	descendant.n.01	None
103446607	parentage.n.02	0.707
103459436	lineage.n.01	0.627
103459461	lineage.n.01	0.419
103459498	origin.n.02	0.437
103467677	family.n.01	0.453
103472682	lineage.n.01	0.723
103479337	kin.n.02	0.769
103512925	genus.n.02	0.848
103515304	class.n.01	0.752
103515734	genus.n.01	0.981
103517389	genus.n.01	0.96
103517402	genus.n.01	0.904
103517416	genus.n.01	0.958
103517431	genus.n.01	0.935
103517542	genus.n.01	0.93
103518162	genus.n.01	0.978
103522834	genus.n.02	0.916
103522919	genus.n.02	0.703
103522922	genus.n.02	0.919
103523004	genus.n.02	0.688
103523089	genus.n.02	0.958
103523093	genus.n.02	0.928
103523593	genus.n.02	0.942
103523597	genus.n.02	0.973
103523728	genus.n.01	0.866
103523818	genus.n.02	0.945
103523822	genus.n.02	0.971
103524148	genus.n.02	0.971
103524771	genus.n.02	0.718
103532995	species.n.02	0.987
103538379	kind.n.01	None
103538392	kind.n.01	None
103538426	kind.n.01	None
103538440	kind.n.01	None
103538460	kind.n.01	None
103538526	kind.n.01	None
103540970	genus.n.01	0.974
103542372	genus.n.01	0.917
103542476	genus.n.01	0.85
103542523	genus.n.01	0.975
103542554	genus.n.01	0.989
103542598	genus.n.01	0.98
103542616	genus.n.01	0.728
103542637	genus.n.01	0.977
103542747	genus.n.01	0.74
103543229	genus.n.01	0.967
103543308	genus.n.01	0.985
103543401	genus.n.01	0.963
103543436	genus.n.01	0.969
103543575	genus.n.01	0.929
103543619	genus.n.01	0.935
103544196	genus.n.01	0.929
103544289	genus.n.01	0.935
103548137	genus.n.01	0.983
103549926	genus.n.01	0.932
103550993	genus.n.01	0.964
103553507	genus.n.01	0.949
103553578	genus.n.01	0.894
103554401	kind.n.01	None
103554609	genus.n.01	0.956
103561410	genus.n.01	0.957
103561653	genus.n.01	0.769
103561745	genus.n.02	0.552
103561783	genus.n.02	0.788
103561975	genus.n.01	0.819
103562032	genus.n.02	0.966
103562464	genus.n.01	0.886
103562817	coinage.n.01	None
103562899	genus.n.01	0.885
103563161	class.n.01	0.991
103564544	kind.n.01	None
103564992	kind.n.01	None
103565057	kind.n.01	None
103565327	class.n.01	0.991
103570905	class.n.01	0.528
103572110	class.n.01	0.997
103573336	phase.n.01	0.903
103576096	kind.n.01	None
103578899	species.n.01	0.93
103581544	kind.n.01	None
103585213	class.n.01	0.993
103586302	quality.n.03	0.587
103589684	race.n.03	0.992
103592674	descent.n.04	0.813
103594707	family.n.04	0.605
103594981	family.n.04	0.877
103596943	house.n.06	0.745
103599009	parentage.n.02	0.887
103600988	family.n.01	0.43
103605198	family.n.01	0.437
103612492	kind.n.01	None
103626332	kind.n.01	None
103632216	genus.n.01	0.841
103634930	coinage.n.01	None
103646162	kind.n.01	None
103647060	genus.n.02	0.886
103647695	genus.n.02	0.686
103652835	species.n.02	0.981
103652969	species.n.02	0.966
103653512	species.n.02	0.948
103654349	genus.n.01	0.973
103657407	genus.n.02	0.885
103657487	genus.n.02	0.836
103669546	categorization.n.03	0.942
103675007	class.n.01	0.963
103680101	class.n.01	0.998
103682506	species.n.02	0.98
103683929	genus.n.01	0.827
103686228	class.n.01	0.963
103686538	birth.n.02	0.455
103689355	family.n.01	0.719
103693332	kind.n.01	0.958
103762334	kind.n.01	None
103762529	kind.n.01	None
103762658	class.n.07	0.822
103762710	kind.n.01	None
103762897	kind.n.01	None
103763523	class.n.01	0.581
103766431	class.n.01	0.53
103766875	kind.n.01	None
103768706	kind.n.01	None
103768714	kind.n.01	None
103770472	plant.n.02	0.999
103770474	kind.n.01	None
103770481	kind.n.01	None
103772801	kind.n.01	None
103773645	brood.n.01	None
103774688	class.n.01	0.991
103775018	class.n.01	0.923
103775062	class.n.01	0.821
103775209	class.n.01	0.607
103776275	class.n.01	0.517
103776286	class.n.01	0.865
120553897	family.n.04	0.892
103782384	kind.n.01	None
103782418	class.n.01	0.538
103782467	kind.n.01	None
103786593	kind.n.01	None
103787009	kind.n.01	None
103787559	kind.n.01	None
103787697	kind.n.01	None
103789294	kind.n.01	None
103790041	kind.n.01	None
103790307	kind.n.01	None
103792234	class.n.07	0.758
103793074	race.n.03	0.902
103793090	class.n.01	0.5
103793185	class.n.07	0.506
103793343	class.n.01	0.927
103793549	class.n.02	0.698
103793719	class.n.07	0.542
103793859	kind.n.01	None
103794169	family.n.06	0.708
103794661	kind.n.01	None
103794852	class.n.07	0.567
103794868	kind.n.01	None
103796319	kind.n.01	None
103796347	kind.n.01	None
103796606	kind.n.01	None
103796641	kind.n.01	None
103796678	kind.n.01	None
103796740	kind.n.01	None
103796753	class.n.02	0.562
103796872	kind.n.01	None
103796921	kind.n.01	None
103796961	kind.n.01	None
103797402	kind.n.01	None
103797525	kind.n.01	None
103797559	class.n.01	0.672
103797843	class.n.01	0.743
103797903	kind.n.01	None
103798372	class.n.01	0.774
103798643	kind.n.01	None
103798656	kind.n.01	None
103799374	kind.n.01	None
103800587	class.n.01	0.531
103802231	type.n.01	0.786
103802256	class.n.01	0.65
103804222	family.n.06	0.857
103804356	class.n.01	0.951
103805131	family.n.01	0.652
103805348	kind.n.01	None
103807259	kind.n.01	None
103807356	kind.n.01	None
103809280	kind.n.01	None
103809817	kind.n.01	None
103810401	kind.n.01	None
103810432	kind.n.01	None
103811159	kind.n.01	None
103812983	kind.n.01	None
103813454	class.n.01	0.89
103813796	class.n.01	0.605
103815784	kind.n.01	None
103815850	kind.n.01	None
103815870	kind.n.01	None
103815894	kind.n.01	None
103815936	kind.n.01	None
103816535	sex.n.02	0.831
103826156	kind.n.01	None
103826684	kind.n.01	None
103835281	kind.n.01	None
103838022	genus.n.02	0.948
103838029	genus.n.01	0.511
103838042	genus.n.02	0.946
103838453	genus.n.02	0.809
103838808	kind.n.01	None
103838846	species.n.01	0.768
103839140	kind.n.01	None
103839211	kind.n.01	0.993
103839429	race.n.03	0.572
103839542	tribe.n.03	0.465
103839684	lineage.n.01	0.666
103839772	genus.n.02	0.966
103840809	genus.n.02	0.989
103841124	genus.n.02	0.966
103841161	genus.n.02	0.901
103841183	kind.n.01	None
103841235	genus.n.02	0.957
103841325	genus.n.02	0.984
103841404	genus.n.02	0.991
103841448	genus.n.02	0.698
103842087	animal.n.01	None
103846342	genus.n.02	0.95
103846387	genus.n.02	0.667
103846394	kind.n.01	None
103849088	genus.n.02	0.98
103851400	coinage.n.01	None
103851508	genus.n.02	0.993
103852214	genus.n.02	0.977
103852434	genus.n.02	0.985
103852486	genus.n.02	0.939
103852637	species.n.01	0.941
103853112	coinage.n.01	None
103853467	species.n.01	0.93
103854195	genus.n.02	0.945
103856571	genus.n.02	0.985
103860119	kind.n.01	None
103860471	system.n.06	0.938
103861057	kind.n.01	None
103862804	quality.n.01	0.658
103862968	kind.n.01	None
120640433	class.n.03	0.807
103865677	genus.n.02	0.968
103865706	genus.n.02	0.998
103865743	genus.n.02	0.989
120643063	race.n.03	0.987
103865917	kind.n.01	None
103866020	species.n.01	0.957
103867146	species.n.01	0.739
103867293	variety.n.03	0.506
120644548	genealogy.n.01	0.751
103869040	genus.n.02	0.993
103869289	kind.n.01	None
103869307	species.n.01	0.901
103870550	species.n.01	0.973
103870681	kind.n.01	None
103870839	coinage.n.01	None
103870880	coinage.n.01	None
103870911	species.n.01	0.941
103871545	genus.n.02	0.929
120648807	race.n.01	0.5
103871639	species.n.01	0.961
103871778	genus.n.02	0.981
103872672	species.n.01	0.979
120649916	family.n.04	0.658
103873322	kind.n.01	None
103873753	genus.n.02	0.922
103873761	genus.n.02	0.922
103874361	species.n.01	0.973
120651783	race.n.03	0.952
103875125	coinage.n.01	None
103876135	sex.n.02	0.586
103876646	genus.n.01	0.695
103876722	genus.n.02	0.951
103876904	group.n.01	0.999
120654137	kind.n.01	None
120654415	kind.n.01	None
103877670	group.n.01	0.998
103879820	coinage.n.01	None
103880452	diverseness.n.01	0.968
103880657	species.n.01	0.99
103882049	coinage.n.01	None
103882253	coinage.n.01	None
120659880	race.n.03	0.94
103883264	coinage.n.01	None
103883656	species.n.01	0.958
103883702	species.n.01	0.928
103885118	coinage.n.01	None
103886524	kind.n.01	None
103886677	coinage.n.01	None
103886752	kind.n.01	None
103888389	kind.n.01	None
103888704	coinage.n.01	None
103888947	species.n.01	0.815
103890457	kind.n.01	None
103890972	breed.n.01	0.935
103890975	breed.n.01	0.935
103891044	breed.n.01	0.792
120669085	people.n.01	0.677
103893276	coinage.n.01	None
103893619	species.n.01	0.997
103894045	genus.n.02	0.996
103895397	variety.n.03	0.726
103897135	kind.n.01	None
103897267	species.n.01	0.95
103897725	coinage.n.01	None
103900678	breed.n.01	0.898
103903225	breed.n.01	0.828
103905412	breed.n.01	0.877
103908094	species.n.01	0.988
103909193	kind.n.01	0.994
103910791	genus.n.02	0.919
103910867	genus.n.02	0.968
103913377	coinage.n.01	None
103914118	family.n.01	0.805
103914328	genus.n.02	0.993
103916188	habit.n.02	0.928
103916394	race.n.03	0.96
103917245	coinage.n.01	None
103917751	genus.n.02	0.991
103918955	species.n.01	0.969
103923805	genus.n.02	0.758
103923881	breed.n.01	0.938
103923957	animal.n.01	None
103924912	kind.n.01	None
103928349	species.n.01	0.963
103928369	species.n.01	0.987
103930099	coinage.n.01	None
103930197	kind.n.01	None
103930618	kind.n.01	None
103930634	kind.n.01	None
103931329	coinage.n.01	None
103931373	eagle.n.01	0.998
103931384	species.n.01	0.954
103931477	species.n.01	0.98
103931549	species.n.01	0.981
103931593	species.n.01	0.925
103932518	coinage.n.01	None
103934310	coinage.n.01	None
103934396	kind.n.01	None
103934649	kind.n.01	None
103934908	variety.n.03	0.866
103935692	coinage.n.01	None
103936913	class.n.01	0.688
103937857	kind.n.01	None
103937985	kind.n.01	None
117362671	race.n.03	0.975
103945246	class.n.01	0.796
103946283	kind.n.01	None
120726338	kind.n.01	None
103966666	genus.n.02	0.966
103966680	genus.n.02	0.693
103968596	coinage.n.01	None
103968899	kind.n.01	None
103969626	kind.n.01	None
120747730	descent.n.04	0.933
103971107	kind.n.01	None
103971145	kind.n.01	None
120748820	descent.n.04	0.744
120751333	origin.n.02	0.601
120751714	family.n.04	0.616
103975586	class.n.03	0.455
120753750	kind.n.01	None
120754289	descent.n.04	0.847
120754648	origin.n.02	0.615
120755055	kin.n.02	0.776
120756859	kin.n.02	None
120756901	kin.n.02	None
120756959	kin.n.02	None
120756969	kin.n.02	None
120757237	descent.n.04	0.674
120760637	race.n.03	0.825
120763934	family.n.04	0.573
120766586	origin.n.02	0.542
120768686	family.n.01	0.687
120769204	kin.n.02	None
120769763	descent.n.04	0.586
120769989	descent.n.04	0.832
120771881	kin.n.02	None
120772619	family.n.01	0.81
112384241	family.n.04	0.768
112388139	kind.n.01	None
120777301	descent.n.04	0.857
120778557	kin.n.02	None
120779429	parentage.n.02	0.859
120781685	parentage.n.02	0.68
120782625	kind.n.01	0.581
120783198	descent.n.04	0.752
120783370	descent.n.04	0.872
112400975	class.n.01	0.523
112401005	class.n.01	0.988
104015422	type.n.01	0.958
104015459	race.n.03	0.959
112405991	genus.n.01	0.994
112406227	class.n.01	0.742
112406814	kind.n.01	None
112408111	class.n.01	0.529
112409513	genus.n.01	0.902
112409774	kind.n.01	None
112409854	kind.n.01	None
104021827	kind.n.01	None
104022452	genus.n.01	0.916
104022988	genus.n.01	0.59
104022991	genus.n.02	0.883
104023335	kind.n.01	None
104023592	genus.n.01	0.661
104023617	class.n.01	0.999
104023904	class.n.01	0.895
104023980	class.n.01	0.995
104025084	kind.n.01	None
104026096	class.n.01	0.995
104026222	genus.n.01	0.937
104026234	genus.n.01	0.79
104026530	kind.n.01	None
104027151	genus.n.01	0.982
104027188	genus.n.01	0.992
104027313	genus.n.01	0.8
104027404	class.n.01	0.996
104027477	kind.n.01	None
104028090	genus.n.01	0.948
104028194	genus.n.01	0.976
104028241	genus.n.01	0.984
104028257	genus.n.01	0.966
104028269	genus.n.01	0.937
104028295	genus.n.02	0.804
112416946	family.n.04	0.817
104028367	genus.n.01	0.692
104028376	genus.n.01	0.598
104028423	genus.n.01	0.762
104028454	genus.n.01	0.971
104028470	genus.n.02	0.673
104028485	genus.n.02	0.927
104028492	genus.n.02	0.924
104028502	genus.n.01	0.658
104028531	genus.n.01	0.757
104028568	genus.n.01	0.927
104028589	genus.n.01	0.986
104028628	genus.n.02	0.577
104028644	genus.n.01	0.977
104028710	genus.n.02	0.831
104028756	genus.n.02	0.652
104028772	genus.n.01	0.833
104028848	genus.n.01	0.957
104032194	class.n.01	0.994
104032535	class.n.01	0.838
104033009	class.n.01	0.99
104033165	genus.n.01	0.972
104033403	class.n.01	0.986
104033443	genus.n.01	0.985
104033539	genus.n.01	0.944
104033640	class.n.01	0.977
104038485	genus.n.01	0.944
104039713	class.n.01	0.997
112428540	kind.n.01	None
104040206	class.n.01	0.996
104040682	genus.n.01	0.925
104040696	genus.n.01	0.89
104040709	genus.n.01	0.87
104040720	genus.n.01	0.737
104040726	genus.n.02	0.575
104041681	genus.n.01	0.958
104041739	genus.n.01	0.854
104042057	genus.n.01	0.804
104042071	genus.n.01	0.658
104042110	genus.n.02	0.621
104042119	genus.n.02	0.92
104042452	class.n.01	0.998
104042470	class.n.02	0.883
104043741	genus.n.01	0.905
104043772	genus.n.01	0.584
104043873	genus.n.02	0.968
104043884	genus.n.02	0.974
104043917	genus.n.02	0.768
104043972	genus.n.01	0.87
104046297	class.n.01	0.996
104046310	genus.n.01	0.935
104046421	kind.n.01	None
104046613	class.n.01	0.984
104047300	genus.n.01	0.706
104047319	genus.n.02	0.539
104047729	genus.n.02	0.706
104048058	genus.n.02	0.992
104048130	genus.n.02	0.963
104048142	genus.n.02	0.966
104048621	race.n.03	0.508
104048642	race.n.03	0.943
104048671	race.n.03	0.996
104048706	race.n.03	0.979
104048769	genus.n.01	0.958
104048780	genus.n.01	0.882
104049576	class.n.01	0.99
104049626	class.n.01	0.98
104049670	class.n.01	0.995
104049702	genus.n.01	0.971
104050130	class.n.01	0.974
104050161	genus.n.01	0.971
104051574	genus.n.01	0.992
104052362	genus.n.01	0.935
104053339	genus.n.02	0.968
104055689	genus.n.01	0.949
104056501	genus.n.02	0.835
112446995	type.n.01	0.981
112447235	kind.n.01	None
112447389	kind.n.01	None
104059602	genus.n.01	0.523
104059711	genus.n.02	0.737
104059719	genus.n.01	0.944
104059784	genus.n.01	0.546
104059793	genus.n.01	0.727
104059802	genus.n.02	0.587
104059809	coinage.n.01	None
104059825	genus.n.01	0.596
104060867	genus.n.02	0.529
104061107	genus.n.01	0.918
104061616	genus.n.02	0.888
104063096	genus.n.01	0.767
104063112	genus.n.01	0.988
104063197	genus.n.01	0.988
104063716	kind.n.01	None
104066070	genus.n.01	0.973
120846514	species.n.02	0.613
104071866	kind.n.01	None
120849313	kind.n.01	None
120849352	kind.n.01	None
104072714	genus.n.01	0.913
104072728	genus.n.01	0.95
104072963	genus.n.01	0.867
104073027	genus.n.01	0.919
104073683	genus.n.02	0.995
104073693	genus.n.01	0.509
104073697	genus.n.01	0.567
104073723	genus.n.02	0.786
104073727	genus.n.01	0.564
104073777	genus.n.02	0.532
104073792	genus.n.02	0.885
104073797	genus.n.02	0.631
104073805	genus.n.01	0.921
104073848	genus.n.01	0.905
104073895	class.n.01	0.82
104074064	genus.n.02	0.807
104074097	material.n.01	0.864
104075555	genus.n.01	0.964
104075744	genus.n.01	0.879
104075819	genus.n.01	0.884
104075822	genus.n.01	0.884
104075849	genus.n.01	0.869
104075950	genus.n.02	0.536
104075971	genus.n.01	0.886
104075994	genus.n.01	0.645
104076002	genus.n.01	0.554
104076023	genus.n.02	0.865
104076089	genus.n.01	0.929
104076110	genus.n.01	0.929
104076172	genus.n.01	0.698
104076186	genus.n.01	0.654
104076191	genus.n.02	0.532
104076328	genus.n.01	0.936
104076371	genus.n.02	0.901
104076383	genus.n.01	0.948
104076473	genus.n.01	0.803
104076478	genus.n.01	0.634
104076513	genus.n.01	0.953
104076539	genus.n.01	0.551
104076559	genus.n.02	0.78
104076597	genus.n.02	0.66
104076639	genus.n.02	0.788
104076653	genus.n.02	0.788
104076666	genus.n.01	0.524
104076670	genus.n.02	0.731
104076693	genus.n.02	0.907
104076698	genus.n.02	0.82
104076707	genus.n.02	0.905
104076726	genus.n.01	0.699
104077185	kind.n.01	None
104077400	kind.n.01	None
104077444	genus.n.02	0.63
120854790	family.n.08	0.575
120855119	race.n.03	0.702
104077942	kind.n.01	0.975
104078017	genus.n.01	0.523
104078075	genus.n.01	0.897
104078081	differentia.n.01	None
104078092	genus.n.01	0.79
104078114	genus.n.02	0.877
104078117	genus.n.02	0.946
104078123	genus.n.02	0.971
104078141	genus.n.02	0.755
104078147	genus.n.02	0.94
104078152	genus.n.02	0.765
104078204	genus.n.02	0.546
120856035	kind.n.01	None
104078982	class.n.01	0.968
104079611	genus.n.01	0.969
120857375	race.n.03	0.96
120857380	race.n.03	0.982
104081388	class.n.01	0.996
104081426	class.n.01	0.995
104081569	class.n.01	0.994
104081797	kind.n.01	None
104081869	class.n.01	0.998
104083132	class.n.01	0.934
104085512	class.n.01	0.979
104085835	genus.n.01	0.958
104087062	class.n.01	0.997
104087559	genus.n.01	0.858
104087698	genus.n.01	0.945
104091781	class.n.01	0.997
104092392	kind.n.01	None
104094135	genus.n.01	0.967
104094520	genus.n.01	0.785
104094762	genus.n.01	0.783
104094765	genus.n.01	0.783
120875322	family.n.04	0.919
104099071	genus.n.01	0.975
104099261	genus.n.02	0.956
120877367	family.n.04	0.88
104101605	genus.n.01	0.697
120880297	family.n.04	0.911
104117774	class.n.01	0.956
104135996	kind.n.01	None
104139668	kind.n.01	None
104143569	class.n.01	0.997
104143917	kind.n.01	None
104144355	class.n.01	0.985
104144360	class.n.01	0.961
104144864	component.n.01	0.76
104146244	kind.n.01	None
104153801	class.n.01	0.687
104154005	kind.n.01	None
104154060	kind.n.01	None
104154078	species.n.01	0.895
104154152	species.n.01	0.921
104154313	kind.n.01	None
104161860	coevals.n.01	0.657
104162181	genus.n.02	0.898
120943007	people.n.01	0.92
120944354	family.n.01	0.364
120944680	family.n.01	0.507
104172742	group.n.01	0.997
104172778	class.n.01	0.751
104173263	differentia.n.01	None
104173462	group.n.01	0.997
104173568	group.n.01	0.997
104173578	class.n.01	0.551
104174037	class.n.01	0.991
104174288	species.n.01	0.834
104174332	group.n.01	0.996
104174544	kind.n.01	None
104175238	gradation.n.01	0.683
104175268	generic.n.02	0.942
104180940	group.n.01	0.997
104184870	kind.n.01	None
104186491	class.n.07	0.55
104186822	kind.n.01	None
104186995	class.n.01	0.915
120965394	race.n.03	0.97
104190914	kind.n.01	None
104191101	tribe.n.03	0.995
120968641	race.n.03	0.995
104192350	genus.n.02	0.979
104192398	genus.n.01	0.539
104193514	genus.n.02	0.998
104194536	genus.n.02	0.996
104194922	species.n.01	0.941
120972266	sex.n.02	0.941
104196007	group.n.01	0.997
104197211	kind.n.01	None
104197511	kind.n.01	None
104197801	genus.n.02	0.987
104200003	subspecies.n.01	0.81
104204295	class.n.01	0.5
104204834	genus.n.02	0.973
104205607	tribe.n.03	0.993
104206071	kind.n.01	None
104207755	kind.n.01	None
104210591	genus.n.02	0.723
104211837	genus.n.01	0.968
104211856	genus.n.01	0.925
104211862	genus.n.01	0.929
120991266	parentage.n.02	0.988
104214196	kind.n.01	0.99
104215968	genus.n.01	0.501
104215991	genus.n.01	0.977
104216477	genus.n.01	0.928
104216646	genus.n.01	0.941
104216656	genus.n.01	0.899
104221192	class.n.01	0.992
104221702	genus.n.01	0.934
104227567	genus.n.01	0.664
104228606	genus.n.02	0.975
104228612	genus.n.02	0.748
104242689	species.n.02	0.573
104242720	genus.n.01	0.873
104255138	kind.n.01	None
104257624	genus.n.01	0.88
104257629	genus.n.01	0.697
104257729	genus.n.01	0.98
104263745	kind.n.01	None
104266905	kind.n.01	None
104271187	kind.n.01	None
104290108	family.n.01	0.508
104290888	family.n.01	0.819
104290994	class.n.01	0.519
121068581	race.n.03	0.995
104293575	genus.n.02	0.955
104293584	genus.n.02	0.976
104293601	genus.n.02	0.791
104293624	genus.n.02	0.879
104300449	kind.n.01	None
104300771	kind.n.01	None
104300992	class.n.03	0.758
104301419	kind.n.01	None
104303658	race.n.01	0.769
104312300	race.n.03	0.988
104314408	kin.n.02	None
104314859	family.n.04	0.546
104315990	parentage.n.02	0.907
104317640	race.n.03	0.993
104318616	race.n.03	0.991
104321411	kin.n.02	None
104321537	parentage.n.02	0.581
104323841	birth.n.02	0.573
104324241	parentage.n.02	0.906
104324914	kind.n.01	0.983
104324931	kind.n.01	None
104325726	descent.n.04	0.633
104327545	family.n.04	0.431
104327600	family.n.01	0.792
104327626	family.n.01	0.866
104327812	family.n.01	0.683
104327941	class.n.01	0.98
104327953	class.n.01	0.93
104329061	parentage.n.02	0.781
104329789	kind.n.01	None
104329814	kind.n.01	None
104329973	class.n.01	0.84
104331522	birth.n.02	0.662
104337490	parentage.n.02	0.446
104338628	parentage.n.02	0.867
104342696	class.n.01	0.879
104344693	family.n.04	0.47
104345776	family.n.04	0.78
104345990	family.n.01	0.265
104351577	parentage.n.02	0.955
104352725	class.n.03	0.876
104357292	race.n.03	0.991
104359578	race.n.01	0.494
104360779	class.n.03	0.963
104360850	class.n.03	0.618
104361212	race.n.03	0.968
104361229	caste.n.03	0.508
121140902	race.n.03	0.958
104363817	race.n.03	0.91
121141540	offspring.n.01	0.986
121142645	kind.n.01	None
121142678	kind.n.01	None
121142692	kind.n.01	None
121142909	kind.n.01	None
121142917	kind.n.01	None
121142973	kind.n.01	None
121142983	kind.n.01	None
121142998	kind.n.01	None
121143003	kind.n.01	None
121143536	state.n.04	0.742
121147022	race.n.03	0.976
121148737	race.n.03	0.925
104371585	kind.n.01	None
121149070	race.n.03	0.967
121150499	race.n.03	0.99
121150947	race.n.03	0.993
121151152	race.n.03	0.982
121154787	parentage.n.02	0.82
121155173	race.n.03	0.995
121156889	race.n.03	0.939
121204897	family.n.04	0.75
121211110	parentage.n.02	0.536
121211233	family.n.01	0.543
104457192	tribe.n.03	0.999
104457707	class.n.01	0.701
104460513	class.n.01	0.547
121237875	origin.n.02	0.532
104465241	class.n.01	0.983
104465503	class.n.01	0.987
104467028	genus.n.01	0.896
104467266	genus.n.01	0.718
104467413	class.n.01	0.996
104467558	kind.n.01	None
104469437	family.n.04	0.742
104471454	parentage.n.02	0.643
121249664	family.n.02	0.674
121252764	origin.n.02	0.465
121259088	family.n.02	0.523
121259528	family.n.04	0.329
104482738	class.n.01	0.888
104483600	parentage.n.02	0.946
121262862	family.n.02	0.643
104486015	class.n.01	0.636
104490328	birth.n.01	0.38
104492566	race.n.03	0.988
104492616	race.n.03	0.928
104492635	family.n.04	0.721
104493273	kind.n.01	None
104493740	genus.n.02	0.634
104493757	genus.n.02	0.748
104503133	genus.n.02	0.829
104503156	genus.n.01	0.916
104505006	sex.n.04	0.736
104505653	class.n.01	0.839
104505659	class.n.03	0.531
104507480	genus.n.01	0.951
104509575	kind.n.01	None
104511459	family.n.01	0.474
104515027	sex.n.04	0.468
104515546	race.n.03	0.676
104515601	genus.n.02	0.918
104515621	genus.n.02	0.61
104515660	sex.n.04	0.772
104516393	sex.n.02	0.829
104516425	species.n.01	0.98
104516459	kind.n.01	None
104516846	sex.n.02	0.947
104516881	sex.n.02	0.949
104517757	kind.n.01	None
104518860	class.n.01	0.98
104520668	kind.n.01	None
104520891	element.n.05	0.55
104522479	nature.n.01	0.789
104522842	nature.n.01	0.907
104522853	nature.n.01	0.905
104523259	nature.n.01	0.923
104528308	genus.n.01	0.989
104528337	genus.n.01	0.995
104528398	genus.n.01	0.995
104533367	genus.n.01	0.997
104534079	genus.n.01	0.962
104534103	genus.n.01	0.794
104534370	genus.n.01	0.934
104534424	genus.n.01	0.7
104534430	genus.n.01	0.7
104534676	genus.n.01	0.957
104535207	genus.n.01	0.888
104538907	genus.n.01	0.986
104543228	genus.n.01	0.865
104544143	kind.n.01	None
104547408	kind.n.01	None
104547533	kind.n.01	None
104548521	kind.n.01	None
104548655	province.n.02	0.857
121326494	origin.n.02	0.708
104549712	class.n.01	0.998
104549779	kind.n.01	None
104549837	class.n.01	0.845
104549870	class.n.01	0.778
104550185	class.n.01	0.993
104552359	state.n.01	0.945
104552998	genus.n.01	0.956
104553096	genus.n.01	0.885
121330588	nationality.n.02	0.919
104553773	species.n.01	0.852
104554022	kind.n.01	None
104561531	genus.n.01	0.934
104561547	genus.n.02	0.62
104561621	genus.n.01	0.903
104561683	genus.n.01	0.776
104561709	genus.n.02	0.927
104561753	genus.n.01	0.926
104562175	genus.n.01	0.575
104562191	genus.n.02	0.617
104562200	genus.n.01	0.839
104562217	genus.n.01	0.661
104562238	genus.n.01	0.932
104562317	genus.n.01	0.943
104562470	genus.n.01	0.886
104562502	genus.n.01	0.714
104562588	class.n.01	0.977
104562732	genus.n.02	0.541
104563047	genus.n.01	0.961
104563149	genus.n.01	0.917
104563159	genus.n.01	0.817
104563191	genus.n.01	0.952
104563208	class.n.01	0.999
104564422	class.n.01	0.992
104564744	kind.n.01	None
104565845	class.n.01	0.998
104566012	genus.n.01	0.964
104566063	genus.n.01	0.796
104566081	genus.n.01	0.522
104566103	genus.n.02	0.938
104566129	genus.n.02	0.85
104566146	genus.n.01	0.746
104566177	genus.n.01	0.972
104566425	genus.n.01	0.721
104566457	genus.n.01	0.653
104566493	genus.n.01	0.868
104566626	genus.n.01	0.902
104566646	genus.n.01	0.853
104566768	genus.n.01	0.828
104567214	genus.n.01	0.941
104567230	genus.n.01	0.947
104567288	genus.n.01	0.986
104567325	genus.n.01	0.572
104567398	kind.n.01	None
104567512	genus.n.01	0.591
104567540	genus.n.01	0.842
104567725	genus.n.01	0.969
104567746	genus.n.01	0.973
104567779	genus.n.01	0.954
104567799	genus.n.01	0.617
104567812	genus.n.02	0.644
104567826	genus.n.02	0.984
104567839	genus.n.01	0.975
121345418	education.n.05	0.824
104569084	genus.n.01	0.982
104569136	genus.n.01	0.868
104569152	genus.n.01	0.51
104569162	genus.n.02	0.538
104569183	genus.n.01	0.998
104569207	genus.n.02	0.518
104569266	genus.n.02	0.872
104569285	genus.n.02	0.659
104569388	genus.n.01	0.929
121346705	subspecies.n.01	0.516
121346875	breed.n.01	0.944
104573128	class.n.01	0.996
104573247	genus.n.02	0.782
104573254	genus.n.02	0.782
104575999	genus.n.01	0.61
104576145	genus.n.01	0.99
104576782	genus.n.01	0.923
104576813	genus.n.01	0.935
104576829	genus.n.01	0.997
104576837	genus.n.02	0.952
104576883	genus.n.01	0.97
104576968	genus.n.01	0.97
104576996	genus.n.01	0.972
104577018	genus.n.02	0.862
104577059	genus.n.01	0.537
104577087	genus.n.01	0.987
104577101	genus.n.01	0.848
104577121	genus.n.01	0.863
104577142	genus.n.02	0.723
104577155	genus.n.02	0.797
104577165	genus.n.02	0.834
104577196	genus.n.02	0.858
104577199	genus.n.02	0.858
104577220	genus.n.02	0.831
104577224	genus.n.02	0.941
104577236	genus.n.02	0.887
104577241	genus.n.02	0.887
104577258	genus.n.01	0.779
104577268	genus.n.01	0.877
104577276	genus.n.02	0.518
104577309	genus.n.01	0.741
104577321	genus.n.01	0.904
104577358	genus.n.01	0.99
104577377	genus.n.02	0.819
104577392	genus.n.02	0.517
104577397	genus.n.02	0.668
104577418	genus.n.02	0.56
104577426	genus.n.01	0.984
104577463	genus.n.02	0.898
104577470	genus.n.02	0.608
104577508	genus.n.02	0.888
104577529	genus.n.01	0.71
104577533	genus.n.01	0.914
104577566	genus.n.02	0.568
104577579	genus.n.02	0.848
104577592	genus.n.02	0.848
104577613	genus.n.01	0.95
104577654	genus.n.01	0.917
104577666	genus.n.01	0.776
104577682	genus.n.01	0.549
104577697	genus.n.01	0.958
104577717	genus.n.01	0.968
104577745	genus.n.01	0.885
104577759	genus.n.01	0.99
104577784	genus.n.02	0.859
104577796	genus.n.02	0.815
104577811	genus.n.01	0.796
104577818	genus.n.01	0.964
104577823	genus.n.01	0.961
104577834	genus.n.01	0.975
104577846	genus.n.02	0.995
104577878	genus.n.01	0.988
104577918	genus.n.01	0.959
104577940	genus.n.01	0.686
104577958	genus.n.01	0.857
104577968	genus.n.02	0.667
104577981	genus.n.02	0.756
104577988	genus.n.02	0.714
104577991	genus.n.02	0.931
104577998	genus.n.02	0.806
104578017	genus.n.02	0.968
104578053	genus.n.01	0.89
104578080	genus.n.02	0.962
104578085	genus.n.02	0.946
104578095	genus.n.02	0.964
104578137	genus.n.01	0.964
104578177	genus.n.02	0.742
104578186	genus.n.02	0.857
104578200	genus.n.01	0.94
104578248	genus.n.02	0.902
104578288	genus.n.01	0.974
104578302	genus.n.02	0.645
104578310	genus.n.02	0.736
104578329	genus.n.02	0.941
104578347	genus.n.02	0.763
104578383	genus.n.02	0.585
104578409	genus.n.02	0.712
104578426	genus.n.02	0.673
104578434	genus.n.01	0.787
104578475	genus.n.02	0.918
104578494	genus.n.02	0.692
104578513	genus.n.01	0.918
104578522	genus.n.01	0.924
104578529	genus.n.01	0.928
104578593	genus.n.02	0.768
104578619	genus.n.01	0.772
104578626	genus.n.02	0.673
104578650	genus.n.02	0.972
104578669	genus.n.02	0.922
104578674	genus.n.02	0.936
104578797	genus.n.02	0.863
104578848	genus.n.01	0.803
121356104	parentage.n.02	0.733
104578911	genus.n.01	0.766
104578952	genus.n.02	0.971
104578961	genus.n.02	0.928
104578990	genus.n.02	0.893
104579003	genus.n.01	0.591
104579025	genus.n.01	0.764
104579033	genus.n.02	0.947
104579052	genus.n.02	0.766
104579058	genus.n.01	0.835
104579075	genus.n.01	0.876
104579102	genus.n.02	0.984
104579135	genus.n.02	0.937
104579148	coinage.n.01	None
104579156	genus.n.02	0.92
104579169	genus.n.02	0.918
104579182	genus.n.01	0.879
104579194	genus.n.01	0.962
104579204	genus.n.02	0.906
104579250	genus.n.02	0.932
104579259	genus.n.02	0.936
104579268	genus.n.01	0.581
104579275	genus.n.01	0.516
104579282	genus.n.01	0.899
104579306	genus.n.02	0.955
104579321	genus.n.02	0.944
104579329	genus.n.02	0.744
104579368	genus.n.02	0.954
104579373	genus.n.02	0.683
104579381	genus.n.02	0.887
104579400	genus.n.02	0.956
104579416	genus.n.02	0.94
104579462	genus.n.02	0.986
104579508	genus.n.02	0.887
104579519	genus.n.02	0.935
104579547	genus.n.01	0.981
104579567	genus.n.01	0.892
104579598	genus.n.02	0.817
104579610	genus.n.01	0.746
104579715	genus.n.01	0.752
104579738	genus.n.02	0.841
104579757	genus.n.02	0.98
104580052	genus.n.02	0.528
104580094	genus.n.02	0.956
104580206	genus.n.01	0.988
104580219	genus.n.02	0.543
104580248	genus.n.01	0.99
104580280	genus.n.02	0.789
104580298	genus.n.02	0.543
104580377	genus.n.02	0.972
104580403	genus.n.01	0.964
104580416	genus.n.02	0.871
104580423	genus.n.02	0.897
104580424	genus.n.02	0.949
104580446	genus.n.01	0.835
104580487	genus.n.01	0.512
104580511	genus.n.02	0.785
104580543	genus.n.01	0.904
104580572	genus.n.01	0.978
104580666	genus.n.01	0.961
104580681	genus.n.01	0.731
104580772	genus.n.01	0.955
104580797	genus.n.02	0.885
104580808	genus.n.02	0.981
104580828	genus.n.02	0.932
104580868	genus.n.01	0.982
104581024	genus.n.01	0.986
104581101	genus.n.01	0.961
104581271	genus.n.01	0.977
104581300	genus.n.02	0.51
104581421	genus.n.01	0.988
104581429	genus.n.01	0.876
104581451	genus.n.02	0.893
104581492	coinage.n.01	None
104581535	genus.n.02	0.752
104581612	genus.n.02	0.826
104581622	genus.n.01	0.905
104581657	genus.n.01	0.67
104581696	genus.n.01	0.649
104581736	genus.n.02	0.57
104581853	genus.n.01	0.995
104581967	genus.n.02	0.702
104581979	genus.n.01	0.634
104581986	genus.n.02	0.616
104582038	genus.n.01	0.98
104582061	genus.n.01	0.949
104582194	genus.n.01	0.983
104582257	genus.n.01	0.985
104582273	genus.n.01	0.978
104582366	genus.n.01	0.979
104582375	genus.n.01	0.975
104582425	genus.n.01	0.917
104582433	genus.n.02	0.935
104582471	genus.n.01	0.649
104582492	genus.n.01	0.98
104582508	genus.n.02	0.964
104582520	genus.n.01	0.888
104582528	genus.n.01	0.952
104582554	genus.n.01	0.953
104582562	genus.n.01	0.934
104582572	genus.n.02	0.84
104582597	genus.n.01	0.704
104582641	genus.n.01	0.892
104582649	genus.n.01	0.956
104582663	genus.n.01	0.897
104582681	genus.n.02	0.839
104582697	genus.n.02	0.638
104582706	genus.n.02	0.985
104582716	genus.n.02	0.971
104582727	genus.n.02	0.958
104582738	genus.n.02	0.96
104582747	genus.n.02	0.947
104582787	genus.n.02	0.93
104582808	genus.n.02	0.93
104582839	genus.n.01	0.926
104582854	genus.n.02	0.726
104582900	genus.n.02	0.905
104582923	genus.n.02	0.889
104582936	genus.n.01	0.856
104582975	genus.n.01	0.608
104583028	genus.n.02	0.987
104583033	genus.n.02	0.987
104583046	genus.n.02	0.987
104583087	genus.n.02	0.556
104583103	genus.n.01	0.949
104583108	genus.n.02	0.978
104583123	genus.n.02	0.903
104583128	genus.n.02	0.897
104583154	genus.n.01	0.952
104583159	genus.n.01	0.923
104583216	genus.n.01	0.528
104583239	genus.n.01	0.863
104583257	genus.n.02	0.867
104583291	genus.n.01	0.816
104583304	genus.n.01	0.84
104583322	genus.n.01	0.888
104583388	genus.n.02	0.87
104583430	genus.n.01	0.988
104583487	genus.n.01	0.98
104583536	genus.n.01	0.967
104586340	genus.n.01	0.972
104592079	genus.n.01	0.944
104592084	genus.n.01	0.849
104592090	genus.n.01	0.845
104592099	genus.n.01	0.887
104592112	genus.n.01	0.968
104592240	genus.n.01	0.866
104592255	genus.n.01	0.889
104592578	genus.n.01	0.965
104592860	genus.n.01	0.955
104592875	genus.n.01	0.865
104592890	genus.n.01	0.717
104594010	genus.n.01	0.873
104594033	genus.n.02	0.984
104594059	genus.n.02	0.922
104594078	genus.n.02	0.912
104594578	genus.n.02	0.807
104594720	genus.n.01	0.644
104594727	genus.n.02	0.817
104594784	genus.n.01	0.894
104594977	genus.n.02	0.905
104594986	genus.n.02	0.964
104594998	genus.n.01	0.99
104595024	genus.n.01	0.989
104595050	genus.n.01	0.807
104595068	genus.n.02	0.547
104595078	genus.n.02	0.921
104595087	genus.n.02	0.823
104595095	genus.n.02	0.864
104595113	genus.n.01	0.908
104595121	genus.n.01	0.761
104595128	genus.n.01	0.749
104595151	genus.n.01	0.613
104595216	genus.n.02	0.846
104595221	genus.n.01	0.548
104595255	genus.n.01	0.908
104595264	genus.n.01	0.558
104595276	genus.n.02	0.5
104595290	genus.n.02	0.952
104595303	genus.n.01	0.628
104595311	genus.n.02	0.981
104595336	genus.n.01	0.968
104595360	genus.n.02	0.758
104595389	genus.n.01	0.96
104595430	width.n.01	0.999
104595439	genus.n.02	0.678
104595464	genus.n.02	0.917
104595488	genus.n.01	0.81
104595510	genus.n.01	0.901
104595537	genus.n.01	0.798
104595557	genus.n.01	0.888
104595595	genus.n.01	0.913
104595631	genus.n.01	0.939
104595667	genus.n.01	0.97
104595690	genus.n.01	0.764
104595752	genus.n.01	0.869
104595759	genus.n.01	0.831
104595839	genus.n.01	0.924
104595856	differentia.n.01	None
104595880	genus.n.01	0.744
104595885	genus.n.01	0.785
104595895	genus.n.01	0.564
104596054	genus.n.02	0.962
104596071	genus.n.02	0.985
104596088	genus.n.01	0.676
104596118	genus.n.02	0.57
104596139	genus.n.01	0.911
104596161	genus.n.02	0.615
104596185	genus.n.01	0.75
104596230	genus.n.02	0.801
104597491	genus.n.01	0.968
104597508	genus.n.01	0.932
121374760	race.n.03	0.96
104597585	genus.n.02	0.503
104598127	species.n.01	0.936
104598874	animal.n.01	0.975
121376585	race.n.03	0.97
104599515	genus.n.01	0.928
104599536	differentia.n.01	None
104599546	differentia.n.01	None
104599551	differentia.n.01	None
104599593	differentia.n.01	None
104599642	definition.n.01	0.976
121376935	race.n.03	0.979
121378608	race.n.03	0.956
121378623	race.n.03	0.994
104602119	class.n.01	1.0
104602138	genus.n.01	0.985
104602164	genus.n.01	0.881
104602724	genus.n.01	0.881
104602966	genus.n.01	0.597
104602996	genus.n.01	0.818
104603004	genus.n.01	0.971
104603093	genus.n.01	0.87
104603120	genus.n.01	0.642
104603147	genus.n.01	0.79
121380582	race.n.03	0.944
104603624	genus.n.01	0.923
104603636	genus.n.01	0.83
104603865	genus.n.01	0.993
104603975	genus.n.01	0.908
104604019	genus.n.02	0.7
104604236	genus.n.01	0.957
104604241	genus.n.01	0.957
104604251	genus.n.01	0.957
104604258	genus.n.01	0.891
104604309	genus.n.01	0.752
121385670	nature.n.01	0.94
121385797	race.n.03	0.989
121386264	race.n.03	0.979
121387726	race.n.03	0.973
121388109	race.n.03	0.975
121389618	race.n.03	0.995
121392888	race.n.03	0.992
121396126	race.n.03	0.986
121396208	race.n.03	0.993
121400564	race.n.03	0.982
121406687	race.n.03	0.987
121407374	world.n.08	None
121413424	race.n.03	0.99
121414471	nation.n.02	0.684
121415389	race.n.03	0.993
121415994	race.n.03	0.982
121416232	race.n.03	0.998
121416509	race.n.03	0.99
121417792	race.n.03	0.943
121417858	race.n.03	0.978
121420996	parentage.n.02	0.866
104643831	genus.n.01	0.858
104643976	music_genre.n.01	0.96
104644020	music_genre.n.01	0.882
121421570	race.n.03	0.969
121422079	race.n.03	0.969
104645049	music_genre.n.01	0.856
104645114	genus.n.01	0.989
104645145	genre.n.01	0.516
104645181	music_genre.n.01	0.603
104645227	music_genre.n.01	0.879
104645243	music_genre.n.01	0.639
104645290	music_genre.n.01	0.694
104645358	genre.n.01	0.482
104645852	kind.n.01	None
121423340	race.n.03	0.972
121423732	race.n.03	0.992
104646974	kind.n.01	None
104648226	kind.n.01	None
104649829	kind.n.01	None
104650969	kind.n.01	None
121428871	race.n.03	0.986
104654110	class.n.02	0.89
104655063	kind.n.01	None
104655592	class.n.01	0.938
104655627	kind.n.01	None
104656594	kind.n.01	None
104656610	kind.n.01	None
104656649	kind.n.01	None
104659564	kind.n.01	None
104659654	kind.n.01	None
104659828	kind.n.01	None
104659963	kind.n.01	None
121438477	race.n.03	0.995
121438617	race.n.03	0.985
121439923	race.n.03	0.993
121440851	race.n.03	0.973
121440879	race.n.03	0.988
121441107	race.n.03	0.983
121441125	race.n.03	0.96
121442051	race.n.03	0.986
121442156	race.n.03	0.992
104665553	kind.n.01	None
104665916	kind.n.01	None
104666064	kind.n.01	None
104666495	kind.n.01	None
104666794	kind.n.01	None
104666959	kind.n.01	None
104667168	kind.n.01	None
121445302	nature.n.01	0.884
121445751	state.n.04	0.765
104668580	kind.n.01	None
121445979	descent.n.04	0.496
104668845	kind.n.01	None
104669766	kind.n.01	None
104669965	kind.n.01	None
104671043	kind.n.01	0.826
104671092	kind.n.01	None
121448929	race.n.03	0.98
121449297	race.n.03	0.924
121450398	race.n.03	0.962
121450422	race.n.03	0.962
104673528	kind.n.01	None
121450962	nation.n.02	0.572
121453448	kind.n.01	None
121453458	kind.n.01	None
121453470	kind.n.01	None
104676259	kind.n.01	None
121453477	kind.n.01	None
121453487	kind.n.01	None
121453553	kind.n.01	None
121453570	kind.n.01	None
104678208	kind.n.01	None
104678448	kind.n.01	None
121459948	subspecies.n.01	0.609
104682917	kind.n.01	None
121460192	race.n.03	0.965
104684218	kind.n.01	None
104684231	kind.n.01	None
121461834	race.n.03	0.99
121462506	race.n.03	0.987
104685476	class.n.01	0.973
121463085	tribe.n.03	0.891
104685973	class.n.01	0.97
121463244	race.n.03	0.993
104686133	kind.n.01	None
104686726	kind.n.01	None
121463996	race.n.03	0.992
104687375	kind.n.01	None
121466074	race.n.03	0.979
121466579	race.n.03	0.985
121467405	race.n.03	0.99
121468926	generation.n.02	0.506
121470515	race.n.03	0.993
121471112	race.n.03	0.937
121471375	race.n.03	0.972
104695389	part.n.09	0.905
104695421	kind.n.01	None
104695604	class.n.01	0.939
121473213	genus.n.02	0.734
104696055	kind.n.01	None
104696263	kind.n.01	None
104697476	class.n.01	0.952
121475177	people.n.01	0.576
104698411	kind.n.01	None
104700102	kind.n.01	None
121477686	breed.n.01	0.962
104700681	class.n.01	0.993
121479515	race.n.03	0.979
121479899	coevals.n.01	0.543
104703045	kind.n.01	None
104703342	seed.n.02	0.963
104703515	kind.n.01	0.87
104703832	kind.n.01	None
104704017	kind.n.01	None
121481939	race.n.03	0.985
104704804	kind.n.01	None
121482560	race.n.03	0.989
121482699	race.n.03	0.994
121482732	race.n.03	0.971
121482771	race.n.03	0.99
121482809	race.n.03	0.994
121484019	race.n.03	0.991
104707388	class.n.01	0.977
121484775	class.n.03	0.54
104708441	kind.n.01	None
104708485	kind.n.01	None
104708659	kind.n.01	None
104709175	class.n.01	0.699
104709424	kind.n.01	None
104710164	kind.n.01	0.991
104710969	class.n.01	0.962
104710973	class.n.01	0.962
104710984	class.n.01	0.959
104711430	class.n.01	0.841
104711568	kind.n.01	None
104711588	submarine.n.01	0.549
104711633	kind.n.01	None
104711751	kind.n.01	None
121489542	race.n.03	0.989
104712602	kind.n.01	0.684
104714093	class.n.01	0.974
104714095	class.n.01	0.974
121492198	genus.n.01	0.957
104715745	kind.n.01	None
121494854	race.n.03	0.997
121499921	race.n.03	0.963
121500082	race.n.03	0.994
121500108	race.n.03	0.99
104724169	kind.n.01	None
121511165	race.n.03	0.991
121511276	race.n.03	0.973
121511294	race.n.03	0.975
121512783	race.n.03	0.992
121513945	sex.n.02	0.668
121517084	race.n.03	0.97
121522958	race.n.03	0.982
121524819	race.n.03	0.99
104751171	kind.n.01	None
104752097	kind.n.01	None
104754569	kind.n.01	0.652
121536153	race.n.03	0.996
121538817	kind.n.01	None
121541972	race.n.03	0.99
121542843	seed.n.02	0.91
104767002	kind.n.01	None
104770105	womankind.n.01	None
121547805	kind.n.01	None
104771541	family.n.01	0.367
121548999	world.n.08	None
121549244	race.n.03	0.96
121549457	race.n.03	0.955
121549485	race.n.03	0.983
121550096	race.n.03	0.986
104773424	set.n.05	0.514
104773730	parentage.n.02	0.563
121551903	race.n.03	0.977
104868189	race.n.03	0.916
104870741	parentage.n.02	0.375
104871274	race.n.03	0.989
104871323	breed.n.01	0.826
104871998	race.n.03	0.986
104873390	kind.n.01	None
104873408	kind.n.01	None
104873426	kind.n.01	None
104873444	kind.n.01	None
104873659	kind.n.01	None
104873667	kind.n.01	None
104873725	kind.n.01	None
104873735	kind.n.01	None
104873750	kind.n.01	None
104873756	kind.n.01	None
104873764	kind.n.01	None
104876902	kind.n.01	None
104876910	kind.n.01	None
104876922	kind.n.01	None
104877308	kind.n.01	None
104877314	kind.n.01	None
104877323	kind.n.01	None
104877328	kind.n.01	None
104878041	kind.n.01	None
104879427	race.n.03	0.864
104882695	family.n.01	0.414
104884822	family.n.01	0.422
104889970	kin.n.02	None
104897396	race.n.03	0.989
104898499	family.n.01	0.432
104910768	race.n.03	0.986
104913581	race.n.03	0.99
113304139	breed.n.01	0.566
113320261	people.n.01	0.821
113327814	family.n.04	0.891
113336102	race.n.03	0.986
113336289	caste.n.03	0.84
113336474	caste.n.03	0.635
104954214	family.n.02	0.538
104954798	tribe.n.01	0.658
104954855	kin.n.02	0.559
113355311	descent.n.04	0.551
113355736	race.n.03	0.954
113356881	lineage.n.01	0.605
113370359	birth.n.01	0.296
113384324	race.n.03	0.98
113391022	class.n.01	0.632
113397380	race.n.03	0.979
105032972	birth.n.02	0.487
105034393	generation.n.02	0.769
105035814	race.n.03	0.981
105037775	offspring.n.01	0.957
105038242	lineage.n.01	0.735
105038955	offspring.n.01	0.973
113446747	lineage.n.01	0.68
105062348	family.n.01	0.531
113464401	parentage.n.02	0.83
113468534	birth.n.02	0.746
113472987	parentage.n.02	0.862
113489141	generation.n.02	0.858
113489573	nation.n.02	0.567
113500840	breed.n.02	0.551
105116459	state.n.04	0.935
113505504	family.n.01	0.48
105118315	descent.n.04	0.557
113507942	rank.n.02	0.589
113511196	parentage.n.02	0.713
113517866	name.n.01	0.989
113518613	race.n.03	0.974
105134911	kind.n.01	None
105137446	state.n.04	0.747
113526274	sect.n.01	0.96
105138607	state.n.04	0.714
105140653	tribe.n.01	0.969
113529864	parentage.n.02	0.877
105141725	nationality.n.01	0.762
113536196	origin.n.02	0.339
105148809	tribe.n.01	0.991
105149281	plan.n.01	0.553
105149458	tribe.n.01	0.988
113540271	family.n.02	0.614
113541497	family.n.02	0.7
113542622	family.n.02	0.696
113542937	kin.n.02	0.733
113543019	family.n.02	0.756
113545336	origin.n.02	0.563
121940591	race.n.03	0.989
121941066	family.n.04	0.788
113554471	kind.n.01	None
121944456	race.n.03	0.998
121945576	people.n.01	0.568
121945626	people.n.01	0.707
121946851	race.n.03	0.99
121947312	race.n.03	0.975
121947905	assortment.n.01	0.489
121949660	race.n.03	0.972
113570472	family.n.04	0.718
113570968	parentage.n.02	0.993
113572262	parentage.n.02	0.85
121962373	race.n.03	0.953
121962441	race.n.03	0.992
121962909	class.n.01	0.709
105186133	kind.n.01	None
121964029	world.n.08	None
113576790	lineage.n.01	0.557
121967639	world.n.08	None
121968023	world.n.08	None
121971194	family.n.01	0.282
121974208	world.n.08	None
121974448	race.n.03	0.872
121976114	race.n.03	0.984
121976795	nature.n.01	0.749
121977386	race.n.03	0.684
121977541	race.n.03	0.988
121978298	race.n.03	0.989
121980395	race.n.03	0.986
105210555	family.n.01	0.699
121987875	origin.n.02	0.549
113599777	rank.n.02	0.785
105211396	lineage.n.01	0.95
105211468	lineage.n.01	0.929
105212118	kind.n.01	None
121989747	people.n.01	0.857
105213383	kind.n.01	None
105214614	tribe.n.01	0.968
121992763	race.n.03	0.988
113605921	breed.n.01	0.902
113609545	birth.n.02	0.616
121998614	animal.n.01	0.977
113611292	family.n.01	0.526
113614074	animal.n.01	0.99
122003667	kind.n.01	None
122003674	kind.n.01	None
122004503	kind.n.01	None
122004876	kind.n.01	None
122008367	nation.n.02	0.587
105237642	parentage.n.02	0.872
105238846	tribe.n.01	0.99
105241666	kind.n.01	None
105243065	native.n.02	0.512
105244032	parentage.n.02	0.877
105244796	age.n.03	0.546
105245967	parentage.n.02	0.609
113635925	race.n.03	0.973
113636729	parentage.n.02	0.788
113638822	article.n.02	0.977
113639662	town.n.01	0.969
113639864	kind.n.01	None
113640061	kind.n.01	None
105253933	kind.n.01	0.956
113643701	kind.n.01	None
113643718	state.n.04	0.915
113644723	kind.n.01	None
113644867	race.n.03	0.996
105256520	assortment.n.01	0.497
113645274	kind.n.01	0.706
105258495	kind.n.01	None
105258782	kind.n.01	None
105259093	race.n.03	0.985
105259180	kind.n.01	None
105265138	class.n.02	0.89
113653764	offspring.n.01	None
113654079	family.n.04	0.545
113654103	family.n.02	0.355
105268204	class.n.01	0.715
105270157	kind.n.01	None
113661190	race.n.03	0.997
105274376	kind.n.01	None
113662994	race.n.03	0.995
105274409	kind.n.01	None
113665053	race.n.03	0.994
105277502	parentage.n.02	0.963
113666736	race.n.03	0.993
105278846	species.n.02	0.967
105280254	kind.n.01	0.892
113669064	lineage.n.01	0.497
113669114	relative.n.01	0.736
113673773	family.n.06	0.782
113674588	descent.n.04	0.763
113676518	tribe.n.01	0.99
105291159	class.n.01	0.735
105291260	kind.n.01	0.945
113682895	state.n.04	0.795
113687686	birth.n.02	0.464
113689534	origin.n.02	0.652
113691386	origin.n.02	0.821
113692790	state.n.04	0.775
113692816	race.n.03	0.993
105308012	sex.n.04	0.53
105309177	native.n.01	0.695
105315192	system.n.01	0.651
105317516	kind.n.01	None
113709758	state.n.04	0.745
113709962	state.n.04	0.803
113709988	race.n.03	0.991
113710796	tribe.n.01	0.907
113715298	parentage.n.02	0.8
105327633	class.n.03	0.445
105328220	respect.n.01	0.992
113716907	tribe.n.01	0.863
105329123	ancestry.n.02	0.592
105334280	kind.n.01	None
105334577	kind.n.01	None
105339526	lineage.n.01	0.483
113728348	race.n.03	0.986
113728405	race.n.01	0.728
105339937	kind.n.01	None
113729597	race.n.03	0.992
105353721	nationality.n.02	0.551
105354408	parentage.n.02	0.566
105369784	kind.n.01	None
105370049	kind.n.01	None
105376457	kind.n.01	0.994
105382068	kind.n.01	0.989
105420580	assortment.n.01	0.604
105420621	kind.n.01	None
105425565	kind.n.01	None
105433072	kind.n.01	None
105435126	kind.n.01	None
105460756	family.n.04	0.434
113921891	race.n.03	0.974
113923572	race.n.03	0.998
113925090	race.n.03	0.995
113925229	tribe.n.01	0.911
113928066	race.n.03	0.721
113928142	race.n.03	0.846
122698893	genus.n.02	0.991
105677521	race.n.03	0.996
105678482	race.n.03	0.952
105678679	race.n.03	0.976
105679604	genre.n.01	0.647
105686196	genus.n.02	0.984
105686631	class.n.01	0.883
105688062	sex.n.02	0.509
105688879	genre.n.04	0.367
105746078	daughter.n.01	None
105746359	race.n.03	0.988
105746726	family.n.04	0.471
105762608	race.n.03	0.997
105763259	race.n.03	0.948
105765794	kind.n.01	None
105766155	kind.n.01	None
105767248	kind.n.01	None
105770082	class.n.01	0.428
105771244	race.n.03	0.982
105772135	race.n.03	0.973
105774228	womankind.n.01	None
105774643	race.n.03	0.93
105774714	race.n.03	0.975
105815000	manner_of_speaking.n.01	0.706
105822486	race.n.03	0.999
105823106	race.n.03	0.994
105823233	race.n.03	0.999
105823638	race.n.03	0.995
105824457	breed.n.01	0.842
105825504	race.n.03	0.992
105825774	race.n.03	0.995
105826654	race.n.03	0.995
105827194	race.n.03	0.978
105827437	generation.n.02	0.808
105827477	lineage.n.01	0.392
122606561	race.n.03	0.822
122608587	family.n.04	0.681
122611705	descendant.n.01	None
122611722	family.n.01	0.813
122615886	descent.n.04	0.738
122616449	family.n.04	0.707
122617927	native.n.01	0.709
122626695	parentage.n.02	0.521
122635726	descent.n.04	0.837
122635774	descent.n.04	0.854
122638936	race.n.03	0.994
122642020	genus.n.01	0.992
122643068	kind.n.01	None
122643733	affinity.n.04	0.551
122643911	family.n.04	0.84
122644956	birth.n.01	0.345
122645066	parentage.n.02	0.446
122645111	birth.n.01	0.374
122646067	kind.n.01	None
122646510	kind.n.01	None
122647572	genus.n.02	0.948
122649970	birth.n.02	0.581
122652016	parentage.n.02	0.592
122652074	native.n.01	0.594
122654507	origin.n.02	0.555
122654823	coevals.n.01	0.456
122656604	coinage.n.01	None
122675913	parentage.n.02	0.783
122682747	gender.n.01	0.984
122683024	genus.n.02	0.869
122683039	genus.n.01	0.874
122683041	genus.n.01	0.722
122683066	genus.n.02	0.983
122683091	genus.n.02	0.82
122683159	genus.n.01	0.794
122683842	class.n.01	0.997
122688793	class.n.01	0.993
122692320	kind.n.01	None
122704697	family.n.01	0.532
122710594	parentage.n.02	0.968
122720221	native.n.01	0.671
122721032	family.n.04	0.493
122739223	family.n.01	0.536
122754262	race.n.03	0.992
122757735	sex.n.02	0.856
122758770	parentage.n.02	0.881
122759490	descent.n.04	0.483
122760840	kind.n.01	None
122766285	kind.n.01	0.983
122766648	kind.n.01	0.989
122777160	race.n.03	0.928
122777691	kind.n.01	0.988
122777744	kind.n.01	None
106110645	genus.n.01	0.956
106112661	race.n.03	0.797
106114291	subspecies.n.01	0.474
106114395	subspecies.n.01	0.885
106114514	subspecies.n.01	0.697
106114544	subspecies.n.01	0.854
106114584	kind.n.01	None
106114647	subspecies.n.01	0.812
106115728	race.n.03	0.912
106115755	genus.n.02	0.803
106116140	organism.n.01	0.547
106116429	race.n.03	0.974
106119662	race.n.03	0.943
106120036	kind.n.01	None
106121122	race.n.03	0.991
106121255	genus.n.01	0.84
106121351	race.n.03	0.987
106121419	race.n.03	0.991
106121877	race.n.03	0.986
106122011	race.n.03	0.97
106122614	race.n.03	0.918
106123389	race.n.03	0.956
106123919	tribe.n.01	0.708
106124419	race.n.03	0.979
106124453	race.n.03	0.976
106125101	race.n.03	0.879
106125675	principle.n.03	0.666
106125796	race.n.03	0.716
106126118	race.n.03	0.983
106127057	race.n.01	0.577
106128114	race.n.03	0.972
106128128	race.n.03	0.988
106128277	race.n.03	0.981
106130968	nature.n.01	0.936
106131663	genus.n.01	0.963
106133683	kind.n.01	None
106134379	kind.n.01	None
106134410	coinage.n.01	None
106134433	kind.n.01	None
106134814	race.n.03	0.988
106135209	coinage.n.01	None
106137101	nature.n.01	0.884
106140497	kind.n.01	None
106140600	kind.n.01	None
106144625	race.n.03	0.982
106147491	race.n.03	0.978
106154118	race.n.03	0.974
106157578	kind.n.01	None
114549128	race.n.03	0.989
114549547	origin.n.02	0.999
106161468	genus.n.01	0.937
114550228	parentage.n.02	0.656
106161638	genus.n.01	0.911
114550981	species.n.02	0.941
106164461	race.n.03	0.971
106165654	animal.n.01	0.764
114555450	interval.n.04	0.643
114555649	coinage.n.01	None
114555693	coinage.n.01	None
114555700	species.n.02	0.635
114555947	coinage.n.01	None
106167731	race.n.03	0.966
106167931	race.n.03	0.989
114556711	temper.n.02	0.453
106168257	race.n.03	0.919
106168302	genus.n.01	0.971
106168359	race.n.03	0.98
106170309	race.n.03	0.92
106170380	race.n.03	0.929
106170410	genus.n.02	0.943
106172654	race.n.03	0.992
106175054	race.n.03	0.986
106175145	race.n.03	0.986
106176262	race.n.03	0.964
106176752	coinage.n.01	None
106177424	genus.n.01	0.931
106177779	race.n.03	0.933
106178317	genus.n.01	0.962
106178644	race.n.03	0.965
106178750	race.n.03	0.972
106181357	kind.n.01	None
106182686	race.n.03	0.579
106184218	species.n.01	0.695
106185338	germ.n.02	0.587
106186477	genus.n.01	0.602
106186578	genus.n.02	0.933
106186625	genus.n.01	0.526
106188140	parentage.n.02	0.966
106188393	race.n.03	0.97
106189843	race.n.03	0.972
106191886	race.n.03	0.572
106191971	quality.n.03	0.519
106196420	race.n.03	0.994
106196482	race.n.03	0.737
106196512	race.n.03	0.923
106200462	kind.n.01	None
106200566	kind.n.01	None
106200611	genus.n.02	0.742
106200803	parentage.n.02	0.522
106202620	offspring.n.01	0.98
106205497	race.n.03	0.866
106206398	race.n.03	0.985
106206462	race.n.03	0.992
106209473	genus.n.01	0.9
106210575	race.n.03	0.978
106211057	kind.n.01	None
106211361	race.n.03	0.986
106214386	race.n.03	0.986
106214440	race.n.03	0.977
106214835	race.n.03	0.978
106215567	genus.n.02	0.775
106216844	genus.n.02	0.908
106216995	sex.n.02	0.731
106218316	faculty.n.01	0.999
106222681	race.n.03	0.952
106224983	genus.n.02	0.503
106226073	character.n.03	0.545
106227871	species.n.02	0.972
106228415	race.n.03	0.83
106231396	race.n.03	0.737
106237735	race.n.03	0.972
106241375	kind.n.01	None
106243971	offspring.n.01	0.972
106245063	race.n.03	0.969
114635830	race.n.02	0.394
114635947	state.n.04	0.867
114635985	coinage.n.01	None
114636349	colony.n.01	0.906
106248118	parentage.n.02	0.526
114636961	race.n.03	0.946
114637066	race.n.03	0.974
114638766	origin.n.03	0.425
114638899	branch.n.01	0.912
106250333	kind.n.01	None
114639517	race.n.03	0.99
114639698	breed.n.01	0.719
114639961	nation.n.02	0.618
114640060	nation.n.02	0.561
114640270	family.n.04	0.595
114641239	group.n.01	0.999
114641668	type.n.01	0.852
106253306	race.n.03	0.959
106253469	kind.n.01	None
114642133	family.n.02	0.486
106253629	race.n.03	0.944
114642496	race.n.03	0.958
114643365	race.n.03	0.99
114643496	class.n.01	0.685
114645275	kin.n.02	None
114645745	race.n.03	0.958
106257138	genus.n.01	0.905
106257827	offspring.n.01	0.992
106258254	race.n.03	0.985
106260735	origin.n.03	0.661
106260772	kind.n.01	None
106262341	race.n.03	0.995
106262648	offspring.n.01	0.995
114651943	race.n.03	0.976
106263478	genus.n.01	0.897
106263514	genus.n.01	0.814
106263777	race.n.03	0.995
114653992	state.n.04	0.702
106266972	race.n.03	0.988
123045741	ordering.n.01	0.682
123045991	order.n.03	0.373
106269039	race.n.03	0.939
106269632	genus.n.02	0.589
114659322	race.n.03	0.994
106271003	race.n.03	0.961
106271716	race.n.03	0.985
114660373	kind.n.01	None
114660655	race.n.03	0.997
114660786	family.n.04	0.364
114660845	race.n.03	0.979
114660942	race.n.03	0.982
106272654	race.n.03	0.993
114661447	race.n.03	0.976
114661615	race.n.03	0.981
106273192	race.n.03	0.972
106273206	race.n.03	0.972
114662141	race.n.03	0.972
106273769	race.n.03	0.992
106273910	description.n.01	0.612
106274189	subspecies.n.01	0.682
106275205	race.n.03	0.921
114664255	family.n.01	0.74
114664969	tribe.n.01	0.933
106277379	race.n.03	0.981
114666063	coevals.n.01	0.627
106277607	race.n.03	0.966
106277720	crop.n.01	0.415
123055762	order.n.03	0.263
106278626	race.n.03	0.995
106279571	genus.n.01	0.7
106279592	genus.n.02	0.783
106279795	race.n.03	0.988
106280602	race.n.03	0.983
123057868	genus.n.02	0.979
123058084	genus.n.01	0.821
106283652	race.n.03	0.933
106284572	race.n.03	0.985
106286753	kind.n.01	None
106286869	kind.n.01	None
106287190	race.n.03	0.973
106287535	race.n.03	0.975
106287664	race.n.03	0.908
106288470	race.n.03	0.989
106288826	family.n.01	0.387
106290541	race.n.03	0.978
106290902	race.n.03	0.903
106291436	genus.n.02	0.74
106293730	genus.n.02	0.94
106294403	race.n.03	0.908
106294722	genus.n.01	0.984
106294771	race.n.03	0.989
106294968	race.n.03	0.95
106295025	description.n.01	0.381
106295939	race.n.03	0.819
106298784	race.n.03	0.994
106300204	birth.n.02	0.598
106300383	race.n.03	0.989
106300415	race.n.01	0.468
106300542	race.n.03	0.987
106300562	family.n.01	0.489
106300834	race.n.03	0.422
106300904	race.n.03	0.988
106303781	race.n.01	0.616
106303786	race.n.03	0.924
106303917	race.n.03	0.963
106303984	race.n.03	0.933
106304734	race.n.03	0.987
106304996	parentage.n.02	0.958
106305500	race.n.03	0.981
106307535	race.n.03	0.992
106308047	race.n.03	0.984
106308900	race.n.03	0.936
106310230	parentage.n.02	0.763
106313632	kind.n.01	None
123092653	race.n.03	0.983
106315551	race.n.03	0.982
106316881	race.n.03	0.997
106316980	race.n.03	0.94
106317493	race.n.03	0.987
123095228	race.n.03	0.963
106319365	race.n.03	0.991
106319404	race.n.03	0.985
106319467	race.n.03	0.982
106319608	relative.n.01	0.968
106319943	race.n.03	0.994
106321421	race.n.03	0.998
106321801	race.n.03	0.994
123099131	genus.n.02	0.75
123099153	kind.n.01	None
106323257	race.n.03	0.592
106326017	race.n.03	0.644
106326388	race.n.03	0.955
106326546	race.n.03	0.986
106327931	race.n.01	0.706
106329237	kind.n.01	None
106329614	race.n.03	0.949
106330288	genus.n.01	0.549
106330801	kind.n.01	None
106330923	race.n.01	0.611
106330992	race.n.03	0.966
106332127	race.n.03	0.955
106332172	race.n.03	0.985
106332607	race.n.03	0.996
106332769	race.n.03	0.99
106333376	race.n.03	0.972
106333594	race.n.03	0.974
123111657	order.n.02	0.638
106335306	race.n.03	0.99
106336683	race.n.03	0.993
106338116	race.n.03	0.934
123116696	coinage.n.01	None
106340510	race.n.03	0.962
106340898	race.n.03	0.986
106342152	race.n.01	0.832
106343143	kind.n.01	None
106344128	genus.n.02	0.948
106345562	race.n.03	0.986
106348046	race.n.03	0.998
106348234	race.n.03	0.986
106350170	race.n.03	0.987
123127605	order.n.11	0.687
106350819	race.n.03	0.994
106351740	race.n.03	0.501
106353045	race.n.03	0.991
123130681	species.n.02	0.626
106355514	birth.n.02	0.514
106356165	race.n.03	0.982
106357006	character.n.03	0.586
123135131	career.n.02	0.511
123135234	kind.n.01	None
106358479	kind.n.01	0.588
106363431	race.n.03	0.956
106364664	race.n.03	0.965
106365316	kind.n.01	None
106365404	race.n.03	0.968
106367391	race.n.03	0.971
106367495	race.n.03	0.989
106369798	race.n.03	0.991
106369952	race.n.03	0.985
106371469	race.n.03	0.986
106371564	race.n.03	0.989
106372291	world.n.08	None
106372756	race.n.03	0.975
106373572	race.n.03	0.973
106373910	family.n.01	0.708
106374026	race.n.03	0.973
106374217	race.n.03	0.98
106374332	race.n.03	0.97
106376659	race.n.03	0.981
106377565	race.n.03	0.995
106378775	race.n.03	0.952
106382077	race.n.03	0.956
106382167	species.n.02	0.787
106382581	lineage.n.01	0.92
106384804	lineage.n.01	0.943
106385926	race.n.03	0.899
106386240	race.n.03	0.948
106388661	race.n.01	0.459
106389470	race.n.03	0.995
106391358	kind.n.01	None
123169972	form.n.09	0.469
123170627	genus.n.02	0.657
123174309	race.n.01	0.485
106398890	family.n.01	0.508
106399277	race.n.03	0.981
106401093	parentage.n.02	0.823
106404808	race.n.03	0.983
106406472	kind.n.01	None
106406681	race.n.03	0.629
106406962	subspecies.n.01	0.598
106409398	race.n.03	0.994
106409545	race.n.03	0.982
106418312	nation.n.02	0.69
106418541	family.n.01	0.527
106419607	race.n.03	0.992
106420788	race.n.03	0.988
106421645	race.n.03	0.992
106422127	race.n.03	0.984
106423114	race.n.03	0.975
106423325	race.n.03	0.982
106423433	description.n.03	0.933
106423534	kind.n.01	None
106423688	subspecies.n.01	0.617
106423713	family.n.02	0.513
106423747	kind.n.01	None
106424764	kind.n.01	None
106424958	figure.n.04	0.444
123202310	coinage.n.01	None
106426684	kind.n.01	None
123204220	genus.n.01	0.939
123204246	genus.n.01	0.692
106427036	kind.n.01	None
123204278	genus.n.01	0.924
123204368	genus.n.01	0.916
123204389	genus.n.01	0.773
123204411	genus.n.01	0.955
123204448	genus.n.01	0.753
123204455	genus.n.01	0.805
123204682	family.n.06	0.378
123204780	genus.n.01	0.913
123204845	genus.n.01	0.976
123204890	genus.n.01	0.881
106427981	family.n.01	0.531
123205493	genus.n.01	0.972
123205508	genus.n.01	0.959
123205857	genus.n.01	0.966
123207347	genus.n.01	0.955
123207372	genus.n.01	0.826
123207397	genus.n.01	0.966
123207465	genus.n.01	0.842
123207538	genus.n.01	0.981
106430527	race.n.03	0.988
123207937	genus.n.01	0.96
106430732	race.n.03	0.972
106431079	race.n.03	0.991
123208787	genus.n.01	0.841
123209891	genus.n.02	0.938
123209897	genus.n.02	0.968
123209937	genus.n.01	0.89
123209946	genus.n.01	0.913
123209955	genus.n.01	0.913
123210090	genus.n.01	0.913
123210499	genus.n.01	0.951
123210657	genus.n.01	0.767
123210677	genus.n.01	0.683
123211023	genus.n.01	0.935
123211555	genus.n.01	0.97
123213135	genus.n.01	0.897
123213148	genus.n.01	0.87
123213313	genus.n.02	0.523
123213323	genus.n.02	0.682
123213328	genus.n.02	0.54
123213403	genus.n.01	0.976
106436325	birth.n.02	0.624
123214814	genus.n.01	0.546
123214912	genus.n.01	0.944
123214946	genus.n.01	0.867
123215465	genus.n.01	0.962
123215540	genus.n.01	0.793
123215551	genus.n.01	0.605
123215600	genus.n.01	0.942
123215608	genus.n.01	0.942
123215624	genus.n.01	0.841
123215634	genus.n.01	0.841
123215646	genus.n.01	0.771
123215650	genus.n.01	0.661
123215664	genus.n.01	0.771
123215667	genus.n.01	0.661
123215786	genus.n.01	0.971
123215956	genus.n.01	0.685
123215974	genus.n.02	0.659
123215985	genus.n.02	0.659
123216004	genus.n.02	0.891
123216042	genus.n.01	0.934
123216054	genus.n.02	0.573
123216061	genus.n.02	0.942
123216139	genus.n.01	0.778
123216147	genus.n.01	0.834
123216200	genus.n.01	0.765
123216215	genus.n.01	0.707
123216247	genus.n.01	0.9
123216267	genus.n.01	0.9
123216424	genus.n.01	0.945
123216555	genus.n.02	0.574
123216601	genus.n.01	0.974
123216617	genus.n.01	0.639
123216634	genus.n.01	0.577
123216645	genus.n.01	0.653
123216664	genus.n.02	0.508
123216678	genus.n.01	0.909
106439467	world.n.08	None
123216687	genus.n.01	0.719
123216769	genus.n.01	0.88
123217009	genus.n.01	0.97
123217228	genus.n.01	0.946
106440546	race.n.03	0.962
123217887	genus.n.01	0.858
123217899	genus.n.01	0.858
123218016	genus.n.02	0.933
123218308	genus.n.01	0.931
106441136	race.n.03	0.98
123218840	genus.n.01	0.929
123218908	genus.n.01	0.935
123218953	genus.n.01	0.962
123218971	genus.n.01	0.769
123219067	genus.n.01	0.96
123219103	genus.n.01	0.643
123219127	genus.n.01	0.947
123219226	genus.n.01	0.961
123219436	genus.n.01	0.71
123219527	genus.n.01	0.97
123219602	genus.n.01	0.974
123219636	genus.n.01	0.921
123219643	genus.n.01	0.921
123219650	genus.n.01	0.944
123219653	genus.n.01	0.944
123219671	genus.n.01	0.893
123219703	genus.n.01	0.876
123219720	genus.n.01	0.928
123219746	genus.n.01	0.968
123219770	genus.n.01	0.958
123219829	genus.n.01	0.964
123219871	genus.n.01	0.768
123219924	genus.n.01	0.936
123219947	genus.n.01	0.925
123219959	genus.n.01	0.955
123219981	genus.n.01	0.955
123219990	genus.n.01	0.973
123220615	genus.n.01	0.814
123220694	genus.n.02	0.975
123220808	genus.n.02	0.876
123220822	genus.n.01	0.576
123220831	genus.n.01	0.652
123220872	genus.n.01	0.957
123220973	genus.n.01	0.561
106443789	family.n.01	0.762
123221014	genus.n.01	0.974
123221058	genus.n.01	0.933
123221180	genus.n.01	0.939
123221298	genus.n.01	0.825
123221448	genus.n.01	0.882
123221875	genus.n.01	0.98
123221958	genus.n.01	0.924
123221973	genus.n.01	0.83
123221997	genus.n.01	0.983
123222054	genus.n.01	0.698
123222118	genus.n.01	0.899
106444905	race.n.03	0.988
123222183	genus.n.01	0.923
123222339	genus.n.01	0.964
123222361	genus.n.01	0.919
123222385	genus.n.02	0.953
123222422	genus.n.01	0.814
123222463	genus.n.01	0.769
123222504	genus.n.02	0.872
123222542	genus.n.01	0.744
123222918	genus.n.01	0.943
123222930	genus.n.01	0.806
106446140	genus.n.01	0.985
123223822	genus.n.02	0.771
123223969	genus.n.01	0.555
123224199	genus.n.01	0.962
123224283	coinage.n.01	None
123224333	genus.n.01	0.628
123224374	genus.n.01	0.952
123224591	genus.n.01	0.796
123224615	genus.n.01	0.858
106447594	world.n.08	None
123224967	genus.n.01	0.898
123225014	genus.n.01	0.876
123225027	genus.n.01	0.919
123226700	genus.n.01	0.938
123226769	genus.n.01	0.944
106450443	race.n.03	0.97
123227876	genus.n.01	0.961
123228463	type.n.01	0.861
106451589	race.n.03	0.987
123229008	genus.n.01	0.935
106452400	family.n.01	0.375
106452875	race.n.03	0.972
106453113	race.n.03	0.826
123230653	genus.n.01	0.769
123231108	genus.n.01	0.53
123231119	genus.n.01	0.939
123231125	genus.n.01	0.939
123231314	genus.n.01	0.931
123231473	genus.n.01	0.972
123231486	genus.n.01	0.94
123232216	genus.n.01	0.648
123232231	genus.n.01	0.784
123232259	genus.n.01	0.784
123232522	genus.n.01	0.975
106455688	world.n.08	None
123232975	genus.n.01	0.986
106455785	race.n.03	0.985
106455985	race.n.03	0.972
106457046	race.n.03	0.988
123234439	genus.n.02	0.941
123234445	genus.n.02	0.981
106457343	kind.n.01	None
123234956	genus.n.01	0.935
123235061	kind.n.01	None
106458417	race.n.03	0.966
106460575	race.n.03	0.534
106461172	kind.n.01	None
123240248	kind.n.01	None
106463857	race.n.03	0.976
106464277	race.n.03	0.974
106465929	genus.n.01	0.807
106469281	class.n.01	0.967
106470272	race.n.03	0.993
106473102	lineage.n.01	0.573
106473349	race.n.03	0.984
106474880	lineage.n.01	0.396
123252126	genus.n.01	0.926
106475147	race.n.03	0.953
106476929	race.n.03	0.969
106477160	race.n.03	0.981
106477319	kin.n.02	None
106477567	race.n.03	0.985
106477597	race.n.03	0.983
106477844	race.n.03	0.983
123257520	order.n.02	0.848
106480880	state.n.04	0.873
106481362	race.n.03	0.97
106484322	family.n.01	0.669
106484351	race.n.03	0.985
123261810	kind.n.01	None
106484944	family.n.02	0.543
106485333	lineage.n.01	0.776
106486109	race.n.03	0.985
106486606	kind.n.01	None
106489783	world.n.08	None
106490672	lineage.n.01	0.741
106491003	coinage.n.01	None
106491357	outline.n.02	0.646
106494409	race.n.03	0.976
106495004	race.n.03	0.984
106497276	parentage.n.02	0.48
106497495	family.n.02	0.439
106502463	subspecies.n.01	0.512
106503025	genus.n.02	0.571
106503081	kind.n.01	None
106503192	kind.n.01	None
106503256	kind.n.01	None
106503635	race.n.03	0.984
106506993	race.n.03	0.969
106507639	birth.n.02	0.684
106510868	race.n.03	0.622
106512454	sex.n.02	0.961
106513710	family.n.01	0.443
106517238	race.n.03	0.988
106517340	birth.n.02	0.386
106517977	race.n.03	0.983
106519228	race.n.03	0.988
106521844	race.n.03	0.993
106521938	race.n.03	0.972
106522272	parentage.n.02	0.365
106522725	parentage.n.02	0.731
106522743	ancestor.n.01	None
106522804	race.n.03	0.989
106523086	parentage.n.02	0.792
106523926	blood.n.01	0.811
106524502	race.n.03	0.976
106524557	race.n.03	0.972
106524851	race.n.03	0.995
106525486	class.n.03	0.509
106526145	race.n.03	0.989
106527539	race.n.03	0.967
106528064	race.n.03	0.971
106528091	kind.n.01	None
106528397	race.n.03	0.96
106528942	race.n.03	0.986
106528972	class.n.03	0.564
106529074	race.n.03	0.985
106529372	species.n.01	0.884
106530578	race.n.03	0.975
106531498	race.n.03	0.979
106532515	crop.n.02	0.524
106533869	race.n.03	0.97
106535251	birth.n.02	0.748
106536232	parentage.n.02	0.478
106537937	race.n.03	0.982
106538392	race.n.03	0.976
123315997	descent.n.04	0.671
123316312	race.n.03	0.968
106539574	parentage.n.02	0.846
106540748	birth.n.02	0.599
123320215	race.n.03	0.965
106543142	parentage.n.02	0.544
123320815	race.n.03	0.979
106543920	sect.n.01	0.86
106544461	class.n.01	0.755
123321794	sex.n.02	0.831
106545354	race.n.03	0.971
106546772	kind.n.01	None
106549306	parentage.n.02	0.703
123327770	organism.n.01	0.989
123329158	kind.n.01	None
106552305	race.n.03	0.758
123330285	ordering.n.01	0.601
123330307	scale.n.06	0.958
106553397	race.n.03	0.978
106555463	kind.n.01	None
106556940	kind.n.01	None
106557755	race.n.03	0.957
106558716	race.n.03	0.972
106558767	race.n.03	0.885
106559033	race.n.03	0.974
106559867	family.n.01	0.456
123337094	race.n.03	0.963
106561187	parentage.n.02	0.502
123341001	race.n.03	0.956
106564346	race.n.03	0.995
123345935	parentage.n.02	0.762
106569452	state.n.04	0.782
106569474	state.n.04	0.738
106569767	state.n.04	0.663
106569910	tribe.n.01	0.991
106570711	parentage.n.02	0.991
106571944	family.n.01	0.479
106572604	parentage.n.02	0.538
106572901	race.n.03	0.977
106573377	race.n.03	0.972
106574483	race.n.03	0.983
106576911	parentage.n.02	0.543
106577006	lineage.n.01	0.823
106577111	race.n.03	0.981
106577359	family.n.04	0.61
106578976	nation.n.02	0.62
106580228	race.n.03	0.998
106583727	earth.n.01	0.915
106586607	sex.n.02	0.932
106587889	nation.n.02	0.654
114994319	race.n.03	0.935
115042598	genus.n.01	0.839
115042635	genus.n.01	0.681
115042880	genus.n.01	0.832
115042883	genus.n.01	0.937
115043227	genus.n.01	0.633
115043373	genus.n.02	0.867
115043489	genus.n.01	0.958
115043551	genus.n.01	0.972
115043900	genus.n.02	0.578
115043989	genus.n.01	0.787
115044059	genus.n.02	0.992
115044164	genus.n.01	0.878
115044278	genus.n.01	0.771
115044449	genus.n.01	0.961
115044513	genus.n.01	0.829
115044882	genus.n.01	0.923
115046270	genus.n.01	0.881
115046284	genus.n.01	0.947
106736832	parentage.n.02	0.829
123525578	ancestry.n.02	0.529
106748650	descendant.n.01	None
106750102	parentage.n.02	0.929
123527582	kind.n.01	None
123527602	kind.n.01	None
123527620	kind.n.01	None
123528140	descent.n.04	0.908
106753747	parentage.n.02	0.849
106756301	family.n.04	0.839
123534758	race.n.01	0.573
106758370	kind.n.01	None
123535625	race.n.03	0.993
106762208	people.n.01	0.534
123540361	race.n.03	0.852
106763844	kin.n.02	0.891
106763928	kin.n.02	0.857
106764111	parentage.n.02	0.601
123544032	coinage.n.01	None
123544785	race.n.03	0.975
123544948	origin.n.02	0.77
106769972	parentage.n.02	0.871
123552588	state.n.04	0.535
123552903	race.n.03	0.985
123553395	race.n.03	0.977
123553798	genus.n.02	0.915
123554308	race.n.03	0.924
123556471	class.n.01	0.786
123556630	coinage.n.01	None
123557068	native.n.01	0.619
123557457	race.n.01	0.855
123565055	race.n.03	0.977
123565620	coinage.n.01	None
123568007	coinage.n.01	None
123568482	kind.n.01	None
123569036	genus.n.01	0.88
123570893	race.n.03	0.97
123570950	genus.n.01	0.909
123571010	genus.n.01	0.752
123571121	genus.n.02	0.852
123571421	genus.n.02	0.973
123571432	genus.n.02	0.953
123572423	golden_age.n.02	0.676
123572701	race.n.03	0.992
123572727	race.n.03	0.974
123573392	coinage.n.01	None
123574897	species.n.01	0.938
123574907	class.n.03	0.538
123576317	race.n.03	0.996
123577438	race.n.03	0.623
123577588	parentage.n.02	0.615
123577894	genus.n.01	0.811
123578388	tribe.n.01	0.875
123578421	succession.n.03	0.367
123578475	lineage.n.01	0.682
123578493	family.n.04	0.568
123579823	nature.n.01	0.906
123591877	genus.n.01	0.881
123591943	genus.n.02	0.882
123592023	genus.n.02	0.811
123592031	genus.n.01	0.678
123592053	genus.n.02	0.905
123592084	genus.n.02	0.695
123592092	genus.n.01	0.951
123592122	genus.n.01	0.986
123592136	genus.n.01	0.988
123592171	genus.n.02	0.964
123592188	genus.n.01	0.742
123592220	genus.n.01	0.684
123592225	genus.n.01	0.503
123592264	genus.n.01	0.93
123592279	genus.n.01	0.737
123592327	genus.n.01	0.546
123592348	genus.n.01	0.751
123592393	genus.n.02	0.582
123592451	genus.n.02	0.822
123592478	genus.n.01	0.725
123592514	genus.n.01	0.629
123592535	genus.n.01	0.783
123592582	genus.n.01	0.873
123592662	genus.n.01	0.744
123592673	genus.n.02	0.775
123592746	genus.n.01	0.934
123592779	genus.n.02	0.86
123592790	genus.n.02	0.895
123592813	genus.n.02	0.734
123592840	genus.n.02	0.916
123592849	genus.n.01	0.654
123592852	genus.n.01	0.544
123592884	genus.n.02	0.771
123592888	genus.n.02	0.657
123592932	genus.n.02	0.924
123592974	genus.n.01	0.832
123592993	genus.n.02	0.691
123593018	genus.n.02	0.691
123593047	genus.n.01	0.831
123593102	genus.n.01	0.636
123593122	genus.n.02	0.87
123593138	genus.n.01	0.882
123593168	genus.n.01	0.527
123593185	genus.n.02	0.616
123593224	genus.n.01	0.578
123593325	genus.n.02	0.689
123593351	genus.n.01	0.83
123593385	genus.n.01	0.793
123593479	species.n.01	0.782
123593512	coinage.n.01	None
123593522	genus.n.02	0.898
123593586	beginning.n.04	0.355
123593599	genus.n.01	0.877
123593611	genus.n.02	0.548
123593629	genus.n.01	0.95
123593660	genus.n.01	0.897
123593798	genus.n.02	0.872
123593855	coinage.n.01	None
123593867	genus.n.02	0.925
123593883	genus.n.02	0.986
123593887	genus.n.02	0.855
123593907	genus.n.02	0.953
123593982	genus.n.02	0.892
123593987	genus.n.02	0.931
123593988	genus.n.02	0.839
123594037	genus.n.02	0.719
123594053	genus.n.02	0.897
123594056	genus.n.02	0.905
123594085	genus.n.02	0.83
123594094	genus.n.02	0.764
123594234	genus.n.02	0.782
123594240	genus.n.02	0.558
123594278	genus.n.02	0.859
123594292	genus.n.02	0.558
123594304	genus.n.02	0.808
123594517	genus.n.02	0.968
123594527	genus.n.02	0.889
123594711	genus.n.01	0.725
123594719	genus.n.01	0.888
123594724	genus.n.01	0.652
123594812	genus.n.02	0.852
106817632	native.n.01	0.539
123594894	genus.n.02	0.982
123594907	genus.n.02	0.971
123595042	genus.n.02	0.819
123595274	genus.n.01	0.727
123595333	genus.n.02	0.636
123595356	genus.n.01	0.862
123595412	genus.n.01	0.772
123595740	genus.n.01	0.825
123595767	genus.n.02	0.88
123595799	genus.n.02	0.665
123595950	genus.n.02	0.815
123595970	genus.n.02	0.914
123595999	genus.n.02	0.931
123596001	genus.n.02	0.636
123596031	genus.n.02	0.934
123596091	genus.n.01	0.961
123596126	genus.n.01	0.802
123596203	genus.n.01	0.7
123596211	genus.n.01	0.636
123596215	genus.n.01	0.85
123596234	genus.n.01	0.874
123596267	genus.n.01	0.665
123596288	genus.n.01	0.933
123596309	genus.n.01	0.504
123596342	genus.n.01	0.854
123596360	genus.n.01	0.787
123596367	genus.n.02	0.751
123596394	genus.n.02	0.957
123596403	genus.n.02	0.932
123596426	genus.n.02	0.674
123596439	genus.n.02	0.722
123596445	genus.n.02	0.957
123596451	genus.n.02	0.81
123596469	genus.n.02	0.815
123596485	genus.n.02	0.927
123596487	genus.n.02	0.913
123596500	genus.n.02	0.961
123596512	genus.n.02	0.985
123596518	genus.n.02	0.931
123596531	genus.n.02	0.936
123596548	genus.n.02	0.958
123596579	genus.n.02	0.637
123596612	genus.n.02	0.597
123596629	genus.n.01	0.883
123596651	genus.n.02	0.929
123596678	genus.n.01	0.856
123596726	genus.n.02	0.846
123596735	genus.n.01	0.582
123596753	genus.n.02	0.904
123596757	genus.n.02	0.899
123596821	genus.n.02	0.592
123596828	genus.n.02	0.592
123596860	genus.n.01	0.923
123596900	genus.n.02	0.759
123596913	genus.n.01	0.903
123596955	genus.n.02	0.719
123597050	genus.n.01	0.881
123597076	genus.n.01	0.556
123597083	genus.n.01	0.718
123597130	difference.n.01	0.977
123597137	difference.n.01	0.953
123597178	genus.n.02	0.874
123597194	genus.n.01	0.636
123597230	genus.n.02	0.707
123597319	genus.n.01	0.859
123597699	genus.n.02	0.937
123597710	genus.n.02	0.89
123597784	genus.n.01	0.879
123597875	genus.n.02	0.795
123598073	genus.n.01	0.719
106826186	lineage.n.01	0.776
106826673	kind.n.01	None
115234794	genus.n.02	0.662
115235064	nationality.n.02	0.876
115237045	kind.n.01	None
115237133	sex.n.04	0.995
115248306	class.n.01	0.887
115248746	class.n.01	0.951
115249028	class.n.01	0.836
115249058	race.n.03	0.979
115249102	race.n.03	0.986
115249250	class.n.01	0.512
115249365	kind.n.01	None
115249487	class.n.01	0.471
115251141	class.n.01	0.814
115256931	sex.n.02	0.704
115257049	sex.n.02	0.817
106869464	native.n.01	0.63
106871832	generation.n.02	0.82
106875387	parentage.n.02	0.934
115268507	career.n.01	None
115273166	race.n.03	0.978
106899247	family.n.04	0.608
106901258	descent.n.04	0.837
106905213	parentage.n.02	0.944
106906326	lineage.n.01	0.956
106913061	family.n.04	0.482
106919993	origin.n.02	0.746
106925013	kind.n.01	0.451
106925168	kind.n.01	None
106931699	people.n.01	0.672
106931709	people.n.01	0.602
115340152	class.n.03	0.576
115341211	family.n.04	0.692
115347646	family.n.01	0.326
115349928	club.n.02	0.585
115352082	relative.n.01	0.992
115357400	race.n.03	0.954
115358581	race.n.03	0.995
115361310	tribe.n.01	0.953
115361689	race.n.03	0.977
115363790	gen.n.01	None
115369036	tribe.n.01	0.985
115370692	race.n.03	0.995
115374066	race.n.03	0.95
115374247	race.n.03	0.989
115381104	family.n.01	0.422
115382632	family.n.04	0.668
115389991	parentage.n.02	0.523
115397429	race.n.03	0.973
115403726	family.n.04	0.631
115404537	family.n.04	0.601
115407531	family.n.04	0.605
107019230	sex.n.04	0.643
107020236	genus.n.01	0.604
107020865	gender.n.01	0.758
107020945	sex.n.04	0.8
115412211	family.n.01	0.579
115425519	family.n.02	0.429
115425805	ancestry.n.02	0.542
115426071	family.n.01	0.639
115430662	family.n.01	0.349
115431110	family.n.02	0.571
107049356	national.n.01	None
107050631	race.n.03	0.679
115440676	family.n.02	0.592
115440765	rank.n.02	0.632
107052639	race.n.03	0.992
107053407	race.n.03	0.951
107054588	race.n.03	0.982
107055027	race.n.03	0.993
107060387	lineage.n.01	0.387
107061638	people.n.01	0.952
107062250	origin.n.02	0.429
115451096	family.n.01	0.581
107063555	state.n.04	0.574
107064635	state.n.04	0.795
107064976	state.n.04	0.872
107065055	nation.n.02	0.579
107065936	state.n.04	0.608
107066015	beginning.n.04	0.555
107066459	parentage.n.02	0.795
107066729	race.n.03	0.958
107067138	state.n.04	0.698
107067228	origin.n.03	0.619
107067412	race.n.03	0.981
107067521	state.n.04	0.653
107067712	race.n.03	0.993
107068105	family.n.04	0.484
115457147	family.n.01	0.568
107069103	parentage.n.02	0.673
107069355	world.n.08	None
107070780	ancestry.n.02	0.404
107070992	descendant.n.01	None
107071060	family.n.01	0.819
107071585	origin.n.02	0.999
107072307	race.n.03	0.995
107074640	parentage.n.02	0.989
107074657	child.n.02	0.756
107074960	family.n.04	0.62
107075208	descendants.n.01	0.784
107075395	race.n.03	0.991
107076962	race.n.03	0.999
107077408	race.n.03	0.991
107077498	citizenry.n.01	0.61
107078049	population.n.01	0.83
107078198	race.n.03	0.99
107080506	descendants.n.01	0.839
107080590	descendants.n.01	0.72
107082549	family.n.01	0.35
107082701	family.n.02	0.489
107082747	family.n.01	0.692
107083061	race.n.03	0.955
107083091	race.n.03	0.979
107084288	race.n.03	0.993
107086285	origin.n.02	0.999
107086785	folk.n.01	None
107088113	descent.n.04	0.77
107088419	origin.n.02	0.583
107088665	tribe.n.01	0.994
107089008	family.n.04	0.56
107089842	parentage.n.02	0.914
107090915	birth.n.02	0.632
107090988	birth.n.02	0.804
107093863	world.n.08	None
107094614	parentage.n.02	0.737
115484759	race.n.03	0.991
115485026	family.n.04	0.669
107098803	race.n.03	0.99
107099155	lineage.n.01	0.525
115489807	social_station.n.01	0.389
107101734	race.n.03	0.996
107101774	parentage.n.02	0.924
107102252	descendants.n.01	0.761
107102590	parentage.n.02	0.982
107103114	race.n.01	0.584
107104264	state.n.04	0.856
107105752	race.n.03	0.995
107106881	race.n.03	0.996
107107744	origin.n.02	0.464
115497521	race.n.01	0.484
107111801	parentage.n.02	0.996
107111920	descendants.n.01	0.746
107112029	origin.n.02	0.7
107112068	race.n.03	0.992
123889984	race.n.03	0.994
123890484	race.n.03	0.999
107115860	lineage.n.01	0.803
107115947	race.n.03	0.992
107116354	state.n.04	0.928
107116925	race.n.03	0.995
107117719	parentage.n.02	0.861
115506960	race.n.03	0.997
123895665	race.n.03	0.943
107119124	descendants.n.01	0.722
123898023	race.n.03	0.988
115510050	parentage.n.02	0.56
115510113	family.n.01	0.735
115512331	race.n.03	0.898
123902211	kin.n.02	None
115513814	family.n.01	0.516
115514121	race.n.03	0.989
123904641	family.n.01	0.471
107127893	descent.n.04	0.77
107127900	child.n.02	0.896
123905326	kin.n.02	None
107128406	family.n.02	0.554
107131058	parentage.n.02	0.988
115520335	family.n.02	0.457
115520465	family.n.01	0.763
123909495	kin.n.02	None
123911780	kind.n.01	None
115526207	family.n.04	0.613
123916164	family.n.01	0.531
107139539	family.n.01	0.67
107139562	family.n.04	0.615
107139819	scion.n.01	None
107140031	birth.n.02	0.865
107142350	child.n.02	0.88
107142859	family.n.01	0.478
107143937	sex.n.02	0.884
115533150	caste.n.03	0.774
107145248	sex.n.04	0.575
107146057	parentage.n.02	0.904
115536093	tribe.n.01	0.996
115537493	family.n.04	0.698
107148971	race.n.03	0.995
107149386	parentage.n.02	0.988
107150311	parentage.n.02	0.955
107151571	lineage.n.01	0.967
107151588	lineage.n.01	0.949
107151859	race.n.03	0.927
115541572	family.n.04	0.75
123931583	offspring.n.01	0.989
107155876	descent.n.04	0.574
123933715	race.n.03	0.928
107156724	family.n.04	0.88
123934019	lineage.n.01	0.732
123934435	birth.n.02	0.804
123939912	offspring.n.01	0.985
123940724	descent.n.04	0.891
107164786	descendants.n.01	0.767
123942752	race.n.03	0.959
107166518	parentage.n.02	0.535
107167506	descendants.n.01	0.701
107168253	descendants.n.01	0.655
107168706	family.n.04	0.761
115559951	parentage.n.02	0.795
107171972	state.n.04	0.897
115560952	ancestry.n.02	0.576
115561519	family.n.04	0.868
115562438	origin.n.02	0.548
107173845	family.n.04	0.744
107174535	state.n.04	0.683
123952354	lineage.n.01	0.628
107175147	descent.n.04	0.72
115564825	family.n.04	0.395
107176766	parentage.n.02	0.634
107176960	parentage.n.02	0.984
115569731	womankind.n.01	None
123958800	lineage.n.01	0.633
115570855	parentage.n.02	0.53
123959476	offspring.n.01	0.975
115570953	kin.n.02	None
107182788	birth.n.02	0.512
107183636	race.n.03	0.99
107187134	state.n.04	0.66
115578253	descendant.n.01	None
115578429	race.n.03	0.961
115578682	family.n.04	0.535
115579034	family.n.01	0.645
115579392	lineage.n.01	0.521
115579863	family.n.04	0.529
107195645	descendants.n.01	0.542
123976034	race.n.03	0.982
115587749	family.n.04	0.747
107199785	family.n.02	0.441
107202008	family.n.01	0.744
123982084	offspring.n.01	0.996
107205007	family.n.01	0.408
107205502	family.n.01	0.596
115595110	family.n.04	0.904
115595438	kin.n.02	None
115598585	family.n.06	0.967
115601836	kind.n.01	None
115601920	kind.n.01	None
107214021	line.n.01	0.539
107214052	family.n.04	0.459
115602693	family.n.04	0.705
123993604	parentage.n.02	0.833
123994676	race.n.03	0.983
123995649	race.n.03	0.921
123996046	stock.n.09	0.504
123996628	race.n.03	0.952
115610232	family.n.01	0.468
107221703	social_station.n.01	0.787
115611849	parentage.n.02	0.996
107223921	parentage.n.02	0.953
115618373	parentage.n.02	0.903
115623717	descent.n.04	0.682
115624425	race.n.03	0.998
107236989	class.n.03	0.984
115629662	parentage.n.02	0.722
115630392	descendant.n.01	None
115635111	house.n.06	0.509
107246537	origin.n.02	0.459
115637901	family.n.04	0.412
107255049	state.n.04	0.929
107255303	origin.n.02	0.835
115646505	family.n.04	0.394
107260397	race.n.03	0.997
107261741	parentage.n.02	0.983
107262666	lineage.n.01	0.628
115651715	race.n.03	0.992
107263904	affinity.n.04	0.536
115652886	lineage.n.01	0.567
115655438	lineage.n.01	0.512
115659405	offspring.n.01	0.989
115661673	parentage.n.02	0.944
115665189	parentage.n.02	0.73
107276720	descendants.n.01	0.773
115665470	descendant.n.01	None
115666495	descent.n.04	0.552
115669110	parentage.n.02	0.491
115671160	family.n.01	0.591
115672445	descent.n.04	0.863
115672899	parentage.n.02	0.85
115673739	descent.n.04	0.746
115674003	descent.n.04	0.884
115674162	parentage.n.02	0.573
115674197	parentage.n.02	0.97
115674252	birth.n.02	0.526
115674372	ancestry.n.02	0.512
115674975	descent.n.04	0.926
107286859	kin.n.02	None
107286967	kin.n.02	None
115676122	native.n.01	0.514
115676482	native.n.01	0.686
115676627	kin.n.02	None
115677160	race.n.03	0.989
107288718	kin.n.02	None
107288768	kin.n.02	None
107288949	kin.n.02	None
107288970	kin.n.02	None
107288999	kin.n.02	None
115677827	native.n.01	0.639
107289879	kin.n.02	None
107289999	kin.n.02	None
107290022	kin.n.02	None
115678706	family.n.01	0.665
107290146	kin.n.02	None
115679188	family.n.01	0.801
115679847	parentage.n.02	0.897
115680553	parentage.n.02	0.942
115681174	native.n.01	0.6
115682019	parentage.n.02	0.855
115682199	race.n.03	0.518
115682813	descent.n.04	0.827
115684076	native.n.01	0.692
115684893	race.n.03	0.994
115685127	native.n.01	0.602
107297139	parentage.n.02	0.981
115685799	kin.n.02	None
115685812	lineage.n.01	0.854
107299505	inheritance.n.03	0.62
115690836	parentage.n.02	0.576
115691623	race.n.03	0.936
115692862	race.n.03	0.998
115693495	descent.n.04	0.449
115694007	male.n.02	0.899
115694214	race.n.03	0.994
115695246	parentage.n.02	0.947
115695298	race.n.03	0.994
115695659	kin.n.02	None
107310141	parentage.n.02	0.958
115709952	world.n.08	None
107324792	parentage.n.02	0.823
115713483	parentage.n.02	0.976
115714368	race.n.03	0.981
115714619	race.n.03	0.972
115716017	generation.n.03	0.627
107327651	family.n.01	0.527
115716429	race.n.01	0.618
115717928	family.n.01	0.729
115720738	race.n.03	0.991
115724124	breed.n.01	0.939
115724964	kin.n.02	None
107336626	family.n.01	0.526
107336702	family.n.01	0.576
115725356	sex.n.02	0.434
115725415	parentage.n.02	0.986
107337142	family.n.01	0.66
115727801	lineage.n.01	0.976
115728635	race.n.03	0.986
115728723	descent.n.04	0.64
115730149	parentage.n.02	0.94
107341954	family.n.01	0.719
115731379	race.n.03	0.971
115731553	race.n.03	0.994
107343995	offspring.n.01	0.98
107344014	consanguinity.n.01	None
115736160	race.n.03	0.993
115736911	race.n.03	0.993
107349265	lineage.n.01	0.42
115739041	race.n.03	0.982
107353032	descendants.n.01	0.691
115745202	race.n.03	0.994
107359001	state.n.04	0.769
115748043	tribe.n.01	0.98
115748245	parentage.n.02	0.918
115748385	race.n.03	0.889
115750166	descent.n.04	0.62
115752228	descent.n.04	0.716
107365131	parentage.n.02	0.936
115754042	world.n.08	None
115754319	descent.n.04	0.566
107366034	family.n.04	0.374
115756984	breed.n.01	0.867
115757475	parentage.n.02	0.955
115758735	kin.n.02	None
115760020	race.n.03	0.986
107372849	parentage.n.02	0.656
107373343	parentage.n.02	0.594
115765030	family.n.04	0.625
115765211	race.n.03	0.996
115765565	race.n.01	0.654
115771207	race.n.03	0.983
115773774	tribe.n.01	0.973
115773936	citizenry.n.01	0.524
115775705	family.n.01	0.48
115779687	population.n.01	0.868
115780242	race.n.03	0.995
115781419	parentage.n.02	0.826
115788080	parentage.n.02	0.984
115790730	state.n.04	0.931
115793759	lineage.n.01	0.976
115794095	birth.n.02	0.391
115796769	race.n.03	0.998
115799093	kind.n.01	None
115800939	race.n.03	0.982
115801035	kind.n.01	None
115801927	race.n.03	0.666
115806221	descent.n.04	0.936
115807799	parentage.n.02	0.952
115808595	family.n.04	0.481
115810671	descendants.n.01	0.811
115813427	offspring.n.01	0.99
107424949	pedigree.n.03	0.392
115815543	descendants.n.01	0.909
107428153	birth.n.01	0.494
107428343	origin.n.02	0.367
107428407	family.n.04	0.742
115817703	lineage.n.01	0.962
115822027	family.n.01	0.447
115822360	descendants.n.01	0.863
115822427	descendants.n.01	0.949
115822633	family.n.01	0.733
115823562	state.n.04	0.507
115823719	state.n.04	0.569
115823867	state.n.04	0.694
115824093	nation.n.02	0.77
115824545	nation.n.02	0.602
115825587	kind.n.01	None
115828109	kind.n.01	0.986
115839279	state.n.04	0.548
115839311	stock.n.09	0.916
115839940	kind.n.01	None
107453951	form.n.01	0.822
115845101	nation.n.02	0.642
115846204	family.n.04	0.381
115846252	parentage.n.02	0.463
107457675	kind.n.01	None
107457942	parentage.n.02	0.971
107458007	parentage.n.02	0.913
107458092	parentage.n.02	0.741
115847144	descent.n.04	0.517
115851081	nation.n.02	0.629
115851156	lineage.n.01	0.847
115851477	race.n.03	0.99
115851713	state.n.04	0.547
115854756	state.n.04	0.589
115855187	state.n.04	0.659
107467204	class.n.01	0.994
115856435	kind.n.01	None
115858046	race.n.03	0.984
115863626	lineage.n.01	0.917
115865087	race.n.03	0.995
115865269	nation.n.02	0.621
115865552	state.n.04	0.842
115866246	descendants.n.01	0.87
115866554	race.n.03	0.996
115866770	race.n.03	0.965
107478351	birth.n.02	0.477
115870968	seed.n.01	0.575
115874412	nation.n.02	0.543
115875824	kin.n.02	0.632
115877231	descendants.n.01	0.779
115878211	birth.n.02	0.526
115880641	race.n.03	0.947
107492362	class.n.01	0.979
115882042	family.n.01	0.472
115885020	state.n.04	0.746
115890277	parentage.n.02	0.867
115891556	family.n.01	0.636
115892738	family.n.01	0.584
115894983	kind.n.01	0.986
115895617	world.n.08	None
115896504	parentage.n.02	0.893
115896540	parentage.n.02	0.78
115897741	son.n.01	1.0
115900463	house.n.03	0.432
115900673	origin.n.02	0.993
115901799	family.n.04	0.624
115903297	lineage.n.01	0.786
115903324	family.n.01	0.667
115903606	lineage.n.01	0.822
124302395	kinsman.n.01	None
115913947	state.n.04	0.551
115914738	descent.n.04	0.517
124303393	family.n.01	0.529
124305198	origin.n.02	0.864
115917296	nation.n.02	0.557
115917618	family.n.04	0.627
115918650	family.n.04	0.841
115918660	family.n.04	0.56
115918852	family.n.02	0.494
115922004	parentage.n.02	0.717
115922016	lineage.n.01	0.986
115924037	descendants.n.01	0.733
115924418	state.n.04	0.682
115924736	descendants.n.01	0.792
115924762	tribe.n.01	0.853
107537263	genus.n.01	0.757
124315749	family.n.04	0.562
124319124	family.n.01	0.5
124319353	parentage.n.02	0.866
115932204	house.n.06	0.821
115932233	family.n.01	0.494
115932256	family.n.04	0.793
115932343	family.n.01	0.735
124321306	family.n.04	0.758
124321531	descent.n.04	0.709
107544622	country.n.02	0.934
115933281	house.n.06	0.821
115933866	family.n.01	0.617
115934007	family.n.01	0.674
115934556	family.n.01	0.6
124323172	origin.n.03	0.463
115934627	family.n.01	0.545
115936933	family.n.04	0.848
115937103	family.n.01	0.691
115937157	family.n.01	0.611
115940232	parentage.n.02	0.968
115945083	family.n.01	0.842
115945695	family.n.04	0.428
115946252	family.n.01	0.474
115946456	nobility.n.03	0.878
115947263	family.n.01	0.649
115947281	family.n.01	0.457
115947503	family.n.01	0.441
115948557	family.n.04	0.51
115950613	nation.n.02	0.509
115951228	descendants.n.01	0.954
115954451	kin.n.02	None
115957599	family.n.04	0.718
115958211	parentage.n.02	0.512
115960173	descent.n.04	0.805
115961176	race.n.03	0.993
115961575	succession.n.02	0.508
115962214	family.n.04	0.738
115963037	state.n.04	0.568
115963286	family.n.01	0.543
115965663	kind.n.01	0.926
115965790	parentage.n.02	0.874
115968673	family.n.01	0.513
107581956	species.n.01	0.773
115973938	family.n.01	0.458
115974120	family.n.01	0.611
115976093	family.n.04	0.662
115976960	parentage.n.02	0.79
115977040	parentage.n.02	0.894
115977146	state.n.04	0.635
115980112	parentage.n.02	0.883
115981200	parentage.n.02	0.84
115981278	family.n.04	0.848
115981452	family.n.01	0.678
115983923	parentage.n.02	0.928
115985949	kind.n.01	None
115986124	kind.n.01	0.99
107604023	breed.n.01	0.932
115992659	lineage.n.01	0.961
107605304	race.n.02	0.622
107605321	race.n.02	0.98
115994160	state.n.04	0.604
115995618	state.n.04	0.546
107607550	race.n.03	0.808
107610352	race.n.03	0.959
116000210	state.n.04	0.642
116004177	lineage.n.01	0.822
116007071	parentage.n.02	0.868
107619927	lineage.n.01	0.601
116008915	sect.n.01	0.945
107621066	race.n.03	0.999
116010829	state.n.04	0.734
116012673	nation.n.02	0.595
107625509	race.n.03	0.991
116019909	family.n.01	0.554
116020356	family.n.01	0.602
116020763	lineage.n.01	0.989
107634797	race.n.03	0.993
116023724	family.n.01	0.362
107637766	race.n.03	0.994
107639075	lineage.n.01	0.92
116032991	family.n.04	0.695
107646864	race.n.03	0.995
116036379	lineage.n.01	0.964
116036678	family.n.01	0.657
107648606	origin.n.02	0.371
116037397	family.n.01	0.697
116037428	family.n.04	0.329
116040909	family.n.04	0.601
116040954	lineage.n.01	0.88
116040993	origin.n.02	0.999
116042105	family.n.04	0.62
107653761	descent.n.04	0.747
116042427	family.n.04	0.53
116042997	family.n.04	0.669
116047869	family.n.01	0.603
116051496	parentage.n.02	0.621
116051978	family.n.04	0.582
116056799	nature.n.01	0.88
116058049	race.n.03	0.996
107670422	descent.n.04	0.631
107671724	descendant.n.01	None
107672194	descendant.n.01	None
107672468	descent.n.04	0.688
107674191	race.n.02	0.626
116066130	state.n.04	0.691
116066538	family.n.04	0.633
107686356	race.n.03	0.979
116076511	descendants.n.01	0.951
116077393	descendants.n.01	0.753
116081872	parentage.n.02	0.833
124475407	kind.n.01	None
116086969	descendants.n.01	0.861
124476850	birth.n.02	0.789
124478769	parentage.n.02	0.524
116090263	parentage.n.02	0.761
124478977	ancestry.n.02	0.646
124478983	ancestry.n.02	0.852
124479012	origin.n.02	0.584
116090538	family.n.01	0.413
116090751	descendants.n.01	0.88
124479480	birth.n.01	0.38
124479900	parentage.n.02	0.419
124480096	birth.n.02	0.627
124480198	tribe.n.01	0.966
124480299	race.n.03	0.973
107703554	character.n.03	0.32
124481311	parentage.n.02	0.761
116093500	family.n.04	0.523
116093559	family.n.04	0.533
116093692	race.n.03	0.996
107705086	race.n.03	0.949
124482629	generation.n.02	0.583
107705887	nature.n.01	0.772
116096206	parentage.n.02	0.763
116097244	family.n.02	0.49
116097318	world.n.08	None
116097818	descendant.n.01	None
116100424	state.n.04	0.66
107716356	race.n.03	0.948
116105966	parentage.n.02	0.854
116108034	family.n.04	0.495
107725359	breed.n.01	0.909
107729223	family.n.04	0.869
116119457	family.n.02	0.487
107731024	race.n.03	0.99
107731098	race.n.03	0.991
107731274	state.n.04	0.819
116120365	family.n.01	0.503
107732137	family.n.04	0.801
107732192	race.n.03	0.637
107732486	race.n.03	0.994
107734840	tribe.n.01	0.949
107737596	family.n.01	0.678
107737913	descent.n.04	0.794
116127032	family.n.04	0.633
107738510	family.n.04	0.46
116127727	family.n.02	0.344
107739484	race.n.03	0.99
116129294	parentage.n.02	0.696
116129499	family.n.02	0.505
107743385	race.n.03	0.992
116132095	family.n.04	0.616
116132605	lineage.n.01	0.912
116132936	lineage.n.01	0.971
116133351	family.n.04	0.529
116133558	birth.n.02	0.508
116134066	family.n.01	0.463
116134184	family.n.04	0.783
116134215	family.n.04	0.684
116134259	family.n.04	0.481
116134418	family.n.04	0.753
116134832	parentage.n.02	0.903
116136337	family.n.01	0.589
107748988	race.n.03	0.969
107749007	race.n.03	0.662
124530375	citizenry.n.01	0.525
116141981	family.n.04	0.806
116142240	family.n.01	0.469
116142269	lineage.n.01	0.956
124531955	parentage.n.02	0.882
124531961	family.n.04	0.644
107754873	descent.n.04	0.874
107756077	family.n.01	0.552
107756106	family.n.04	0.856
107756467	race.n.03	0.996
124533682	birth.n.02	0.591
107756532	race.n.03	0.992
116145688	parentage.n.02	0.987
107757503	race.n.03	0.992
124535300	native.n.01	0.633
124537317	parentage.n.02	0.893
116148970	family.n.01	0.603
124537808	family.n.02	0.577
116149798	parentage.n.02	0.625
107762646	family.n.04	0.818
107762690	family.n.04	0.65
116151633	parentage.n.02	0.92
124540426	parentage.n.02	0.692
116151838	state.n.04	0.686
124540834	birthplace.n.01	0.963
107763749	family.n.04	0.639
116153148	lineage.n.01	0.647
116153180	genealogy.n.01	0.88
116153207	state.n.04	0.514
107765347	race.n.03	0.993
107765363	descent.n.04	0.545
107765384	family.n.04	0.676
116154055	birth.n.02	0.71
116154655	state.n.04	0.874
116154821	birth.n.02	0.524
116154908	parentage.n.02	0.814
124544198	parentage.n.02	0.715
116156093	state.n.04	0.718
116156941	birth.n.02	0.546
116157002	race.n.03	0.995
116158161	state.n.04	0.79
116158301	parentage.n.02	0.692
116158640	people.n.01	0.89
107770062	family.n.04	0.717
107770386	family.n.04	0.845
116160619	state.n.04	0.679
124549254	state.n.04	0.892
124549643	state.n.04	0.753
124550085	parentage.n.02	0.903
124550222	parentage.n.02	0.769
107773140	origin.n.03	0.278
116161907	parentage.n.02	0.647
124550626	parentage.n.02	0.565
116162038	nation.n.02	0.545
124551145	state.n.04	0.475
116162601	birth.n.02	0.572
116163139	nation.n.02	0.561
107774643	family.n.04	0.338
107775743	race.n.03	0.987
116164618	state.n.04	0.597
116164649	parentage.n.02	0.583
124554016	parentage.n.02	0.849
116165984	progenitor.n.01	None
116165995	family.n.04	0.543
107778943	family.n.01	0.472
107778997	descendant.n.01	None
107780183	family.n.04	0.718
116170443	birth.n.02	0.612
107782116	tribe.n.01	0.989
124559367	tribe.n.01	0.977
116170766	kind.n.01	None
107782287	tribe.n.01	0.992
124559643	parentage.n.02	0.736
116171095	lineage.n.01	0.862
107782617	tribe.n.01	0.942
107782707	tribe.n.01	0.948
107782927	tribe.n.01	0.984
124560250	family.n.04	0.591
116172281	kind.n.01	0.992
124562214	parentage.n.02	0.807
116174330	nation.n.02	0.616
107785871	descent.n.04	0.721
116174648	state.n.04	0.729
124563975	origin.n.02	0.999
116177672	nation.n.02	0.511
107793330	caste.n.03	0.602
107795024	kind.n.01	None
107797536	kind.n.01	None
116187966	family.n.02	0.535
124578306	parentage.n.02	0.675
124578788	race.n.03	0.982
124579268	parentage.n.02	0.926
107804246	family.n.04	0.891
124582070	parentage.n.02	0.748
107805436	class.n.03	0.569
116197630	family.n.04	0.529
107809230	family.n.04	0.685
124589649	parentage.n.02	0.961
116202708	parentage.n.02	0.647
107815384	family.n.04	0.604
107817415	tribe.n.01	0.973
124597305	parentage.n.02	0.988
107820781	descent.n.04	0.912
107821035	race.n.03	0.995
116210719	kinsman.n.01	None
124599359	offspring.n.01	0.996
107822311	family.n.04	0.899
107822380	family.n.01	0.792
116211499	parentage.n.02	0.549
124600450	family.n.01	0.664
116212278	parentage.n.02	0.781
124602038	parentage.n.02	0.918
116213908	race.n.03	0.954
124602605	parentage.n.02	0.788
107827744	class.n.03	0.84
124607122	race.n.03	0.985
124607546	parentage.n.02	0.881
124607916	parentage.n.02	0.918
116219552	parentage.n.02	0.919
107832728	race.n.03	0.963
107834463	race.n.03	0.981
107835237	family.n.04	0.677
116223916	kin.n.02	None
116224961	kin.n.01	0.518
107837230	kind.n.01	None
116226269	kin.n.01	0.729
116226282	family.n.01	0.615
107838073	kind.n.01	None
107839103	kind.n.01	None
124617737	parentage.n.02	0.701
116229418	family.n.04	0.621
124618788	state.n.04	0.714
124619612	family.n.01	0.54
107845416	lineage.n.01	0.407
107845621	people.n.01	0.878
107846328	race.n.03	0.998
124625751	state.n.04	0.66
107849587	subspecies.n.01	0.804
107849690	subspecies.n.01	0.624
107851802	people.n.01	0.625
124631612	state.n.04	0.552
116244440	world.n.08	None
107857338	race.n.03	0.996
116246363	state.n.04	0.497
124635746	citizenry.n.01	0.519
116247514	kind.n.01	None
124636175	parentage.n.02	0.804
124636562	native.n.01	0.668
124638002	parentage.n.02	0.815
124639991	descent.n.04	0.694
124640641	parentage.n.02	0.843
116252590	lineage.n.01	0.806
116252974	family.n.04	0.799
116255249	family.n.04	0.489
124645340	parentage.n.02	0.821
124645591	race.n.03	0.988
124646366	birth.n.02	0.488
124647558	race.n.03	0.99
116259188	family.n.01	0.562
116260844	family.n.04	0.501
124650917	race.n.03	0.986
116262353	kind.n.01	0.984
116263429	parentage.n.02	0.646
116264319	nation.n.02	0.668
124654418	family.n.01	0.45
124655253	state.n.04	0.818
124655944	race.n.03	0.995
124656337	people.n.01	0.667
124658853	parentage.n.02	0.86
124660038	race.n.03	0.96
116275182	lineage.n.01	0.828
116275201	lineage.n.01	0.534
116280303	nation.n.02	0.678
116281672	family.n.01	0.492
124670782	parentage.n.02	0.7
116282473	coevals.n.01	0.677
124671281	nation.n.02	0.511
124671745	parentage.n.02	0.815
124673373	birth.n.02	0.511
124673966	race.n.03	0.988
116289933	kin.n.02	None
116291915	family.n.01	0.505
116292985	family.n.02	0.409
116295215	kind.n.01	0.956
116296532	race.n.03	0.987
124685241	parentage.n.02	0.684
124686612	family.n.01	0.524
124687531	lineage.n.01	0.892
124688850	parentage.n.02	0.908
116301923	nation.n.02	0.529
116302943	family.n.02	0.48
116303080	state.n.04	0.576
116306515	parentage.n.02	0.729
124697477	race.n.03	0.987
116311266	nation.n.02	0.752
124700002	state.n.04	0.72
116311738	state.n.04	0.637
124702365	state.n.04	0.67
124703286	race.n.03	0.551
124704020	state.n.04	0.544
124704641	parentage.n.02	0.801
124704854	parentage.n.02	0.928
124704898	state.n.04	0.948
124705784	parentage.n.02	0.847
124708609	parentage.n.02	0.801
124709948	parentage.n.02	0.878
124710213	state.n.04	0.705
124712548	parentage.n.02	0.778
124713669	parentage.n.02	0.896
124715309	parentage.n.02	0.664
116331527	family.n.04	0.738
124721623	lineage.n.01	0.98
124722647	race.n.03	0.988
116335397	race.n.03	0.996
124724160	parentage.n.02	0.763
124727713	race.n.03	0.996
124727929	parentage.n.02	0.841
124730047	parentage.n.02	0.634
124731330	parentage.n.02	0.903
124731338	lineage.n.01	0.992
124735987	parentage.n.02	0.845
124736782	parentage.n.02	0.769
124739649	race.n.03	0.996
124741732	tribe.n.01	0.993
124741807	race.n.03	0.986
124743675	race.n.03	0.983
124744148	parentage.n.02	0.631
124744184	parentage.n.02	0.815
124747801	state.n.04	0.776
124748749	parentage.n.02	0.918
124748979	parentage.n.02	0.869
124749190	parentage.n.02	0.909
124749902	parentage.n.02	0.661
124751250	parentage.n.02	0.889
124753743	race.n.03	0.988
124755195	race.n.03	0.966
124761288	state.n.04	0.901
124762493	nation.n.02	0.575
124764419	kind.n.01	None
124765449	parentage.n.02	0.956
124765830	race.n.03	0.97
124771420	race.n.03	0.995
124771442	nation.n.02	0.467
124772097	parentage.n.02	0.855
107996447	row.n.01	0.757
107996721	row.n.01	0.836
124775364	nationality.n.01	0.551
124775874	parentage.n.02	0.956
124777451	race.n.03	0.995
108004016	kind.n.01	None
108019302	state.n.04	0.594
108029754	family.n.04	0.52
108030256	race.n.03	0.988
108030438	race.n.03	0.996
108032866	race.n.03	0.997
108033950	race.n.03	0.997
108037362	nation.n.02	0.864
108037803	people.n.01	0.573
108037957	nation.n.02	0.554
108038324	state.n.04	0.496
108040013	nation.n.02	0.768
108040332	nation.n.02	0.671
108040908	people.n.01	0.64
108041949	nation.n.02	0.533
108043625	nation.n.02	0.498
108044510	nation.n.02	0.58
108045298	kin.n.02	None
108045617	kin.n.02	None
108045735	nation.n.02	0.924
108046010	nation.n.02	0.88
108048268	kin.n.02	None
108048444	kin.n.02	None
108062978	lineage.n.01	0.746
108064841	generation.n.02	0.551
108075496	lineage.n.01	0.991
108080445	lineage.n.01	0.97
108084508	nation.n.02	0.601
108084936	nation.n.02	0.587
108085791	nation.n.02	0.496
108086117	world.n.08	None
108086345	state.n.04	0.64
108086607	coevals.n.01	0.655
108091722	state.n.04	0.542
108093637	parentage.n.02	0.747
108095115	race.n.03	0.998
108097725	race.n.03	0.995
108097854	race.n.03	0.997
108097956	race.n.03	0.997
108098902	race.n.03	0.989
124911019	kind.n.01	None
124911105	kind.n.01	None
124913890	tribe.n.03	0.856
124916302	kind.n.01	None
124916446	kind.n.01	None
124917586	class.n.01	0.992
116541073	kind.n.01	None
116543903	genus.n.01	0.71
116543915	genus.n.01	0.613
116556173	species.n.01	0.902
116556176	coinage.n.01	None
108169607	race.n.03	0.997
116560129	genus.n.01	0.951
116560833	genus.n.01	0.962
116567480	genus.n.02	0.938
116567931	genus.n.02	0.961
116567959	genus.n.02	0.85
116567991	genus.n.02	0.992
116568012	genus.n.02	0.961
116568020	genus.n.02	0.956
116568030	genus.n.02	0.846
116568047	genus.n.02	0.961
116568102	genus.n.02	0.81
116568175	genus.n.02	0.829
116568184	genus.n.02	0.75
116568236	genus.n.02	0.912
116568250	genus.n.02	0.976
116568261	genus.n.02	0.966
116568314	genus.n.02	0.862
116568413	genus.n.01	0.879
116568478	genus.n.02	0.741
116568533	genus.n.01	0.873
116568538	genus.n.01	0.828
116568586	genus.n.01	0.929
116568618	genus.n.02	0.528
116568629	genus.n.01	0.98
116568657	genus.n.01	0.975
116568752	genus.n.01	0.969
116568777	genus.n.02	0.816
116569472	class.n.01	0.996
108190125	kind.n.01	None
108190429	kind.n.01	None
108195776	kind.n.01	None
116586297	kind.n.01	None
108254392	people.n.01	0.542
108264559	race.n.03	0.99
108265481	race.n.03	0.992
108268460	race.n.03	0.994
108299463	family.n.01	0.783
108299987	family.n.04	0.698
108300905	family.n.04	0.528
108304472	family.n.01	0.661
108306567	seed.n.02	0.88
108310645	descendants.n.01	0.719
108352889	royalty.n.02	None
108352969	nation.n.02	0.785
108354950	kind.n.01	None
108360674	descendants.n.01	0.625
108367002	kind.n.01	None
108367061	kind.n.01	None
108367132	kind.n.01	None
108367280	kind.n.01	None
116768950	kind.n.01	None
116768993	coinage.n.01	None
116770942	sex.n.02	0.585
116771743	kind.n.01	None
116773922	kind.n.01	None
116774343	tribe.n.01	0.629
116779346	origin.n.03	0.457
116780314	species.n.01	0.953
116780922	species.n.01	0.987
108396578	descendant.n.01	None
116785286	race.n.03	0.98
116785619	sex.n.02	0.839
108397482	parentage.n.02	0.994
116786626	kind.n.01	None
108399142	lineage.n.01	0.957
116788004	family.n.02	0.441
116788620	sex.n.04	0.388
108401051	lineage.n.01	0.96
116795358	sex.n.04	0.613
100020618	race.n.03	0.969
116799511	parentage.n.02	0.767
116801969	origin.n.03	0.298
100033459	organism.n.01	0.998
116811544	race.n.03	0.707
116815391	ancestor.n.01	None
116815696	coinage.n.01	None
116816481	coinage.n.01	None
108428819	lineage.n.01	0.657
108430727	race.n.03	0.919
116820368	pedigree.n.03	0.464
116820991	native.n.01	0.55
116823180	family.n.02	0.605
116824274	tribe.n.03	0.994
116825197	family.n.01	0.494
116827483	species.n.01	0.959
116828788	species.n.01	0.988
116829173	kind.n.01	None
116829632	race.n.03	0.969
116830918	ancestor.n.01	None
116832548	sex.n.04	0.593
116834215	kind.n.01	None
116834665	people.n.01	0.957
116836345	coinage.n.01	None
116837486	kind.n.01	None
116837810	class.n.03	0.793
116839113	race.n.01	0.483
116845560	kind.n.01	None
100069285	race.n.03	0.992
116847379	species.n.01	0.925
116847389	coinage.n.01	None
116850845	kind.n.01	None
100074133	descent.n.04	0.728
116857529	kind.n.01	None
116861175	subspecies.n.01	0.496
108472780	family.n.01	0.477
108473327	race.n.03	0.973
116862260	coinage.n.01	None
116867119	descent.n.04	0.52
116868361	species.n.01	0.954
116868738	species.n.01	0.983
116868988	kind.n.01	None
116871203	kind.n.01	None
116872503	race.n.03	0.93
116874320	kind.n.01	None
116875428	beginning.n.04	0.411
116875961	race.n.03	0.995
116876275	race.n.03	0.979
116878010	species.n.01	0.907
116878200	species.n.01	0.788
100103163	lineage.n.01	0.529
116882190	type.n.01	0.813
116882419	species.n.01	0.949
116883350	tribe.n.01	0.985
116883867	sex.n.04	0.611
116883954	sex.n.02	0.976
116884910	kind.n.01	None
116887982	country.n.02	0.629
116888192	family.n.01	0.511
100111371	lineage.n.01	0.681
116895089	parentage.n.02	0.8
100122204	race.n.03	0.568
116901588	family.n.04	0.83
116918328	country.n.02	0.651
108529759	lineage.n.01	0.6
108530787	kinsman.n.01	None
116919414	parentage.n.02	0.884
108531368	family.n.08	0.344
108531546	race.n.03	0.965
108533196	kinsman.n.01	None
108533749	kind.n.01	None
116922662	kind.n.01	0.992
100146200	lineage.n.01	0.743
108537950	parentage.n.02	0.938
108538150	descent.n.04	0.491
116928030	ancestor.n.01	None
108542264	people.n.01	0.563
108542767	people.n.01	0.582
108544962	people.n.01	0.641
108545187	parentage.n.02	0.986
108545318	parentage.n.02	0.982
108547266	parentage.n.02	0.94
108549138	state.n.04	0.867
108549460	people.n.01	0.557
108549558	citizenry.n.01	0.663
108549708	birth.n.02	0.705
108549860	lineage.n.01	0.6
108550867	class.n.03	0.778
108552324	kind.n.01	0.642
116946657	parentage.n.02	0.746
116947609	family.n.04	0.849
108560404	family.n.04	0.683
108560554	family.n.04	0.777
108560666	descent.n.04	0.845
108560971	tribe.n.01	0.823
116950742	race.n.03	0.471
116951251	family.n.04	0.619
108566818	tribe.n.01	0.869
108566946	body.n.02	0.976
108567758	state.n.04	0.875
108568241	family.n.04	0.588
108568294	family.n.04	0.8
108570810	family.n.04	0.663
116961884	family.n.04	0.83
108574649	descent.n.04	0.366
108576347	family.n.04	0.765
108576699	family.n.01	0.344
116965875	family.n.04	0.558
108577426	class.n.03	0.641
108578400	family.n.02	0.421
108580590	ancestry.n.02	0.434
108581276	family.n.02	0.436
100192681	parentage.n.02	0.768
100192721	ancestry.n.02	0.473
108587070	family.n.01	0.454
108587083	family.n.01	0.616
108587220	family.n.04	None
116975986	race.n.03	0.977
108588189	family.n.04	0.377
108588334	family.n.06	0.587
108589793	family.n.01	0.547
108591608	lineage.n.01	0.882
108595165	state.n.04	0.875
108597171	descendant.n.01	None
116985984	descent.n.04	0.76
116986601	kin.n.02	0.85
108600694	lineage.n.01	0.906
108601104	gen.n.01	None
108601924	gen.n.01	None
100214641	race.n.03	0.983
108603908	parentage.n.02	0.713
116993534	birth.n.02	0.842
108606206	affinity.n.04	0.558
108610038	lineage.n.01	0.504
108611060	descent.n.04	0.406
108612046	ancestry.n.02	0.648
100225127	parentage.n.02	0.996
117003046	tribe.n.01	0.979
117004275	tribe.n.01	0.996
108616132	parentage.n.02	0.835
108616320	kin.n.01	0.538
108616507	parentage.n.02	0.941
108618683	family.n.04	0.694
108620027	ancestry.n.02	0.427
108620756	family.n.01	0.554
108620766	family.n.01	0.493
117012424	race.n.03	0.989
100235722	family.n.04	0.754
108625104	birth.n.02	0.524
100237873	family.n.01	0.543
108627130	parentage.n.02	0.975
108627608	race.n.03	0.93
108630187	family.n.04	0.771
100242961	race.n.03	0.827
100243051	race.n.03	0.983
100243105	race.n.03	0.697
108632008	family.n.02	0.406
108632459	birth.n.02	0.799
100244002	component.n.03	0.667
117021862	parentage.n.02	0.595
100245358	offspring.n.01	0.742
100245429	company.n.01	0.377
100247369	race.n.03	0.935
100247378	race.n.03	0.957
117026317	tribe.n.01	0.969
100250922	kind.n.01	None
100251723	race.n.03	0.967
100251820	generation.n.02	0.683
100251866	race.n.02	0.712
100251972	generation.n.02	0.798
100252000	generation.n.02	0.837
100252109	generation.n.02	0.802
100252132	race.n.03	0.987
100252268	generation.n.02	0.863
100252299	race.n.01	0.664
100252337	race.n.03	0.985
108644216	kin.n.02	None
108644295	kind.n.01	0.98
108644917	parentage.n.02	0.684
108645106	race.n.03	0.994
117035374	race.n.03	0.993
117035448	race.n.03	0.997
108647231	descent.n.04	0.373
108649046	state.n.04	0.666
108650320	lineage.n.01	0.696
108653889	parentage.n.02	0.778
108663819	family.n.01	0.696
108664639	family.n.04	0.619
117058590	tribe.n.01	0.969
117058628	tribe.n.01	0.997
117060003	tribe.n.01	0.997
117060129	tribe.n.01	0.996
117062760	country.n.02	0.731
108675839	family.n.04	0.558
117066146	descendant.n.01	None
117074615	lineage.n.01	0.748
117074882	state.n.04	0.556
117075325	race.n.03	0.994
100299257	race.n.03	0.92
117077125	race.n.03	0.961
117078969	family.n.04	0.698
117079013	family.n.04	0.517
117080897	beginning.n.04	0.476
117081017	house.n.06	0.953
100304883	race.n.03	0.924
108695184	lineage.n.01	0.825
117084039	parentage.n.02	0.98
117084277	lineage.n.01	0.859
108696236	family.n.01	0.871
108696265	family.n.04	0.637
100307673	race.n.03	0.969
108696759	parentage.n.02	0.983
100313115	lineage.n.01	0.63
117091117	race.n.03	0.997
117093127	race.n.03	0.991
108704532	kinsman.n.01	None
108705358	beginning.n.04	0.412
108705429	family.n.04	0.745
117094664	nation.n.02	0.698
117096929	family.n.01	0.778
108708465	nature.n.01	0.933
108708883	parentage.n.02	0.974
117098013	race.n.03	0.996
108710410	class.n.03	0.806
108712250	family.n.01	0.613
117102103	race.n.03	0.994
108714606	family.n.01	0.617
108714638	family.n.04	0.785
108715265	generation.n.02	0.574
108716096	descent.n.04	0.534
117107097	house.n.06	0.862
100330107	descendants.n.01	0.679
100330151	race.n.03	0.997
100331005	race.n.03	0.992
117108381	relationship.n.03	0.374
117108552	lineage.n.01	0.798
117108822	race.n.03	0.997
117108935	race.n.03	0.989
117109168	race.n.03	0.996
117110193	race.n.03	0.996
117113463	tribe.n.01	0.996
108725800	lineage.n.01	0.617
117114714	parentage.n.02	0.872
108735201	race.n.03	0.987
100349498	family.n.04	0.43
108738920	race.n.03	0.996
108739033	descent.n.04	0.5
108739072	descent.n.04	0.571
117128738	descent.n.04	0.679
108743056	descendants.n.01	0.705
117132209	parentage.n.02	0.851
108744514	parentage.n.02	0.985
117133137	parentage.n.02	0.99
117133235	birth.n.02	0.736
108744647	people.n.01	0.862
108747342	descent.n.04	0.562
117136899	parentage.n.02	0.985
117140806	tribe.n.01	0.995
108756442	family.n.04	0.929
117146892	race.n.03	0.999
108759665	kind.n.01	None
117151529	race.n.03	0.998
108763505	lineage.n.01	0.797
108765520	family.n.04	0.855
108766770	state.n.04	0.95
108768003	historic_period.n.01	0.916
108768111	historic_period.n.01	0.942
108777619	parentage.n.02	0.523
108777719	family.n.04	0.594
108778799	family.n.01	0.475
108779846	descendants.n.01	0.849
108779875	descendants.n.01	0.759
108780217	family.n.04	0.567
117169247	family.n.01	0.423
108780717	lineage.n.01	0.97
117169332	family.n.01	0.44
108780747	family.n.04	0.594
108781154	family.n.04	0.694
108784832	ancestry.n.02	0.433
108791466	tribe.n.01	0.986
108792241	family.n.04	0.634
117188838	lineage.n.01	0.45
117190658	descent.n.04	0.366
117192211	parentage.n.02	0.556
100417651	lineage.n.01	0.886
117195438	family.n.01	0.451
108815114	lineage.n.01	0.904
117204092	family.n.01	0.467
108819464	parentage.n.02	0.906
117210302	descent.n.04	0.569
117214102	state.n.01	0.999
100443008	race.n.03	0.971
117220419	race.n.03	0.982
108832214	family.n.04	0.513
100443738	nation.n.02	0.693
117223281	family.n.02	0.467
100449725	descent.n.04	0.623
117227586	tribe.n.01	0.996
108842396	race.n.03	0.998
108850391	descendants.n.01	0.771
108851932	family.n.04	0.616
108858221	descent.n.04	0.418
100477681	race.n.03	0.741
100478248	offspring.n.01	0.991
100478347	subspecies.n.01	0.55
100478887	race.n.03	0.964
108867620	ancestry.n.02	0.471
100479504	subspecies.n.01	0.89
100479598	parentage.n.02	0.832
108869853	descent.n.04	0.478
108871143	race.n.03	0.95
108873550	race.n.03	0.985
108875260	country.n.02	0.78
108876105	descent.n.04	0.511
108876979	race.n.03	0.715
108877275	native.n.01	0.58
108878828	tribe.n.01	0.977
100493705	sex.n.02	0.33
100493997	world.n.08	None
100494707	family.n.02	0.478
100494784	race.n.03	0.963
100496012	race.n.03	0.984
100499716	kin.n.02	0.795
100499886	world.n.08	None
100500811	lineage.n.01	0.974
100502077	descent.n.04	0.488
100504015	family.n.01	0.778
100504515	family.n.01	0.664
100504861	race.n.03	0.947
100508160	race.n.03	0.531
108897690	native.n.01	0.593
108900688	parentage.n.02	0.993
100512329	race.n.03	0.976
100516698	race.n.03	0.967
100517782	race.n.03	0.98
100519377	race.n.01	0.59
108911720	family.n.04	0.649
100523349	race.n.03	0.955
108912718	family.n.02	0.561
108914137	descendant.n.01	None
108915073	parentage.n.02	0.676
108917516	lineage.n.01	0.488
100533045	race.n.03	0.927
100535046	race.n.03	0.974
100535176	race.n.03	0.969
108926200	family.n.04	0.48
117317392	family.n.01	0.535
108932360	lineage.n.01	0.806
108932439	family.n.02	0.584
100545748	tribe.n.01	0.969
117324472	lineage.n.01	0.805
117325485	ancestry.n.02	0.461
117328930	family.n.01	0.433
117329810	family.n.01	0.666
100557278	house.n.06	0.73
100558239	race.n.03	0.997
108947798	lineage.n.01	0.814
100565237	lineage.n.01	0.58
117345992	race.n.03	0.998
117346504	lineage.n.01	0.985
100569890	parentage.n.02	0.839
100574546	race.n.03	0.983
117353579	descent.n.04	0.41
117353685	family.n.04	0.685
117358783	kin.n.02	None
100588088	race.n.03	0.991
117366103	family.n.06	0.897
117366889	race.n.03	0.996
108978548	native.n.01	0.654
108979171	family.n.01	0.515
108979511	family.n.04	0.521
117368296	race.n.03	0.994
100592536	race.n.03	0.839
117370525	race.n.03	0.987
108983607	parentage.n.02	0.934
108984343	parentage.n.02	0.989
117376740	world.n.08	None
100600117	race.n.03	0.993
117378632	tribe.n.01	0.924
100603605	race.n.03	0.841
117381518	race.n.03	0.992
108995220	lineage.n.01	0.499
100608240	race.n.03	0.995
100612471	race.n.03	0.997
109004558	race.n.03	0.994
109008133	lineage.n.01	0.926
100619727	race.n.03	0.943
100622009	organism.n.01	0.688
109012896	kind.n.01	None
100624653	tribe.n.01	0.875
109016380	parentage.n.02	0.982
109016976	family.n.01	0.378
109018178	race.n.03	0.969
100631896	race.n.03	0.989
100632464	race.n.03	0.995
100633202	kin.n.01	0.341
100633785	race.n.03	0.982
109022810	descent.n.04	0.584
109029289	birth.n.02	0.559
109030764	parentage.n.02	0.771
100643666	offspring.n.01	0.993
100644275	descent.n.04	0.614
100644360	race.n.03	0.969
109035148	parentage.n.02	0.972
100648905	race.n.03	0.978
100653786	kin.n.02	0.727
109043545	descent.n.04	0.634
109043592	lineage.n.01	0.557
109043616	offspring.n.01	0.982
109043660	family.n.04	0.787
109043959	expressive_style.n.01	0.786
109045363	race.n.03	0.992
100657165	kin.n.01	0.609
109046237	family.n.02	0.6
109050173	kinsman.n.01	None
