100663615	character.n.03	0.849
100663682	character.n.03	0.769
100663817	character.n.03	0.882
100664448	manner.n.01	0.608
100667074	manner.n.01	0.743
109056999	manner.n.01	0.991
100668895	method.n.01	0.996
100668965	nature.n.01	0.933
100669981	mean.n.01	None
109060274	bent.n.01	0.72
117451209	manner.n.02	0.828
100674058	character.n.03	0.887
100674993	character.n.03	0.72
100675214	character.n.03	0.856
100675951	manner.n.02	0.756
100676698	way.n.05	0.74
100677138	manner.n.01	0.665
117454852	manner.n.01	0.77
117456407	manner.n.01	0.889
117457134	manner.n.01	0.983
117458159	kind.n.01	0.376
109070607	manner.n.01	0.917
117461180	expressive_style.n.01	0.636
117461212	manner.n.01	0.78
100685624	manner.n.01	0.919
100686539	manner.n.01	0.912
117463802	manner.n.01	0.898
100686688	manner.n.01	0.898
109075396	plot.n.01	0.967
117467043	manner.n.01	0.443
109078927	manner.n.01	0.976
100690685	manner.n.01	0.962
100690846	manner.n.01	0.862
109079476	manner.n.01	0.992
117468132	manner.n.01	0.883
109080823	manner.n.01	0.974
109082133	kind.n.01	0.962
109084594	manner.n.01	0.971
100696251	manner.n.01	0.766
109086337	manner.n.01	0.594
100698957	mean.n.01	None
100700089	means.n.01	0.594
117478091	manner.n.01	0.842
117478153	manner.n.01	0.882
117478925	manner.n.01	0.908
117481855	manner.n.01	0.862
100706084	manner.n.01	0.969
100707860	switch.n.07	0.517
100708272	behavior.n.01	0.882
100709476	character.n.03	0.763
100711115	manner.n.01	0.99
100711431	character.n.03	0.927
117489016	method.n.01	0.996
117489671	manner.n.02	0.803
100713162	character.n.03	0.57
117491762	manner.n.01	0.693
100714770	character.n.03	0.809
117493236	manner.n.01	0.549
100716034	manner.n.01	0.762
100716552	manner.n.01	0.913
117494464	kind.n.01	0.925
117494631	manner.n.01	0.82
117495996	behavior.n.01	0.796
100720917	price.n.03	0.976
117498916	manner.n.01	0.826
117500361	behavior.n.01	0.799
100723294	manner.n.01	0.835
109111910	behavior.n.01	0.873
100723530	way.n.05	0.821
100724280	manner.n.01	0.679
109113102	manner.n.01	0.464
109118034	detail.n.01	0.722
100730143	mean.n.01	None
109119632	habit.n.02	0.722
100731998	manner.n.01	0.779
117509430	kind.n.01	None
100732473	character.n.03	0.426
100733607	means.n.01	0.831
109122337	manner.n.01	0.809
109122761	character.n.03	0.723
100734293	quality.n.03	0.588
100734321	manner.n.01	0.87
109123346	manner.n.01	0.887
109124916	manner.n.02	0.687
100736463	character.n.03	0.921
117514752	behavior.n.01	0.854
109126571	way.n.05	0.613
100738019	manner.n.01	0.971
100738400	character.n.03	0.742
100738898	branch.n.01	0.805
109127767	method.n.01	0.994
100739578	manner.n.01	0.848
109128252	manner.n.01	0.764
109128842	method.n.01	0.993
100740296	principle.n.02	0.472
100741415	character.n.03	0.784
100744355	mean.n.01	None
100745231	way.n.05	0.829
100745458	manner.n.01	0.635
100745516	manner.n.01	0.697
109134936	kind.n.01	0.906
109135738	behavior.n.01	0.941
100747263	manner.n.01	0.804
100747595	manner.n.01	0.975
109137959	means.n.01	0.948
100751240	mean.n.01	None
100753309	manner.n.01	0.704
109142068	character.n.03	0.897
117531198	style.n.03	0.435
100754342	character.n.03	0.787
100754745	quality.n.03	0.779
100756012	way.n.04	0.672
100760922	manner.n.01	0.64
100761143	expressive_style.n.01	0.629
100761642	manner.n.01	0.913
100763417	manner.n.01	0.654
100765293	manner.n.01	0.928
100765804	manner.n.01	0.751
100766626	character.n.03	0.827
100766783	manner.n.01	0.779
100768237	light.n.03	0.973
100768441	manner.n.01	0.733
117548420	wise.n.01	0.998
100771633	quality.n.03	0.517
117549125	method.n.01	0.999
100774387	way.n.05	0.643
117552820	modality.n.01	0.91
117552843	modality.n.01	0.742
100775686	manner.n.01	0.957
100776101	mean.n.01	None
100777010	manner.n.01	0.956
117554347	manner.n.01	0.867
117555757	method.n.01	0.995
117556117	trope.n.01	None
100779276	manner.n.01	0.669
117557171	manner.n.01	0.924
100779983	way.n.05	0.84
100780900	manner.n.01	0.929
117559086	phase.n.01	0.966
100784688	manner.n.01	0.877
100785570	way.n.05	0.777
100786994	manner.n.01	0.653
100787203	manner.n.01	0.802
100788158	manner.n.01	0.517
117565651	manner.n.01	0.926
100789116	means.n.01	0.563
100791178	manner.n.01	0.977
117569317	kind.n.01	0.469
117574170	manner.n.02	0.873
100797177	manner.n.01	0.974
117577458	manner.n.01	0.829
117577706	kind.n.01	0.947
117578807	manner.n.01	0.62
117584327	manner.n.01	0.928
100808618	manner.n.01	0.953
109199145	way.n.05	0.67
117587799	manner.n.01	0.837
117588692	manner.n.01	0.784
100817124	way.n.05	0.485
100818503	temper.n.02	0.811
100819176	manner.n.01	0.633
117598517	kind.n.01	0.673
109210062	way.n.05	0.85
117599129	manner.n.01	0.737
117600441	digit.n.01	0.396
117600471	trope.n.01	0.929
109214990	manner.n.01	0.975
117604117	manner.n.01	0.661
117606446	manner.n.01	0.788
117606497	manner.n.01	0.92
117606615	manner.n.01	0.875
117607100	manner.n.01	0.892
117608782	manner.n.01	0.815
117611702	manner.n.01	0.662
117611717	manner.n.01	0.662
100834516	manner.n.01	0.985
100837136	behavior.n.01	0.876
117615190	manner.n.01	0.78
117617026	character.n.03	0.89
109230025	wise.n.01	0.996
117618686	temper.n.02	0.801
117619770	manner.n.01	0.737
117619830	character.n.03	0.774
117620491	manner.n.01	0.815
109231970	way.n.04	0.54
117621032	manner.n.01	0.641
117623252	manner.n.01	0.769
109238147	manner.n.01	0.964
117627715	manner.n.01	0.871
117628456	manner.n.01	0.433
109240148	manner.n.01	0.706
109242147	manner.n.01	0.912
109242805	kind.n.01	0.91
100854744	manner.n.01	0.967
109244253	keeping.n.01	0.89
117635653	method.n.01	0.992
117640717	manner.n.01	0.867
109263767	fashion.n.03	0.567
109272520	manner.n.01	0.915
109276929	character.n.03	0.918
100889085	manner.n.01	0.994
117669523	manner.n.01	0.943
117671865	manner.n.01	0.866
117672952	digit.n.01	0.485
100895847	behavior.n.01	0.773
100896019	way.n.04	0.506
117673556	manner.n.01	0.684
117673658	manner.n.01	0.823
109285103	quality.n.03	0.507
100897252	temper.n.03	0.649
109286538	keeping.n.01	0.859
100900523	means.n.01	0.83
100902904	dialect.n.01	None
100905569	manner.n.01	0.995
100906887	way.n.05	0.713
117684515	mean.n.01	None
100907806	manner.n.01	0.93
100909576	direction.n.01	0.858
100910731	means.n.01	0.85
100910763	manner.n.01	0.934
109299773	proclivity.n.01	0.411
100911399	direction.n.01	0.872
109302961	manner.n.01	0.66
100914934	direction.n.02	0.555
109304702	manner.n.02	0.941
109305553	manner.n.01	0.866
100917953	manner.n.01	0.995
100919838	manner.n.01	0.965
109308531	manner.n.01	0.794
100920232	manner.n.01	0.913
109309204	manner.n.01	0.854
109309789	way.n.05	0.74
109309848	manner.n.01	0.815
117700015	method.n.01	0.995
117701088	manner.n.01	0.869
109317877	manner.n.01	0.938
117707259	mean.n.01	None
100931897	means.n.01	0.869
100933008	form.n.03	0.345
117713413	mean.n.01	None
109329244	behavior.n.01	0.772
109330795	inclination.n.01	0.5
109332159	method.n.01	0.994
109332843	manner.n.01	0.924
109335137	disposition.n.01	0.603
100947560	temper.n.02	0.692
117726830	manner.n.01	0.654
117727903	manner.n.01	0.882
100952361	manner.n.01	0.986
109344835	manner.n.01	0.703
100956869	manner.n.01	0.888
100957113	manner.n.01	0.641
100957617	manner.n.01	0.939
100958496	manner.n.01	0.964
100959855	means.n.01	0.801
109349788	manner.n.01	0.992
109350868	manner.n.01	0.934
117740379	manner.n.01	0.559
100966226	manner.n.01	0.938
117744829	manner.n.01	0.958
100968521	manner.n.01	0.875
100969221	kind.n.01	0.99
117747465	manner.n.01	0.681
109359997	character.n.03	0.598
100973967	manner.n.01	0.957
100974186	manner.n.01	0.977
100979461	mean.n.01	None
100980211	means.n.01	0.858
109370676	moral.n.01	None
117764425	way.n.05	0.424
100987397	manner.n.01	0.621
109380022	character.n.03	0.265
109380930	mean.n.01	None
100997002	manner.n.01	0.982
117775443	manner.n.01	0.688
109386962	manner.n.01	0.906
109389356	kind.n.01	0.956
109389595	kind.n.01	0.72
101001939	manner.n.01	0.991
117779213	mean.n.01	None
117779455	manner.n.01	0.681
101002265	manner.n.01	0.992
109391055	manner.n.01	0.986
109392181	kind.n.01	0.693
101003800	manner.n.01	0.739
117781326	mean.n.01	None
117781388	manner.n.01	0.984
117781668	manner.n.01	0.993
117786909	manner.n.01	0.992
109398742	manner.n.01	0.981
101011249	manner.n.01	0.966
109400199	manner.n.01	0.961
109400535	manner.n.01	0.945
101012078	manner.n.01	0.913
117790296	manner.n.01	0.978
101021310	manner.n.01	0.988
117798946	manner.n.01	0.649
101022076	manner.n.01	0.769
117800289	manner.n.01	0.996
101023686	manner.n.01	0.555
117800946	manner.n.01	0.949
101025093	manner.n.02	0.674
117807260	manner.n.01	0.97
101034685	manner.n.01	0.962
101034960	manner.n.01	0.91
101036885	manner.n.01	0.681
101038443	custom.n.01	0.498
101045441	mean.n.01	None
101046900	manner.n.01	0.991
101055233	way.n.05	0.425
101055642	manner.n.01	0.94
101056640	mean.n.01	None
101061166	manner.n.01	0.885
101061415	manner.n.01	0.709
101064591	character.n.03	0.777
101072278	manner.n.01	0.813
101077015	manner.n.01	0.558
101085534	manner.n.01	0.982
101087600	manner.n.01	0.994
101088876	manner.n.01	0.992
101090146	manner.n.01	0.982
101090155	mean.n.01	None
101093861	mean.n.01	None
101094110	manner.n.01	0.996
101097547	condition.n.07	0.925
101101498	principle.n.01	0.316
101104029	footing.n.02	0.857
101105170	behavior.n.01	0.841
101109150	manner.n.01	0.983
101112120	method.n.01	0.999
101113087	manner.n.01	0.992
101117174	method.n.01	0.977
101118083	manner.n.01	0.821
109506789	manner.n.01	0.709
109507939	mode.n.05	0.717
101121249	mean.n.01	None
109510284	kind.n.01	None
101122067	manner.n.01	0.949
101123534	manner.n.01	0.962
109530146	disposition.n.01	0.623
109534428	manner.n.01	0.97
109536581	manner.n.01	0.991
101149075	habit.n.02	0.579
101149686	manner.n.01	0.804
101151390	manner.n.01	0.84
101152230	turning.n.04	0.426
101152269	manner.n.01	0.563
101153710	manner.n.01	0.885
101153943	manner.n.01	0.521
117943332	mean.n.01	None
101168158	character.n.03	0.877
101168935	character.n.03	0.58
117947161	manner.n.01	0.918
117952245	method.n.01	0.91
117953332	metaphor.n.01	None
101186014	means.n.01	0.715
109591355	manner.n.01	0.876
117981495	means.n.01	0.484
117982429	behavior.n.01	0.784
101205563	habit.n.02	0.787
117984253	manner.n.01	0.96
117988358	manner.n.01	0.871
117989148	manner.n.01	0.967
117990901	manner.n.01	0.969
117991440	manner.n.01	0.962
117991599	kind.n.01	None
117993779	means.n.01	0.957
101217784	manner.n.01	0.952
117995127	manner.n.01	0.941
101218661	way.n.05	0.892
101223965	way.n.05	0.814
101226597	means.n.01	0.63
118004577	manner.n.01	0.956
118010192	manner.n.01	0.982
118010966	manner.n.01	0.955
101234267	fashion.n.02	0.663
101243608	mean.n.01	None
101249368	kind.n.01	0.649
101256810	manner.n.01	0.779
101259044	circumstance.n.01	0.722
101260167	character.n.06	0.534
101262168	way.n.05	0.558
101271913	way.n.04	0.716
101282357	manner.n.01	0.814
101291677	manner.n.01	0.968
109686055	manner.n.02	0.858
109686615	expressive_style.n.01	0.792
109686756	manner.n.01	0.65
109690615	means.n.01	0.705
101315550	manner.n.01	0.892
109705193	disposition.n.01	0.585
101319182	manner.n.01	0.825
101331708	direction.n.01	0.449
118111386	manner.n.01	0.984
101334330	manner.n.01	0.741
101336712	manner.n.02	0.554
109729634	manner.n.01	0.894
109738288	guise.n.01	None
109743802	manner.n.01	0.984
109745195	manner.n.01	0.976
109753058	fashion.n.02	0.576
109754596	character.n.03	0.438
101370494	manner.n.01	0.908
101371405	way.n.05	0.417
109760618	inclination.n.01	0.532
109762591	manner.n.01	0.983
109766067	manner.n.01	0.571
109772219	beam.n.02	0.974
109778673	manner.n.01	0.985
109779087	manner.n.01	0.988
101391479	manner.n.01	0.876
101393878	heart.n.03	0.9
109783283	kind.n.01	0.989
109785273	disposition.n.01	0.526
109785571	manner.n.02	0.88
101399465	mean.n.01	None
101399638	method.n.01	0.996
118178883	manner.n.01	0.609
109794794	manner.n.01	0.934
109796255	manner.n.01	0.988
109797044	manner.n.01	0.983
109802656	manner.n.01	0.919
109803973	manner.n.01	0.913
101416666	manner.n.01	0.929
109806248	manner.n.01	0.819
109806605	manner.n.01	0.982
109807811	habit.n.04	0.94
109807986	manner.n.01	0.972
109811761	manner.n.02	0.726
109817018	manner.n.01	0.946
101432709	way.n.05	0.762
109821486	manner.n.01	0.96
101435117	mean.n.01	None
101437346	manner.n.01	0.992
101438241	way.n.05	0.661
101446296	preference.n.01	0.796
101449508	manner.n.01	0.838
109839798	manner.n.01	0.988
101453082	means.n.01	0.444
101454246	disposition.n.01	0.495
101457181	manner.n.01	0.535
109848533	manner.n.01	0.971
101460616	means.n.01	0.579
101461293	manner.n.01	0.922
101464824	manner.n.01	0.959
109856859	manner.n.01	0.628
109859274	manner.n.01	0.76
109859279	manner.n.01	0.76
109861463	manner.n.01	0.951
109864429	manner.n.02	0.842
101482031	manner.n.01	0.892
109872306	manner.n.02	0.9
101486702	manner.n.01	0.956
109876835	expressive_style.n.01	0.71
101489157	mean.n.01	None
109879228	manner.n.01	0.99
109880611	manner.n.01	0.931
109880885	manner.n.01	0.987
109881411	manner.n.01	0.992
101495318	turning.n.04	0.571
109883955	disposition.n.01	0.451
101495748	custom.n.01	0.717
109884995	fashion.n.02	0.72
109885072	manner.n.01	0.835
109885079	manner.n.01	0.858
109897669	manner.n.01	0.885
109900186	manner.n.01	0.92
109900210	manner.n.01	0.876
109900713	manner.n.01	0.732
118291650	manner.n.01	0.931
109903103	manner.n.01	0.976
118291997	manner.n.01	0.904
118292035	manner.n.01	0.941
118292045	manner.n.01	0.921
118292131	manner.n.01	0.954
101516392	manner.n.01	0.947
109905485	disposition.n.01	0.615
118294355	manner.n.01	0.877
101517338	manner.n.01	0.709
101518746	manner.n.01	0.798
118296169	manner.n.01	0.91
118296215	manner.n.01	0.959
118296263	manner.n.01	0.903
118296631	manner.n.01	0.946
118296878	manner.n.01	0.599
101520004	character.n.03	0.785
101520904	fashion.n.02	0.398
118298827	manner.n.01	0.833
118299279	manner.n.01	0.924
118299298	manner.n.01	0.955
109911085	manner.n.01	0.951
118299712	manner.n.01	0.928
118299785	manner.n.01	0.942
118300088	manner.n.01	0.688
118300182	version.n.02	0.45
118300287	change.n.01	0.492
118300881	manner.n.01	0.556
118301034	manner.n.01	0.949
118301139	manner.n.01	0.917
109912883	manner.n.01	0.772
118301579	manner.n.01	0.872
118301773	variation.n.02	0.463
118302672	manner.n.01	0.774
118303008	kind.n.01	0.583
109914489	habit.n.02	0.592
118303279	form.n.01	0.324
101526206	manner.n.01	0.831
118306155	manner.n.01	0.899
109917667	manner.n.01	0.922
118306984	manner.n.01	0.913
118306992	manner.n.01	0.628
118307151	manner.n.01	0.737
118307273	manner.n.01	0.58
118307674	manner.n.01	0.64
118307828	manner.n.01	0.865
118308257	object.n.01	0.962
118308537	object.n.01	0.991
118311408	character.n.03	0.722
118311586	temper.n.02	0.369
118313412	way.n.05	0.732
118313798	way.n.05	0.744
101537039	way.n.05	0.647
118318140	character.n.03	0.894
109929811	manner.n.02	0.908
118319019	character.n.03	0.613
118319176	character.n.03	0.819
109930711	habit.n.01	0.447
109931254	character.n.03	0.744
109931635	manner.n.02	0.904
118321647	manner.n.01	0.864
109934219	manner.n.01	0.82
109934830	way.n.05	0.817
118325024	manner.n.01	0.593
109937149	manner.n.01	0.986
118325905	manner.n.01	0.863
101548966	character.n.03	0.659
109937631	character.n.06	0.776
109941630	manner.n.01	0.996
101554757	way.n.05	0.79
118332922	manner.n.01	0.901
118333429	character.n.03	0.539
118333957	character.n.03	0.898
109945810	manner.n.01	0.854
109950372	manner.n.01	0.988
101562108	style.n.03	0.496
109953163	manner.n.02	0.838
109957496	kind.n.01	None
118347646	character.n.03	0.826
109961993	manner.n.01	0.887
109962100	manner.n.01	0.753
101573909	method.n.01	0.999
118351370	manner.n.01	0.683
109962916	expressive_style.n.01	0.396
118352848	plot.n.01	0.94
101576156	manner.n.01	0.759
101576172	method.n.01	0.99
118356232	kind.n.01	0.979
101579094	method.n.01	0.998
101579126	means.n.01	0.945
101580393	manner.n.01	0.882
101580818	manner.n.01	0.686
109971298	manner.n.01	0.855
101583740	manner.n.02	0.921
109975224	manner.n.01	0.944
109976750	manner.n.01	0.92
101589831	manner.n.01	0.803
101589878	plan.n.01	0.773
118368014	manner.n.01	0.915
118368687	manner.n.01	0.938
118370704	mean.n.01	None
118371778	mean.n.01	None
118372063	manner.n.01	0.503
118372111	mean.n.01	None
118373486	manner.n.01	0.736
118376588	manner.n.01	0.659
118376803	respect.n.01	0.983
109988541	fashion.n.03	0.536
101600941	act.n.02	0.998
109990247	quality.n.03	0.963
118379995	character.n.03	0.763
109992454	manner.n.01	0.853
109994760	manner.n.02	0.905
101608342	character.n.03	0.908
118385832	method.n.01	0.99
101608661	manner.n.02	0.868
118386120	method.n.01	1.0
118386134	manner.n.01	0.894
118386175	method.n.01	0.948
118386411	method.n.01	0.999
109997885	manner.n.01	0.989
118386948	sense.n.02	0.827
118387231	manner.n.01	0.674
118388063	manner.n.01	0.986
118388764	mean.n.01	None
118389454	manner.n.01	0.525
118389694	character.n.03	0.867
118390710	character.n.03	0.891
118391016	norm.n.01	0.936
118391136	manner.n.01	0.865
118391344	manner.n.01	0.921
118391362	manner.n.01	0.94
118394015	manner.n.01	0.781
118395368	sense.n.02	0.961
101619675	manner.n.01	0.528
118398369	mean.n.01	None
101621186	manner.n.01	0.914
118398991	manner.n.01	0.87
110011025	character.n.03	0.849
118399951	character.n.03	0.924
101628679	manner.n.01	0.623
101628955	manner.n.01	0.932
118406608	character.n.03	0.819
110018551	form.n.03	0.298
110019431	manner.n.01	0.673
118409216	sense.n.02	0.879
118410859	manner.n.01	0.93
118411082	manner.n.01	0.915
118411300	manner.n.01	0.942
118411861	sense.n.02	0.952
118412415	sense.n.02	0.987
118412448	sense.n.02	0.995
118412723	manner.n.01	0.83
118412777	manner.n.01	0.894
118413471	mean.n.01	None
110026804	manner.n.02	0.903
110026942	nature.n.04	0.834
118415638	manner.n.01	0.944
110027168	behavior.n.01	0.976
101639519	manner.n.01	0.936
118416993	sense.n.02	0.94
118417221	means.n.01	0.678
118418219	manner.n.01	0.385
101641515	manner.n.01	0.96
118419273	manner.n.01	0.875
110030995	manner.n.01	0.79
118422995	manner.n.01	0.735
118423461	manner.n.01	0.886
118423693	manner.n.01	0.567
101649002	manner.n.01	0.953
101651713	manner.n.01	0.859
118429320	type.n.01	0.997
118430939	behavior.n.01	0.878
118436173	manner.n.01	0.489
118437552	expressive_style.n.01	0.458
118438688	character.n.03	0.774
118439127	manner.n.01	0.701
118441509	measure.n.02	0.592
101666078	means.n.01	0.85
118443706	mean.n.01	None
118447217	manner.n.01	0.891
118448289	character.n.03	0.662
101671248	manner.n.01	0.992
118451903	reason.n.01	0.368
118452489	manner.n.01	0.989
101678518	mean.n.01	None
101679008	manner.n.01	0.833
101679030	manner.n.01	0.812
101682891	manner.n.01	0.812
101685581	manner.n.01	0.786
101686820	method.n.01	0.995
118464184	manner.n.01	0.966
118464215	mean.n.01	None
118464399	manner.n.01	0.523
118465882	manner.n.01	0.597
101689141	disposition.n.01	0.661
118467152	manner.n.01	0.579
101691462	way.n.05	0.336
101691472	manner.n.01	0.883
101694601	character.n.03	0.64
118473352	manner.n.01	0.575
118474137	manner.n.01	0.788
118474618	manner.n.01	0.597
118475950	manner.n.01	0.491
101699147	manner.n.01	0.501
118477060	way.n.04	0.54
101700900	manner.n.01	0.942
118478968	manner.n.01	0.81
118481412	way.n.04	0.654
118482010	means.n.01	0.918
118483114	behavior.n.01	0.863
118483378	nature.n.01	0.707
101710095	manner.n.01	0.828
101711307	method.n.01	0.996
101711314	means.n.01	0.432
118490218	manner.n.01	0.697
118490335	character.n.03	0.811
118490467	character.n.06	0.482
118491469	character.n.03	0.85
101718428	condition.n.01	0.924
118496063	character.n.03	0.787
118496107	manner.n.01	0.752
118496317	manner.n.02	0.875
118496649	manner.n.01	0.628
101724766	mean.n.01	None
101726699	manner.n.01	0.895
118505037	way.n.04	0.777
118505252	manner.n.01	0.881
101728299	manner.n.01	0.985
118506324	manner.n.01	0.616
118507488	manner.n.01	0.898
118507668	manner.n.01	0.792
118509443	behavior.n.01	0.773
101733001	manner.n.01	0.894
101735123	method.n.01	0.998
101735892	method.n.01	0.995
118513440	manner.n.01	0.773
118513494	manner.n.01	0.597
118513969	character.n.03	0.938
101738264	manner.n.01	0.855
101739756	means.n.01	0.641
101739781	hypothesis.n.02	0.49
101740635	manner.n.01	0.94
101740714	method.n.01	0.998
101740728	method.n.01	0.997
101743736	way.n.05	0.599
101744889	means.n.01	0.47
101745549	manner.n.01	0.725
101746112	manner.n.01	0.504
101748224	way.n.04	0.599
101753026	mean.n.01	None
101755589	manner.n.01	0.701
101755670	character.n.03	0.629
101760353	method.n.01	0.996
101762016	manner.n.01	0.991
101764273	manner.n.01	0.619
101769461	character.n.03	0.789
101774112	manner.n.01	0.755
101774183	means.n.01	0.761
101775121	manner.n.01	0.897
101775960	method.n.01	0.999
110164586	manner.n.01	0.977
101783005	method.n.01	0.998
110175196	manner.n.01	0.911
101794805	manner.n.01	0.92
101795441	manner.n.01	0.808
101797325	manner.n.01	0.897
110186175	manner.n.01	0.389
101798016	manner.n.01	0.728
101798372	manner.n.01	0.54
101800705	manner.n.01	0.866
101800941	manner.n.01	0.988
101802640	manner.n.01	0.904
101805195	manner.n.01	0.78
101805904	manner.n.01	0.972
101805938	way.n.04	0.622
101806009	way.n.04	0.601
101806162	manner.n.01	0.949
101806609	manner.n.01	0.743
101807124	manner.n.01	0.986
101811806	method.n.01	0.993
101813193	possibility.n.02	0.695
101823127	manner.n.01	0.906
110212087	manner.n.01	0.767
101826616	mean.n.01	None
101826952	way.n.04	0.607
101828297	means.n.01	0.884
110217457	wise.n.01	0.922
101829225	manner.n.01	0.893
110218029	manner.n.01	0.829
101829752	manner.n.01	0.572
101829828	manner.n.01	0.884
101834763	manner.n.01	0.923
101846184	manner.n.01	0.621
110236619	manner.n.01	0.943
101848890	manner.n.01	0.82
101856025	method.n.01	0.993
118633451	means.n.01	0.81
101857635	method.n.01	0.989
101860825	method.n.01	0.976
118638127	contrivance.n.03	0.732
101861509	manner.n.02	0.852
101861621	manner.n.01	0.862
110252591	expressive_style.n.01	0.718
118641368	manner.n.01	0.928
101867997	manner.n.01	0.678
101869679	circumstance.n.01	0.777
101869855	character.n.03	0.649
101877275	manner.n.01	0.761
101877295	character.n.03	0.852
101877588	manner.n.01	0.995
101879512	method.n.01	0.995
101882153	manner.n.01	0.94
101883631	method.n.01	0.988
101884110	method.n.01	0.981
101888793	manner.n.01	0.974
101888833	manner.n.01	0.967
101892528	manner.n.01	0.634
101895184	means.n.01	0.751
101896616	manner.n.01	0.692
101897004	manner.n.01	0.688
101898119	manner.n.01	0.712
118676867	means.n.01	0.947
101909229	manner.n.01	0.934
101910174	course.n.04	0.519
118688277	manner.n.01	0.959
101913993	manner.n.01	0.82
101915490	means.n.01	0.836
101928007	manner.n.01	0.845
101928862	means.n.01	0.927
101928892	manner.n.01	0.452
101929104	means.n.01	0.499
101934061	manner.n.01	0.695
101937088	manner.n.01	0.811
101941673	demeanor.n.01	None
118722651	manner.n.02	0.923
118723246	manner.n.01	0.747
101946802	mean.n.01	None
101947182	manner.n.01	0.85
118725695	manner.n.02	0.873
101950555	manner.n.01	0.911
101955308	manner.n.01	0.664
101963235	manner.n.01	0.86
101966829	manner.n.01	0.873
101968247	method.n.01	0.995
101968695	manner.n.01	0.726
118746551	rule.n.03	0.392
118746844	temper.n.02	0.897
118747297	manner.n.01	0.935
101971480	expressive_style.n.01	0.701
118749495	way.n.05	0.927
118751434	view.n.02	0.55
101974387	manner.n.01	0.965
118753779	manner.n.01	0.942
118754115	manner.n.01	0.986
118755315	mode.n.05	0.59
118755573	manner.n.01	0.741
118756213	character.n.03	0.95
101979023	means.n.01	0.908
118757411	manner.n.01	0.972
118763328	manner.n.01	0.899
101986214	manner.n.01	0.985
118763707	habit.n.01	0.744
118763890	manner.n.01	0.966
101988049	method.n.01	0.993
118765831	manner.n.01	0.963
101989084	manner.n.01	0.755
118766521	manner.n.01	0.909
118769522	regimen.n.01	None
101995073	mean.n.01	None
101996297	manner.n.01	0.493
101996872	score.n.05	0.622
118776580	fashion.n.03	0.624
101999952	fashion.n.02	0.554
110390508	manner.n.01	0.63
102004025	manner.n.01	0.659
118781456	manner.n.01	0.964
102004906	manner.n.01	0.775
110393896	method.n.01	0.996
102005831	manner.n.01	0.807
102007832	means.n.01	0.559
110396476	manner.n.01	0.925
110397466	quality.n.03	0.901
110399087	manner.n.01	0.955
102010573	way.n.05	0.544
102010650	manner.n.01	0.806
102010837	manner.n.01	0.834
110399619	mean.n.01	None
102011796	manner.n.01	0.578
110400422	principle.n.04	0.619
102011825	manner.n.01	0.79
110400681	point.n.03	0.482
102012091	manner.n.01	0.911
110400933	mean.n.01	None
102014366	argumentation.n.02	0.94
102014732	argumentation.n.02	0.439
118792215	fashion.n.02	0.547
110405243	manner.n.01	0.912
102017064	manner.n.01	0.559
118794882	manner.n.01	0.568
110406364	manner.n.01	0.913
102020837	procedure.n.01	0.91
102020885	mean.n.01	None
102020926	mean.n.01	None
118798972	mode.n.05	0.886
118799135	mode.n.05	0.94
118799137	mode.n.05	0.908
102022276	manner.n.01	0.756
118801836	manner.n.01	0.465
102025226	character.n.03	0.579
102026927	manner.n.01	0.9
102028490	manner.n.01	0.57
118806971	way.n.07	0.528
110421608	manner.n.01	0.979
110421908	manner.n.01	0.933
118810902	fashion.n.02	0.497
110422931	manner.n.01	0.978
110424308	manner.n.01	0.703
110424647	manner.n.01	0.817
118813783	argumentation.n.02	0.928
102038731	principle.n.01	0.456
118817865	manner.n.01	0.86
118818647	character.n.03	0.921
102042518	manner.n.01	0.91
102043099	mean.n.01	None
102044464	method.n.01	0.994
102048196	manner.n.01	0.632
102048579	fashion.n.02	0.56
102050557	character.n.03	0.856
102050632	character.n.03	0.661
118830082	manner.n.01	0.698
118830878	expressive_style.n.01	0.749
118834913	means.n.01	0.762
102061685	manner.n.01	0.927
102065170	character.n.03	0.669
102065271	mean.n.01	None
102066761	manner.n.01	0.741
118844823	demeanor.n.01	0.551
118846377	manner.n.01	0.98
102070171	manner.n.01	0.757
118847866	manner.n.01	0.905
102076205	manner.n.01	0.849
102077190	manner.n.01	0.866
102082714	mean.n.01	None
102083028	mean.n.01	None
102083192	manner.n.01	0.511
102083941	manner.n.01	0.893
118862119	inclination.n.01	0.593
102084962	manner.n.01	0.735
102085338	manner.n.01	0.632
102085372	mode.n.05	0.524
102086651	mean.n.01	None
102088831	sense.n.02	0.971
102091135	manner.n.01	0.486
118868909	fashion.n.02	0.604
102092493	way.n.04	0.664
102094043	kind.n.01	0.476
102094052	character.n.03	0.633
102094091	manner.n.01	0.519
102094201	character.n.03	0.894
102094388	manner.n.01	0.45
102094679	manner.n.01	0.947
102101063	manner.n.01	0.916
102102902	manner.n.01	0.621
118880389	manner.n.01	0.982
102103597	manner.n.01	0.861
118884374	manner.n.01	0.551
118886403	manner.n.01	0.786
102110519	kind.n.01	0.645
102111530	manner.n.01	0.969
102112008	price.n.03	0.793
102112681	manner.n.01	0.947
102113303	manner.n.01	0.807
118894249	manner.n.01	0.94
102117603	kind.n.01	0.819
118895947	manner.n.01	0.977
118898023	manner.n.01	0.883
102123031	kind.n.01	None
102123911	nature.n.01	0.952
118901232	manner.n.01	0.963
118901474	manner.n.01	0.964
102124738	manner.n.01	0.875
102127002	custom.n.01	0.554
102127637	character.n.03	0.554
102127927	manner.n.01	0.82
102129994	quality.n.03	0.65
102131451	character.n.03	0.837
102131476	manner.n.01	0.887
102132145	manner.n.01	0.688
102132353	exemplar.n.01	0.3
102133909	quality.n.01	0.731
102133999	manner.n.01	0.708
102137552	inclination.n.01	0.85
102138513	habit.n.02	0.588
102145728	sense.n.02	0.977
102145753	manner.n.01	0.889
102145877	manner.n.01	0.709
102147211	way.n.05	0.555
102150924	manner.n.01	0.611
118928878	moral.n.01	None
118932420	manner.n.02	0.901
102157205	measure.n.02	0.727
102161159	manner.n.01	0.933
102163543	manner.n.01	0.991
102163766	nature.n.01	0.938
102165958	method.n.01	0.997
102166687	manner.n.01	0.921
118944822	manner.n.02	0.829
118945795	manner.n.01	0.705
118945848	way.n.04	0.481
102170376	manner.n.01	0.935
102176893	plan.n.01	0.548
102177066	manner.n.01	0.991
102178568	manner.n.01	0.91
102181077	kind.n.01	0.833
102181740	manner.n.01	0.945
102184508	manner.n.01	0.869
102194045	method.n.01	0.992
102194114	manner.n.01	0.927
102195273	manner.n.01	0.818
102196336	manner.n.01	0.513
102196370	form.n.03	0.33
102196477	manner.n.01	0.914
102196996	attempt.n.01	0.952
102197223	manner.n.01	0.859
102198824	manner.n.01	0.822
102201800	character.n.03	0.874
102201866	disposition.n.01	0.43
102202469	term.n.01	0.902
102202676	manner.n.01	0.93
118979945	mean.n.01	None
102202733	method.n.01	0.978
118981494	manner.n.01	0.971
118981757	mean.n.01	None
102205966	plan.n.01	0.878
118984055	manner.n.01	0.682
118985008	manner.n.01	0.984
102208699	manner.n.01	0.987
102210146	manner.n.01	0.543
102212562	manner.n.01	0.435
118994181	manner.n.01	0.959
118994255	manner.n.01	0.99
118995797	manner.n.01	0.953
118996968	manner.n.01	0.899
102223671	manner.n.01	0.931
102224271	method.n.01	0.986
102224288	method.n.01	0.992
102224808	mean.n.01	None
102224954	way.n.05	0.74
119003702	manner.n.01	0.622
119004394	manner.n.01	0.716
102228979	spin.n.02	0.985
102229003	manner.n.01	0.939
102229559	means.n.01	0.83
102229835	design.n.02	0.59
102230359	way.n.05	0.806
102230546	inclination.n.01	0.681
102232422	manner.n.01	0.817
102233071	manner.n.01	0.964
102233112	mean.n.01	None
102233397	manner.n.01	0.755
102234379	mean.n.01	None
119014604	manner.n.01	0.837
102238959	manner.n.01	0.86
102239459	manner.n.01	0.995
119017863	manner.n.01	0.96
102240692	means.n.01	0.689
102244501	manner.n.01	0.928
102245655	manner.n.01	0.943
102247080	manner.n.01	0.982
102247516	means.n.01	0.872
119024928	manner.n.01	0.934
119026687	manner.n.01	0.981
102249886	inclination.n.01	0.518
102250240	manner.n.02	0.903
102250813	manner.n.01	0.953
102251959	manner.n.01	0.499
102251975	manner.n.01	0.708
102252104	character.n.03	0.833
102252342	form.n.03	0.433
102253128	manner.n.01	0.918
102253248	manner.n.01	0.871
119030521	mean.n.01	None
119037148	manner.n.01	0.895
119040118	manner.n.01	0.988
102263778	manner.n.01	0.463
102264019	method.n.01	0.993
119042343	manner.n.01	0.962
119043603	manner.n.01	0.848
102268540	sense.n.02	0.955
102268616	sense.n.02	0.97
102269856	manner.n.01	0.983
102271912	inclination.n.01	0.783
102272108	mean.n.01	None
119051321	manner.n.01	0.983
102274186	manner.n.01	0.99
102274213	kind.n.01	None
102274613	manner.n.01	0.944
102275041	mean.n.01	None
119052289	mean.n.01	None
102275340	method.n.01	0.995
119055545	manner.n.01	0.888
102278966	manner.n.01	0.789
119056796	manner.n.01	0.906
102284120	temper.n.02	0.793
119063421	character.n.03	0.575
119063975	character.n.03	0.575
119064264	manner.n.01	0.956
102287496	mean.n.01	None
102287514	manner.n.01	0.803
102288226	way.n.05	0.826
119065762	manner.n.01	0.99
102290287	manner.n.01	0.902
102291613	manner.n.01	0.781
119070901	manner.n.01	0.965
102293771	behavior.n.01	0.751
119071614	manner.n.01	0.643
102295659	crabbiness.n.01	None
102295773	disposition.n.01	0.493
102295839	inclination.n.01	0.608
102297489	mean.n.01	None
119075134	purpose.n.01	0.612
102300667	manner.n.01	0.951
102301435	manner.n.01	0.989
102306107	means.n.01	0.879
102306704	manner.n.01	0.967
119086021	manner.n.01	0.881
102309021	method.n.01	0.981
102309617	sense.n.02	0.975
102309845	manner.n.01	0.805
119090525	approach.n.01	0.834
102314602	custom.n.02	0.577
119092149	manner.n.01	0.784
119092836	manner.n.01	0.915
102315647	manner.n.01	0.758
102315708	manner.n.01	0.932
102316348	manner.n.01	0.878
102316361	means.n.01	0.379
102316394	manner.n.01	0.772
102316453	manner.n.01	0.357
102316486	term.n.01	0.909
119093753	mean.n.01	None
102316824	manner.n.01	0.676
119095841	approach.n.01	0.977
119098130	means.n.01	0.648
102321653	mean.n.01	None
119098910	affectation.n.01	None
102322041	manner.n.01	0.981
102322197	way.n.05	0.411
102322959	manner.n.01	0.602
102323122	mean.n.01	None
102323205	mean.n.01	None
102324023	disposition.n.01	0.593
102324413	manner.n.01	0.698
102324596	manner.n.01	0.538
102327605	method.n.01	0.997
119108861	manner.n.01	0.963
102333519	manner.n.01	0.981
119120167	manner.n.01	0.929
119130783	manner.n.01	0.886
119130960	manner.n.01	0.987
119131602	means.n.01	0.681
119131781	means.n.01	0.502
119132365	manner.n.01	0.984
119132550	manner.n.01	0.96
119133573	manner.n.01	0.994
102357355	manner.n.01	0.939
119136065	manner.n.01	0.999
102361172	manner.n.01	0.953
102370861	manner.n.01	0.468
102372301	way.n.05	0.86
102374209	manner.n.01	0.563
102377090	manner.n.01	0.804
102380999	manner.n.01	0.661
102381995	manner.n.01	0.969
102383157	manner.n.01	0.883
102403137	manner.n.01	0.599
119184926	manner.n.01	0.954
119191485	manner.n.01	0.689
119195276	manner.n.01	0.973
119196028	manner.n.01	0.977
119200132	manner.n.01	0.898
119200408	method.n.01	0.999
119202182	manner.n.01	0.95
102428081	mean.n.01	None
102429115	mean.n.01	None
119207327	manner.n.01	0.925
102431038	mean.n.01	None
102431671	manner.n.01	0.992
119209303	manner.n.01	0.697
102440891	character.n.03	0.733
102441409	method.n.01	0.996
102444873	character.n.03	0.691
102444952	character.n.03	0.549
102445388	manner.n.01	0.985
102445658	character.n.03	0.75
102445670	kind.n.01	0.955
102446410	rule.n.01	0.493
102449323	character.n.03	0.77
102452496	manner.n.01	0.974
102453715	method.n.01	0.985
102454093	manner.n.01	0.986
102454104	manner.n.01	0.974
102454262	manner.n.01	0.991
102454326	mean.n.01	None
102454683	mean.n.01	None
102455196	price.n.03	0.926
102458372	manner.n.01	0.779
102458983	position.n.03	0.795
102462962	mean.n.01	None
110853128	manner.n.01	0.931
110855470	manner.n.01	0.919
110855612	manner.n.01	0.759
102467063	manner.n.01	0.77
102469428	manner.n.01	0.979
102469757	character.n.03	0.609
102470682	character.n.03	0.82
102480309	character.n.03	0.854
102482338	mean.n.01	None
102482883	manner.n.01	0.821
102482993	mean.n.01	None
102488153	direction.n.03	0.59
102490785	rule.n.01	0.589
102496078	manner.n.01	0.594
102504066	manner.n.01	0.642
102504454	manner.n.01	0.71
102505647	method.n.01	0.976
102506496	manner.n.01	0.963
102506892	manner.n.01	0.864
102506980	manner.n.01	0.985
102507518	manner.n.01	0.887
102507688	manner.n.01	0.79
102507743	manner.n.01	0.995
102508264	manner.n.01	0.956
102517901	inclination.n.01	0.528
119295696	manner.n.01	0.814
102522538	form.n.11	0.525
102522699	manner.n.01	0.992
102523572	manner.n.01	0.984
102524603	kind.n.01	0.952
102525546	manner.n.01	0.934
102527863	manner.n.01	0.948
102531283	manner.n.01	0.678
119337866	mode.n.06	0.5
119338807	manner.n.01	0.981
119345916	mode.n.02	0.494
119355521	method.n.01	0.998
119360101	form.n.03	0.474
102592590	manner.n.01	0.475
102592594	manner.n.01	0.58
102592664	mode.n.06	0.297
102592813	mode.n.06	0.453
102592979	mode.n.05	0.375
102593066	mode.n.05	0.52
102593133	manner.n.01	0.574
102593202	mode.n.02	0.552
102593313	mode.n.05	0.635
102593361	manner.n.01	0.838
119370812	manner.n.01	0.986
102593710	manner.n.01	0.901
119374872	habit.n.02	0.797
119376196	manner.n.01	0.819
119377077	kind.n.01	0.41
102604896	method.n.01	0.999
102605030	manner.n.01	0.997
102605327	method.n.01	0.998
102606719	manner.n.01	0.995
102607045	kind.n.01	0.933
102607424	manner.n.01	0.933
102607472	manner.n.01	0.858
102607693	manner.n.01	0.961
119385020	manner.n.01	0.818
102608029	manner.n.01	0.968
102608036	manner.n.01	0.968
102608161	consistency.n.01	0.995
119385425	manner.n.01	0.882
102608258	manner.n.01	0.989
102608670	manner.n.01	0.976
102608950	manner.n.01	0.85
102608986	manner.n.01	0.893
102609337	method.n.01	0.997
119386686	manner.n.01	0.988
102610260	method.n.01	0.997
102610275	method.n.01	0.954
102610703	manner.n.01	0.846
102610729	method.n.01	0.997
102611812	configuration.n.01	0.782
102612318	manner.n.01	0.989
119389622	manner.n.01	0.697
119389639	manner.n.01	0.901
102612514	manner.n.01	0.883
102612563	kind.n.01	0.74
102613508	form.n.11	0.404
102613839	method.n.01	0.996
102613863	method.n.01	0.994
102613923	manner.n.01	0.992
102614954	method.n.01	0.999
102615099	manner.n.01	0.995
102618055	method.n.01	0.998
102620661	method.n.01	0.999
102621614	kind.n.01	0.601
102624086	manner.n.01	0.864
102627984	manner.n.01	0.747
102631622	kind.n.01	0.784
102632172	kind.n.01	0.733
102634574	manner.n.01	0.994
102635358	manner.n.01	0.707
102636037	manner.n.01	0.658
102636416	form.n.11	0.566
102636454	manner.n.01	0.863
102636645	kind.n.01	0.834
102636662	manner.n.01	0.83
102636717	method.n.01	0.997
102637118	method.n.01	0.999
102637475	manner.n.01	0.995
102637778	method.n.01	0.998
102637795	manner.n.01	0.773
102637955	manner.n.01	0.868
102641001	mode.n.02	0.725
102649041	form.n.03	0.386
111150378	manner.n.01	0.677
111150604	manner.n.01	0.637
111151588	manner.n.01	0.929
111152337	form.n.11	0.674
111152983	manner.n.01	0.713
111156858	way.n.04	0.458
111156949	manner.n.01	0.811
111157054	manner.n.01	0.962
111157741	manner.n.01	0.965
111158179	manner.n.01	0.91
111160238	manner.n.01	0.71
111160685	manner.n.01	0.989
111161697	manner.n.01	0.91
111161751	manner.n.01	0.827
111162337	manner.n.01	0.983
111162742	kind.n.01	None
111162976	manner.n.01	0.732
111164845	manner.n.01	0.994
111166851	argument.n.01	0.951
111167233	manner.n.01	0.674
102781253	manner.n.01	0.99
102781320	manner.n.01	0.874
111170970	manner.n.01	0.913
102782396	manner.n.01	0.993
111171735	manner.n.01	0.572
111172759	manner.n.01	0.724
111172784	manner.n.01	0.838
111172796	manner.n.01	0.905
111173737	manner.n.01	0.893
111175415	means.n.01	0.36
111175429	manner.n.01	0.91
111176001	manner.n.01	0.867
111176793	manner.n.01	0.928
111177674	manner.n.01	0.803
111177932	manner.n.01	0.763
111178696	manner.n.01	0.735
111180800	manner.n.01	0.782
111181973	manner.n.01	0.996
111182209	manner.n.01	0.796
111184795	manner.n.01	0.889
111184810	way.n.04	0.477
111184831	way.n.04	0.427
111185189	manner.n.01	0.926
111185262	manner.n.01	0.767
111186015	manner.n.01	0.96
111186533	manner.n.01	0.864
111186681	kind.n.01	None
111186997	mean.n.01	None
111187185	manner.n.01	0.772
111187840	kind.n.01	None
111187886	manner.n.01	0.956
111188343	manner.n.01	0.803
111188365	manner.n.01	0.792
111190379	method.n.01	0.998
111191864	motion.n.06	0.451
111193879	manner.n.01	0.936
111193930	token.n.02	0.621
111194162	manner.n.01	0.817
111194316	manner.n.01	0.836
111194600	method.n.01	0.987
111194995	manner.n.01	0.936
111195101	manner.n.01	0.823
111196487	manner.n.01	0.92
111196499	manner.n.01	0.922
111197780	manner.n.01	0.853
111199177	manner.n.01	0.937
111199953	kind.n.01	None
111201076	manner.n.01	0.744
111203790	manner.n.01	0.681
111204197	manner.n.01	0.983
111205416	manner.n.01	0.791
111205751	manner.n.01	0.801
111205893	manner.n.01	0.753
102905215	manner.n.01	0.767
103015655	way.n.05	0.784
103024950	measure.n.01	0.931
103029154	mean.n.01	None
103030232	principle.n.02	0.761
103032347	nature.n.01	0.84
103032936	condition.n.07	0.809
103033030	tactic.n.01	None
103036364	way.n.04	0.742
103036505	manner.n.01	0.805
103037260	method.n.01	0.996
103044770	way.n.04	0.728
103045486	manner.n.01	0.703
103046236	manner.n.01	0.916
103053145	way.n.04	0.718
103053631	method.n.01	0.995
103055139	manner.n.01	0.874
103056787	manner.n.01	0.865
103056977	manner.n.01	0.881
103058206	temper.n.03	0.792
103058484	respect.n.01	0.991
103059734	manner.n.01	0.797
103060157	manner.n.01	0.853
103063995	reason.n.01	0.992
103064016	kind.n.01	None
103064699	manner.n.01	0.827
103074212	manner.n.01	0.885
103076747	sense.n.02	0.727
103077992	manner.n.01	0.812
103079306	mean.n.01	None
103088324	character.n.03	0.915
103094646	way.n.05	0.45
103104262	manner.n.01	0.699
103111605	manner.n.01	0.841
103112604	manner.n.01	0.931
103121065	character.n.06	0.722
103124442	manner.n.01	0.954
103125110	manner.n.01	0.988
103126400	method.n.01	0.995
103128427	manner.n.01	0.734
103130935	manner.n.01	0.919
103133512	method.n.01	0.997
103133576	manner.n.01	0.882
103133614	manner.n.01	0.937
103134299	means.n.01	0.805
103135075	habit.n.01	0.786
103142111	method.n.01	0.992
103143942	inclination.n.01	0.532
103146162	manner.n.01	0.932
103148591	mean.n.01	None
103149154	manner.n.01	0.889
103149335	mean.n.01	None
103151324	way.n.05	0.652
103153538	means.n.01	0.795
103153845	manner.n.01	0.847
103154073	manner.n.01	0.85
103155012	inclination.n.01	0.598
103158979	manner.n.01	0.841
103159161	behavior.n.01	0.969
103159381	manner.n.01	0.799
103159914	manner.n.01	0.843
103160610	manner.n.01	0.678
103160689	manner.n.01	0.675
103160817	manner.n.01	0.877
103160896	method.n.01	0.997
103160912	manner.n.01	0.679
103160970	procedure.n.01	0.978
103162627	manner.n.01	0.766
103164043	manner.n.01	0.794
103165758	mean.n.01	None
103165866	mean.n.01	None
103166456	manner.n.01	0.878
103166508	manner.n.01	0.962
103167504	manner.n.01	0.893
103167638	manner.n.01	0.926
103171751	method.n.01	0.998
103172546	manner.n.01	0.864
103174632	manner.n.01	0.883
103177767	manner.n.01	0.496
103179668	manner.n.01	0.989
103184145	circumstance.n.01	0.808
103187125	manner.n.01	0.76
103189486	manner.n.01	0.881
103190530	manner.n.01	0.904
103191249	manner.n.01	0.985
103194287	character.n.03	0.784
103196350	sense.n.02	0.88
103199312	condition.n.07	0.929
103199839	quality.n.03	0.463
103201143	temper.n.02	0.625
103207915	manner.n.01	0.658
103208917	manner.n.01	0.824
103209437	disposition.n.01	0.967
103211548	manner.n.01	0.701
103211957	character.n.03	0.709
103214033	sense.n.02	0.993
103221540	means.n.01	0.883
103223130	manner.n.01	0.982
103223245	manner.n.01	0.81
103223339	manner.n.01	0.993
103225022	manner.n.01	0.891
103227189	mean.n.01	None
103228472	manner.n.01	0.755
103236738	manner.n.01	0.85
103239205	manner.n.01	0.991
103240045	means.n.01	0.945
103241095	character.n.03	0.811
103242087	character.n.03	0.78
103242408	manner.n.01	0.99
103242920	character.n.03	0.795
103242989	character.n.06	0.46
103243193	inclination.n.01	0.555
103245654	manner.n.01	0.936
103250367	manner.n.01	0.958
103250482	manner.n.01	0.847
103250496	manner.n.01	0.905
103250575	manner.n.01	0.964
103251298	manner.n.01	0.763
103254209	manner.n.01	0.876
103254272	manner.n.01	0.987
103254396	manner.n.01	0.812
103254703	manner.n.01	0.915
103257199	manner.n.01	0.746
103258871	manner.n.01	0.807
103261462	manner.n.01	0.886
103262687	manner.n.01	0.989
103263078	mean.n.01	None
103263300	manner.n.01	0.874
103266774	manner.n.01	0.588
103268533	manner.n.01	0.992
103269200	manner.n.01	0.835
103270383	nature.n.01	0.787
103271680	mean.n.01	None
103272266	manner.n.01	0.847
103274132	means.n.01	0.949
103274191	character.n.03	0.802
103274564	manner.n.01	0.955
103274692	manner.n.01	0.985
103278151	manner.n.01	0.995
103278536	manner.n.01	0.956
103280122	character.n.03	0.9
103280277	character.n.03	0.828
103284047	character.n.03	0.632
103286010	character.n.03	0.826
103286218	manner.n.01	0.505
103289370	means.n.01	0.686
103289607	inclination.n.01	0.632
103291534	manner.n.01	0.463
103292105	manner.n.01	0.985
103292164	manner.n.01	0.908
103292358	manner.n.01	0.857
103298926	character.n.03	0.618
103302911	way.n.05	0.721
103304950	manner.n.01	0.526
103305137	manner.n.01	0.847
103305329	way.n.05	0.81
103317077	character.n.03	0.815
103323032	manner.n.01	0.938
103323179	kind.n.01	0.975
103323364	reason.n.01	0.942
103325001	manner.n.01	0.623
103325866	manner.n.01	0.963
103328154	character.n.03	0.607
103328174	character.n.03	0.704
103330285	means.n.01	0.611
103331247	manner.n.01	0.751
103335021	cause.n.01	0.795
103335646	way.n.05	0.731
103338320	character.n.03	0.934
103339242	manner.n.01	0.926
103340786	behavior.n.01	0.85
103341030	manner.n.01	0.876
103346398	manner.n.02	0.929
103349382	manner.n.01	0.724
103350295	manner.n.01	0.942
103351483	manner.n.01	0.595
103351555	manner.n.01	0.947
103352027	method.n.01	0.998
103352221	mean.n.01	None
103353474	manner.n.01	0.823
103353626	mean.n.01	None
103355662	procedure.n.01	0.762
103355802	mean.n.01	None
103356098	way.n.05	0.667
103357825	manner.n.01	0.559
103359866	manner.n.01	0.986
103360854	manner.n.01	0.654
103379546	temper.n.03	0.591
103379897	habit.n.02	0.584
103380944	character.n.03	0.602
103381092	manner.n.01	0.898
103382340	character.n.03	0.753
103384096	manner.n.01	0.58
103385166	act.n.02	0.947
103385331	pursuit.n.02	0.36
103385421	manner.n.01	0.779
103386804	manner.n.01	0.968
103390376	quality.n.03	0.496
103391700	manner.n.01	0.907
103393452	mean.n.01	None
103402807	manner.n.01	0.946
103407153	character.n.03	0.875
103407309	character.n.03	0.773
103408619	character.n.06	0.613
103409952	temper.n.03	0.64
103413038	practice.n.01	0.935
103416027	character.n.03	0.733
103418767	manner.n.01	0.528
103422491	mean.n.01	None
103423096	disposition.n.01	0.473
103424046	character.n.05	0.613
103426475	manner.n.01	0.928
103426842	manner.n.01	0.749
103430309	character.n.03	0.73
103430896	mean.n.01	None
103435319	character.n.03	0.848
103435368	character.n.03	0.751
103435697	way.n.05	0.464
103435931	character.n.03	0.544
103436008	quality.n.03	0.441
103439721	method.n.01	0.997
103439748	procedure.n.01	0.94
103443752	character.n.03	0.819
103445185	character.n.06	0.59
103445933	character.n.03	0.751
103446438	character.n.06	0.674
103448231	manner.n.01	0.786
103449373	character.n.03	0.526
103450718	character.n.03	0.65
103452528	manner.n.01	0.96
103453430	manner.n.01	0.815
103454121	manner.n.01	0.831
103454646	manner.n.01	0.713
103455389	sense.n.02	0.97
103457623	mean.n.01	None
103470591	method.n.01	0.996
103480973	kind.n.01	None
103482480	manner.n.01	0.993
103482537	manner.n.01	0.996
103483078	manner.n.01	0.904
103484469	plan.n.01	0.543
103486761	manner.n.01	0.639
103486872	manner.n.01	0.746
103487470	manner.n.01	0.988
103487801	manner.n.01	0.984
103488277	manner.n.01	0.992
103495566	manner.n.01	0.953
103496127	manner.n.01	0.967
103496451	manner.n.01	0.799
103499007	manner.n.01	0.756
103499302	manner.n.01	0.827
103500585	manner.n.01	0.997
103502858	modality.n.01	0.983
103502955	manner.n.01	0.91
103503070	sense.n.02	0.986
103503912	manner.n.01	0.996
103506001	manner.n.01	0.989
103506436	relation.n.01	0.996
103508643	manner.n.01	0.795
103509492	kind.n.01	0.988
103510081	kind.n.01	None
103510148	course.n.04	0.489
103511206	manner.n.01	0.923
103512292	mood.n.03	0.933
103514167	mood.n.03	0.88
103514206	mood.n.03	0.5
103514780	method.n.01	0.998
103514808	manner.n.01	0.842
103514888	method.n.01	0.975
103515651	manner.n.01	0.909
103515832	method.n.01	0.999
103520774	method.n.01	0.999
103520911	means.n.01	0.562
103527056	manner.n.01	0.89
103532040	manner.n.01	0.827
103532975	manner.n.01	0.688
103533325	method.n.01	0.996
103533814	case.n.01	0.764
103536805	manner.n.01	0.554
103538700	manner.n.01	0.672
103538906	manner.n.01	0.662
103539154	manner.n.01	0.866
103539232	manner.n.01	0.958
103540145	method.n.01	0.999
103540842	sense.n.02	0.997
103545077	manner.n.01	0.76
103545679	manner.n.01	0.692
103549213	figure.n.01	0.979
103549298	figure.n.01	0.974
103551423	figure.n.01	0.953
103556115	manner.n.01	0.778
103557460	manner.n.01	0.807
103558188	method.n.01	0.999
103558532	method.n.01	0.996
103558585	method.n.01	0.975
103558605	method.n.01	0.996
103559194	manner.n.01	0.918
103561369	sense.n.02	0.956
103562351	manner.n.01	0.923
103563102	method.n.01	0.998
103565277	method.n.01	0.996
103566843	manner.n.01	0.958
103568395	manner.n.01	0.956
103570558	method.n.01	0.996
103575156	manner.n.01	0.986
103575948	sense.n.02	0.974
103576168	kind.n.01	0.867
103578126	manner.n.01	0.963
103578139	manner.n.01	0.996
103579604	manner.n.01	0.982
103579644	manner.n.01	0.989
103590280	form.n.03	0.67
103591001	manner.n.01	0.804
103591796	manner.n.01	0.99
103593170	manner.n.01	0.991
103596336	manner.n.01	0.752
103597527	manner.n.01	0.992
103598669	manner.n.01	0.985
103598781	manner.n.01	0.826
103599226	manner.n.01	0.866
103604247	manner.n.01	0.993
103608155	manner.n.01	0.919
103612316	manner.n.01	0.893
103614171	manner.n.01	0.794
103616728	manner.n.01	0.928
103616766	manner.n.01	0.928
103619076	sense.n.02	0.882
103620116	sense.n.02	0.993
103621550	sense.n.02	0.999
103621652	manner.n.01	0.808
103624219	manner.n.01	0.964
103625408	manner.n.01	0.933
103626501	manner.n.01	0.815
103631836	manner.n.01	0.778
103632638	manner.n.01	0.996
103633504	manner.n.01	0.989
103634141	manner.n.01	0.986
103634204	manner.n.01	0.873
103634581	manner.n.01	0.88
103634600	quality.n.03	0.777
103634902	manner.n.01	0.78
103635718	sense.n.02	0.994
103636113	manner.n.01	0.781
103637611	manner.n.01	0.831
103637949	manner.n.01	0.981
103640097	manner.n.01	0.65
103640122	hypothesis.n.02	0.376
103642677	manner.n.01	0.878
103642757	manner.n.01	0.943
103643691	manner.n.01	0.99
103648830	manner.n.01	0.634
103648935	manner.n.01	0.898
103653148	manner.n.01	0.991
103653659	manner.n.01	0.678
103655426	manner.n.01	0.543
103655505	manner.n.01	0.625
103656005	manner.n.01	0.801
103656231	manner.n.01	0.486
103657123	manner.n.01	0.492
103657130	manner.n.01	0.466
103657147	manner.n.01	0.651
103657270	modality.n.01	0.699
103657944	manner.n.01	0.347
103658081	manner.n.01	0.808
103658105	manner.n.01	0.774
103664138	character.n.03	0.844
103665320	manner.n.01	0.624
103666276	manner.n.01	0.951
103666923	manner.n.01	0.812
103667278	manner.n.01	0.607
103669310	manner.n.01	0.894
103669890	manner.n.01	0.969
103674344	manner.n.01	0.736
103677914	manner.n.01	0.917
103680118	manner.n.01	0.877
103680563	manner.n.01	0.923
103683431	argumentation.n.02	0.961
103684765	manner.n.01	0.949
103686094	manner.n.01	0.804
103686314	manner.n.01	0.903
103686893	manner.n.01	0.603
103686898	manner.n.01	0.699
103687563	manner.n.01	0.637
103688268	mode.n.02	0.448
103689112	way.n.04	0.61
103694915	condition.n.01	0.714
103762484	manner.n.01	0.456
103765879	manner.n.01	0.913
103766413	manner.n.01	0.756
103766478	manner.n.01	0.979
103767818	manner.n.01	0.957
103768169	manner.n.01	0.907
103769164	manner.n.01	0.875
103769323	sense.n.02	0.998
103770938	manner.n.01	0.981
103771655	manner.n.01	0.864
103774202	manner.n.01	0.747
120551999	moral.n.01	None
103775025	manner.n.01	0.709
103777112	sense.n.02	0.986
103778501	sense.n.02	0.901
103781232	manner.n.01	0.687
103781713	manner.n.01	0.911
103781845	manner.n.01	0.839
103781856	manner.n.01	0.839
103782274	manner.n.01	0.48
103785214	manner.n.01	0.959
103786148	description.n.01	0.748
103787678	manner.n.01	0.626
103791262	manner.n.01	0.972
103792193	manner.n.01	0.982
103792767	manner.n.01	0.932
103792888	course.n.02	0.65
103794237	manner.n.01	0.973
103795348	manner.n.01	0.842
103797470	sense.n.02	0.989
120575101	procedure.n.01	0.878
103798029	manner.n.01	0.992
103798134	manner.n.01	0.855
103798252	sense.n.02	0.875
120575534	manner.n.01	0.926
103798720	manner.n.01	0.838
103798975	manner.n.01	0.919
103799044	manner.n.01	0.983
120577573	manner.n.01	0.991
103801013	manner.n.01	0.986
120578574	manner.n.01	0.989
103802232	manner.n.01	0.403
120579626	manner.n.01	0.982
103802445	manner.n.01	0.719
103802763	manner.n.01	0.901
103803429	version.n.01	0.582
103803619	manner.n.01	0.939
103804024	manner.n.01	0.459
103804159	manner.n.01	0.867
103804659	sense.n.02	0.951
103805492	manner.n.01	0.915
103806482	manner.n.01	0.995
103806500	kind.n.01	None
103810659	manner.n.01	0.903
103814053	manner.n.01	0.828
103821279	sense.n.02	0.989
103822064	manner.n.01	0.939
103823299	manner.n.01	0.983
103825092	manner.n.01	0.982
103825444	manner.n.01	0.891
103826381	manner.n.01	0.905
103826880	manner.n.01	0.968
103826910	manner.n.01	0.778
103827426	manner.n.01	0.859
103827524	manner.n.01	0.927
103828299	manner.n.01	0.865
103828504	manner.n.01	0.702
103828877	manner.n.01	0.743
103828892	manner.n.01	0.803
103829333	manner.n.01	0.994
103831736	manner.n.01	0.966
103831988	manner.n.01	0.995
103832070	method.n.01	0.999
103832487	manner.n.01	0.981
103834433	manner.n.01	0.973
103834486	manner.n.01	0.979
103834570	manner.n.01	0.992
103834760	ratio.n.01	0.928
103834794	sense.n.02	0.991
103837972	manner.n.01	0.988
103838265	manner.n.01	0.948
103838365	manner.n.01	0.847
103838925	manner.n.01	0.932
103839814	manner.n.01	0.658
103841442	way.n.04	0.941
103843919	manner.n.01	0.401
103843965	manner.n.01	0.985
103844239	manner.n.01	0.934
103846153	extent.n.01	0.54
103846356	argumentation.n.02	0.658
103853567	manner.n.01	0.996
103858628	manner.n.01	0.965
103858897	manner.n.01	0.972
120644928	means.n.01	0.742
103869681	manner.n.01	0.967
103870346	way.n.04	0.696
103871773	manner.n.01	0.968
120653020	method.n.01	0.996
120653626	manner.n.01	0.985
103876982	manner.n.01	0.806
103877250	case.n.01	0.444
103877347	manner.n.01	0.909
103877618	manner.n.01	0.98
103877880	manner.n.01	0.939
120655126	manner.n.01	0.894
103878376	manner.n.01	0.984
103878615	manner.n.01	0.976
103878823	manner.n.01	0.991
103878911	manner.n.01	0.8
120656616	manner.n.01	0.992
103884018	manner.n.01	0.991
103887903	manner.n.01	0.963
103888122	manner.n.01	0.938
103891557	manner.n.01	0.994
103894571	manner.n.01	0.898
103895268	manner.n.01	0.929
103896929	manner.n.01	0.935
103897236	circumstance.n.01	0.831
103905444	manner.n.01	0.97
120683971	manner.n.01	0.927
103908013	manner.n.01	0.971
103911415	manner.n.01	0.782
103911644	manner.n.01	0.902
103912418	manner.n.01	0.776
103916462	manner.n.01	0.989
103919036	manner.n.01	0.959
103920725	means.n.01	0.919
103924268	manner.n.01	0.944
103928311	manner.n.01	0.942
103932822	means.n.01	0.869
103940992	manner.n.01	0.986
103941850	way.n.05	0.716
103942742	condition.n.01	0.887
103946333	manner.n.01	0.927
103946889	manner.n.01	0.746
103948199	manner.n.01	0.962
120725469	behavior.n.01	0.614
120725475	behavior.n.01	0.907
103949408	manner.n.01	0.833
103951469	manner.n.01	0.964
103951573	manner.n.01	0.948
103951684	manner.n.01	0.771
103951931	manner.n.01	0.891
103959659	modality.n.01	0.778
103963056	manner.n.01	0.819
103968358	way.n.04	0.717
103972192	manner.n.01	0.885
120750571	manner.n.01	0.654
103973646	manner.n.01	0.993
103973810	manner.n.01	0.515
103974082	manner.n.01	0.926
103974182	manner.n.01	0.891
103974229	manner.n.01	0.88
103974287	manner.n.01	0.967
103974327	manner.n.01	0.976
103974400	manner.n.01	0.685
103974543	situation.n.01	0.692
120754426	manner.n.01	0.834
120757192	manner.n.01	0.991
120758536	manner.n.01	0.991
120759436	custom.n.02	0.545
120763343	manner.n.01	0.967
120770382	manner.n.01	0.964
112384957	manner.n.01	0.771
112386181	method.n.01	0.998
112388965	method.n.01	0.997
112390173	attitude.n.01	0.995
120780691	manner.n.01	0.883
112395535	manner.n.01	0.839
112395943	kind.n.01	0.988
112401983	manner.n.01	0.831
112402003	manner.n.01	0.849
104014086	method.n.01	0.997
112402742	manner.n.01	0.446
112402748	modality.n.01	0.928
112402778	modality.n.01	0.832
112403024	manner.n.01	0.766
112403032	modality.n.01	0.585
104018261	sense.n.02	0.98
112408431	manner.n.01	0.894
112409187	manner.n.01	0.75
104020845	manner.n.01	0.875
104020988	manner.n.01	0.873
104022359	argument.n.01	0.977
104024301	sense.n.02	0.986
104024546	manner.n.01	0.801
112413463	manner.n.01	0.58
104025024	manner.n.01	0.924
104025733	method.n.01	0.998
112414354	manner.n.01	0.7
104025766	method.n.01	0.999
104026756	kind.n.01	None
104027116	sense.n.02	0.991
112417107	way.n.05	0.421
112417323	method.n.01	0.992
104031626	sense.n.02	0.967
112420560	method.n.01	0.999
112420754	method.n.01	0.996
104033024	nature.n.01	0.969
104036448	method.n.01	0.995
104036621	sense.n.02	0.996
104036921	manner.n.01	0.778
104039671	sense.n.02	0.995
104039928	manner.n.01	0.964
104040000	sense.n.02	0.557
112429188	method.n.01	0.995
112429273	manner.n.01	0.681
104040749	sense.n.02	0.997
104040920	sense.n.02	0.987
104041730	manner.n.01	0.766
104041763	manner.n.01	0.815
104042090	manner.n.01	0.516
104043200	sense.n.02	0.992
104043298	sense.n.02	0.973
104044202	sense.n.02	0.996
104044206	sense.n.02	0.993
112433247	type.n.01	0.994
112433424	method.n.01	0.993
104044949	sense.n.02	0.998
104045040	sense.n.02	0.997
104045455	sense.n.02	0.994
104045495	sense.n.02	0.998
104045634	meaning.n.01	0.681
104045977	manner.n.01	0.898
104046032	manner.n.01	0.922
104047076	sense.n.02	0.993
104047200	sense.n.02	0.993
104047267	sense.n.02	0.992
104047526	sense.n.02	0.999
104047676	sense.n.02	0.996
104047714	sense.n.02	0.998
104047888	sense.n.02	0.997
104047981	manner.n.01	0.9
112436848	manner.n.01	0.975
120825590	character.n.03	0.716
112437140	manner.n.01	0.814
104049656	mean.n.01	None
104050429	manner.n.01	0.747
104050469	way.n.04	0.817
104050566	sense.n.02	0.917
104052238	manner.n.01	0.919
104052408	sense.n.02	0.997
104052417	sense.n.02	0.997
104053422	sense.n.02	0.994
104053792	sense.n.02	0.99
104054173	manner.n.01	0.924
104055382	sense.n.02	0.953
112445075	manner.n.01	0.862
104056756	sense.n.02	0.981
112446150	manner.n.01	0.656
112446891	manner.n.01	0.964
112447731	manner.n.01	0.94
104060681	sense.n.02	0.986
104061029	sense.n.02	0.995
120839137	manner.n.01	0.784
104062685	manner.n.01	0.87
120843360	human_body.n.01	0.369
104066932	manner.n.01	0.536
104068303	manner.n.01	0.894
104073154	manner.n.01	0.649
104075284	sense.n.02	0.997
104075653	manner.n.01	0.632
104079004	sense.n.02	0.998
104079023	manner.n.01	0.942
104079095	manner.n.01	0.616
104080179	argumentation.n.02	0.962
104080259	manner.n.01	0.642
104081935	meaning.n.01	0.675
104086568	sense.n.02	0.962
104087204	sense.n.02	0.98
104087294	sense.n.02	0.99
104091957	manner.n.01	0.79
104091972	manner.n.01	0.753
104092989	manner.n.01	0.637
104094042	means.n.01	0.602
104094656	sense.n.02	0.992
104094890	method.n.01	0.998
104095283	manner.n.01	0.899
104095304	means.n.01	0.707
104095559	manner.n.01	0.707
104095995	manner.n.01	0.954
120873636	manner.n.01	0.567
104097465	sense.n.02	0.997
104097689	option.n.02	None
104097721	nature.n.01	0.847
104097749	position.n.03	0.986
104097877	manner.n.01	0.833
120876880	manner.n.01	0.609
104100384	manner.n.01	0.737
104101445	manner.n.01	0.863
104103285	manner.n.01	0.785
104103902	manner.n.01	0.671
120881182	manner.n.01	0.73
120881898	manner.n.01	0.838
104105120	manner.n.01	0.753
104106163	sense.n.02	0.924
104106341	manner.n.01	0.654
104106568	method.n.01	0.999
104107444	position.n.03	0.962
104112246	manner.n.01	0.303
104116241	manner.n.01	0.809
104128649	manner.n.01	0.951
104129935	manner.n.01	0.928
104132376	manner.n.01	0.852
104132781	position.n.01	0.708
104132886	nature.n.01	0.903
104133572	manner.n.01	0.783
104137740	way.n.04	0.59
104139355	way.n.04	0.545
104148665	manner.n.01	0.787
104150066	manner.n.01	0.632
104151383	manner.n.01	0.892
104152546	manner.n.01	0.881
104164330	method.n.01	0.999
104168248	manner.n.01	0.994
104168565	manner.n.01	0.781
104169935	kind.n.01	None
104170049	method.n.01	0.996
104170576	manner.n.01	0.661
104172218	manner.n.01	0.898
104172270	modality.n.01	0.672
104172378	manner.n.01	0.753
104172657	method.n.01	0.991
104174429	manner.n.01	0.89
104175290	relation.n.01	0.996
104175379	method.n.01	0.986
104181801	manner.n.01	0.766
104185875	manner.n.01	0.83
104185992	manner.n.01	0.652
104187873	manner.n.01	0.993
104188538	placement.n.01	0.768
104193647	quality.n.03	0.542
104194636	manner.n.01	0.97
104195532	inclination.n.01	0.457
120975443	manner.n.01	0.913
120975468	manner.n.01	0.913
104198572	design.n.02	0.717
120976138	bearing.n.03	None
104199354	manner.n.01	0.965
104201131	manner.n.01	0.927
104202870	way.n.04	0.659
104206113	manner.n.01	0.985
104207102	manner.n.01	0.914
104207539	method.n.01	0.996
120984819	manner.n.01	0.752
104208306	sense.n.02	0.997
104208687	manner.n.01	0.919
104208893	argument.n.01	0.839
104209643	modality.n.01	0.477
104210488	manner.n.01	0.937
104211138	sense.n.02	0.951
104211716	form.n.03	0.392
104212599	manner.n.01	0.599
104212772	way.n.04	0.503
104213032	manner.n.01	0.625
104213204	manner.n.01	0.729
104213426	manner.n.01	0.782
104213538	means.n.01	0.88
120991733	manner.n.01	0.646
104215361	way.n.04	0.471
104215945	sense.n.02	0.992
104216179	manner.n.01	0.872
104216214	manner.n.01	0.953
104216276	part.n.09	0.522
104216415	manner.n.01	0.778
104216851	manner.n.01	0.877
104218599	manner.n.01	0.857
104218974	manner.n.01	0.718
104220451	manner.n.01	0.552
104220853	manner.n.01	0.913
104221908	manner.n.01	0.682
104231250	manner.n.01	0.924
104231536	means.n.01	0.829
104231826	manner.n.01	0.917
104231891	manner.n.01	0.752
104245065	manner.n.01	0.987
104248263	sense.n.02	0.96
104248745	manner.n.01	0.731
104251910	method.n.01	0.998
104255232	method.n.01	0.996
104261949	quality.n.03	0.981
104263732	manner.n.01	0.988
104264054	manner.n.01	0.961
104266053	manner.n.01	0.933
104268351	method.n.01	0.998
104271508	manner.n.01	0.71
104285694	manner.n.01	0.991
104286128	manner.n.01	0.924
104293835	manner.n.01	0.643
104294337	manner.n.01	0.906
104299768	manner.n.01	0.902
104299872	manner.n.01	0.956
104300312	manner.n.01	0.636
104300597	method.n.01	0.998
104303256	condition.n.07	0.958
104303494	manner.n.01	0.798
104304130	manner.n.01	0.922
104305177	manner.n.01	0.991
104305803	manner.n.01	0.901
104306578	kind.n.01	0.957
104306602	system.n.07	0.513
104307607	kind.n.01	0.972
104310075	method.n.01	0.996
104311383	method.n.01	0.999
104311786	manner.n.01	0.894
104311984	quality.n.03	0.771
104312162	manner.n.01	0.86
104313262	argumentation.n.02	0.92
104313943	manner.n.01	0.976
104315778	manner.n.01	0.985
104316987	method.n.01	0.999
104317428	manner.n.01	0.976
104317795	case.n.04	0.778
104318061	manner.n.01	0.971
104318194	manner.n.01	0.992
104319693	kind.n.01	0.75
104320790	manner.n.01	0.875
104322808	manner.n.01	0.985
104323541	manner.n.01	0.884
104324050	manner.n.01	0.681
104324937	manner.n.01	0.766
104325614	manner.n.01	0.95
104325781	manner.n.01	0.831
104327102	manner.n.01	0.991
104327503	manner.n.01	0.968
104327509	manner.n.01	0.826
104327857	manner.n.01	0.907
104327910	manner.n.01	0.829
104328417	manner.n.01	0.751
104328848	manner.n.01	0.704
104329866	manner.n.01	0.931
104332294	manner.n.01	0.721
104332716	manner.n.01	0.657
104332846	manner.n.01	0.876
104332969	mode.n.02	0.61
104333064	manner.n.01	0.797
104333091	manner.n.01	0.97
104333249	means.n.01	0.709
104333389	kind.n.01	0.993
104335171	manner.n.01	0.981
104335926	manner.n.01	0.774
104335972	manner.n.01	0.767
104336014	manner.n.01	0.716
104336038	manner.n.01	0.706
104336055	manner.n.01	0.773
104336244	manner.n.01	0.909
104336541	manner.n.01	0.98
104336656	manner.n.01	0.728
104337434	manner.n.01	0.394
104337457	manner.n.01	0.968
104337556	manner.n.01	0.471
104337668	mode.n.06	0.509
104337842	manner.n.01	0.788
104341040	nature.n.01	0.688
104341359	manner.n.01	0.986
104341697	means.n.01	0.443
104345829	manner.n.01	0.99
104345898	method.n.01	0.993
104345964	manner.n.01	0.992
104347049	manner.n.01	0.745
104347217	means.n.01	0.842
104347886	manner.n.01	0.985
104347938	manner.n.01	0.634
104348715	method.n.01	0.998
104348753	manner.n.01	0.917
104350757	manner.n.01	0.671
104350773	manner.n.01	0.758
104350849	manner.n.01	0.99
104356802	kind.n.01	0.914
104358825	manner.n.01	0.65
121136712	manner.n.01	0.964
104360144	manner.n.01	0.956
104360630	sense.n.02	0.994
104361018	arrangement.n.03	0.488
104361301	way.n.04	0.796
121138517	kind.n.01	0.936
104361589	system.n.04	0.812
104361643	manner.n.01	0.993
104362046	manner.n.01	0.433
104362426	manner.n.01	0.986
121140635	manner.n.01	0.825
121140869	manner.n.01	0.816
104364141	scheme.n.01	0.576
104364299	principle.n.02	0.334
121142389	manner.n.01	0.982
121143835	manner.n.01	0.786
104367339	manner.n.01	0.846
121145161	manner.n.01	0.983
104368649	manner.n.01	0.782
104370562	mode.n.05	0.635
104371347	manner.n.01	0.927
121149249	manner.n.01	0.994
121156638	manner.n.01	0.979
121156654	manner.n.01	0.979
121186639	manner.n.01	0.918
121188205	method.n.01	1.0
121191836	character.n.03	0.886
121191967	inclination.n.01	0.446
121195214	manner.n.01	0.902
121196790	quality.n.03	0.443
121206153	destiny.n.01	0.887
121206447	interpretation.n.04	0.391
121217362	character.n.03	0.879
121221642	method.n.01	0.993
121224457	method.n.01	0.999
121225523	manner.n.01	0.911
121225612	method.n.01	0.999
121226063	manner.n.01	0.897
121226393	manner.n.01	0.995
121229131	manner.n.01	0.984
121230803	way.n.05	0.764
104457326	manner.n.01	0.985
104457717	manner.n.01	0.717
104457728	manner.n.01	0.952
104458485	form.n.03	0.43
104458503	method.n.01	0.996
104461356	manner.n.01	0.985
121238656	manner.n.01	0.84
121238855	consequence.n.01	0.639
104462229	manner.n.01	0.862
104462577	manner.n.01	0.739
104463236	manner.n.01	0.908
104463868	manner.n.01	0.866
104464066	manner.n.01	0.973
121249199	manner.n.01	0.827
104472272	point.n.03	0.66
104473920	manner.n.01	0.752
121255798	way.n.05	0.798
121258053	manner.n.01	0.523
121259488	example.n.01	0.636
104483184	manner.n.01	0.982
121263105	manner.n.01	0.657
104489435	manner.n.01	0.961
121267211	manner.n.01	0.629
121268390	manner.n.01	0.923
104495977	manner.n.01	0.987
104496508	manner.n.01	0.861
104496642	method.n.01	0.998
104496793	manner.n.01	0.799
121274995	manner.n.01	0.909
121275237	manner.n.01	0.923
104498394	method.n.01	0.993
121276866	method.n.01	0.999
121277077	manner.n.01	0.873
121277368	manner.n.01	0.762
121279387	manner.n.01	0.802
104502523	manner.n.01	0.948
104507951	manner.n.01	0.922
104508136	manner.n.01	0.525
121287157	type.n.01	0.993
121287183	manner.n.01	0.826
121290196	mode.n.05	0.887
121291119	manner.n.01	0.863
121292402	manner.n.01	0.78
121293024	procedure.n.01	0.922
104516690	manner.n.01	0.942
104517502	manner.n.01	0.976
104521222	sense.n.02	0.929
104522589	circumstance.n.01	0.765
104525929	shape.n.01	0.472
104527984	manner.n.01	0.992
104528160	manner.n.01	0.989
104528460	manner.n.01	0.978
104528978	manner.n.01	0.596
104529072	mode.n.02	0.56
104529436	manner.n.01	0.987
104529947	manner.n.01	0.888
104530729	mode.n.05	0.67
104531757	modality.n.01	0.543
104534294	manner.n.01	0.951
104534435	manner.n.01	0.68
104535747	modality.n.01	0.661
104536965	manner.n.01	0.747
104537433	manner.n.01	0.979
104540276	manner.n.01	0.982
104543046	manner.n.01	0.894
104543129	manner.n.01	0.978
104545956	manner.n.01	0.833
104546029	manner.n.01	0.545
104546776	hypothesis.n.01	0.671
104546840	manner.n.01	0.864
104547145	manner.n.01	0.897
104547252	manner.n.01	0.946
104549968	manner.n.01	0.915
104552079	manner.n.01	0.621
104553380	manner.n.01	0.973
104554119	manner.n.01	0.717
104554534	manner.n.01	0.982
104554733	type.n.01	0.994
104555231	manner.n.01	0.841
104561047	kind.n.01	0.955
104561431	method.n.01	0.985
104562542	sense.n.02	0.996
104562757	sense.n.02	0.808
104564950	manner.n.01	0.743
104565003	sense.n.02	0.997
104565021	sense.n.02	0.996
104566955	manner.n.01	0.779
104567713	manner.n.01	0.591
104568704	manner.n.01	0.633
104568918	manner.n.01	0.866
104569671	turning.n.04	0.451
104569834	method.n.01	0.982
104569896	sense.n.02	0.992
104570738	manner.n.01	0.961
121348795	manner.n.01	0.744
104571702	manner.n.01	0.954
121348927	manner.n.01	0.953
104572450	degree.n.01	0.843
104572710	manner.n.01	0.916
104572803	manner.n.01	0.66
104572843	way.n.04	0.481
121353924	character.n.03	0.775
121355067	manner.n.01	0.982
104581291	sense.n.02	0.99
104583437	manner.n.01	0.984
104583466	manner.n.01	0.606
104584543	sense.n.02	0.987
104585546	manner.n.01	0.911
104586357	manner.n.01	0.971
104587850	manner.n.01	0.97
104587924	manner.n.01	0.901
104588665	manner.n.01	0.952
104590478	manner.n.01	0.856
104590584	manner.n.01	0.811
104591029	manner.n.01	0.76
104594293	kind.n.01	0.594
104594352	kind.n.01	0.855
121374872	manner.n.01	0.942
104598062	sense.n.02	0.953
121375298	manner.n.01	0.629
121375848	manner.n.01	0.939
121376319	teaching.n.02	0.753
104601656	meaning.n.01	0.686
104602449	manner.n.01	0.822
104605004	method.n.01	0.996
121382801	manner.n.01	0.977
121382890	manner.n.01	0.98
121384005	manner.n.01	0.971
104606949	direction.n.03	0.588
104607027	manner.n.01	0.92
121385699	manner.n.01	0.974
104608489	manner.n.01	0.921
121405545	manner.n.01	0.942
121409554	manner.n.01	0.933
121417804	manner.n.01	0.932
121418499	manner.n.01	0.889
104642936	way.n.04	0.651
104643336	manner.n.01	0.921
104643355	manner.n.01	0.811
104643621	manner.n.01	0.815
104643737	manner.n.01	0.717
104648430	difference.n.01	0.979
121429412	manner.n.01	0.689
121429427	manner.n.01	0.689
121429555	manner.n.01	0.982
104652497	manner.n.01	0.945
104653960	placement.n.01	0.488
104655893	manner.n.01	0.892
104656156	manner.n.01	0.938
104656235	manner.n.01	0.905
104656389	manner.n.01	0.666
104656466	manner.n.01	0.516
104657125	manner.n.01	0.966
104660117	manner.n.01	0.802
121438836	manner.n.01	0.456
121439541	manner.n.01	0.875
121440311	sense.n.02	0.973
104664273	manner.n.01	0.991
104664835	manner.n.01	0.98
104665518	sense.n.02	0.99
104665632	extent.n.01	0.532
121444760	manner.n.01	0.982
104669454	manner.n.01	0.992
121447380	sense.n.02	0.998
104670489	manner.n.01	0.996
104670570	manner.n.01	0.986
121448556	manner.n.01	0.91
121451808	manner.n.01	0.954
121457677	manner.n.02	0.965
104680527	extent.n.02	0.628
104682640	manner.n.01	0.966
104683965	manner.n.01	0.984
104684682	manner.n.01	0.997
104684823	manner.n.01	0.996
104685292	manner.n.01	0.979
121462797	manner.n.01	0.915
121465256	expressive_style.n.01	0.862
104695597	principle.n.01	0.325
104696658	manner.n.01	0.954
121475111	expressive_style.n.01	0.792
104698777	manner.n.01	0.932
104706209	way.n.04	0.798
121486170	expressive_style.n.01	0.703
121487128	manner.n.01	0.949
121491875	manner.n.01	0.982
104717047	manner.n.01	0.999
104717723	manner.n.01	0.992
104717948	manner.n.01	0.969
104720850	method.n.01	0.999
121498607	manner.n.01	0.624
121499697	manner.n.01	0.989
121500103	manner.n.01	0.982
121500201	mean.n.01	None
121500579	manner.n.01	0.904
121501937	manner.n.01	0.978
104725315	circumstance.n.01	0.779
104725826	manner.n.01	0.979
121503647	manner.n.01	0.894
121507093	manner.n.01	0.981
121507130	mean.n.01	None
121509204	manner.n.01	0.99
121509212	manner.n.01	0.943
121511522	manner.n.01	0.753
121512629	manner.n.01	0.857
121514434	manner.n.01	0.871
121514593	manner.n.01	0.968
121517838	manner.n.01	0.93
121520028	manner.n.01	0.975
121528084	manner.n.01	0.627
104751079	manner.n.01	0.904
121538143	manner.n.01	0.515
121539062	way.n.05	0.584
104766815	character.n.03	0.439
104767172	kind.n.01	None
121551822	manner.n.01	0.982
121551951	manner.n.01	0.661
104780191	manner.n.01	0.928
104781075	manner.n.01	0.967
104781440	method.n.01	0.996
104864947	way.n.05	0.646
113315089	means.n.01	0.548
113316579	character.n.03	0.851
113328332	temper.n.02	0.865
113350660	manner.n.01	0.884
113350677	method.n.01	0.997
113354669	character.n.03	0.924
104975127	manner.n.01	0.917
113377191	character.n.03	0.745
113384239	form.n.03	0.393
105000911	way.n.05	0.458
113396130	method.n.01	0.994
113398342	plan.n.01	0.871
113405519	manner.n.01	0.585
105042383	character.n.03	0.809
105045452	manner.n.01	0.796
105049432	method.n.01	0.998
105050157	configuration.n.01	0.633
105050249	method.n.01	0.995
105050278	manner.n.01	0.802
105050302	manner.n.01	0.822
105050486	method.n.01	0.993
105050497	manner.n.01	0.9
105050675	means.n.01	0.469
105050934	manner.n.01	0.79
105051113	manner.n.01	0.548
105051541	manner.n.01	0.681
105051997	means.n.01	0.632
105052295	means.n.01	0.738
105056417	direction.n.01	0.574
105062352	character.n.06	0.586
105063071	manner.n.01	0.82
105064714	manner.n.01	0.804
105064717	manner.n.01	0.804
105064914	character.n.03	0.86
105065202	manner.n.01	0.914
105067511	manner.n.01	0.853
105067753	character.n.03	0.897
105068012	character.n.06	0.811
105068820	character.n.05	0.337
105068869	way.n.04	0.835
105080248	fashion.n.02	0.452
105081138	manner.n.01	0.438
113471950	character.n.03	0.924
113473403	quality.n.03	0.83
113474667	method.n.01	0.984
113474678	method.n.01	0.984
113475139	method.n.01	0.994
113477525	manner.n.01	0.71
113479636	character.n.03	0.897
113479993	way.n.05	0.867
113494824	method.n.01	0.999
113497199	means.n.01	0.649
113497380	means.n.01	0.912
113498781	costume.n.01	0.571
113499737	manner.n.01	0.869
113500586	manner.n.01	0.981
105118054	manner.n.01	0.986
113509875	manner.n.01	0.83
105122549	manner.n.01	0.864
105124576	manner.n.01	0.996
105126484	manner.n.01	0.868
105127548	means.n.01	0.711
105131449	means.n.01	0.743
105133706	way.n.04	0.507
105134591	manner.n.01	0.737
105134966	mean.n.01	None
105135284	manner.n.01	0.89
105136062	manner.n.01	0.962
105137261	manner.n.01	0.965
105140500	manner.n.01	0.919
113530898	character.n.03	0.741
113531173	character.n.03	0.793
113531815	disposition.n.01	0.603
105143389	means.n.01	0.946
105143799	mean.n.01	None
105144239	respect.n.01	0.992
105146979	manner.n.01	0.854
113536663	manner.n.01	0.92
113537957	manner.n.01	0.992
113538196	reasoning.n.01	None
105155695	mean.n.01	None
105157084	manner.n.01	0.969
105159478	manner.n.01	0.994
121942396	means.n.01	0.501
113554764	manner.n.01	0.927
121944591	sense.n.02	0.974
113558713	means.n.01	0.407
105173293	manner.n.01	0.764
113562888	manner.n.01	0.8
105178428	manner.n.01	0.99
121958029	manner.n.01	0.829
113571851	trouble.n.04	0.885
105183419	mean.n.01	None
105190904	manner.n.01	0.677
105190965	manner.n.01	0.93
105191664	manner.n.01	0.976
105194479	consequence.n.01	0.614
105195082	hazard.n.01	0.627
105196482	score.n.05	0.611
105196711	mean.n.01	None
105200912	manner.n.01	0.934
105201871	manner.n.01	0.754
121979563	manner.n.01	0.768
121980546	mean.n.01	None
105205455	manner.n.01	0.827
105208119	manner.n.01	0.802
105211568	mean.n.01	None
105215231	manner.n.01	0.379
121992579	manner.n.01	0.988
105216014	manner.n.01	0.941
105216451	manner.n.01	0.833
105217446	principle.n.02	0.368
113608070	manner.n.01	0.994
105221063	manner.n.01	0.993
105222752	mean.n.01	None
122000439	sense.n.02	0.995
105224769	manner.n.01	0.982
105224991	hazard.n.01	0.602
105225323	mean.n.01	None
105225809	kind.n.01	None
105226069	mean.n.01	None
105228131	circumstance.n.01	0.839
105229143	character.n.03	0.873
113630232	means.n.01	0.716
105245153	manner.n.01	0.594
105248139	mean.n.01	None
105249213	manner.n.01	0.978
105249846	manner.n.01	0.65
105249911	manner.n.01	0.973
105250076	manner.n.01	0.578
105250166	manner.n.01	0.918
105250748	manner.n.01	0.995
105251302	kind.n.01	None
105254047	kind.n.01	None
105254164	method.n.01	0.999
105255788	policy.n.01	0.744
105258581	principle.n.03	0.396
105258961	method.n.01	0.988
105259286	manner.n.01	0.987
105260391	manner.n.01	0.744
105260739	absolutism.n.01	0.582
113649597	manner.n.01	0.97
105263065	respect.n.01	0.928
105264323	manner.n.01	0.993
105265113	manner.n.01	0.998
105265497	respect.n.01	0.997
105266860	manner.n.01	0.993
105269912	manner.n.01	0.95
105274368	means.n.01	0.794
105275966	way.n.04	0.506
105276129	manner.n.01	0.704
105276446	character.n.03	0.922
105276537	character.n.03	0.779
105276715	manner.n.01	0.968
105279941	manner.n.01	0.983
105280251	mean.n.01	None
105281769	manner.n.01	0.889
113671544	manner.n.01	0.971
105289043	manner.n.01	0.906
105294381	mean.n.01	None
105295290	method.n.01	1.0
105296141	method.n.01	1.0
113687052	manner.n.01	0.908
105298607	manner.n.01	0.987
113688368	manner.n.01	0.839
113690717	manner.n.02	0.853
113691983	manner.n.01	0.696
105306848	manner.n.01	0.995
105307102	manner.n.01	0.994
105308579	manner.n.01	0.988
105309339	way.n.04	0.541
105309432	means.n.01	0.948
105309732	topographic_point.n.01	0.991
105311472	means.n.01	0.938
105311539	manner.n.01	0.991
105312278	manner.n.01	0.836
113702531	manner.n.01	0.917
105316013	method.n.01	0.991
113706094	manner.n.01	0.909
105319612	means.n.01	0.5
105327714	mean.n.01	None
113718605	manner.n.01	0.981
105330558	kind.n.01	None
105331624	behavior.n.01	0.796
105333608	means.n.01	0.67
105333771	manner.n.01	0.9
105334981	manner.n.01	0.92
113725152	system.n.04	0.62
105338519	manner.n.01	0.963
105338875	sense.n.02	0.881
105340096	mean.n.01	None
105340341	means.n.01	0.842
105345359	mean.n.01	None
105347513	manner.n.01	0.957
105348685	manner.n.01	0.912
105350458	mean.n.01	None
105350600	mean.n.01	None
105356990	manner.n.01	0.41
105357181	manner.n.01	0.923
105363107	character.n.03	0.898
105363257	means.n.01	0.826
105364742	reason.n.01	0.716
105365496	mean.n.01	None
113758022	custom.n.01	0.649
105374723	manner.n.01	0.981
105387280	manner.n.01	0.899
105396175	manner.n.01	0.898
105399325	mean.n.01	None
105399474	manner.n.01	0.572
105405342	manner.n.01	0.67
105406185	mean.n.01	None
105409662	mean.n.01	None
105412149	mean.n.01	None
105415562	way.n.04	0.573
105416295	manner.n.01	0.956
105421563	manner.n.01	0.798
105424332	manner.n.01	0.852
105425768	mean.n.01	None
105427256	manner.n.01	0.989
105428622	manner.n.01	0.529
105428851	mean.n.01	None
105429640	manner.n.01	0.989
105430527	mean.n.01	None
105437078	manner.n.01	0.53
105441750	manner.n.01	0.707
105453269	reason.n.01	0.896
105455875	manner.n.01	0.503
105456116	expressive_style.n.01	0.646
105456236	manner.n.01	0.936
105457846	manner.n.01	0.688
105458598	mean.n.01	None
105676082	manner.n.01	0.8
105676181	manner.n.01	0.895
105678307	manner.n.01	0.943
105681039	manner.n.01	0.914
105687331	manner.n.01	0.909
105687437	manner.n.01	0.883
105762648	character.n.03	0.778
105764817	manner.n.01	0.687
105769320	character.n.03	0.936
105769535	character.n.03	0.679
105769664	manner.n.01	0.735
105770034	character.n.03	0.493
105770110	practice.n.01	0.954
105772188	qualification.n.01	0.993
105772511	manner.n.01	0.702
105772714	character.n.03	0.877
105774937	disposition.n.01	0.516
105775536	form.n.10	0.279
122606858	form.n.03	0.5
122607799	manner.n.01	0.995
122613965	expressive_style.n.01	0.541
122615379	manner.n.01	0.981
122615501	manner.n.01	0.973
122615531	heart.n.06	0.452
122618438	manner.n.01	0.801
122625131	manner.n.01	0.643
122634240	manner.n.01	0.739
122635108	manner.n.01	0.915
122638228	method.n.01	0.997
122639420	expressive_style.n.01	0.693
122640796	kind.n.01	None
122641030	kind.n.01	0.794
122643587	manner.n.01	0.991
122644409	manner.n.01	0.866
122645059	system.n.04	0.887
122650183	manner.n.01	0.917
122653408	manner.n.01	0.943
122655893	character.n.03	0.841
122659906	method.n.01	0.999
122660235	manner.n.01	0.981
122662628	manner.n.01	0.461
122676638	manner.n.01	0.493
122677166	term.n.01	0.789
122677232	mean.n.01	None
122679942	manner.n.01	0.986
122692489	sense.n.02	0.996
122696127	trope.n.01	None
122698183	mood.n.03	0.948
122698191	temper.n.02	0.773
122698258	climate.n.02	0.406
122716831	kind.n.01	0.894
122716919	means.n.01	0.459
122716990	manner.n.01	0.542
122717003	modality.n.01	0.329
122717653	manner.n.01	0.814
122717948	manner.n.01	0.557
122718052	modality.n.01	0.593
122718084	modality.n.01	0.674
122719490	manner.n.01	0.795
122722716	manner.n.01	0.766
122725960	manner.n.01	0.796
122725979	kind.n.01	0.868
122729958	method.n.01	0.998
122730684	manner.n.01	0.832
122730706	manner.n.01	0.696
122730776	method.n.01	0.995
122730805	manner.n.01	0.802
122730829	manner.n.01	0.822
122730903	explanation.n.01	0.686
122731012	method.n.01	0.991
122731023	manner.n.01	0.898
122731201	means.n.01	0.469
122731641	manner.n.01	0.548
122732073	manner.n.01	0.626
122732534	means.n.01	0.632
105955534	manner.n.01	0.895
122732831	means.n.01	0.728
122739041	expressive_style.n.01	0.795
122747440	manner.n.01	0.814
122754611	disposition.n.01	0.525
122763582	manner.n.01	0.99
122763865	manner.n.01	0.995
122764865	method.n.01	0.966
122770872	manner.n.01	0.992
122773557	manner.n.01	0.968
122788115	manner.n.01	0.757
106017852	manner.n.01	0.992
106110216	mean.n.01	None
106110858	manner.n.01	0.981
106112354	manner.n.01	0.974
106113694	quality.n.03	0.961
106114701	manner.n.01	0.952
106115963	manner.n.01	0.981
106117662	manner.n.01	0.926
106118159	manner.n.01	0.983
106120921	manner.n.01	0.979
106124366	manner.n.01	0.69
106125863	manner.n.01	0.458
106131297	inclination.n.01	0.701
106133858	manner.n.01	0.981
106134324	manner.n.01	0.904
106138625	manner.n.01	0.99
106141099	disposition.n.01	0.477
106142258	inclination.n.01	0.617
106142429	manner.n.01	0.57
106143582	manner.n.01	0.905
106145508	manner.n.01	0.625
106145706	kind.n.01	0.939
106146111	manner.n.01	0.986
106147709	inclination.n.01	0.737
106148916	manner.n.01	0.929
106149102	manner.n.01	0.975
106151267	manner.n.01	0.777
106157268	manner.n.01	0.978
106157543	manner.n.01	0.979
106158036	inclination.n.01	0.554
106158137	manner.n.01	0.986
106159891	inclination.n.01	0.515
106161499	manner.n.01	0.983
106161996	manner.n.01	0.688
114551296	manner.n.01	0.567
114551307	manner.n.02	0.717
114551386	manner.n.02	0.576
114552284	maneuver.n.03	0.355
114552311	manner.n.01	0.725
114552351	manner.n.01	0.65
114552821	musical_composition.n.01	0.457
106164694	kind.n.01	None
106165525	inclination.n.01	0.425
114554421	manner.n.01	0.912
114555223	manner.n.01	0.675
114555263	manner.n.01	0.579
114555407	method.n.01	0.801
114556080	manner.n.01	0.835
114557314	study.n.02	0.789
106170269	manner.n.01	0.995
106171314	guise.n.01	None
106172098	way.n.05	0.59
106172708	manner.n.01	0.988
106174295	manner.n.01	0.968
106174798	manner.n.01	0.96
106175904	manner.n.01	0.988
106176701	manner.n.01	0.76
106177159	manner.n.01	0.985
106177259	manner.n.01	0.97
106179097	manner.n.01	0.976
106180998	manner.n.01	0.721
106181455	manner.n.01	0.815
106181856	manner.n.01	0.969
106183823	manner.n.01	0.982
106186391	manner.n.01	0.98
106187898	manner.n.01	0.974
106188194	manner.n.01	0.97
106188679	manner.n.01	0.913
106189056	manner.n.01	0.989
106189488	manner.n.01	0.981
106190131	manner.n.01	0.967
106190318	manner.n.01	0.996
106193266	manner.n.01	0.518
106195465	inclination.n.01	0.621
106196857	manner.n.01	0.975
106199169	way.n.05	0.666
106200713	manner.n.01	0.981
106200943	manner.n.01	0.972
106200990	manner.n.01	0.946
106202373	manner.n.01	0.979
106204434	manner.n.01	0.986
106204797	manner.n.01	0.996
106207543	manner.n.01	0.977
106207586	manner.n.01	0.99
106208084	manner.n.01	0.978
106208118	manner.n.01	0.898
106210451	manner.n.01	0.986
106210490	manner.n.01	0.978
106211010	manner.n.01	0.899
106212668	manner.n.01	0.993
114602272	way.n.05	0.809
106214040	manner.n.01	0.762
114602727	character.n.03	0.661
114603293	character.n.03	0.803
106215219	manner.n.01	0.874
106215368	manner.n.01	0.974
106221196	manner.n.01	0.99
106221590	speech.n.02	0.82
106221721	manner.n.01	0.982
106222016	manner.n.01	0.902
106222193	manner.n.01	0.986
106224111	manner.n.01	0.494
106224650	manner.n.01	0.99
106225754	degree.n.01	0.68
106229389	manner.n.01	0.987
106231552	manner.n.01	0.985
106232189	manner.n.01	0.965
106232887	manner.n.01	0.988
106233957	inclination.n.01	0.586
106238101	manner.n.01	0.973
106238221	manner.n.01	0.718
106239889	manner.n.01	0.946
106242000	manner.n.01	0.945
106242284	inclination.n.01	0.576
106242476	manner.n.01	0.972
106242830	manner.n.01	0.893
106245846	manner.n.01	0.984
106246083	manner.n.01	0.948
114635236	behavior.n.01	0.912
106247796	manner.n.01	0.983
106249156	manner.n.01	0.983
106249526	manner.n.01	0.959
106250109	manner.n.01	0.981
114638850	manner.n.01	0.795
106251909	manner.n.01	0.914
106253480	manner.n.01	0.968
106254872	inclination.n.01	0.631
114643505	manner.n.01	0.838
114645237	manner.n.01	0.966
106258562	manner.n.01	0.867
106258624	manner.n.01	0.99
106258640	manner.n.01	0.99
106258868	manner.n.01	0.979
114647936	character.n.03	0.923
114648238	manner.n.01	0.555
106263237	manner.n.01	0.867
106264184	manner.n.01	0.976
106264408	inclination.n.01	0.628
123042002	sense.n.02	0.995
123042018	manner.n.01	0.863
114653835	manner.n.01	0.861
106265309	manner.n.01	0.732
106265464	manner.n.01	0.673
106265962	manner.n.01	0.682
114654985	manner.n.01	0.828
123043903	course.n.02	0.439
114656276	manner.n.01	0.782
106269114	manner.n.01	0.987
106269935	inclination.n.01	0.662
114659695	manner.n.01	0.855
106271303	inclination.n.01	0.752
106272744	manner.n.01	0.976
114661961	means.n.01	0.903
123050950	degree.n.01	0.744
114662530	manner.n.01	0.516
114663957	sense.n.02	0.918
123052775	manner.n.01	0.666
123052954	manner.n.02	0.795
106278819	inclination.n.01	0.646
106279837	inclination.n.01	0.618
106280168	disposition.n.01	0.482
106281909	manner.n.01	0.978
106282212	inclination.n.01	0.736
106283197	mean.n.01	None
106283741	manner.n.01	0.956
106283849	manner.n.01	0.797
123061319	condition.n.01	0.797
106286567	sense.n.02	0.894
123063812	manner.n.01	0.743
106287600	inclination.n.01	0.666
106288743	inclination.n.01	0.598
106289779	manner.n.01	0.973
106289869	manner.n.01	0.945
106290604	manner.n.01	0.959
106292093	manner.n.01	0.973
106292407	sense.n.02	0.999
106292605	manner.n.01	0.99
106294883	manner.n.01	0.98
106294908	manner.n.01	0.983
106295280	manner.n.02	0.852
106295916	manner.n.01	0.949
114684974	way.n.04	0.663
106296839	manner.n.01	0.988
106296909	manner.n.01	0.974
106297944	manner.n.01	0.985
123076112	manner.n.01	0.496
106300556	character.n.03	0.889
106300771	manner.n.01	0.989
106302216	manner.n.01	0.988
106303739	manner.n.01	0.829
106304499	kind.n.01	None
123082443	method.n.01	0.999
106305796	manner.n.01	0.986
106305976	inclination.n.01	0.717
106306757	manner.n.01	0.968
123084718	expressive_style.n.01	0.776
106309493	manner.n.01	0.981
106310154	manner.n.01	0.985
106310411	manner.n.01	0.96
123088499	manner.n.01	0.864
123089042	manner.n.02	0.833
106311880	fashion.n.02	0.611
123089309	way.n.05	0.514
123090129	switch.n.07	0.33
106314156	manner.n.01	0.992
123091599	procedure.n.01	0.956
106314795	manner.n.01	0.976
106314971	manner.n.01	0.969
106315335	inclination.n.01	0.558
106315420	inclination.n.01	0.519
123094263	method.n.01	0.997
106317965	inclination.n.01	0.712
106318405	manner.n.01	0.918
123095805	manner.n.01	0.797
106320034	disposition.n.01	0.516
106320618	inclination.n.01	0.851
106321427	inclination.n.01	0.676
106321830	inclination.n.01	0.756
106323348	manner.n.01	0.982
106323889	manner.n.01	0.93
106324048	inclination.n.01	0.635
106325691	inclination.n.01	0.493
106326180	manner.n.01	0.777
106327490	sense.n.02	0.985
106328098	inclination.n.01	0.68
106329166	inclination.n.01	0.509
106329987	inclination.n.01	0.486
106330085	manner.n.01	0.521
106331502	manner.n.01	0.94
123108996	relation.n.01	0.991
106332268	manner.n.01	0.974
123109717	manner.n.01	0.773
123109883	manner.n.01	0.667
123109915	manner.n.01	0.882
106333588	manner.n.01	0.572
106333886	manner.n.01	0.821
123111387	manner.n.01	0.521
106334309	manner.n.01	0.985
106335015	manner.n.01	0.978
123112460	manner.n.01	0.741
123112643	manner.n.01	0.703
123113351	manner.n.01	0.773
106336254	manner.n.01	0.978
106336865	manner.n.01	0.985
123114126	manner.n.01	0.688
123114182	manner.n.01	0.803
106337341	inclination.n.01	0.766
106339362	kind.n.01	None
106342848	manner.n.01	0.97
123120175	manner.n.01	0.798
106343944	manner.n.01	0.964
106344381	manner.n.01	0.979
123121964	sense.n.02	0.979
106344929	disposition.n.01	0.537
106345160	manner.n.01	0.882
106346511	manner.n.01	0.981
106348379	manner.n.01	0.97
106349202	manner.n.01	0.956
123127684	aspect.n.01	0.742
123127693	aspect.n.01	0.7
106350936	inclination.n.01	0.488
106351373	manner.n.01	0.754
106351967	manner.n.01	0.99
106352983	manner.n.01	0.992
106354131	manner.n.01	0.954
106355270	expressive_style.n.01	0.794
123133641	kind.n.01	0.63
106356597	means.n.01	0.476
123133969	degree.n.01	0.779
106356913	manner.n.01	0.993
106356983	manner.n.01	0.653
106358544	manner.n.01	0.543
123137751	modality.n.01	0.545
123137795	manner.n.01	0.794
123137934	manner.n.01	0.549
106360906	inclination.n.01	0.718
123139366	manner.n.01	0.716
123139724	process.n.02	0.55
106365547	manner.n.01	0.939
123142808	personality.n.01	0.918
123142891	means.n.01	0.713
106365884	manner.n.01	0.99
106368384	sense.n.02	0.998
123146011	manner.n.01	0.555
106369689	manner.n.01	0.652
106371169	manner.n.01	0.958
123149778	manner.n.01	0.793
106373589	manner.n.01	0.919
106373735	inclination.n.01	0.541
123151423	manner.n.01	0.822
106375939	inclination.n.01	0.678
123153232	manner.n.01	0.604
106376600	manner.n.01	0.988
106376696	inclination.n.01	0.558
106378050	inclination.n.01	0.799
106378386	inclination.n.01	0.559
106379310	inclination.n.01	0.448
106382266	manner.n.01	0.995
106382640	disposition.n.01	0.529
106382901	inclination.n.01	0.588
106382939	character.n.03	0.736
106383037	inclination.n.01	0.665
106383247	inclination.n.01	0.679
123161927	procedure.n.01	0.548
106385186	manner.n.01	0.981
123162894	manner.n.01	0.746
123163027	manner.n.01	0.666
123163254	manner.n.01	0.917
106386293	manner.n.01	0.982
106387269	manner.n.01	0.969
106387852	inclination.n.01	0.509
106388133	manner.n.01	0.501
106389705	manner.n.01	0.993
106389726	manner.n.01	0.958
123167043	manner.n.01	0.792
123167442	manner.n.01	0.695
123167543	phase.n.01	0.949
106390793	manner.n.01	0.993
106390826	disposition.n.01	0.513
106391069	manner.n.01	0.986
123170029	manner.n.01	0.715
123170274	method.n.01	0.988
123171734	manner.n.01	0.727
106396836	manner.n.01	0.982
123177763	manner.n.01	0.731
106402017	manner.n.01	0.994
123179353	method.n.01	0.988
106402784	manner.n.01	0.98
106405783	system.n.04	0.613
123186651	manner.n.01	0.684
106415619	manner.n.01	0.948
106416063	manner.n.01	0.994
106416933	manner.n.01	0.959
106421808	manner.n.01	0.971
106422290	manner.n.01	0.982
123200288	character.n.03	0.914
106423352	manner.n.01	0.982
106425117	manner.n.01	0.993
106425408	manner.n.01	0.98
123203021	manner.n.01	0.857
106426746	manner.n.01	0.988
106427417	manner.n.01	0.91
106427951	manner.n.01	0.962
106428039	manner.n.01	0.906
106428703	manner.n.01	0.874
106429016	manner.n.01	0.981
123208989	sense.n.02	0.995
106433084	rule.n.01	0.508
106435229	manner.n.01	0.982
123212688	mode.n.02	0.376
106435567	manner.n.01	0.967
106436534	meaning.n.01	0.703
123213891	manner.n.01	0.93
106436973	manner.n.01	0.987
106437094	manner.n.01	0.991
123217000	method.n.01	0.997
106439949	manner.n.01	0.982
123219236	manner.n.01	0.746
106443543	manner.n.01	0.787
106446911	manner.n.01	0.988
106448011	manner.n.01	0.705
106448214	manner.n.01	0.623
123225547	sense.n.02	0.979
106449767	manner.n.01	0.926
106449937	inclination.n.01	0.499
123227574	principle.n.04	0.351
106450936	manner.n.01	0.988
106452163	character.n.03	0.906
106452425	manner.n.01	0.979
106453933	manner.n.01	0.601
106457145	manner.n.01	0.753
123235160	mode.n.02	0.598
106460725	manner.n.01	0.98
106461767	manner.n.01	0.991
123239071	sense.n.02	0.991
106463370	extent.n.01	0.659
123240706	sense.n.02	0.876
123241237	kind.n.01	0.93
106464366	heart.n.01	0.956
106464767	manner.n.01	0.976
106465786	description.n.01	0.691
123243221	manner.n.01	0.608
106466394	inclination.n.01	0.56
123244252	manner.n.01	0.846
106467298	manner.n.01	0.899
106471965	disposition.n.01	0.691
123250748	kind.n.01	0.471
106474343	manner.n.01	0.971
106474977	manner.n.01	0.901
106475054	manner.n.01	0.735
123252875	manner.n.01	0.717
106476462	manner.n.01	0.987
106477272	manner.n.01	0.6
106478634	manner.n.01	0.976
106478723	manner.n.01	0.86
123256844	manner.n.01	0.869
106482775	manner.n.01	0.918
123265903	manner.n.01	0.9
106490074	manner.n.01	0.989
106491779	manner.n.01	0.924
106495110	manner.n.01	0.783
123272453	sense.n.02	0.968
106495553	manner.n.01	0.966
106496333	inclination.n.01	0.489
106498121	case.n.04	0.692
106500310	manner.n.01	0.947
106501201	manner.n.01	0.99
106501385	manner.n.01	0.985
106502567	manner.n.01	0.992
106502971	kind.n.01	0.524
106503092	habit.n.02	0.702
106505008	manner.n.01	0.981
106506750	term.n.01	0.853
123284660	manner.n.01	0.853
106508256	manner.n.01	0.895
106509171	manner.n.01	0.98
106509267	manner.n.01	0.981
106512039	manner.n.01	0.986
106513790	manner.n.01	0.992
106514503	manner.n.01	0.976
106514595	manner.n.01	0.968
106516030	manner.n.01	0.963
106518847	inclination.n.01	0.648
106519682	manner.n.01	0.974
106520109	manner.n.01	0.989
106521559	manner.n.01	0.987
106521971	manner.n.01	0.986
106522215	manner.n.01	0.963
106522627	manner.n.01	0.966
106526011	manner.n.01	0.97
106526044	manner.n.01	0.9
106526732	manner.n.01	0.988
106528199	manner.n.01	0.961
106528449	manner.n.01	0.98
106531493	manner.n.01	0.987
106534362	manner.n.01	0.99
106535260	manner.n.02	0.617
106535960	manner.n.01	0.975
106535983	manner.n.01	0.981
123317734	method.n.01	0.994
123317757	manner.n.01	0.953
106544886	fashion.n.02	0.689
123322119	character.n.03	0.785
123322821	manner.n.02	0.933
106545902	manner.n.01	0.986
106548096	manner.n.01	0.983
106549473	manner.n.01	0.969
106549732	manner.n.01	0.994
106550645	manner.n.01	0.957
123327870	kind.n.01	None
123328376	manner.n.01	0.938
123328425	symbol.n.01	0.613
123328526	manner.n.01	0.907
106552489	manner.n.01	0.974
123329959	manner.n.01	0.975
106554158	manner.n.01	0.478
106554284	manner.n.01	0.992
106554565	manner.n.01	0.952
106555460	manner.n.01	0.992
106556392	manner.n.01	0.993
106556629	manner.n.01	0.941
106556697	manner.n.01	0.865
123334321	manner.n.01	0.952
123335836	manner.n.01	0.977
106558654	manner.n.01	0.99
123335939	method.n.01	0.996
106558990	manner.n.01	0.966
106560662	manner.n.01	0.978
106561797	manner.n.01	0.888
123341616	mean.n.01	None
106564926	manner.n.01	0.986
123344507	means.n.01	0.914
106567740	manner.n.01	0.965
106568087	manner.n.01	0.968
106571975	manner.n.01	0.98
106572446	inclination.n.01	0.493
106573370	manner.n.01	0.98
106575349	manner.n.01	0.95
106576503	manner.n.01	0.949
106576683	manner.n.01	0.886
106577850	inclination.n.01	0.733
106577957	manner.n.01	0.975
106578780	mean.n.01	None
106580189	manner.n.01	0.955
106584588	manner.n.01	0.985
106584949	manner.n.01	0.979
106587604	manner.n.01	0.98
114986771	character.n.06	0.609
114992176	nature.n.01	0.665
114992413	manner.n.01	0.952
115044299	manner.n.01	0.998
106736306	manner.n.01	0.993
106736796	manner.n.01	0.992
106736840	way.n.05	0.876
106737852	manner.n.01	0.995
106739080	manner.n.01	0.807
106739915	manner.n.01	0.99
106740030	manner.n.01	0.989
106742204	inclination.n.01	0.478
106745029	manner.n.01	0.986
106745995	manner.n.01	0.985
106746200	manner.n.01	0.989
106746829	manner.n.01	0.957
106746874	manner.n.01	0.813
106747130	manner.n.01	0.991
106747496	manner.n.01	0.983
106749710	manner.n.01	0.995
106753605	manner.n.01	0.989
106754007	manner.n.01	0.993
123531834	method.n.01	0.994
123532161	method.n.01	0.998
106755703	manner.n.01	0.989
106756917	means.n.01	0.862
106757351	manner.n.01	0.934
106758333	means.n.01	0.805
123536146	custom.n.02	0.549
106763317	circumstance.n.01	0.812
106763366	mean.n.01	None
123541907	manner.n.01	0.955
123543116	manner.n.01	0.668
123543579	explanation.n.01	0.543
123544446	manner.n.01	0.988
106767294	manner.n.01	0.991
106767860	manner.n.01	0.646
106768603	manner.n.01	0.912
106769283	manner.n.01	0.994
123546565	manner.n.01	0.966
123548789	manner.n.01	0.953
106772319	nature.n.04	0.498
123552356	manner.n.01	0.991
106776084	manner.n.01	0.991
123553814	manner.n.01	0.982
106776742	condition.n.07	0.989
106777423	manner.n.01	0.993
123554664	manner.n.01	0.965
123554722	manner.n.01	0.858
123555416	manner.n.01	0.984
106778797	manner.n.01	0.994
123556408	manner.n.01	0.911
123557429	manner.n.01	0.985
123558677	manner.n.01	0.978
123558833	manner.n.01	0.985
106785988	character.n.03	0.804
106792501	manner.n.01	0.914
106796792	character.n.03	0.685
106807538	manner.n.01	0.984
123587044	character.n.03	0.865
123587082	manner.n.01	0.751
123590169	manner.n.01	0.931
123591921	form.n.10	0.391
123592952	manner.n.01	0.707
106816469	means.n.01	0.741
123597622	manner.n.01	0.976
123597631	manner.n.01	0.976
106832400	manner.n.01	0.99
106836731	mean.n.01	None
115233546	manner.n.01	0.949
115235084	manner.n.01	0.882
106847420	mean.n.01	None
115236479	manner.n.01	0.947
106848802	manner.n.01	0.86
106852715	manner.n.01	0.874
115242198	system.n.02	0.414
115242713	method.n.01	0.999
115243051	method.n.01	0.996
115243842	manner.n.01	0.677
115243913	manner.n.01	0.824
115244104	manner.n.01	0.995
115244251	method.n.01	0.996
115248194	method.n.01	0.999
115248958	view.n.02	0.692
106863040	manner.n.01	0.966
115252320	procedure.n.01	0.885
115252393	manner.n.01	0.845
115252459	manner.n.01	0.944
115254111	method.n.01	0.996
115254525	manner.n.01	0.722
106866274	manner.n.01	0.982
115255082	manner.n.01	0.667
115255348	manner.n.01	0.713
115255483	manner.n.01	0.843
115255845	manner.n.01	0.929
115256022	manner.n.01	0.907
115256855	manner.n.01	0.915
115257075	manner.n.01	0.496
115257583	procedure.n.01	0.882
115258073	method.n.01	0.997
115258195	method.n.01	0.985
115259362	method.n.01	0.999
106870768	manner.n.01	0.93
115259655	manner.n.01	0.768
115260193	manner.n.01	0.845
115260517	manner.n.01	0.869
115260784	method.n.01	1.0
115260838	manner.n.01	0.876
115261073	manner.n.01	0.887
115262070	manner.n.01	0.993
115263467	manner.n.01	0.797
123652327	manner.n.01	0.988
106875195	disposition.n.01	0.552
115264181	method.n.01	0.998
115264328	manner.n.01	0.875
115266486	manner.n.01	0.995
115266761	manner.n.01	0.89
115267309	manner.n.01	0.69
115267329	manner.n.01	0.859
106878957	manner.n.01	0.983
115267971	method.n.01	0.991
115268078	scheme.n.01	0.761
115269589	manner.n.01	0.989
106881013	manner.n.01	0.995
106881251	manner.n.01	0.984
115269931	manner.n.01	0.638
115270339	character.n.04	0.549
115270892	course.n.04	0.813
115272406	manner.n.01	0.887
115273002	manner.n.01	0.978
115273205	manner.n.01	0.897
115274119	manner.n.01	0.995
115274297	manner.n.01	0.996
106887793	manner.n.01	0.935
106890414	manner.n.01	0.992
106891584	manner.n.01	0.935
106891679	manner.n.01	0.991
106899604	manner.n.01	0.978
106901154	disposition.n.01	0.479
106922818	method.n.01	0.998
106931327	circumstance.n.01	0.881
115332466	mean.n.01	None
115333120	mean.n.01	None
115340388	manner.n.01	0.894
115340492	manner.n.01	0.989
115341621	kind.n.01	None
115353215	manner.n.01	0.653
115354503	manner.n.01	0.65
115357274	manner.n.01	0.868
115357524	manner.n.01	0.949
115367922	manner.n.01	0.957
115368249	manner.n.01	0.8
115372348	kind.n.01	0.919
115375605	tactic.n.01	None
115377500	manner.n.01	0.643
115378302	manner.n.01	0.596
115382607	manner.n.01	0.898
115385683	character.n.03	0.91
115387533	manner.n.01	0.815
115389693	habit.n.02	0.532
115390830	mean.n.01	None
115391534	manner.n.01	0.827
115395881	extent.n.01	0.721
115401376	manner.n.01	0.951
115404138	manner.n.01	0.975
115404342	manner.n.01	0.856
115405515	sense.n.02	0.928
107019010	manner.n.01	0.928
115408516	means.n.01	0.514
115410009	manner.n.01	0.814
115410251	behavior.n.01	0.663
115412786	kind.n.01	0.966
115413051	manner.n.01	0.529
115425526	character.n.03	0.866
115427558	manner.n.01	0.658
115436137	beginning.n.04	0.616
115437216	manner.n.01	0.935
107054815	mean.n.01	None
115444309	character.n.03	0.691
115447638	way.n.04	0.92
115448371	manner.n.01	0.868
107060829	method.n.01	0.983
107061943	manner.n.01	0.948
107062188	manner.n.01	0.966
107064420	form.n.01	0.833
107064746	manner.n.01	0.938
115454246	fashion.n.02	0.64
107065780	manner.n.01	0.979
107068309	manner.n.01	0.987
107068480	manner.n.01	0.983
107070094	manner.n.01	0.985
107070233	manner.n.01	0.824
115459427	manner.n.01	0.708
115462550	kind.n.01	0.817
115464487	manner.n.01	0.779
115469304	manner.n.01	0.977
115471585	manner.n.01	0.688
107083415	mean.n.01	None
107085593	method.n.01	0.998
107085809	manner.n.01	0.985
115474639	manner.n.01	0.907
107086257	mean.n.01	None
115478842	manner.n.01	0.738
107092347	manner.n.01	0.993
115481410	manner.n.01	0.947
115483015	means.n.01	0.653
107094838	manner.n.01	0.98
107095130	manner.n.01	0.976
107095932	temper.n.03	0.569
107095961	manner.n.01	0.985
107096335	way.n.05	0.821
107097407	method.n.01	0.998
107097686	method.n.01	0.996
115486417	manner.n.01	0.877
107098357	manner.n.01	0.994
115487326	manner.n.01	0.893
107098735	manner.n.01	0.868
107104578	manner.n.01	0.972
107105053	manner.n.01	0.719
107105409	manner.n.01	0.995
115495070	way.n.04	0.584
115496710	attitude.n.01	0.993
115498734	manner.n.01	0.891
107111445	behavior.n.01	0.798
115501771	manner.n.01	0.984
115502583	mean.n.01	None
115502939	manner.n.01	0.905
107114583	nature.n.01	0.905
107114832	manner.n.01	0.973
115503604	manner.n.01	0.965
115503772	manner.n.01	0.831
115504016	manner.n.01	0.66
115504072	manner.n.01	0.93
115504699	character.n.03	0.684
107117024	means.n.01	0.714
107117846	manner.n.01	0.711
115506514	manner.n.01	0.603
115506880	kind.n.01	0.916
107118974	manner.n.01	0.871
115508597	circumstance.n.01	0.661
115509372	character.n.03	0.67
115509748	manner.n.01	0.647
107121848	method.n.01	0.997
107122426	manner.n.01	0.956
107122493	manner.n.01	0.929
107124060	manner.n.01	0.991
115512805	nature.n.01	0.6
107125179	manner.n.01	0.893
115513933	manner.n.01	0.836
107126523	manner.n.01	0.984
107126549	manner.n.01	0.967
107127466	method.n.01	0.998
107127490	method.n.01	0.997
115517669	character.n.03	0.833
115518396	manner.n.01	0.668
107133338	manner.n.01	0.984
115522271	manner.n.01	0.792
115523648	manner.n.01	0.789
123912506	manner.n.02	0.868
107136143	manner.n.01	0.973
107137007	manner.n.01	0.982
115525875	moral.n.01	None
123914688	manner.n.02	0.735
115526487	extent.n.01	0.606
115526784	fashion.n.02	0.582
107138401	manner.n.01	0.981
115527070	manner.n.01	0.605
107138838	nature.n.01	0.918
107139263	manner.n.01	0.973
107139342	manner.n.01	0.866
107140673	manner.n.01	0.976
115529751	manner.n.01	0.916
115532777	manner.n.01	0.957
107144314	manner.n.01	0.991
115533452	moral.n.01	None
123922579	manner.n.01	0.98
115534743	manner.n.01	0.92
107146313	manner.n.01	0.989
107146532	means.n.01	0.758
107146553	method.n.01	0.993
115535771	manner.n.01	0.917
107147992	mean.n.01	None
107148029	mean.n.01	None
107148104	kind.n.01	None
107149246	manner.n.01	0.957
107149783	manner.n.01	0.976
107150074	character.n.03	0.929
107150418	character.n.03	0.942
115539040	manner.n.01	0.973
107150540	inclination.n.01	0.47
115539444	moral.n.01	None
107151290	manner.n.01	0.694
107152287	manner.n.01	0.985
115542152	manner.n.01	0.575
107154376	mean.n.01	None
107154564	manner.n.01	0.996
107154983	temper.n.02	0.746
107156418	nature.n.01	0.508
107156528	mean.n.01	None
107161563	mean.n.01	None
107161926	manner.n.01	0.975
107162351	manner.n.01	0.981
107163568	manner.n.01	0.937
107164741	manner.n.01	0.983
107164909	mean.n.01	None
115555864	manner.n.01	0.994
115557245	manner.n.01	0.933
107172663	manner.n.01	0.992
115562089	manner.n.01	0.988
107176935	kind.n.01	None
107176986	form.n.03	0.548
115567363	manner.n.01	0.942
107180698	manner.n.01	0.835
107183903	manner.n.01	0.947
107184235	means.n.01	0.546
107184951	manner.n.01	0.978
107185332	method.n.01	0.992
107185453	manner.n.01	0.905
107185495	manner.n.01	0.878
107185543	manner.n.01	0.972
115574239	manner.n.01	0.98
107186028	manner.n.01	0.929
115574758	means.n.01	0.9
107190129	mean.n.01	None
107191770	manner.n.01	0.963
115582412	means.n.01	0.51
107193858	manner.n.01	0.953
115584219	manner.n.01	0.818
107196981	manner.n.01	0.988
107199466	manner.n.01	0.818
115588187	manner.n.01	0.985
115588288	manner.n.01	0.54
107201797	manner.n.01	0.957
107203919	manner.n.01	0.959
107208718	nature.n.04	0.546
107210455	manner.n.01	0.987
115599122	manner.n.01	0.895
107211076	means.n.01	0.782
107211938	manner.n.01	0.942
107214297	mean.n.01	None
107218621	manner.n.01	0.885
107218893	manner.n.01	0.942
115607621	manner.n.01	0.982
107221731	circumstance.n.01	0.573
107222003	manner.n.01	0.991
107224303	manner.n.01	0.629
115613646	manner.n.01	0.986
107226542	manner.n.01	0.973
115615584	plan.n.01	0.924
115617602	manner.n.01	0.577
115619693	manner.n.01	0.919
107232399	manner.n.01	0.772
107233789	character.n.03	0.904
115624625	manner.n.01	0.99
107237789	inclination.n.01	0.504
107240640	mean.n.01	None
107240864	manner.n.02	0.665
107244908	inclination.n.01	0.633
107245040	character.n.03	0.791
107245354	manner.n.01	0.936
115635852	manner.n.01	0.753
107248343	manner.n.01	0.978
107248767	manner.n.01	0.993
107249157	manner.n.01	0.976
107249733	nature.n.01	0.927
107250434	manner.n.01	0.953
107251433	manner.n.01	0.892
115642393	manner.n.01	0.825
107254257	manner.n.01	0.991
107256406	manner.n.01	0.964
115645301	course.n.02	0.793
115646468	manner.n.01	0.985
115646617	manner.n.01	0.987
107258044	manner.n.02	0.878
115647359	manner.n.01	0.808
107260580	manner.n.01	0.864
107260900	manner.n.01	0.91
115654387	manner.n.01	0.917
107269217	character.n.03	0.869
115659376	form.n.03	0.354
107271691	manner.n.01	0.988
115664210	manner.n.01	0.984
107278011	manner.n.01	0.841
107280739	manner.n.01	0.967
107286755	manner.n.01	0.975
107289801	manner.n.01	0.981
115678570	manner.n.01	0.87
107296241	course.n.04	0.948
107301747	character.n.03	0.878
115691125	manner.n.01	0.982
115692654	manner.n.01	0.948
107308951	character.n.03	0.647
107313986	plan.n.01	0.841
115705902	method.n.01	0.998
107319373	manner.n.01	0.983
115708665	fashion.n.02	0.487
115710894	type.n.01	0.993
115711442	manner.n.01	0.99
107323191	manner.n.01	0.945
107325234	manner.n.01	0.948
107327112	nature.n.01	0.939
115719852	course.n.02	0.516
107331587	means.n.01	0.843
115720346	manner.n.01	0.941
107332070	manner.n.01	0.957
107334398	manner.n.01	0.978
107338381	manner.n.01	0.907
107339503	inclination.n.01	0.773
107340861	nature.n.01	0.543
107342305	mean.n.01	None
107342673	mean.n.01	None
107344604	manner.n.01	0.917
107346227	mean.n.01	None
115738123	manner.n.01	0.972
107352678	manner.n.01	0.98
107352712	manner.n.01	0.716
107354538	manner.n.01	0.881
115745462	manner.n.01	0.844
107356951	plan.n.01	0.871
107357125	manner.n.01	0.831
115746537	method.n.01	0.999
115747563	manner.n.01	0.696
115748213	manner.n.01	0.793
107360651	manner.n.01	0.938
107361607	manner.n.01	0.974
124712439	manner.n.01	0.971
107368142	inclination.n.01	0.562
107368246	mean.n.01	None
115760658	form.n.03	0.395
115763572	manner.n.01	0.603
115766134	manner.n.01	0.93
115767609	manner.n.01	0.854
115769474	path.n.03	0.797
115772541	manner.n.01	0.948
115775231	trick.n.01	0.813
115777331	manner.n.01	0.997
115777488	manner.n.01	0.716
115789217	manner.n.01	0.938
115789964	manner.n.01	0.986
115792255	manner.n.01	0.938
115794257	manner.n.01	0.965
115800179	means.n.01	0.853
115806081	manner.n.01	0.99
115808342	manner.n.01	0.639
115808987	manner.n.01	0.982
107424693	method.n.01	0.997
115816021	character.n.03	0.905
115816624	means.n.01	0.777
115818119	mean.n.01	None
107430022	kind.n.01	None
107430408	manner.n.01	0.891
107432037	tenor.n.05	0.688
115822604	manner.n.01	0.975
115825185	manner.n.01	0.981
115825631	journey.n.01	None
115829874	means.n.01	0.783
115831262	manner.n.01	0.95
115832855	manner.n.01	0.911
115835083	manner.n.01	0.648
115836034	nature.n.01	0.929
115836631	manner.n.01	0.99
115837918	manner.n.01	0.934
115839469	manner.n.01	0.985
115839905	manner.n.01	0.974
115840850	manner.n.01	0.913
115840972	manner.n.01	0.659
115841484	manner.n.01	0.986
107453680	manner.n.01	0.936
107460297	manner.n.01	0.955
107460400	form.n.03	0.431
107460513	passage.n.02	0.994
115849381	manner.n.01	0.983
107460910	manner.n.01	0.782
107462781	kind.n.01	None
107462869	metaphor.n.01	None
115854114	mean.n.01	None
115854267	form.n.03	0.242
107466718	kind.n.01	0.592
115856831	means.n.01	0.722
107468983	way.n.05	0.676
107469599	mode.n.05	0.981
107470692	manner.n.01	0.927
107471258	manner.n.01	0.933
107471414	manner.n.01	0.621
115861112	manner.n.01	0.995
107472593	manner.n.01	0.958
115861820	manner.n.01	0.995
107477102	manner.n.01	0.729
115866254	practice.n.01	0.956
107478301	manner.n.01	0.949
115867684	means.n.01	0.812
115868922	manner.n.01	0.995
115869499	manner.n.01	0.978
115869861	score.n.05	0.654
115874810	mean.n.01	None
115877552	manner.n.01	0.986
115879060	disposition.n.01	0.557
115879210	manner.n.01	0.974
107492782	manner.n.01	0.828
107494082	manner.n.01	0.799
115884516	method.n.01	0.994
107496543	custom.n.01	0.492
115891217	inclination.n.01	0.67
115891319	manner.n.02	0.958
115891515	kind.n.01	0.912
115892640	inclination.n.01	0.634
115893567	behavior.n.01	0.879
115903681	inclination.n.01	0.585
115904591	manner.n.01	0.962
115905199	manner.n.01	0.964
107526324	sense.n.02	0.923
115916617	manner.n.01	0.983
115920312	manner.n.01	0.968
107531773	character.n.03	0.335
115920430	manner.n.01	0.92
115922635	manner.n.01	0.959
115923385	manner.n.01	0.994
115925393	manner.n.01	0.981
124315752	inclination.n.01	0.704
107538844	manner.n.01	0.883
107542738	cause.n.01	0.86
107542982	manner.n.01	0.903
115933337	character.n.06	0.655
115934340	manner.n.01	0.99
115936960	manner.n.01	0.991
115937669	manner.n.01	0.766
115938276	manner.n.01	0.916
115940372	manner.n.01	0.983
115943898	manner.n.01	0.987
115944544	manner.n.01	0.983
115946504	manner.n.01	0.989
115947307	manner.n.01	0.986
115947881	manner.n.01	0.965
115949891	manner.n.01	0.989
115950211	means.n.01	0.929
115950810	manner.n.01	0.975
107563670	method.n.01	0.999
115953678	manner.n.01	0.987
107565211	manner.n.01	0.96
115954810	manner.n.01	0.976
107567391	manner.n.01	0.941
115956293	manner.n.02	0.713
115957928	manner.n.01	0.991
115961014	behavior.n.01	0.778
115964545	manner.n.01	0.993
115966499	method.n.01	0.997
115967738	manner.n.01	0.982
107580620	manner.n.01	0.795
115969576	indication.n.01	0.96
107582944	quality.n.03	0.904
115971840	manner.n.01	0.972
115976182	manner.n.01	0.974
115979747	manner.n.01	0.986
115980209	mean.n.01	None
107592918	mean.n.01	None
115981588	manner.n.01	0.543
115983068	manner.n.01	0.987
115984848	manner.n.01	0.975
115984931	manner.n.01	0.992
115987007	manner.n.01	0.978
115987040	method.n.01	0.994
115991308	means.n.01	0.846
115991884	inclination.n.01	0.539
107610098	manner.n.01	0.98
116001542	mean.n.01	None
116002204	manner.n.01	0.974
116003669	manner.n.01	0.988
116007303	manner.n.01	0.741
116007457	manner.n.01	0.957
116009371	mean.n.01	None
116012814	manner.n.01	0.995
116014506	manner.n.01	0.923
116015650	manner.n.01	0.984
116016578	manner.n.01	0.966
107628791	nature.n.01	0.909
107632674	manner.n.01	0.793
116021474	manner.n.01	0.99
116032530	moral.n.01	None
116038380	method.n.01	0.998
116041349	means.n.01	0.753
116041429	manner.n.01	0.994
107655746	manner.n.01	0.973
116046514	mean.n.01	None
116047764	temper.n.02	0.567
116048259	temper.n.03	0.514
116054513	manner.n.01	0.891
116054839	manner.n.01	0.818
116055739	custom.n.01	0.622
116058587	manner.n.01	0.987
116059201	action.n.01	0.852
116061714	method.n.01	0.984
107673137	manner.n.01	0.956
116062694	manner.n.01	0.967
116062705	manner.n.01	0.967
116065728	manner.n.01	0.981
116066725	manner.n.01	0.951
107678389	manner.n.01	0.919
116067812	manner.n.02	0.885
116070349	mean.n.01	None
116070528	score.n.05	0.528
107684293	manner.n.01	0.982
107686315	practice.n.01	0.946
116076318	manner.n.01	0.982
116078707	manner.n.01	0.956
116086435	disposition.n.01	0.534
124475325	manner.n.01	0.97
124475921	manner.n.01	0.795
124476462	manner.n.01	0.783
107701911	manner.n.01	0.678
116090840	manner.n.01	0.981
124480133	way.n.05	0.509
107703209	kind.n.01	None
124480555	manner.n.01	0.866
124484195	kind.n.01	None
107709188	plan.n.01	0.764
116097978	behavior.n.01	0.841
107709799	disposition.n.01	0.566
116100963	behavior.n.01	0.919
107716918	manner.n.01	0.997
116110191	disposition.n.01	0.567
116112718	manner.n.01	0.992
107728227	manner.n.01	0.987
116117194	manner.n.01	0.825
116122404	temper.n.02	0.628
116129364	manner.n.01	0.97
116131525	temper.n.02	0.695
124529436	character.n.03	0.847
124529547	manner.n.01	0.818
124532208	manner.n.01	0.86
116143946	mean.n.01	None
124533540	manner.n.01	0.974
124533786	method.n.01	0.992
116146797	manner.n.01	0.976
124536189	manner.n.01	0.992
124536777	manner.n.01	0.871
116149029	manner.n.01	0.891
124538387	manner.n.01	0.969
116149891	mean.n.01	None
124538865	temper.n.03	0.638
124538939	fashion.n.02	0.596
116150980	manner.n.01	0.955
124540214	manner.n.01	0.996
116152563	manner.n.01	0.96
116152884	manner.n.01	0.929
124542122	manner.n.01	0.986
124543717	manner.n.01	0.982
116157040	means.n.01	0.699
124546746	mean.n.01	None
107769704	manner.n.01	0.931
107771287	quality.n.03	0.947
124549458	manner.n.01	0.981
116162166	manner.n.01	0.972
124552362	manner.n.01	0.993
124552584	manner.n.01	0.654
116164579	manner.n.01	0.96
116165710	kind.n.01	0.982
116166449	means.n.01	0.642
124555989	manner.n.01	0.975
116167569	manner.n.01	0.947
107779348	manner.n.02	0.843
116168589	manner.n.01	0.924
124557958	manner.n.01	0.768
116169438	means.n.01	0.642
116172266	kind.n.01	None
124566844	manner.n.01	0.988
107790159	method.n.01	0.995
116179098	behavior.n.01	0.791
116180801	character.n.03	0.703
116181374	mean.n.01	None
124570534	manner.n.01	0.993
124572832	manner.n.01	0.965
124575359	condition.n.02	0.645
116189502	manner.n.01	0.978
124579747	bent.n.01	0.712
124579811	manner.n.01	0.976
124580208	manner.n.01	0.996
124584262	manner.n.01	0.976
116196191	means.n.01	0.451
124585111	manner.n.01	0.872
116200035	character.n.03	0.736
116201786	means.n.01	0.708
124594536	character.n.03	0.814
124595399	manner.n.01	0.989
124595452	way.n.05	0.749
124595885	mean.n.01	None
124597378	manner.n.01	0.996
124599039	manner.n.01	0.993
116210566	manner.n.01	0.92
116210735	manner.n.01	0.987
124600521	way.n.05	0.424
107824513	manner.n.01	0.994
124604441	character.n.03	0.556
124604491	manner.n.01	0.973
124604830	manner.n.01	0.986
124604914	manner.n.01	0.966
116217377	manner.n.01	0.95
116218419	kind.n.01	0.986
124607715	way.n.05	0.511
107830685	manner.n.01	0.9
116219470	method.n.01	0.998
107833857	manner.n.01	0.831
124611597	manner.n.01	0.987
107834473	manner.n.01	0.773
124611694	manner.n.01	0.891
124615854	season.n.01	0.61
107838956	manner.n.01	0.969
124616855	manner.n.01	0.912
124618667	way.n.05	0.839
124621325	manner.n.01	0.981
124621891	manner.n.01	0.98
124627350	manner.n.01	0.977
124627376	orderliness.n.02	0.56
124628697	mean.n.01	None
107852150	manner.n.01	0.688
124631427	manner.n.01	0.986
124635767	character.n.03	0.936
124637858	manner.n.01	0.983
124638738	character.n.03	0.667
124642330	manner.n.01	0.762
124642544	manner.n.01	0.762
124643161	habit.n.01	0.669
124643224	manner.n.01	0.992
116255726	manner.n.02	0.881
124651063	manner.n.01	0.983
116263064	manner.n.01	0.945
116265309	manner.n.01	0.924
124654474	manner.n.01	0.987
116268057	manner.n.01	0.996
124661860	manner.n.01	0.865
124662454	manner.n.01	0.988
124662498	manner.n.01	0.992
124663253	way.n.05	0.895
124663515	manner.n.01	0.848
124664113	manner.n.01	0.994
124664644	manner.n.01	0.986
124669430	manner.n.01	0.918
124671178	way.n.05	0.749
116283055	manner.n.01	0.728
124672683	manner.n.01	0.976
124673055	manner.n.01	0.584
124679544	manner.n.01	0.91
124681682	manner.n.01	0.887
124686497	character.n.03	0.787
116298342	kind.n.01	0.992
116301365	manner.n.01	0.982
116301793	manner.n.01	0.748
124691865	manner.n.01	0.985
116305053	manner.n.01	0.985
116305987	manner.n.01	0.733
124696736	manner.n.01	0.882
116308130	respect.n.01	0.978
124697157	manner.n.01	0.874
116310095	means.n.01	0.888
124700177	manner.n.01	0.915
116312666	manner.n.01	0.952
116314083	manner.n.01	0.936
124705005	manner.n.01	0.991
124706474	manner.n.01	0.973
124711398	manner.n.01	0.961
124711887	manner.n.01	0.994
124711950	manner.n.01	0.988
124713099	manner.n.01	0.975
124716518	manner.n.01	0.685
116329877	manner.n.01	0.724
116330136	manner.n.01	0.766
116330174	inclination.n.01	0.667
116330929	manner.n.01	0.846
124719983	mean.n.01	None
116331401	means.n.01	0.945
116331729	manner.n.01	0.968
124720722	manner.n.01	0.986
116332132	manner.n.01	0.957
116332730	manner.n.01	0.669
124722016	manner.n.01	0.995
124722053	manner.n.01	0.933
116334443	mean.n.01	None
116334828	manner.n.01	0.961
116336267	manner.n.01	0.981
124724957	manner.n.01	0.989
116336372	manner.n.01	0.875
124725391	manner.n.01	0.992
116337912	manner.n.01	0.78
124726562	spirit.n.03	0.699
124730759	manner.n.01	0.98
124733902	character.n.03	0.863
124734109	character.n.03	0.887
124738447	manner.n.01	0.996
124738753	manner.n.01	0.979
124740765	reason.n.01	0.713
124742634	form.n.03	0.541
124744887	manner.n.01	0.99
124747154	manner.n.01	0.976
124748819	manner.n.01	0.991
124751579	character.n.03	0.838
124752643	method.n.01	0.995
124753816	manner.n.01	0.994
124754604	manner.n.01	0.763
124757205	manner.n.01	0.895
124758627	mean.n.01	None
124759549	manner.n.01	0.838
124760538	manner.n.01	0.995
124762516	character.n.03	0.802
124762684	inclination.n.01	0.775
124764554	manner.n.01	0.966
124766402	means.n.01	0.534
124766558	manner.n.01	0.99
124767749	manner.n.01	0.908
124768546	mean.n.01	None
124769283	character.n.03	0.914
124769990	manner.n.01	0.825
124772047	manner.n.01	0.901
124772676	circumstance.n.01	0.668
124773939	mean.n.01	None
124775731	manner.n.01	0.921
124778585	manner.n.01	0.885
124778623	circumstance.n.01	0.592
124778803	manner.n.01	0.992
124780260	manner.n.01	0.954
124780314	manner.n.01	0.988
124780743	manner.n.01	0.984
108033798	method.n.01	0.995
108036625	manner.n.01	0.954
108074012	manner.n.01	0.976
108078306	mean.n.01	None
108080802	manner.n.01	0.95
108084521	manner.n.02	0.714
108084641	manner.n.01	0.898
108089340	effect.n.04	0.7
108089635	manner.n.01	0.495
108089943	manner.n.01	0.924
108091561	mean.n.01	None
108092840	condition.n.01	0.468
108093127	manner.n.01	0.957
108095662	kind.n.01	0.989
124912192	sense.n.02	0.991
124912321	fashion.n.03	0.52
124912632	manner.n.01	0.961
124912752	sense.n.02	0.989
124912848	sense.n.02	0.995
124913713	manner.n.01	0.967
124918597	manner.n.01	0.984
124920187	design.n.02	0.758
116535150	manner.n.01	0.897
116535214	manner.n.01	0.79
116535270	manner.n.01	0.918
116535277	manner.n.01	0.885
108149267	manner.n.01	0.657
116540691	modality.n.01	0.913
116542488	modality.n.01	0.798
116542727	modality.n.01	0.834
116543274	modality.n.01	0.979
116543315	modality.n.01	0.886
116543648	modality.n.01	0.82
116543666	modality.n.01	0.949
116543756	sense.n.02	0.994
116543818	manner.n.01	0.638
116543845	manner.n.01	0.811
116544116	mode.n.05	0.596
116544367	modality.n.01	0.943
116544374	modality.n.01	0.47
116545241	modality.n.01	0.635
116545299	modality.n.01	0.751
116545310	modality.n.01	0.9
116545486	manner.n.01	0.636
116545737	modality.n.01	0.59
116545761	modality.n.01	0.782
116546052	modality.n.01	0.85
116546073	modality.n.01	0.966
116546270	modality.n.01	0.723
116546282	modality.n.01	0.74
116546317	modality.n.01	0.761
116546371	manner.n.01	0.716
116546670	modality.n.01	0.646
116548395	manner.n.01	0.6
116551761	procedure.n.01	0.935
116552540	kind.n.01	0.828
116553011	manner.n.01	0.51
116554485	manner.n.01	0.586
116555487	manner.n.01	0.879
116566113	means.n.01	0.829
116566379	fallacy.n.01	None
116566770	method.n.01	0.998
116567026	manner.n.01	0.875
116570010	method.n.01	0.996
116571477	method.n.01	0.999
116573085	manner.n.01	0.843
116574103	argument.n.01	0.819
116576167	method.n.01	0.996
116576574	manner.n.01	0.885
116576716	procedure.n.01	0.821
116577105	manner.n.01	0.897
116577323	manner.n.01	0.93
116577516	quality.n.03	0.862
116578705	manner.n.01	0.787
116578725	manner.n.01	0.905
116581561	manner.n.01	0.934
116581991	manner.n.01	0.572
116585509	meaning.n.01	0.726
116585546	meaning.n.01	0.705
116585991	sense.n.02	0.996
116590053	method.n.01	0.998
116590754	fallacy.n.01	None
116591612	method.n.01	0.997
116592602	method.n.01	0.996
116592618	method.n.01	0.999
116592642	method.n.01	0.998
116592814	method.n.01	0.998
116592861	method.n.01	0.998
116592884	method.n.01	0.997
116593348	manner.n.01	0.582
108317008	means.n.01	0.769
108343941	manner.n.01	0.986
108347723	manner.n.01	0.99
108352747	kind.n.01	0.848
108353164	manner.n.01	0.983
108378965	type.n.01	0.99
116767609	manner.n.01	0.853
116768776	manner.n.01	0.901
116772503	manner.n.01	0.792
116773695	way.n.05	0.91
108385207	manner.n.01	0.474
116774262	method.n.01	0.997
116776296	degree.n.01	0.824
116780373	method.n.01	0.998
116785519	manner.n.01	0.913
108396966	manner.n.01	0.981
116789515	manner.n.01	0.669
116790626	manner.n.01	0.697
116791818	manner.n.01	0.953
116792772	trickery.n.02	0.897
116795374	way.n.05	0.674
116797107	disposition.n.01	0.599
116797152	manner.n.01	0.976
116798959	manner.n.01	0.829
116801096	manner.n.01	0.99
116804180	manner.n.01	0.883
116805311	manner.n.01	0.991
116806827	manner.n.01	0.861
116807022	manner.n.01	0.987
116815966	manner.n.01	0.747
116817973	manner.n.01	0.751
116818489	verse.n.03	0.781
116820386	manner.n.01	0.987
116822123	manner.n.01	0.993
116822792	manner.n.01	0.966
116822914	manner.n.01	0.698
116825183	manner.n.01	0.989
116826229	manner.n.01	0.733
116827293	method.n.01	0.999
116828669	manner.n.01	0.835
116831113	manner.n.01	0.91
116835858	manner.n.01	0.986
116840265	manner.n.01	0.794
116841923	manner.n.01	0.604
116853086	manner.n.01	0.988
116854914	manner.n.01	0.901
116856271	method.n.01	0.975
116858224	manner.n.01	0.998
116858999	means.n.01	0.932
116861921	manner.n.01	0.805
108473864	manner.n.01	0.991
116865989	manner.n.01	0.991
116867108	manner.n.01	0.996
116881600	manner.n.01	0.964
116883581	manner.n.01	0.993
116884767	manner.n.01	0.966
116891158	manner.n.01	0.575
116895940	nature.n.01	0.9
116903695	custom.n.01	0.52
116905091	manner.n.01	0.985
116913414	manner.n.01	0.973
116914151	manner.n.01	0.556
116914765	manner.n.01	0.769
116915026	manner.n.01	0.675
116915165	behavior.n.01	0.837
116915471	manner.n.01	0.688
108530222	manner.n.01	0.979
108530971	manner.n.01	0.979
108531455	manner.n.01	0.967
108531525	manner.n.01	0.898
108532268	inclination.n.01	0.514
116920915	manner.n.01	0.978
108533014	inclination.n.01	0.557
116923467	manner.n.01	0.587
116923916	way.n.05	0.657
108536116	manner.n.01	0.995
108536788	manner.n.01	0.859
116926063	manner.n.01	0.858
108541369	manner.n.01	0.992
108542013	manner.n.01	0.988
108546969	manner.n.01	0.993
108547433	character.n.03	0.607
108547531	temper.n.03	0.83
108548765	character.n.03	0.904
108550710	manner.n.01	0.75
108555556	sense.n.02	0.851
116946362	manner.n.01	0.909
108559103	manner.n.01	0.954
108559291	character.n.03	0.876
116949412	manner.n.01	0.781
108562162	manner.n.01	0.664
108562306	disposition.n.01	0.513
108566778	character.n.03	0.853
116956825	manner.n.01	0.963
108570966	manner.n.01	0.809
108572970	manner.n.01	0.609
108574077	kind.n.01	0.938
108574671	manner.n.01	0.959
116963598	manner.n.01	0.825
108575722	manner.n.01	0.951
108578655	character.n.03	0.886
116971438	manner.n.01	0.821
116973913	manner.n.01	0.955
116975347	manner.n.01	0.836
116975783	mean.n.01	None
108588089	manner.n.01	0.976
108588881	character.n.03	0.837
108588895	character.n.03	0.943
108593438	manner.n.01	0.976
116982561	manner.n.01	0.916
108594653	manner.n.01	0.884
108596857	manner.n.01	0.994
117005835	manner.n.01	0.969
108626817	manner.n.01	0.797
108629614	manner.n.01	0.765
108633725	manner.n.01	0.934
108634114	temper.n.02	0.78
117022825	manner.n.01	0.787
108634582	kind.n.01	0.982
108634712	quality.n.03	0.947
108636426	manner.n.02	0.511
117027993	manner.n.01	0.987
117033598	manner.n.01	0.951
108646705	manner.n.01	0.945
108648189	compulsion.n.03	0.382
117036985	form.n.11	0.327
117037188	fashion.n.03	0.595
108650194	manner.n.01	0.754
108651346	manner.n.01	0.782
108652435	nature.n.01	0.666
117041316	character.n.06	0.551
108658231	manner.n.01	0.964
117049006	habit.n.02	0.562
108662296	manner.n.01	0.987
117058597	manner.n.01	0.98
108673793	manner.n.01	0.954
108673837	manner.n.01	0.908
108674583	character.n.03	0.77
108677215	manner.n.01	0.962
117066426	plan.n.01	0.867
117069508	manner.n.01	0.932
108682044	disposition.n.01	0.569
117070809	manner.n.01	0.625
117071054	manner.n.01	0.57
108687506	kind.n.01	None
117079573	manner.n.01	0.989
117079784	manner.n.01	0.968
108692215	manner.n.01	0.905
100305465	character.n.03	0.805
108695370	respect.n.01	0.996
108696734	sport.n.01	0.861
117086837	manner.n.01	0.983
100309946	custom.n.02	0.691
100310334	manner.n.01	0.951
100310808	manner.n.01	0.846
100310994	manner.n.01	0.608
108701370	manner.n.01	0.75
108703368	manner.n.01	0.972
108704141	manner.n.01	0.774
100317200	manner.n.01	0.618
108706313	character.n.03	0.932
117096840	manner.n.01	0.89
117098422	manner.n.01	0.85
108710283	manner.n.01	0.586
108710345	character.n.03	0.93
100321916	manner.n.02	0.439
100323903	manner.n.01	0.959
108712534	manner.n.01	0.762
100326822	direction.n.01	0.675
100330756	manner.n.01	0.749
100331207	custom.n.01	0.567
117109515	mean.n.01	None
100334104	mean.n.01	None
108723682	manner.n.01	0.98
100337890	mean.n.01	None
100338535	way.n.04	0.376
108727570	manner.n.01	0.987
100340148	manner.n.01	0.987
100340698	mean.n.01	None
100341493	institution.n.01	0.879
108735245	manner.n.01	0.862
117132503	means.n.01	0.623
100357900	manner.n.01	0.978
100363463	manner.n.01	0.989
100363782	manner.n.01	0.98
108754375	manner.n.01	0.553
108757446	manner.n.01	0.75
108757987	character.n.03	0.879
100369406	mean.n.01	None
108759855	manner.n.01	0.98
108760708	manner.n.01	0.97
100372893	manner.n.01	0.947
108761700	disposition.n.01	0.535
100377700	manner.n.02	0.743
108767447	respect.n.01	0.996
108768055	habit.n.01	0.501
100383210	manner.n.01	0.967
117160969	mean.n.01	None
100383809	manner.n.01	0.985
100383990	manner.n.01	0.987
108776341	character.n.03	0.892
117166308	manner.n.01	0.896
100389376	manner.n.01	0.99
100391076	manner.n.01	0.997
100391128	mean.n.01	None
108780385	feature.n.01	0.755
108780923	fashion.n.02	0.587
108781059	manner.n.01	0.849
100393215	means.n.01	0.776
117171077	manner.n.01	0.993
108783154	manner.n.01	0.901
100394679	mean.n.01	None
100395842	mean.n.01	None
117174745	character.n.03	0.478
117175054	character.n.03	0.866
100400628	course.n.04	0.959
100400963	manner.n.01	0.965
100402849	manner.n.01	0.981
100403947	manner.n.01	0.967
117181997	discipline.n.02	0.544
108793736	kind.n.01	0.959
117185064	method.n.01	0.999
108797269	manner.n.01	0.927
100408696	manner.n.01	0.971
108798453	character.n.03	0.882
100411724	custom.n.01	0.588
108802891	nature.n.01	0.874
108802953	disposition.n.01	0.986
117192213	manner.n.02	0.917
108803633	bent.n.01	0.761
100419719	mean.n.01	None
100421472	decency.n.01	0.79
117200210	discipline.n.02	0.718
100424191	manner.n.01	0.617
108812874	way.n.04	0.741
108812936	manner.n.01	0.645
100424687	mean.n.01	None
117203546	method.n.01	0.998
117203931	condition.n.01	0.96
108815769	manner.n.01	0.966
117209216	manner.n.01	0.981
117209234	manner.n.01	0.692
100433904	fashion.n.02	0.616
108823885	manner.n.01	0.703
100435500	mean.n.01	None
108824505	character.n.03	0.839
100436383	manner.n.01	0.992
100437474	means.n.01	0.782
108831829	manner.n.01	0.791
100445186	manner.n.01	0.992
100446107	manner.n.01	0.984
100446999	manner.n.01	0.952
117225049	manner.n.01	0.982
100448254	means.n.01	0.744
108838301	manner.n.01	0.955
100451021	fashion.n.02	0.353
100451654	manner.n.01	0.85
100452660	mean.n.01	None
100454961	manner.n.01	0.954
100455849	manner.n.01	0.978
100460924	means.n.01	0.652
100461427	mean.n.01	None
117239341	character.n.06	0.712
117239611	character.n.03	0.715
100464160	manner.n.01	0.967
108854042	habit.n.02	0.581
100465925	manner.n.01	0.985
100466274	manner.n.01	0.985
100468376	manner.n.01	0.987
100468496	mean.n.01	None
100469114	manner.n.01	0.991
108857982	manner.n.01	0.754
108861312	disposition.n.01	0.54
100475330	temper.n.02	0.83
108864225	manner.n.01	0.98
108864637	manner.n.01	0.553
100476118	means.n.01	0.561
100476531	manner.n.01	0.979
108865882	manner.n.01	0.978
100483167	custom.n.02	0.569
108874756	manner.n.01	0.957
108875096	means.n.01	0.773
108877053	quality.n.03	0.911
108882294	disposition.n.01	0.524
108884209	manner.n.01	0.539
100496448	mold.n.07	0.73
108897564	quality.n.03	0.779
108899153	character.n.06	0.851
100514325	manner.n.01	0.987
100515072	manner.n.01	0.432
108907500	kind.n.01	0.966
100519813	habit.n.01	0.419
100532908	dictate.n.02	0.782
100535703	mean.n.01	None
100537228	custom.n.01	0.48
100538371	character.n.03	0.887
117317740	character.n.03	0.832
108929654	manner.n.01	0.892
100542168	character.n.03	0.877
108932331	character.n.03	0.573
117321330	character.n.03	0.768
108933426	mean.n.01	None
108933548	manner.n.01	0.988
108934177	way.n.04	0.511
108934913	way.n.05	0.662
117324067	character.n.03	0.587
108936277	manner.n.01	0.985
108939217	manner.n.02	0.913
108945605	manner.n.01	0.912
108946251	temper.n.03	0.836
108947447	manner.n.02	0.778
108947555	manner.n.02	0.806
108950264	disposition.n.01	0.514
108950311	manner.n.01	0.702
108950703	manner.n.01	0.829
108957231	quality.n.03	0.612
108964462	manner.n.01	0.822
108965993	inclination.n.01	0.647
108967205	extent.n.01	0.78
100579616	manner.n.01	0.926
100580919	way.n.05	0.883
117359650	manner.n.01	0.848
117359975	means.n.01	0.511
117360009	way.n.05	0.454
108971520	character.n.03	0.81
108972303	character.n.03	0.889
108972561	manner.n.02	0.89
100585241	manner.n.01	0.86
108974682	character.n.03	0.869
100586860	manner.n.01	0.964
108978493	manner.n.01	0.991
108979912	character.n.03	0.767
108981110	manner.n.01	0.864
108981480	manner.n.01	0.847
108987106	nature.n.04	0.548
117377744	manner.n.01	0.879
100600780	character.n.03	0.776
100600802	character.n.03	0.846
108989693	disposition.n.01	0.55
108989757	manner.n.01	0.865
100603168	manner.n.01	0.964
108993098	fashion.n.02	0.547
108993166	disposition.n.01	0.534
100604851	manner.n.01	0.937
108993567	character.n.03	0.906
109003665	means.n.01	0.851
100624103	way.n.05	0.691
109012874	manner.n.01	0.975
109013851	manner.n.01	0.996
109014273	form.n.03	0.771
109019064	kind.n.01	None
109020958	character.n.03	0.886
100632845	way.n.05	0.737
100638542	way.n.05	0.819
100638869	manner.n.01	0.783
109027608	way.n.05	0.849
100641540	method.n.01	0.984
100641557	manner.n.02	0.951
100641583	manner.n.02	0.952
109031863	disposition.n.01	0.538
100643297	habit.n.02	0.563
109043533	character.n.03	0.863
100655022	manner.n.01	0.943
100659007	manner.n.01	0.979
100662397	character.n.03	0.894
109051150	manner.n.01	0.638
109051198	manner.n.01	0.589
