100675419	animal.n.01	None
117455821	animal.n.01	0.945
100685330	animal.n.01	None
117474220	animal.n.01	0.981
117475539	animal.n.01	0.928
117475619	animal.n.01	0.936
117478459	animal.n.01	None
100706129	animal.n.01	0.965
117484158	animal.n.01	None
117495542	animal.n.01	None
117498260	animal.n.01	0.797
117498307	animal.n.01	0.935
117498376	animal.n.01	0.765
117498529	animal.n.01	None
117498555	animal.n.01	0.815
117498583	animal.n.01	None
117498629	animal.n.01	None
117498689	animal.n.01	None
117499937	animal.n.01	None
117500508	animal.n.01	None
117500561	animal.n.01	None
117501317	animal.n.01	None
117501374	animal.n.01	None
117501391	animal.n.01	None
100724216	animal.n.01	None
117501561	animal.n.01	None
117501585	animal.n.01	None
109117067	animal.n.01	None
117506332	animal.n.01	0.95
117506941	animal.n.01	None
117508387	animal.n.01	None
117508421	organism.n.01	0.994
117508720	animal.n.01	None
117508757	animal.n.01	None
117509070	animal.n.01	None
117510546	organism.n.01	0.994
109122273	animal.n.01	None
100735432	animal.n.01	None
109135092	animal.n.01	None
109135411	animal.n.01	None
117524168	animal.n.01	None
109137610	animal.n.01	None
109137631	animal.n.01	None
100749153	animal.n.01	None
109138668	animal.n.01	0.924
109138768	animal.n.01	None
100754002	animal.n.01	None
100763289	animal.n.01	None
117547873	animal.n.01	None
117552809	animal.n.01	0.968
117552815	animal.n.01	0.968
117556065	animal.n.01	0.992
117558927	animal.n.01	0.924
109170688	animal.n.01	0.99
117560201	animal.n.01	None
109175131	animal.n.01	0.973
117568603	animal.n.01	0.808
117568866	animal.n.01	0.767
117568894	animal.n.01	None
117568926	animal.n.01	0.957
117579846	animal.n.01	0.806
117582746	animal.n.01	None
117583932	animal.n.01	None
117586242	animal.n.01	None
117586268	animal.n.01	None
117586329	animal.n.01	None
109199293	animal.n.01	None
117593129	animal.n.01	None
117603953	animal.n.01	None
117604323	animal.n.01	None
117607073	animal.n.01	None
117612524	animal.n.01	0.891
117612755	animal.n.01	0.951
117613681	animal.n.01	0.915
117614549	animal.n.01	None
117614615	animal.n.01	None
117614746	animal.n.01	None
109231355	animal.n.01	0.935
117625967	animal.n.01	0.902
109241481	animal.n.01	None
109241824	animal.n.01	None
109242359	animal.n.01	0.891
109242412	animal.n.01	0.931
109242960	animal.n.01	None
109243971	animal.n.01	None
109244189	animal.n.01	None
117632946	animal.n.01	None
117634201	animal.n.01	None
117635042	animal.n.01	None
117635197	animal.n.01	None
117635204	animal.n.01	None
117635213	animal.n.01	None
117635254	animal.n.01	None
117635288	animal.n.01	None
117635305	animal.n.01	None
117635328	animal.n.01	None
117635357	animal.n.01	None
117635377	animal.n.01	None
117635396	animal.n.01	None
117635413	animal.n.01	None
117635422	animal.n.01	None
117635437	animal.n.01	None
117635441	animal.n.01	None
117635481	animal.n.01	None
117635486	animal.n.01	None
117635504	animal.n.01	None
117635518	animal.n.01	None
117635527	animal.n.01	None
117635533	animal.n.01	None
117635556	animal.n.01	None
117635563	animal.n.01	None
117635634	animal.n.01	None
117635729	animal.n.01	None
117635850	animal.n.01	None
117635932	animal.n.01	None
117635953	animal.n.01	None
117635977	animal.n.01	None
117635995	animal.n.01	None
117636003	animal.n.01	None
117636035	animal.n.01	None
117636045	animal.n.01	None
117636055	animal.n.01	None
117636087	animal.n.01	None
117636140	animal.n.01	None
117636153	animal.n.01	None
117636175	animal.n.01	None
117636246	animal.n.01	None
117636443	animal.n.01	None
117636454	animal.n.01	None
117637212	animal.n.01	None
117637251	animal.n.01	None
117637348	animal.n.01	None
117637579	genus.n.01	0.819
117637823	animal.n.01	None
117637958	animal.n.01	None
117638568	animal.n.01	None
117638581	animal.n.01	None
117638715	animal.n.01	None
109250668	animal.n.01	None
109254235	animal.n.01	0.882
109261515	bird.n.01	0.998
109263405	animal.n.01	None
109263859	animal.n.01	None
109263890	animal.n.01	None
109263904	animal.n.01	None
109266827	animal.n.01	None
109275618	animal.n.01	0.992
109276143	animal.n.01	None
109276825	animal.n.01	None
109279102	animal.n.01	None
117668832	animal.n.01	None
117668894	animal.n.01	None
109280905	animal.n.01	None
117669985	animal.n.01	None
117670140	animal.n.01	None
117671779	animal.n.01	None
109283513	animal.n.01	None
109284280	animal.n.01	None
109284801	animal.n.01	None
109285695	animal.n.01	None
109285827	animal.n.01	None
109286054	animal.n.01	0.984
117675331	animal.n.01	None
117675462	animal.n.01	None
109287734	animal.n.01	None
117676950	animal.n.01	None
109290111	animal.n.01	None
109290125	bird.n.01	0.998
109290163	animal.n.01	None
109290230	animal.n.01	None
117679011	animal.n.01	None
109290487	animal.n.01	None
109290624	animal.n.01	None
117679329	animal.n.01	None
109291562	animal.n.01	None
117681725	animal.n.01	None
100912006	design.n.04	0.41
100912015	design.n.04	0.57
117689418	animal.n.01	None
109301510	animal.n.01	0.948
100914429	figure.n.04	0.647
117695909	organism.n.01	0.992
117696975	animal.n.01	None
117709927	animal.n.01	None
117710099	animal.n.01	None
100932922	design.n.04	0.801
117714047	animal.n.01	None
100936833	figure.n.04	0.557
117715083	animal.n.01	None
117715105	animal.n.01	None
117719670	animal.n.01	None
109334498	animal.n.01	0.999
109334855	animal.n.01	None
109342925	animal.n.01	None
109347466	animal.n.01	None
109350019	animal.n.01	None
109350169	animal.n.01	None
109350182	animal.n.01	None
109350299	animal.n.01	None
109350591	animal.n.01	0.985
117739708	animal.n.01	None
109351160	animal.n.01	None
109351649	animal.n.01	None
109353443	animal.n.01	None
109353496	animal.n.01	None
117743793	animal.n.01	None
109356302	animal.n.01	None
117749033	animal.n.01	None
117751615	animal.n.01	None
117752071	animal.n.01	None
117755168	animal.n.01	None
117757129	animal.n.01	None
117757136	animal.n.01	None
117757156	animal.n.01	None
117758228	animal.n.01	None
117758274	animal.n.01	None
109370665	animal.n.01	None
109372542	animal.n.01	0.913
117763485	animal.n.01	None
100991965	animal.n.01	0.992
109383838	animal.n.01	0.868
109387354	animal.n.01	0.979
109388477	animal.n.01	0.816
109388578	animal.n.01	0.967
109391981	animal.n.01	0.701
117784797	animal.n.01	None
117785101	animal.n.01	None
117785119	animal.n.01	None
117785388	animal.n.01	None
117785396	animal.n.01	None
117785431	animal.n.01	None
117785466	animal.n.01	None
109398195	animal.n.01	0.909
109401500	animal.n.01	0.996
117797747	animal.n.01	None
117798140	animal.n.01	None
117798306	animal.n.01	None
117798371	figure.n.04	0.454
101027722	animal.n.01	0.953
109507072	animal.n.01	None
101164437	organism.n.01	0.993
101168947	organism.n.01	0.992
101172978	animal.n.01	0.67
117954736	animal.n.01	0.846
117957191	human_body.n.01	0.781
109590959	animal.n.01	0.801
101204634	animal.n.01	None
109593452	animal.n.01	None
109593575	animal.n.01	0.998
109593723	animal.n.01	0.998
109594147	animal.n.01	None
117984591	animal.n.01	None
117984761	organism.n.01	0.992
117985413	animal.n.01	None
117985705	organism.n.01	0.993
117985991	animal.n.01	None
117986233	animal.n.01	None
117987181	animal.n.01	None
117987387	person.n.01	None
117988395	animal.n.01	None
117988402	animal.n.01	None
117988562	animal.n.01	None
117989509	organism.n.01	0.989
117992331	animal.n.01	None
117993094	animal.n.01	None
117993460	organism.n.01	0.974
117994919	animal.n.01	None
117997391	animal.n.01	None
117997407	animal.n.01	None
117997438	animal.n.01	None
118000408	organism.n.01	0.994
118000890	animal.n.01	None
118002017	animal.n.01	None
118002216	animal.n.01	None
118003536	organism.n.01	0.995
118003615	animal.n.01	None
118004041	animal.n.01	None
118004045	animal.n.01	None
118004363	animal.n.01	None
118004554	animal.n.01	None
118004883	animal.n.01	None
118006973	organism.n.01	0.994
118006988	animal.n.01	None
118008909	animal.n.01	None
118010081	animal.n.01	None
109649730	beast.n.02	0.634
109683810	sheep.n.01	0.998
109690850	animal.n.01	None
109700988	animal.n.01	None
118106078	animal.n.01	None
109718352	animal.n.01	0.946
109718393	animal.n.01	0.986
118107512	animal.n.01	None
109720368	animal.n.01	None
118111817	animal.n.01	None
109723496	animal.n.01	None
109725195	animal.n.01	None
109725211	animal.n.01	None
109739714	animal.n.01	None
109742751	animal.n.01	None
109745241	animal.n.01	None
101366645	organism.n.01	0.996
101366655	organism.n.01	0.987
101366858	animal.n.01	0.99
101366881	food.n.01	0.729
101366979	animal.n.01	0.949
101367187	animal.n.01	0.93
101367251	animal.n.01	0.941
101367286	animal.n.01	0.921
101367328	animal.n.01	0.904
101367402	animal.n.01	None
101369803	animal.n.01	0.924
109767086	animal.n.01	None
101378845	animal.n.01	0.999
109768200	animal.n.01	None
109768405	animal.n.01	None
109768484	animal.n.01	None
109769132	animal.n.01	None
109769618	animal.n.01	None
109769663	horn.n.02	0.626
109770363	animal.n.01	None
109773349	fish.n.01	0.536
109778165	animal.n.01	None
109778335	animal.n.01	None
109778427	animal.n.01	None
109778463	animal.n.01	None
109778914	animal.n.01	None
118172344	animal.n.01	None
118172441	animal.n.01	0.995
118172738	animal.n.01	None
101395910	animal.n.01	None
118173134	animal.n.01	None
101395937	animal.n.01	0.952
101395951	ox.n.01	0.532
118173173	animal.n.01	0.99
101396014	animal.n.01	None
118173407	animal.n.01	None
118173762	animal.n.01	None
118173798	animal.n.01	None
118174533	animal.n.01	None
109804562	animal.n.01	None
101416583	animal.n.01	0.938
109806143	animal.n.01	None
101417541	animal.n.01	0.826
109813016	animal.n.01	None
109815016	animal.n.01	None
109818219	animal.n.01	None
101430838	animal.n.01	0.997
109819715	animal.n.01	None
109819844	animal.n.01	None
109825763	animal.n.01	None
109825895	animal.n.01	None
109835967	animal.n.01	None
109836238	animal.n.01	None
109836256	animal.n.01	None
109836311	animal.n.01	None
109836331	animal.n.01	0.993
109836345	animal.n.01	None
109836373	animal.n.01	None
109837433	animal.n.01	None
109845727	animal.n.01	None
109846078	animal.n.01	None
109846135	animal.n.01	None
109850784	animal.n.01	None
109851602	dame.n.01	0.593
109851642	bird.n.01	0.998
109851722	animal.n.01	None
109852427	bird.n.01	0.996
109852447	animal.n.01	None
109852681	bird.n.01	0.997
109852739	animal.n.01	None
109852774	bird.n.01	0.999
109853475	quail.n.02	0.973
109853540	bird.n.01	0.977
109856504	bird.n.01	0.99
109856523	animal.n.01	None
109856788	animal.n.01	None
109857366	animal.n.01	None
109857450	animal.n.01	None
109881668	animal.n.01	None
109887947	animal.n.01	None
101502263	animal.n.01	None
101502411	animal.n.01	0.887
109892659	animal.n.01	None
101507840	animal.n.01	None
118295027	animal.n.01	0.993
109907872	figure.n.04	0.715
109907928	animal.n.01	None
101521712	animal.n.01	0.983
109910448	animal.n.01	None
109912635	horse.n.01	0.998
109914584	animal.n.01	None
109921172	fish.n.01	0.501
118315420	animal.n.01	None
101540334	animal.n.01	0.757
118320801	animal.n.01	None
118320823	animal.n.01	0.993
118320999	animal.n.01	None
118325746	animal.n.01	None
109942064	animal.n.01	None
109942086	animal.n.01	None
118338973	animal.n.01	None
118339048	animal.n.01	None
118339099	animal.n.01	0.991
109950724	animal.n.01	0.56
109950909	animal.n.01	None
109953025	animal.n.01	None
109953104	animal.n.01	None
101576533	animal.n.01	None
118354863	animal.n.01	None
118357066	animal.n.01	0.983
109972718	animal.n.01	None
101585210	animal.n.01	0.943
101585263	animal.n.01	0.937
118373552	animal.n.01	None
118373855	animal.n.01	None
101598220	animal.n.01	None
101598240	animal.n.01	0.956
101598250	animal.n.01	0.859
118375677	animal.n.01	0.961
118376451	animal.n.01	None
118377173	animal.n.01	None
118378293	animal.n.01	None
118386659	animal.n.01	None
109999560	animal.n.01	None
110000588	animal.n.01	None
110001289	animal.n.01	None
110001314	animal.n.01	None
110001353	animal.n.01	None
110001384	animal.n.01	None
118393410	animal.n.01	0.715
118394598	animal.n.01	None
118394868	animal.n.01	None
118396820	animal.n.01	0.961
118397106	animal.n.01	0.897
101622444	animal.n.01	None
118401870	animal.n.01	None
110023102	animal.n.01	None
118425663	animal.n.01	0.97
118429935	animal.n.01	0.983
118430206	animal.n.01	None
118431422	species.n.01	0.351
118438539	animal.n.01	None
118439159	animal.n.01	0.918
118446052	animal.n.01	None
118446063	animal.n.01	0.986
118448633	animal.n.01	None
118449715	animal.n.01	None
118450315	organism.n.01	0.996
118451207	animal.n.01	None
118451627	animal.n.01	0.848
118451744	animal.n.01	None
118451890	animal.n.01	0.962
118451988	animal.n.01	None
101682080	animal.n.01	None
118464746	animal.n.01	0.845
118467114	animal.n.01	None
101699616	animal.n.01	None
118485523	animal.n.01	None
101709869	animal.n.01	0.921
101710818	animal.n.01	None
118493355	animal.n.01	0.968
101717176	animal.n.01	None
101717230	animal.n.01	None
118494978	organism.n.01	0.991
101718062	organism.n.01	0.995
118499155	animal.n.01	0.986
118500740	animal.n.01	None
101727672	organism.n.01	0.994
101735415	animal.n.01	None
101735550	animal.n.01	None
101736185	painting.n.01	0.73
118516840	animal.n.01	None
101746697	animal.n.01	None
101747040	animal.n.01	None
101748432	animal.n.01	None
101753519	animal.n.01	None
101770716	animal.n.01	None
101770753	animal.n.01	0.997
101771422	animal.n.01	None
101771490	animal.n.01	0.992
101771551	animal.n.01	None
101775360	animal.n.01	None
101775396	animal.n.01	None
101780141	animal.n.01	None
101787146	animal.n.01	None
101787463	animal.n.01	None
101789806	object.n.01	0.996
101789831	organism.n.01	0.997
101789847	organism.n.01	0.988
101790507	organism.n.01	0.995
101790572	animal.n.01	None
101790603	animal.n.01	None
101790640	organism.n.01	0.996
101790678	animal.n.01	None
101790692	animal.n.01	None
101791414	animal.n.01	None
101793066	animal.n.01	None
101793086	animal.n.01	None
101793140	animal.n.01	None
101793275	animal.n.01	None
101793553	animal.n.01	None
101793633	animal.n.01	None
101794183	animal.n.01	None
101794192	animal.n.01	None
101794381	animal.n.01	None
101794440	animal.n.01	0.948
101794998	organism.n.01	0.997
101795486	biped.n.01	None
101795638	animal.n.01	0.962
101799798	animal.n.01	None
101799897	animal.n.01	None
101826500	organism.n.01	0.994
101828239	animal.n.01	None
101830561	organism.n.01	0.995
101830589	animal.n.01	0.984
101833235	organism.n.01	0.996
101833407	organism.n.01	0.994
101833432	animal.n.01	0.883
101834199	organism.n.01	0.994
101834347	animal.n.01	None
101834653	organism.n.01	0.982
101834675	organism.n.01	0.981
101835647	organism.n.01	0.993
101835699	organism.n.01	0.996
101835770	organism.n.01	0.994
101835943	animal.n.01	None
101838261	organism.n.01	0.994
110228003	animal.n.01	0.996
101841542	animal.n.01	None
110232888	animal.n.01	None
101844608	organism.n.01	0.997
101844731	organism.n.01	0.988
110236695	animal.n.01	0.945
110239004	animal.n.01	0.978
110239013	animal.n.01	0.957
110239020	animal.n.01	0.942
110239030	animal.n.01	0.949
110239085	animal.n.01	0.913
110239538	animal.n.01	0.92
101852570	animal.n.01	None
118630261	animal.n.01	None
118630265	animal.n.01	None
101853338	animal.n.01	None
101856843	animation.n.01	0.46
101856861	animal.n.01	0.933
101860988	animal.n.01	0.783
101861440	animal.n.01	0.96
101862791	animal.n.01	None
101868881	animal.n.01	0.777
101874945	organism.n.01	0.988
101875008	organism.n.01	0.995
101875045	organism.n.01	0.985
101876300	organism.n.01	0.96
101880076	animal.n.01	None
110284456	animal.n.01	None
110284535	animal.n.01	None
110284677	animal.n.01	None
110285767	animal.n.01	None
110287465	animal.n.01	None
110287507	animal.n.01	None
110287522	beast.n.02	0.609
110288371	animal.n.01	0.755
110289683	organism.n.01	0.995
110289709	animal.n.01	None
110289849	animal.n.01	None
118680409	dog.n.01	0.999
118680435	animal.n.01	None
118680769	animal.n.01	None
101910185	animal.n.01	None
118689739	fawn.n.02	0.981
118690203	animal.n.01	None
118690293	animal.n.01	0.996
118691751	animal.n.01	None
101941190	animal.n.01	None
118722624	animal.n.01	0.93
101954068	animal.n.01	None
101955805	animal.n.01	None
101956102	animal.n.01	None
101956113	animal.n.01	None
101956134	animal.n.01	None
101956138	animal.n.01	None
101956146	animal.n.01	None
101956223	animal.n.01	None
101962812	animal.n.01	0.993
101962882	animal.n.01	0.906
101963078	animal.n.01	0.901
101967968	animal.n.01	None
118748111	animal.n.01	None
118752138	animal.n.01	None
118752656	animal.n.01	None
118755880	animal.n.01	None
118758565	animal.n.01	None
101981957	figure.n.04	0.738
101981977	figure.n.04	0.638
118761982	animal.n.01	None
118762242	animal.n.01	None
118762326	animal.n.01	None
118762332	animal.n.01	None
118762710	cougar.n.01	0.783
118763178	animal.n.01	None
118763201	animal.n.01	None
118766690	animal.n.01	None
101993416	animal.n.01	None
118772592	animal.n.01	None
110387738	animal.n.01	None
110387845	animal.n.01	None
110389038	animal.n.01	None
110389306	animal.n.01	None
110389409	animal.n.01	None
110389449	animal.n.01	None
110389484	animal.n.01	None
110389714	animal.n.01	None
110389778	animal.n.01	None
110390413	animal.n.01	None
118779127	animal.n.01	0.93
118779218	animal.n.01	None
118779281	animal.n.01	None
118779498	animal.n.01	None
110390964	animal.n.01	None
110391012	animal.n.01	None
110391183	animal.n.01	None
110391214	animal.n.01	None
110391823	animal.n.01	None
110392105	animal.n.01	None
110392230	animal.n.01	None
118781062	animal.n.01	None
118781078	animal.n.01	None
118781182	animal.n.01	None
110392586	animal.n.01	None
110392868	animal.n.01	None
110393882	animal.n.01	None
110393921	animal.n.01	None
110393979	animal.n.01	None
110394025	animal.n.01	None
110394045	animal.n.01	None
110394153	animal.n.01	None
110394197	animal.n.01	None
110394209	animal.n.01	None
110394248	animal.n.01	None
110394295	animal.n.01	None
110394336	animal.n.01	None
102006162	animal.n.01	None
102006197	animal.n.01	None
110395515	animal.n.01	None
110395663	animal.n.01	None
110395744	animal.n.01	None
110400113	animal.n.01	None
110400414	animal.n.01	None
110401053	animal.n.01	None
110401072	animal.n.01	None
110401088	animal.n.01	None
110401391	animal.n.01	None
110401487	animal.n.01	None
110401598	animal.n.01	None
110401858	animal.n.01	None
110401888	animal.n.01	None
110401994	animal.n.01	None
110402154	animal.n.01	None
110402261	animal.n.01	None
110402326	animal.n.01	None
110402652	animal.n.01	None
110402788	animal.n.01	None
110403343	animal.n.01	None
110404983	animal.n.01	None
110405030	animal.n.01	None
110406745	animal.n.01	None
110406965	animal.n.01	None
110406980	animal.n.01	None
110407155	animal.n.01	None
110407372	animal.n.01	None
110407744	animal.n.01	None
110408082	animal.n.01	None
110408345	animal.n.01	None
110408407	animal.n.01	None
110408486	animal.n.01	None
118797387	animal.n.01	None
110409238	animal.n.01	None
110409993	animal.n.01	None
110411160	animal.n.01	None
110411592	animal.n.01	None
110411691	body.n.01	0.961
110411899	animal.n.01	None
110411929	animal.n.01	None
110411955	animal.n.01	None
110412289	animal.n.01	None
110412467	animal.n.01	None
110412634	animal.n.01	None
110412824	animal.n.01	None
110412873	animal.n.01	None
110414319	animal.n.01	None
110414481	animal.n.01	None
110414631	animal.n.01	None
110414671	animal.n.01	None
110414845	animal.n.01	None
110415120	animal.n.01	None
110415464	animal.n.01	None
110415477	animal.n.01	None
110415506	animal.n.01	None
110415640	animal.n.01	None
110415652	animal.n.01	None
110416114	animal.n.01	None
110416159	animal.n.01	None
110416422	animal.n.01	None
102028425	animal.n.01	None
110417607	animal.n.01	None
110417636	animal.n.01	None
110417675	animal.n.01	None
110417712	animal.n.01	None
110417791	animal.n.01	None
110417898	animal.n.01	None
110417916	animal.n.01	None
110417969	animal.n.01	None
110417989	animal.n.01	None
110418134	animal.n.01	None
110419204	animal.n.01	None
110420954	animal.n.01	None
110421091	animal.n.01	None
110421868	animal.n.01	None
110422062	animal.n.01	None
118810831	animal.n.01	None
110422599	animal.n.01	None
110423631	animal.n.01	None
110423719	animal.n.01	None
110424244	animal.n.01	None
118813336	animal.n.01	None
102037147	animal.n.01	None
102041284	monster.n.01	0.595
102043514	animal.n.01	None
102043537	animal.n.01	None
102043653	animal.n.01	0.674
118834034	animal.n.01	None
118836862	animal.n.01	None
118837481	animal.n.01	None
118841065	animal.n.01	None
118841324	animal.n.01	None
102068280	animal.n.01	None
102083811	picture.n.01	0.82
102085257	animal.n.01	None
102095199	animal.n.01	0.903
102096721	animal.n.01	0.83
102098096	animal.n.01	None
102101030	animal.n.01	None
102101179	animal.n.01	0.99
118883632	animal.n.01	None
102109890	animal.n.01	0.989
102116220	animal.n.01	None
102117024	animal.n.01	None
102123757	animal.n.01	None
102128090	animal.n.01	None
102143962	animal.n.01	0.823
102145665	animal.n.01	None
102145811	animal.n.01	None
102147793	living_thing.n.01	None
102154944	animal.n.01	None
102156173	animal.n.01	0.949
102160049	animal.n.01	0.863
102160106	animal.n.01	0.959
102160160	animal.n.01	0.935
102160225	animal.n.01	0.766
102160258	animal.n.01	0.927
102160745	animal.n.01	0.977
102160748	animal.n.01	0.977
102161948	animal.n.01	0.92
102161967	animal.n.01	0.924
102162455	animal.n.01	0.957
102162595	animal.n.01	0.941
102162760	animal.n.01	0.849
102162787	animal.n.01	0.945
102162819	animal.n.01	0.914
102162982	animal.n.01	0.987
102163408	animal.n.01	0.978
102163505	animal.n.01	0.92
102163904	animal.n.01	0.72
102164035	animal.n.01	0.964
118946676	animal.n.01	None
102171946	animal.n.01	0.939
102173796	animal.n.01	0.941
102175307	animal.n.01	0.81
102176605	animal.n.01	0.961
102177065	animal.n.01	0.913
102177214	animal.n.01	0.899
102177498	animal.n.01	0.973
102177948	animal.n.01	0.981
102178105	animal.n.01	0.95
102178152	animal.n.01	0.933
102178228	animal.n.01	0.967
102178276	animal.n.01	None
102180442	animal.n.01	0.942
102180519	animal.n.01	0.914
102180591	animal.n.01	0.788
102181105	animal.n.01	0.971
102181653	animal.n.01	0.971
102181725	animal.n.01	0.89
102181838	animal.n.01	0.906
102181866	animal.n.01	0.965
102181938	animalcule.n.01	None
102182214	animal.n.01	0.885
102182254	animal.n.01	0.868
102183273	animal.n.01	0.867
102183616	animal.n.01	None
102183826	cattle.n.01	None
102185343	animal.n.01	None
102185365	animal.n.01	None
102185397	animal.n.01	None
102195707	animal.n.01	0.958
102196554	goat.n.01	0.996
102198643	animal.n.01	0.858
102201099	animal.n.01	0.982
102205369	animal.n.01	0.978
102206890	animal.n.01	None
102206961	animal.n.01	None
118985070	animal.n.01	None
102208125	animal.n.01	0.939
102209507	animal.n.01	None
102213971	animal.n.01	0.967
118993050	animal.n.01	None
118993082	animal.n.01	0.76
118999718	animal.n.01	None
119001832	animal.n.01	None
119001925	organism.n.01	0.998
119002137	organism.n.01	0.996
119002270	animal.n.01	None
119002289	animal.n.01	None
102228141	animal.n.01	0.746
102229150	animal.n.01	None
119008245	animal.n.01	None
102239280	animal.n.01	None
102239308	animal.n.01	None
102240554	painting.n.01	0.896
102245129	animal.n.01	None
102245186	animal.n.01	None
102245234	animal.n.01	None
102245376	animal.n.01	0.952
102246490	animal.n.01	0.949
102253416	animal.n.01	0.964
102253421	animal.n.01	0.977
102259781	animal.n.01	None
119037184	organism.n.01	0.994
102267285	animal.n.01	None
102267409	animal.n.01	None
102267610	animal.n.01	None
119046330	animal.n.01	0.852
119049032	organism.n.01	0.995
102276220	animal.n.01	None
102276333	animal.n.01	None
102281404	animal.n.01	None
102284926	organism.n.01	0.998
102285157	animal.n.01	0.906
102286258	animal.n.01	0.918
119063548	animal.n.01	None
102286925	animal.n.01	0.905
102290262	animal.n.01	0.999
119072156	animal.n.01	None
102298212	animal.n.01	0.494
102306412	animal.n.01	None
102306433	animal.n.01	None
119085283	animal.n.01	None
102310126	organism.n.01	0.996
102310478	animal.n.01	None
102310757	animal.n.01	0.759
102311034	animal.n.01	0.84
102311044	animal.n.01	0.909
102311609	animal.n.01	0.959
102311680	animal.n.01	0.971
102312561	animal.n.01	0.952
102312636	animal.n.01	0.905
102312670	animal.n.01	0.968
102312689	animal.n.01	0.956
102312770	animal.n.01	0.956
102312830	animal.n.01	None
102313234	animal.n.01	0.911
102313664	animal.n.01	0.958
102313677	animal.n.01	0.949
102313813	animal.n.01	0.955
102313913	animal.n.01	0.956
102313936	animal.n.01	0.979
102313990	animal.n.01	0.735
119091805	animal.n.01	None
119093498	animal.n.01	0.914
119095372	animal.n.01	None
119096263	animal.n.01	None
119096531	animal.n.01	0.971
102321200	animal.n.01	None
119099145	animal.n.01	None
102328494	animal.n.01	0.938
102334892	animal.n.01	0.647
119126375	animal.n.01	0.977
119126522	animal.n.01	None
119127764	animal.n.01	None
119127936	animal.n.01	None
119129637	insect.n.01	1.0
119131607	animal.n.01	None
119132363	animal.n.01	None
119148589	animal.n.01	None
119157261	animal.n.01	None
119160965	animal.n.01	None
119162683	animal.n.01	0.998
119169827	animal.n.01	None
119178984	animal.n.01	None
119182077	animal.n.01	None
119186750	tick.n.02	0.994
119186794	insect.n.01	1.0
119191919	animal.n.01	None
110853542	animal.n.01	None
110854264	animal.n.01	0.959
110856592	animal.n.01	None
102504567	animal.n.01	None
119294329	animal.n.01	None
119334279	animal.n.01	None
119336510	animal.n.01	None
119336567	animal.n.01	None
119338922	animal.n.01	None
119343125	animal.n.01	None
119343127	animal.n.01	None
119343616	animal.n.01	None
119357818	animal.n.01	None
119363102	animal.n.01	None
119363103	animal.n.01	None
119363125	animal.n.01	None
119363128	animal.n.01	None
119363219	animal.n.01	None
119363322	animal.n.01	None
119363439	animal.n.01	None
119363579	animal.n.01	None
119363694	animal.n.01	None
119363715	animal.n.01	None
119363744	animal.n.01	None
119363766	animal.n.01	None
119364637	animal.n.01	None
119374346	animal.n.01	None
119374347	animal.n.01	None
119381718	animal.n.01	None
119383379	animal.n.01	None
102615603	animal.n.01	None
102615613	animal.n.01	None
102617516	animal.n.01	None
102625354	animal.n.01	None
102639081	animal.n.01	None
111150419	animal.n.01	None
111150645	animal.n.01	None
111150727	animal.n.01	None
111150923	animal.n.01	None
111151354	animal.n.01	None
111151454	animal.n.01	None
111152104	animal.n.01	None
111152535	animal.n.01	None
111153719	animal.n.01	None
111154149	animal.n.01	None
111155132	animal.n.01	None
111155142	animal.n.01	None
111155178	animal.n.01	None
111155517	animal.n.01	None
111157826	animal.n.01	None
111158249	animal.n.01	None
111158302	animal.n.01	None
111158330	animal.n.01	None
111158370	animal.n.01	None
111158427	animal.n.01	None
111158726	animal.n.01	None
111159083	animal.n.01	None
111159378	animal.n.01	None
111159982	animal.n.01	None
111160104	animal.n.01	None
111160178	animal.n.01	None
111160245	animal.n.01	None
111160291	animal.n.01	None
111160428	animal.n.01	None
111160717	animal.n.01	None
111160827	animal.n.01	None
111160922	animal.n.01	None
111161825	animal.n.01	None
111161941	animal.n.01	None
111161987	animal.n.01	None
111162024	animal.n.01	None
111162075	animal.n.01	None
111163463	animal.n.01	None
111163624	animal.n.01	None
111164622	animal.n.01	None
111166265	animal.n.01	None
111166277	animal.n.01	None
111166328	animal.n.01	None
111166696	animal.n.01	None
111166734	animal.n.01	None
111166801	animal.n.01	None
111167025	animal.n.01	None
111168664	animal.n.01	None
111169125	animal.n.01	None
111169717	animal.n.01	None
111169953	animal.n.01	None
111171358	animal.n.01	None
111171433	animal.n.01	None
111171892	animal.n.01	None
111172013	animal.n.01	None
111172540	animal.n.01	None
111175124	animal.n.01	None
111176428	animal.n.01	None
111176620	animal.n.01	None
111180342	animal.n.01	None
111180467	animal.n.01	None
111180520	animal.n.01	None
111180559	animal.n.01	None
111181998	animal.n.01	None
111182203	animal.n.01	None
111182397	animal.n.01	None
111182545	animal.n.01	None
111182565	animal.n.01	None
111182786	animal.n.01	None
111182985	animal.n.01	None
111183673	animal.n.01	None
111183703	animal.n.01	None
111183884	animal.n.01	None
111184634	animal.n.01	None
111184695	animal.n.01	None
111185108	animal.n.01	None
111186384	animal.n.01	None
111186702	animal.n.01	None
111186775	animal.n.01	None
111187321	animal.n.01	None
111187395	animal.n.01	None
111187418	animal.n.01	None
111187452	animal.n.01	None
111188932	animal.n.01	None
111189086	animal.n.01	None
111189145	animal.n.01	None
111189328	animal.n.01	None
111189814	animal.n.01	None
111189871	animal.n.01	None
111190350	animal.n.01	None
111194348	animal.n.01	None
111194852	animal.n.01	None
111194985	animal.n.01	None
111197271	animal.n.01	None
111197541	animal.n.01	None
111197766	animal.n.01	None
111197894	animal.n.01	None
111199282	animal.n.01	None
111204742	animal.n.01	None
103472235	animal.n.01	0.997
103495937	animal.n.01	None
103495940	animal.n.01	None
103496104	animal.n.01	None
103496116	animal.n.01	None
103496118	animal.n.01	None
103496824	animal.n.01	None
103496832	animal.n.01	None
103497303	animal.n.01	None
103497325	animal.n.01	None
103497513	animal.n.01	None
103497519	animal.n.01	None
103497929	animal.n.01	None
103497938	animal.n.01	None
103497966	animal.n.01	None
103497975	animal.n.01	None
103498239	animal.n.01	None
103498245	animal.n.01	None
103498267	animal.n.01	None
103498276	animal.n.01	None
103498368	animal.n.01	None
103498565	animal.n.01	None
103498590	animal.n.01	None
103498598	animal.n.01	None
103498655	animal.n.01	None
103498661	animal.n.01	None
103499050	animal.n.01	None
103499059	animal.n.01	None
103499082	animal.n.01	None
103499448	animal.n.01	None
103499611	animal.n.01	None
103499620	animal.n.01	None
103499658	animal.n.01	None
103499664	animal.n.01	None
103499780	animal.n.01	None
103499786	animal.n.01	None
103500885	animal.n.01	None
103500897	animal.n.01	None
103501070	animal.n.01	None
103501408	animal.n.01	None
103501429	animal.n.01	None
103501459	animal.n.01	None
103502059	animal.n.01	None
103502067	animal.n.01	None
103502095	animal.n.01	None
103502332	animal.n.01	None
103502492	animal.n.01	None
103502509	animal.n.01	None
103502513	animal.n.01	None
103502530	animal.n.01	None
103502549	animal.n.01	None
103502552	animal.n.01	None
103503031	animal.n.01	None
103504875	animal.n.01	None
103504907	animal.n.01	None
103505453	animal.n.01	None
103505463	animal.n.01	None
103505739	animal.n.01	None
103505749	animal.n.01	None
103505853	animal.n.01	None
103506419	animal.n.01	None
103506429	animal.n.01	None
103506618	animal.n.01	None
103506628	animal.n.01	None
103506666	animal.n.01	None
103506717	animal.n.01	None
103506727	animal.n.01	None
103506736	animal.n.01	None
103507838	animal.n.01	None
103508340	animal.n.01	None
103508357	animal.n.01	None
103509248	animal.n.01	None
103512467	animal.n.01	None
103512503	animal.n.01	None
103512819	animal.n.01	None
103512847	animal.n.01	None
103512896	animal.n.01	None
103512948	animal.n.01	None
103512960	animal.n.01	None
103515431	animal.n.01	None
103515467	animal.n.01	None
103515496	animal.n.01	None
103515534	animal.n.01	None
103515556	animal.n.01	None
103515595	animal.n.01	None
103515614	animal.n.01	None
103515626	animal.n.01	None
103516158	animal.n.01	None
103516161	animal.n.01	None
103517668	animal.n.01	None
103520722	animal.n.01	None
103520730	animal.n.01	None
103520743	animal.n.01	None
103520784	animal.n.01	None
103520882	animal.n.01	None
103522294	animal.n.01	None
103522335	animal.n.01	None
103522380	animal.n.01	None
103522390	animal.n.01	None
103522679	animal.n.01	None
103522718	animal.n.01	None
103522752	animal.n.01	None
103522842	animal.n.01	None
103522926	animal.n.01	None
103523013	animal.n.01	None
103523100	animal.n.01	None
103523218	animal.n.01	None
103523315	animal.n.01	None
103523407	animal.n.01	None
103523521	animal.n.01	None
103523608	animal.n.01	None
103523732	animal.n.01	None
103523832	animal.n.01	None
103523909	animal.n.01	None
103524054	animal.n.01	None
103524157	animal.n.01	None
103524173	animal.n.01	None
103524238	animal.n.01	None
103524344	animal.n.01	None
103524428	animal.n.01	None
103524514	animal.n.01	None
103524597	animal.n.01	None
103524693	animal.n.01	None
103524780	animal.n.01	None
103524927	animal.n.01	None
103525131	animal.n.01	None
103525137	animal.n.01	None
103525216	animal.n.01	None
103525290	animal.n.01	None
103525371	animal.n.01	None
103525380	animal.n.01	None
103525495	animal.n.01	None
103525507	animal.n.01	None
103532803	animal.n.01	None
103532806	animal.n.01	None
103532912	animal.n.01	None
103532922	animal.n.01	None
103538472	animal.n.01	None
103538497	animal.n.01	None
103540606	animal.n.01	None
103540616	animal.n.01	None
103540783	animal.n.01	None
103544101	animal.n.01	None
103544105	animal.n.01	None
103544121	animal.n.01	None
103545468	animal.n.01	None
103545480	animal.n.01	None
103545548	animal.n.01	None
103545566	animal.n.01	None
103545593	animal.n.01	None
103546052	animal.n.01	None
103548001	animal.n.01	None
103549820	animal.n.01	None
103549957	animal.n.01	None
103549966	animal.n.01	None
103555170	animal.n.01	None
103555176	animal.n.01	None
103555280	animal.n.01	None
103555290	animal.n.01	None
103555295	animal.n.01	None
103556533	animal.n.01	None
103556542	animal.n.01	None
103556948	animal.n.01	None
103557143	animal.n.01	None
103557150	animal.n.01	None
103557293	animal.n.01	None
103557311	animal.n.01	None
103557883	animal.n.01	None
103558704	animal.n.01	None
103561913	animal.n.01	None
103561918	animal.n.01	None
103561932	animal.n.01	None
103561994	animal.n.01	None
103562002	animal.n.01	None
103562014	animal.n.01	None
103562019	animal.n.01	None
103562406	animal.n.01	None
103562906	animal.n.01	None
103562913	animal.n.01	None
103562972	animal.n.01	None
103562983	animal.n.01	None
103562993	animal.n.01	None
103564643	animal.n.01	None
103564661	animal.n.01	None
103564923	animal.n.01	None
103564926	animal.n.01	None
103565145	animal.n.01	None
103565425	animal.n.01	None
103565443	animal.n.01	None
103566216	animal.n.01	None
103566433	animal.n.01	None
103566460	animal.n.01	None
103566489	animal.n.01	None
103566714	animal.n.01	None
103566739	animal.n.01	None
103568157	animal.n.01	None
103568175	soul.n.01	0.694
103568383	body.n.01	0.977
103569509	animal.n.01	None
103570095	animal.n.01	None
103570181	animal.n.01	None
103570478	animal.n.01	None
103571030	animal.n.01	None
103571254	animal.n.01	None
103571269	animal.n.01	None
103571300	animal.n.01	None
103571383	animal.n.01	None
103571497	animal.n.01	None
103571528	animal.n.01	None
103571545	animal.n.01	None
103571600	animal.n.01	None
103571603	animal.n.01	None
103571712	animal.n.01	None
103571954	animal.n.01	None
103572057	animal.n.01	None
103572751	animal.n.01	None
103573099	animal.n.01	None
103573148	animal.n.01	None
103573406	animal.n.01	None
103573426	animal.n.01	None
103573820	animal.n.01	None
103573886	animal.n.01	None
103573967	animal.n.01	None
103574228	animal.n.01	None
103574494	animal.n.01	None
103574496	animal.n.01	None
103574724	animal.n.01	None
103574744	animal.n.01	None
103574907	animal.n.01	None
103575007	animal.n.01	None
103577481	animal.n.01	None
103577946	animal.n.01	None
103578378	animal.n.01	None
103578425	organism.n.01	0.994
103578606	animal.n.01	None
103578766	animal.n.01	None
103578874	animal.n.01	None
103578891	animal.n.01	None
103579296	animal.n.01	None
103581679	animal.n.01	None
103583213	organism.n.01	0.991
103583363	organism.n.01	0.992
103583503	animal.n.01	None
103584411	animal.n.01	None
103586676	animal.n.01	None
103586837	animal.n.01	None
103586959	animal.n.01	None
103587090	animal.n.01	None
103587133	animal.n.01	None
103587360	animal.n.01	None
103587815	organism.n.01	0.995
103587924	animal.n.01	None
103587950	animal.n.01	None
103588291	animal.n.01	None
103588306	animal.n.01	None
103588483	animal.n.01	None
103588503	animal.n.01	None
103588512	animal.n.01	None
103588617	animal.n.01	None
103588628	animal.n.01	None
103588639	animal.n.01	None
103588864	animal.n.01	None
103588965	animal.n.01	None
103589071	animal.n.01	None
103589082	animal.n.01	None
103589086	animal.n.01	None
103589106	animal.n.01	None
103589176	animal.n.01	None
103589207	animal.n.01	None
103589223	animal.n.01	None
103605438	animal.n.01	None
103613957	animal.n.01	None
103617979	animal.n.01	None
103624556	animal.n.01	None
103624716	animal.n.01	None
103624732	animal.n.01	None
103624786	animal.n.01	None
103625139	animal.n.01	None
103625167	animal.n.01	None
103627864	animal.n.01	None
103627882	animal.n.01	None
103629188	animal.n.01	None
103630634	animal.n.01	None
103630701	animal.n.01	None
103631412	animal.n.01	None
103631417	animal.n.01	None
103635081	animal.n.01	None
103646307	animal.n.01	None
103646340	animal.n.01	None
103646385	animal.n.01	None
103646409	animal.n.01	None
103646724	animal.n.01	None
103646737	animal.n.01	None
103646747	animal.n.01	None
103646764	animal.n.01	None
103646768	animal.n.01	None
103647079	animal.n.01	None
103647093	animal.n.01	None
103647161	animal.n.01	None
103647271	animal.n.01	None
103647285	animal.n.01	None
103647629	animal.n.01	None
103647724	animal.n.01	None
103647807	animal.n.01	None
103647820	animal.n.01	None
103647876	animal.n.01	None
103648234	animal.n.01	None
103648266	animal.n.01	None
103648321	animal.n.01	None
103648358	animal.n.01	None
103648372	animal.n.01	None
103651201	animal.n.01	None
103651207	animal.n.01	None
103651215	animal.n.01	None
103651773	animal.n.01	None
103651874	animal.n.01	None
103651914	animal.n.01	None
103651927	animal.n.01	None
103651944	animal.n.01	None
103651951	animal.n.01	None
103654965	animal.n.01	None
103654977	animal.n.01	None
103656820	animal.n.01	None
103657411	animal.n.01	None
103657507	animal.n.01	None
103657509	animal.n.01	None
103664397	animal.n.01	None
103667630	animal.n.01	None
103672258	animal.n.01	None
103672261	animal.n.01	None
103672279	animal.n.01	None
103673669	animal.n.01	None
103673717	animal.n.01	None
103675892	animal.n.01	None
103683187	animal.n.01	None
103687094	animal.n.01	None
103688128	animal.n.01	None
103688701	animal.n.01	None
103689370	animal.n.01	None
103689395	animal.n.01	None
103762328	animal.n.01	None
103762420	animal.n.01	None
103762457	animal.n.01	None
103762517	animal.n.01	None
103762531	animal.n.01	None
103762617	animal.n.01	None
103762685	animal.n.01	None
103762697	animal.n.01	None
103762741	animal.n.01	None
103762837	animal.n.01	None
103762993	animal.n.01	None
103763122	animal.n.01	None
103763279	animal.n.01	None
103763453	animal.n.01	None
103763837	animal.n.01	None
103763952	animal.n.01	None
103764653	animal.n.01	None
103764769	animal.n.01	None
103765017	plant.n.02	0.998
103765248	animal.n.01	None
103765335	animal.n.01	None
103765449	animal.n.01	None
103765522	animal.n.01	None
103765548	animal.n.01	None
103765587	animal.n.01	None
103766125	animal.n.01	None
103766407	animal.n.01	None
103766604	animal.n.01	None
103766791	animal.n.01	None
103766835	animal.n.01	None
103766862	animal.n.01	None
103767045	animal.n.01	None
103767090	animal.n.01	None
103767201	animal.n.01	None
103767954	animal.n.01	None
103767988	animal.n.01	None
103768156	animal.n.01	None
103768378	animal.n.01	None
103768698	animal.n.01	0.995
103768724	animal.n.01	None
103768768	animal.n.01	None
103769563	animal.n.01	None
103769615	animal.n.01	None
103770147	animal.n.01	None
103770468	animal.n.01	None
103771094	animal.n.01	None
103771101	animal.n.01	None
103771518	animal.n.01	None
103771619	animal.n.01	None
103771813	fetus.n.01	None
103772537	animal.n.01	None
103772544	animal.n.01	None
103772552	animal.n.01	None
103772785	animal.n.01	None
103772817	animal.n.01	None
103772830	animal.n.01	None
103773474	animal.n.01	None
103773496	animal.n.01	None
103773816	animal.n.01	None
103773875	animal.n.01	None
103774287	animal.n.01	None
103774300	individual.n.02	0.979
103774381	animal.n.01	None
103774422	animal.n.01	None
103774458	animal.n.01	None
103774535	animal.n.01	None
103774628	animal.n.01	None
103774734	animal.n.01	None
103774747	animal.n.01	None
103774775	animal.n.01	None
103774779	animal.n.01	None
103774814	animal.n.01	None
103775008	animal.n.01	None
103775066	animal.n.01	None
103775207	animal.n.01	None
103775302	animal.n.01	None
103775329	animal.n.01	None
103775414	animal.n.01	None
103775751	animal.n.01	None
103775826	animal.n.01	None
103776179	animal.n.01	None
103776195	animal.n.01	None
103776208	animal.n.01	None
103776236	animal.n.01	None
103776332	animal.n.01	None
103776349	animal.n.01	None
103776394	animal.n.01	None
103776424	animal.n.01	None
103776451	animal.n.01	None
103776606	animal.n.01	None
103776625	animal.n.01	None
103776752	animal.n.01	None
103776928	animal.n.01	None
103777562	animal.n.01	None
103777641	animal.n.01	None
103777710	animal.n.01	None
103778463	animal.n.01	None
103778465	animal.n.01	None
103778515	animal.n.01	None
103778560	animal.n.01	None
103778566	animal.n.01	None
103778571	animal.n.01	None
103778581	animal.n.01	None
103778939	animal.n.01	None
103778965	animal.n.01	None
103778997	animal.n.01	None
103779267	animal.n.01	None
103779351	animal.n.01	None
103779396	animal.n.01	None
103779408	animal.n.01	None
103779490	animal.n.01	None
103779497	animal.n.01	None
103779508	animal.n.01	None
103779540	animal.n.01	None
103779601	animal.n.01	None
103779884	animal.n.01	None
103780257	animal.n.01	None
103780515	animal.n.01	None
103780601	animal.n.01	None
103780625	animal.n.01	None
103780898	animal.n.01	None
103781359	animal.n.01	None
103781374	animal.n.01	None
103781387	animal.n.01	None
103781421	animal.n.01	None
103781437	animal.n.01	None
103781473	animal.n.01	None
103781504	animal.n.01	None
103781545	animal.n.01	None
103781592	animal.n.01	None
103781693	animal.n.01	None
103781723	animal.n.01	None
103781816	animal.n.01	None
103781939	animal.n.01	None
103782038	animal.n.01	None
103782072	animal.n.01	None
103782125	animal.n.01	None
103782189	animal.n.01	None
103782307	animal.n.01	None
103782321	animal.n.01	None
103782338	animal.n.01	None
103782838	animal.n.01	None
103782892	animal.n.01	None
103783259	animal.n.01	None
103784184	animal.n.01	None
103784317	animal.n.01	None
103784333	animal.n.01	None
103784403	animal.n.01	None
103784466	animal.n.01	None
103784739	animal.n.01	None
103784764	animal.n.01	None
103784878	animal.n.01	None
103785052	animal.n.01	None
103785139	animal.n.01	None
103785291	animal.n.01	None
103785311	animal.n.01	None
103785497	animal.n.01	None
103785717	animal.n.01	None
103785795	animal.n.01	None
103785865	animal.n.01	None
103786100	animal.n.01	None
103786138	animal.n.01	None
103786231	animal.n.01	None
103786327	animal.n.01	None
103786579	animal.n.01	None
103787074	animal.n.01	None
103787080	animal.n.01	None
103787599	animal.n.01	None
103787779	animal.n.01	None
103788428	animal.n.01	None
103789143	animal.n.01	None
103790120	animal.n.01	None
103790171	animal.n.01	None
103790201	animal.n.01	None
103790774	animal.n.01	None
103790820	animal.n.01	None
103791060	animal.n.01	0.993
103791084	animal.n.01	0.994
103791272	quadruped.n.01	None
103791729	chick.n.01	0.982
103791791	animal.n.01	None
103791861	embryo.n.02	0.988
103791954	animal.n.01	None
103792544	animal.n.01	None
103792702	fish.n.01	0.976
103792927	animal.n.01	None
103792980	animal.n.01	None
103793030	animal.n.01	None
103793422	animal.n.01	None
103793586	animal.n.01	None
103794596	animal.n.01	None
103794798	animal.n.01	None
103794841	animal.n.01	None
103795285	animal.n.01	None
103795547	animal.n.01	0.889
103795666	animal.n.01	None
103795903	animal.n.01	None
103796050	animal.n.01	None
103796104	animal.n.01	None
103796112	animal.n.01	None
103796589	animal.n.01	0.989
103796633	animal.n.01	None
103796671	animal.n.01	0.997
103797334	animal.n.01	None
103797460	animal.n.01	None
103797467	animal.n.01	None
103798228	animal.n.01	None
103798416	animal.n.01	None
103798438	animal.n.01	None
103798467	animal.n.01	None
103798477	animal.n.01	None
103798506	animal.n.01	None
103798525	animal.n.01	None
103798549	animal.n.01	None
103798627	animal.n.01	None
103798636	animal.n.01	None
103798787	animal.n.01	None
103798821	animal.n.01	None
103798844	animal.n.01	None
103799314	animal.n.01	None
103799346	animal.n.01	None
103799617	animal.n.01	None
103799762	embryo.n.02	0.945
103800556	animal.n.01	None
103800781	animal.n.01	None
103801254	animal.n.01	None
103801525	embryo.n.02	0.974
103802291	animal.n.01	None
103802492	animal.n.01	None
103802708	animal.n.01	None
103803822	animal.n.01	None
103803868	animal.n.01	None
103803885	animal.n.01	None
103803945	animal.n.01	None
103803966	animal.n.01	None
103804037	animal.n.01	None
103804493	animal.n.01	None
103804906	animal.n.01	None
103804988	animal.n.01	None
103805084	animal.n.01	None
103805257	animal.n.01	None
103805359	animal.n.01	None
103805420	animal.n.01	None
103805459	animal.n.01	None
103805527	animal.n.01	None
103805623	animal.n.01	None
103805675	animal.n.01	None
103805709	animal.n.01	None
103805720	animal.n.01	None
103805864	animal.n.01	None
103805983	animal.n.01	None
103806121	animal.n.01	None
103806537	animal.n.01	None
103806563	animal.n.01	None
103806596	animal.n.01	None
103806712	animal.n.01	None
103806772	animal.n.01	None
103807058	animal.n.01	None
103807412	animal.n.01	None
103807467	animal.n.01	None
103807488	animal.n.01	None
103807536	animal.n.01	None
103808022	animal.n.01	None
103808225	animal.n.01	None
103808356	animal.n.01	None
103808381	animal.n.01	None
103808449	animal.n.01	None
103808771	animal.n.01	None
103808791	animal.n.01	None
103808855	animal.n.01	None
103808886	animal.n.01	None
103809111	animal.n.01	None
103809275	animal.n.01	None
103809387	animal.n.01	None
103809635	animal.n.01	None
103809699	animal.n.01	None
103809742	animal.n.01	None
103809836	animal.n.01	None
103809883	animal.n.01	None
103809897	animal.n.01	None
103810227	animal.n.01	None
103810252	animal.n.01	None
103810322	animal.n.01	None
103810354	animal.n.01	None
103810641	animal.n.01	None
103810723	animal.n.01	None
103810816	animal.n.01	None
103810822	animal.n.01	None
103810857	animal.n.01	None
103810889	animal.n.01	None
103810977	animal.n.01	None
103811074	animal.n.01	None
103811123	animal.n.01	None
103811224	animal.n.01	None
103811243	animal.n.01	None
103811257	animal.n.01	None
103812073	animal.n.01	None
103812173	animal.n.01	None
103812857	animal.n.01	None
103812884	animal.n.01	None
103812986	animal.n.01	None
103813142	animal.n.01	None
103813189	animal.n.01	None
103813233	animal.n.01	None
103813244	animal.n.01	None
103813438	animal.n.01	None
103813813	animal.n.01	None
103814216	animal.n.01	None
103814369	animal.n.01	None
103814510	animal.n.01	None
103814525	animal.n.01	None
103814731	animal.n.01	None
103815312	animal.n.01	None
103815358	animal.n.01	None
103815773	animal.n.01	None
103815806	animal.n.01	None
103816436	animal.n.01	None
103816566	animal.n.01	None
103816600	animal.n.01	None
103817603	animal.n.01	None
103817825	animal.n.01	None
103817916	animal.n.01	None
103824853	animal.n.01	None
103835748	animal.n.01	None
103837675	animal.n.01	None
103837814	animal.n.01	None
103837928	animal.n.01	None
103837978	animal.n.01	None
103838202	animal.n.01	None
103838260	animal.n.01	None
103838282	animal.n.01	None
103838426	animal.n.01	None
103838739	animal.n.01	None
103838778	animal.n.01	None
103839063	animal.n.01	None
103839750	animal.n.01	None
103839791	animal.n.01	None
103839840	animal.n.01	None
103839970	animal.n.01	None
103840036	animal.n.01	None
103840053	animal.n.01	None
103840090	animal.n.01	None
103840357	animal.n.01	None
103840381	animal.n.01	None
103840422	animal.n.01	0.983
103840486	animal.n.01	None
103840811	animal.n.01	0.998
103840917	animal.n.01	None
103841057	animal.n.01	0.995
103841109	animal.n.01	None
103841128	animal.n.01	None
103841135	animal.n.01	None
103841232	animal.n.01	None
103841408	quadruped.n.01	None
103841589	animal.n.01	None
103841670	animal.n.01	None
103842090	animal.n.01	None
103842232	animal.n.01	0.984
103842286	animal.n.01	None
103842792	animal.n.01	0.994
103842813	animal.n.01	None
103843924	animal.n.01	None
103843946	animal.n.01	None
103843985	animal.n.01	None
103844204	animal.n.01	None
103844276	animal.n.01	None
103844306	animal.n.01	None
103844925	animal.n.01	None
103845227	animal.n.01	None
103845541	animal.n.01	None
103845586	animal.n.01	None
103845929	animal.n.01	None
103846327	animal.n.01	None
103846366	animal.n.01	None
103846606	animal.n.01	None
103846617	animal.n.01	None
103846888	animal.n.01	None
103847044	animal.n.01	None
103847105	quadruped.n.01	None
103847185	animal.n.01	None
103847192	animal.n.01	None
103847696	animal.n.01	None
103847865	animal.n.01	None
103848057	animal.n.01	None
103848196	animal.n.01	None
103848741	animal.n.01	None
103848914	animal.n.01	None
103849034	animal.n.01	None
103849205	animal.n.01	None
103849226	animal.n.01	None
103849343	animal.n.01	None
103849579	animal.n.01	None
103849695	animal.n.01	None
103850927	animal.n.01	None
103850956	animal.n.01	None
103850985	animal.n.01	None
103851246	animal.n.01	None
103851298	animal.n.01	None
103851391	animal.n.01	None
103851504	animal.n.01	None
103852000	animal.n.01	None
103852210	animal.n.01	None
103852405	animal.n.01	None
103852426	animal.n.01	None
103852440	animal.n.01	None
103852676	animal.n.01	None
103852776	animal.n.01	None
103853972	animal.n.01	None
103854014	animal.n.01	None
103854147	quadruped.n.01	None
103854786	animal.n.01	None
103855211	animal.n.01	None
103856086	animal.n.01	None
103856098	animal.n.01	None
103856409	quadruped.n.01	None
103856535	animal.n.01	None
103856805	animal.n.01	None
103856830	animal.n.01	None
103856863	animal.n.01	None
103856970	animal.n.01	None
103857041	animal.n.01	None
103858042	animal.n.01	None
103858203	animal.n.01	None
103858216	animal.n.01	None
103859583	animal.n.01	None
103859701	animal.n.01	None
103860132	animal.n.01	None
103860159	animal.n.01	None
103860265	animal.n.01	None
103860353	animal.n.01	None
103860443	animal.n.01	None
103860456	animal.n.01	None
103860525	animal.n.01	None
103860665	animal.n.01	None
103860670	animal.n.01	None
103860847	animal.n.01	None
103860944	animal.n.01	None
103861100	animal.n.01	None
103861400	animal.n.01	None
103861632	animal.n.01	None
103861748	animal.n.01	None
103861775	animal.n.01	None
103861924	animal.n.01	None
103862251	animal.n.01	None
103862462	animal.n.01	None
103862558	animal.n.01	None
103862669	animal.n.01	None
103862786	animal.n.01	None
103862837	animal.n.01	None
103863174	animal.n.01	None
103863361	animal.n.01	None
103863413	animal.n.01	None
103863468	animal.n.01	None
103863496	animal.n.01	None
103863528	sheep.n.01	0.996
103863569	animal.n.01	None
103863694	animal.n.01	None
103863797	animal.n.01	None
103863984	animal.n.01	None
103863997	animal.n.01	None
103864018	animal.n.01	None
103864181	animal.n.01	None
103864192	animal.n.01	None
103864325	animal.n.01	None
103864461	animal.n.01	None
103864688	animal.n.01	None
103864790	animal.n.01	None
103865107	animal.n.01	None
103865168	animal.n.01	None
103865547	animal.n.01	None
103865666	animal.n.01	None
103865700	animal.n.01	None
120643518	animal.n.01	None
120645170	animal.n.01	None
103869510	animal.n.01	None
103870771	animal.n.01	0.998
103871196	animal.n.01	None
103872265	animal.n.01	None
103872416	animal.n.01	0.996
103872485	animal.n.01	0.986
103872576	animal.n.01	None
103872835	animal.n.01	None
103873407	animal.n.01	0.997
103873746	animal.n.01	None
103873755	animal.n.01	None
103873769	animal.n.01	None
103873978	animal.n.01	None
103874193	animal.n.01	None
103874200	animal.n.01	None
103874781	animal.n.01	None
120652189	organism.n.01	0.99
103874981	quadruped.n.01	None
103875118	animal.n.01	None
103875126	animal.n.01	None
103875236	animal.n.01	None
103875709	insect.n.01	1.0
103875791	animal.n.01	None
103875881	animal.n.01	None
103875946	young.n.01	0.924
103876240	animal.n.01	None
103876354	animal.n.01	None
103876445	animal.n.01	None
120653773	animal.n.01	None
103876576	animal.n.01	None
120653809	animal.n.01	None
120653900	animal.n.01	None
120653920	animal.n.01	None
120653954	animal.n.01	None
103876772	animal.n.01	None
120653988	animal.n.01	None
120654001	animal.n.01	None
103876828	animal.n.01	None
103876832	animal.n.01	None
103876867	animal.n.01	None
103876883	animal.n.01	None
120654134	animal.n.01	None
103877013	animal.n.01	None
120654235	animal.n.01	None
103877057	animal.n.01	None
103877123	animal.n.01	None
103877165	animal.n.01	None
120654402	animal.n.01	None
120654416	animal.n.01	None
120654428	animal.n.01	None
120654454	animal.n.01	None
120654477	animal.n.01	None
120654522	animal.n.01	None
120654614	animal.n.01	None
120654674	animal.n.01	None
120654692	animal.n.01	None
103877592	animal.n.01	None
103877678	animal.n.01	None
120655278	animal.n.01	None
120655303	animal.n.01	None
103878276	quadruped.n.01	None
120655513	animal.n.01	None
120655542	animal.n.01	None
103878907	animal.n.01	None
103878924	animal.n.01	None
103879005	animal.n.01	None
120656809	animal.n.01	None
103880031	quadruped.n.01	None
120657357	organism.n.01	0.983
103880195	animal.n.01	0.988
120657579	organism.n.01	0.995
103880572	animal.n.01	None
103880603	animal.n.01	None
103880736	animal.n.01	None
103880997	animal.n.01	None
103881053	animal.n.01	None
120658347	organism.n.01	0.992
120658428	organism.n.01	0.897
120658464	organism.n.01	0.923
120658480	organism.n.01	0.64
120658493	organism.n.01	0.715
120658511	organism.n.01	0.789
103881422	animal.n.01	None
103883431	parasite.n.01	0.998
120661974	animal.n.01	None
103884900	insect.n.01	0.999
103884971	animal.n.01	None
103884985	animal.n.01	None
103884993	insect.n.01	0.998
120662212	animal.n.01	None
103885018	insect.n.01	1.0
103885081	animal.n.01	None
103885088	animal.n.01	None
103885108	animal.n.01	None
120662479	organism.n.01	0.969
103885267	animal.n.01	0.882
103885318	animal.n.01	None
103885470	animal.n.01	0.959
103885564	animalcule.n.01	None
103885591	insect.n.01	1.0
103885724	animal.n.01	None
103885838	insect.n.01	1.0
103886018	animal.n.01	None
103886119	animal.n.01	None
103886267	insect.n.01	1.0
103886402	animal.n.01	None
103888869	animal.n.01	None
103889012	animal.n.01	None
103889109	animal.n.01	None
103889321	animal.n.01	0.993
103889329	animalcule.n.01	None
103889400	animal.n.01	0.945
103889812	animal.n.01	None
120667173	animal.n.01	None
120667230	animal.n.01	None
103890623	animal.n.01	None
103892292	animal.n.01	0.992
103892812	animal.n.01	None
103895312	fish.n.01	0.974
103895514	animal.n.01	0.988
103895561	animal.n.01	None
103896730	animal.n.01	None
103897291	egg.n.01	0.792
103898762	animal.n.01	None
103898824	animal.n.01	None
103899029	animal.n.01	None
103899183	animal.n.01	None
103901007	animal.n.01	None
103902381	animal.n.01	None
103903356	animal.n.01	None
120680910	animal.n.01	0.985
103903920	animal.n.01	0.992
103904047	animal.n.01	None
103904668	animal.n.01	None
120683290	animal.n.01	None
103906170	animal.n.01	None
103906629	animal.n.01	None
103906761	animal.n.01	None
103906768	animal.n.01	None
120684095	bird.n.01	0.97
103907272	animal.n.01	None
103907780	animal.n.01	None
103907801	animal.n.01	None
120685104	animal.n.01	None
103908075	animal.n.01	None
103908182	animal.n.01	None
103908228	animal.n.01	None
103909216	animal.n.01	None
103909255	animal.n.01	None
103909345	animal.n.01	None
103909422	animal.n.01	None
103909685	animal.n.01	None
103909942	animal.n.01	None
103910157	animal.n.01	None
103910519	animal.n.01	None
103910550	animal.n.01	None
103910628	animal.n.01	None
103910644	animal.n.01	None
103910667	animal.n.01	None
103910735	animal.n.01	None
103910744	animal.n.01	None
103910816	animal.n.01	None
103910877	animal.n.01	None
103910975	animal.n.01	None
103911271	animal.n.01	None
103911346	animal.n.01	None
103911395	animal.n.01	None
103911618	animal.n.01	None
103911740	animal.n.01	None
103911767	animal.n.01	None
103911829	animal.n.01	None
103911863	animal.n.01	None
103911876	animal.n.01	None
103914175	animal.n.01	None
103914314	animal.n.01	None
103914385	animal.n.01	None
103914416	animal.n.01	None
103914482	animal.n.01	None
103914634	animal.n.01	None
103914977	quadruped.n.01	None
103915083	animal.n.01	None
103915152	animal.n.01	None
103915195	animal.n.01	None
103915213	animal.n.01	None
103915304	meat.n.01	0.95
103916190	animal.n.01	None
103916277	animal.n.01	None
103917731	animal.n.01	None
103917959	animal.n.01	None
103918440	animal.n.01	0.987
103919255	animal.n.01	None
103920621	animal.n.01	None
103920984	animal.n.01	None
103921039	animal.n.01	None
103921842	animal.n.01	None
103922011	insect.n.01	0.999
103922180	animal.n.01	None
103923266	animal.n.01	None
103923705	animal.n.01	None
103924130	animal.n.01	None
103924212	animal.n.01	0.982
103924279	animal.n.01	None
103925635	animal.n.01	None
103926542	quadruped.n.01	None
103926925	animal.n.01	None
103927072	animal.n.01	None
103927316	bird.n.01	0.999
103932674	animal.n.01	0.997
103934216	animal.n.01	0.996
103934740	animal.n.01	None
103936787	animal.n.01	None
103936819	animal.n.01	0.968
103939145	animal.n.01	None
103940394	animal.n.01	0.917
103940400	animal.n.01	None
103940555	animal.n.01	None
103940680	animal.n.01	None
103940703	animal.n.01	None
103941155	animal.n.01	None
103941162	animal.n.01	None
103941275	animal.n.01	None
103945093	animal.n.01	None
103945124	animal.n.01	None
103945133	animal.n.01	None
103945255	animal.n.01	None
103945264	animal.n.01	None
103946275	animal.n.01	None
103946327	animal.n.01	None
103946459	animal.n.01	None
103946700	animal.n.01	None
103946735	animal.n.01	None
103947184	animal.n.01	None
103947798	animal.n.01	None
103947931	animal.n.01	None
103947973	animal.n.01	None
103948079	animal.n.01	None
103948306	animal.n.01	0.813
103948459	animal.n.01	0.96
103948558	animal.n.01	0.951
103948885	animal.n.01	0.966
103949061	animal.n.01	None
103949526	animal.n.01	None
103949643	animal.n.01	None
103949988	animal.n.01	0.928
103950226	animal.n.01	None
103950452	animal.n.01	None
103950502	animal.n.01	None
103950561	animal.n.01	None
103950648	animal.n.01	None
103950743	organism.n.01	0.743
103950952	animal.n.01	None
103951498	animal.n.01	None
103952485	animal.n.01	None
103954638	animal.n.01	None
103955080	animal.n.01	None
103957338	animal.n.01	None
103957345	animal.n.01	None
103957374	animal.n.01	None
103957379	animal.n.01	None
103957795	animal.n.01	None
103957983	animal.n.01	None
103958229	animal.n.01	None
103958257	animal.n.01	None
103961084	animal.n.01	None
103961101	animal.n.01	None
103961123	animal.n.01	None
103961128	animal.n.01	None
103961130	animal.n.01	None
103961141	animal.n.01	None
103961161	animal.n.01	None
103961165	animal.n.01	None
103961193	animal.n.01	None
103961328	animal.n.01	None
103961341	animal.n.01	None
103961391	animal.n.01	None
103961420	animal.n.01	None
103961448	animal.n.01	None
103961525	animal.n.01	None
103961736	organ.n.01	0.996
103961747	animal.n.01	None
103961800	animal.n.01	None
103961930	animal.n.01	None
103961979	animal.n.01	None
103962178	animal.n.01	None
103962192	animal.n.01	None
103962222	animal.n.01	None
103962376	animal.n.01	None
103962413	animal.n.01	None
103963021	animal.n.01	None
103966491	animal.n.01	None
103966531	animal.n.01	None
103966882	animal.n.01	None
103967341	insect.n.01	1.0
103967387	animal.n.01	None
103967425	animal.n.01	None
103967452	animal.n.01	None
103967505	animal.n.01	None
103967612	animal.n.01	None
103967863	animal.n.01	None
103967902	animal.n.01	None
103967952	animal.n.01	None
103967965	animal.n.01	None
103968018	animal.n.01	None
103968105	animal.n.01	None
103968116	animal.n.01	None
103968131	animal.n.01	None
103968180	animal.n.01	None
103968404	plant.n.02	0.999
103968412	animal.n.01	None
103968509	animal.n.01	None
103968542	animal.n.01	None
103968552	animal.n.01	None
103968587	animal.n.01	0.993
103968614	animal.n.01	None
103968649	animal.n.01	None
103969019	animal.n.01	None
103969247	organism.n.01	0.995
103969285	organism.n.01	0.989
103969422	animal.n.01	None
103969433	animal.n.01	None
103969488	animal.n.01	None
103969885	animal.n.01	None
103969895	animal.n.01	None
103970403	animal.n.01	None
103970544	animal.n.01	None
103970587	animal.n.01	None
103970625	animal.n.01	None
103970650	animal.n.01	None
120747871	animal.n.01	None
103970755	organism.n.01	0.998
103972116	animal.n.01	None
103972829	animal.n.01	None
103972873	animal.n.01	None
103973410	animal.n.01	None
103974354	animal.n.01	None
103974367	animal.n.01	None
103975028	animal.n.01	None
103975696	animal.n.01	None
120756347	animal.n.01	0.999
120766798	animal.n.01	0.998
112384872	organism.n.01	0.998
112388118	animal.n.01	0.989
112388972	animal.n.01	0.992
112389136	animal.n.01	0.96
112389160	animal.n.01	None
112389379	animal.n.01	None
112389599	animal.n.01	None
112389773	animal.n.01	None
112389800	animal.n.01	0.987
112389849	body.n.01	0.913
112389955	animal.n.01	None
112391722	animal.n.01	None
112391787	animal.n.01	0.997
112391825	cub.n.03	0.91
112393542	snake.n.01	0.999
112393577	animal.n.01	None
112393608	animal.n.01	0.988
112393768	animal.n.01	0.956
112400961	animal.n.01	None
120789594	animal.n.01	0.99
112401021	animal.n.01	None
112401034	animal.n.01	None
104012698	animal.n.01	None
104012918	animal.n.01	None
104013324	painting.n.01	0.785
104013351	painting.n.01	0.787
104013456	design.n.04	0.53
104014948	animal.n.01	None
104014960	animal.n.01	None
104015280	animal.n.01	None
104015373	animal.n.01	None
104015423	animal.n.01	0.996
112405656	animal.n.01	None
112405699	animal.n.01	None
112405703	animal.n.01	None
104018004	animal.n.01	None
104022963	animal.n.01	None
104026249	animal.n.01	None
104027728	animal.n.01	None
112417593	animal.n.01	None
112417794	animal.n.01	None
104031755	organism.n.01	0.99
104034254	animal.n.01	None
104034324	animal.n.01	None
104034628	animal.n.01	None
104034653	animal.n.01	None
104034926	animal.n.01	None
104036769	animal.n.01	None
104039482	animal.n.01	None
112428495	animal.n.01	None
104040238	animal.n.01	None
104040247	animal.n.01	None
104041052	animal.n.01	None
104041216	animal.n.01	None
104042086	animal.n.01	None
104042268	animal.n.01	None
104042271	animal.n.01	None
104043222	animal.n.01	None
104045465	animal.n.01	None
112434553	animal.n.01	None
112434636	animal.n.01	None
112434658	animal.n.01	None
112434747	animal.n.01	None
112434778	animal.n.01	None
112435454	animal.n.01	None
104046940	animal.n.01	None
104046952	animal.n.01	None
104047014	animal.n.01	None
112436049	animal.n.01	None
112436156	animal.n.01	None
112436727	animal.n.01	0.96
112436794	fetus.n.01	None
112437253	animal.n.01	0.905
104049905	animal.n.01	None
104050742	animal.n.01	None
112439371	animal.n.01	0.969
112440122	animal.n.01	None
112440510	animal.n.01	None
104052055	animal.n.01	None
112441317	animal.n.01	None
112442382	animal.n.01	None
104053893	animal.n.01	None
112442519	animal.n.01	None
112442531	animal.n.01	None
104053944	animal.n.01	None
104055160	animal.n.01	None
104056381	animal.n.01	None
112445013	animal.n.01	0.946
112445546	animal.n.01	0.849
104057089	animal.n.01	None
104057110	animal.n.01	None
104057113	animal.n.01	None
104057243	animal.n.01	None
104057898	animal.n.01	None
104057956	animal.n.01	None
104058017	animal.n.01	None
104058316	animal.n.01	None
104058341	animal.n.01	None
112447005	animal.n.01	None
104058437	animal.n.01	None
112447435	animal.n.01	0.976
104058884	animal.n.01	None
104059038	animal.n.01	None
104059503	animal.n.01	None
104059522	animal.n.01	None
104059734	animal.n.01	None
104059739	animal.n.01	None
104059744	animal.n.01	None
104059788	animal.n.01	None
104059792	animal.n.01	None
104059872	animal.n.01	None
112448491	ruminant.n.01	None
104059951	animal.n.01	None
104059998	animal.n.01	None
104060006	animal.n.01	None
104060109	animal.n.01	None
104060219	animal.n.01	None
112448868	animal.n.01	0.908
112448881	animal.n.01	0.94
104060373	animal.n.01	None
104060433	animal.n.01	None
104060881	animal.n.01	None
112449530	animal.n.01	None
104060937	animal.n.01	None
104060994	animal.n.01	None
104061034	animal.n.01	None
112449662	animal.n.01	0.985
104061066	animal.n.01	None
104061073	animal.n.01	None
104061089	animal.n.01	None
104061163	animal.n.01	None
104061528	animal.n.01	None
104061566	animal.n.01	None
104061569	animal.n.01	None
104061669	animal.n.01	None
112450288	animal.n.01	0.873
104061922	animal.n.01	None
112450615	animal.n.01	0.935
112450739	animal.n.01	0.779
112450753	animal.n.01	0.973
104062410	animal.n.01	None
104063045	animal.n.01	None
104063050	animal.n.01	None
104064159	line.n.02	0.304
104064182	animal.n.01	None
104064333	animal.n.01	None
104065319	animal.n.01	None
104065561	live_body.n.01	None
104065603	living_thing.n.01	None
104065612	living_thing.n.01	None
104065746	animal.n.01	None
104065775	animal.n.01	None
104069730	animal.n.01	None
104076360	animal.n.01	None
104076366	animal.n.01	None
104076417	animal.n.01	None
104076426	animality.n.01	None
104076453	animal.n.01	None
104076768	animal.n.01	None
104076780	animal.n.01	None
104077106	animal.n.01	None
104078321	animal.n.01	None
104080151	animal.n.01	None
104085895	animal.n.01	None
104088928	organism.n.01	0.962
104088973	animal.n.01	None
104092489	animal.n.01	None
104093282	animal.n.01	None
104093301	animal.n.01	None
104094495	animal.n.01	None
104094738	animal.n.01	None
104096635	animal.n.01	None
104099273	animal.n.01	None
104099277	animal.n.01	None
104099281	animal.n.01	None
104100608	animal.n.01	None
104100614	animal.n.01	None
104101578	organism.n.01	0.997
104104757	animal.n.01	None
104104991	animal.n.01	None
104106571	animal.n.01	None
104115949	animal.n.01	None
104121251	animal.n.01	None
104121266	animal.n.01	None
104127308	animal.n.01	None
104136702	animal.n.01	None
104138201	animal.n.01	None
104138527	animal.n.01	None
104140701	animal.n.01	None
104143110	animal.n.01	None
104143577	animal.n.01	None
104144135	animal.n.01	None
104145666	animal.n.01	None
104146292	animal.n.01	0.991
104148729	animal.n.01	None
104149181	animal.n.01	0.999
104149210	animal.n.01	None
104152166	animal.n.01	None
104152214	animal.n.01	None
104152251	animal.n.01	None
104152442	mole.n.06	0.999
104154040	animal.n.01	None
104154194	animal.n.01	0.975
104154221	animal.n.01	None
104154236	animal.n.01	None
104154250	beast.n.02	0.87
104155842	animal.n.01	0.981
104156467	animal.n.01	None
104156502	animal.n.01	None
104156724	animal.n.01	0.877
104157761	animal.n.01	0.978
104159616	animal.n.01	0.994
104159639	living_thing.n.01	None
104159694	animal.n.01	0.98
104160000	organism.n.01	0.991
104160496	animal.n.01	0.878
104161086	animal.n.01	None
104162179	animal.n.01	None
104163197	animal.n.01	None
104163229	animal.n.01	None
104170204	animal.n.01	None
104170235	animal.n.01	None
104170317	animal.n.01	None
104170801	animal.n.01	None
104171186	animal.n.01	None
104171330	animal.n.01	None
104171569	animal.n.01	None
104171610	animal.n.01	None
104171660	animal.n.01	None
104171899	animal.n.01	None
104172007	animal.n.01	None
104172043	animal.n.01	None
104172978	animal.n.01	None
104173157	animal.n.01	None
104173234	animal.n.01	None
104173252	animal.n.01	None
104173335	animal.n.01	None
104173570	group.n.01	0.997
104173964	animal.n.01	None
104173996	animal.n.01	None
104174095	animal.n.01	None
104174530	animal.n.01	None
104174748	animal.n.01	None
104174805	animal.n.01	None
104174856	animalia.n.01	None
104174984	animal.n.01	None
104175218	animal.n.01	None
104181062	animal.n.01	None
104181097	animal.n.01	None
104181171	animal.n.01	None
104181492	animal.n.01	None
104181506	animal.n.01	None
104181900	animal.n.01	None
104181996	animal.n.01	None
104182098	animal.n.01	None
104182259	animal.n.01	None
104182706	animal.n.01	None
104182755	animal.n.01	None
104182909	animal.n.01	None
104183012	animal.n.01	None
104183271	animal.n.01	None
104183299	animal.n.01	None
104183554	animal.n.01	None
104183619	animal.n.01	None
104183883	animal.n.01	None
104184509	animal.n.01	0.966
104184654	animal.n.01	None
104184734	animal.n.01	None
104184761	animal.n.01	None
104184850	animal.n.01	0.965
104184898	animal.n.01	None
104185519	animal.n.01	None
104185869	animal.n.01	None
104186493	animal.n.01	None
104186510	animal.n.01	None
104186600	animal.n.01	None
104186759	animal.n.01	None
104186911	animal.n.01	None
104186978	animal.n.01	None
104187302	animal.n.01	None
104187485	animal.n.01	None
104187530	animal.n.01	None
104187936	animal.n.01	None
104187976	animal.n.01	None
104188015	animal.n.01	None
104188341	animal.n.01	None
104188962	animal.n.01	None
104188996	animal.n.01	None
104189543	animal.n.01	None
104189727	animal.n.01	None
104189940	animal.n.01	None
104190316	animal.n.01	None
104190427	animal.n.01	None
104190631	animal.n.01	None
104190683	animal.n.01	None
120968165	animal.n.01	None
120968180	animal.n.01	None
104191239	animal.n.01	None
104191445	animal.n.01	None
104191516	animal.n.01	None
104191559	animal.n.01	None
104191630	animal.n.01	None
104191887	animal.n.01	None
104192113	animal.n.01	None
104192153	animal.n.01	None
104192192	animal.n.01	None
104192820	animal.n.01	None
104192880	animal.n.01	None
104192944	animal.n.01	None
104193038	animal.n.01	None
104193262	animal.n.01	None
104193336	animal.n.01	None
104193412	animal.n.01	None
104193423	animal.n.01	None
104193582	animal.n.01	None
104193630	animal.n.01	None
104195237	animal.n.01	None
104195527	animal.n.01	None
104195733	animal.n.01	None
104195741	animal.n.01	None
104195957	animal.n.01	None
104196015	animal.n.01	None
104196101	animal.n.01	None
104196163	animal.n.01	None
104196380	coinage.n.01	None
104196697	animal.n.01	None
104196732	animal.n.01	None
104196743	animal.n.01	None
104197587	animal.n.01	None
104198196	animal.n.01	None
104198346	animal.n.01	None
104198385	animal.n.01	None
104198522	quadruped.n.01	None
104198576	animal.n.01	None
120976252	animal.n.01	None
120976257	animal.n.01	None
104199385	animal.n.01	None
104199681	animal.n.01	None
104199785	animal.n.01	None
104200019	animal.n.01	None
104200096	animal.n.01	None
104200189	animal.n.01	None
104200201	animal.n.01	None
104200212	animal.n.01	None
104200248	animal.n.01	None
104200406	animal.n.01	None
104200727	animal.n.01	None
104200986	quadruped.n.01	None
104201104	animal.n.01	None
104202042	animal.n.01	None
104202067	animal.n.01	None
104202208	animal.n.01	None
104202592	animal.n.01	None
104202759	animal.n.01	None
104202826	animal.n.01	None
104202843	animal.n.01	None
104203036	animal.n.01	None
104203091	animal.n.01	None
104203116	animal.n.01	None
104203207	animal.n.01	None
104203246	quadruped.n.01	None
104203683	animal.n.01	None
104203953	animal.n.01	None
104204039	animal.n.01	None
104204064	bird.n.01	0.998
104204370	animal.n.01	None
104205435	bird.n.01	0.998
104206417	animal.n.01	None
104206714	animal.n.01	None
104206949	animal.n.01	None
104207081	animal.n.01	None
104207289	quadruped.n.01	None
104207423	animal.n.01	None
104207429	animal.n.01	None
104209261	animal.n.01	None
104209449	animal.n.01	None
104210092	animal.n.01	None
104210125	animal.n.01	None
104212410	plant.n.02	0.998
104213430	animal.n.01	None
104213431	animal.n.01	None
104213436	animal.n.01	None
104213438	animal.n.01	None
104213459	animal.n.01	None
104213466	animal.n.01	None
104213471	animal.n.01	None
104213483	animal.n.01	None
104213490	animal.n.01	None
104214113	animal.n.01	None
120992726	animal.n.01	0.975
104217160	animal.n.01	None
104217217	animal.n.01	None
104217287	animal.n.01	None
104218319	animal.n.01	None
104219676	animal.n.01	None
104219942	animal.n.01	None
104220001	animal.n.01	None
104228601	animal.n.01	None
121032833	animal.n.01	0.991
121032838	animal.n.01	0.99
104258112	animal.n.01	None
104260324	animal.n.01	None
104260350	animal.n.01	None
104260609	animal.n.01	None
104260620	animal.n.01	None
104260699	animal.n.01	None
104261847	animal.n.01	None
104261852	animal.n.01	None
104261874	animal.n.01	None
104261938	animal.n.01	None
104261991	animal.n.01	None
104262030	animal.n.01	None
104265672	animal.n.01	None
104265739	animal.n.01	None
104265755	animal.n.01	None
104266907	animal.n.01	None
104270577	animal.n.01	None
104286491	animal.n.01	None
104288339	animal.n.01	0.971
104288380	animal.n.01	0.978
104288421	animal.n.01	0.973
121068414	animal.n.01	0.998
121068447	animal.n.01	0.997
104294814	organism.n.01	0.965
104297625	animal.n.01	None
104298088	animal.n.01	None
104298141	animal.n.01	None
104298147	animal.n.01	None
104298169	animal.n.01	None
104298187	animal.n.01	None
104298235	animal.n.01	None
104298410	animal.n.01	None
121075981	animal.n.01	0.997
104299266	animal.n.01	None
104299352	animal.n.01	0.896
104299566	animal.n.01	None
104299601	animal.n.01	None
104300796	animal.n.01	None
104300820	animal.n.01	None
104301123	animal.n.01	None
104301175	animal.n.01	None
104301181	animal.n.01	None
104302682	animal.n.01	None
104302854	animal.n.01	None
104302899	animal.n.01	0.996
104305885	animal.n.01	None
104318164	animal.n.01	None
104324600	animal.n.01	None
104329729	animal.n.01	None
104329741	animal.n.01	None
104329815	animal.n.01	None
104329823	animal.n.01	None
104329847	animal.n.01	None
104329853	animal.n.01	None
104330155	animal.n.01	None
104339843	animal.n.01	None
104357205	animal.n.01	0.984
121136988	animal.n.01	None
121138016	animal.n.01	None
104363451	animal.n.01	None
104363499	animal.n.01	None
104365641	animal.n.01	None
121142901	animal.n.01	0.994
104366374	animal.n.01	None
121145085	animal.n.01	None
121145363	animal.n.01	None
104368540	animal.n.01	None
104370682	animal.n.01	None
121148858	animal.n.01	None
121153883	animal.n.01	None
104457084	animal.n.01	None
104457109	animal.n.01	None
104457140	animal.n.01	None
104457300	animal.n.01	None
104457442	animal.n.01	None
104457599	animal.n.01	None
104457770	animal.n.01	None
104457888	animal.n.01	None
104457902	animal.n.01	None
104457969	animal.n.01	None
104458104	animal.n.01	None
104458300	animal.n.01	None
104458439	animal.n.01	None
104458627	animal.n.01	None
104458817	animal.n.01	None
104458898	animal.n.01	None
104458964	animal.n.01	None
104458992	animal.n.01	None
104459001	animal.n.01	None
104459524	animal.n.01	None
104459618	animal.n.01	None
104459777	animal.n.01	None
104459838	animal.n.01	None
104460204	animal.n.01	None
104460218	animal.n.01	0.999
104460719	animal.n.01	None
104461346	animal.n.01	None
104461376	animal.n.01	None
104461408	animal.n.01	None
104461455	animal.n.01	None
104461516	animal.n.01	None
104461589	animal.n.01	None
104461768	animal.n.01	None
104462058	animal.n.01	None
104462260	animal.n.01	None
104462288	animal.n.01	None
104462376	animal.n.01	None
104462409	fish.n.01	0.996
104462569	animal.n.01	None
104462643	animal.n.01	None
104462735	animal.n.01	None
104463105	animal.n.01	None
104463142	animal.n.01	None
104463158	animal.n.01	None
104463327	animal.n.01	None
104470772	animal.n.01	0.995
104473914	animal.n.01	None
121287802	animal.n.01	0.933
104515005	animal.n.01	None
104515483	animal.n.01	None
104515525	animal.n.01	None
104515535	animal.n.01	None
104515573	animal.n.01	None
104515585	animal.n.01	None
104515597	animal.n.01	None
104515657	animal.n.01	None
104515711	animal.n.01	None
104515719	animal.n.01	None
104515806	animal.n.01	None
104515842	animal.n.01	None
104515918	animal.n.01	None
104515986	animal.n.01	None
104515999	animal.n.01	None
104516160	plant.n.02	0.975
104516219	animal.n.01	None
104516284	animal.n.01	None
104516325	animal.n.01	None
104516566	animal.n.01	None
104516573	plant.n.02	0.997
104516701	animal.n.01	None
104516824	animal.n.01	None
104516840	animal.n.01	None
104516924	animal.n.01	None
104517087	animal.n.01	None
104517091	animal.n.01	None
104517159	animal.n.01	None
104517174	animal.n.01	None
104517217	animal.n.01	None
104517239	animal.n.01	None
104517428	animal.n.01	None
104517459	animal.n.01	None
104517467	animal.n.01	None
104517910	plant.n.02	0.996
104517945	plant.n.02	0.995
104517962	animal.n.01	None
104520085	animal.n.01	None
104521045	animal.n.01	None
104521078	animal.n.01	None
104521141	animal.n.01	None
104521279	animal.n.01	None
104521286	animal.n.01	None
104521789	animal.n.01	None
104522800	animal.n.01	None
104523401	animal.n.01	None
104526143	animal.n.01	None
104526240	animal.n.01	None
104526249	animal.n.01	None
104526287	animal.n.01	None
104537674	animal.n.01	None
104537683	animal.n.01	None
104537689	animal.n.01	None
104537693	animal.n.01	None
104537811	animal.n.01	None
104540756	animal.n.01	None
104540846	animal.n.01	None
104541811	animal.n.01	None
104544260	animal.n.01	None
104544308	animal.n.01	None
104544345	animal.n.01	None
104544362	animal.n.01	None
104544562	animal.n.01	None
104544576	animal.n.01	None
104544580	animal.n.01	None
104544594	animal.n.01	None
104547364	animal.n.01	None
104547380	animal.n.01	None
104547983	animal.n.01	None
104547995	animal.n.01	None
104548101	animal.n.01	None
104549338	animal.n.01	None
104549441	animal.n.01	None
104549721	animal.n.01	None
104549735	animal.n.01	None
104549889	animal.n.01	None
104550006	animal.n.01	None
104550042	animal.n.01	None
104550091	animal.n.01	None
104550273	animal.n.01	None
104550350	animal.n.01	None
104553421	animal.n.01	None
104553720	animal.n.01	None
104553732	animal.n.01	None
104553774	animal.n.01	None
104554101	animal.n.01	None
104554114	animal.n.01	None
104554253	animal.n.01	None
104554280	animal.n.01	None
104554302	animal.n.01	None
104554504	animal.n.01	None
104554854	animal.n.01	None
104554868	animal.n.01	None
104554906	animal.n.01	None
104554916	animal.n.01	None
104554960	animal.n.01	None
104555289	animal.n.01	None
104555532	animal.n.01	None
104555595	animal.n.01	None
104556282	animal.n.01	None
104556672	animal.n.01	None
104561671	animal.n.01	None
104561682	animal.n.01	None
104561708	animal.n.01	None
104562141	animal.n.01	None
104562174	animal.n.01	None
104562870	animal.n.01	None
104563336	animal.n.01	None
121341925	animal.n.01	None
121342254	animal.n.01	None
104565205	painting.n.01	0.794
104565713	animal.n.01	None
104566030	animal.n.01	None
104566047	animal.n.01	None
104566077	animal.n.01	None
104566093	animal.n.01	None
104566112	animal.n.01	None
104566158	animal.n.01	None
104566164	animal.n.01	None
104566438	animal.n.01	None
104567520	animal.n.01	None
104567530	animal.n.01	None
104567544	animal.n.01	None
104567549	animal.n.01	None
121346333	mouse.n.01	0.992
104569215	animal.n.01	None
104569245	animal.n.01	None
104569611	animal.n.01	None
104569916	animal.n.01	None
104571113	animal.n.01	None
104571117	animal.n.01	None
104571155	animal.n.01	None
121350026	bird.n.01	0.999
104573614	animal.n.01	None
121350958	animal.n.01	None
121351675	animal.n.01	None
121351711	animal.n.01	None
121351733	animal.n.01	None
121353326	animal.n.01	None
104576904	animal.n.01	None
121354498	animal.n.01	None
104577521	animal.n.01	None
104578535	organism.n.01	0.982
104578541	organism.n.01	0.981
104581386	animal.n.01	None
104581631	animal.n.01	None
104581662	animal.n.01	None
104581676	animal.n.01	None
104581703	animal.n.01	None
104581738	animal.n.01	None
104583653	animal.n.01	None
104583679	organism.n.01	0.993
104583896	animal.n.01	0.945
104584528	animal.n.01	None
104584552	animal.n.01	None
104584610	animal.n.01	None
104584902	animal.n.01	None
104585096	animal.n.01	None
104585226	animal.n.01	0.914
104585514	animal.n.01	0.934
104585786	animal.n.01	None
104586229	animal.n.01	None
104586284	animal.n.01	None
104586382	animal.n.01	0.918
104586427	animal.n.01	None
104586606	animal.n.01	None
104586622	animal.n.01	None
104586724	organism.n.01	0.993
104586744	organism.n.01	0.984
104586790	animal.n.01	0.903
104586797	animal.n.01	0.88
104587084	animal.n.01	None
104587109	animal.n.01	None
104587216	animal.n.01	None
104587239	animal.n.01	None
104587464	animal.n.01	None
104587942	animal.n.01	None
104587968	animal.n.01	None
104588123	organism.n.01	0.992
104588187	animal.n.01	None
104588215	animal.n.01	None
104588403	organism.n.01	0.985
104588787	animal.n.01	0.767
104589508	animal.n.01	0.935
104589518	animal.n.01	0.928
104589591	animal.n.01	None
104589603	animal.n.01	None
104589617	animal.n.01	None
104589626	animal.n.01	None
104589752	animal.n.01	0.952
104589762	animal.n.01	0.912
104589858	organism.n.01	0.994
104589866	organism.n.01	0.971
104590449	animal.n.01	None
104590461	animal.n.01	None
104590473	animal.n.01	None
104590717	animal.n.01	0.913
104591079	animal.n.01	None
104591121	animal.n.01	None
104591135	animal.n.01	None
104591266	animal.n.01	None
104591278	animal.n.01	None
104591287	animal.n.01	None
104591328	animal.n.01	None
104591336	animal.n.01	None
104591774	animal.n.01	None
104591790	animal.n.01	None
104592019	animal.n.01	None
104593221	animal.n.01	None
104593330	animal.n.01	None
104593335	animal.n.01	None
104593352	animal.n.01	None
104593374	animal.n.01	None
104593570	animal.n.01	None
104594070	animal.n.01	None
104595176	animal.n.01	None
104595556	animal.n.01	None
121373069	animal.n.01	None
104595918	animal.n.01	None
121373139	animal.n.01	None
104595929	animal.n.01	None
104595948	animal.n.01	None
121373166	animal.n.01	0.993
104595952	animal.n.01	None
104595975	animal.n.01	None
104595980	animal.n.01	None
104596127	animal.n.01	None
104596180	animal.n.01	None
104596184	animal.n.01	None
104596263	animal.n.01	None
104596296	animal.n.01	None
104598884	plant.n.02	0.997
104598904	animal.n.01	None
104601247	animal.n.01	0.894
121378555	animal.n.01	None
121378567	animal.n.01	None
121378581	animal.n.01	None
121378592	animal.n.01	None
121383407	animal.n.01	None
121383415	animal.n.01	None
121389335	animal.n.01	None
121389340	animal.n.01	None
121404948	animal.n.01	None
121418942	animal.n.01	None
121418976	animal.n.01	None
121419038	animal.n.01	None
121419185	animal.n.01	None
121419239	animal.n.01	None
104645393	animal.n.01	None
104645464	animal.n.01	None
104645636	animal.n.01	None
104645654	animal.n.01	None
104645709	animal.n.01	None
104645752	animal.n.01	None
104645831	animal.n.01	None
104645884	animal.n.01	None
104645908	animal.n.01	None
104646229	animal.n.01	None
104646380	animal.n.01	None
104646886	animal.n.01	None
104647040	animal.n.01	None
104647078	animal.n.01	None
104648206	animal.n.01	None
104648471	animal.n.01	None
104654466	animal.n.01	None
104654500	animal.n.01	None
104655575	animal.n.01	None
121432917	animal.n.01	None
121434791	animal.n.01	None
104658021	animal.n.01	None
104658067	animal.n.01	None
104658123	animal.n.01	0.988
121438015	animal.n.01	None
104661715	animal.n.01	None
104661725	animal.n.01	None
104662165	animal.n.01	None
104662231	animal.n.01	None
104663971	animal.n.01	None
121442416	animal.n.01	None
121442460	animal.n.01	None
121442831	animal.n.01	None
121442902	animal.n.01	None
121442983	animal.n.01	None
104666235	animal.n.01	None
104666649	animal.n.01	None
121445017	animal.n.01	None
121449155	animal.n.01	None
121453100	animal.n.01	None
121453151	animal.n.01	None
121453440	animal.n.01	None
121454369	animal.n.01	None
121454394	animal.n.01	None
121454470	animal.n.01	None
104677320	animal.n.01	None
104677617	animal.n.01	None
104678810	animal.n.01	None
104678867	animal.n.01	None
104679630	animal.n.01	None
104679664	animal.n.01	None
121458492	animal.n.01	None
121458507	animal.n.01	None
121458910	animal.n.01	None
121459006	animal.n.01	None
121459054	animal.n.01	None
121459065	animal.n.01	None
121459076	animal.n.01	0.834
121459144	animal.n.01	None
121459352	animal.n.01	None
121459683	animal.n.01	None
121459696	animal.n.01	None
121459791	animal.n.01	0.989
121459872	animal.n.01	0.992
121459879	organism.n.01	0.978
121461106	animal.n.01	0.965
121461411	animal.n.01	None
121461943	animal.n.01	None
121462124	animal.n.01	None
121462179	animal.n.01	None
121462200	animal.n.01	None
121462221	animal.n.01	None
121462429	animal.n.01	None
121462553	animal.n.01	None
121462616	animal.n.01	None
121462746	animal.n.01	None
121462776	animal.n.01	None
121462815	animal.n.01	None
121462868	animal.n.01	None
121462914	animal.n.01	None
121462926	animal.n.01	None
121462959	animal.n.01	None
104685875	animal.n.01	None
121463209	animal.n.01	None
121463227	animal.n.01	None
121463255	animal.n.01	None
121463363	animal.n.01	None
121463541	animal.n.01	None
121463820	animal.n.01	None
121463876	animal.n.01	None
121464000	animal.n.01	None
121464090	animal.n.01	None
104686876	animal.n.01	None
121464102	animal.n.01	None
121464124	animal.n.01	None
121464128	animal.n.01	None
121464148	animal.n.01	None
121464163	animal.n.01	None
121464178	animal.n.01	None
121464243	animal.n.01	None
121464273	animal.n.01	None
121464306	animal.n.01	None
121464392	animal.n.01	0.785
121464617	animal.n.01	None
121464971	animal.n.01	None
121464996	animal.n.01	None
121465086	animal.n.01	None
121465131	animal.n.01	None
121465170	animal.n.01	None
121465222	animal.n.01	None
121465331	animal.n.01	None
121465370	animal.n.01	None
121465482	animal.n.01	None
121465577	animal.n.01	0.946
121465617	animal.n.01	None
121465756	animal.n.01	0.953
121465910	animal.n.01	0.659
121465954	animal.n.01	0.697
121467476	animal.n.01	None
121468007	animal.n.01	None
121468093	organism.n.01	0.979
121468229	animal.n.01	None
121469355	organism.n.01	0.995
121477673	animal.n.01	None
121477776	animal.n.01	None
121477789	animal.n.01	None
121478583	animal.n.01	None
121478649	animal.n.01	None
121478692	animal.n.01	None
121478727	animal.n.01	None
121478759	animal.n.01	None
121478764	animal.n.01	None
121481446	animal.n.01	None
104707639	animal.n.01	None
104707909	animal.n.01	0.997
104713567	animal.n.01	None
121491084	animal.n.01	None
121491132	animal.n.01	None
104714911	animal.n.01	None
104715137	animal.n.01	0.99
104715615	animal.n.01	0.995
121493691	animal.n.01	None
104723875	animal.n.01	0.973
104725086	animal.n.01	None
121511919	animal.n.01	None
121532425	animal.n.01	None
121537575	animal.n.01	None
121540991	animal.n.01	None
121541090	animal.n.01	None
121541222	animal.n.01	None
121541640	animal.n.01	None
121541693	animal.n.01	0.618
121541704	animal.n.01	None
121542097	animal.n.01	0.992
121547511	animal.n.01	None
121548132	animal.n.01	None
121550081	animal.n.01	None
104774839	animal.n.01	None
104774953	animal.n.01	None
104775012	animal.n.01	None
121553504	organism.n.01	0.991
104780025	animal.n.01	None
104781087	animal.n.01	None
104782569	animal.n.01	None
104873651	reptile.n.01	None
113298110	animal.n.01	0.815
113308234	animal.n.01	0.646
113322059	animal.n.01	None
113338683	animal.n.01	0.995
113347443	animal.n.01	None
113383242	animal.n.01	0.479
113384537	animal.n.01	0.817
113406754	animal.n.01	None
113406762	animal.n.01	None
113422837	victim.n.01	0.962
105050607	animal.n.01	None
105052309	animal.n.01	None
105052319	animal.n.01	None
105052336	animal.n.01	None
105052353	organism.n.01	0.985
105053222	animal.n.01	None
105053959	organism.n.01	0.992
105055073	animal.n.01	None
105056533	animal.n.01	0.79
113486734	animal.n.01	None
105117228	animal.n.01	0.973
105117243	animal.n.01	0.924
105120046	animal.n.01	0.98
105127174	animal.n.01	None
105127262	elephant.n.01	0.997
105129185	elephant.n.01	0.998
113519749	animal.n.01	None
113526992	animal.n.01	0.743
113527985	animal.n.01	0.947
113528319	animal.n.01	0.782
121942087	animal.n.01	None
121942110	animal.n.01	None
121942501	animal.n.01	None
121945566	animal.n.01	0.963
121945644	animal.n.01	0.988
105178400	animal.n.01	None
105180665	animal.n.01	None
121959928	animal.n.01	0.911
121966033	animal.n.01	0.9
121966057	animal.n.01	None
121966103	animal.n.01	0.743
121966132	animal.n.01	0.867
105192792	animal.n.01	None
121972977	animal.n.01	None
121972993	animal.n.01	0.923
121973415	animal.n.01	0.894
121973515	animal.n.01	None
121973561	animal.n.01	0.83
121973572	animal.n.01	0.985
121973583	animal.n.01	0.638
121973654	animal.n.01	0.938
121973866	animal.n.01	0.756
121973921	animal.n.01	0.959
121973934	universe.n.01	0.875
121973940	animal.n.01	0.961
121974030	animal.n.01	None
121974116	animal.n.01	None
121974123	creature.n.02	0.657
121974214	animal.n.01	0.913
121975382	animal.n.01	0.978
121975687	animal.n.01	0.921
121976228	animal.n.01	None
121976411	animal.n.01	None
121976430	animal.n.01	None
121976466	animal.n.01	0.988
121976487	animal.n.01	None
121976510	animal.n.01	None
121976717	animal.n.01	None
113588189	animal.n.01	None
121976803	animal.n.01	0.913
121976843	animal.n.01	None
121976855	animal.n.01	None
121976882	animal.n.01	None
121976908	animal.n.01	0.981
121977040	animal.n.01	0.965
121977069	animal.n.01	None
121977109	animal.n.01	None
121977162	animal.n.01	0.822
121977224	animal.n.01	0.819
121977506	animal.n.01	0.973
121977524	animal.n.01	0.904
121977553	animal.n.01	0.752
121977568	animal.n.01	None
121977662	animal.n.01	0.833
121977806	animal.n.01	0.939
121977843	animal.n.01	0.972
121978124	animal.n.01	0.96
121978180	animal.n.01	None
121978302	animal.n.01	0.84
113589770	animal.n.01	0.97
121978396	animal.n.01	0.853
121978408	animal.n.01	None
121978431	animal.n.01	None
121978436	animal.n.01	None
121978456	animal.n.01	None
121978472	animal.n.01	None
121978488	animal.n.01	None
121978555	animal.n.01	None
121978585	animal.n.01	None
121978619	animal.n.01	None
121978694	animal.n.01	0.982
121978704	animal.n.01	None
121978928	animal.n.01	0.77
121979273	animal.n.01	None
121979300	animal.n.01	0.59
121979390	animal.n.01	0.827
121979436	animal.n.01	0.884
121979460	animal.n.01	0.805
121979475	animal.n.01	0.928
121979527	animal.n.01	0.786
121979640	animal.n.01	0.875
121979679	animal.n.01	0.53
121979793	animal.n.01	None
121979935	animal.n.01	0.897
121979980	animal.n.01	0.823
121979988	animal.n.01	0.967
121980045	animal.n.01	0.962
121980231	animal.n.01	0.689
121980276	creature.n.02	0.714
121980669	animal.n.01	None
121980804	animal.n.01	0.983
121980817	creature.n.02	0.618
121980840	creature.n.02	0.646
121980911	animal.n.01	None
121986825	animal.n.01	0.9
121990945	animal.n.01	0.707
121991187	animal.n.01	0.996
121998612	animal.n.01	0.977
122001007	animal.n.01	0.856
113614243	animal.n.01	0.525
105248116	animal.n.01	None
105250414	elephant.n.01	0.999
105259137	animal.n.01	None
105259182	animal.n.01	None
105259376	animal.n.01	None
105259400	animal.n.01	None
105259516	animal.n.01	0.989
105279097	bird.n.01	0.992
105306949	animal.n.01	None
105310323	animal.n.01	None
113701237	animal.n.01	None
113701560	animal.n.01	None
105314890	animal.n.01	0.995
105327092	animal.n.01	None
105327265	animal.n.01	None
105327311	animal.n.01	None
105327368	animal.n.01	None
105327412	animal.n.01	None
105327445	animal.n.01	None
105327550	animal.n.01	None
105335770	figure.n.06	0.282
105337102	animal.n.01	None
105350543	beast.n.02	0.949
105369835	animal.n.01	None
105369848	animal.n.01	None
105439579	animal.n.01	0.934
105445905	fish.n.01	0.986
105447682	animal.n.01	None
105447814	animal.n.01	None
105448429	animal.n.01	None
105679785	animal.n.01	None
105679804	animal.n.01	None
105680066	animal.n.01	None
105680437	animal.n.01	None
105680477	insect.n.01	0.998
105681354	living_thing.n.01	None
105682547	animal.n.01	1.0
105682856	animal.n.01	None
105682964	animal.n.01	None
105682988	animal.n.01	0.999
105683058	animal.n.01	None
105683170	animal.n.01	0.998
105683396	worm.n.01	0.994
105683467	animal.n.01	None
105683807	animal.n.01	None
105684420	animal.n.01	0.993
105686645	animal.n.01	None
105769469	bird.n.01	0.995
105813357	statue.n.01	None
105822049	animal.n.01	None
105822104	animal.n.01	None
105822109	animal.n.01	None
105823358	animal.n.01	None
105824023	animal.n.01	None
105825327	animal.n.01	None
105825688	animal.n.01	None
122606668	animal.n.01	None
122607294	living_thing.n.01	None
122607431	animal.n.01	None
122620760	animal.n.01	None
122628043	animal.n.01	None
122637286	animal.n.01	None
122637317	animal.n.01	None
122640887	animal.n.01	None
122640918	animal.n.01	None
122640921	animal.n.01	None
122640935	animal.n.01	None
122642985	animal.n.01	None
122643037	animal.n.01	0.896
122643042	animal.n.01	None
122643721	animal.n.01	None
122644999	animal.n.01	None
122646790	animal.n.01	None
122646865	animal.n.01	None
122646978	animal.n.01	None
122655772	statue.n.01	None
122657899	animal.n.01	None
122659515	animal.n.01	None
122660999	animal.n.01	None
122666237	animal.n.01	None
122667172	animal.n.01	None
122669004	animal.n.01	None
122673065	animal.n.01	None
122680758	animal.n.01	None
122681927	animal.n.01	0.677
122682321	animal.n.01	None
122682977	animal.n.01	None
122682986	animal.n.01	None
122683077	animal.n.01	None
122685223	animal.n.01	None
122685236	animal.n.01	None
122685988	animal.n.01	None
122686017	animal.n.01	None
122686035	animal.n.01	None
122686133	animal.n.01	None
122686156	animal.n.01	None
122686483	organism.n.01	0.969
122688441	animal.n.01	None
122690807	animal.n.01	None
122690951	organism.n.01	0.987
122691955	organism.n.01	0.989
122692033	animal.n.01	None
122692316	animal.n.01	None
122692373	organism.n.01	0.983
122692409	animal.n.01	None
122692412	animal.n.01	None
122692868	organism.n.01	0.991
122693973	animal.n.01	None
122699540	animal.n.01	None
122700447	animal.n.01	None
122701437	animal.n.01	None
122702180	animal.n.01	None
122702577	animal.n.01	None
122706861	animal.n.01	None
122717013	animal.n.01	0.973
122717048	animal.n.01	0.996
122724514	organism.n.01	0.995
122728657	organism.n.01	0.992
122728686	animal.n.01	None
122731132	animal.n.01	None
122732847	animal.n.01	None
122732857	animal.n.01	None
122732874	animal.n.01	None
122732890	organism.n.01	0.981
122733726	organism.n.01	0.968
122734344	animal.n.01	0.677
122736593	animal.n.01	None
122754192	insect.n.01	0.998
122760110	boar.n.02	0.835
122761814	animal.n.01	None
122762045	animal.n.01	None
122762299	animal.n.01	None
122763366	animal.n.01	None
122764286	animal.n.01	None
122764752	animal.n.01	None
122765142	organism.n.01	0.941
122765546	animal.n.01	None
122767543	animal.n.01	None
122767992	animal.n.01	0.971
122769846	animal.n.01	None
122772782	animal.n.01	None
122773468	organism.n.01	0.988
122773607	animal.n.01	None
122773631	animal.n.01	None
122774483	organism.n.01	0.997
122775109	animal.n.01	None
122776882	animal.n.01	None
122776904	animal.n.01	None
122776926	animal.n.01	None
122776940	animal.n.01	None
122777013	animal.n.01	None
122777539	animal.n.01	None
122777558	animal.n.01	None
122777595	animal.n.01	None
122777623	animal.n.01	None
122777688	animal.n.01	None
122777745	animal.n.01	None
122777766	animal.n.01	None
122777778	animal.n.01	None
122777807	beast.n.02	0.762
122778374	animal.n.01	None
122778407	animal.n.01	None
122778410	animal.n.01	None
122778457	animal.n.01	None
122778602	animal.n.01	None
122778648	animal.n.01	None
106112571	animal.n.01	None
106112617	animal.n.01	None
106113460	animal.n.01	None
106114002	cattle.n.01	None
106114119	animal.n.01	None
106114311	animal.n.01	None
106114543	animal.n.01	None
106114567	animal.n.01	None
106114703	animal.n.01	None
106114706	animal.n.01	None
106114857	animal.n.01	None
106114970	animal.n.01	None
106114989	animal.n.01	None
106115416	animal.n.01	None
106115473	animal.n.01	None
106115527	animal.n.01	None
106115532	animal.n.01	None
106115849	animal.n.01	None
106116584	animal.n.01	None
106116648	organism.n.01	0.989
106116871	animal.n.01	None
106117071	animal.n.01	None
106119556	animal.n.01	None
106119651	animal.n.01	None
106119959	animal.n.01	None
106121004	animal.n.01	None
106121137	animal.n.01	None
106121848	animal.n.01	None
106122456	animal.n.01	None
106122644	animal.n.01	None
106122876	animal.n.01	0.762
106122891	animal.n.01	None
106123790	animal.n.01	None
106123850	animal.n.01	None
106123882	animal.n.01	None
106125072	animal.n.01	None
106125567	animal.n.01	None
106126851	animal.n.01	None
106126967	animal.n.01	None
106126970	animal.n.01	None
106130246	animal.n.01	0.967
106130381	animal.n.01	None
106138651	animal.n.01	None
106138899	animal.n.01	None
106138915	animal.n.01	None
106138976	animal.n.01	None
106141160	animal.n.01	None
106143740	animal.n.01	None
106144696	animal.n.01	0.723
106145779	animal.n.01	0.953
106145784	animal.n.01	0.897
106147234	animal.n.01	None
106147265	animal.n.01	None
106147284	animal.n.01	None
106149179	animal.n.01	None
106151568	animal.n.01	None
106151593	animal.n.01	None
106158886	animal.n.01	None
106158906	animal.n.01	0.999
106158960	animal.n.01	None
106165121	animal.n.01	None
106165353	animal.n.01	None
106170876	organism.n.01	0.988
106171705	animal.n.01	None
106173527	animal.n.01	None
106173603	animal.n.01	0.995
106173690	animal.n.01	None
106176843	animal.n.01	None
106177724	animal.n.01	None
106178110	animal.n.01	None
106178152	animal.n.01	None
106178851	animal.n.01	None
106179076	animal.n.01	None
106183670	animal.n.01	None
106184399	animal.n.01	None
106184893	animal.n.01	None
106186634	animal.n.01	None
106186876	animal.n.01	None
106186997	animal.n.01	None
106191102	organism.n.01	0.989
106191866	animal.n.01	None
106191901	animal.n.01	None
106192092	animal.n.01	None
106192100	animal.n.01	None
106193876	animal.n.01	None
106200449	animal.n.01	None
106200553	animal.n.01	None
106203802	animal.n.01	None
106204582	animal.n.01	None
106206747	animal.n.01	None
106206815	organism.n.01	0.996
106206960	animal.n.01	None
106212286	animal.n.01	None
106212475	animal.n.01	None
106212852	animal.n.01	None
106216173	animal.n.01	None
114605195	animal.n.01	None
106216830	animal.n.01	None
106220825	animal.n.01	None
106223318	animal.n.01	0.96
106224154	animal.n.01	0.999
106224376	animal.n.01	None
106224506	animal.n.01	None
106224622	animal.n.01	None
106225764	animal.n.01	None
106226268	animal.n.01	None
106226914	animal.n.01	None
106227667	animal.n.01	None
106227733	animal.n.01	0.997
106228462	animal.n.01	None
106231300	animal.n.01	None
106231343	animal.n.01	None
106231556	animal.n.01	None
106231591	animal.n.01	None
106239063	animal.n.01	None
106241377	animal.n.01	None
106244399	animal.n.01	None
106246728	animal.n.01	None
106247044	animal.n.01	None
106247395	animal.n.01	0.997
114636946	animal.n.01	0.968
106249356	animal.n.01	None
106250864	animal.n.01	None
106251119	animal.n.01	None
106258611	animal.n.01	None
106258735	animal.n.01	None
123038739	organism.n.01	0.959
123039960	entity.n.01	None
106266062	animal.n.01	None
123045135	organism.n.01	0.997
123045202	organism.n.01	0.997
123045280	animal.n.01	None
123045319	animal.n.01	None
123045340	kind.n.01	0.625
123045814	organism.n.01	0.959
106268643	animal.n.01	None
106269813	animal.n.01	None
123049345	body.n.01	0.983
123058643	organism.n.01	0.997
106281461	animal.n.01	None
123060989	organism.n.01	0.995
123061625	organism.n.01	0.985
123062113	organism.n.01	0.997
123063229	organism.n.01	0.999
123064282	organism.n.01	0.882
123065986	organism.n.01	0.998
123066543	animal.n.01	None
123066687	organism.n.01	0.986
123066978	animal.n.01	None
106290415	animal.n.01	None
106290707	animal.n.01	None
106290737	animal.n.01	None
123068198	organism.n.02	0.51
123068326	organism.n.01	0.946
123069291	organism.n.01	0.944
123069336	animal.n.01	None
106292162	animal.n.01	None
123069381	organism.n.01	0.997
106292225	animal.n.01	None
123069743	organism.n.01	0.992
106292879	animal.n.01	None
106293043	animal.n.01	None
106293083	animal.n.01	None
106293106	animal.n.01	None
123072425	organism.n.01	0.985
123073096	animal.n.01	None
106296353	animal.n.01	None
106296537	animal.n.01	None
106297684	animal.n.01	0.974
106302876	animal.n.01	None
106303645	animal.n.01	None
106304407	animal.n.01	None
106306120	animal.n.01	None
123083545	form.n.09	0.62
106308053	animal.n.01	None
106308161	animal.n.01	None
106308208	animal.n.01	None
123085475	organism.n.01	0.978
123085931	organism.n.01	0.993
106310297	animal.n.01	None
123089204	animal.n.01	None
123089219	animal.n.01	None
123089643	organism.n.01	0.985
123090089	animal.n.01	None
123090540	animal.n.01	None
106313817	animal.n.01	None
123092622	organism.n.01	0.962
123092644	animal.n.01	None
123092694	animal.n.01	None
123092710	animal.n.01	None
123093298	organism.n.01	0.995
123094221	animal.n.01	None
123094371	animal.n.01	None
123094388	organism.n.01	0.964
123094469	living.n.02	0.901
123094584	animal.n.01	None
123095182	organism.n.01	0.989
123095643	animal.n.01	None
123095671	animal.n.01	None
123096548	animal.n.01	None
123096798	organism.n.01	0.994
123097617	live_body.n.01	None
123099237	organism.n.01	0.815
123099632	animal.n.01	None
123099754	organism.n.01	0.988
123099905	animal.n.01	None
123100122	animal.n.01	None
123100500	animal.n.01	None
123100580	form.n.09	0.366
123100785	organism.n.01	0.965
123101098	organism.n.01	0.979
123101101	organism.n.01	0.934
106324145	animal.n.01	None
123102115	animal.n.01	None
123102151	animal.n.01	None
123102244	animal.n.01	None
123106034	living_thing.n.01	None
106329554	animal.n.01	None
106329877	animal.n.01	None
123111416	body.n.01	0.874
106334304	animal.n.01	None
106334444	organism.n.01	0.997
123115703	organism.n.01	0.941
106338583	flock.n.05	0.921
106339966	animal.n.01	None
106340019	animal.n.01	None
106340970	animal.n.01	None
106343179	animal.n.01	None
123122872	animal.n.01	None
123123386	animal.n.01	None
106347645	animal.n.01	None
106347968	animal.n.01	None
123126712	animal.n.01	None
106349571	animal.n.01	0.943
106349600	animal.n.01	None
123127371	organism.n.01	0.931
123127403	being.n.01	0.778
123127604	organism.n.01	0.995
123130119	organism.n.01	0.993
106353239	animal.n.01	None
106353588	animal.n.01	None
123131324	organism.n.01	0.998
123133512	animal.n.01	None
123134267	organism.n.01	0.995
123135263	animal.n.01	None
123136493	organism.n.01	0.994
123138252	organism.n.01	0.997
123138280	organism.n.01	0.678
123138394	organism.n.01	0.997
106362070	animal.n.01	None
123139607	organism.n.01	0.988
106362556	animal.n.01	None
123143764	organism.n.01	0.992
123144481	unit.n.05	0.37
123144655	animal.n.01	None
123144737	organism.n.01	0.995
123145560	animal.n.01	None
106369123	animal.n.01	None
123147087	human_body.n.01	0.857
106370363	animal.n.01	None
123148117	animal.n.01	None
106371118	animal.n.01	None
123149807	animal.n.01	None
123149829	animal.n.01	None
106372866	animal.n.01	None
106373276	animal.n.01	None
123150494	animal.n.01	None
106373559	animal.n.01	None
123150954	animal.n.01	None
123152439	kind.n.01	0.593
123152460	organism.n.01	0.992
123152464	organism.n.01	0.994
123152572	organism.n.01	0.981
123152660	organism.n.01	0.985
123152703	organism.n.01	0.988
123152774	organism.n.01	0.967
123152884	animal.n.01	None
123152913	organism.n.01	0.984
123153785	organism.n.01	0.925
123154960	organism.n.01	0.986
123154962	animal.n.01	None
123155090	organism.n.01	0.994
123157118	organism.n.01	0.994
106379930	animal.n.01	None
123157372	organism.n.01	0.969
106380693	animal.n.01	None
123159867	organism.n.01	0.992
123160636	animal.n.01	None
123161087	organism.n.01	0.996
123161098	organism.n.01	0.979
106385523	animal.n.01	None
106385558	animal.n.01	None
106385608	animal.n.01	None
106386263	animal.n.01	None
123163869	organism.n.01	0.99
123164225	organism.n.01	0.998
123164763	animal.n.01	None
123166444	animal.n.01	None
123167657	organism.n.01	0.989
123167682	animal.n.01	None
123167685	animal.n.01	None
123167717	organism.n.01	0.992
123169251	organism.n.01	0.996
123170663	organism.n.01	0.907
123175265	animal.n.01	None
106402097	animal.n.01	None
106404396	animal.n.01	None
106405248	animal.n.01	0.994
106406879	animal.n.01	None
106406949	animal.n.01	None
106407018	animal.n.01	None
106407638	animal.n.01	None
106407780	animal.n.01	None
106408167	animal.n.01	0.996
106408342	animal.n.01	None
106408367	animal.n.01	None
106408421	animal.n.01	0.99
106408543	animal.n.01	None
106409201	animal.n.01	None
106411549	animal.n.01	0.793
106412067	animal.n.01	None
106412738	animal.n.01	None
106413253	animal.n.01	None
106416534	animal.n.01	0.981
123195243	animal.n.01	0.976
123195770	life.n.10	0.487
123196650	animal.n.01	None
123197842	organism.n.01	0.996
106422012	animal.n.01	None
106423434	animal.n.01	None
106423533	animal.n.01	None
106423687	animal.n.01	None
106423745	animal.n.01	0.853
123203016	being.n.01	0.95
123203629	animal.n.01	None
106427033	animal.n.01	None
106428844	animal.n.01	None
106429096	animal.n.01	None
123207463	animal.n.01	None
123211338	live_body.n.01	None
106434906	animal.n.01	None
106436367	animal.n.01	None
123214354	form.n.09	0.753
123217140	organism.n.01	0.989
123217251	animal.n.01	None
106441007	animal.n.01	None
106442670	animal.n.01	None
106443099	organism.n.01	0.56
106443833	animal.n.01	0.879
106443916	animal.n.01	None
123221435	organism.n.01	0.927
106445251	animal.n.01	0.85
123223369	organism.n.01	0.996
106446379	organism.n.01	0.995
123223664	organism.n.01	0.904
106446561	animal.n.01	None
106446830	animal.n.01	None
123224086	organism.n.01	0.995
123224088	organism.n.01	0.986
123224150	organism.n.01	0.996
106447424	animal.n.01	None
106447917	animal.n.01	None
123225953	animal.n.01	None
123225957	animal.n.01	None
123227460	animal.n.01	None
123227494	animal.n.01	None
106450320	animal.n.01	None
123227555	organism.n.01	0.998
106450625	animal.n.01	None
123227936	organism.n.01	0.994
123227941	organism.n.01	0.994
123228073	organism.n.01	0.996
106451279	flock.n.05	0.913
106455287	animal.n.01	None
106455299	animal.n.01	0.986
123232674	animal.n.01	None
106455471	animal.n.01	None
106456248	animal.n.01	None
106457001	animal.n.01	None
106457621	animal.n.01	None
106457841	victim.n.01	0.812
106458151	animal.n.01	None
106458331	animal.n.01	None
106458354	animal.n.01	None
106458597	animal.n.01	None
106459656	animal.n.01	None
106460020	victim.n.01	0.897
106461008	animal.n.01	None
106461160	animal.n.01	None
106461496	animal.n.01	None
106461618	animal.n.01	None
106462038	animal.n.01	None
123240096	organism.n.01	0.994
106463461	animal.n.01	None
123240897	form.n.09	0.484
106463716	animal.n.01	None
123241153	animal.n.01	None
106465514	animal.n.01	None
106466594	animal.n.01	None
106469314	animal.n.01	None
106469381	animal.n.01	None
106469408	animal.n.01	None
123248257	life.n.10	0.45
123248444	animation.n.01	0.663
123248836	life.n.10	0.302
106471642	animal.n.01	None
123248866	animation.n.01	0.792
106471950	animal.n.01	None
106472370	animal.n.01	0.973
106472455	animal.n.01	None
106472770	animal.n.01	0.998
123250362	animal.n.01	None
123251636	animation.n.01	0.829
123252682	animal.n.01	None
123253051	animation.n.01	0.59
106475904	animal.n.01	None
123253231	form.n.03	0.789
106476062	animal.n.01	0.977
123253555	organism.n.01	0.977
106476573	animal.n.01	None
123253909	organism.n.01	0.997
123253928	animal.n.01	None
123254139	organism.n.01	0.995
106477677	animal.n.01	None
106477978	animal.n.01	None
123255605	organism.n.01	0.99
123255610	organism.n.01	0.967
123255829	organism.n.01	0.984
123255908	animal.n.01	None
123256011	animal.n.01	None
123256579	animal.n.01	None
123257063	animal.n.01	None
123257265	universe.n.01	0.96
123257370	animal.n.01	None
106480158	animal.n.01	0.978
123257440	organism.n.01	0.995
123257824	animation.n.01	0.612
123257871	life.n.02	0.287
123258626	living.n.02	0.654
123258636	living.n.02	0.485
123258824	organism.n.01	0.98
123258996	air.n.01	0.468
123259044	animation.n.01	0.874
123259085	kind.n.01	0.729
123259097	animation.n.01	0.562
123259948	animal.n.01	None
123260091	animal.n.01	0.91
123260093	animal.n.01	0.91
123260104	animal.n.01	0.91
123261793	animal.n.01	None
106486400	animal.n.01	0.997
106486479	animal.n.01	None
106486654	animal.n.01	None
106487246	animal.n.01	None
123267144	organism.n.01	0.96
106490385	organism.n.01	0.998
106495400	animal.n.01	None
106497029	animal.n.01	None
106497184	animal.n.01	None
106497230	animal.n.01	None
106498385	animal.n.01	None
106498490	animal.n.01	None
106498499	animal.n.01	None
106498541	animal.n.01	None
106501403	snake.n.01	0.994
106502466	animal.n.01	None
123279691	animal.n.01	None
106502487	animal.n.01	None
106502540	animal.n.01	None
123280310	organism.n.01	0.992
106503172	animal.n.01	None
106503258	animal.n.01	None
106503470	animal.n.01	None
106503917	bird.n.01	0.994
106508388	animal.n.01	None
106508524	animal.n.01	0.998
106514907	animal.n.01	None
106516313	animal.n.01	0.62
106517141	animal.n.01	0.968
106517576	animal.n.01	None
106518377	animal.n.01	None
106518551	animal.n.01	0.981
106519015	animal.n.01	None
106519563	animal.n.01	None
106519667	animal.n.01	None
106519855	animal.n.01	0.982
106522598	animal.n.01	None
106524549	animal.n.01	0.974
106524817	animal.n.01	None
106525260	animal.n.01	None
106526454	animal.n.01	None
106528092	animal.n.01	None
106529275	animal.n.01	0.7
106529395	animal.n.01	None
106529411	animal.n.01	None
106529478	animal.n.01	0.979
106529519	animal.n.01	None
106531465	animal.n.01	None
106531931	animal.n.01	None
106538648	animal.n.01	None
106541198	animal.n.01	None
106541721	animal.n.01	0.955
123318971	animal.n.01	None
123320729	animal.n.01	None
106543562	animal.n.01	None
106543760	animal.n.01	0.986
123322276	animal.n.01	None
123322361	animal.n.01	None
106547800	animal.n.01	None
123325782	animal.n.01	None
106548770	animal.n.01	None
106549873	animal.n.01	None
106550271	animal.n.01	None
123327651	animal.n.01	None
123327738	animal.n.01	None
106550839	animal.n.01	None
106550903	animal.n.01	None
106550905	animal.n.01	None
106551489	animal.n.01	None
123328733	animal.n.01	None
123328761	animal.n.01	None
123328779	animal.n.01	None
123328785	animal.n.01	None
123328824	animal.n.01	None
123328874	animal.n.01	None
106552803	animal.n.01	None
106553110	animal.n.01	None
106553122	animal.n.01	None
106553687	animal.n.01	None
106553889	animal.n.01	None
106555362	animal.n.01	None
106555372	animal.n.01	None
106555465	animal.n.01	None
106555705	animal.n.01	None
123333971	animal.n.01	None
106556941	animal.n.01	None
106557436	animal.n.01	None
106557539	animal.n.01	0.999
106557746	animal.n.01	None
123336450	animal.n.01	None
123336479	animal.n.01	None
123337152	animal.n.01	None
123337634	animal.n.01	None
123338536	animal.n.01	None
123340436	animal.n.01	None
123341026	animal.n.01	None
123341184	animal.n.01	None
123341582	animal.n.01	None
123342372	animal.n.01	None
123343567	animal.n.01	None
106573340	animal.n.01	None
106573610	animal.n.01	None
114989156	animal.n.01	None
114990869	animal.n.01	0.81
123525749	animal.n.01	None
123536985	animal.n.01	None
123537037	animal.n.01	None
123538499	plant.n.02	0.997
123539156	organism.n.01	0.996
123541587	animal.n.01	None
123541968	beast.n.02	0.61
123542104	animal.n.01	None
123542135	animal.n.01	None
123542252	animal.n.01	None
123542815	animal.n.01	None
123542929	animal.n.01	None
123542985	animal.n.01	None
123543104	animal.n.01	None
123543240	animal.n.01	None
123543270	animal.n.01	None
123543306	animal.n.01	None
123543533	animal.n.01	None
123543572	animal.n.01	None
123543682	animal.n.01	None
123543772	animal.n.01	None
123544080	animal.n.01	None
123544102	animal.n.01	None
123544114	hog.n.03	0.958
123544139	hog.n.03	0.968
123544181	animal.n.01	None
123544309	animal.n.01	None
123544328	animal.n.01	None
123544361	animal.n.01	None
123544408	animal.n.01	None
123544461	animal.n.01	None
123544499	animal.n.01	None
123544519	animal.n.01	None
123544535	animal.n.01	None
123544584	animal.n.01	None
123544666	animal.n.01	None
123544924	animal.n.01	None
123545014	animal.n.01	None
123548497	animal.n.01	None
123550857	animal.n.01	None
123550880	animal.n.01	None
123550907	animal.n.01	None
123552122	animal.n.01	None
123552201	animal.n.01	None
123552210	animal.n.01	None
123552231	animal.n.01	None
123552252	animal.n.01	None
123552394	animal.n.01	None
123552539	animal.n.01	None
123552674	animal.n.01	None
123552766	animal.n.01	None
123553364	animal.n.01	None
123553414	animal.n.01	None
123553474	animal.n.01	None
123553760	animal.n.01	None
123553979	animal.n.01	None
123554088	animal.n.01	None
123554138	animal.n.01	None
123554211	animal.n.01	None
123554301	animal.n.01	None
123554338	animal.n.01	None
123554389	animal.n.01	None
123555172	animal.n.01	None
123555541	animal.n.01	None
123555605	animal.n.01	None
123555673	animal.n.01	None
123555699	animal.n.01	None
123555735	animal.n.01	None
123555805	animal.n.01	None
123555823	animal.n.01	None
123555942	animal.n.01	None
123556001	animal.n.01	None
123556014	animal.n.01	None
123556107	animal.n.01	None
123556150	animal.n.01	None
123556182	animal.n.01	None
123556217	animal.n.01	None
123556506	animal.n.01	None
123556536	animal.n.01	None
123556701	animal.n.01	None
123556816	animal.n.01	None
123556906	animal.n.01	None
123556916	animal.n.01	None
123556953	animal.n.01	None
123557045	animal.n.01	None
123557524	animal.n.01	None
123557550	animal.n.01	None
123557624	animal.n.01	None
123557861	animal.n.01	None
123558017	animal.n.01	None
123558877	animal.n.01	None
123560153	animal.n.01	None
123560660	animal.n.01	None
123560791	animal.n.01	None
123561070	animal.n.01	None
123561120	animal.n.01	None
123561140	animal.n.01	None
123561198	animal.n.01	None
123561253	animal.n.01	None
123562122	animal.n.01	None
123562146	animal.n.01	None
123562177	animal.n.01	None
123562494	animal.n.01	None
123563102	animal.n.01	None
123563137	animal.n.01	None
123563182	animal.n.01	None
123563234	animal.n.01	None
123563297	animal.n.01	None
123563329	animal.n.01	None
123563409	animal.n.01	None
123563470	animal.n.01	None
123563485	animal.n.01	None
123563573	animal.n.01	None
123563673	animal.n.01	0.91
123563699	animal.n.01	None
123563841	animal.n.01	None
123563871	animal.n.01	None
123564144	animal.n.01	None
123564340	animal.n.01	None
123564660	animal.n.01	None
123564775	animal.n.01	None
123564798	animal.n.01	None
123564854	beast.n.02	0.802
123565185	animal.n.01	None
123565331	animal.n.01	0.978
123565341	beast.n.02	0.903
123565384	organism.n.01	0.983
123565447	animal.n.01	None
123565495	animal.n.01	None
123565703	animal.n.01	None
123565709	animal.n.01	None
123565985	animal.n.01	None
123565997	animal.n.01	None
123566209	animal.n.01	None
123566254	animal.n.01	None
123566484	animal.n.01	None
123566644	animal.n.01	0.926
123566681	animal.n.01	None
123567242	animal.n.01	None
123567285	beast.n.02	0.712
123567318	beast.n.02	0.984
123567477	animal.n.01	None
123567499	animal.n.01	None
123567526	animal.n.01	None
123567578	animal.n.01	0.636
123567613	animal.n.01	None
123567739	animal.n.01	0.813
123567835	animal.n.01	None
123567971	animal.n.01	None
123568008	animal.n.01	None
123568147	animal.n.01	None
123568247	animal.n.01	None
123568413	animal.n.01	None
123568599	animal.n.01	None
123568727	animal.n.01	None
123568796	animal.n.01	None
123569111	animal.n.01	None
123569149	animal.n.01	None
123569537	animal.n.01	None
123569784	animal.n.01	None
123569802	animal.n.01	None
123569856	animal.n.01	None
123570379	animal.n.01	None
123570510	animal.n.01	None
123570675	animal.n.01	None
123571008	animal.n.01	None
123571056	animal.n.01	None
123571120	animal.n.01	None
123571242	animal.n.01	None
123571350	beast.n.02	0.829
123571435	animal.n.01	None
123571455	animal.n.01	None
123571461	animal.n.01	None
123571973	animal.n.01	None
123573028	animal.n.01	None
123573181	animal.n.01	None
123573192	animal.n.01	None
123573693	animal.n.01	None
123574167	animal.n.01	None
123574228	animal.n.01	None
123574299	animal.n.01	None
123574877	bird.n.01	0.997
123575374	animal.n.01	None
123575382	animal.n.01	None
123575415	animal.n.01	None
123575426	animal.n.01	None
123575505	animal.n.01	None
123575602	animal.n.01	None
123575665	animal.n.01	None
123575807	animal.n.01	None
123575895	animal.n.01	None
123575933	animal.n.01	None
123576211	animal.n.01	None
123577387	animal.n.01	None
123577427	animal.n.01	0.974
123577442	animal.n.01	None
123577477	animal.n.01	None
123577542	animal.n.01	None
123577929	animal.n.01	None
123577942	animal.n.01	None
123577984	animal.n.01	0.675
123577988	animal.n.01	None
123578033	animal.n.01	None
123579669	animal.n.01	None
123579959	animal.n.01	None
123580886	animal.n.01	None
123580940	animal.n.01	None
123580964	animal.n.01	None
123580982	animal.n.01	None
123581012	animal.n.01	None
123581047	animal.n.01	None
123592296	animal.n.01	None
123592352	animal.n.01	None
123592450	animal.n.01	None
123592656	animal.n.01	None
123592664	animal.n.01	None
123592789	animal.n.01	None
123592793	animal.n.01	None
123593065	animal.n.01	None
123593070	animal.n.01	None
123593072	animal.n.01	None
123593141	animal.n.01	None
123593146	animal.n.01	None
123593157	animal.n.01	None
123593162	animal.n.01	None
123593166	animal.n.01	None
123593180	animal.n.01	None
123593938	animal.n.01	None
123593952	animal.n.01	None
123593964	animal.n.01	None
123594005	animal.n.01	None
123594009	animal.n.01	None
123594016	animal.n.01	None
123594474	animal.n.01	None
123594834	animal.n.01	None
123594859	animal.n.01	None
123594865	animal.n.01	None
123594887	animal.n.01	None
123594918	animal.n.01	None
123594972	animal.n.01	None
123595003	animal.n.01	None
123595080	animal.n.01	None
123595091	animal.n.01	None
123595215	animal.n.01	None
123595219	animal.n.01	None
123595335	animal.n.01	None
123595362	animal.n.01	None
123595451	animal.n.01	None
123595849	animal.n.01	None
123595983	animal.n.01	None
123596028	animal.n.01	None
123596044	animal.n.01	None
123596104	animal.n.01	None
123596118	animal.n.01	None
123596148	animal.n.01	None
123596223	animal.n.01	None
123596253	animal.n.01	None
123596318	animal.n.01	None
123596336	animal.n.01	None
123596566	animal.n.01	None
123596640	animal.n.01	None
123596686	animal.n.01	None
123596693	animal.n.01	None
123597341	animal.n.01	None
115233755	animal.n.01	None
115233792	animal.n.01	None
106845253	animal.n.01	None
115233884	animal.n.01	None
115235672	animal.n.01	None
115239306	animal.n.01	0.983
115239326	animal.n.01	0.979
115244694	animal.n.01	None
115244807	animal.n.01	None
115244987	animal.n.01	None
115249075	animal.n.01	None
115249096	animal.n.01	None
115249855	animal.n.01	None
115250075	animal.n.01	None
115250270	animal.n.01	None
115250413	animal.n.01	None
115250589	animal.n.01	None
123652295	animal.n.01	None
123652297	animal.n.01	None
123653474	animal.n.01	None
123654969	animal.n.01	None
115268674	animal.n.01	None
106920966	animal.n.01	None
106921236	animal.n.01	None
106925102	animal.n.01	None
106929277	animal.n.01	0.944
106932307	animal.n.01	None
115386881	animal.n.01	None
107020227	animal.n.01	None
115412340	animal.n.01	None
115414856	animal.n.01	0.912
107069180	animal.n.01	None
107069193	animal.n.01	None
107069865	animal.n.01	None
107075876	animal.n.01	None
107077370	animal.n.01	None
123895475	organism.n.01	0.997
123897701	animal.n.01	None
123906305	animal.n.01	0.996
123907116	animal.n.01	None
115561845	animal.n.01	None
123964606	animal.n.01	0.883
115619557	animal.n.01	None
115623836	animal.n.01	None
115648774	picture.n.01	0.853
115649421	animal.n.01	0.966
115660182	design.n.04	0.792
115661160	animal.n.01	None
115661180	animal.n.01	None
115661203	animal.n.01	None
115661338	animal.n.01	None
107283301	animal.n.01	None
115692722	animal.n.01	0.954
115692739	animal.n.01	0.925
115692781	animal.n.01	0.985
115706081	animal.n.01	0.986
115709959	animal.n.01	None
115724616	animal.n.01	0.997
115737035	animal.n.01	0.975
115750115	animal.n.01	0.999
107361530	bird.n.01	0.986
107361563	bird.n.01	0.962
115760047	animal.n.01	None
115761865	animal.n.01	None
115795178	animal.n.01	0.995
115795206	animal.n.01	0.945
115795224	animal.n.01	0.974
115798910	animal.n.01	0.989
115799095	animal.n.01	0.986
115799135	animal.n.01	None
115799374	snake.n.01	0.999
115801029	animal.n.01	0.97
115801926	animal.n.01	0.903
115817992	animal.n.01	None
115825562	bird.n.01	0.998
115827938	animal.n.01	None
115830465	cattle.n.01	None
115835703	animal.n.01	None
115836319	animal.n.01	None
115836782	animal.n.01	0.974
115840984	animal.n.01	0.943
115841113	animal.n.01	0.925
115841396	animal.n.01	None
115842496	animal.n.01	None
115842559	animal.n.01	None
115856425	animal.n.01	None
107468967	animal.n.01	None
115862223	silver.n.01	0.548
107523752	vegetation.n.01	0.898
107530014	world.n.08	None
107532064	fish.n.01	0.988
115922544	animal.n.01	0.995
115923905	animal.n.01	None
107559141	animal.n.01	None
107559269	plant.n.02	0.998
107561485	animal.n.01	None
107561639	animal.n.01	None
107578129	animal.n.01	None
115966997	animal.n.01	0.796
107578568	fish.n.01	0.643
115969822	animal.n.01	None
107587591	animal.n.01	0.997
107599891	animal.n.01	None
115989244	animal.n.01	None
107602391	animal.n.01	None
115992831	animal.n.01	None
116004493	animal.n.01	None
107631594	animal.n.01	None
107644365	fish.n.01	0.976
107644446	fish.n.01	0.991
116082375	animal.n.01	0.946
124478676	animal.n.01	0.964
124478711	animal.n.01	0.987
116091270	animal.n.01	None
124479882	animal.n.01	0.934
124480522	animal.n.01	0.94
124481456	animal.n.01	0.961
107726597	animal.n.01	None
107726629	animal.n.01	None
107758948	goat.n.01	0.946
116161469	animal.n.01	None
116161648	animal.n.01	None
116161733	animal.n.01	None
107773174	animal.n.01	None
116161877	animal.n.01	None
116162553	animal.n.01	None
116167902	animal.n.01	None
116167922	animal.n.01	None
116170373	animal.n.01	None
116171205	animal.n.01	0.997
116171248	animal.n.01	0.891
116172279	animal.n.01	None
124564385	animal.n.01	None
124564410	animal.n.01	None
107788552	animal.n.01	None
107788745	animal.n.01	None
107790057	animal.n.01	None
107790091	animal.n.01	None
107791902	animal.n.01	None
107792318	animal.n.01	None
124570107	animal.n.01	None
107793048	animal.n.01	None
124571401	animal.n.01	None
107794532	animal.n.01	None
107795212	animal.n.01	None
107799078	animal.n.01	None
107817523	animal.n.01	None
116206504	animal.n.01	None
107818270	bird.n.01	0.997
107819248	animal.n.01	None
107819355	animal.n.01	None
124599841	animal.n.01	None
124600075	animal.n.01	None
107829466	animal.n.01	None
124606725	animal.n.01	None
107830918	animal.n.01	None
107832606	animal.n.01	None
107832671	animal.n.01	None
107832733	animal.n.01	None
107833659	animal.n.01	None
107839104	animal.n.01	None
107839202	animal.n.01	None
124619501	animal.n.01	None
107846446	animal.n.01	None
107847002	animal.n.01	0.945
116243433	animal.n.01	None
116253522	animal.n.01	None
116258283	animal.n.01	None
124657388	animal.n.01	None
124662337	animal.n.01	None
124665854	animal.n.01	None
124667722	animal.n.01	None
124687183	animal.n.01	None
124687280	animal.n.01	None
124693120	animal.n.01	None
116304768	animal.n.01	None
124693803	animal.n.01	None
116308872	animal.n.01	None
124699061	animal.n.01	None
124718430	animal.n.01	None
124718662	animal.n.01	None
116331615	animal.n.01	None
116336192	animal.n.01	None
116336279	animal.n.01	None
124729398	animal.n.01	None
124740723	animal.n.01	None
124741295	animal.n.01	None
124762348	animal.n.01	None
124763821	animal.n.01	None
124766355	animal.n.01	None
108116940	animal.n.01	0.966
108128373	animal.n.01	None
124910266	animal.n.01	None
124910400	animal.n.01	None
124910671	animal.n.01	None
124910718	animal.n.01	None
124911147	animal.n.01	None
124911159	animal.n.01	None
124911242	animal.n.01	None
124911392	animal.n.01	None
124911449	animal.n.01	None
124911659	individual.n.02	0.674
124911687	animal.n.01	None
124911740	animal.n.01	0.996
124911937	animal.n.01	None
124912733	animal.n.01	None
124913284	animal.n.01	None
124913407	animal.n.01	None
124913485	animal.n.01	None
124913604	animal.n.01	None
124914128	animal.n.01	None
124914143	animal.n.01	None
124914245	body.n.01	0.961
124914443	animal.n.01	None
124914794	animal.n.01	None
124914839	animal.n.01	None
124915027	animal.n.01	None
124915265	animal.n.01	None
124915271	animal.n.01	None
124915371	animal.n.01	None
124915432	animal.n.01	None
124915687	animal.n.01	None
124915762	animal.n.01	None
124915860	animal.n.01	None
124915895	animal.n.01	None
124915958	animal.n.01	None
124916051	animal.n.01	None
124916111	animal.n.01	None
124916175	animal.n.01	None
124916187	animal.n.01	None
124916889	animal.n.01	None
124916899	animal.n.01	None
124917058	animal.n.01	None
124917084	animal.n.01	None
124917143	animal.n.01	None
124917161	animal.n.01	None
124917648	animal.n.01	None
124917708	animal.n.01	None
124917811	animal.n.01	None
124917984	organism.n.01	0.993
124918041	animal.n.01	None
124918125	animal.n.01	None
124918170	animal.n.01	None
124918450	animal.n.01	None
124918851	animal.n.01	None
124918887	animal.n.01	None
124919648	animal.n.01	None
124919665	quadruped.n.01	None
124919826	horse.n.01	0.999
124919914	animal.n.01	None
124920147	quadruped.n.01	None
124920209	animal.n.01	None
124920263	animal.n.01	None
124920549	animal.n.01	None
124920746	animal.n.01	None
124920881	animal.n.01	None
124921100	animal.n.01	None
124921117	animal.n.01	None
124921140	animal.n.01	None
124921455	animal.n.01	None
124921796	animal.n.01	None
124921885	insect.n.01	0.999
124921994	animal.n.01	None
124922003	animal.n.01	None
124922040	animal.n.01	None
116537070	animal.n.01	None
116537203	animal.n.01	None
116537302	animal.n.01	None
116537341	animal.n.01	None
116537435	animal.n.01	None
116537466	animal.n.01	None
116537562	animal.n.01	None
116537617	animal.n.01	None
116537694	animal.n.01	None
116537730	animal.n.01	None
116537759	animal.n.01	None
116537970	animal.n.01	None
116538018	animal.n.01	None
116538112	animal.n.01	None
116538255	animal.n.01	None
116538270	animal.n.01	None
116538332	animal.n.01	None
116538408	animal.n.01	0.994
116538518	animal.n.01	None
116538534	animal.n.01	None
116538569	animal.n.01	None
116538603	animal.n.01	None
116538656	animal.n.01	None
116538663	animal.n.01	None
116538723	animal.n.01	None
116538735	animal.n.01	None
116538758	animal.n.01	None
116538788	animal.n.01	None
116538816	animal.n.01	None
116538841	animal.n.01	None
116538861	animal.n.01	None
116539153	animal.n.01	None
116539337	animal.n.01	None
116539404	animal.n.01	None
116539470	animal.n.01	None
116539503	animal.n.01	None
116539581	animal.n.01	None
116539601	animal.n.01	None
116539644	animal.n.01	None
116539728	animal.n.01	None
116539739	animal.n.01	None
116539810	animal.n.01	None
116543263	animal.n.01	0.892
116543789	animal.n.01	None
116552891	animal.n.01	None
116552937	animal.n.01	None
116553020	animal.n.01	None
116553042	animal.n.01	None
116553165	animal.n.01	None
116553746	animal.n.01	None
116557479	animal.n.01	None
116560161	animal.n.01	None
116563603	animal.n.01	None
116563607	animal.n.01	None
116563628	animal.n.01	None
116563653	animal.n.01	None
116563667	animal.n.01	None
116563680	animal.n.01	None
116563695	animal.n.01	None
116563704	animal.n.01	None
116565965	animal.n.01	None
116565981	animal.n.01	None
116566003	animal.n.01	None
116566035	animal.n.01	None
116566054	animal.n.01	None
116566068	animal.n.01	None
116566076	animal.n.01	None
116566087	animal.n.01	None
116566100	animal.n.01	None
116567126	animal.n.01	None
116567130	animal.n.01	None
116567251	animal.n.01	None
116567262	animal.n.01	None
116567270	animal.n.01	None
116567278	animal.n.01	None
116568113	animal.n.01	None
116568116	animal.n.01	None
116568216	animal.n.01	None
116568553	animal.n.01	None
116568564	animal.n.01	None
108180427	animal.n.01	0.953
108184998	animal.n.01	0.96
108186472	animal.n.01	0.935
116575549	animal.n.01	None
108187119	animal.n.01	0.984
108187379	animal.n.01	0.998
108187455	animal.n.01	0.85
108188535	animal.n.01	0.841
108188555	animal.n.01	0.999
108188910	animal.n.01	0.976
108189471	animal.n.01	0.998
116584243	animal.n.01	None
116584261	animal.n.01	None
116584277	animal.n.01	None
116584280	animal.n.01	None
108195761	animal.n.01	0.997
116587466	animal.n.01	None
116587526	animal.n.01	None
116589287	animal.n.01	None
116589403	animal.n.01	None
108208891	animal.n.01	0.998
108317244	animal.n.01	0.941
108317400	animal.n.01	0.969
108317437	animal.n.01	0.889
108317524	animal.n.01	0.955
108321871	animal.n.01	0.883
108349242	animal.n.01	None
116767335	animal.n.01	0.965
116769835	animal.n.01	0.998
116770953	animal.n.01	None
116771141	animal.n.01	None
116771151	animal.n.01	0.962
116771585	animal.n.01	0.462
116772323	animal.n.01	None
116773065	bird.n.01	1.0
116773518	animal.n.01	0.941
116773718	organism.n.01	0.994
116773870	animal.n.01	0.795
116775286	animal.n.01	0.971
116775471	animal.n.01	0.997
116775775	fish.n.01	0.983
108387372	animal.n.01	None
108387514	animal.n.01	None
108387557	animal.n.01	None
108387728	animal.n.01	None
116776771	animal.n.01	0.626
108388426	animal.n.01	None
116777188	animal.n.01	None
116777197	animal.n.01	None
116777304	animal.n.01	None
116777435	animal.n.01	None
116777471	animal.n.01	None
116777484	animal.n.01	None
116777716	fish.n.01	0.987
116778009	animal.n.01	None
116778294	animal.n.01	None
116779414	animal.n.01	None
116779446	animal.n.01	0.998
116779604	animal.n.01	0.996
116779694	animal.n.01	None
116779849	animal.n.01	None
116780071	animal.n.01	0.978
116780634	animal.n.01	None
116781385	bird.n.01	0.998
116781967	animal.n.01	None
116782332	animal.n.01	0.993
116782468	animal.n.01	0.994
116782829	animal.n.01	None
116783112	animal.n.01	0.996
116783286	animal.n.01	None
116784237	animal.n.01	None
116784270	animal.n.01	0.969
116785667	animal.n.01	0.75
116785976	animal.n.01	1.0
116786382	animal.n.01	None
116786890	animal.n.01	0.984
116787103	animal.n.01	0.996
116787879	animal.n.01	None
116788570	animal.n.01	None
116788829	animal.n.01	None
116789096	animal.n.01	None
116789672	animal.n.01	None
116789787	animal.n.01	None
116789914	animal.n.01	0.963
116790232	animal.n.01	None
116790250	animal.n.01	0.955
116790286	animal.n.01	None
116790320	animal.n.01	None
116790350	animal.n.01	None
116790599	animal.n.01	None
116790783	animal.n.01	None
116790980	animal.n.01	0.997
116791502	bird.n.01	0.996
116793608	animal.n.01	0.621
116793664	animal.n.01	None
116794048	animal.n.01	None
116794381	animal.n.01	None
116794906	animal.n.01	None
116794925	animal.n.01	None
116795909	snake.n.01	0.96
116796202	animal.n.01	None
116796386	worm.n.01	0.986
116796420	carcase.n.01	None
116796459	animal.n.01	None
116796582	animal.n.01	0.997
116797415	animal.n.01	None
116797498	animal.n.01	None
116798398	animal.n.01	0.999
116799192	animal.n.01	0.996
116799267	animal.n.01	None
116799743	animal.n.01	0.998
116800620	animal.n.01	None
116800674	animal.n.01	None
116800838	animal.n.01	0.995
116801087	animal.n.01	None
116801136	animal.n.01	None
116801159	ruminant.n.01	None
116801403	animal.n.01	0.995
116801943	animal.n.01	None
116802190	animal.n.01	0.995
116802386	animal.n.01	None
116802600	animal.n.01	None
116802649	animal.n.01	None
116802716	animal.n.01	None
116803564	animal.n.01	None
116803603	animal.n.01	None
116804627	animal.n.01	None
116804757	animal.n.01	None
116804888	animal.n.01	None
116805872	animal.n.01	None
116806433	animal.n.01	0.989
116806585	animal.n.01	0.988
116807105	animal.n.01	None
116807852	animal.n.01	0.999
116808005	animal.n.01	0.999
116808139	animal.n.01	0.921
116808950	animal.n.01	None
116809953	animal.n.01	None
116810262	animal.n.01	0.731
116811821	animal.n.01	0.988
116811924	animal.n.01	0.591
116811954	animal.n.01	0.997
116812054	animal.n.01	0.966
116812497	animal.n.01	0.902
116812571	animal.n.01	None
116812868	animal.n.01	None
116812898	animal.n.01	None
116814409	organism.n.01	0.986
116815660	animal.n.01	None
116815723	animal.n.01	None
116816033	animal.n.01	None
116816725	animal.n.01	None
116816740	animal.n.01	None
116816916	animal.n.01	None
116817040	animal.n.01	None
116819260	bird.n.01	0.996
116819401	animal.n.01	None
116819723	animal.n.01	None
116820166	animal.n.01	None
116821643	animal.n.01	0.938
116821722	animal.n.01	0.996
116822418	animal.n.01	None
116822623	animal.n.01	0.986
116822677	animal.n.01	0.967
116823016	animal.n.01	None
116823088	animal.n.01	0.983
116823111	animal.n.01	None
116823896	animal.n.01	None
116824501	animal.n.01	None
116824514	animal.n.01	0.925
116824560	animal.n.01	0.986
116825141	animal.n.01	0.999
116825552	animal.n.01	None
116825802	animal.n.01	None
116826007	bird.n.01	0.998
116826173	animal.n.01	0.939
116826416	animal.n.01	None
116826634	animal.n.01	0.885
116826944	animal.n.01	None
116827272	animal.n.01	1.0
116828304	animal.n.01	0.988
116829232	animal.n.01	0.986
116829303	animal.n.01	0.999
116829731	animal.n.01	0.999
116829843	animal.n.01	None
116829983	animal.n.01	0.995
116830025	animal.n.01	None
116830357	animal.n.01	None
116830548	animal.n.01	None
116830676	animal.n.01	0.868
116830877	animal.n.01	0.974
116831245	animal.n.01	0.943
116831359	animal.n.01	None
116832463	animal.n.01	0.999
116832858	animal.n.01	None
116833004	animal.n.01	None
116833347	animal.n.01	None
116833670	animal.n.01	0.999
116833766	animal.n.01	None
116834541	animal.n.01	0.994
116834586	animal.n.01	None
116834703	bird.n.01	0.981
116834778	bird.n.01	0.738
116834920	animal.n.01	None
116835203	animal.n.01	None
116835316	animal.n.01	None
116835382	animal.n.01	None
116835734	animal.n.01	None
116835787	animal.n.01	None
116835841	animal.n.01	0.989
116835880	animal.n.01	None
116835979	bird.n.01	0.97
116836107	animal.n.01	None
116837541	animal.n.01	None
116838341	animal.n.01	0.998
116838504	animal.n.01	0.981
116838611	animal.n.01	None
116839090	animal.n.01	None
116839102	animal.n.01	None
116839766	animal.n.01	None
116839805	animal.n.01	None
116840261	animal.n.01	None
116840598	animal.n.01	None
116840729	animal.n.01	None
116840790	animal.n.01	None
116840797	animal.n.01	None
116841331	animal.n.01	None
116841509	animal.n.01	None
116841846	animal.n.01	0.908
116842101	animal.n.01	None
116842409	animal.n.01	0.847
116842449	animal.n.01	None
116843132	animal.n.01	None
116843341	animal.n.01	None
116844439	animal.n.01	None
116844486	animal.n.01	0.76
116844511	animal.n.01	None
116844781	animal.n.01	None
116845561	animal.n.01	None
116846080	creature.n.02	0.575
116846272	animal.n.01	None
116846400	animal.n.01	None
116846464	animal.n.01	None
116846585	animal.n.01	0.999
116846631	animal.n.01	0.999
116847287	animal.n.01	None
116847469	animal.n.01	None
116847494	animal.n.01	None
116848046	animal.n.01	None
116848235	animal.n.01	None
116848738	animal.n.01	0.994
116849394	animal.n.01	None
116849471	animal.n.01	None
116849517	animal.n.01	None
116849538	animal.n.01	None
116849637	animal.n.01	None
116850073	animal.n.01	None
116850566	animal.n.01	None
116850707	animal.n.01	None
116850948	fish.n.01	0.936
116851833	animal.n.01	None
116852199	animal.n.01	None
116853068	animal.n.01	0.606
116854380	animal.n.01	None
116856759	animal.n.01	0.934
116857002	animal.n.01	None
116857341	animal.n.01	None
116857411	animal.n.01	None
116857425	animal.n.01	None
116861718	animal.n.01	0.99
108473152	animal.n.01	None
116862064	fish.n.01	0.959
116862120	insect.n.01	0.999
116862548	fish.n.01	0.991
116863925	animal.n.01	0.98
116864505	animal.n.01	0.846
116865371	animal.n.01	0.995
116865966	animal.n.01	0.981
116867045	animal.n.01	None
116867074	animal.n.01	None
116868095	animal.n.01	0.749
116869112	animal.n.01	None
116869180	animal.n.01	None
116869531	animal.n.01	0.997
116869683	animal.n.01	None
116869889	animal.n.01	None
116869947	animal.n.01	None
116870329	animal.n.01	None
116871495	animal.n.01	0.963
116872275	animal.n.01	None
116872655	animal.n.01	None
116873272	animal.n.01	None
116873643	animal.n.01	None
116873745	animal.n.01	None
116873770	animal.n.01	None
116874608	animal.n.01	None
116874686	animal.n.01	0.998
116874785	animal.n.01	None
116874966	animal.n.01	0.925
116876007	animal.n.01	0.984
116876135	organism.n.01	0.995
116876320	animal.n.01	None
116876570	animal.n.01	0.997
116876885	animal.n.01	None
116877504	animal.n.01	None
116878795	animal.n.01	None
116878941	animal.n.01	0.97
116879124	animal.n.01	0.93
116879181	creature.n.02	0.696
116879230	animal.n.01	None
116881117	monkey.n.01	0.704
116881312	animal.n.01	None
116881877	animal.n.01	None
116883640	animal.n.01	None
116884291	animal.n.01	0.979
116884326	animal.n.01	None
116884397	animal.n.01	0.937
116884417	animal.n.01	None
116884582	animal.n.01	None
116885370	animal.n.01	0.993
116896502	animal.n.01	0.747
116900857	animal.n.01	0.956
116912461	animal.n.01	0.974
116924211	animal.n.01	0.681
108538851	animal.n.01	0.99
108540660	animal.n.01	0.995
108552662	animal.n.01	None
116945010	animal.n.01	None
116947397	animal.n.01	0.997
116955640	animal.n.01	0.961
116956162	animal.n.01	None
116957684	animal.n.01	0.998
108591066	animal.n.01	None
108604482	animal.n.01	0.861
108613310	design.n.04	0.591
108627230	animal.n.01	None
100247320	organism.n.01	0.998
108702218	animal.n.01	0.994
108706925	animal.n.01	0.989
108707921	animal.n.01	None
117108813	animal.n.01	None
108724585	animal.n.01	None
117186544	animal.n.01	None
108859596	animal.n.01	0.832
108895315	animal.n.01	None
117340844	animal.n.01	0.773
108960270	animal.n.01	None
117354694	animal.n.01	None
117362955	animal.n.01	None
117363102	animal.n.01	None
117365965	animal.n.01	0.945
117376992	animal.n.01	None
117377028	animal.n.01	None
117377418	animal.n.01	None
117381547	animal.n.01	0.804
109012138	animal.n.01	None
109029893	animal.n.01	None
109030189	animal.n.01	0.955
