100664711	charge.n.02	0.753
100664749	charge.n.02	0.65
100669060	charge.n.02	0.724
100669481	reason.n.01	0.747
100671353	charge.n.02	0.854
117450210	fault.n.06	0.648
100676190	charge.n.02	0.705
109067206	reason.n.01	0.742
117456345	reputation.n.03	0.729
117459390	cause.n.01	0.62
117459953	reason.n.02	0.473
100683437	cause.n.01	0.553
109072601	occasion.n.05	0.736
117463344	reason.n.02	0.535
100686253	duty.n.01	0.619
100686444	charge.n.02	0.832
100686532	crime.n.01	0.981
100686658	charge.n.02	0.686
109075892	motivation.n.01	0.999
117464881	incrimination.n.01	0.651
117465625	cause.n.01	0.878
109077273	reason.n.01	0.969
117466030	cause.n.01	0.447
117466288	cause.n.01	0.539
117466310	incrimination.n.01	0.501
100690485	means.n.01	0.567
117468181	causal_agent.n.01	0.534
100692268	instrument.n.02	0.597
100692982	generator.n.03	0.946
109082112	cause.n.02	0.463
109086576	cause.n.01	0.517
109087836	reason.n.02	0.536
100699452	complaint.n.03	0.793
109088716	reason.n.01	0.715
109089322	reason.n.01	0.814
117478137	cause.n.02	0.845
109089676	incrimination.n.01	0.805
109090103	reason.n.02	0.674
117484169	cause.n.01	0.728
117484588	cause.n.01	0.781
117484615	cause.n.01	0.701
100707772	cause.n.01	0.545
100708208	reason.n.01	0.928
117490160	cause.n.01	0.595
117492637	cause.n.01	0.615
100716040	reason.n.01	0.922
117498465	cause.n.02	0.892
117500576	reason.n.01	0.869
117500654	cause.n.01	0.521
117501931	cause.n.02	0.586
109113511	cause.n.01	0.746
109113877	cause.n.01	0.447
100726056	cause.n.01	0.535
117504574	beginning.n.04	0.642
100728292	cause.n.01	0.624
100728333	cause.n.01	0.531
100728674	cause.n.01	0.559
100729320	reason.n.02	0.495
100729446	cause.n.01	0.529
109118422	demerit.n.02	0.425
100730474	recognition.n.03	0.726
100730859	instrument.n.02	0.697
109120138	accusation.n.01	0.575
100731882	causal_agent.n.01	0.583
117510114	causal_agent.n.01	0.628
100732960	reason.n.01	0.507
117510530	cause.n.01	0.761
117510790	cause.n.01	0.543
100734415	reason.n.01	0.632
100734450	beginning.n.04	0.615
100736126	reason.n.01	0.843
109125880	cause.n.02	0.529
100737714	aspersion.n.02	0.549
117515117	reason.n.02	0.498
117515356	position.n.03	0.514
100738792	charge.n.02	0.648
100739566	complaint.n.03	0.663
100739715	generator.n.03	0.987
117517045	cause.n.02	0.915
109128725	motivation.n.01	0.997
109128880	motivation.n.01	0.997
117517654	causal_agent.n.01	0.666
117517669	reason.n.01	0.571
100742427	charge.n.02	0.67
117524393	cause.n.01	0.639
109136732	cause.n.01	0.811
109136831	charge.n.02	0.915
100749483	accusation.n.02	0.505
117527666	cause.n.02	0.669
109139614	reason.n.01	0.571
100756257	score.n.05	0.565
117537057	cause.n.02	0.555
117537264	cause.n.01	0.6
100760491	purpose.n.01	0.956
117538942	cause.n.01	0.475
100762847	reason.n.01	0.942
100765512	reason.n.01	0.731
100766995	cause.n.01	0.637
100767215	causal_agent.n.01	0.538
100768685	generator.n.03	0.956
117548289	cause.n.01	0.648
100771177	recognition.n.03	0.793
117548578	cause.n.01	0.449
117549086	cause.n.01	0.547
117549691	cause.n.01	0.604
100773136	reproach.n.02	0.565
100773169	reason.n.01	0.938
100774226	beginning.n.04	0.596
117552839	reason.n.01	0.77
100775796	causal_agent.n.01	0.594
100777552	beginning.n.04	0.529
100778580	reason.n.01	0.561
100780116	cause.n.01	0.558
100780987	blessing.n.02	0.722
109171681	charge.n.02	0.774
100784164	accusation.n.01	0.755
100784215	reason.n.01	0.522
117562361	incrimination.n.01	0.781
109175784	reason.n.01	0.591
100787836	reason.n.01	0.856
100788144	cause.n.01	0.584
100793560	pretext.n.01	0.988
100797573	accusation.n.01	0.604
109188797	reason.n.01	0.893
100802937	charge.n.08	0.619
109191558	duty.n.01	0.935
109193537	reason.n.02	0.802
117583214	causal_agent.n.01	0.432
117583305	cause.n.01	0.788
109194965	reason.n.02	0.569
100808600	responsibility.n.03	0.763
117585953	reason.n.01	0.676
100809029	duty.n.01	0.733
117586522	cause.n.02	0.762
109200136	reason.n.01	0.611
117590586	cause.n.02	0.63
109204014	reason.n.01	0.524
100815781	reason.n.01	0.785
117593715	cause.n.01	0.856
117594905	cause.n.01	0.487
117595658	reason.n.01	0.823
117596257	cause.n.01	0.471
100819250	crime.n.01	0.902
109208029	reason.n.01	0.717
117597344	cause.n.01	0.495
109209884	reason.n.01	0.745
109210439	reason.n.01	0.629
117599845	reason.n.01	0.801
109212145	reason.n.01	0.758
100827661	cause.n.01	0.789
117606833	reason.n.01	0.906
117606914	cause.n.01	0.869
117610262	cause.n.01	0.551
117610654	reason.n.01	0.797
117610964	causal_agent.n.01	0.496
117611448	reason.n.01	0.704
109229933	cause.n.01	0.803
109230244	reason.n.01	0.482
109230390	reason.n.01	0.755
109230426	lawsuit.n.01	0.854
109231124	reason.n.01	0.552
109231259	reason.n.01	0.658
117620826	cause.n.01	0.753
117622851	cause.n.01	0.44
117623176	cause.n.02	0.915
109237071	reason.n.01	0.506
109237882	reason.n.02	0.456
117627676	cause.n.01	0.707
117628395	cause.n.01	0.613
117628943	excuse.n.01	0.964
109241986	reason.n.01	0.833
109242906	causal_agent.n.01	0.559
109243599	reason.n.01	0.604
109243882	reason.n.01	0.843
109243983	reason.n.02	0.842
109244062	reason.n.01	0.596
109244272	reason.n.01	0.834
109248271	indictment.n.01	0.64
117637089	cause.n.01	0.621
117637100	cause.n.01	0.835
117637102	cause.n.01	0.924
100860824	causal_agent.n.01	0.49
117639050	causal_agent.n.01	0.466
109250642	reason.n.01	0.535
109250714	reason.n.01	0.629
109250964	reason.n.01	0.602
117639690	cause.n.01	0.551
117640019	cause.n.01	0.822
109261846	causal_agent.n.01	0.57
109268681	reason.n.01	0.67
100880797	cause.n.01	0.463
100884152	pretext.n.01	0.984
109275388	reason.n.01	0.467
109275593	reason.n.01	0.883
109276057	value.n.02	0.745
100891646	reason.n.01	0.667
109281449	reason.n.01	0.87
109281608	causal_agent.n.01	0.552
109284619	cause.n.02	0.701
109290277	reason.n.01	0.685
100902219	discourtesy.n.03	0.764
109290898	reason.n.01	0.548
100902387	reason.n.01	0.588
100903270	discourtesy.n.03	0.942
109292226	reason.n.01	0.706
109298710	cause.n.01	0.505
109298926	reason.n.02	0.504
109299980	cause.n.01	0.617
109301704	reason.n.01	0.571
109302280	cause.n.02	0.933
109302545	cause.n.01	0.664
109302981	cause.n.01	0.758
109304055	reason.n.01	0.672
109305270	incrimination.n.01	0.648
109305957	reason.n.01	0.624
109306456	reason.n.01	0.507
100918201	reason.n.01	0.508
109307168	cause.n.01	0.708
109307384	cause.n.01	0.756
109307511	reason.n.02	0.75
109307898	reason.n.02	0.664
117697042	causal_agent.n.01	0.507
109308437	reason.n.02	0.626
117701109	reason.n.01	0.918
117701271	reason.n.01	0.814
109314075	reason.n.01	0.923
109314451	generator.n.03	0.995
117706933	reason.n.02	0.533
109319984	cause.n.01	0.636
109320147	cause.n.01	0.693
109320417	cause.n.01	0.885
109320440	cause.n.01	0.828
109320478	cause.n.01	0.844
109320722	recognition.n.03	0.65
109320798	cause.n.01	0.617
109320840	cause.n.01	0.672
100941729	reason.n.01	0.842
100941950	crime.n.01	0.935
117720240	reason.n.01	0.766
109333274	cause.n.01	0.866
109334761	cause.n.01	0.626
100947341	discourtesy.n.03	0.726
100947398	discourtesy.n.03	0.461
100949353	reason.n.01	0.642
100950889	cause.n.02	0.611
100952762	reason.n.01	0.902
109342704	reason.n.02	0.673
109344114	reason.n.01	0.778
109345107	admonition.n.01	0.951
117735626	reason.n.01	0.935
109347786	reason.n.01	0.543
100959969	reason.n.01	0.894
100962851	reason.n.01	0.687
109358000	reason.n.01	0.817
100970895	charge.n.02	0.638
117748640	reason.n.01	0.791
100974192	reason.n.01	0.974
100975887	reason.n.02	0.605
109366012	cause.n.01	0.761
109368243	occasion.n.03	0.553
100986872	pretext.n.01	0.996
109379268	cause.n.01	0.597
109381050	reason.n.01	0.816
109381798	causal_agent.n.01	0.741
109383696	reason.n.02	0.608
109383798	cause.n.01	0.865
109383870	punishment.n.01	None
109385867	reason.n.01	0.555
117774584	cause.n.01	0.844
109386376	cause.n.01	0.659
117775829	reason.n.02	0.467
117776828	explanation.n.01	0.792
117776850	explanation.n.01	0.768
117776981	cause.n.01	0.576
117776988	cause.n.01	0.877
117777249	reason.n.02	0.868
117777389	cause.n.01	0.65
109388835	cause.n.01	0.654
117777468	cause.n.01	0.857
109389274	cause.n.01	0.466
109389299	cause.n.01	0.493
109389323	cause.n.01	0.813
109390951	causal_agent.n.01	0.549
109391692	cause.n.02	0.48
109391892	cause.n.02	0.605
109392008	cause.n.01	0.361
109392512	cause.n.01	0.871
101008089	reason.n.01	0.809
109396943	occasion.n.03	0.581
117792610	principle.n.04	0.776
101041786	reason.n.02	0.488
101042221	guilt.n.01	0.837
101052687	reason.n.01	0.948
101054655	incrimination.n.01	0.722
101069821	reason.n.01	0.816
101083880	reproach.n.02	0.619
101083939	reproach.n.01	0.665
101085927	guilt.n.01	0.996
101095081	cause.n.01	0.756
101112135	charge.n.02	0.695
101115768	imputation.n.01	0.539
101118270	guilt.n.01	0.774
101118435	charge.n.02	0.745
101123199	reason.n.01	0.763
101130863	sin.n.02	0.609
109528384	cause.n.01	0.797
109529000	charge.n.02	0.92
109529931	accusation.n.01	0.734
117945412	cause.n.01	0.787
117946578	reason.n.01	0.647
117951245	reason.n.01	0.623
117960050	reason.n.02	0.592
117967547	hint.n.02	0.621
117973550	reason.n.01	0.807
117976924	incrimination.n.01	0.692
117991211	cause.n.01	0.585
117993645	cause.n.02	0.921
117995995	reason.n.01	0.809
117998107	reason.n.01	0.681
118000438	cause.n.01	0.755
118001554	cause.n.01	0.705
118002702	cause.n.01	0.542
118003683	causal_agent.n.01	0.655
118005670	cause.n.01	0.695
118005681	cause.n.01	0.782
118007221	causal_agent.n.01	0.662
118008735	causal_agent.n.01	0.524
118008755	causal_agent.n.01	0.581
118010028	cause.n.01	0.654
101237636	causal_agent.n.01	0.661
101243299	cause.n.02	0.504
101244416	charge.n.02	0.853
101246118	charge.n.02	0.908
101247649	charge.n.02	0.832
101257303	guilt.n.01	0.86
101263475	crime.n.01	0.822
101263538	charge.n.02	0.803
101264196	charge.n.02	0.812
101267084	charge.n.02	0.88
101267426	evidence.n.02	0.561
101269059	incrimination.n.01	0.712
101269387	incrimination.n.01	0.804
101270323	incrimination.n.01	0.811
101270883	guilt.n.01	0.845
101271125	incrimination.n.01	0.701
101272110	guilt.n.01	0.98
101276246	charge.n.02	0.799
101277480	reason.n.01	0.964
101278375	crime.n.01	0.948
101281239	duty.n.01	0.827
101282918	charge.n.02	0.648
101283289	charge.n.02	0.743
101292092	incrimination.n.01	0.689
109682223	reason.n.02	0.834
101295071	reason.n.01	0.675
109696625	explanation.n.01	0.525
109698988	reason.n.02	0.417
109747125	reason.n.01	0.531
109748408	cause.n.02	0.736
101364349	excommunication.n.01	0.535
109760470	cause.n.01	0.887
109760488	cause.n.01	0.829
109760896	reason.n.01	0.501
109760911	reason.n.01	0.639
109760923	reason.n.01	0.622
101379246	censure.n.01	0.776
101379329	censure.n.01	0.81
109774959	accusation.n.01	0.659
118174139	reason.n.02	0.898
109790191	score.n.05	0.828
118179103	cause.n.01	0.61
118179321	event.n.01	0.754
101405654	incrimination.n.01	0.698
101405676	incrimination.n.01	0.638
109794650	cause.n.01	0.621
109797341	cause.n.02	0.723
109818156	cause.n.01	0.745
109827719	explanation.n.01	0.676
109875041	reason.n.01	0.481
101488447	accusation.n.01	0.701
101488505	accusation.n.01	0.674
101501071	incrimination.n.01	0.659
109894902	reputation.n.03	0.756
118291652	cause.n.01	0.804
118296179	reason.n.01	0.567
118296221	reason.n.01	0.715
118296265	reason.n.01	0.509
118296639	causal_agent.n.01	0.509
118296913	cause.n.01	0.571
118298453	cause.n.01	0.664
118299341	cause.n.01	0.658
118301141	cause.n.01	0.752
118301315	person.n.01	0.965
118302280	cause.n.01	0.703
109914016	score.n.05	0.856
118306677	reason.n.01	0.743
109919338	reason.n.02	0.554
109923611	explanation.n.01	0.5
109923836	reason.n.01	0.788
109924460	incrimination.n.01	0.718
118313513	fountain.n.04	0.958
109927755	score.n.05	0.726
118322870	charge.n.02	0.53
109935578	cause.n.01	0.675
109937190	reason.n.01	0.719
109937388	causal_agent.n.01	0.837
101552307	incrimination.n.01	0.726
109941479	reason.n.02	0.495
109941680	reason.n.01	0.661
101557026	incrimination.n.01	0.605
109950338	reason.n.01	0.656
101565118	mark.n.06	0.997
109958556	reason.n.01	0.608
118347572	reason.n.01	0.822
118350165	criticism.n.01	0.632
109964833	reason.n.01	0.634
118361420	cause.n.01	0.673
109973786	reason.n.01	0.791
118368341	incrimination.n.01	0.753
109981401	reason.n.01	0.663
118378688	charge.n.02	0.694
118378729	reason.n.01	0.816
109996386	reason.n.01	0.708
109997704	reason.n.01	0.786
118386975	cause.n.02	0.498
109998543	reason.n.01	0.684
109998968	reason.n.01	0.867
110003815	cause.n.01	0.743
110005669	reason.n.01	0.606
110012207	reason.n.01	0.822
110013883	excuse.n.01	0.986
110014365	reason.n.01	0.806
110015591	reason.n.01	0.859
110015851	provocation.n.03	0.426
118409661	principle.n.02	0.731
110021815	motivation.n.01	0.999
110022266	reason.n.01	0.836
118411668	motivation.n.01	0.999
110023409	beginning.n.04	0.576
118414170	repute.n.01	None
118415875	reason.n.01	0.957
118416603	motivation.n.01	0.998
118416804	reason.n.02	0.776
118417289	cause.n.01	0.683
118417539	reason.n.01	0.884
118422528	reason.n.01	0.818
110036896	reason.n.01	0.911
110036973	reason.n.01	0.868
110038046	reason.n.01	0.782
110038104	reason.n.01	0.791
110039752	reason.n.01	0.933
118428486	cause.n.02	0.741
118432734	reason.n.01	0.581
118436168	explanation.n.01	0.728
118441888	occasion.n.05	0.358
118443111	reason.n.02	0.694
118443242	reason.n.01	0.916
101666056	cause.n.01	0.518
118453461	charge.n.02	0.816
118454662	guilt.n.01	0.962
118456213	reason.n.01	0.761
118456917	reason.n.01	0.961
118457654	cause.n.01	0.621
118458271	reason.n.01	0.6
118458523	occasion.n.03	0.467
118458665	motivation.n.01	0.998
118458963	reason.n.01	0.868
118460838	reason.n.01	0.904
101685203	crime.n.01	0.947
101687531	incrimination.n.01	0.809
101692825	reproach.n.01	0.852
118471554	justification.n.01	0.826
118479220	reason.n.01	0.904
101708391	incrimination.n.01	0.752
101710690	cause.n.01	0.652
101710773	cause.n.01	0.741
101711132	cause.n.01	0.71
101711205	cause.n.01	0.537
101711249	cause.n.01	0.781
101711354	cause.n.01	0.869
101711399	cause.n.01	0.545
101711483	cause.n.01	0.787
101711513	cause.n.01	0.759
101711556	cause.n.02	0.499
118488819	reason.n.01	0.766
101711619	cause.n.02	0.689
101711636	cause.n.01	0.513
101711707	cause.n.01	0.748
101711751	cause.n.01	0.801
101711837	cause.n.01	0.64
101711850	cause.n.01	0.667
101711869	cause.n.01	0.786
101712196	cause.n.01	0.779
101712375	cause.n.01	0.805
101712452	cause.n.01	0.698
101712501	cause.n.01	0.713
101712575	cause.n.01	0.703
101712596	cause.n.01	0.84
101712923	reason.n.02	0.52
101712969	cause.n.01	0.685
101713011	cause.n.02	0.555
110102357	cause.n.02	0.746
118491044	reason.n.01	0.912
110102484	case.n.04	0.56
101717677	reason.n.02	0.878
110109903	accusation.n.01	0.646
118506653	reason.n.01	0.52
118507086	matter.n.01	0.436
118507362	juncture.n.01	0.751
118507703	reason.n.01	0.851
110123071	accusation.n.01	0.514
110131702	cause.n.01	0.59
101767366	reason.n.01	0.565
101767383	reason.n.02	0.576
110162015	crime.n.01	0.593
110162121	crime.n.01	0.906
110162180	crime.n.01	0.951
110171662	cause.n.02	0.56
110173961	cause.n.01	0.711
101787207	cause.n.01	0.626
110180849	cause.n.02	0.499
101792905	causal_agent.n.01	0.692
110181610	cause.n.01	0.445
110182622	charge.n.02	0.757
110182846	charge.n.02	0.855
101794516	cause.n.01	0.6
110184747	cause.n.01	0.855
110184774	cause.n.02	0.574
101797084	cause.n.01	0.766
101797125	cause.n.01	0.871
101797162	cause.n.01	0.717
101799350	cause.n.01	0.491
101801770	reason.n.01	0.506
101831156	cause.n.01	0.542
110220067	cause.n.02	0.424
110220193	cause.n.02	0.692
101832355	cause.n.01	0.775
101832376	cause.n.01	0.622
101832444	cause.n.01	0.797
101832485	cause.n.01	0.683
101832539	cause.n.01	0.629
110221663	cause.n.02	0.801
101833653	cause.n.01	0.891
101833765	causal_agent.n.01	0.499
101833824	cause.n.01	0.557
101833987	cause.n.01	0.832
110223107	cause.n.02	0.696
101846255	cause.n.01	0.721
101851825	reason.n.01	0.859
101861309	cause.n.01	0.636
101861369	cause.n.01	0.557
110252665	accusation.n.01	0.53
118642996	reason.n.02	0.538
101873731	reason.n.02	0.582
101875080	reason.n.02	0.823
101877182	cause.n.01	0.63
118657859	cause.n.01	0.734
101884026	cause.n.01	0.764
101884220	reason.n.01	0.786
101892812	causal_agent.n.01	0.477
101893153	reason.n.01	0.563
110286284	excuse.n.01	0.969
110287163	reason.n.01	0.642
101927352	accusation.n.01	0.654
101941391	cause.n.01	0.416
101941405	cause.n.01	0.575
101941455	cause.n.01	0.518
118720400	reason.n.01	0.485
118720762	reason.n.01	0.628
118721314	reason.n.02	0.556
118722954	reason.n.01	0.859
118725089	reason.n.01	0.606
118725678	reason.n.01	0.875
118725760	reason.n.01	0.71
118727010	reason.n.02	0.573
101950936	causal_agent.n.01	0.565
101963429	explanation.n.01	0.56
101986168	cause.n.01	0.747
102000139	cause.n.01	0.786
102000184	cause.n.01	0.821
110388926	cause.n.01	0.771
110388999	cause.n.01	0.736
110389178	cause.n.01	0.775
110389291	cause.n.01	0.788
110393670	reason.n.02	0.906
110394224	reason.n.02	0.855
110395428	cause.n.01	0.7
110395540	cause.n.01	0.839
110395773	explanation.n.01	0.604
110395919	hypothesis.n.01	0.511
110397107	causing.n.01	None
110397220	explanation.n.01	0.622
118787012	reason.n.01	0.67
110398767	factor.n.01	0.818
110398797	cause.n.01	0.489
110399799	reason.n.02	0.762
118792963	reproach.n.01	0.758
110405497	cause.n.01	0.559
110406608	reason.n.02	0.796
110408538	cause.n.01	0.601
110408626	cause.n.01	0.609
118797963	explanation.n.01	0.669
110409546	cause.n.01	0.722
110409571	causal_agent.n.01	0.581
110409710	cause.n.01	0.718
110409807	cause.n.01	0.845
110409825	cause.n.01	0.857
110414643	cause.n.01	0.494
110417615	cause.n.01	0.657
118807381	guilt.n.01	0.909
118819749	cause.n.01	0.854
118820399	accusation.n.01	0.564
118820835	guilt.n.01	0.843
118820880	censure.n.01	0.814
102043956	cause.n.01	0.493
118821876	conviction.n.02	0.964
118822413	crime.n.01	0.895
118822571	accusation.n.01	0.727
118823840	accusation.n.01	0.709
118824985	charge.n.02	0.692
118825228	reason.n.01	0.756
118826396	reason.n.01	0.899
118826672	charge.n.02	0.736
118826690	accusation.n.01	0.686
118827365	charge.n.02	0.565
102050545	cause.n.01	0.428
118828121	reason.n.01	0.887
118830915	lawsuit.n.01	0.982
118833246	lawsuit.n.01	0.411
118833974	accusation.n.01	0.7
118834128	cause.n.01	0.844
118838354	charge.n.02	0.843
118838359	accusation.n.01	0.692
118838528	cause.n.01	0.903
118838980	charge.n.02	0.688
118840500	disproof.n.01	0.741
118844819	origin.n.03	0.644
118846563	reason.n.01	0.898
102070038	cause.n.02	0.783
118851223	duty.n.01	0.583
118852840	charge.n.02	0.761
118853249	incrimination.n.01	0.738
118853513	reason.n.01	0.638
118854703	reason.n.01	0.775
118856418	cause.n.02	0.955
118856715	charge.n.02	0.604
118860695	juncture.n.01	0.915
118862293	reason.n.01	0.811
118864039	charge.n.02	0.885
118864852	reason.n.02	0.795
102090034	quality.n.01	0.824
118869655	charge.n.02	0.812
118869751	reason.n.01	0.715
118871585	charge.n.02	0.729
118873520	criticism.n.01	0.772
118873935	cause.n.01	0.725
118875978	charge.n.02	0.709
118876211	reason.n.01	0.591
118876235	reason.n.01	0.879
118877610	reason.n.01	0.695
118880145	charge.n.02	0.85
118880163	charge.n.02	0.881
102108553	cause.n.01	0.569
102108879	cause.n.01	0.699
102109314	cause.n.01	0.548
102118005	cause.n.01	0.581
102135713	repute.n.01	None
118932079	cause.n.01	0.496
102157585	reason.n.01	0.776
118936683	reason.n.02	0.554
102159865	cause.n.01	0.896
102160711	reasoning.n.01	None
102162400	reason.n.01	0.585
102162976	cause.n.01	0.868
102164563	cause.n.01	0.768
102164794	reason.n.01	0.501
102165330	cause.n.01	0.824
102165362	cause.n.01	0.427
102165544	cause.n.01	0.575
102169311	cause.n.01	0.935
102170847	cause.n.01	0.884
102171776	cause.n.01	0.916
102171848	cause.n.01	0.872
102172944	cause.n.01	0.852
102173208	cause.n.01	0.9
102173581	cause.n.01	0.511
102173598	cause.n.01	0.779
102177333	cause.n.01	0.731
102177490	cause.n.01	0.501
102180408	cause.n.01	0.743
102191231	authorship.n.02	0.656
102209120	cause.n.01	0.715
118989560	causal_agent.n.01	0.551
118989918	incrimination.n.01	0.629
102213303	cause.n.01	0.563
102215005	cause.n.01	0.787
102216559	reason.n.02	0.701
118996149	cause.n.01	0.775
118996673	cause.n.01	0.624
102221842	cause.n.01	0.447
119000088	mistake.n.01	0.564
119001037	reason.n.01	0.889
119002449	reason.n.02	0.494
119007616	reason.n.01	0.77
119019660	cause.n.01	0.485
102247253	cause.n.01	0.49
102258701	cause.n.01	0.759
102261207	reason.n.02	0.554
102261257	cause.n.01	0.687
102261334	cause.n.01	0.718
102261428	cause.n.01	0.679
102261522	cause.n.01	0.729
102261622	cause.n.01	0.424
102272346	cause.n.01	0.521
102274847	cause.n.01	0.716
102276720	reason.n.02	0.686
119054032	cause.n.01	0.497
102280103	cause.n.01	0.633
119060087	fault.n.06	0.507
102283994	causal_agent.n.01	0.608
102284165	causal_agent.n.01	0.637
102284190	causal_agent.n.01	0.538
119062306	reason.n.02	0.517
102287009	cause.n.01	0.791
102287053	cause.n.01	0.698
102288383	cause.n.01	0.905
102288397	cause.n.01	0.905
119068052	reason.n.02	0.49
102307348	reason.n.02	0.718
102308715	cause.n.01	0.728
119088812	causal_agent.n.01	0.575
119089039	reason.n.01	0.816
119089231	cause.n.01	0.531
119089356	causal_agent.n.01	0.587
119089906	reason.n.01	0.601
119090449	causal_agent.n.01	0.514
102313333	cause.n.01	0.627
119091266	reason.n.01	0.602
102314689	cause.n.01	0.481
102315257	cause.n.01	0.564
119093639	cause.n.01	0.658
119095414	reason.n.01	0.715
119098095	reason.n.02	0.526
119098455	reason.n.01	0.714
102322403	charge.n.02	0.762
119102092	cause.n.01	0.674
102327874	incrimination.n.01	0.778
102329376	reason.n.01	0.587
102361145	arraignment.n.01	None
102371413	causal_agent.n.01	0.448
102374358	incrimination.n.01	0.726
102379339	duty.n.01	0.958
102427300	cause.n.01	0.566
102429033	reason.n.01	0.707
102436940	reason.n.01	0.684
102437022	charge.n.02	0.836
102437552	charge.n.02	0.88
102438052	accusation.n.01	0.671
102439015	charge.n.02	0.626
102439633	charge.n.02	0.687
102440634	charge.n.02	0.928
102441330	accusation.n.01	0.623
102441427	accusation.n.02	0.51
102442279	charge.n.02	0.617
102443881	charge.n.02	0.532
102445139	charge.n.02	0.585
102447068	charge.n.02	0.788
102447308	charge.n.02	0.716
102447392	reproach.n.02	0.905
102448162	reproach.n.02	0.971
102449195	reason.n.01	0.765
102449839	duty.n.01	0.604
102456808	charge.n.02	0.914
102457297	censure.n.01	0.946
102458005	incrimination.n.01	0.734
102458520	charge.n.02	0.78
110850600	reason.n.02	0.51
110851313	reason.n.01	0.806
102463433	charge.n.02	0.766
102465049	duty.n.01	0.805
102465901	cause.n.01	0.66
102466734	charge.n.02	0.878
110857416	cause.n.01	0.791
110858096	cause.n.01	0.727
110858119	cause.n.01	0.573
102473722	charge.n.02	0.77
102473973	reason.n.01	0.922
102474193	incrimination.n.01	0.654
102474793	charge.n.02	0.865
102476762	reason.n.01	0.774
102502988	cause.n.01	0.844
102508153	cause.n.01	0.863
102508512	cause.n.01	0.736
102516655	causal_agent.n.01	0.55
119295458	causing.n.01	None
119333505	cause.n.01	0.6
119334214	cause.n.01	0.653
119335451	causal_agent.n.01	0.657
119335877	cause.n.01	0.721
119336443	cause.n.01	0.85
119336573	cause.n.01	0.58
119336745	cause.n.01	0.734
119337370	cause.n.01	0.834
119337915	cause.n.01	0.885
119339488	cause.n.01	0.812
119340718	reason.n.02	0.86
119340893	cause.n.01	0.588
119341024	cause.n.01	0.699
119344222	cause.n.01	0.83
119344566	cause.n.01	0.697
119345159	cause.n.01	0.665
119345457	cause.n.01	0.879
119345576	cause.n.01	0.571
119346034	cause.n.01	0.71
119346543	cause.n.01	0.675
119346645	cause.n.02	0.737
119347382	cause.n.01	0.859
119349144	cause.n.01	0.9
119349246	cause.n.01	0.851
119352672	cause.n.01	0.904
119352860	cause.n.01	0.683
119352866	cause.n.01	0.727
119353603	cause.n.01	0.592
119354185	cause.n.01	0.602
119354858	cause.n.01	0.76
119355385	cause.n.01	0.82
119355757	cause.n.01	0.686
119355784	cause.n.01	0.506
119356511	causal_agent.n.01	0.509
119358617	cause.n.01	0.866
119359197	cause.n.01	0.64
119359418	cause.n.01	0.906
119360861	cause.n.01	0.812
119362198	cause.n.01	0.617
119362761	cause.n.01	0.699
119363598	reason.n.01	0.647
119363849	cause.n.01	0.872
119364062	causal_agent.n.01	0.609
119369624	cause.n.01	0.732
119369636	cause.n.02	0.599
119370046	causal_agent.n.01	0.523
119375646	cause.n.01	0.933
119378302	cause.n.01	0.792
119380886	cause.n.01	0.662
102607925	cause.n.01	0.688
119386313	cause.n.01	0.862
119386928	beginning.n.04	0.982
119387870	cause.n.01	0.8
119389226	cause.n.01	0.681
119391139	cause.n.01	0.879
102634191	censure.n.01	0.899
102644689	cause.n.01	0.734
102648976	cause.n.01	0.696
111150321	causal_agent.n.01	0.61
111150353	causal_agent.n.01	0.489
111152714	causal_agent.n.01	0.515
111153154	causal_agent.n.01	0.489
111153215	cause.n.01	0.647
111153252	cause.n.02	0.482
111153472	causal_agent.n.01	0.491
111153594	cause.n.01	0.744
111154053	cause.n.01	0.561
111154352	causal_agent.n.01	0.552
111154571	cause.n.01	0.708
111155187	cause.n.01	0.78
111155211	cause.n.01	0.854
111155249	cause.n.01	0.582
111157813	cause.n.01	0.574
111157911	cause.n.01	0.743
111158005	cause.n.01	0.847
111158550	cause.n.01	0.895
111159353	cause.n.01	0.818
111159391	cause.n.01	0.676
111159423	cause.n.01	0.791
111159441	cause.n.01	0.828
111159879	cause.n.01	0.899
111159988	cause.n.01	0.691
111160679	cause.n.01	0.555
111160986	cause.n.01	0.829
111161078	cause.n.01	0.806
111161251	cause.n.01	0.738
111162250	cause.n.01	0.631
111162891	cause.n.01	0.843
111162974	cause.n.01	0.83
111163019	cause.n.01	0.791
111163236	cause.n.01	0.684
111163256	cause.n.01	0.718
111163312	cause.n.01	0.568
111163329	cause.n.01	0.539
111163374	cause.n.01	0.788
111163566	cause.n.01	0.804
111164101	cause.n.01	0.838
111164533	cause.n.01	0.67
111164634	cause.n.01	0.8
111164675	cause.n.01	0.859
111164738	cause.n.01	0.858
111164783	cause.n.01	0.693
111165645	causal_agent.n.01	0.518
111165764	cause.n.01	0.905
111166040	cause.n.01	0.626
111166056	cause.n.01	0.531
111167036	cause.n.01	0.701
111167961	cause.n.01	0.85
111169523	cause.n.01	0.892
111170519	cause.n.01	0.466
111170526	cause.n.01	0.511
111170559	cause.n.01	0.6
111170577	cause.n.01	0.595
111171271	cause.n.01	0.626
111171737	cause.n.01	0.768
111172332	cause.n.01	0.812
111172920	cause.n.01	0.763
111173573	reason.n.02	0.669
111173713	cause.n.01	0.797
111175329	cause.n.01	0.722
111175381	cause.n.01	0.748
111175724	cause.n.01	0.844
111177275	cause.n.01	0.845
111177773	cause.n.01	0.642
111178379	cause.n.01	0.721
111181032	cause.n.01	0.709
111183157	cause.n.01	0.806
111183387	cause.n.01	0.733
111183695	cause.n.01	0.55
111184382	cause.n.01	0.749
111185973	cause.n.01	0.605
111186224	cause.n.01	0.735
111186698	cause.n.01	0.736
111186756	cause.n.01	0.713
111186904	cause.n.01	0.756
111187640	cause.n.01	0.67
111188143	cause.n.01	0.688
111188379	cause.n.01	0.843
111188553	cause.n.01	0.784
111189525	cause.n.01	0.751
111189536	cause.n.01	0.805
111190263	reason.n.02	0.5
111190835	cause.n.01	0.691
111191499	reason.n.02	0.649
111192780	cause.n.01	0.835
111192920	cause.n.01	0.711
111192961	cause.n.01	0.773
111192980	cause.n.01	0.833
111193150	cause.n.01	0.844
111193752	reason.n.01	0.66
111194105	cause.n.01	0.659
111194693	causal_agent.n.01	0.607
111194942	cause.n.01	0.719
111195691	causal_agent.n.01	0.74
111195755	cause.n.01	0.657
111196593	cause.n.01	0.829
111196761	cause.n.01	0.758
111196870	causal_agent.n.01	0.563
111197082	causal_agent.n.01	0.499
111198904	cause.n.01	0.893
111199863	cause.n.01	0.863
111199929	cause.n.01	0.541
111199960	cause.n.01	0.71
111201105	reason.n.01	0.585
111201877	cause.n.01	0.801
111204203	cause.n.01	0.826
111205206	cause.n.01	0.681
111205234	cause.n.01	0.833
111205372	cause.n.01	0.499
102916074	cause.n.01	0.443
102916079	cause.n.01	0.733
102927131	cause.n.01	0.829
103036307	origin.n.03	0.693
103039368	charge.n.02	0.684
103042277	motivation.n.01	0.999
103049802	cause.n.02	0.94
103050196	reason.n.01	0.527
103050917	motivation.n.01	0.999
103054698	excuse.n.01	0.961
103056241	incrimination.n.01	0.787
103056351	accusation.n.01	0.632
103057565	excuse.n.01	0.971
103067427	beginning.n.04	0.559
103073445	incrimination.n.01	0.647
103073585	charge.n.02	0.779
103074022	accusation.n.01	0.702
103079398	charge.n.02	0.5
103085085	charge.n.02	0.467
103095147	cause.n.01	0.523
103096104	charge.n.02	0.69
103097029	reproach.n.01	0.583
103101432	accusation.n.01	0.641
103108765	reason.n.01	0.691
103140217	discourtesy.n.03	0.749
103155685	duty.n.01	0.928
103157738	issue.n.01	0.937
103160333	accusation.n.01	0.596
103160338	accusation.n.02	0.633
103160464	accusation.n.02	0.621
103160483	accusation.n.02	0.612
103166902	accusation.n.01	0.551
103166922	accusation.n.01	0.681
103167241	accusation.n.01	0.693
103167649	accusation.n.01	0.775
103167710	accusation.n.01	0.741
103168673	accusation.n.01	0.658
103171323	accusation.n.01	0.663
103171405	accusation.n.01	0.686
103171448	charge.n.02	0.829
103171491	charge.n.02	0.924
103171532	proof.n.01	0.848
103171678	accusation.n.01	0.745
103172699	indictment.n.02	0.568
103173681	crime.n.01	0.936
103177600	recrimination.n.01	None
103183171	accusation.n.02	0.64
103206792	charge.n.02	0.668
103215944	duty.n.01	0.743
103219078	motivation.n.01	0.988
103220114	charge.n.02	0.826
103222677	reason.n.01	0.512
103239876	accusation.n.01	0.638
103240056	accusation.n.01	0.574
103240591	complaint.n.04	0.485
103243318	proof.n.01	0.904
103246861	charge.n.02	0.881
103247155	charge.n.02	0.794
103292835	accusation.n.02	0.517
103294630	trial.n.04	0.958
103295564	charge.n.02	0.949
103303107	reason.n.01	0.812
103312860	cause.n.01	0.801
103315909	imputation.n.02	0.668
103318021	charge.n.02	0.723
103320717	claim.n.01	0.524
103322003	charge.n.02	0.717
103323217	charge.n.02	0.6
103327769	charge.n.02	0.709
103327796	charge.n.02	0.686
103328388	crime.n.01	0.974
103329243	reason.n.01	0.885
103332394	accusation.n.01	0.754
103335025	cause.n.01	0.795
103350126	reason.n.01	0.657
103352182	charge.n.02	0.551
103354712	motivation.n.01	0.998
103355879	recrimination.n.01	None
103358363	incrimination.n.01	0.685
103358644	possibility.n.04	0.326
103361428	accusation.n.01	0.742
103362201	charge.n.02	0.776
103362293	charge.n.02	0.781
103363409	charge.n.02	0.761
103385461	charge.n.02	0.896
103386342	crime.n.01	0.984
103389009	arraignment.n.01	None
103391881	accusation.n.01	0.671
103393498	charge.n.02	0.841
103393707	reason.n.02	0.617
103393849	charge.n.02	0.641
103395223	charge.n.02	0.736
103395306	charge.n.02	0.783
103395443	charge.n.02	0.732
103395481	accusation.n.01	0.57
103395550	accusation.n.01	0.638
103397479	cause.n.01	0.776
103397923	reason.n.01	0.787
103398468	accusation.n.02	0.661
103399903	charge.n.02	0.774
103406327	accusation.n.01	0.593
103407210	accusation.n.01	0.657
103407503	accusation.n.01	0.625
103409401	accusation.n.01	0.696
103416209	reason.n.01	0.654
103422993	charge.n.02	0.514
103427559	charge.n.02	0.756
103428107	recrimination.n.01	None
103428282	charge.n.02	0.774
103429153	charge.n.02	0.819
103430680	charge.n.02	0.699
103435354	reason.n.01	0.962
103436426	accusation.n.01	0.655
103438305	charge.n.02	0.778
103442969	fault.n.06	0.47
103446497	reason.n.01	0.689
103446887	charge.n.02	0.657
103448414	charge.n.02	0.665
103448598	charge.n.02	0.764
103449383	accusation.n.02	0.515
103449437	charge.n.02	0.729
103449460	charge.n.02	0.565
103449619	charge.n.02	0.736
103453730	charge.n.02	0.853
103455187	accusation.n.02	0.627
103455788	charge.n.02	0.636
103457178	complaint.n.03	0.903
103457369	accusation.n.01	0.669
103465635	crime.n.01	0.963
103489696	reason.n.01	0.661
103496233	reason.n.02	0.876
103498515	reason.n.02	0.556
103505518	reason.n.02	0.631
103512803	reason.n.01	0.657
103513036	reason.n.02	0.724
103519008	reason.n.02	0.708
103521583	reason.n.02	0.652
103527234	reason.n.02	0.721
103532498	reason.n.02	0.794
103533399	reason.n.01	0.668
103539162	cause.n.01	0.568
103539173	cause.n.01	0.638
103539382	cause.n.01	0.575
103545556	cause.n.01	0.794
103545621	cause.n.01	0.861
103552008	cause.n.01	0.373
103552156	cause.n.01	0.793
103553976	cause.n.01	0.763
103559585	cause.n.01	0.729
103559587	cause.n.01	0.81
103559800	cause.n.01	0.654
103565566	cause.n.01	0.672
103567557	cause.n.01	0.724
103567708	reason.n.01	0.809
103568922	cause.n.01	0.486
103569033	reason.n.01	0.499
103571114	assumption.n.02	0.591
103572869	cause.n.01	0.484
103573431	reason.n.02	0.582
103574419	reason.n.01	0.838
103574605	cause.n.01	0.545
103574977	cause.n.01	0.625
103576311	reason.n.02	0.546
103577155	reason.n.02	0.669
103577324	condition.n.01	0.908
103577503	reason.n.02	0.64
103590681	incrimination.n.01	0.776
103590923	accusation.n.01	0.592
103592482	reason.n.01	0.525
103594925	reason.n.01	0.74
103595681	cause.n.01	0.37
103595711	reason.n.01	0.971
103600148	discourtesy.n.03	0.539
103605327	charge.n.02	0.939
103624329	cause.n.01	0.606
103625814	reason.n.02	0.556
103626219	reason.n.02	0.664
103627298	reason.n.01	0.715
103627434	reason.n.02	0.524
103629544	reason.n.01	0.605
103631259	cause.n.01	0.779
103631437	reason.n.01	0.678
103631978	cause.n.01	0.78
103632579	causing.n.01	None
103632630	reason.n.02	0.639
103632700	reason.n.01	0.552
103633930	reason.n.01	0.667
103641815	reason.n.02	0.595
103644298	reason.n.02	0.932
103645963	reason.n.01	0.489
103646133	explanation.n.01	0.601
103663818	cause.n.02	0.48
103663863	causality.n.01	None
103663870	cause.n.01	0.669
103665090	cause.n.01	0.731
103667485	cause.n.01	0.407
103667546	cause.n.01	0.495
103673925	reason.n.02	0.685
103675494	cause.n.01	0.682
103675876	cause.n.01	0.773
103675948	cause.n.01	0.716
103692706	reason.n.01	0.789
103693820	cause.n.01	0.537
103693848	cause.n.01	0.673
103693856	cause.n.01	0.61
103693875	cause.n.01	0.635
103693883	cause.n.01	0.695
103693891	cause.n.01	0.697
103762345	cause.n.01	0.713
103762358	cause.n.01	0.831
103762465	cause.n.01	0.569
103763858	cause.n.01	0.674
103764401	reason.n.02	0.748
103764437	reason.n.02	0.7
103764759	reason.n.02	0.936
103765578	reason.n.02	0.893
103765802	reason.n.02	0.806
103766401	cause.n.01	0.778
103766774	cause.n.01	0.771
103767769	reason.n.02	0.738
103768586	cause.n.01	0.667
103769091	reason.n.02	0.551
103770383	reason.n.02	0.656
103770644	cause.n.01	0.715
103774908	cause.n.01	0.699
103775006	reason.n.01	0.586
103775102	cause.n.01	0.709
103775227	reason.n.02	0.79
103775322	cause.n.02	0.837
103778117	reason.n.02	0.891
103778381	explanation.n.01	0.632
103779419	reason.n.01	0.905
103779640	causal_agent.n.01	0.706
103780025	reason.n.02	0.698
103780508	reason.n.02	0.663
103781800	cause.n.01	0.612
103781829	cause.n.01	0.772
103782376	cause.n.01	0.586
103784955	cause.n.01	0.614
103785336	reason.n.02	0.781
103785761	reason.n.02	0.916
103787017	reason.n.02	0.713
103787161	reason.n.02	0.746
103787711	reason.n.02	0.909
103787827	cause.n.02	0.849
103788554	cause.n.01	0.719
103788575	reason.n.02	0.515
103788744	reason.n.02	0.498
103789065	reason.n.01	0.65
103789412	reason.n.02	0.513
103789561	cause.n.02	0.56
103789578	reason.n.02	0.894
103789620	reason.n.02	0.8
103790089	cause.n.01	0.668
103791310	cause.n.01	0.941
103792250	reason.n.02	0.868
103792759	reason.n.02	0.847
103793004	cause.n.01	0.852
103795138	reason.n.02	0.891
103795812	reason.n.02	0.592
120574761	rationale.n.01	None
103797644	reason.n.02	0.536
103799516	cause.n.01	0.501
103799753	cause.n.01	0.599
103799844	cause.n.01	0.743
103799855	cause.n.01	0.702
103799947	cause.n.01	0.51
103800206	cause.n.01	0.49
103800234	cause.n.01	0.476
103800367	reason.n.01	0.487
103800599	cause.n.01	0.866
103800656	cause.n.01	0.783
103800689	reason.n.01	0.462
103800811	reason.n.02	0.577
103801170	reason.n.02	0.625
103801417	cause.n.01	0.636
103801666	reason.n.01	0.514
103801790	cause.n.01	0.894
103801916	cause.n.02	0.634
103802063	reason.n.02	0.658
103802131	causal_agent.n.01	0.582
103802283	cause.n.01	0.693
103802306	cause.n.01	0.753
103803349	cause.n.01	0.552
103803432	reason.n.02	0.685
103803531	cause.n.01	0.735
103803591	reason.n.01	0.502
103803760	cause.n.01	0.619
103803803	reason.n.02	0.751
103803846	reason.n.02	0.56
103803902	cause.n.01	0.864
103804021	cause.n.01	0.763
103804167	cause.n.01	0.685
103804347	reason.n.02	0.771
103804418	cause.n.01	0.5
103805038	cause.n.01	0.587
103805267	reason.n.02	0.862
103805401	reason.n.02	0.8
103805523	reason.n.02	0.596
103805713	cause.n.01	0.786
103806014	reason.n.02	0.577
103806429	reason.n.02	0.873
103806457	cause.n.01	0.583
103807071	reason.n.02	0.572
103808005	reason.n.02	0.578
103808942	cause.n.01	0.667
103809133	reason.n.02	0.652
103809367	cause.n.01	0.655
103809397	cause.n.01	0.728
103809923	reason.n.02	0.517
103810388	causal_agent.n.01	0.616
103810464	cause.n.01	0.838
103810542	cause.n.01	0.664
103810583	cause.n.01	0.809
103810909	cause.n.01	0.603
103811323	reason.n.02	0.533
103811405	cause.n.01	0.662
103811439	reason.n.01	0.759
103811452	cause.n.01	0.572
103811548	cause.n.01	0.538
103811944	reason.n.01	0.465
103811973	reason.n.02	0.882
103812080	cause.n.01	0.754
103812259	cause.n.01	0.701
103812450	cause.n.01	0.71
103813238	cause.n.01	0.929
103813448	cause.n.01	0.88
103813473	reason.n.02	0.555
103813524	cause.n.01	0.681
103813637	cause.n.01	0.812
103814499	reason.n.02	0.661
103814708	causal_agent.n.01	0.515
103814880	cause.n.01	0.944
103816174	reason.n.02	0.749
103816206	cause.n.01	0.854
103816475	cause.n.01	0.8
103816488	cause.n.01	0.538
103816977	reason.n.01	0.461
103817506	reason.n.02	0.791
103817551	cause.n.01	0.576
103817585	causal_agent.n.01	0.528
103817904	cause.n.01	0.479
103818543	cause.n.01	0.516
103818570	cause.n.01	0.629
103818591	cause.n.01	0.69
103821501	cause.n.01	0.632
103821517	cause.n.01	0.727
103821535	cause.n.01	0.793
103821610	cause.n.01	0.726
103821820	cause.n.01	0.864
103823637	reason.n.01	0.808
103827187	reason.n.01	0.957
103828180	cause.n.01	0.753
103830022	cause.n.01	0.644
103835013	reason.n.01	0.506
103835477	cause.n.01	0.709
103835777	cause.n.01	0.573
103836051	cause.n.01	0.7
103836444	cause.n.01	0.605
103841545	cause.n.01	0.79
103843895	reason.n.01	0.916
120640183	charge.n.02	0.737
120640773	cause.n.01	0.532
120650930	charge.n.02	0.778
120652664	cause.n.01	0.872
120653084	cause.n.02	0.483
120653115	reason.n.01	0.954
120653190	cause.n.01	0.755
120653212	cause.n.01	0.692
120653892	cause.n.01	0.68
120655135	cause.n.01	0.839
120656592	cause.n.01	0.578
120656663	cause.n.01	0.594
120657320	cause.n.01	0.851
120657341	cause.n.01	0.851
120657641	cause.n.01	0.416
120657670	cause.n.01	0.563
120657684	cause.n.01	0.631
120657956	cause.n.01	0.64
120658085	campaign.n.02	0.545
120658089	cause.n.02	0.406
120658203	cause.n.01	0.823
120659088	reason.n.01	0.812
120659585	cause.n.02	0.511
120662435	cause.n.01	0.826
103893938	circumstance.n.01	0.801
103904887	reason.n.02	0.511
120687129	cause.n.01	0.533
120688447	cause.n.01	0.529
103911562	reason.n.02	0.59
120692427	cause.n.01	0.556
103918654	cause.n.01	0.804
103918865	reason.n.01	0.573
103940542	reason.n.02	0.546
103942935	reason.n.02	0.704
103946291	reason.n.02	0.662
103948058	cause.n.01	0.53
103948891	cause.n.01	0.755
103949370	cause.n.01	0.826
103950173	cause.n.01	0.823
120727452	reason.n.01	0.693
103950380	cause.n.01	0.847
103950446	reason.n.02	0.654
103950566	reason.n.02	0.511
103950674	cause.n.01	0.671
103950973	reason.n.02	0.524
103961001	cause.n.01	0.901
103961617	reason.n.02	0.932
103962832	reason.n.02	0.605
103966505	cause.n.01	0.76
103966640	cause.n.01	0.776
103967491	reason.n.01	0.555
103967887	reason.n.02	0.875
103968173	reason.n.02	0.877
103971609	reason.n.02	0.506
103973551	reason.n.01	0.742
120751040	incrimination.n.01	0.734
103974087	reason.n.01	0.624
103974565	reason.n.02	0.507
120761802	reason.n.01	0.608
112390124	cause.n.01	0.63
112390283	cause.n.01	0.433
120781620	cause.n.01	0.572
112394385	cause.n.01	0.714
112395909	explanation.n.01	0.693
112395960	cause.n.01	0.726
112396019	cause.n.01	0.658
112396561	cause.n.01	0.731
120787511	reason.n.02	0.613
104012409	cause.n.01	0.783
104015295	cause.n.01	0.88
104015750	cause.n.01	0.66
104015797	reason.n.01	0.664
104015857	cause.n.01	0.874
104016131	cause.n.01	0.801
104016152	cause.n.01	0.779
104016234	cause.n.01	0.874
104016383	cause.n.01	0.913
104016393	cause.n.01	0.882
104016949	cause.n.01	0.729
104017039	cause.n.01	0.815
104017053	cause.n.01	0.795
104017104	cause.n.01	0.798
104017182	cause.n.01	0.846
112406105	cause.n.01	0.684
104017511	cause.n.01	0.799
104017649	cause.n.01	0.793
104017852	cause.n.01	0.787
104017871	cause.n.01	0.744
104018055	cause.n.01	0.49
104018151	cause.n.01	0.551
104018308	cause.n.01	0.824
104018503	cause.n.01	0.928
104018784	cause.n.01	0.818
104019056	cause.n.01	0.828
112407831	cause.n.01	0.596
104019623	cause.n.01	0.802
104019721	cause.n.01	0.687
104019762	cause.n.01	0.765
104020479	cause.n.01	0.861
104020552	causing.n.01	None
104020607	cause.n.01	0.518
104020695	cause.n.01	0.85
104020731	cause.n.01	0.734
104020872	cause.n.01	0.774
104020974	cause.n.01	0.797
104021065	cause.n.01	0.778
104021085	causal_agent.n.01	0.573
104021356	cause.n.01	0.688
104021429	cause.n.01	0.495
104021794	cause.n.01	0.618
104021956	cause.n.01	0.849
104022238	cause.n.01	0.654
104022279	cause.n.01	0.491
104022320	cause.n.01	0.491
104023090	cause.n.01	0.874
104023678	cause.n.01	0.742
104023744	cause.n.01	0.752
104024276	cause.n.01	0.813
104024719	cause.n.01	0.599
104025990	cause.n.01	0.899
112414616	reason.n.01	0.512
104026647	cause.n.01	0.703
112416517	reason.n.01	0.874
112416579	reason.n.01	0.807
104028793	cause.n.01	0.852
104029491	cause.n.01	0.429
104029632	reason.n.01	0.556
104029648	principle.n.03	0.563
104029677	causal_agent.n.01	0.5
104031647	cause.n.01	0.759
104031888	cause.n.01	0.842
104031938	cause.n.01	0.942
104032187	cause.n.01	0.903
112425024	cause.n.01	0.888
112425187	cause.n.01	0.581
104038908	reason.n.01	0.712
112430865	reason.n.02	0.676
112430985	reason.n.01	0.703
112431011	reason.n.01	0.5
112434947	reason.n.02	0.587
104049560	cause.n.01	0.823
104050598	cause.n.01	0.654
104050664	cause.n.01	0.489
104050901	causal_agent.n.01	0.5
112441198	reason.n.02	0.894
112445200	cause.n.01	0.898
112445244	cause.n.01	0.909
112445249	cause.n.01	0.824
112445417	cause.n.01	0.776
112445826	cause.n.01	0.82
112446061	cause.n.01	0.854
112446168	cause.n.01	0.538
112446230	cause.n.01	0.813
112446601	cause.n.01	0.651
112447121	cause.n.01	0.913
112447241	cause.n.01	0.873
112447280	cause.n.01	0.652
112447391	cause.n.01	0.792
112447586	cause.n.01	0.743
104062269	cause.n.01	0.586
104062361	reason.n.02	0.676
112451800	cause.n.01	0.471
112452742	cause.n.01	0.492
112453155	cause.n.01	0.879
112453201	cause.n.01	0.614
112453216	cause.n.01	0.865
112453378	reason.n.02	0.8
104064980	cause.n.01	0.834
104065013	cause.n.01	0.805
104065081	cause.n.01	0.82
104065279	cause.n.01	0.668
112454409	reason.n.02	0.649
112454457	cause.n.01	0.709
112454504	cause.n.01	0.812
104072734	reason.n.02	0.449
120851422	cause.n.02	0.635
104077651	cause.n.01	0.836
104081362	cause.n.01	0.797
104082264	cause.n.01	0.898
104086480	cause.n.01	0.726
104087135	cause.n.01	0.669
104088109	cause.n.01	0.542
104089409	reason.n.02	0.418
104093670	cause.n.01	0.596
104094869	cause.n.01	0.891
104094928	cause.n.01	0.582
104096945	reason.n.01	0.484
104102300	explanation.n.01	0.677
104102746	reason.n.01	0.412
104103264	cause.n.01	0.487
104105904	reason.n.01	0.623
104106507	cause.n.01	0.838
104106749	cause.n.01	0.959
104107507	reason.n.02	0.817
104107874	cause.n.01	0.758
104108010	reason.n.02	0.815
104108386	reason.n.02	0.822
104108474	cause.n.01	0.655
104108507	cause.n.01	0.587
104109453	cause.n.01	0.583
104110325	cause.n.01	0.822
104110856	cause.n.01	0.83
104111145	cause.n.01	0.744
104112109	cause.n.01	0.689
104112155	causal_agent.n.01	0.487
104112234	cause.n.01	0.825
104112412	cause.n.01	0.756
104113150	cause.n.01	0.616
104114044	reason.n.02	0.896
104114225	reason.n.02	0.716
104114258	cause.n.01	0.922
104114746	reason.n.02	0.707
104116503	reason.n.01	0.55
104116556	causal_agent.n.01	0.569
104116631	causal_agent.n.01	0.471
104117420	reason.n.02	0.761
104118190	cause.n.01	0.613
104119138	reason.n.02	0.789
104119873	cause.n.01	0.772
104121281	cause.n.01	0.728
104123489	reason.n.02	0.913
104123585	manner.n.01	0.872
104123631	cause.n.01	0.855
104124703	origin.n.03	0.756
104125955	reason.n.02	0.952
104126136	campaign.n.02	0.602
104126828	cause.n.01	0.636
104127004	cause.n.01	0.905
104127077	reason.n.02	0.71
104127495	cause.n.01	0.727
104127781	reason.n.02	0.759
104128920	cause.n.01	0.825
104129241	cause.n.01	0.579
104129417	reason.n.01	0.465
104129468	causal_agent.n.01	0.494
104130242	reason.n.02	0.716
104130800	cause.n.01	0.782
104132023	reason.n.02	0.803
104132061	cause.n.01	0.846
104133031	reason.n.02	0.84
104133555	cause.n.01	0.863
104135138	cause.n.01	0.865
104136651	reason.n.02	0.911
104137868	cause.n.01	0.538
104138245	reason.n.02	0.554
104144858	cause.n.01	0.608
104151259	reason.n.01	0.62
104154034	reason.n.02	0.719
104159428	cause.n.01	0.442
104159866	cause.n.01	0.719
104160809	cause.n.01	0.823
104161068	cause.n.01	0.767
104162596	cause.n.01	0.406
104170334	reason.n.01	0.568
104170347	cause.n.01	0.914
104170432	reason.n.01	0.623
104170741	cause.n.01	0.652
104171048	cause.n.01	0.574
104171479	cause.n.01	0.9
104171545	reason.n.01	0.76
104171971	principle.n.04	0.383
104171994	cause.n.01	0.69
104172003	cause.n.01	0.69
104172380	causing.n.01	None
104172669	cause.n.01	0.795
104174688	causing.n.01	None
104174736	reason.n.01	0.77
104174990	explanation.n.01	0.543
104175388	cause.n.01	0.77
104182276	reason.n.02	0.598
104182662	reason.n.02	0.768
104183614	reason.n.02	0.861
104185545	cause.n.02	0.424
104187832	reason.n.02	0.916
104188233	reason.n.02	0.799
104188331	reason.n.01	0.532
104188634	function.n.02	0.709
104188952	reason.n.02	0.758
104190310	reason.n.02	0.68
104192181	reason.n.02	0.898
104192487	cause.n.01	0.513
104192935	reason.n.02	0.852
104193249	cause.n.01	0.464
104193434	reason.n.01	0.582
104195504	reason.n.02	0.62
104195591	reason.n.01	0.927
104199471	reason.n.01	0.571
104200178	reason.n.02	0.687
104201028	reason.n.01	0.679
104201335	reason.n.02	0.633
104201573	reason.n.01	0.569
104202054	explanation.n.01	0.572
104202172	reason.n.02	0.735
104202737	reason.n.01	0.504
104202838	cause.n.01	0.823
104203225	reason.n.02	0.814
104203900	reason.n.02	0.728
104203969	reason.n.01	0.523
104205149	cause.n.01	0.876
104205548	reason.n.02	0.793
104205564	reason.n.02	0.806
104205701	reason.n.02	0.537
104205830	reason.n.02	0.847
104206123	reason.n.02	0.814
104206200	explanation.n.01	0.806
104207418	cause.n.02	0.603
120986790	duty.n.01	0.913
104212555	condition.n.02	0.415
104214107	cause.n.01	0.719
104214244	cause.n.01	0.569
104215909	cause.n.01	0.713
104217282	cause.n.01	0.494
104217362	causal_agent.n.01	0.567
104218821	cause.n.01	0.823
104218976	cause.n.01	0.821
104219156	cause.n.01	0.491
104219186	cause.n.01	0.491
104219777	cause.n.01	0.752
104219817	causal_agent.n.01	0.395
104220674	cause.n.01	0.894
104223282	cause.n.01	0.684
104224973	cause.n.01	0.643
104232837	reason.n.02	0.849
104251257	reason.n.02	0.886
104259938	cause.n.01	0.617
104262301	cause.n.01	0.717
104270559	causal_agent.n.01	0.604
104286467	cause.n.01	0.671
104286614	cause.n.01	0.808
104297341	cause.n.01	0.772
104301413	reason.n.01	0.542
104302360	mean.n.01	None
104302428	cause.n.02	0.618
104306043	reason.n.01	0.871
104316091	reason.n.01	0.771
104317694	reason.n.01	0.563
104320592	detail.n.01	0.824
104320668	reason.n.01	0.813
104321301	reason.n.01	0.469
104324346	reason.n.01	0.794
104324415	reason.n.02	0.56
104325185	reason.n.01	0.573
104325888	reason.n.01	0.444
104328898	cause.n.01	0.748
104329692	cause.n.01	0.428
104330458	reason.n.01	0.495
104331503	reason.n.01	0.659
104331566	reason.n.01	0.667
104332291	reason.n.01	0.586
104334143	cause.n.01	0.499
104334189	reason.n.02	0.477
104335586	reason.n.01	0.557
104335622	reason.n.01	0.51
104338580	cause.n.01	0.774
104339222	cause.n.01	0.827
104339275	cause.n.01	0.62
104339389	cause.n.01	0.761
104341031	cause.n.01	0.815
104341688	cause.n.01	0.713
104342196	reason.n.01	0.871
104342470	cause.n.01	0.857
104342673	cause.n.01	0.864
104344307	reason.n.01	0.93
104346636	reason.n.01	0.918
104346792	reason.n.01	0.962
104347008	motivation.n.01	0.999
104347052	motivation.n.01	0.999
104347091	motivation.n.01	1.0
104347138	motivation.n.01	1.0
104347394	cause.n.01	0.783
104347513	cause.n.01	0.617
104347723	cause.n.01	0.661
104347774	cause.n.01	0.731
104348354	reason.n.01	0.647
104349435	reason.n.01	0.955
104350170	reason.n.01	0.613
104350545	cause.n.01	0.799
104350650	cause.n.01	0.468
104350721	cause.n.01	0.704
104350979	cause.n.01	0.612
104361442	reason.n.01	0.963
104361648	reason.n.01	0.846
104363711	reason.n.01	0.801
104365712	reason.n.01	0.579
104366293	reason.n.01	0.746
121143544	reason.n.01	0.524
104369612	reason.n.01	0.754
104369628	reason.n.01	0.754
121147917	defect.n.03	0.878
121191316	accusation.n.01	0.779
121191450	accusation.n.01	0.698
121192457	accusation.n.01	0.745
121192732	criticism.n.01	0.939
121193819	charge.n.02	0.637
121193901	accusation.n.01	0.711
121199759	factor.n.01	0.695
121202762	crisis.n.01	0.817
121205123	lawsuit.n.01	None
121213476	onset.n.01	0.978
121216179	accusation.n.01	0.595
121217515	crisis.n.01	0.841
121217710	affliction.n.01	0.476
121217999	cause.n.01	0.83
121218031	onset.n.01	0.976
121218050	cause.n.01	0.907
121218081	cause.n.01	0.885
121218173	cause.n.01	0.721
121218223	cause.n.01	0.862
121218242	cause.n.01	0.873
121218373	ailment.n.01	0.962
121218651	influence.n.04	0.675
121218675	cause.n.01	0.79
121218802	misfortune.n.01	0.591
121227945	influence.n.02	0.27
121230479	crisis.n.01	0.797
121231760	cause.n.01	0.706
121231801	cause.n.01	0.648
104457842	reason.n.02	0.611
104457989	reason.n.02	0.866
104458037	explanation.n.01	0.493
104458168	reason.n.02	0.525
121235611	accusation.n.01	0.639
104458458	cause.n.01	0.804
104458473	reason.n.02	0.789
121236171	crisis.n.01	0.79
104459347	explanation.n.01	0.785
104459696	reason.n.02	0.86
121237382	accusation.n.01	0.76
121237414	crisis.n.01	0.779
121237739	cause.n.01	0.851
104461510	cause.n.01	0.581
121238932	crisis.n.01	0.746
121239441	crisis.n.01	0.84
121239579	accusation.n.01	0.545
121240177	crisis.n.01	0.744
121240212	crisis.n.01	0.854
104463139	reason.n.02	0.725
104463197	cause.n.01	0.752
121240623	trouble.n.01	0.431
104463987	cause.n.01	0.9
104464144	reason.n.02	0.68
121241884	crisis.n.01	0.797
121242820	crisis.n.01	0.747
121243026	incrimination.n.01	0.699
104465879	failing.n.01	0.717
121245787	accusation.n.01	0.641
104470291	cause.n.01	0.47
104470325	cause.n.01	0.632
121248682	crisis.n.01	0.801
121248797	opportunity.n.01	None
121250778	crisis.n.01	0.865
121251375	event.n.01	0.946
104474813	motivation.n.01	0.989
104476026	cause.n.01	0.619
121253522	crisis.n.01	0.789
104476321	cause.n.01	0.678
121255089	happening.n.01	0.562
121257282	cause.n.01	0.691
121257357	juncture.n.01	0.595
121260014	crisis.n.01	0.75
121262231	crisis.n.01	0.576
121263060	juncture.n.01	0.889
104489730	reason.n.01	0.628
104495712	reason.n.01	0.74
104499222	reason.n.01	0.652
121277817	cause.n.01	0.816
104503819	cause.n.01	0.691
121284460	accusation.n.01	0.673
121285679	crisis.n.01	0.892
121285784	crisis.n.01	0.842
121285861	crisis.n.01	0.904
104512682	reason.n.02	0.418
104512734	reason.n.01	0.709
104512952	reason.n.01	0.464
104513124	responsibility.n.03	0.551
121290937	crisis.n.01	0.804
104514279	reason.n.01	0.785
104515437	cause.n.01	0.579
121292720	cause.n.01	0.592
104515592	reason.n.02	0.485
104515626	cause.n.01	0.607
121293115	crisis.n.01	0.76
104517025	reason.n.02	0.67
104518397	cause.n.01	0.662
104520745	cause.n.01	0.86
104521542	cause.n.01	0.892
104521774	cause.n.01	0.632
104526278	reason.n.02	0.934
104527635	reason.n.02	0.924
104527704	reason.n.02	0.902
104528053	cause.n.01	0.84
104528184	reason.n.02	0.487
104531986	cause.n.01	0.523
104536355	cause.n.01	0.713
104543763	cause.n.01	0.541
104544408	cause.n.01	0.795
104544618	reason.n.02	0.631
104544921	cause.n.01	0.81
104546883	cause.n.01	0.768
104547185	cause.n.01	0.696
104547300	reason.n.02	0.869
104547653	cause.n.01	0.508
104550935	reason.n.02	0.635
104552697	reason.n.02	0.792
104553335	cause.n.01	0.821
104553401	cause.n.01	0.679
104554677	cause.n.01	0.856
104554717	cause.n.01	0.554
104554736	cause.n.01	0.857
104556048	cause.n.01	0.906
121336046	mistake.n.01	0.526
121345587	pretext.n.01	0.983
121352265	cause.n.01	0.707
121355960	cause.n.01	0.724
104584790	reason.n.02	0.537
121380482	reason.n.02	0.651
121381232	cause.n.01	0.682
121383931	cause.n.01	0.52
121386076	reason.n.02	0.771
121393032	reason.n.01	0.479
121397984	occasion.n.05	0.66
121403323	score.n.05	0.654
121405679	reason.n.02	0.457
121409686	reason.n.02	0.727
104642881	reason.n.01	0.774
104643389	reason.n.02	0.504
121424634	reason.n.01	0.523
121424732	cause.n.01	0.746
104647959	cause.n.01	0.769
104651266	reason.n.02	0.518
104654515	cause.n.01	0.748
121432807	cause.n.01	0.469
104657661	cause.n.01	0.751
104657714	cause.n.01	0.527
121439017	cause.n.01	0.526
104661986	cause.n.01	0.741
121453261	cause.n.01	0.633
121456186	cause.n.01	0.73
121456364	causal_agent.n.01	0.702
121460579	origin.n.03	0.724
121462795	manner.n.01	0.915
104694545	reason.n.01	0.632
121474081	reason.n.01	0.741
104701142	cause.n.01	0.693
121480376	cause.n.02	0.446
121481452	cause.n.02	0.449
104708910	reason.n.02	0.882
121489603	reason.n.02	0.71
121489610	reason.n.01	0.739
104714449	cause.n.01	0.705
121492914	reason.n.02	0.643
121494533	reason.n.01	0.705
104719494	motivation.n.01	0.997
121499387	mistake.n.01	0.536
104723771	causal_agent.n.01	0.436
121506716	reason.n.02	0.727
121511289	reason.n.01	0.853
121514657	juncture.n.01	0.758
121515758	reason.n.01	0.658
104752473	cause.n.01	0.773
121548333	origin.n.03	0.578
121548860	cause.n.01	0.688
104775933	explanation.n.01	0.656
104776431	reason.n.02	0.703
104776478	reason.n.02	0.65
104778013	reason.n.02	0.385
104779006	explanation.n.01	0.488
104779057	reason.n.02	0.652
104779451	explanation.n.01	0.595
113315777	occasion.n.03	0.376
113316684	aim.n.02	0.846
113328590	reason.n.01	0.874
113334984	beginning.n.04	0.459
113338007	reason.n.02	0.608
113338865	motivation.n.01	1.0
113342541	reason.n.01	0.543
113351171	beginning.n.04	0.62
113354096	motivation.n.01	0.998
113358996	discourtesy.n.03	0.786
113363271	reason.n.01	0.773
113376807	reason.n.02	0.576
113380157	motivation.n.01	0.998
113390985	juncture.n.01	0.477
113420370	reason.n.01	0.883
105041812	cause.n.01	0.854
105042899	incrimination.n.01	0.66
105042916	cause.n.01	0.743
105048367	cause.n.01	0.542
105048520	cause.n.01	0.698
105048645	cause.n.01	0.684
105048681	cause.n.01	0.733
105048850	causality.n.01	None
113437798	motivation.n.01	1.0
105050260	cause.n.01	0.776
105051922	cause.n.01	0.839
105052097	cause.n.01	0.504
105052121	cause.n.01	0.61
105052432	cause.n.01	0.741
105053623	cause.n.01	0.55
105053870	causal_agent.n.01	0.608
105055992	reason.n.01	0.902
113447909	incrimination.n.01	0.763
113449550	grievance.n.03	0.662
113454622	reason.n.01	0.979
113461918	reason.n.01	0.816
113465854	cause.n.01	0.802
113466359	reason.n.01	0.859
113472340	reproach.n.01	0.663
113488607	reason.n.02	0.696
113489735	reason.n.01	0.517
113490700	causal_agent.n.01	0.664
113490905	causal_agent.n.01	0.752
113491852	origin.n.02	0.457
113491913	reason.n.02	0.699
113492067	reason.n.02	0.589
113500042	incentive.n.01	0.825
105117431	cause.n.01	0.736
105117437	cause.n.01	0.736
105117438	cause.n.01	0.744
105118270	cause.n.01	0.881
105118669	reason.n.01	0.639
105118914	reason.n.01	0.763
105119435	cause.n.01	0.864
105121818	reason.n.01	0.855
105121936	reason.n.01	0.932
105122198	reason.n.01	0.695
105122261	reason.n.01	0.892
113512198	aggravation.n.02	0.726
113517840	reason.n.01	0.508
105130277	reason.n.02	0.471
105131903	reason.n.01	0.692
105134588	cause.n.01	0.741
105134689	reason.n.02	0.64
105136607	reason.n.02	0.569
105136845	reason.n.01	0.903
105136935	cause.n.01	0.835
105136975	cause.n.01	0.792
105138549	reason.n.01	0.809
113527819	cause.n.01	0.41
113529953	motivation.n.01	0.839
105142783	reason.n.01	0.628
105144317	reason.n.01	0.931
105144611	circumstance.n.01	0.764
105147714	cause.n.01	0.852
113538114	guilt.n.01	None
105150645	cause.n.01	0.514
113540209	reason.n.01	0.844
113541185	pretext.n.01	0.97
113542568	remedy.n.02	None
113543296	reason.n.01	0.791
113543352	cause.n.02	0.888
113544923	cause.n.01	0.771
113544957	cause.n.01	0.937
105158296	reason.n.01	0.946
113547945	pretext.n.01	0.979
105160907	cause.n.01	0.81
105161036	reason.n.01	0.968
105161640	cause.n.01	0.601
105161669	cause.n.02	0.936
105165351	reason.n.01	0.917
105165381	cause.n.01	0.623
105165631	cause.n.01	0.858
105165972	cause.n.01	0.926
105166726	reason.n.01	0.902
105166868	cause.n.01	0.873
105166918	cause.n.01	0.798
105166938	cause.n.01	0.741
105166972	cause.n.01	0.687
105167023	cause.n.01	0.744
105167059	cause.n.01	0.855
105167103	cause.n.01	0.757
105167264	cause.n.01	0.633
105167299	cause.n.01	0.651
121944599	reason.n.01	0.839
105167408	cause.n.01	0.884
105167474	cause.n.01	0.797
105167519	cause.n.01	0.607
113556325	purpose.n.01	0.909
105168196	cause.n.01	0.649
105168254	cause.n.01	0.609
113556988	cause.n.01	0.727
121945961	incrimination.n.01	0.733
105168749	cause.n.01	0.802
121945982	incrimination.n.01	0.642
105169501	reason.n.01	0.776
105169563	cause.n.01	0.608
113560812	fault.n.06	0.359
105172921	cause.n.02	0.884
105173023	cause.n.01	0.715
105173414	cause.n.01	0.799
113562366	motivation.n.01	1.0
105174048	cause.n.01	0.718
121952686	cause.n.01	0.487
113567224	imputation.n.02	0.526
113570286	cause.n.01	0.784
105181704	reason.n.01	0.731
113570546	significance.n.02	0.462
105192399	reason.n.01	0.918
121971911	cause.n.01	0.689
121972010	cause.n.01	0.614
105200237	reason.n.01	0.613
105200733	cause.n.01	0.882
121980611	cause.n.01	0.782
121980666	cause.n.01	0.792
121980709	cause.n.01	0.735
121981083	cause.n.01	0.475
105204727	cause.n.01	0.691
105205964	cause.n.02	0.883
105206205	reason.n.01	0.86
105207194	cause.n.01	0.614
105208334	mistake.n.01	0.618
105208572	reason.n.01	0.841
105209329	reason.n.01	0.757
105210160	cause.n.01	0.765
121987490	cause.n.01	0.724
121988371	reason.n.01	0.798
105211981	reason.n.01	0.872
105212593	cause.n.01	0.769
105212731	reason.n.02	0.597
105213181	reason.n.02	0.69
121991261	causal_agent.n.01	0.635
121991696	cause.n.01	0.627
121991774	mistake.n.01	0.511
105214811	reason.n.01	0.871
105214948	mean.n.01	None
121993179	cause.n.01	0.641
121993826	cause.n.01	0.447
121994259	causal_agent.n.01	0.457
105217565	reason.n.02	0.7
113606501	cause.n.02	0.578
105218149	incrimination.n.01	0.748
121997921	cause.n.01	0.45
121997992	cause.n.01	0.61
121998758	causal_agent.n.01	0.426
105222732	reason.n.01	0.936
105223298	motivation.n.01	0.995
122000909	incrimination.n.01	0.616
113613569	cause.n.01	0.663
122002301	causal_agent.n.01	0.457
122002546	reason.n.01	0.493
122002594	cause.n.01	0.491
122002770	causal_agent.n.01	0.512
122003053	cause.n.01	0.488
105226357	incrimination.n.01	0.828
105228002	reason.n.01	0.771
122006545	reason.n.01	0.591
122006679	causal_agent.n.01	0.559
105229934	incrimination.n.01	0.812
122010187	causal_agent.n.01	0.587
122010214	cause.n.01	0.735
113621841	fault.n.06	0.542
105236368	reason.n.01	0.907
105236534	reason.n.01	0.779
105236592	reason.n.01	0.825
105237454	pretension.n.01	0.311
105241957	accusation.n.01	0.704
105256253	reason.n.01	0.781
105257965	reason.n.02	0.549
105258300	cause.n.01	0.842
105258311	cause.n.01	0.535
105259087	cause.n.01	0.891
105260007	reason.n.01	0.879
113656188	incrimination.n.01	0.711
105269157	mistake.n.01	0.785
105278415	incrimination.n.01	0.712
105280365	reason.n.01	0.723
105281976	reason.n.01	0.968
113684672	charge.n.02	0.799
113684717	guilt.n.01	0.502
105303908	cause.n.01	0.743
105303931	cause.n.01	0.644
105305150	reason.n.02	0.55
105305971	reason.n.02	0.444
105307529	reason.n.02	0.544
105311581	reason.n.01	0.478
105317552	reason.n.01	0.522
105321669	reason.n.01	0.765
105322238	cause.n.01	0.646
105324094	cause.n.01	0.854
105324822	reason.n.01	0.881
105326475	reason.n.01	0.908
105327375	reason.n.02	0.671
105329473	reason.n.01	0.751
113721929	charge.n.02	0.878
105333967	reason.n.01	0.604
105334399	reason.n.02	0.651
105334429	cause.n.01	0.615
105334479	cause.n.01	0.692
105336212	reason.n.01	0.555
105337763	reason.n.01	0.714
105337786	cause.n.01	0.609
105339696	reason.n.01	0.849
105349223	reason.n.01	0.57
105355317	reason.n.02	0.581
105355640	reason.n.01	0.971
105359131	reason.n.01	0.951
105365755	reason.n.01	0.727
105372678	significance.n.02	0.526
105373094	cause.n.01	0.79
105373826	reason.n.02	0.74
105381746	cause.n.01	0.834
105384143	reason.n.01	0.662
105395615	cause.n.02	0.448
105396455	reason.n.02	0.755
105396748	causal_agent.n.01	0.466
105399993	cause.n.01	0.882
105400097	cause.n.01	0.759
105400123	pretext.n.01	0.988
105400290	cause.n.01	0.769
105400468	reason.n.01	0.592
105401247	incrimination.n.01	0.769
105402744	reason.n.01	0.798
105409504	crime.n.01	0.612
105415958	reason.n.01	0.99
105418716	fault.n.06	0.844
105420107	cause.n.01	0.825
105421099	reason.n.01	0.484
105422512	reason.n.01	0.837
105424499	reason.n.01	0.588
105427910	reason.n.01	0.963
105438631	cause.n.01	0.699
105439662	grievance.n.03	0.638
105441479	reason.n.01	0.875
105441574	reason.n.01	0.866
105441988	misbehavior.n.01	None
105445283	reason.n.02	0.474
105449759	reason.n.02	0.71
105454204	cause.n.01	0.85
105454259	cause.n.01	0.693
105454309	cause.n.01	0.563
105454408	cause.n.01	0.598
105454589	cause.n.01	0.664
105454787	cause.n.01	0.631
105458720	reason.n.01	0.885
119352248	cause.n.01	0.813
105673920	duty.n.01	0.937
105679466	reason.n.01	0.435
105679878	reason.n.02	0.57
105680141	reason.n.01	0.791
122732658	cause.n.01	0.61
105814226	pretext.n.01	0.99
105823817	reason.n.01	0.824
122612989	reproach.n.02	0.736
122615651	reason.n.02	0.684
122621524	cause.n.01	0.731
122642569	causal_agent.n.01	0.534
122643110	cause.n.01	0.854
122643124	cause.n.01	0.528
122643264	cause.n.01	0.904
122643336	cause.n.01	0.588
122644855	cause.n.01	0.358
122653749	reason.n.01	0.978
122661002	cause.n.01	0.911
122679141	reason.n.02	0.435
122705555	reason.n.01	0.827
122713236	causal_agent.n.01	0.551
122713498	cause.n.01	0.943
122713501	cause.n.01	0.978
122713504	cause.n.01	0.832
122713515	cause.n.01	0.791
122713519	cause.n.01	0.906
122713527	campaign.n.02	0.938
122713534	cause.n.01	0.86
122713659	cause.n.01	0.693
122715314	reason.n.01	0.565
122718422	reason.n.02	0.614
122728873	cause.n.01	0.552
122729032	cause.n.01	0.688
122729156	cause.n.01	0.683
122729194	cause.n.01	0.724
122729358	causality.n.01	None
122729904	cause.n.01	0.676
122730787	cause.n.01	0.776
122732459	cause.n.01	0.839
122732634	cause.n.01	0.504
122732972	cause.n.01	0.741
122734747	reason.n.01	0.949
122734996	cause.n.01	0.565
122736761	condition.n.01	0.899
122754219	juncture.n.01	0.673
122754331	juncture.n.01	0.553
122754436	reason.n.01	0.654
122754499	juncture.n.01	0.655
122754831	juncture.n.01	0.693
122754925	juncture.n.01	0.538
122755023	reason.n.02	0.484
122755126	reason.n.01	0.45
122755235	juncture.n.01	0.734
122755409	juncture.n.01	0.585
122755603	juncture.n.01	0.73
122755728	juncture.n.01	0.675
122756109	juncture.n.01	0.716
122756280	reason.n.01	0.428
122756836	reason.n.01	0.623
122756907	juncture.n.01	0.714
122757323	reason.n.02	0.481
122757519	juncture.n.01	0.705
122757626	juncture.n.01	0.568
122757717	juncture.n.01	0.754
122757916	juncture.n.01	0.607
122758107	juncture.n.01	0.743
122758134	juncture.n.01	0.606
122758216	juncture.n.01	0.531
122758412	reason.n.01	0.45
122758808	juncture.n.01	0.721
122758970	reason.n.01	0.519
122759091	juncture.n.01	0.749
122759483	juncture.n.01	0.718
122759566	juncture.n.01	0.676
122759700	juncture.n.01	0.666
122759919	juncture.n.01	0.639
122760348	juncture.n.01	0.5
122760958	juncture.n.01	0.529
122761251	reason.n.01	0.736
122761519	reason.n.06	0.342
122765865	causal_agent.n.01	0.579
122766840	cause.n.01	0.514
122766903	cause.n.01	0.637
122766916	cause.n.01	0.594
122766924	cause.n.01	0.863
122767029	cause.n.01	0.834
122767060	cause.n.01	0.637
122767069	cause.n.01	0.542
122767151	cause.n.01	0.594
122771712	cause.n.01	0.505
122771741	causal_agent.n.01	0.503
122771869	cause.n.02	0.506
122775230	cause.n.01	0.64
122776874	reason.n.02	0.854
122778817	cause.n.01	0.718
122788777	reason.n.01	0.609
122789533	cause.n.01	0.662
122790992	reason.n.02	0.613
122791326	reason.n.01	0.602
122791354	reason.n.01	0.537
122791451	purpose.n.01	0.711
106110921	cause.n.01	0.701
106112829	cause.n.01	0.596
106112945	cause.n.02	0.478
106113700	cause.n.01	0.741
106115436	cause.n.01	0.637
106115771	cause.n.02	0.66
106116092	reason.n.06	0.364
106116305	cause.n.01	0.798
106116568	cause.n.01	0.705
106116640	reason.n.01	0.717
106117995	explanation.n.01	0.546
106120909	reason.n.01	0.577
106120967	reason.n.01	0.682
106121133	causal_agent.n.01	0.71
106125333	cause.n.01	0.455
106125955	reason.n.01	0.55
106127365	cause.n.02	0.66
106129246	cause.n.01	0.584
106132708	cause.n.01	0.584
106132720	cause.n.01	0.622
106132756	cause.n.01	0.722
106138386	cause.n.01	0.521
106140482	cause.n.01	0.619
106144026	cause.n.01	0.487
106146491	reason.n.01	0.723
106146715	cause.n.02	0.814
106147194	cause.n.01	0.565
106147314	cause.n.02	0.649
106147324	cause.n.02	0.678
114549107	beginning.n.04	0.463
106160568	reason.n.02	0.705
106161387	cause.n.01	0.797
106163642	cause.n.01	0.499
114553120	reason.n.02	0.628
106164871	score.n.05	0.598
106164896	cause.n.01	0.469
106165221	cause.n.01	0.781
114554828	reason.n.01	0.537
114555241	reason.n.01	0.406
114555636	reason.n.02	0.584
114556427	reason.n.02	0.632
106169714	aim.n.02	0.477
106175735	reason.n.01	0.826
106179896	reason.n.01	0.66
106183425	cause.n.01	0.573
106183958	cause.n.01	0.953
106186551	cause.n.01	0.689
106187187	reason.n.02	0.665
106188765	cause.n.01	0.559
106191200	crime.n.01	0.864
106191356	crime.n.01	0.946
106191802	crime.n.01	0.908
106200987	cause.n.01	0.768
106204057	cause.n.01	0.484
106209787	cause.n.01	0.842
106211356	score.n.05	0.71
114602254	cause.n.01	0.612
106215158	cause.n.01	0.505
114603945	reason.n.02	0.564
114604843	cause.n.01	0.833
106216249	cause.n.02	0.454
106227758	reason.n.01	0.487
106230539	reason.n.02	0.575
106239314	reason.n.01	0.822
106241283	cause.n.01	0.5
106241584	cause.n.01	0.66
106244760	causal_agent.n.01	0.8
114634437	censure.n.01	0.884
114634843	cause.n.01	0.554
114634857	duty.n.01	0.688
106249152	cause.n.01	0.681
106250255	cause.n.01	0.557
114640292	cause.n.01	0.502
106253141	cause.n.01	0.679
106255088	cause.n.02	0.657
106255983	incrimination.n.01	0.696
106265584	cause.n.01	0.817
106266482	reason.n.01	0.519
106266682	cause.n.02	0.601
106267344	cause.n.01	0.843
106267517	incrimination.n.01	0.705
106268008	nefariousness.n.01	0.432
114657899	charge.n.02	0.705
106272764	reason.n.01	0.471
106273861	cause.n.01	0.58
106278328	cause.n.01	0.747
123060306	mean.n.01	None
123060381	causal_agent.n.01	0.699
123061642	principle.n.03	0.666
123062599	principle.n.03	0.67
123066817	cause.n.01	0.717
106291258	reason.n.01	0.659
106298746	cause.n.01	0.858
123077037	foundation.n.01	0.674
106301831	cause.n.01	0.51
106301849	cause.n.01	0.623
106301864	cause.n.01	0.623
123085547	reason.n.02	0.606
123085745	hypothesis.n.02	0.538
123086248	cause.n.01	0.785
123088601	cause.n.01	0.884
123088742	cause.n.01	0.83
123089160	cause.n.01	0.804
123089177	cause.n.01	0.671
106312066	reason.n.01	0.773
123089870	cause.n.01	0.876
123089882	cause.n.01	0.897
106313349	cause.n.01	0.646
106313573	cause.n.01	0.554
123091033	explanation.n.01	0.623
123091045	cause.n.01	0.696
123091118	cause.n.01	0.555
123091133	cause.n.01	0.908
106313919	cause.n.01	0.798
123091421	cause.n.01	0.798
123091438	rationality.n.01	0.46
123094201	incrimination.n.01	0.765
106316999	reason.n.01	0.781
106318763	reason.n.01	0.783
123096645	reason.n.03	0.74
123098694	cause.n.01	0.735
123099505	causal_agent.n.01	0.748
123099857	incrimination.n.01	0.688
106322807	cause.n.01	0.764
123100064	reason.n.01	0.665
106322920	cause.n.01	0.679
123100822	cause.n.01	0.823
106325539	cause.n.01	0.786
123103906	explanation.n.01	0.708
123103916	cause.n.01	0.887
106326927	cause.n.01	0.495
106333082	reason.n.01	0.727
123113218	reason.n.02	0.932
123114115	causal_agent.n.01	0.57
123114402	mean.n.01	None
123118673	cause.n.01	0.741
106343445	reason.n.01	0.756
106343881	reason.n.02	0.483
106345785	reason.n.01	0.558
106351578	reason.n.02	0.523
106358720	reason.n.01	0.822
123136120	cause.n.01	0.825
123136219	reason.n.02	0.6
123136226	topic.n.02	0.611
106359881	cause.n.01	0.491
123139965	cause.n.01	0.475
106370420	causal_agent.n.01	0.479
106371769	reason.n.01	0.759
106372569	cause.n.01	0.542
123152425	means.n.01	0.498
123152455	cause.n.02	0.435
106375969	cause.n.01	0.697
106376306	cause.n.01	0.655
106382292	reason.n.01	0.813
106388105	cause.n.01	0.772
106390678	accusation.n.01	0.669
106391148	reason.n.02	0.604
123168881	reason.n.02	0.575
123169295	principle.n.04	0.458
106392506	reason.n.01	0.742
123169846	cause.n.01	0.566
123171473	motivation.n.01	0.998
106394301	reason.n.01	0.654
106394772	score.n.05	0.616
106395231	cause.n.01	0.763
106397768	accusation.n.01	0.722
123176172	cause.n.01	0.815
123177290	reproach.n.01	0.93
123178079	causal_agent.n.01	0.491
106401246	cause.n.01	0.663
106406137	causal_agent.n.01	0.741
106409972	explanation.n.01	0.687
123192120	beginning.n.04	0.637
106420455	score.n.05	0.708
123197702	cause.n.01	0.732
123197731	cause.n.01	0.788
123198188	reason.n.02	0.724
123198292	cause.n.01	0.818
123200802	beginning.n.04	0.789
106424576	reason.n.01	0.73
106428911	reason.n.01	0.793
106428990	reason.n.01	0.763
106429818	cause.n.01	0.603
106430263	reason.n.01	0.676
106431829	reason.n.01	0.904
106432971	reason.n.01	0.53
106435494	cause.n.01	0.848
106437054	cause.n.01	0.646
106437148	cause.n.01	0.83
106437323	cause.n.01	0.747
106445958	cause.n.01	0.478
106446221	cause.n.01	0.747
106446676	cause.n.01	0.544
106446767	cause.n.01	0.629
106452482	reason.n.01	0.815
106452620	reason.n.01	0.809
106453161	score.n.05	0.732
106454428	reason.n.01	0.775
106454872	cause.n.01	0.512
106457089	reason.n.02	0.439
106457399	cause.n.01	0.583
106458641	reason.n.02	0.592
106463022	cause.n.01	0.723
106465147	cause.n.01	0.871
106466707	cause.n.01	0.448
106470481	explanation.n.01	0.669
106475172	reason.n.01	0.72
123254479	cause.n.01	0.678
123254813	reason.n.02	0.568
123254836	cause.n.01	0.762
123254904	cause.n.01	0.612
123255371	cause.n.01	0.664
123255375	cause.n.01	0.664
123255417	cause.n.01	0.514
106480472	reason.n.01	0.686
106481095	reason.n.02	0.639
106482488	discourtesy.n.03	0.507
106483011	reason.n.01	0.79
106487348	accusation.n.01	0.661
106488650	charge.n.02	0.573
106488744	accusation.n.01	0.713
106489660	cause.n.01	0.706
106490087	cause.n.01	0.579
106490329	cause.n.01	0.9
106491312	cause.n.01	0.412
106491679	cause.n.01	0.667
106491830	reason.n.01	0.417
106492005	reason.n.01	0.715
106494480	cause.n.02	0.444
106494680	score.n.05	0.8
106495345	reason.n.01	0.797
106495838	score.n.05	0.823
106497053	score.n.05	0.756
123274585	cause.n.01	0.718
123276648	reason.n.02	0.556
123276676	reason.n.01	0.549
123276815	cause.n.01	0.767
123276830	causing.n.01	None
123278372	reason.n.02	0.371
123278386	cause.n.01	0.843
123278397	cause.n.01	0.895
106501655	reason.n.01	0.878
106503416	reason.n.01	0.85
106503587	reason.n.02	0.564
106503723	reason.n.01	0.86
106505066	cause.n.01	0.566
123282731	causal_agent.n.01	0.608
106505650	reason.n.01	0.8
123283602	fountain.n.04	0.955
106511518	cause.n.02	0.928
106511764	circumstance.n.01	0.67
106518182	causal_agent.n.01	0.643
106520151	cause.n.01	0.655
106524362	explanation.n.01	0.648
106524765	cause.n.01	0.62
106541525	cause.n.01	0.585
123318936	cause.n.01	0.791
123321296	reason.n.01	0.514
106548790	reason.n.01	0.841
123326258	reason.n.01	0.599
106549815	cause.n.01	0.641
106550093	causal_agent.n.01	0.528
106550333	cause.n.02	0.642
123327667	cause.n.01	0.527
123328994	causal_agent.n.01	0.452
106553682	cause.n.01	0.687
106553840	cause.n.01	0.555
106554080	cause.n.01	0.76
106558799	cause.n.01	0.584
123336263	cause.n.01	0.687
106559666	accusation.n.01	0.721
123338492	cause.n.01	0.63
106561589	explanation.n.01	0.452
123339340	reason.n.01	0.708
106566697	cause.n.01	0.797
123344612	cause.n.01	0.936
123345914	cause.n.01	0.444
123345981	cause.n.01	0.791
123346161	cause.n.01	0.702
106571376	impression.n.01	0.891
106571442	reason.n.01	0.633
106572352	pretext.n.01	0.974
106572985	parent.n.02	0.506
106578608	accusation.n.01	0.509
106579590	cause.n.01	0.488
106580015	cause.n.01	0.587
106580528	cause.n.01	0.513
106589361	cause.n.01	0.729
114988599	guilt.n.01	0.805
114989585	cause.n.01	0.743
114992385	cause.n.01	0.608
106734401	reason.n.01	0.838
106747230	reason.n.02	0.376
106749809	charge.n.02	0.694
106750363	reason.n.01	0.637
123529142	preoccupation.n.02	0.52
123529156	explanation.n.03	0.445
106752092	reason.n.02	0.49
123529484	motivation.n.01	0.999
106752524	reason.n.01	0.69
106752633	reason.n.01	0.72
106754621	reason.n.01	0.669
123535448	excuse.n.01	0.951
106758406	reason.n.01	0.832
106761199	reason.n.01	0.573
106761404	reason.n.01	0.462
106762089	cause.n.01	0.726
106762699	causal_agent.n.01	0.5
106763093	reason.n.01	0.681
123541444	cause.n.01	0.557
123541520	cause.n.01	0.811
123542265	cause.n.02	0.635
123542298	cause.n.02	0.773
123542624	cause.n.01	0.702
123542643	cause.n.01	0.811
123542712	reason.n.01	0.86
123543233	cause.n.02	0.51
123543326	cause.n.01	0.771
106766183	cause.n.01	0.694
123543456	cause.n.01	0.486
106766406	reason.n.01	0.714
123544132	reason.n.01	0.831
106767697	cause.n.01	0.59
106767804	cause.n.01	0.743
106767903	cause.n.01	0.828
106768457	reason.n.01	0.511
106768583	cause.n.01	0.746
123546972	cause.n.01	0.453
106771105	cause.n.01	0.636
106771171	reason.n.01	0.876
106771866	reason.n.01	0.898
106772689	reason.n.01	0.589
123549911	cause.n.01	0.54
106772936	cause.n.01	0.744
106773040	cause.n.01	0.672
106773103	reason.n.01	0.565
106773132	cause.n.01	0.62
123550392	cause.n.01	0.615
106773304	reason.n.01	0.818
123551207	cause.n.01	0.899
106774211	reason.n.01	0.745
123552183	cause.n.01	0.822
106775883	reason.n.01	0.722
123553419	cause.n.01	0.803
123553627	cause.n.01	0.782
123553834	argument.n.01	0.93
106777462	reason.n.02	0.691
106779059	reason.n.01	0.946
106780995	cause.n.01	0.481
123559375	incrimination.n.01	0.722
123559536	causal_agent.n.01	0.402
106782643	reason.n.02	0.485
106782949	consequence.n.01	0.897
123560606	cause.n.01	0.548
106788491	duty.n.01	0.735
106789988	reason.n.02	0.655
123567400	cause.n.01	0.726
106793376	cause.n.01	0.879
123575930	cause.n.01	0.681
106800394	reason.n.01	0.599
123578038	cause.n.01	0.773
123581017	cause.n.01	0.616
106805505	reason.n.01	0.806
106807768	reason.n.01	0.744
123586884	cause.n.02	0.594
106810111	duty.n.01	0.96
123591017	causal_agent.n.01	0.692
123591033	cause.n.01	0.447
106816830	reason.n.01	0.968
106818512	reason.n.01	0.703
106826705	reason.n.01	0.741
106832969	cause.n.01	0.528
115233604	cause.n.01	0.679
115234748	cause.n.01	0.735
115235109	cause.n.01	0.913
115235446	cause.n.01	0.843
115235469	cause.n.01	0.748
115235502	cause.n.01	0.87
115235554	cause.n.01	0.875
115236404	cause.n.01	0.884
106848527	reason.n.01	0.847
115240125	reason.n.01	0.902
106852559	reason.n.01	0.848
106853562	reason.n.01	0.569
106854807	reason.n.01	0.624
106855015	reason.n.01	0.804
115243717	cause.n.01	0.608
123632844	cause.n.01	0.507
123632920	cause.n.01	0.765
115244320	cause.n.01	0.558
123632935	cause.n.01	0.818
106856252	cause.n.01	0.612
106857433	reason.n.01	0.607
123635132	causal_agent.n.01	0.5
115248208	cause.n.01	0.695
115248702	cause.n.01	0.707
106860238	duty.n.01	0.6
106860265	reason.n.02	0.57
106860808	cause.n.01	0.867
106862096	reason.n.01	0.517
106863055	cause.n.01	0.872
115252824	cause.n.01	0.764
106864284	reason.n.02	0.59
115253541	cause.n.01	0.695
115254424	cause.n.01	0.897
115254988	cause.n.01	0.899
106866908	reason.n.01	0.531
106867374	cause.n.01	0.721
106868677	reason.n.01	0.893
106869263	cause.n.01	0.538
115258119	influence.n.01	0.519
115261035	cause.n.01	0.807
106873317	reason.n.01	0.669
106875314	cause.n.01	0.816
106876441	cause.n.01	0.584
123654086	beginning.n.04	0.63
115267300	reason.n.01	0.847
106878769	reason.n.01	0.775
106880186	reason.n.01	0.91
106881137	reason.n.01	0.87
106881258	reason.n.01	0.906
106882022	reason.n.01	0.743
106882142	reason.n.01	0.877
106884472	reason.n.02	0.68
115273088	cause.n.01	0.671
106884940	cause.n.01	0.719
106885098	reason.n.01	0.928
115274742	cause.n.01	0.781
115274865	cause.n.01	0.79
115274870	cause.n.01	0.825
106887299	reason.n.02	0.824
106899239	reason.n.01	0.756
106915657	reason.n.01	0.631
106922175	crime.n.01	0.99
106922350	reason.n.01	0.625
106930938	reason.n.02	0.747
106931476	reason.n.01	0.76
115339718	incrimination.n.01	0.782
115342970	accusation.n.01	0.723
115347574	reason.n.01	0.918
115348541	censure.n.01	0.926
115351779	punishment.n.01	0.74
115364824	censure.n.01	0.871
115369167	duty.n.01	0.71
115374562	cause.n.01	0.824
115374640	cause.n.01	0.807
115379895	charge.n.02	0.834
115381080	charge.n.02	0.817
115382083	fault.n.06	0.323
115394678	cause.n.01	0.517
115396865	incrimination.n.01	0.618
115402248	incrimination.n.01	0.602
107021799	cause.n.01	0.72
115413281	censure.n.01	0.898
115417935	prohibition.n.02	0.527
115418923	cause.n.01	0.612
115419014	incrimination.n.01	0.72
115420847	reason.n.01	0.775
115430045	cause.n.01	0.671
115435298	incrimination.n.01	0.737
115435330	incrimination.n.01	0.754
115438684	motivation.n.01	0.998
115446757	incrimination.n.01	0.825
115447912	cause.n.02	0.465
107059596	reason.n.01	0.901
107060290	reason.n.01	0.957
115449104	incrimination.n.01	0.682
107060824	cause.n.01	0.841
107061770	reason.n.01	0.932
115450830	reason.n.01	0.854
115454061	campaign.n.02	0.377
107065641	reason.n.02	0.677
107071081	reason.n.01	0.807
107071899	reason.n.01	0.692
115460783	duty.n.01	0.974
107074651	charge.n.02	0.744
107075317	reason.n.01	0.535
107075506	reason.n.01	0.598
115467484	duty.n.01	0.73
107083184	reason.n.02	0.535
107091081	reason.n.01	0.808
107093716	cause.n.01	0.843
115482994	blame.n.02	0.502
107097801	reason.n.01	0.725
115489763	charge.n.02	0.771
115490179	cause.n.02	0.632
115490545	reason.n.01	0.774
115490920	reproach.n.01	0.779
107103530	occasion.n.03	0.555
107104038	charge.n.02	0.848
107105022	reason.n.01	0.848
107105137	reason.n.01	0.913
107107629	cause.n.01	0.834
107108779	cause.n.01	0.768
107109549	reason.n.01	0.678
107110210	crime.n.01	0.958
107112698	incrimination.n.01	0.753
107113354	cause.n.01	0.746
107114190	reason.n.01	0.921
107114281	reason.n.01	0.785
107114665	reason.n.01	0.823
107115803	reason.n.01	0.619
115504648	reason.n.01	0.874
107116798	censure.n.01	0.896
107121097	incrimination.n.01	0.753
107121588	reason.n.01	0.768
107127135	reason.n.01	0.844
107127587	cause.n.01	0.803
115516952	crime.n.01	0.694
107128763	reason.n.01	0.907
107130889	reason.n.01	0.854
107131644	reason.n.01	0.701
107132200	reason.n.01	0.688
115521447	imputation.n.01	0.57
123910231	cause.n.02	0.506
115528962	repute.n.01	0.499
107140437	generator.n.03	0.978
107141354	reason.n.01	0.901
115531423	reason.n.01	0.772
115534173	incrimination.n.01	0.705
115535706	excuse.n.01	0.656
115536197	reason.n.01	0.9
107151973	reason.n.01	0.912
115541914	excuse.n.01	0.816
107154363	reason.n.01	0.838
107154615	reason.n.01	0.799
107155105	crime.n.01	0.985
107156123	cause.n.01	0.711
107158251	cause.n.01	0.879
107162966	cause.n.01	0.803
107163352	reason.n.01	0.923
115558926	circumstance.n.01	0.552
115559664	reason.n.01	0.554
115562433	reason.n.01	0.847
107177302	reason.n.01	0.758
115566509	cause.n.02	0.778
115566866	cause.n.01	0.68
115569403	reason.n.01	0.551
115572667	acquittal.n.01	None
107185489	cause.n.01	0.788
107198222	charge.n.02	0.744
115588065	reason.n.02	0.745
115593315	reason.n.01	0.577
115593383	cause.n.01	0.724
107207060	reason.n.01	0.811
115596128	reason.n.01	0.746
107210563	cause.n.01	0.595
107210939	cause.n.02	0.914
107212016	aggravation.n.02	0.581
115605755	reason.n.01	0.651
107218787	cause.n.01	0.77
107218812	cause.n.01	0.652
107219884	reason.n.01	0.859
115609548	reason.n.01	0.614
115610331	reason.n.01	0.784
115610887	cause.n.01	0.851
115612546	reason.n.01	0.708
107227398	reason.n.01	0.768
107227607	reason.n.01	0.911
115619078	reason.n.01	0.82
107232178	cause.n.01	0.494
115621280	incrimination.n.01	0.697
107240658	charge.n.02	0.938
107241952	charge.n.02	0.778
107241973	charge.n.02	0.578
107241982	detail.n.01	0.834
107243527	accusation.n.01	0.753
107245166	cause.n.01	0.837
107245222	cause.n.01	0.522
107245280	reason.n.01	0.913
107246137	cause.n.01	0.671
107246661	reason.n.01	0.539
107249588	reason.n.01	0.823
107250560	cause.n.02	0.958
115642228	reason.n.01	0.618
107255531	motivation.n.01	0.998
107255938	accusation.n.01	0.709
107256209	charge.n.02	0.73
107257576	duty.n.01	0.544
115646249	reason.n.01	0.71
107258147	causal_agent.n.01	0.579
107259343	accusation.n.01	0.513
107261946	cause.n.02	0.861
107262319	cause.n.01	0.464
115654448	reason.n.02	0.594
107267367	reason.n.01	0.891
107269339	causal_agent.n.01	0.469
107274789	reason.n.01	0.766
107276310	mistake.n.01	0.389
115668648	reason.n.01	0.842
107282960	reason.n.01	0.836
107283542	motivation.n.01	0.998
107289009	reason.n.01	0.885
115679664	cause.n.01	0.684
107292874	cause.n.02	0.65
107294443	charge.n.02	0.567
115683347	reason.n.02	0.849
107296049	excuse.n.01	0.98
107296088	reason.n.01	0.959
107296150	reason.n.01	0.798
107296247	charge.n.02	0.919
107296463	incident.n.01	0.923
115686239	cause.n.02	0.496
107298774	beginning.n.04	0.607
115688622	incrimination.n.01	0.713
115691907	reason.n.01	0.669
107304727	reason.n.01	0.651
115693353	reason.n.02	0.567
115695753	causal_agent.n.01	0.552
115696419	reason.n.02	0.616
124701158	accusation.n.01	0.664
115699435	score.n.05	0.695
115700162	accusation.n.01	0.658
107311598	cause.n.01	0.712
115700206	accusation.n.01	0.719
107313395	charge.n.02	0.722
115704499	reason.n.01	0.779
115705630	reason.n.01	0.829
115706145	reason.n.01	0.816
107319362	beginning.n.04	0.52
115712418	reason.n.02	0.509
107325265	reason.n.01	0.701
107332088	motivation.n.01	0.999
107332195	cause.n.01	0.834
107332465	reason.n.01	0.921
107332530	cause.n.01	0.754
107332612	accusation.n.01	0.66
107334597	cause.n.01	0.88
107335559	reason.n.01	0.885
107335581	reason.n.02	0.399
107336296	cause.n.01	0.492
115726872	reason.n.01	0.812
107341809	reason.n.01	0.754
107342763	reason.n.01	0.729
115732261	cause.n.01	0.569
107343746	reason.n.01	0.793
107348421	charge.n.02	0.747
107350999	reason.n.01	0.722
107351119	reason.n.01	0.901
115739865	reason.n.01	0.716
107355582	cause.n.01	0.872
115744807	reason.n.01	0.828
107357582	charge.n.02	0.832
107358469	reason.n.02	0.536
107363512	reason.n.01	0.933
107365561	cause.n.01	0.819
115754632	reason.n.01	0.64
107372744	cause.n.01	0.596
115771003	reason.n.01	0.722
115776046	reason.n.01	0.499
115784589	reason.n.02	0.596
115790446	cause.n.01	0.631
115791962	reason.n.01	0.581
115796178	reason.n.01	0.441
115797548	reason.n.01	0.906
115797639	reason.n.01	0.841
115798632	reason.n.01	0.474
115798784	cause.n.02	0.73
115799536	cause.n.01	0.606
115799930	juncture.n.01	0.64
115802619	cause.n.01	0.487
115803710	occasion.n.03	0.661
115803998	occasion.n.04	0.466
115805439	cause.n.02	0.546
115805859	score.n.05	0.755
115806445	reason.n.01	0.494
115811535	occasion.n.03	0.367
115811567	juncture.n.01	0.623
115811615	juncture.n.01	0.457
115814161	juncture.n.01	0.702
115814469	causal_agent.n.01	0.624
115815291	cause.n.01	0.459
107426694	reason.n.01	0.885
107427341	cause.n.01	0.827
115816674	cause.n.01	0.787
115816927	cause.n.01	0.773
115818280	reason.n.01	0.749
115818727	accusation.n.01	0.656
107430512	reason.n.01	0.874
115819975	reason.n.01	0.608
115820827	opportunity.n.01	None
115821070	cause.n.01	0.665
115823378	score.n.05	0.583
115823554	juncture.n.01	0.782
115827576	incrimination.n.01	0.736
115828043	cause.n.01	0.664
115828413	cause.n.01	0.623
115828473	score.n.05	0.756
115830970	incrimination.n.01	0.682
115836087	mean.n.01	None
115837070	occasion.n.03	0.473
115841427	juncture.n.01	0.661
107453342	cause.n.02	0.497
107453352	cause.n.01	0.603
115842521	cause.n.01	0.61
115842761	explanation.n.01	0.442
107454686	cause.n.01	0.857
115843317	score.n.05	0.626
115843424	score.n.05	0.58
115845828	score.n.05	0.663
115846192	cause.n.01	0.766
115846934	care.n.04	0.597
107458775	reason.n.01	0.932
107459360	reason.n.01	0.97
115848448	juncture.n.01	0.443
115850512	occasion.n.03	0.527
115850725	score.n.05	0.787
115851738	accident.n.02	0.595
107463427	cause.n.01	0.664
115852897	juncture.n.01	0.834
115853087	cause.n.01	0.748
107465139	reason.n.02	0.712
115854166	beginning.n.04	0.648
115855052	occasion.n.03	0.607
115855782	accusation.n.01	0.678
115857272	occasion.n.03	0.572
115857360	reason.n.01	0.888
115857542	cause.n.02	0.685
115857693	reason.n.01	0.759
107470760	reason.n.01	0.56
115860184	motivation.n.01	0.998
115865847	reason.n.01	0.9
115866220	occasion.n.03	0.453
107477631	component.n.01	0.553
115867231	juncture.n.01	0.611
107478645	cause.n.01	0.777
115867501	reason.n.01	0.859
115868962	occasion.n.04	0.509
115874312	cause.n.01	0.568
115874784	cause.n.01	0.574
115877678	cause.n.01	0.507
115877717	causal_agent.n.01	0.711
115877906	causal_agent.n.01	0.512
115880652	reason.n.01	0.812
115881362	cause.n.01	0.834
107494644	cause.n.01	0.737
107494723	cause.n.01	0.791
107494734	cause.n.01	0.791
107495076	cause.n.01	0.796
115883781	cause.n.02	0.779
107496724	motivation.n.01	0.999
115885628	occasion.n.03	0.632
115888192	cause.n.01	0.759
115890201	cause.n.01	0.628
115891438	accusation.n.01	0.574
115893571	juncture.n.01	0.855
115895709	occasion.n.05	0.651
115898329	juncture.n.01	0.459
115905733	reason.n.02	0.525
115905988	occasion.n.04	0.484
115906103	cause.n.01	0.644
115906806	cause.n.02	0.886
115907430	reason.n.01	0.764
115912420	cause.n.01	0.439
115912882	cause.n.01	0.654
107525134	cause.n.01	0.851
115914470	cause.n.01	0.769
107526853	juncture.n.01	0.851
115917766	juncture.n.01	0.497
115918633	cause.n.01	0.705
115924844	occasion.n.03	0.558
107536435	reason.n.02	0.61
107539839	incrimination.n.01	0.715
107541408	cause.n.01	0.863
107541656	cause.n.01	0.569
107542055	cause.n.01	0.69
107542335	cause.n.01	0.703
107543848	cause.n.01	0.674
107544353	reason.n.01	0.684
107544654	cause.n.01	0.796
107552452	reason.n.01	0.677
115941111	reason.n.02	0.602
115941363	score.n.05	0.64
115943932	explanation.n.01	0.556
115944763	occasion.n.03	0.615
107558043	charge.n.02	0.653
107561983	cause.n.01	0.882
107564759	motivation.n.01	0.998
115955373	juncture.n.01	0.673
115959416	reason.n.01	0.711
107571258	reason.n.02	0.491
107574934	reason.n.01	0.78
115963667	explanation.n.01	0.56
115964596	juncture.n.01	0.626
115965938	juncture.n.01	0.655
115966440	handle.n.01	None
115970356	cause.n.02	0.598
115971667	occasion.n.03	0.607
107583835	cause.n.01	0.562
115973076	complaint.n.03	0.634
107585876	cause.n.01	0.77
107588911	cause.n.01	0.732
115977722	occasion.n.03	0.449
115978034	occasion.n.03	0.669
107589756	cause.n.01	0.483
115981059	history.n.02	0.518
115984870	juncture.n.01	0.689
115987832	occasion.n.03	0.456
115990945	occasion.n.04	0.471
115991766	reason.n.01	0.622
115994113	accusation.n.01	0.701
115994252	accusation.n.01	0.7
115998317	cause.n.01	0.75
107614496	guilt.n.01	0.98
116003858	score.n.05	0.576
107618613	cause.n.01	0.745
107619057	cause.n.02	0.632
107622326	event.n.01	0.794
116011909	campaign.n.02	0.41
116014167	cause.n.02	0.639
116021758	reason.n.01	0.951
107634079	reason.n.01	0.51
107634792	cause.n.01	0.924
116027896	accusation.n.01	0.749
116028725	reason.n.01	0.933
116031739	occasion.n.04	0.59
116036054	reason.n.01	0.855
116043568	accusation.n.01	0.714
116044433	occasion.n.03	0.524
116045306	cause.n.02	0.65
116047969	motivation.n.01	0.997
116048171	occasion.n.05	0.462
116049064	foundation.n.01	0.811
116051464	juncture.n.01	0.776
116051491	juncture.n.01	0.573
116052973	passion.n.01	0.504
116055884	juncture.n.01	0.446
116056218	crime.n.01	0.977
116056774	reason.n.01	0.797
107669040	crime.n.01	0.948
116063207	accusation.n.01	0.525
116063696	cause.n.02	0.601
116064258	accusation.n.01	0.769
116066122	cause.n.01	0.8
116066654	cause.n.01	0.636
116066700	accusation.n.01	0.632
116068345	occasion.n.03	0.414
107679783	cause.n.01	0.733
116070110	juncture.n.01	0.458
107682829	reason.n.01	0.566
116073810	crime.n.01	0.961
116074984	accusation.n.01	0.826
116075214	incrimination.n.01	0.656
116077618	occasion.n.03	0.419
116078330	occasion.n.03	0.565
116081953	testimony.n.02	0.442
107695305	score.n.05	0.819
116084687	score.n.05	0.569
124475328	cause.n.01	0.75
124476197	cause.n.01	0.424
116088930	accusation.n.01	0.729
116089041	score.n.05	0.982
116089117	crime.n.01	0.974
116089495	pretension.n.01	0.578
116090712	reason.n.01	0.76
107703600	reason.n.01	0.572
116093304	juncture.n.01	0.48
124482345	cause.n.01	0.678
124482386	cause.n.01	0.661
124483196	criticism.n.01	0.953
107705983	reason.n.01	0.878
116095070	occasion.n.03	0.61
107707042	reason.n.01	0.81
116096493	score.n.05	0.927
107709172	cause.n.01	0.632
116098329	juncture.n.01	0.444
116099146	reason.n.01	0.544
107713027	reason.n.01	0.867
107716657	juncture.n.01	0.884
116105836	juncture.n.01	0.616
116106644	reason.n.01	0.505
116107186	juncture.n.01	0.809
116107347	juncture.n.01	0.542
116107686	cause.n.01	0.651
116108586	reason.n.02	0.59
116108716	explanation.n.01	0.418
116110598	cause.n.01	0.636
116110747	cause.n.01	0.663
116112317	foundation.n.01	0.649
116116987	cause.n.01	0.685
116117851	occasion.n.03	0.678
116121114	campaign.n.02	0.488
116122109	handle.n.01	None
107735561	reason.n.01	0.611
116124229	reason.n.01	0.706
116124569	juncture.n.01	0.445
116125710	occasion.n.03	0.551
116126916	inquiry.n.01	0.522
116127933	occasion.n.03	0.639
116128361	occasion.n.04	0.54
116129259	juncture.n.01	0.591
116130989	occasion.n.03	0.496
107743128	custom.n.02	0.764
116134689	juncture.n.01	0.595
116134710	juncture.n.01	0.844
107746396	mistake.n.01	0.433
116135169	occasion.n.03	0.545
116135502	juncture.n.01	0.629
116136040	reason.n.01	0.57
116136266	occasion.n.03	0.55
116136490	accusation.n.01	0.723
116139415	juncture.n.01	0.712
116141525	juncture.n.01	0.493
107753602	cause.n.01	0.833
116142294	reason.n.01	0.719
124533999	cause.n.02	0.941
124537565	accusation.n.01	0.713
107760518	reason.n.02	0.517
124537826	cause.n.01	0.789
116149753	juncture.n.01	0.652
116150093	juncture.n.01	0.744
116151996	reason.n.01	0.567
124541243	cause.n.02	0.93
116152670	juncture.n.01	0.534
116152854	occasion.n.03	0.529
116154680	reason.n.01	0.756
124544318	cause.n.02	0.878
124544394	cause.n.01	0.803
124544703	cause.n.01	0.509
107771234	reason.n.02	0.383
124548542	reason.n.01	0.711
116160371	reason.n.01	0.957
116162097	juncture.n.01	0.785
124552457	reason.n.02	0.557
116163914	reason.n.01	0.512
124553304	reason.n.01	0.783
124553642	cause.n.02	0.624
116165639	score.n.05	0.497
124558020	cause.n.02	0.682
107782847	reason.n.02	0.583
107782902	reason.n.01	0.519
124560205	incrimination.n.01	0.637
124560745	cause.n.02	0.771
124561483	cause.n.01	0.811
124561682	accusation.n.01	0.708
124561706	charge.n.02	0.585
124561765	incrimination.n.01	0.747
116173514	score.n.05	0.722
107788076	cause.n.01	0.678
107788630	cause.n.01	0.764
107788785	cause.n.01	0.649
124566771	incrimination.n.01	0.689
124567444	cause.n.02	0.508
107790364	reason.n.01	0.513
124567894	cause.n.02	0.688
124567968	charge.n.02	0.744
124568421	reason.n.01	0.834
124569812	reason.n.01	0.578
124572292	reason.n.01	0.695
124573285	cause.n.01	0.493
116185271	cause.n.01	0.527
107796988	reason.n.02	0.687
107800164	cause.n.01	0.714
107800399	fault.n.06	0.484
124579616	cause.n.01	0.861
124580868	cause.n.01	0.662
116193674	juncture.n.01	0.468
107806253	pretext.n.01	0.986
116198904	incrimination.n.01	0.708
116199339	cause.n.01	0.499
116202786	cause.n.01	0.696
116203050	generator.n.03	0.98
116204435	occasion.n.03	0.492
116204776	accusation.n.01	0.704
124594281	reason.n.01	0.644
124594879	cause.n.02	0.522
124595633	cause.n.02	0.46
124596098	reason.n.02	0.57
124596846	charge.n.02	0.723
124597107	cause.n.02	0.87
116208794	reason.n.01	0.942
116210687	discourtesy.n.03	0.853
116211190	accusation.n.01	0.717
107825025	cause.n.01	0.787
124603652	accusation.n.02	0.508
124603898	guilt.n.01	0.962
107827806	reason.n.02	0.576
124605728	incrimination.n.01	0.688
116219132	occasion.n.03	0.427
116220596	errand.n.01	None
116221340	cause.n.02	0.465
107833782	reason.n.01	0.655
116223291	juncture.n.01	0.669
107835075	cause.n.01	0.743
124612715	cause.n.01	0.535
107836564	reason.n.01	0.871
116225239	occasion.n.05	0.381
107838298	reason.n.02	0.631
107840398	reason.n.02	0.54
116229169	incrimination.n.01	0.83
124618706	defect.n.03	0.452
124619956	pretext.n.01	0.98
116231743	reason.n.01	0.617
124621237	reason.n.01	0.658
116235455	explanation.n.01	0.678
124627717	cause.n.01	0.643
124629371	mistake.n.01	0.456
124630413	charge.n.02	0.855
124630984	accusation.n.01	0.7
124634019	guilt.n.01	0.791
124642770	reason.n.01	0.905
116256164	charge.n.02	0.815
124644984	cause.n.02	0.693
116259368	accusation.n.01	0.628
124648511	incrimination.n.01	0.701
116260162	cause.n.01	0.533
124653703	cause.n.02	0.491
124660341	reason.n.01	0.611
124666550	praise.n.01	0.982
124667980	charge.n.02	0.722
124670874	incrimination.n.01	0.719
116283721	juncture.n.01	0.567
124679934	reason.n.01	0.628
124680451	pretext.n.01	0.971
124685766	cause.n.02	0.778
124685783	charge.n.02	0.468
124685930	cause.n.01	0.606
124686204	reason.n.01	0.647
124686491	reason.n.01	0.888
124686521	reason.n.01	0.827
124687756	cause.n.01	0.614
116301637	accusation.n.01	0.683
124691783	cause.n.02	0.682
124692665	charge.n.02	0.655
116306808	juncture.n.01	0.564
116307425	accusation.n.01	0.712
124697763	incrimination.n.01	0.737
116309469	juncture.n.01	0.737
116310919	causal_agent.n.01	0.676
116311292	occasion.n.03	0.642
116311317	causal_agent.n.01	0.785
116313158	juncture.n.01	0.407
124702442	cause.n.01	0.618
116313933	accusation.n.01	0.717
124704454	reason.n.01	0.53
124709247	charge.n.02	0.769
124709365	incrimination.n.01	0.675
124710013	charge.n.02	0.764
124710747	duty.n.01	0.82
124711911	cause.n.02	0.703
124717229	reason.n.01	0.989
124722540	cause.n.01	0.784
124726139	incrimination.n.01	0.731
124726439	duty.n.01	0.861
124731071	cause.n.01	0.828
124732934	incrimination.n.01	0.732
124735056	campaign.n.02	0.498
124735646	reason.n.01	0.801
124735691	accusation.n.01	0.762
124737289	reason.n.01	0.713
124740084	reason.n.01	0.593
124747331	cause.n.01	0.753
124752331	reason.n.02	0.602
124757093	reason.n.01	0.866
124761138	cause.n.01	0.616
124762808	cause.n.01	0.898
124763501	cause.n.02	0.387
124771647	reason.n.01	0.789
124777362	reason.n.01	0.727
124778800	cause.n.01	0.566
124779956	cause.n.01	0.755
108020400	cause.n.01	0.578
108083570	cause.n.01	0.722
108090778	cause.n.01	0.342
108093932	cause.n.01	0.465
108098811	cause.n.02	0.702
124910280	cause.n.01	0.806
124910852	cause.n.01	0.584
124910933	cause.n.01	0.828
124911524	cause.n.01	0.792
124914556	reason.n.02	0.806
124914618	purpose.n.01	0.504
124915717	influence.n.02	0.383
124916116	reason.n.01	0.559
124917700	cause.n.01	0.868
124918162	reason.n.02	0.623
124918361	reason.n.01	0.503
124920003	cause.n.01	0.662
124921503	reason.n.01	0.842
116545006	reason.n.01	0.894
116546382	cause.n.01	0.777
116546472	cause.n.01	0.708
116546560	cause.n.02	0.557
116546591	cause.n.01	0.633
116546623	cause.n.01	0.46
116546866	cause.n.01	0.678
108173133	commission.n.06	0.468
116572260	cause.n.01	0.519
116572796	cause.n.01	0.759
116572813	cause.n.01	0.534
116572835	cause.n.01	0.902
116572876	cause.n.01	0.744
116572911	cause.n.02	0.763
116572923	cause.n.01	0.609
116572932	cause.n.02	0.761
116573186	cause.n.01	0.64
116573195	cause.n.01	0.727
116573221	cause.n.01	0.761
116573251	cause.n.02	0.828
116573276	cause.n.02	0.584
116573281	cause.n.02	0.584
116573295	cause.n.01	0.894
108188071	cause.n.01	0.712
116577211	cause.n.01	0.833
116577223	cause.n.01	0.803
116577227	cause.n.01	0.824
108189360	cause.n.01	0.746
108189860	cause.n.01	0.614
116593198	cause.n.01	0.689
108351770	cause.n.01	0.57
116773319	reason.n.01	0.649
116773796	cause.n.01	0.599
108386639	reason.n.01	0.73
108387524	reason.n.02	0.875
108387565	reason.n.02	0.605
108387808	reason.n.02	0.867
108388164	reason.n.02	0.728
108388480	cause.n.01	0.816
108388512	reason.n.01	0.828
108388897	reason.n.02	0.686
108396827	crime.n.01	0.96
116786663	reason.n.02	0.512
108399287	event.n.01	0.813
108399619	reason.n.01	0.818
116788341	reason.n.02	0.497
108400000	reason.n.02	0.643
108402625	crime.n.01	0.974
116793407	reason.n.02	0.799
116793630	reason.n.01	0.855
116794348	blame.n.02	0.507
116794370	mistake.n.01	0.492
116796982	cause.n.01	0.527
116804546	reason.n.02	0.645
116807492	reason.n.02	0.823
116807880	reason.n.02	0.509
116811445	cause.n.01	0.791
116824878	reason.n.02	0.527
116826438	cause.n.01	0.801
116831590	cause.n.01	0.876
116831676	reason.n.01	0.687
116834630	reason.n.01	0.736
116835402	reason.n.02	0.58
116835539	reason.n.01	0.533
116837153	reason.n.02	0.707
116837566	reason.n.01	0.576
116838110	agency.n.03	0.736
116842401	reason.n.02	0.713
116844022	pretext.n.01	0.956
116847080	cause.n.01	0.731
116847434	cause.n.01	0.681
116854029	reason.n.02	0.589
116855866	bad_luck.n.02	0.639
116862851	reason.n.01	0.497
116865074	reason.n.02	0.822
116876453	reason.n.01	0.517
116883161	reason.n.02	0.56
116886236	cause.n.01	0.534
116888882	cause.n.01	0.591
116889827	reason.n.01	0.957
116907952	cause.n.01	0.701
116910645	reason.n.01	0.504
116910660	reason.n.01	0.967
116911226	crime.n.01	0.876
116912490	cause.n.01	0.916
116913768	reason.n.01	0.855
116916054	reason.n.01	0.523
116925080	argument.n.01	0.919
116925207	causal_agent.n.01	0.749
108537868	reason.n.01	0.761
108538011	occasion.n.03	0.529
116927167	reason.n.01	0.742
108538972	reason.n.01	0.608
108542544	reason.n.01	0.593
108544317	reason.n.01	0.629
108545175	reason.n.01	0.542
108545270	explanation.n.01	0.754
108547349	accusation.n.01	0.665
108548017	juncture.n.01	0.728
108548910	aggravation.n.02	0.69
108549363	reason.n.01	0.854
108551543	generator.n.03	0.989
108555872	reason.n.01	0.516
108556026	reason.n.01	0.567
116949094	reason.n.02	0.697
116954896	cause.n.01	0.594
116955273	reason.n.01	0.755
108575105	condemnation.n.04	0.845
116964301	reason.n.01	0.772
116975993	reason.n.01	0.834
108596852	cause.n.01	0.75
108597772	cause.n.01	0.745
108599037	grievance.n.03	0.502
116988025	causal_agent.n.01	0.449
108600326	charge.n.02	0.876
108601542	reason.n.01	0.891
108607610	reason.n.02	0.599
108608148	charge.n.02	0.847
108610751	cause.n.01	0.86
108610925	cause.n.01	0.852
108610963	cause.n.01	0.784
108611869	reason.n.02	0.519
117001580	incrimination.n.01	0.738
117001781	reason.n.01	0.821
108617836	reason.n.01	0.872
108618080	incrimination.n.01	0.8
108618187	charge.n.02	0.669
108618640	reason.n.01	0.86
117010033	incrimination.n.01	0.763
117013722	reason.n.01	0.929
108627341	cause.n.01	0.785
108632387	reason.n.02	0.624
108635385	charge.n.02	0.767
117024300	cause.n.01	0.617
108638104	disapprobation.n.01	0.849
108641581	causal_agent.n.01	0.559
108644444	cause.n.01	0.587
117033067	cause.n.01	0.764
108645851	denunciation.n.01	None
108648204	reason.n.01	0.844
117039000	incrimination.n.01	0.754
108651071	incrimination.n.01	0.665
117040360	cause.n.01	0.846
108652527	motivation.n.01	0.999
108653059	excuse.n.01	0.961
108656997	cause.n.01	0.689
108657903	motivation.n.01	0.998
108663012	complaint.n.03	0.771
117056396	cause.n.01	0.351
108669866	duty.n.01	0.713
108670723	reason.n.01	0.769
117062725	cause.n.02	0.933
108674738	recognition.n.03	0.721
108675181	reason.n.02	0.597
108676224	reason.n.01	0.603
117068843	crime.n.01	0.968
108682005	juncture.n.01	0.38
117073384	incrimination.n.01	0.831
108686143	charge.n.02	0.824
108686728	reason.n.01	0.834
117075915	event.n.01	0.633
108691424	incrimination.n.01	0.758
117081562	cause.n.02	0.642
108694111	charge.n.02	0.89
108698396	reason.n.01	0.887
100313018	cause.n.01	0.866
100313069	cause.n.01	0.769
100315971	incrimination.n.01	0.672
108704820	accusation.n.01	0.784
100318354	cause.n.02	0.68
100319751	quarrel.n.01	0.999
100320464	expostulation.n.01	0.596
100320469	expostulation.n.01	0.562
108709091	reason.n.01	0.835
108710947	reason.n.01	0.876
100325547	cause.n.01	0.869
117104157	motivation.n.01	0.999
100332961	scruple.n.02	0.63
100334182	quarrel.n.01	0.999
117112266	reason.n.01	0.881
100337926	cause.n.01	0.547
108726752	reason.n.01	0.975
108727928	reason.n.01	0.863
117122203	reason.n.02	0.547
117124282	cause.n.01	0.798
108743670	charge.n.02	0.694
108745077	juncture.n.01	0.646
100356752	cause.n.01	0.555
100357059	imputation.n.02	0.582
100361394	fault.n.06	0.505
100363073	fault.n.06	0.799
100364101	occasion.n.05	0.458
108753276	grievance.n.03	0.473
100368803	practice.n.01	0.969
117148754	cause.n.01	0.506
108761633	reason.n.01	0.958
108762256	reason.n.02	0.596
117151078	reason.n.02	0.47
108763916	reason.n.01	0.593
108764778	campaign.n.02	0.944
108766565	duty.n.01	0.913
108766609	reason.n.01	0.548
108767499	reason.n.01	0.993
117160891	reprobation.n.02	0.878
100386583	cause.n.01	0.509
100390143	cause.n.02	0.718
100390322	excuse.n.01	0.975
117170556	cause.n.02	0.556
108782227	reason.n.01	0.857
117171851	reason.n.01	0.703
108785560	charge.n.02	0.482
108785736	charge.n.02	0.596
117176682	reason.n.01	0.892
100399609	crime.n.01	0.942
117178718	reason.n.01	0.496
108793775	incrimination.n.01	0.772
117182676	reason.n.01	0.776
108798631	reason.n.01	0.765
100410045	pretense.n.01	0.38
100411752	accusation.n.01	0.601
108802155	incrimination.n.01	0.761
100413750	shame.n.02	None
108804447	incrimination.n.01	0.744
108804800	incrimination.n.01	0.748
108805654	juncture.n.01	0.839
108805738	accusation.n.01	0.593
108805845	complaint.n.03	0.881
108808215	incrimination.n.01	0.7
100420263	crime.n.01	0.968
108810671	cause.n.01	0.785
108812879	charge.n.02	0.892
117203013	reason.n.01	0.943
117204126	reason.n.01	0.614
108818351	causal_agent.n.01	0.508
100432847	causal_agent.n.01	0.645
108824374	charge.n.02	0.726
100438099	cause.n.02	0.957
108828119	cause.n.02	0.871
108830871	accusation.n.01	0.688
117220358	cause.n.02	0.965
117221050	cause.n.01	0.697
117221117	cause.n.01	0.437
100447978	crime.n.01	0.979
117225807	cause.n.01	0.535
117227818	reason.n.01	0.844
108840800	reason.n.01	0.737
108841648	reason.n.02	0.551
117232527	reason.n.01	0.766
100456439	cause.n.01	0.558
108846728	accusation.n.02	0.556
108852054	reason.n.01	0.779
108853011	accusation.n.01	0.55
108863941	report.n.03	0.728
108863965	reason.n.01	0.734
108865040	reason.n.01	0.936
108870856	charge.n.02	0.75
108876793	cause.n.01	0.505
108878274	reason.n.01	0.938
108878735	incrimination.n.01	0.759
108879416	charge.n.02	0.812
108891255	cause.n.01	0.81
108892447	cause.n.01	0.48
108901451	reason.n.01	0.541
100514711	doom.n.01	None
108904576	reason.n.01	0.965
100520949	cause.n.02	0.891
108912256	reason.n.01	0.638
108912312	accusation.n.02	0.58
108913575	cause.n.01	0.767
100525969	cause.n.02	0.84
108921227	charge.n.02	0.872
100535199	reason.n.01	0.667
108923878	reason.n.01	0.823
117312996	cause.n.01	0.725
117313791	cause.n.01	0.535
117313861	reason.n.01	0.725
108926493	reason.n.02	0.519
108927677	cause.n.01	0.516
117316494	reason.n.01	0.882
100540372	causal_agent.n.01	0.62
117319628	causal_agent.n.01	0.696
117320601	reason.n.01	0.679
117329128	causal_agent.n.01	0.581
117329830	reason.n.01	0.787
117332337	causal_agent.n.01	0.664
117334370	beginning.n.04	0.474
117334808	reason.n.01	0.751
117337010	causal_agent.n.01	0.675
117337151	reason.n.01	0.698
117339155	reason.n.01	0.602
108950780	reason.n.01	0.512
100564767	incrimination.n.01	0.685
117343749	incrimination.n.01	0.742
100567378	incrimination.n.01	0.695
108959020	accusation.n.01	0.662
108961922	occasion.n.03	0.473
108963295	duty.n.01	0.759
117352720	reason.n.01	0.913
100575568	causal_agent.n.01	0.669
108968334	charge.n.02	0.889
108968686	reason.n.01	0.558
108968864	reason.n.01	0.954
108969051	reason.n.01	0.949
117358249	reason.n.01	0.619
117358644	reason.n.01	0.864
100582675	causal_agent.n.01	0.671
108971434	incrimination.n.01	0.769
108971469	incrimination.n.01	0.7
100583190	incrimination.n.01	0.592
108972364	charge.n.02	0.766
100589946	reason.n.01	0.947
108979362	charge.n.02	0.517
100590812	reason.n.01	0.562
100591622	reason.n.01	0.687
108981938	reason.n.01	0.785
108983222	charge.n.02	0.502
108983649	reason.n.01	0.679
108984794	censure.n.01	0.843
100597161	cause.n.02	0.886
108987525	incrimination.n.01	0.731
117376730	cause.n.01	0.494
108991410	reason.n.01	0.673
109009804	incrimination.n.01	0.608
109012763	incrimination.n.01	0.729
109015371	incrimination.n.01	0.739
109018150	reason.n.01	0.519
109018885	reason.n.01	0.702
109021218	reason.n.01	0.99
109022072	causal_agent.n.01	0.583
109025330	reason.n.01	0.545
109026091	cause.n.01	0.718
109027534	incrimination.n.01	0.744
109030056	accusation.n.01	0.712
109031619	reason.n.01	0.97
109038525	motivation.n.01	0.998
109044898	reason.n.01	0.775
109045340	reason.n.01	0.853
100658995	reason.n.01	0.933
109048461	crime.n.01	0.96
109050102	reason.n.01	0.811
109050196	causal_agent.n.01	0.539
109051723	accusation.n.02	0.637
