100663722	animation.n.01	0.389
100664141	life.n.03	0.465
109053448	animation.n.01	0.72
100665679	life.n.01	0.533
109055045	biography.n.01	0.953
100667543	life.n.02	0.818
109056978	animation.n.01	0.524
109058183	life.n.03	0.671
109058229	life.n.03	0.781
109058243	biography.n.01	0.954
100672167	animation.n.01	0.781
100672878	life.n.03	0.641
100672930	life.n.05	0.486
117450477	life.n.01	0.563
100673421	death.n.01	0.693
117450856	life.n.01	0.599
117450873	animation.n.01	0.623
117451215	life.n.01	0.609
100675050	life.n.03	0.739
100675056	life.n.02	0.481
100675266	life.n.05	0.415
117453101	life.n.02	0.662
117453292	life.n.02	0.744
117453643	life.n.06	0.351
100676665	life.n.03	0.72
100677332	life.n.03	0.59
117454706	life.n.01	0.342
100677514	life.n.05	0.334
117454774	life.n.01	0.453
100677608	life.n.03	0.716
100677794	life.n.03	0.728
100677844	life.n.02	0.692
100677930	life.n.03	0.612
117456752	life.n.05	0.441
100679900	living.n.02	0.539
100680048	life.n.01	0.536
100680588	life.n.03	0.683
117458000	animation.n.01	0.367
100680993	animation.n.01	0.516
117458428	life.n.02	0.469
100681514	animation.n.01	0.784
117458918	life.n.01	0.94
109070741	life.n.03	0.696
100683745	life.n.03	0.68
117461501	biography.n.01	0.977
100685004	day.n.01	0.516
100685233	life.n.03	0.391
100686153	life.n.05	0.475
100688313	life.n.05	0.363
100688567	life.n.02	0.544
100688923	being.n.01	0.949
100689072	life.n.02	0.618
117467039	life.n.03	0.409
109078529	life.n.05	0.559
117467924	animation.n.01	0.286
117468204	life.n.02	0.492
117470160	life.n.05	0.426
109081835	life.n.02	0.454
100693499	life.n.01	0.573
109083122	life.n.02	0.611
100697697	life.n.03	0.411
100698821	life.n.03	0.546
117477029	life.n.03	0.613
117477399	biography.n.01	0.991
100701625	life.n.01	0.888
117479570	life.n.03	0.754
109091127	animation.n.01	0.608
100702528	support.n.06	None
100702659	life.n.01	0.729
100704944	being.n.01	0.894
100705143	behavior.n.01	0.81
117482481	life.n.01	0.46
100705921	day.n.01	0.602
100707137	life.n.05	0.352
100707784	animation.n.01	0.344
100708289	life.n.06	0.426
100708414	life.n.02	0.571
100708914	life.n.06	0.265
117486400	life.n.03	0.406
100709721	life.n.03	0.36
100709963	life.n.03	0.447
100710904	life.n.02	0.363
117489668	life.n.01	0.44
117489676	life.n.02	0.57
100714461	life.n.05	0.523
117492016	life.n.05	0.904
117492031	life.n.02	0.611
117492572	life.n.05	0.263
117492908	life.n.01	0.641
100716081	life.n.02	0.444
100717266	animation.n.01	0.294
100717969	old_age.n.01	0.866
117495431	life.n.03	0.453
117495993	life.n.01	0.401
117496351	animation.n.01	0.349
117496651	life.n.01	0.564
100719767	support.n.06	None
117497500	life.n.05	0.465
100720636	life.n.06	0.368
100720758	life.n.03	0.372
100720823	life.n.03	0.604
100720881	life.n.03	0.675
100721414	animation.n.01	0.74
109110074	life.n.03	0.447
117499201	life.n.03	0.497
100722121	animation.n.01	0.49
117499373	animation.n.01	0.331
117500358	life.n.01	0.454
100723238	life.n.02	0.464
109111896	life.n.03	0.786
109112180	animation.n.01	0.337
100723594	subsistence.n.02	0.618
109112332	life.n.03	0.579
117500996	life.n.01	0.498
100724038	life.n.03	0.601
109112666	life.n.03	0.379
109112964	life.n.02	0.622
109113302	life.n.02	0.854
100724766	support.n.06	None
117502560	life.n.01	0.301
117502661	life.n.02	0.827
109115107	life.n.05	0.412
117504032	life.n.02	0.42
117504319	life.n.02	0.347
117504362	life.n.02	0.343
117504492	life.n.02	0.43
117504742	life.n.01	0.588
100727593	life.n.05	0.396
109116324	life.n.02	0.557
100727827	competence.n.01	None
117505617	animation.n.01	0.53
109117318	life.n.03	0.511
109117401	life.n.03	0.667
109117431	life.n.03	0.5
100728837	life.n.01	0.747
109117780	life.n.01	0.814
109117793	life.n.01	0.766
109117835	life.n.01	0.673
109117876	life.n.03	0.515
109117933	life.n.01	0.93
109118155	life.n.01	0.423
117506880	life.n.02	0.396
117507097	life.n.03	0.477
100730146	support.n.06	None
117507392	life.n.01	0.555
117507405	animation.n.01	0.876
109119667	animation.n.01	0.711
100732370	mean.n.01	None
100732642	life.n.01	0.703
117510043	life.n.02	0.535
100733074	life.n.03	0.719
100733575	animation.n.01	0.62
117510813	life.n.02	0.518
100734078	life.n.01	0.703
117511462	animation.n.01	0.347
100734353	life.n.01	0.414
117513483	life.n.01	0.79
117513495	life.n.01	0.886
100736295	career.n.01	0.675
100736468	life.n.03	0.66
117514040	life.n.01	0.717
117514242	life.n.01	0.467
117514522	life.n.02	0.464
117514755	life.n.01	0.707
117515665	behavior.n.01	0.846
100738470	support.n.06	None
100738736	career.n.01	0.721
117515955	life.n.01	0.86
100738860	life.n.01	0.456
100738920	life.n.03	0.376
109127700	life.n.03	0.398
117516998	life.n.05	0.472
117517252	life.n.02	0.202
117517985	life.n.01	0.844
100740867	animation.n.01	0.36
117519954	life.n.03	0.623
117521662	life.n.02	0.511
117521679	life.n.02	0.471
100744756	life.n.03	0.723
100744944	life.n.03	0.639
100745143	life.n.03	0.666
100745228	life.n.01	0.854
100745487	life.n.01	0.54
117522855	life.n.01	0.518
100746175	profession.n.02	0.967
109135498	life.n.03	0.612
109135612	life.n.02	0.736
109135667	life.n.03	0.441
109135715	life.n.02	0.546
100747122	animation.n.01	0.6
109135830	life.n.02	0.317
109135848	life.n.03	0.462
109136225	life.n.02	0.339
109136258	life.n.03	0.577
109136846	animation.n.01	0.428
109138234	life.n.01	0.364
109138614	life.n.03	0.706
117527429	life.n.06	0.557
117527658	life.n.02	0.529
117527759	life.n.03	0.676
117527771	life.n.05	0.458
117527921	animation.n.01	0.727
117527937	life.n.05	0.396
109140170	life.n.01	0.576
100752127	life.n.02	0.693
109140866	life.n.02	0.763
100752515	life.n.03	0.664
100752725	life.n.02	0.43
109141495	life.n.02	0.875
100753046	life.n.03	0.565
109141702	life.n.02	0.549
100753225	life.n.05	0.439
117530709	life.n.05	0.533
109142102	life.n.02	0.444
117530725	life.n.01	0.957
117530923	life.n.03	0.579
100753725	life.n.02	0.461
109142624	life.n.01	0.626
100755739	life.n.03	0.458
117534262	life.n.06	0.386
117536447	life.n.01	0.424
117536508	life.n.05	0.386
117536830	life.n.03	0.489
117537080	life.n.02	0.322
100760054	life.n.05	0.395
117537335	animation.n.01	0.51
117537348	life.n.01	0.937
117537382	life.n.02	0.387
100760198	life.n.05	0.385
117537906	life.n.05	0.427
117538627	life.n.05	0.659
100762607	life.n.03	0.47
100762684	life.n.05	0.476
117539933	life.n.02	0.347
117540006	animation.n.01	0.504
117540029	animation.n.01	0.559
117540059	life.n.02	0.341
100763548	support.n.06	None
117540769	animation.n.01	0.618
100766084	life.n.02	0.754
100767487	life.n.02	0.542
117544786	life.n.01	0.55
117545296	life.n.05	0.312
100768406	subsistence.n.02	0.608
117546009	life.n.01	0.394
100770635	life.n.01	0.565
100771148	life.n.03	0.71
117548813	life.n.01	0.94
117548835	life.n.01	0.957
117549695	life.n.02	0.479
117550064	animation.n.01	0.432
100773017	support.n.06	None
117551092	life.n.02	0.488
100774406	life.n.03	0.649
100776433	life.n.01	0.483
100776477	animation.n.01	0.574
100776552	subsistence.n.01	0.519
117554582	life.n.02	0.365
117554635	life.n.02	0.488
109166428	life.n.05	None
117555036	life.n.01	0.524
109166540	life.n.02	0.467
100778295	animation.n.01	0.825
117556163	life.n.05	0.54
117556225	life.n.02	0.743
117559626	life.n.01	0.485
100782502	life.n.03	0.688
117560709	life.n.02	0.556
109172657	life.n.02	0.792
109172939	life.n.02	0.76
100784637	life.n.01	0.758
109173353	life.n.03	0.33
100784768	life.n.03	0.41
109173649	life.n.01	0.61
109173693	life.n.02	0.514
117562621	life.n.06	0.252
109174300	life.n.02	0.562
100787266	life.n.03	0.478
100788091	animation.n.01	0.744
117565410	life.n.01	0.875
100788435	being.n.01	0.975
100789786	life.n.01	0.687
100790990	life.n.05	0.347
117568569	life.n.01	0.562
109180055	life.n.03	0.616
109180173	life.n.03	0.725
100791624	life.n.05	0.455
109180265	life.n.03	0.336
100792006	being.n.01	0.983
100792159	life.n.03	0.668
117569644	life.n.03	0.641
117569669	life.n.02	0.467
100793080	life.n.01	0.698
117570487	life.n.01	0.725
117571067	life.n.01	0.969
100794407	life.n.03	0.331
100796670	life.n.03	0.528
117574141	life.n.01	0.53
117574559	life.n.02	0.494
117574652	life.n.05	0.482
109186319	life.n.05	None
117575902	life.n.03	0.393
117575912	life.n.01	0.422
117577178	life.n.02	0.383
117577683	life.n.01	0.692
117578039	life.n.01	0.673
117579812	life.n.03	0.335
117579901	life.n.10	0.416
117580008	life.n.03	0.426
100803731	life.n.02	0.458
117581146	life.n.02	0.392
100804029	animation.n.01	0.6
117581618	life.n.02	0.541
117582037	life.n.02	0.65
117582848	animation.n.01	0.515
100805989	life.n.05	0.429
117583465	life.n.03	0.496
100807427	life.n.02	0.331
100807583	life.n.01	0.578
117585343	life.n.05	0.431
117586292	life.n.01	0.572
117586348	life.n.01	0.364
117586919	life.n.02	0.671
117587055	life.n.02	0.401
117587125	life.n.13	0.488
100811899	life.n.05	0.338
117589160	animation.n.01	0.581
109201082	life.n.03	0.527
100812530	life.n.02	0.884
117589980	life.n.02	0.661
117590677	life.n.02	0.632
100814125	animation.n.01	0.826
117591440	life.n.02	0.616
109203890	animation.n.01	0.734
109204074	life.n.06	0.371
100815629	animation.n.01	0.87
117594261	life.n.02	0.745
109205734	life.n.02	0.491
109206415	animation.n.01	0.613
109206430	life.n.02	0.502
117595103	life.n.02	0.379
109207314	life.n.02	0.489
100818708	animation.n.01	0.417
109208137	life.n.05	0.497
117596830	life.n.03	0.56
117597167	life.n.02	0.477
109208595	life.n.02	0.895
100820150	life.n.05	0.338
109208841	life.n.01	0.812
117597861	life.n.01	0.396
100821269	life.n.02	0.859
117598728	life.n.01	0.417
117599269	life.n.03	0.626
109211084	life.n.05	None
117602075	life.n.02	0.556
117602179	life.n.03	0.542
109214255	animation.n.01	0.753
100825710	animation.n.01	0.466
117603065	animation.n.01	0.65
100826360	animation.n.01	0.899
100826805	life.n.01	0.827
100826812	life.n.06	0.665
109215736	life.n.07	0.36
117604370	life.n.06	0.346
100827463	life.n.03	0.508
109216141	being.n.01	0.872
117605048	life.n.05	0.511
109216457	life.n.02	0.528
117605752	life.n.02	0.886
100829444	life.n.02	0.621
100829639	life.n.03	0.413
100829748	life.n.03	0.322
100829803	life.n.02	0.715
100831062	animation.n.01	0.688
100831151	animation.n.01	0.617
117608639	life.n.01	0.441
100832160	life_style.n.01	None
117610822	animation.n.01	0.541
100833868	life.n.02	0.461
117612225	life.n.02	0.423
100835117	animation.n.01	0.703
100835542	life.n.02	0.503
117614559	animation.n.01	0.561
100837636	animation.n.01	0.656
117615184	life.n.03	0.452
117615234	life.n.05	0.449
117615302	animation.n.01	0.547
117615363	life.n.03	0.622
100839060	life.n.03	0.351
117616391	life.n.05	0.39
117617488	life.n.02	0.813
117617726	life.n.02	0.814
117618553	life.n.03	0.483
117618743	life.n.01	0.789
117618800	animation.n.01	0.516
117618816	life.n.01	0.637
100841755	life.n.02	0.664
117618984	life.n.01	0.702
117619833	life.n.01	0.387
117620130	life.n.02	0.528
109231675	life.n.03	0.657
109232320	life.n.01	0.878
117620945	life.n.01	0.721
117621411	life.n.02	0.487
100844197	support.n.06	None
117621617	life.n.01	0.564
117621807	life.n.02	0.318
117621971	life.n.01	0.51
117622099	life.n.01	0.782
109233502	life.n.02	0.39
117622173	life.n.02	0.741
117622643	life.n.02	0.649
117622679	life.n.03	0.558
100845921	life.n.08	0.741
117623571	life.n.03	0.476
117623650	life.n.02	0.393
109235474	life.n.01	0.896
117624136	life.n.01	0.404
100847356	liveliness.n.02	0.29
100847377	animation.n.01	0.564
117624637	life.n.02	0.51
117624650	animation.n.01	0.306
117624692	life.n.03	0.425
117624991	animation.n.01	0.66
117625027	life.n.02	0.512
109236682	life.n.03	0.592
117625610	life.n.05	0.433
100849028	life.n.02	0.388
117626383	life.n.01	0.674
100849915	animation.n.01	0.452
117627281	life.n.05	0.317
117627913	life.n.01	0.934
117627987	life.n.02	0.33
100851043	life.n.03	0.531
100851080	animation.n.01	0.656
117628617	life.n.02	0.416
117629286	life.n.01	0.78
100852099	life.n.03	0.366
117629643	life.n.03	0.72
117630726	life.n.02	0.548
117630757	life.n.03	0.454
100853701	life.n.01	0.795
109242404	life.n.03	0.488
117631796	life.n.01	0.649
100855558	life.n.02	0.813
109244913	life.n.05	0.518
109245190	life.n.05	0.541
100857718	age.n.03	0.772
100859704	life.n.03	0.502
117638150	life.n.02	0.764
100861224	life.n.06	0.3
109250185	animation.n.01	0.739
100862135	life.n.02	0.502
100862355	animation.n.01	0.576
100862711	animation.n.01	0.273
100863638	life.n.02	0.422
109252301	life.n.02	0.744
109252887	life.n.03	0.531
109255903	animation.n.01	0.417
109257939	place.n.10	0.992
109259016	life.n.05	0.512
109260148	life.n.01	0.559
109263342	life.n.01	0.682
109263454	life.n.03	0.633
109264696	liveliness.n.02	0.36
109267063	life.n.08	0.233
109270740	life.n.03	0.758
109271149	animation.n.01	0.628
100884910	life.n.03	0.469
109273692	support.n.06	None
100885272	life.n.05	0.456
100885364	life.n.05	0.466
100885463	life.n.02	0.41
109274682	life.n.06	0.409
109277296	life.n.02	0.626
109281433	support.n.06	None
117670841	life.n.03	0.623
117672130	life.n.02	0.852
117672350	life.n.06	0.449
100895591	support.n.06	None
109284585	life.n.02	0.801
109285010	life.n.01	0.427
117674393	life.n.02	0.588
117675172	life.n.03	0.645
117675193	life.n.05	0.313
117678809	life.n.13	0.338
117682674	life.n.02	0.485
117684744	life.n.02	0.693
117685912	life.n.02	0.66
117685929	life.n.01	0.42
100911163	support.n.06	None
117691435	life.n.06	0.67
117692085	life.n.02	0.776
117692148	life.n.02	0.555
117692662	life.n.02	0.476
109304925	life.n.02	0.714
109308173	life.n.01	0.504
109309582	life.n.02	0.317
109309871	life.n.05	0.495
109309968	life.n.01	0.263
117699127	life.n.02	0.649
117703627	animation.n.01	0.404
109317939	life.n.02	0.258
100931543	life.n.05	0.634
100931563	support.n.06	None
109320218	life.n.06	0.439
100932252	life.n.06	0.649
109321722	life.n.03	0.632
109321968	life.n.03	0.685
109322277	life.n.01	0.821
100934095	life.n.03	0.474
117721471	life.n.02	0.662
117722464	life.n.03	0.546
117725610	life.n.02	0.765
117725690	life.n.02	0.562
117726509	life.n.02	0.58
117726593	life.n.02	0.358
117726760	life.n.10	0.434
100949812	life.n.01	0.584
117728014	life.n.02	0.312
100952026	animation.n.01	0.419
109343108	animation.n.01	0.672
117734003	life.n.03	0.48
109346798	life.n.01	0.843
100958368	life.n.06	0.538
109349668	life.n.01	0.671
117738378	life.n.01	0.665
109350091	life.n.02	0.428
117740652	life.n.01	0.446
109353451	life.n.01	0.353
109354223	life.n.03	0.559
117743684	life.n.02	0.36
117748729	biography.n.01	0.802
109361524	life.n.03	0.732
109361976	life.n.03	0.607
109362738	animation.n.01	0.462
109364002	life.n.03	0.594
109364098	life.n.02	0.834
109366782	life.n.05	0.488
109367283	life.n.03	0.445
109367337	life.n.02	0.735
109367761	life.n.02	0.692
117756727	life.n.02	0.766
117758592	life.n.02	0.868
117758618	life.n.02	0.898
109379954	animation.n.01	0.681
109380018	life.n.03	0.68
109381297	life.n.02	0.385
109381476	life.n.02	0.388
109381510	life.n.02	0.445
109381992	life.n.06	0.419
109382166	life.n.03	0.628
109382287	life.n.02	0.518
109382419	life.n.01	0.665
109382529	life.n.03	0.65
109384619	animation.n.01	0.441
117773508	life.n.02	0.35
109384940	life.n.05	0.429
109386276	life.n.05	0.449
109386334	life.n.03	0.65
109387041	life.n.05	0.453
109388515	life.n.03	0.415
109395522	life.n.03	0.505
109396047	life.n.06	0.47
109397426	life.n.02	0.731
109398782	life.n.02	0.555
109399103	animation.n.01	0.778
109401933	life.n.05	0.397
109402979	life.n.03	0.667
109403048	life.n.02	0.615
109412122	life.n.02	0.38
109412168	life.n.03	0.434
109412230	life.n.03	0.489
109412297	life.n.02	0.547
109412514	life.n.02	0.495
101030688	support.n.06	None
101032751	life.n.02	0.336
101032782	life.n.05	0.367
101032827	life.n.02	0.363
101038598	house.n.01	0.992
101058536	support.n.06	None
101061109	poverty.n.01	None
101068094	support.n.06	None
101094645	life.n.02	0.799
109502862	life.n.01	0.857
109503024	life.n.05	0.313
109503315	life.n.01	0.655
109503632	life.n.05	0.604
109504047	life.n.03	0.687
109506437	life.n.02	0.356
109507066	life.n.01	0.739
109507496	life.n.01	0.592
109507548	life.n.05	0.471
109508530	life.n.05	0.404
109509806	life.n.02	0.594
109509975	life.n.06	0.435
101140619	life.n.06	0.658
109529859	life.n.02	0.411
109530519	life.n.02	0.522
109530768	life.n.05	0.313
109531406	life.n.06	0.588
109533238	life.n.05	0.417
101148728	life.n.01	0.706
101152161	life.n.03	0.593
101153345	life.n.05	0.433
101164088	life.n.03	0.518
101164118	life.n.02	0.601
117943798	life.n.01	0.458
117945024	life.n.01	0.485
117945250	life.n.03	0.513
117945788	life.n.06	0.398
117948055	life.n.05	0.478
101175273	life.n.06	0.332
117952976	life.n.01	0.564
117954752	life.n.02	0.679
117954820	life.n.02	0.646
117957625	life.n.03	0.638
117957663	life.n.03	0.622
117957744	life.n.03	0.435
117957828	life.n.03	0.701
117957897	life.n.03	0.681
101180702	support.n.06	None
117957929	life.n.03	0.604
101182045	life.n.06	0.572
101183009	life.n.01	0.692
101186401	animation.n.01	0.546
101187623	life.n.05	0.586
101201301	life.n.02	0.848
109590543	animation.n.01	0.245
109591025	life.n.01	0.459
109592497	life.n.03	0.406
109592610	life.n.02	0.583
109592744	life.n.01	0.423
101205432	life.n.03	0.56
117983471	life.n.05	0.413
117983542	life.n.03	0.371
117983600	life.n.02	0.388
117983807	life.n.02	0.525
117983919	life.n.02	0.456
117984295	animation.n.01	0.494
117984607	life.n.02	0.541
117984667	life.n.02	0.829
117984815	life.n.02	0.479
117985204	animation.n.01	0.488
117985250	animation.n.01	0.312
117985298	life.n.05	0.437
117985728	animation.n.01	0.501
117985775	life.n.02	0.404
117986170	life.n.03	0.663
117986395	life.n.02	0.862
117986941	life.n.02	0.387
117987461	life.n.10	0.291
117987735	life.n.02	0.505
117988653	life.n.01	0.527
117988718	life.n.05	0.261
117988840	animation.n.01	0.634
117988937	life.n.05	0.401
117989022	life.n.02	0.26
117989043	life.n.02	0.244
101213908	life.n.06	0.832
117992615	life.n.03	0.488
117993196	life.n.03	0.635
117993292	life.n.02	0.681
117994103	life.n.02	0.304
117994827	life.n.02	0.315
117995187	life.n.05	0.363
117995259	life.n.05	0.539
101218464	fortune.n.04	0.449
117998486	life.n.02	0.657
117998520	life.n.02	0.427
117998599	animation.n.01	0.428
117998850	life.n.01	0.386
117998953	life.n.02	0.374
118000190	life.n.05	0.347
118000258	life.n.05	0.376
118000769	animation.n.01	0.258
118001390	life.n.02	0.509
118001761	life.n.03	0.698
118002040	life.n.03	0.557
118003050	life.n.02	0.559
118004113	life.n.05	0.503
118005009	life.n.03	0.635
118005051	life.n.03	0.54
118005152	life.n.03	0.476
118005956	life.n.02	0.505
118006338	life.n.03	0.503
118007285	life.n.02	0.675
118007292	life.n.03	0.552
118007670	life.n.03	0.622
118007686	life.n.03	0.351
118007771	life.n.02	0.685
118007790	life.n.05	0.434
118009117	life.n.02	0.563
118009808	life.n.03	0.436
118010095	animation.n.01	0.402
118010329	life.n.03	0.634
118010526	life.n.02	0.417
118010627	life.n.01	0.364
118011357	life.n.02	0.577
101234170	animation.n.01	0.311
101234200	animation.n.01	0.311
118011668	life.n.05	0.375
118012325	life.n.13	0.392
118012336	life.n.05	0.309
118012599	life.n.02	0.585
101236038	life.n.01	0.351
118013509	life.n.05	0.356
118013679	life.n.02	0.662
118014104	life.n.02	0.607
118014187	animation.n.01	0.673
118014664	animation.n.01	0.535
101238266	support.n.06	None
101238407	life.n.03	0.496
101238440	life.n.03	0.381
101238491	life.n.02	0.438
101240046	being.n.01	0.96
101241317	life.n.05	0.578
101241326	life.n.05	0.578
101241674	life.n.02	0.822
101247732	life.n.06	0.742
101253847	life.n.03	0.682
101254360	animation.n.01	0.86
101254894	life.n.03	0.497
101256228	life.n.02	0.56
109649087	life.n.03	0.474
109649169	life.n.03	0.443
109649426	life.n.02	0.632
101262548	life.n.03	0.458
109651553	life.n.02	0.503
109653102	life.n.02	0.48
109653203	animation.n.01	0.584
109653413	life.n.01	0.545
109653483	life.n.05	0.461
109654286	life.n.02	0.573
109654557	life.n.03	0.446
109656031	life.n.05	0.373
109656034	life.n.05	0.373
109657034	life.n.02	0.321
109657037	life.n.02	0.321
109657143	life.n.02	0.659
109657351	life.n.02	0.549
109657426	life.n.02	0.492
109657655	life.n.02	0.517
101269528	life.n.02	0.302
101271260	animation.n.01	0.65
101271991	animation.n.01	0.58
101281020	life.n.01	0.406
109680366	life.n.03	0.689
109683415	life.n.01	0.66
109683449	life.n.01	0.66
109683594	life.n.01	0.817
109683616	life.n.01	0.817
109686049	manner.n.01	0.732
109687063	life.n.01	0.81
109688090	life.n.01	0.643
109689116	animation.n.01	0.413
109699843	life.n.05	0.429
109699871	life.n.06	0.463
109701336	life.n.03	0.49
109704828	life.n.02	0.382
109706936	animation.n.01	0.677
109707295	life.n.01	0.649
109710756	animation.n.01	0.365
109713542	life.n.01	0.887
109721178	support.n.06	None
109724260	animation.n.01	0.416
101337036	life.n.03	0.594
109726910	life.n.01	0.389
109727067	life.n.02	0.561
109727294	life.n.03	0.542
101348837	support.n.06	None
109741565	life.n.05	0.401
109741578	constitution.n.04	0.901
109749967	life.n.02	0.428
109750327	animation.n.01	0.486
109750353	biography.n.01	0.936
109750362	animation.n.01	0.47
101361873	life.n.05	0.427
101362235	life.n.01	0.959
101362279	life.n.01	0.632
109752715	biography.n.01	0.974
101365219	life.n.06	0.393
109754452	life.n.01	0.754
109754619	life.n.01	0.872
101367871	life.n.05	0.447
101368342	life.n.03	0.54
101371262	life.n.02	0.814
101371429	animation.n.01	0.42
101372411	life.n.02	0.305
101372748	life.n.02	0.46
101372773	animation.n.01	0.939
101372996	universe.n.01	0.979
109761607	life.n.01	0.833
101379361	life.n.02	0.506
101380983	life.n.03	0.479
101381026	life.n.02	0.59
109773653	life.n.01	0.653
101389210	support.n.06	0.792
101390258	life.n.02	0.561
101390271	support.n.06	None
109778893	life.n.01	0.472
109778922	life.n.02	0.677
101391918	life.n.03	0.514
109783854	biography.n.01	0.949
101395723	animation.n.01	0.505
109784915	life.n.05	0.498
109784957	life.n.02	0.801
109785177	animation.n.01	0.692
118174569	animation.n.01	0.435
118174836	life.n.06	0.404
118175125	life.n.05	0.467
109789597	biography.n.01	0.99
109789758	biography.n.01	0.99
101401569	life.n.05	0.451
101401703	death.n.01	0.55
101401712	life.n.02	0.377
118179248	life.n.06	0.444
109790725	biography.n.01	0.96
101402209	life.n.02	0.764
109792620	life.n.03	0.487
109793960	animation.n.01	0.452
109793981	life.n.01	0.89
109793999	life.n.01	0.466
109794087	life.n.02	0.763
109794654	life.n.01	0.485
101407672	support.n.06	None
101408280	support.n.06	None
101408514	support.n.06	0.99
109798168	life.n.01	0.756
109798397	life.n.01	0.418
109801399	circumstance.n.01	0.497
101414285	life.n.03	0.438
109802950	life.n.01	0.318
109803007	life.n.01	0.712
109803188	life.n.01	0.721
109803641	life.n.03	0.379
109803910	life.n.01	0.46
109807498	animation.n.01	0.772
109807797	life.n.06	0.766
109809306	life.n.02	0.875
109809551	life.n.03	0.711
109815019	animation.n.01	0.896
109815254	life.n.01	0.531
101434718	life.n.02	0.479
101434926	life.n.03	0.401
101435018	life.n.03	0.315
101435135	life.n.02	0.649
101435210	life.n.05	0.313
109824812	life.n.06	0.63
101436523	life.n.05	0.402
101436836	life.n.02	0.634
101436959	life.n.05	0.511
109828145	life.n.03	0.482
109828375	life.n.02	0.446
109831785	biography.n.01	0.973
109832269	biography.n.01	0.989
101446618	life.n.05	0.462
109847485	life.n.02	0.534
109855496	biography.n.01	0.975
101476451	support.n.06	None
109865392	biography.n.01	0.987
109866368	life.n.03	0.642
109866394	food.n.01	0.803
109870791	life.n.03	0.648
109872673	life.n.01	0.42
109873373	biography.n.01	0.779
109874492	life.n.05	0.462
109876416	animation.n.01	0.872
109876437	animation.n.01	0.872
109876782	life.n.05	0.497
109877991	life.n.01	0.275
109877999	life.n.03	0.448
109879001	animation.n.01	0.551
109881738	animation.n.01	0.789
101499094	support.n.06	0.986
101504342	life.n.05	0.331
118291519	life.n.01	0.618
109906361	life.n.03	0.466
109908087	life.n.03	0.563
118296763	life.n.01	0.52
109908663	life.n.03	0.403
109908755	life.n.05	0.448
109909148	life.n.01	0.835
109909226	life.n.02	0.554
109909585	biography.n.01	0.949
109909640	life.n.01	0.698
118298358	life.n.05	0.514
109910192	biography.n.01	0.967
109910261	historic_period.n.01	0.373
101521970	life.n.03	0.7
109911414	biography.n.01	0.958
109911603	life.n.02	0.475
118300454	life.n.02	0.406
118300682	life.n.03	0.489
118301900	life.n.02	0.739
109913309	biography.n.01	0.959
109913347	life.n.01	0.399
118301973	life.n.02	0.791
109913500	life.n.01	0.895
109913918	life.n.01	0.716
118302568	life.n.05	0.792
109914285	life.n.02	0.729
109914501	life.n.05	0.535
109915165	life.n.01	0.951
109915186	life.n.01	0.84
109915281	life.n.01	0.654
109915359	life.n.01	0.504
118304026	animation.n.01	0.385
109915466	life.n.01	0.778
109915698	life.n.02	0.563
118304356	life.n.02	0.732
118304377	life.n.02	0.613
118304418	life.n.01	0.616
109916391	life.n.05	0.448
118305074	life.n.02	0.691
109916705	biography.n.01	0.96
109917144	life.n.02	0.377
109917229	life.n.05	0.447
109917514	life.n.01	0.483
109918098	life.n.01	0.667
109919372	life.n.01	0.844
109919782	life.n.01	0.797
109919798	life.n.05	0.423
109920633	biography.n.01	0.878
118309353	life.n.02	0.464
109921372	life.n.03	0.498
118310035	life.n.03	0.413
118310045	life.n.02	0.566
109921634	biography.n.01	0.982
109921652	biography.n.01	0.975
109921801	life.n.05	0.444
109921811	life.n.03	0.479
118310566	life.n.02	0.713
118310607	life.n.01	0.798
109922162	life.n.03	0.626
109922167	life.n.03	0.665
109922585	biography.n.01	0.974
101534117	life.n.03	0.354
109922952	life.n.03	0.712
109923802	animation.n.01	0.332
118313240	life.n.03	0.595
118313297	animation.n.01	0.854
109924885	biography.n.01	0.97
109925025	biography.n.01	0.975
109925116	life.n.02	0.754
109926024	life.n.01	0.813
109926736	life.n.03	0.315
109927427	life.n.03	0.478
109928027	life.n.06	0.765
109928982	biography.n.01	0.97
109929134	life.n.03	0.368
109929648	life.n.02	0.693
109930033	life.n.02	0.624
109931032	life.n.03	0.41
109931486	life.n.02	0.819
109931803	life.n.03	0.712
109932597	life.n.01	0.791
109933633	being.n.01	0.864
101546177	life.n.02	0.687
118324687	animation.n.01	0.636
118324888	life.n.03	0.237
118324927	life.n.03	0.404
118325524	life.n.01	0.647
118327793	life.n.03	0.695
118328296	life.n.02	0.639
118328979	life.n.03	0.577
109940508	biography.n.01	0.979
118330689	life.n.06	0.438
109943343	animation.n.01	0.903
109944406	life.n.05	0.573
118333189	life.n.01	0.783
118333248	life.n.01	0.532
118333435	life.n.03	0.338
118334415	life.n.01	0.398
118334878	life.n.02	0.502
118334896	life.n.01	0.393
118335388	life.n.02	0.586
109947321	life.n.02	0.62
109947467	life.n.02	0.421
109949450	biography.n.01	0.986
118339310	life.n.01	0.722
118339434	life.n.05	0.424
118340260	life.n.02	0.348
118340276	life.n.02	0.827
118340318	life.n.02	0.821
118341230	life.n.01	0.524
109953014	life.n.01	0.832
109953143	life.n.02	0.5
109953760	biography.n.01	0.304
118342562	life.n.01	0.458
109954985	life.n.05	0.329
109956639	life.n.02	0.46
118346963	life.n.01	0.812
109958532	behavior.n.01	0.739
109959608	life.n.01	0.81
118348281	life.n.01	0.67
109959679	life.n.05	0.553
118348300	life.n.03	0.35
118348348	life.n.03	0.415
101571152	life.n.05	0.371
109959770	life.n.03	0.496
118348493	condition.n.01	0.863
118348931	support.n.06	0.995
118348945	support.n.06	0.994
118350000	life.n.01	0.704
109962818	life.n.03	0.475
118352435	life.n.05	0.452
118353241	life.n.03	0.584
109965052	death.n.01	0.888
118354841	life.n.01	0.633
109966662	life.n.02	0.409
109966982	life.n.10	0.747
118356668	life.n.06	0.47
109975583	life.n.01	0.69
109975600	life.n.01	0.872
101590541	life.n.03	0.36
101590778	life.n.03	0.438
109979918	life.n.03	0.541
101591588	life.n.02	0.369
101593908	life.n.03	0.358
101593940	life.n.03	0.677
101594171	life.n.01	0.676
101594174	life.n.01	0.676
118371559	life.n.02	0.406
101594478	populace.n.01	0.458
101597493	life.n.02	0.624
118375752	life.n.03	0.317
118377678	animation.n.01	0.498
109989108	life.n.01	0.746
109990412	life.n.02	0.675
118380930	life.n.02	0.854
109994544	career.n.02	0.86
109994764	life.n.01	0.779
109994858	life.n.01	0.829
109994937	life.n.05	None
101607538	life.n.03	0.815
118384857	career.n.01	0.675
101607740	life.n.01	0.643
101608068	life.n.03	0.713
109996796	animation.n.01	0.463
101608886	death.n.01	0.717
118387024	life.n.02	0.8
118387084	life.n.02	0.913
118387236	life.n.02	0.844
118387502	life.n.03	0.416
118387529	life.n.03	0.416
118387838	life.n.02	0.872
118387902	life.n.03	0.535
101611957	life.n.03	0.468
118389264	life.n.03	0.632
118389401	life.n.05	0.456
101612209	life.n.03	0.654
101612231	life.n.05	0.565
110000942	life.n.05	None
118389679	life.n.02	0.649
118391651	fortune.n.04	0.907
110003246	life.n.03	0.37
110003366	life.n.01	0.537
110003825	life.n.02	0.804
110003848	life.n.01	0.769
118392544	life.n.02	0.424
118392689	life.n.02	0.299
110004173	life.n.03	0.686
110004972	life.n.01	0.591
110005446	life.n.01	0.699
110006240	life.n.01	0.786
110006965	life.n.01	0.49
110007884	life.n.01	0.687
110007974	autobiography.n.01	None
118397004	life.n.02	0.468
110011575	life.n.03	0.492
118400283	support.n.06	None
118401185	life.n.02	0.864
110014534	life.n.01	0.771
118403270	life.n.02	0.364
110015097	life.n.01	0.634
118404070	life.n.02	0.558
118404405	animation.n.01	0.418
118405387	life.n.02	0.479
118405649	life.n.06	0.367
118405874	animation.n.01	0.345
118406891	life.n.05	0.507
110018447	life.n.05	0.444
110018815	life.n.01	0.529
110018907	life.n.01	0.882
118407734	life.n.02	0.538
118407909	life.n.02	0.685
118408405	life.n.02	0.831
110019825	life.n.05	0.629
118409123	life.n.01	0.618
110020874	life.n.01	0.905
101633305	life.n.05	None
118411117	support.n.06	None
110024761	life.n.03	0.569
110026708	character.n.03	0.827
110027440	life.n.01	0.796
110027536	animation.n.01	0.785
110027590	career.n.02	0.755
110029687	life.n.01	0.844
110029742	life.n.05	0.651
110030380	action.n.01	0.774
110031415	life.n.01	0.664
110036253	life.n.01	0.53
101647852	life.n.03	0.343
118425160	life.n.02	0.829
118425188	life.n.05	0.538
118428139	life.n.02	0.79
110040364	life.n.01	0.814
110040413	life.n.01	0.781
110041569	life.n.01	0.858
118430501	life.n.02	0.814
118430898	life.n.03	0.622
118432819	life.n.05	0.373
101656453	animation.n.01	0.619
118434780	life.n.02	0.858
110046625	life.n.03	0.474
110047498	life.n.01	0.55
101660166	life.n.05	None
101660867	life.n.03	0.482
110049581	life.n.01	0.451
101665603	nutriment.n.01	0.621
110058352	animation.n.01	0.405
110059643	animation.n.01	0.809
101671832	life.n.02	0.482
118451715	being.n.01	0.875
101678695	life.n.03	0.405
101684651	life.n.06	0.42
101685357	life.n.06	0.397
101686699	life.n.03	0.481
101687233	life.n.03	0.562
101687387	life.n.02	0.692
101687585	life.n.05	0.331
101688439	life.n.05	0.463
101688463	life.n.06	0.53
101688596	life.n.05	0.362
101689138	life.n.03	0.377
101689311	life.n.03	0.505
118467084	life.n.01	0.433
101690109	life.n.06	0.708
118469591	life.n.01	0.422
101693553	animation.n.01	0.694
101695321	life.n.06	0.534
118473510	life.n.02	0.614
101696707	life.n.06	0.44
101696774	life.n.06	0.633
101698174	life.n.03	0.406
101698352	life.n.06	0.629
101699144	life.n.03	0.663
118479043	life.n.03	0.374
101701932	life.n.03	0.338
101702071	life.n.06	0.502
118480730	support.n.06	0.94
101704288	life.n.02	0.535
101704703	life.n.01	0.682
118482845	life.n.03	0.472
101706100	life.n.02	0.429
101706171	life.n.05	0.371
101706247	life.n.02	0.778
101708397	life.n.05	0.375
101708475	life.n.05	0.325
101710091	life.n.03	0.415
101710452	life.n.03	0.381
118489266	life.n.03	0.302
118489687	life.n.03	0.495
118489769	life.n.02	0.476
118490062	life.n.01	0.504
118492531	life.n.03	0.33
101716170	life.n.02	0.397
101716306	life.n.03	0.522
118493529	life.n.03	0.453
118493973	life.n.03	0.653
118494125	animation.n.01	0.618
118494131	support.n.06	0.924
118494746	life.n.01	0.325
118495113	support.n.06	0.495
101718420	life.n.05	0.473
118495830	life.n.02	0.4
101718657	life.n.02	0.587
101718758	life.n.03	0.376
118496124	life.n.03	0.761
101719324	life.n.06	0.355
118498461	life.n.02	0.561
118498752	life.n.02	0.745
118498802	animation.n.01	0.779
118499328	being.n.01	0.977
118499348	life.n.01	0.356
118501203	life.n.02	0.53
118501226	life.n.01	0.356
118501874	life.n.02	0.406
118502475	life.n.03	0.542
118502879	life.n.02	0.448
101729663	biography.n.01	0.458
118507109	life.n.03	0.453
118507689	being.n.01	0.949
118508823	being.n.01	0.963
118508978	life.n.02	0.834
118509068	life.n.03	0.581
110120607	support.n.06	0.802
118509420	life.n.10	0.521
118509513	animation.n.01	0.723
118510290	life.n.03	0.652
118510339	life.n.02	0.408
118511244	support.n.06	0.95
118513129	life.n.01	0.713
118513242	life.n.02	0.645
118513524	life.n.06	0.443
118514351	life.n.05	0.423
118516054	life.n.03	0.548
110130916	life.n.02	0.664
110131615	support.n.06	0.838
110138161	support.n.06	0.996
110138526	living.n.02	0.963
110142498	support.n.06	0.506
101755750	life.n.02	0.412
101756136	life.n.01	0.452
101769551	animation.n.01	0.444
101791640	life.n.03	0.639
101793450	life.n.01	0.47
101793617	life.n.01	0.375
101793728	life.n.01	0.507
101794643	life.n.02	0.352
101801983	life.n.06	0.51
101803726	life.n.02	0.762
101806579	life.n.01	0.412
101806697	life.n.01	0.852
101807886	life.n.01	0.575
101826655	life.n.02	0.687
101826710	life.n.01	0.496
110218457	life.n.01	0.497
101830085	life.n.01	0.906
101830166	life.n.05	0.343
101830234	life.n.06	0.36
101830340	life.n.02	0.531
101830372	life.n.01	0.528
101830401	life.n.01	0.907
101830453	life.n.03	0.517
101830545	life.n.01	0.505
101830598	life.n.05	0.573
101830706	life.n.10	0.707
101830731	life.n.02	0.56
101830782	life.n.02	0.719
101830791	life.n.02	0.719
110220368	life.n.03	0.33
101832633	life.n.01	0.787
101832648	life.n.01	0.614
101832695	animation.n.01	0.357
101834758	life.n.01	0.703
101834785	life.n.03	0.473
101834801	life.n.01	0.692
101834823	life.n.03	0.533
101835754	life.n.01	0.592
101837315	life.n.06	0.41
101838652	life.n.02	0.257
101838676	life.n.03	0.431
101838709	life.n.06	0.171
101838738	life.n.05	0.347
101838813	life.n.01	0.684
101839489	life.n.01	0.568
101841127	life.n.02	0.86
101842831	life.n.02	0.428
101844767	life.n.03	0.575
101845039	life.n.02	0.547
101845268	life.n.02	0.614
101845442	life.n.02	0.593
101845447	life.n.02	0.733
110234088	animation.n.01	0.627
101845645	life.n.03	0.354
101845662	life.n.05	0.541
101847070	animation.n.01	0.347
101849827	life.n.01	0.511
101850970	animation.n.01	0.453
101851768	life.n.05	0.4
101854693	life.n.02	0.569
101855013	life.n.06	0.339
101859747	life.n.06	0.406
110250100	life.n.02	0.602
110251059	life.n.06	0.594
101862963	life.n.02	0.481
101863097	life.n.03	0.42
110253151	life.n.01	0.623
101865136	life.n.06	0.433
110253807	life.n.02	0.354
118646470	status.n.01	0.804
101873346	life.n.05	None
101875580	life.n.01	0.734
101875974	life.n.01	0.458
101875990	life.n.05	0.41
101876027	life.n.02	0.473
101876041	life.n.03	0.52
101876052	life.n.01	0.429
101878600	life.n.01	0.361
101878805	life.n.03	0.431
101879010	life.n.03	0.699
101894285	life.n.05	0.542
110284813	animation.n.01	0.489
110286696	life.n.06	0.277
101900862	animation.n.01	0.373
101900891	animation.n.01	0.539
101900994	animation.n.01	0.305
101901106	life.n.06	0.526
110290080	life.n.05	0.338
101902909	life.n.05	0.38
101907407	life.n.06	0.561
101907756	life.n.06	0.365
118694333	animation.n.01	0.399
101917236	life.n.01	0.806
101917338	life.n.02	0.594
101922260	life.n.06	0.38
101923969	life.n.03	0.386
101926017	life.n.02	0.451
101928015	life.n.03	0.37
101928093	life.n.05	0.444
101928286	life.n.03	0.598
118722659	life.n.01	0.83
118724048	animation.n.01	0.76
118725214	life.n.01	0.754
118725937	life.n.01	0.905
101951525	life.n.05	0.411
101952474	animation.n.01	0.463
101962962	life.n.01	0.659
101963047	support.n.06	None
101964561	life.n.03	0.407
118747938	life.n.01	0.757
118748191	life.n.03	0.549
118748552	estate.n.02	0.771
118750062	life.n.03	0.733
101974777	life.n.03	0.54
101976231	life.n.05	0.322
101976971	life.n.02	0.675
101977043	animation.n.01	0.687
101977083	animation.n.01	0.848
101977119	animation.n.01	0.864
101977193	animation.n.01	0.472
101979194	life.n.03	0.612
101984920	life.n.03	0.708
118767364	life.n.03	0.622
101992529	life.n.03	0.378
118769933	fortune.n.02	0.926
118770080	life.n.03	0.757
101992895	life.n.06	0.438
101995033	life.n.03	0.667
101996955	life.n.02	0.849
101997202	life.n.03	0.504
101997213	life.n.03	0.504
101997272	life.n.01	0.735
101997396	life.n.03	0.579
101997417	life.n.01	0.887
101997513	animation.n.01	0.452
101997604	life.n.06	0.357
101997712	animation.n.01	0.606
101999962	life.n.01	0.704
101999998	life.n.02	0.395
102002897	life.n.01	0.496
118782846	life.n.02	0.615
102006091	life.n.03	0.512
102008791	life.n.03	0.552
102010043	life.n.05	None
102010168	life.n.02	0.556
102010310	life.n.02	0.403
110399146	career.n.02	0.618
102010576	life.n.01	0.78
118789872	life.n.03	0.401
102014975	life.n.03	0.386
102016706	life.n.06	0.516
102016786	life.n.06	0.292
110407543	life.n.01	0.434
118800836	life.n.06	0.509
118802103	life.n.01	0.577
118804488	life.n.01	0.686
118804712	biography.n.01	0.804
118808835	life.n.01	0.635
118809249	life.n.01	0.496
118809787	life.n.01	0.416
102043735	life.n.01	0.762
118821014	life.n.01	0.485
102046998	life.n.03	0.582
102047195	life.n.05	0.577
102048426	life.n.05	0.414
102050254	life.n.02	0.714
102051077	life.n.03	0.646
118828299	life.n.02	0.443
118828842	life.n.03	0.405
118829300	animation.n.01	0.578
102056952	life.n.02	0.455
102058163	animation.n.01	0.358
102058197	life.n.03	0.451
102061613	animation.n.01	0.438
102061677	life.n.01	0.758
102062473	life.n.01	0.823
102062791	life.n.05	0.458
102062863	life.n.02	0.426
102063107	life.n.02	0.358
102063702	life.n.03	0.492
102064010	life.n.03	0.515
102064073	animation.n.01	0.344
102065010	life.n.06	0.53
102066978	life.n.02	0.336
118849206	life.n.03	0.686
118851663	life.n.01	0.808
118852149	life.n.02	0.597
102076955	life.n.01	0.45
102078273	life.n.03	0.337
102078461	life.n.06	0.453
102078946	day.n.01	0.769
102079008	life.n.03	0.723
102079249	life.n.02	0.682
102079775	being.n.01	0.976
118857177	life.n.05	0.535
102081673	life.n.03	0.55
118860250	life.n.03	0.432
102085917	life.n.06	0.452
118867610	life.n.05	0.482
102092712	life.n.01	0.537
102094618	life.n.02	0.769
118874786	life.n.01	0.596
102100624	life.n.03	0.35
102100795	life.n.01	0.489
102100816	life.n.01	0.615
102100865	life.n.01	0.679
102100928	life.n.01	0.797
118879061	life.n.03	0.621
102101995	life.n.02	0.376
118879477	life.n.03	0.338
118881755	life.n.05	0.406
118881851	life.n.01	0.804
118882543	life.n.02	0.454
102106529	life.n.01	0.694
102107241	life.n.02	0.377
102110651	life.n.01	0.404
102111208	life.n.05	0.516
102111789	life.n.02	0.43
102111874	life.n.02	0.4
102117105	life.n.02	0.534
102118251	life.n.01	0.675
102118280	life.n.01	0.675
118895839	life.n.03	0.394
102118748	life.n.02	0.531
102119381	life.n.01	0.891
102119453	life.n.01	0.615
102124574	life.n.03	0.342
118902675	animation.n.01	0.301
102126272	life.n.01	0.852
102126717	life.n.05	0.508
118904976	life.n.01	0.597
102129180	life.n.05	0.434
102132213	life.n.03	0.718
102133832	being.n.01	0.945
102133844	life.n.02	0.435
102135535	animation.n.01	0.352
102137569	life.n.03	0.434
102138524	life.n.03	0.33
102138864	life.n.05	0.318
102139798	life.n.03	0.401
102139856	life.n.01	0.423
102140291	life.n.01	0.779
102140398	life.n.05	0.321
102141053	life.n.02	0.474
102141211	life.n.02	0.43
102141660	life.n.02	0.374
102141677	life.n.03	0.492
102141687	life.n.02	0.499
102142911	life.n.05	0.463
102143010	life.n.01	0.473
102143649	life.n.03	0.656
102143693	life.n.02	0.346
102146830	life.n.03	0.503
102147192	life.n.01	0.937
102147214	life.n.01	0.957
118925339	life.n.02	0.371
118925389	life.n.05	0.448
118925906	support.n.06	0.992
102149860	life.n.03	0.689
102150166	life.n.01	0.33
102151917	life.n.02	0.457
118929352	life.n.03	0.463
102152500	life.n.10	0.536
102153126	life.n.05	0.788
118930439	time.n.02	0.909
102154061	life.n.08	0.464
102154104	life.n.01	0.465
102154169	life.n.03	0.293
102154193	animation.n.01	0.322
102154233	life.n.03	0.542
102154279	life.n.03	0.349
102154387	life.n.01	0.478
102154466	life.n.03	0.587
102154560	life.n.01	0.575
102154571	worldly_concern.n.01	0.428
102154614	life.n.01	0.39
102154725	being.n.01	0.885
102154809	life.n.02	0.392
102154874	life.n.03	0.675
102154891	life.n.03	0.603
102154906	animation.n.01	0.551
102154939	life.n.02	0.293
102154954	animation.n.01	0.469
102154991	animation.n.01	0.745
102155062	animation.n.01	0.699
118932290	life.n.01	0.591
102155135	life.n.03	0.682
102155158	animation.n.01	0.652
118932699	life.n.02	0.285
118934350	life.n.02	0.37
118935996	life.n.01	0.818
118937082	life.n.01	0.687
118938075	support.n.06	None
102161677	life.n.10	0.289
118939376	life_style.n.01	None
118939540	life_style.n.01	None
102163427	animation.n.01	0.468
118940788	support.n.06	None
102163731	life.n.03	0.386
118941383	life.n.01	0.825
102164517	life.n.05	0.644
102170101	life.n.03	0.524
102173620	life.n.02	0.481
102175163	animation.n.01	0.661
102175927	life.n.02	0.476
102175962	life.n.05	0.608
102180094	life.n.05	0.475
102181093	life.n.05	0.887
102181110	life.n.05	0.821
102181619	animation.n.01	0.437
102181695	life.n.05	0.532
102183500	life.n.02	0.502
102187767	life.n.02	0.876
102192538	life.n.01	0.56
102200985	life.n.03	0.372
118980157	life.n.01	0.559
118980226	life.n.01	0.543
118980470	life.n.03	0.462
118980912	animation.n.01	0.659
118981052	animation.n.01	0.682
102204183	life.n.06	0.446
102204409	life.n.02	0.394
102204416	life.n.02	0.282
102204460	life.n.02	0.569
102204514	life.n.03	0.469
102204577	life.n.01	0.483
102204715	life.n.01	0.906
102204863	life.n.01	0.652
102204881	life.n.01	0.676
102205156	life.n.02	0.523
118983248	life.n.03	0.518
102210456	life.n.01	0.737
102215986	life.n.01	0.655
118993678	life.n.01	0.676
102217508	life.n.01	0.938
102218246	life.n.05	0.352
102221583	life.n.05	0.516
102222029	life.n.01	0.828
102223114	life.n.02	0.448
102223367	life.n.05	0.457
102223528	life.n.05	0.382
102223555	life.n.03	0.578
102226559	life.n.06	0.314
102226781	life.n.02	0.606
102226896	life.n.03	0.584
119004133	life.n.01	0.592
102226937	life.n.02	0.78
102227009	life.n.05	0.357
119004276	manner.n.01	0.813
102227097	life.n.02	0.57
102227301	life.n.05	0.578
102227316	life.n.03	0.497
102227666	life.n.06	0.388
102228157	life.n.02	0.418
102228202	life.n.05	0.464
102228248	life.n.02	0.607
102228251	life.n.02	0.607
102228357	life.n.01	0.607
102228426	life.n.01	0.62
102228449	life.n.03	0.492
102228480	life.n.03	0.244
102228489	life.n.03	0.35
102228533	life.n.01	0.934
102228547	life.n.01	0.892
102228570	life.n.01	0.869
102228632	life.n.01	0.888
102228658	life.n.01	0.747
102228730	animation.n.01	0.339
102228761	life.n.02	0.303
102228774	life.n.02	0.579
102228838	life.n.01	0.535
102228840	life.n.01	0.535
102228872	life.n.01	0.786
102230624	life.n.01	0.583
102231279	life.n.05	0.585
102233153	life.n.05	0.52
102237094	life.n.05	0.38
102240761	life.n.05	0.424
102240993	life.n.03	0.436
119019707	death.n.01	0.566
102242641	life.n.03	0.449
102242745	life.n.05	0.389
102242934	life.n.02	0.433
102243613	life.n.02	0.723
102245269	life.n.01	0.651
102247892	life.n.01	0.642
102248081	life.n.01	0.496
102250146	life.n.01	0.58
102251475	life.n.02	0.426
102251522	life.n.02	0.456
102251954	life.n.03	0.532
102251978	life.n.02	0.545
102253020	life.n.03	0.444
102253191	life.n.03	0.453
102253253	life.n.01	0.66
102253525	life.n.02	0.398
102253557	life.n.02	0.479
102257256	life.n.01	0.768
102258838	life.n.06	0.576
102259464	life.n.02	0.358
102260405	life.n.01	0.932
102260544	life.n.03	0.686
102261119	life.n.05	0.649
102261504	life.n.02	0.593
119039520	life.n.01	0.752
102262947	life.n.05	0.422
102263466	life.n.05	0.332
102268375	life.n.07	0.396
119045703	life.n.05	0.53
102268957	life.n.02	0.571
102270568	life.n.02	0.69
102272172	animation.n.01	0.451
102272612	life.n.02	0.335
102273484	life.n.06	0.343
102275107	life.n.05	0.309
102275899	animation.n.01	0.476
102280116	life.n.01	0.803
102281691	life.n.01	0.921
102285253	life.n.05	0.364
102286673	animation.n.01	0.712
102287167	life.n.05	0.576
102287394	life.n.02	0.806
102292287	life.n.01	0.455
102292879	life.n.05	0.568
102294975	life.n.03	0.426
102295613	life.n.05	0.618
102295764	life.n.06	0.442
102296526	life.n.05	0.559
102298176	support.n.06	None
102298653	life.n.01	0.415
102299420	life.n.02	0.538
102299476	life.n.03	0.544
102299605	life.n.01	0.891
102299813	life.n.05	0.331
102300285	life.n.05	0.422
102304828	life.n.05	0.34
102305412	life.n.03	0.728
102305478	life.n.02	0.649
102305584	life.n.05	0.32
102306934	life.n.01	0.462
119085945	support.n.06	0.99
102309424	life.n.06	0.788
102309627	life.n.02	0.859
102309794	life.n.03	0.236
102309815	life.n.03	0.373
102311719	life.n.03	0.554
102312083	life.n.05	0.419
102312108	life.n.05	0.339
102312745	life.n.05	0.55
119090947	life.n.01	0.544
119090995	life.n.01	0.516
102314022	life.n.05	0.661
119091242	life.n.01	0.864
102314447	life.n.02	0.502
102317005	life.n.02	0.569
119094939	life.n.02	0.355
119097964	life.n.01	0.698
119098402	animation.n.01	0.726
102322194	life.n.01	0.826
102322715	life.n.02	0.539
102322747	life.n.02	0.609
102323004	life.n.05	0.359
102323103	life.n.03	0.68
102323176	life.n.01	0.924
102323214	life.n.01	0.734
102323297	life.n.01	0.899
102324225	life.n.01	0.759
102324392	life.n.03	0.77
102324492	life.n.01	0.544
102325142	life.n.03	0.383
102325976	life.n.05	0.462
102326277	life.n.01	0.918
102327475	life.n.02	0.768
102328120	life.n.06	0.344
102334024	life.n.02	0.856
102334092	life.n.03	0.457
102365184	life.n.03	0.248
102365674	animation.n.01	0.646
102368784	animation.n.01	0.723
102369664	life.n.05	0.815
102375611	life.n.05	0.437
102383564	animation.n.01	0.736
102387948	animation.n.01	0.441
102390177	life.n.03	0.408
102390641	life.n.02	0.42
119168733	life.n.01	0.86
102391764	life.n.02	0.51
102393016	life.n.02	0.558
102393338	life.n.05	0.523
102393970	animation.n.01	0.393
102394159	animation.n.01	0.662
102394269	animation.n.01	0.604
102398943	life.n.05	0.348
102401387	support.n.06	0.985
102405139	life.n.01	0.701
102407688	animation.n.01	0.374
102407838	life.n.02	0.697
102408116	animation.n.01	0.59
102430806	life.n.06	0.361
102433231	life.n.02	0.414
102433487	life.n.03	0.611
102433631	life.n.02	0.566
102433698	life.n.03	0.665
102433736	life.n.02	0.489
102433758	life.n.02	0.487
102433874	life.n.02	0.552
102434196	life.n.03	0.64
102437814	support.n.06	None
102438067	life.n.02	0.632
102438136	life.n.06	0.464
102439432	animation.n.01	0.344
102439442	life.n.03	0.563
102439778	life.n.03	0.615
102439907	life.n.03	0.502
102439919	life.n.02	0.426
102439997	life.n.05	0.507
102442164	life.n.06	0.377
102443050	animation.n.01	0.866
102450679	life.n.03	0.535
102461241	life.n.03	0.44
110850310	life.n.02	0.834
110851043	life.n.03	0.452
110851518	life.n.06	0.447
110852061	life.n.05	None
102463470	life.n.03	0.69
110852530	life.n.06	0.501
110853211	life.n.03	0.4
110855326	life.n.01	0.33
102466916	life.n.06	0.586
110855674	life.n.06	0.417
102467148	life.n.03	0.659
110856878	life.n.03	0.563
110857117	life.n.06	0.535
110857902	life.n.01	0.776
102469411	life.n.03	0.339
102469804	life.n.03	0.645
110858724	life.n.05	0.283
102470568	life.n.06	0.473
110859257	life.n.06	0.363
102473652	animation.n.01	0.763
102476002	life.n.03	0.614
102476153	life.n.03	0.413
102477483	subsistence.n.01	0.507
102481544	biography.n.01	0.389
102482856	life.n.05	0.406
102486743	life.n.06	0.311
102487579	life.n.05	0.438
102489288	life.n.02	0.643
102490539	support.n.06	None
102501967	liveliness.n.02	0.566
102501986	life.n.02	0.366
119294450	life.n.02	0.397
119294913	animation.n.01	0.338
119295589	life.n.01	0.913
119295601	life.n.01	0.926
119338896	animation.n.01	0.716
119339862	life.n.02	0.363
119343556	life.n.05	0.335
119345496	life.n.05	0.514
119345703	life.n.01	0.572
119350696	life.n.05	0.834
119358578	life.n.05	0.628
119364617	life.n.02	0.32
119364758	life.n.02	0.601
119364922	animation.n.01	0.659
119383356	life.n.05	0.616
119391508	life.n.02	0.4
119392830	life.n.01	0.628
102645027	life.n.02	0.698
102646866	life.n.01	0.76
102653961	means.n.03	0.762
102654078	life.n.05	0.331
102654155	life.n.01	0.408
102654188	life.n.02	0.485
111150158	life.n.02	0.465
111161034	life.n.02	0.378
111165283	life.n.03	0.393
111176632	life.n.02	0.392
111200786	life.n.01	0.732
102979078	animation.n.01	0.524
103017590	animation.n.01	0.65
103021024	life.n.06	0.394
103021738	life.n.03	0.402
103027537	life.n.01	0.634
103052833	life.n.01	0.734
103055253	life.n.03	0.632
103057084	life.n.03	0.68
103065633	life.n.02	0.367
103073646	life.n.03	0.629
103080232	life.n.02	0.524
103080998	life.n.02	0.513
103082223	life.n.06	0.653
103090538	commercial_enterprise.n.02	0.503
103090909	animation.n.01	0.624
103094562	career.n.01	0.687
103094671	life.n.01	0.464
103098656	historic_period.n.01	0.865
103104672	life.n.05	0.394
103114678	life.n.03	0.528
103114747	life.n.13	0.54
103116489	career.n.01	0.677
103118822	career.n.02	0.681
103132748	death.n.02	0.563
103141673	life.n.03	0.658
103148207	animation.n.01	0.314
103150607	life.n.03	0.651
103150853	life.n.05	None
103150916	life.n.02	0.522
103151332	life.n.01	0.765
103155039	life.n.03	0.364
103155200	life.n.03	0.382
103155721	life.n.06	0.665
103155891	life.n.03	0.39
103158819	life.n.06	0.399
103165063	life.n.03	0.558
103183729	life.n.02	0.688
103192464	life.n.05	0.403
103194477	animation.n.01	0.758
103198085	life.n.03	0.482
103199462	life.n.01	0.627
103200687	life.n.01	0.446
103201376	life.n.01	0.406
103201891	life.n.01	0.406
103202319	life.n.02	0.515
103204448	life.n.03	0.713
103204658	life.n.03	0.436
103206331	life.n.03	0.72
103206428	life.n.03	0.681
103217013	life.n.02	0.717
103219259	life.n.01	0.442
103223201	animation.n.01	0.573
103241099	life.n.01	0.718
103246577	life.n.03	0.599
103251376	life.n.06	0.413
103270627	animation.n.01	0.808
103279604	life.n.03	0.55
103280073	life.n.02	0.513
103280873	life.n.01	0.35
103285146	life.n.06	0.747
103293915	life.n.01	0.747
103305705	life.n.06	0.373
103312127	life.n.01	0.565
103322705	life.n.02	0.625
103328161	life.n.01	0.73
103333078	support.n.06	None
103333943	life.n.01	0.664
103335638	support.n.06	0.571
103343265	life.n.03	0.678
103343950	animation.n.01	0.302
103344142	animation.n.01	0.614
103344539	animation.n.01	0.347
103347494	life.n.03	0.503
103347618	life.n.06	0.33
103347657	life.n.02	0.9
103347788	life.n.02	0.417
103347955	life.n.02	0.573
103348055	life.n.02	0.74
103348260	life.n.03	0.666
103349000	career.n.01	0.672
103364212	life.n.01	0.652
103364338	life.n.05	0.444
103364701	life.n.03	0.431
103365661	life.n.05	0.533
103366058	life.n.01	0.74
103379931	support.n.06	None
103381842	life.n.02	0.285
103383383	life.n.03	0.517
103386621	life.n.03	0.401
103388920	animation.n.01	0.368
103389220	life.n.03	0.43
103389266	life.n.03	0.496
103389483	life.n.03	0.453
103389668	life.n.01	0.459
103389859	life.n.03	0.592
103390997	life.n.05	0.365
103391103	life.n.05	0.555
103391569	life.n.03	0.574
103391693	life.n.03	0.634
103393881	life.n.02	0.34
103394265	animation.n.01	0.49
103395059	life.n.03	0.528
103395101	support.n.06	0.979
103395151	life.n.03	0.501
103395453	life.n.03	0.553
103395469	animation.n.01	0.628
103395538	animation.n.01	0.765
103403700	life.n.01	0.387
103406412	life.n.01	0.617
103406847	life.n.03	0.68
103413780	life.n.03	0.472
103417762	life.n.03	0.558
103420417	life.n.02	0.391
103423595	life.n.03	0.658
103424347	life.n.03	0.566
103426496	life.n.03	0.543
103427600	life.n.03	0.487
103427754	life.n.03	0.459
103428725	life.n.01	0.798
103430040	life.n.03	0.793
103430093	life.n.03	0.641
103430306	life.n.03	0.407
103432655	life.n.03	0.459
103442057	life.n.06	0.611
103444080	life.n.01	0.755
103445454	life.n.03	0.678
103449339	life.n.03	0.69
103455185	life.n.01	0.736
103455558	life.n.06	0.59
103458046	life.n.05	0.476
103459359	animation.n.01	0.394
103460571	animation.n.01	0.51
103460609	life.n.02	0.477
103460747	life.n.05	0.324
103460794	life.n.03	0.597
103461053	life.n.03	0.518
103461375	life.n.01	0.399
103468175	death.n.01	0.672
103468759	life.n.03	0.525
103469715	life.n.02	0.767
103473670	life.n.03	0.473
103589858	life.n.07	0.433
103593812	life.n.05	0.465
103593989	age.n.03	0.555
103653306	life.n.05	0.483
103665559	life.n.03	0.643
103665865	life.n.01	0.746
103666082	life.n.01	0.781
103666172	life.n.01	0.789
103666409	life.n.02	0.403
103666745	life.n.01	0.728
103666848	life.n.01	0.699
103669767	life.n.06	0.416
103682864	life.n.02	0.614
103689359	life.n.03	0.768
120551957	life.n.07	0.469
103778682	life.n.01	0.41
103785506	life.n.05	0.59
103785596	life.n.11	0.309
103791924	life.n.05	0.401
103808257	life.n.01	0.846
103808274	life.n.01	0.531
103809752	life.n.05	0.731
103809954	life.n.05	0.874
103810859	life.n.05	0.421
103812921	life.n.05	0.569
103836295	life.n.05	0.81
103838431	subsistence.n.02	0.69
103839074	life.n.02	0.791
103839780	being.n.01	0.982
120640164	life.n.03	0.566
120640341	life.n.03	0.527
120640553	animation.n.01	0.614
120643082	life.n.05	0.455
120643099	life.n.01	0.742
120643126	life.n.01	0.401
120643176	life.n.02	0.812
120643216	life.n.02	0.507
120643280	life.n.02	0.507
120648766	life.n.02	0.548
120649037	life.n.05	0.349
120650923	life.n.01	0.891
120651021	life.n.01	0.568
120651062	life.n.01	0.389
120651098	life.n.02	0.613
120651154	life.n.02	0.542
120651155	life.n.02	0.518
120651570	life.n.05	0.444
120652203	animation.n.01	0.659
120652306	life.n.02	0.408
120652622	life.n.01	0.465
120657504	being.n.01	0.983
120657566	life.n.01	0.441
120658069	being.n.01	0.814
120658317	being.n.01	0.931
120658413	being.n.01	0.951
120659567	life.n.01	0.499
120659679	being.n.01	0.95
120660044	being.n.01	0.851
120660073	life.n.03	0.664
120660280	life.n.03	0.517
120660373	life.n.02	0.366
120660420	life.n.03	0.297
120660459	life.n.02	0.36
120660862	life.n.01	0.51
120661114	life.n.02	0.611
120662332	life.n.01	0.723
120662396	being.n.01	0.89
120662427	being.n.01	0.978
103889773	life.n.05	0.928
120671234	life.n.01	0.886
120671484	life.n.05	0.389
120671892	life.n.03	0.394
120672335	life.n.03	0.36
120672590	being.n.01	0.97
120672677	life.n.03	0.433
120674221	life.n.03	0.474
120674728	life.n.01	0.703
103902985	life.n.05	0.633
103904951	life.n.05	None
103910533	manner.n.01	0.853
103910943	life.n.01	0.791
103911010	life.n.03	0.477
103911653	life.n.01	0.334
103911906	life.n.01	0.726
103911939	habit.n.02	0.909
120690367	life.n.01	0.708
120690928	life.n.02	0.41
120694191	life.n.02	0.576
103925428	life.n.01	0.602
103927065	life.n.01	0.428
103928613	subsistence.n.01	0.557
103929937	support.n.06	0.968
103932681	life.n.03	0.514
103935019	habit.n.02	0.625
103939134	life.n.01	0.801
120726344	world.n.02	0.487
120727225	life.n.03	0.412
120727276	behavior.n.01	0.838
120727370	life.n.03	0.529
103953644	life.n.06	0.456
120747697	support.n.06	None
103972723	life.n.01	0.803
120750723	life.n.03	0.418
120750735	life.n.03	0.446
120751405	life.n.03	0.67
103975329	home.n.01	0.719
103975435	home.n.01	0.406
120760026	animation.n.01	0.464
120764154	life.n.01	0.671
112385078	life.n.05	0.51
112385482	life.n.06	0.485
120775340	life.n.06	0.338
112387615	life.n.02	0.81
120778581	life.n.10	0.308
120781642	life.n.03	0.391
112397658	life.n.02	0.655
112401973	life.n.01	0.688
112406485	life.n.01	0.843
112413082	civilization.n.01	0.685
112413562	life.n.01	0.84
112415371	life.n.01	0.825
112417109	life.n.01	0.834
104033031	life.n.02	0.688
112436762	life.n.05	0.661
112441942	life.n.05	0.72
112451767	life.n.03	0.425
112452617	life.n.01	0.502
120874364	life.n.01	0.672
120878722	life.n.02	0.596
120880101	life.n.02	0.36
104105759	life.n.05	0.649
104159624	life.n.03	0.486
104161331	life.n.10	0.502
120942988	life.n.01	0.824
104181749	life.n.01	0.737
104182645	life.n.02	0.59
104183945	life.n.01	0.485
120967456	life.n.02	0.277
120969607	life.n.02	0.699
104196838	life.n.01	0.816
104196896	habit.n.02	0.885
104204253	life.n.01	0.783
104204335	life.n.01	0.676
104204811	life.n.01	0.669
104205161	life.n.01	0.751
104287738	life.n.02	0.58
121067977	animation.n.01	0.343
121069271	animation.n.01	0.458
121070287	life.n.02	0.503
104293756	life.n.02	0.678
121071018	life.n.02	0.421
121074740	life.n.02	0.363
104297976	life.n.01	0.611
121075859	animation.n.01	0.535
104298956	life.n.01	0.502
104299642	life.n.01	0.467
104300792	life.n.01	0.599
104300816	life.n.01	0.469
104300866	life.n.01	0.854
104300891	life.n.01	0.848
104300907	life.n.01	0.74
104301007	life.n.01	0.803
104301046	life.n.01	0.526
104307220	animation.n.01	0.48
104308422	life.n.01	0.886
104308459	life.n.03	0.522
104309071	life.n.01	0.868
104310560	life.n.01	0.826
104312488	life.n.01	0.684
121090439	life.n.01	0.578
104313242	life.n.06	0.366
104313464	life.n.03	0.451
104314031	life.n.05	0.384
121091395	life.n.01	0.42
104314438	life.n.07	0.356
104315563	life.n.05	0.317
104316022	life.n.03	0.437
121093295	life.n.01	0.653
104319175	life.n.01	0.565
104324138	life.n.10	0.259
104325277	life.n.05	0.413
104333507	life.n.01	0.845
104333548	life.n.01	0.746
104333622	life.n.02	0.38
104333638	life.n.02	0.594
104333666	life.n.01	0.847
104344257	life.n.01	0.468
104346962	life.n.01	0.767
104349632	life.n.02	0.76
104349955	life.n.05	0.394
104352686	life.n.01	0.795
104355721	life.n.01	0.834
104356353	life.n.02	0.43
104356464	animation.n.01	0.736
104356508	life.n.01	0.716
104356629	life.n.01	0.86
104356636	life.n.01	0.879
104356662	life.n.01	0.746
104357369	life.n.01	0.91
104357397	life.n.01	0.946
104357447	life.n.01	0.695
104357790	life.n.01	0.697
104357937	life.n.01	0.458
121135886	life.n.02	0.489
104358846	life.n.01	0.823
104359330	life.n.01	0.808
104360153	life.n.01	0.635
104360542	life.n.01	0.811
104360555	life.n.01	0.91
121138487	life.n.02	0.658
104363609	life.n.05	0.344
104364204	life.n.02	0.667
104364303	life.n.01	0.739
121143336	life.n.05	0.499
104367477	life.n.01	0.53
104367776	life.n.02	0.705
104367881	life.n.02	0.586
121152728	life.n.05	0.4
121155826	life.n.01	0.545
121160544	life.n.01	0.961
121179087	support.n.06	None
121181102	life.n.03	0.419
121190755	support.n.06	None
121191109	support.n.06	None
121191174	support.n.06	None
121191286	support.n.06	None
121191546	support.n.06	None
121191557	support.n.06	None
121191616	life.n.03	0.497
121192146	life.n.03	0.477
121192228	support.n.06	None
121192272	support.n.06	None
121192305	life.n.02	0.358
121192454	support.n.06	None
121192714	support.n.06	None
121193152	support.n.06	None
121193276	life.n.01	0.641
121193423	support.n.06	None
121193584	support.n.06	None
121193854	support.n.06	None
121193927	support.n.06	None
121196556	life.n.01	0.555
121196626	support.n.06	None
121196852	support.n.06	None
121198464	life.n.03	0.508
121198679	property.n.01	0.998
121199002	support.n.06	0.986
121199044	life.n.03	0.761
121199137	support.n.06	None
121199354	life.n.03	0.533
121199380	life.n.03	0.736
121199494	support.n.06	None
121199690	support.n.06	None
121199978	property.n.01	0.976
121201084	support.n.06	None
121201349	support.n.06	0.986
121201868	life.n.01	0.696
121203404	support.n.06	None
121203514	support.n.06	None
121204545	support.n.06	None
121205118	life.n.03	0.721
121206256	support.n.06	None
121206377	support.n.06	None
121206418	support.n.06	None
121206635	support.n.06	None
121207261	life.n.02	0.635
121207534	support.n.06	None
121211593	life.n.01	0.435
121212125	life.n.03	0.331
121216534	life.n.01	0.476
121217354	support.n.06	None
121217444	support.n.06	None
121217472	support.n.06	None
121217544	support.n.06	None
121217616	support.n.06	None
121217665	support.n.06	None
121217727	life.n.03	0.488
121217777	animation.n.01	0.687
121218869	support.n.06	None
121219717	support.n.06	None
121230464	support.n.06	None
121233109	support.n.06	None
121233301	life.n.01	0.699
121233560	life.n.02	0.637
121233664	life.n.03	0.677
121233696	life.n.03	0.841
121234739	support.n.06	None
121234754	life.n.02	0.607
121235626	life.n.02	0.538
121235916	life.n.10	0.319
121236877	support.n.06	None
121237150	life.n.02	0.498
121237560	support.n.06	None
104460504	life.n.05	0.759
121237787	life.n.03	0.603
121238956	life.n.02	0.736
121239263	support.n.06	None
121239590	support.n.06	None
121239700	support.n.06	None
121239777	support.n.06	None
121239816	life.n.01	0.424
121239926	support.n.06	None
121240676	support.n.06	None
121241046	support.n.06	None
121245467	support.n.06	None
121246011	support.n.06	None
104469196	life.n.01	0.579
104469353	animation.n.01	0.578
121246702	life.n.02	0.363
121248603	support.n.06	None
121248818	life.n.03	0.507
104473210	life.n.05	0.622
121250826	support.n.06	None
121253045	support.n.06	None
121255573	life.n.03	0.573
121256217	life.n.02	0.688
121256328	life.n.02	0.804
121257229	support.n.06	None
121257937	life.n.02	0.392
121258776	life.n.02	0.772
121258920	life.n.02	0.683
121259089	support.n.06	None
121259529	support.n.06	None
121261588	life.n.05	0.444
121261604	life.n.05	0.639
121262925	animation.n.01	0.427
104485721	support.n.06	0.975
121263822	support.n.06	None
121264229	life.n.03	0.806
121265485	support.n.06	None
121265735	life.n.03	0.491
121265770	life.n.02	0.683
121267496	life.n.06	0.35
121268182	support.n.06	None
121268197	support.n.06	None
121268377	support.n.06	None
121268551	support.n.06	None
104491532	life.n.02	0.926
104491849	life.n.02	0.806
104491861	life.n.02	0.474
104492058	life.n.02	0.343
121274112	support.n.06	None
104504285	life.n.01	0.433
104505697	life.n.02	0.461
121285634	support.n.06	None
121286051	support.n.06	None
121287459	life.n.02	0.782
121290924	support.n.06	None
121292256	life.n.02	0.863
121292286	life.n.03	0.378
121292501	life.n.05	0.532
121327379	support.n.06	None
121335988	life.n.02	0.53
121338519	fortune.n.04	0.788
121338889	fortune.n.02	0.866
121338933	fortune.n.04	0.69
121339177	fortune.n.04	0.452
104562372	life.n.01	0.925
121340719	life.n.03	0.354
121342384	animation.n.01	0.474
121343345	life.n.03	0.608
121343871	animation.n.01	0.356
121347151	life.n.03	0.514
121350383	life.n.05	0.33
104573666	life.n.02	0.47
121357908	biography.n.01	0.835
121358235	life.n.01	0.926
121366801	life.n.03	0.631
121367094	life.n.03	0.594
121367226	life.n.03	0.649
121370039	life.n.02	0.866
121370101	life.n.02	0.434
121370224	life.n.01	0.863
121371196	life.n.02	0.759
121375245	life.n.03	0.593
121375288	life.n.01	0.433
121376484	life.n.03	0.5
121376518	animation.n.01	0.853
121377040	earth.n.01	0.307
104601807	life.n.01	0.671
104601818	life.n.01	0.644
104602014	life.n.01	0.767
121383542	life.n.02	0.378
121384667	life.n.05	0.487
121385179	worldly_concern.n.01	0.387
121386148	earth.n.01	0.393
121386666	animation.n.01	0.458
121387315	life.n.03	0.541
121387767	life.n.01	0.832
121387856	life.n.03	0.47
121388159	life.n.01	0.627
121388609	earth.n.01	0.433
121389535	life.n.01	0.932
121389591	life.n.01	0.371
121390420	life.n.01	0.785
121390935	life.n.01	0.428
121395555	biography.n.01	0.735
121395590	life.n.01	0.821
121397431	animation.n.01	0.509
121400663	life.n.01	0.878
121405686	being.n.01	0.959
121405888	life.n.01	0.828
121406025	life.n.02	0.334
121406086	life.n.02	0.371
121406216	soul.n.01	0.921
121408161	animation.n.01	0.849
121414529	life.n.02	0.774
121414639	life.n.05	0.348
121418488	being.n.01	0.972
121418829	life.n.02	0.397
121421773	life.n.02	0.414
121421980	life.n.01	0.801
104645383	animation.n.01	0.276
104645407	life.n.03	0.423
121422674	life.n.05	0.481
121423062	life.n.03	0.679
121423872	life.n.03	0.563
121424640	life.n.02	0.438
121425641	life.n.03	0.62
121428354	life.n.03	0.593
121429049	life.n.01	0.446
121431827	life.n.01	0.945
121431955	life.n.01	0.732
121432008	life.n.01	0.659
121432099	life.n.01	0.653
121432509	life.n.01	0.86
121432830	life.n.05	0.399
121432969	life.n.03	0.459
121433364	life.n.01	0.482
121436753	life.n.02	0.339
121436857	life.n.01	0.71
121437980	life.n.01	0.487
121438000	life.n.01	0.627
121438089	life.n.01	0.655
121441296	animation.n.01	0.254
121441324	animation.n.01	0.344
121443507	animation.n.01	0.441
121444668	animation.n.01	0.544
121444836	life.n.01	0.534
121445126	life.n.01	0.793
121445390	life.n.01	0.768
121448437	life.n.05	0.37
121455619	life.n.01	0.726
121459253	animation.n.01	0.511
104685881	life.n.03	0.443
104686436	life.n.05	0.931
121469214	life.n.03	0.636
121474533	animation.n.01	0.332
121476036	life.n.01	0.798
121476101	life.n.01	0.705
104700474	life.n.05	0.976
121483672	life.n.01	0.741
121484089	life.n.01	0.825
121484095	life.n.01	0.825
121487595	life.n.02	0.553
121488302	biography.n.01	0.84
121489226	life.n.05	0.312
121489841	life.n.05	0.406
121494718	life.n.01	0.392
121497190	life.n.03	0.435
121499558	life.n.01	0.756
121503103	animation.n.01	0.381
121511463	life.n.01	0.741
121512978	life.n.01	0.475
121513076	life.n.01	0.83
121514036	life.n.03	0.525
121514155	life.n.03	0.614
121514169	life.n.03	0.694
121514224	life.n.01	0.69
121514346	life.n.01	0.464
121516957	earth.n.01	0.43
121520350	life.n.02	0.336
121521248	life.n.01	0.708
121522885	life.n.01	0.731
121524744	life.n.01	0.601
121528583	life.n.03	0.605
121529242	life.n.03	0.759
121529251	life.n.03	0.823
121535780	life.n.01	0.666
121539500	life.n.02	0.773
121539576	life.n.05	0.488
121539756	life.n.03	0.348
121541121	life.n.01	0.754
121542577	life.n.02	0.666
121542671	animation.n.01	0.438
121542730	life.n.01	0.418
104766868	life.n.01	0.581
121544669	life.n.05	0.474
121548061	life.n.01	0.965
121548711	life.n.06	0.343
121549226	life.n.02	0.542
121549261	life.n.02	0.553
121549301	life.n.02	0.414
121549469	animation.n.01	0.339
121549534	life.n.02	0.524
121549846	life.n.02	0.517
121549890	life.n.02	0.45
121550001	life.n.02	0.427
104773993	life.n.03	0.423
121552843	life.n.05	0.323
121552870	life.n.05	0.404
121555212	life.n.01	0.687
121555314	duty.n.01	0.648
121555496	life.n.01	0.617
104865815	life.n.02	0.348
104867876	life.n.03	0.32
104868862	animation.n.01	0.681
104870081	life.n.08	0.73
113305469	life.n.02	0.766
113306215	life.n.03	0.395
113314753	life.n.01	0.514
113322494	life.n.02	0.393
113324931	life.n.01	0.696
113325246	life.n.01	0.588
113326495	life.n.06	0.459
113326542	life.n.03	0.55
113327634	historic_period.n.01	0.934
113327929	life.n.01	0.648
113328024	life.n.02	0.687
113328069	life.n.02	0.508
113328224	life.n.03	0.408
113331289	life.n.02	0.762
113335725	life.n.05	0.493
113336623	life.n.05	0.363
113337075	life.n.03	0.731
113337106	life.n.05	0.363
113337612	death.n.01	0.699
113338080	life.n.02	0.666
113338140	life.n.05	0.612
113338192	life.n.05	0.631
113338647	life.n.01	0.855
113343501	life.n.01	0.477
113348800	life.n.05	0.38
113351186	life.n.03	0.542
113353247	life.n.01	0.803
113354164	life.n.02	0.615
113354678	life.n.03	0.558
113358549	life.n.03	0.527
113359712	behavior.n.01	0.847
113363096	life.n.03	0.468
113363900	life.n.02	0.361
113364051	animation.n.01	0.404
113368339	death.n.01	0.536
113371627	life.n.02	0.446
113377383	life.n.03	0.566
113378024	life.n.06	0.873
113379445	life.n.01	0.349
113379485	life.n.03	0.581
113379542	life.n.03	0.565
113379656	life.n.02	0.416
113381157	being.n.01	0.96
113381929	life.n.03	0.423
113382648	life.n.03	0.236
113384265	being.n.01	0.94
113387721	race.n.03	0.975
113388906	life.n.02	0.533
113391473	coevals.n.01	0.593
113395495	life.n.03	0.519
113398591	life.n.02	0.724
113401896	life.n.02	0.58
113402126	life.n.02	0.788
113402304	life.n.01	0.329
113402641	life.n.02	0.56
113404294	humanness.n.01	0.574
113405884	creed.n.01	0.681
113410758	life.n.03	0.455
113410795	world.n.08	None
113411454	life.n.05	0.433
113411490	life.n.01	0.573
113411532	life.n.03	0.486
113412636	life.n.03	0.628
113418140	dress.n.01	0.611
113418889	life.n.03	0.469
113418893	life.n.03	0.469
113422533	life.n.01	0.551
113426751	life.n.01	0.456
113429003	life.n.02	0.444
113430411	life.n.01	0.485
105041862	history.n.01	0.815
105041924	life.n.01	0.774
113430795	life.n.02	0.331
105042422	life.n.03	0.703
113431132	life.n.02	0.351
113431310	life.n.01	0.915
105042880	animation.n.01	0.384
113431678	life.n.01	0.813
105043309	life.n.03	0.614
105043382	life.n.05	0.346
105043417	life.n.05	0.318
105043734	life.n.03	0.512
105044286	life.n.03	0.417
113433376	biographer.n.01	None
113433764	life.n.01	0.462
113434781	life.n.03	0.396
113436586	life.n.02	0.334
105049165	life.n.02	0.373
105049327	life.n.01	0.394
105049412	life.n.02	0.471
105053525	life.n.02	0.792
105053616	life.n.02	0.733
105054502	life.n.03	0.494
105054622	life.n.02	0.652
105054656	life.n.02	0.831
105054663	life.n.02	0.692
105054679	life.n.02	0.786
105054894	life.n.05	0.389
105055582	life.n.02	0.456
113444252	life.n.06	0.439
105055996	life.n.03	0.461
105056475	life.n.01	0.641
105056544	life.n.03	0.758
105056616	life.n.05	0.335
113449649	character.n.06	0.851
113450214	life.n.02	0.466
105061931	life.n.06	0.543
105062018	life.n.03	0.46
105062350	finance.n.03	0.679
105064014	life.n.02	0.824
105064252	income.n.01	None
113453025	life.n.01	0.503
113453223	life.n.03	0.642
105064650	life.n.01	0.619
105064774	life.n.01	0.688
105064895	life.n.02	0.417
113454862	life.n.01	0.333
105066687	life.n.03	0.432
105067152	life.n.06	0.811
105067368	life.n.03	0.485
105067472	life.n.02	0.449
113463026	life.n.02	0.76
113463074	life.n.01	0.418
113463434	life.n.01	0.445
113464222	life.n.10	0.315
113464680	life.n.05	0.565
113464922	life.n.02	0.445
113465677	earth.n.04	0.606
113465828	life.n.01	0.526
113465905	life.n.02	0.337
113465930	life.n.03	0.406
113466638	life.n.01	0.702
113467234	life.n.02	0.498
113467382	life.n.02	0.711
105080433	life.n.02	0.326
113472369	life.n.06	0.5
113472386	life.n.03	0.642
113473251	life.n.01	0.404
113477813	life.n.03	0.381
113479508	life.n.03	0.504
113479872	career.n.01	0.755
113479999	life.n.03	0.402
113495588	universe.n.01	0.395
113497174	life.n.02	0.803
113498385	life.n.03	0.579
113500340	earth.n.01	0.564
113500535	earth.n.01	0.892
113501531	behavior.n.01	0.588
105117114	life.n.03	0.591
105119911	character.n.03	0.571
105127426	life.n.01	0.561
105127626	life.n.02	0.653
113518604	race.n.03	0.974
113526547	life.n.01	0.633
113526560	history.n.01	0.658
105138866	supply.n.01	0.966
113527577	animation.n.01	0.386
113530909	animation.n.01	0.778
113532990	support.n.06	0.69
113534191	life.n.03	0.474
105149579	life.n.01	0.532
113540234	life.n.03	0.663
113540302	life.n.01	0.437
113542505	animation.n.01	0.812
113544783	life.n.03	0.674
105161315	possession.n.02	0.985
105161577	property.n.01	0.985
105161797	life.n.03	0.446
105161969	life.n.06	0.464
121939864	life.n.03	0.392
113554034	life.n.03	0.362
105166352	life.n.01	0.897
105166661	animation.n.01	0.824
113555321	life.n.06	0.543
105166777	life.n.05	0.479
113556284	life.n.02	0.582
113558317	life.n.03	0.191
113558870	life.n.02	0.393
113558873	life.n.02	0.393
105170691	life.n.05	0.477
105170720	life.n.03	0.496
113559336	life.n.02	0.748
113559889	animation.n.01	0.324
105172462	refuge.n.03	0.648
105173774	life.n.02	0.417
113564386	life.n.03	0.57
113565613	life.n.06	0.483
113566068	life.n.03	0.631
113566368	life.n.03	0.391
113566577	life.n.01	0.677
113566635	life.n.03	0.641
121955712	life.n.03	0.663
113567526	life.n.02	0.28
113567686	life.n.01	0.67
113568162	life.n.01	0.457
105183149	death.n.01	0.517
105183393	life.n.02	0.511
113573764	life.n.01	0.966
113576486	life.n.02	0.401
121965097	life.n.02	0.693
121965289	life.n.01	0.657
121965781	animation.n.01	0.354
105188961	fortune.n.04	0.835
105188997	life.n.03	0.649
121967344	life.n.03	0.556
121967680	life.n.03	0.825
121967772	life.n.03	0.708
121968214	life.n.03	0.568
121970706	life.n.01	0.749
121971367	life.n.01	0.846
121971917	life.n.02	0.486
121972266	life.n.01	0.591
113584641	life.n.05	0.309
113584649	span.n.02	0.318
121973763	animation.n.01	0.381
113586308	life.n.06	0.656
113586334	life.n.05	0.339
113587250	life.n.01	0.855
113587407	life.n.02	0.331
113587548	life.n.05	0.289
113587646	life.n.06	0.442
105199904	life.n.06	0.38
105199915	life.n.06	0.38
105201341	life.n.01	0.576
113591563	life.n.02	0.45
113592767	luxury.n.01	0.595
105206769	custom.n.01	0.913
105206941	life.n.01	0.472
105207028	life.n.06	0.324
105207146	life.n.03	0.67
113598861	life.n.06	0.249
121987836	life.n.05	0.476
121988829	life.n.02	0.499
121988848	life.n.02	0.447
113600596	life.n.03	0.621
105212048	life.n.01	0.69
121990572	life.n.01	0.623
121990638	life.n.01	0.527
121991342	life.n.03	0.477
113603350	life.n.03	0.418
113603395	animation.n.01	0.522
113603598	life.n.03	0.295
113603909	life.n.05	0.438
105217477	property.n.01	0.964
113606154	life.n.02	0.592
113606941	life.n.03	0.632
113607406	world.n.03	0.373
113607437	life.n.02	0.465
113608316	support.n.06	None
113608497	life.n.02	0.635
113609158	life.n.03	0.661
113609239	life.n.03	0.621
105222002	life.n.01	0.934
105222084	life.n.01	0.73
105222135	life.n.01	0.86
105222331	property.n.01	0.984
105229405	life.n.06	0.375
105229979	life.n.03	0.716
113618976	life.n.03	0.559
105235869	life.n.06	0.307
113626133	support.n.06	None
105237654	life.n.01	0.8
105237712	animation.n.01	0.952
105244057	animation.n.01	0.928
105244905	wealth.n.01	0.585
113636393	life.n.03	0.629
105247929	animation.n.01	0.734
105251405	life.n.01	0.678
105252770	life.n.01	0.857
105256347	fortune.n.04	0.599
105256412	life.n.01	0.717
105258193	life.n.03	0.509
105262548	society.n.01	0.958
105269506	behavior.n.01	0.851
105269654	life.n.05	0.404
105271004	life.n.03	0.576
105271424	life.n.05	0.503
105271783	life.n.01	0.58
105271842	life.n.03	0.615
105272115	life.n.01	0.48
105272252	life.n.03	0.503
105272282	life.n.03	0.577
105273550	life.n.05	0.416
105273927	animation.n.01	0.823
105273950	life.n.05	0.422
105274139	life.n.01	0.912
105274483	life.n.01	0.703
105278437	life.n.05	0.407
105282132	life.n.02	0.811
105283125	biography.n.01	None
105287292	life.n.02	0.59
105290315	animation.n.01	0.529
105290524	life.n.03	0.497
105293680	life.n.03	0.408
105293977	dwelling.n.01	0.924
105297695	property.n.01	0.986
105300385	life.n.05	0.47
105302872	life.n.06	0.356
105309271	life.n.02	0.482
105309301	life.n.03	0.707
105314433	life.n.03	0.452
105318258	life.n.03	0.441
105319824	fortune.n.04	0.745
105320031	life.n.03	0.507
105320098	life.n.03	0.424
105320122	life.n.03	0.64
105331061	animation.n.01	0.561
105331176	life.n.02	0.575
105331267	life.n.08	0.358
105332010	life.n.06	0.308
105333599	life.n.06	0.449
105334652	life.n.01	0.453
105334691	life.n.03	0.684
105335097	support.n.06	0.989
105335399	animation.n.01	0.83
105337113	life.n.05	0.508
105337521	life.n.06	0.384
105338264	life.n.03	0.419
105338894	animation.n.01	0.396
113729998	life.n.05	0.404
105344746	life.n.01	0.768
105345778	animation.n.01	0.875
105347756	life.n.05	0.469
105350202	animation.n.01	0.668
105350218	animation.n.01	0.668
105352808	animation.n.01	0.595
105359301	support.n.06	0.99
105361064	life.n.01	0.582
105361196	life.n.06	0.476
105362213	life.n.01	0.637
105369623	life.n.03	0.591
105369736	life.n.05	0.425
105375140	fortune.n.04	0.57
105375299	fortune.n.04	0.697
105375354	fortune.n.02	0.922
105380186	life.n.03	0.558
105380451	life.n.01	0.506
105382967	day.n.06	0.452
105387616	day.n.02	0.289
105403715	life.n.05	0.497
105403762	life.n.03	0.567
105403912	means.n.03	0.559
105404164	life.n.03	0.413
105404739	being.n.01	0.905
105409530	behavior.n.01	0.916
105410970	animation.n.01	0.889
105413804	life.n.03	0.28
105420948	animation.n.01	0.793
105422802	life.n.10	0.455
105424796	death.n.01	0.648
105426179	life.n.05	0.547
105426359	life.n.01	0.798
105427510	support.n.06	0.996
105435917	life.n.05	0.348
105437069	behavior.n.01	0.863
105437086	life.n.03	0.566
105438183	life.n.05	0.396
105439871	life.n.05	0.438
105439919	life.n.05	0.438
105453787	life.n.06	0.462
105453846	life.n.01	0.721
105454015	life.n.06	0.414
105459623	life.n.01	0.435
105460979	behavior.n.01	0.883
105462095	life.n.03	0.414
122676137	life.n.03	0.395
113925498	life.n.03	0.599
113927450	life.n.03	0.447
113929025	life.n.10	0.691
105681144	animation.n.01	0.482
105682854	life.n.01	0.809
105741162	life.n.03	0.469
105745223	universe.n.01	0.543
105746182	support.n.06	None
105768785	life.n.03	0.666
105769460	life.n.02	0.6
105772209	life.n.05	0.537
105773728	animation.n.01	0.694
105774265	life.n.01	0.312
105774284	life.n.02	0.462
105774777	life.n.03	0.505
105775430	animation.n.01	0.754
105775662	animation.n.01	0.572
105775957	life.n.02	0.605
105775963	life.n.02	0.605
105776037	life.n.03	0.38
105813451	life.n.01	0.792
105813756	life.n.01	0.807
105814570	support.n.06	0.99
105823295	support.n.06	None
105823697	life.n.05	0.455
105824863	life.n.03	0.684
105824915	support.n.06	None
105824933	animation.n.01	0.434
105825086	support.n.06	None
105825257	support.n.06	None
105829364	support.n.06	None
105829732	animation.n.01	0.441
122611941	life.n.05	0.584
122613833	life.n.06	0.491
122615723	life.n.02	0.564
122617322	life.n.01	0.918
122621212	career.n.02	0.826
122621933	life.n.02	0.474
122625793	life.n.03	0.365
122626163	biography.n.01	None
122628280	animation.n.01	0.304
122628776	life.n.03	0.461
122629133	biography.n.01	0.939
122630246	life.n.01	0.738
122635567	animation.n.01	0.352
122636103	life.n.10	0.452
122636138	life.n.10	0.28
122639963	animation.n.01	0.382
122640244	life.n.03	0.758
122641337	life.n.01	0.469
122645821	life.n.02	0.35
122645905	life.n.02	0.693
122647370	life.n.03	0.582
122647420	biography.n.01	0.981
122647440	life.n.10	0.306
122651064	life.n.01	0.486
122654304	life.n.10	0.322
122654828	life.n.02	0.337
122655223	life.n.01	0.449
122657483	life.n.03	0.503
122657682	life.n.01	0.921
122658655	life.n.02	0.793
122660904	life.n.01	0.661
122661887	biography.n.01	0.988
122662380	maintenance.n.02	0.686
122663392	life.n.08	0.288
122666944	life.n.01	0.551
122667205	life.n.02	0.506
122670280	life.n.02	0.697
122670339	support.n.06	None
122672024	life.n.06	0.636
122672088	life.n.02	0.465
122672271	life.n.03	0.304
122672829	life.n.02	0.869
122672917	life.n.01	0.537
122673617	animation.n.01	0.456
122675491	life.n.01	0.575
122675902	day.n.05	0.43
122676165	life.n.01	0.842
122676508	life.n.10	0.258
122676810	animation.n.01	0.403
122680615	biography.n.01	0.885
122683884	life.n.02	0.559
122686352	life.n.02	0.663
122686477	life.n.02	0.729
122688159	animation.n.01	0.555
122688180	animation.n.01	0.594
122688190	life.n.01	0.523
122690238	life.n.02	0.661
122690777	life.n.02	0.794
122690927	life.n.01	0.815
122690963	life.n.02	0.621
122695461	life.n.01	0.718
122697606	support.n.06	None
122699929	life.n.02	0.653
122699956	life.n.02	0.645
122700084	life.n.02	0.328
122700473	life.n.01	0.776
122700981	life.n.05	0.533
122701369	life.n.11	0.441
122703270	biography.n.01	0.94
122704011	life.n.01	0.553
122704921	life.n.01	0.37
122709617	animation.n.01	0.395
122709795	life.n.03	0.52
122713038	animation.n.01	0.681
122713097	life.n.01	0.375
122714010	life.n.05	0.272
122714897	life.n.02	0.659
122715096	life.n.01	0.525
122719592	life.n.02	0.762
122719714	animation.n.01	0.616
122719725	animation.n.01	0.54
122720411	biography.n.01	0.976
122721151	biography.n.01	0.991
122721650	life.n.02	0.882
122722404	biography.n.01	0.99
122723138	life.n.06	0.408
122723935	life.n.01	0.369
122724790	life.n.02	0.411
122729689	life.n.02	0.366
122729850	life.n.01	0.341
122729937	life.n.02	0.451
122733254	life.n.03	0.766
122733313	life.n.02	0.801
122734647	life.n.02	0.597
122734740	life.n.02	0.613
122735452	life.n.03	0.677
122735729	animation.n.01	0.669
122736020	life.n.03	0.462
122736141	life.n.02	0.625
122736177	life.n.02	0.831
122736184	life.n.02	0.705
122736201	life.n.02	0.754
122736415	life.n.05	0.379
122738984	life.n.03	0.428
122740407	life.n.01	0.54
122740537	life.n.02	0.764
122743585	life.n.05	0.548
122743621	life.n.03	0.42
122744047	life.n.03	0.549
122744420	life.n.03	0.359
122761556	life.n.03	0.455
122764722	world.n.08	None
122765378	animation.n.01	0.828
122766895	action.n.02	0.514
106113724	life.n.02	0.354
106116087	life.n.01	0.345
106116178	life.n.02	0.49
106118510	animation.n.01	0.42
106118702	life.n.05	0.689
106120020	animation.n.01	0.367
106120565	animation.n.01	0.591
106122940	being.n.01	0.934
106122951	life.n.01	0.431
106123021	life.n.02	0.609
106123353	life.n.05	0.426
106123362	life.n.02	0.442
106123957	life.n.01	0.543
106124247	life.n.05	0.353
106124321	food.n.01	0.901
106124481	life.n.01	0.651
106129120	life.n.02	0.747
106133316	life.n.01	0.941
106133348	life.n.02	0.333
106133378	life.n.02	0.333
106137537	life.n.02	0.52
106138564	life.n.02	0.297
106140052	life.n.01	0.404
106140391	life.n.01	0.542
106140736	life.n.02	0.719
106140785	life.n.05	0.665
106141330	life.n.01	0.425
106147627	life.n.02	0.439
106158968	life.n.03	0.451
106159908	life.n.02	0.735
106160718	life.n.05	0.454
106161029	life.n.03	0.449
106161177	life.n.05	0.442
106161530	life.n.01	0.873
106163269	life.n.02	0.516
106163343	animation.n.01	0.518
106163605	animation.n.01	0.517
106167640	life.n.02	0.346
106169216	life.n.05	0.475
106170700	life.n.01	0.847
106170791	life.n.02	0.627
106171565	life.n.02	0.476
106171821	life.n.01	0.836
106172881	subsistence.n.02	0.53
106174906	life.n.02	0.7
106178629	life.n.02	0.417
106179671	life.n.02	0.415
106182583	life.n.02	0.725
106183275	life.n.05	0.393
106183327	animation.n.01	0.378
106184308	life.n.01	0.658
106184378	life.n.02	0.351
106185349	life.n.03	0.447
106185961	life.n.01	0.921
106186304	life.n.02	0.602
106187912	animation.n.01	0.548
106187926	animation.n.01	0.324
106188499	life.n.02	0.559
106189643	life.n.03	0.352
106192386	life.n.02	0.794
106193868	life.n.02	0.672
106195142	life.n.03	0.496
106195993	life.n.01	0.466
106196497	life.n.03	0.581
106196595	animation.n.01	0.492
106198353	animation.n.01	0.487
106199196	life.n.03	0.703
106201166	life.n.03	0.631
106201757	life.n.03	0.623
106201798	animation.n.01	0.405
106204265	life.n.02	0.275
106204932	life.n.02	0.881
106206418	life.n.02	0.357
106207074	animation.n.01	0.663
106209176	life.n.02	0.766
106209270	life.n.02	0.772
106209406	life.n.03	0.468
106209437	life.n.02	0.504
106209519	life.n.03	0.667
106210592	life.n.01	0.409
106211569	life.n.02	0.518
106213717	life.n.02	0.639
106214455	life.n.03	0.547
106215884	life.n.01	0.637
106216582	life.n.01	0.697
114605455	life.n.05	0.447
114605467	life.n.02	0.432
106217447	animation.n.01	0.594
106220335	life.n.03	0.551
106221805	life.n.02	0.647
106222355	life.n.01	0.403
106222796	life.n.01	0.897
106223838	life.n.01	0.473
106223927	life.n.02	0.657
106226005	animation.n.01	0.662
106227950	life.n.03	0.514
106228393	life.n.05	0.421
106228425	life.n.01	0.639
106229294	life.n.02	0.753
106229746	animation.n.01	0.374
106230575	life.n.03	0.586
106233430	life.n.01	0.455
106238852	life.n.02	0.659
106241317	life.n.02	0.712
106242822	life.n.01	0.562
106243873	life.n.02	0.772
106244744	animation.n.01	0.676
106245648	life.n.02	0.77
106245664	animation.n.01	0.724
106246588	life.n.01	0.48
106246675	life.n.01	0.641
106246746	animation.n.01	0.477
106248607	life.n.01	0.818
114637389	nutriment.n.01	0.437
106249114	life.n.02	0.787
114637740	life.n.03	0.568
114637833	animation.n.01	0.634
106249574	life.n.01	0.839
106249713	life.n.05	0.454
114638353	life.n.02	0.594
106249784	life.n.02	0.645
106252309	life.n.06	0.409
114640957	life.n.02	0.553
114641027	life.n.01	0.885
106252678	life.n.01	0.764
106253243	life.n.01	0.572
106253396	life.n.01	0.486
106253595	life.n.02	0.751
106254683	life.n.01	0.64
114644211	life.n.02	0.508
114644354	support.n.06	None
106256413	animation.n.01	0.298
106258099	life.n.03	0.371
106260764	life.n.05	0.484
106260793	life.n.03	0.401
106262279	life.n.01	0.445
106262419	life.n.02	0.522
106262910	animation.n.01	0.495
114652372	life.n.01	0.84
106264341	life.n.10	0.493
123043744	life.n.01	0.449
123046733	life.n.02	0.618
123046964	life.n.01	0.573
123047021	life.n.02	0.62
123047300	life.n.02	0.419
106270636	life.n.03	0.517
123048319	life.n.06	0.679
123049073	life.n.02	0.516
123049179	life.n.01	0.542
123049185	life.n.01	0.627
123049918	life.n.03	0.671
106273333	animation.n.01	0.326
106273510	life.n.01	0.682
114662503	life.n.05	0.386
106274273	life.n.03	0.596
114662950	life.n.02	0.657
106275467	animation.n.01	0.55
106276195	life.n.01	0.421
106276551	life.n.01	0.278
114666199	life.n.05	0.403
106277940	life.n.03	0.706
106278192	life.n.02	0.541
106278917	life.n.01	0.317
123056223	life.n.01	0.389
106279446	life.n.02	0.534
106279809	life.n.03	0.681
106280219	life.n.01	0.455
106280595	life.n.02	0.349
106281068	life.n.02	0.492
106286510	animation.n.01	0.713
106286610	life.n.03	0.578
106286809	animation.n.01	0.42
106286937	life.n.01	0.681
106287241	animation.n.01	0.703
106288846	life.n.03	0.468
106290512	life.n.03	0.371
106290594	life.n.02	0.319
123068277	life.n.10	0.266
123069573	life.n.02	0.363
106295758	life.n.02	0.351
106297977	life.n.03	0.461
106300992	life.n.03	0.413
106301295	animation.n.01	0.294
106302189	life.n.02	0.378
106302640	life.n.02	0.606
106303298	life.n.01	0.266
106305595	animation.n.01	0.423
106305643	life.n.03	0.299
106305690	life.n.03	0.299
106305939	life.n.01	0.363
106306171	life.n.02	0.398
106306493	life.n.01	0.572
123083791	life.n.02	0.409
106306606	life.n.03	0.543
123083975	life.n.02	0.344
106307888	life.n.02	0.477
106312250	animation.n.01	0.509
106313332	life.n.03	0.535
106314339	life.n.03	0.403
106314991	life.n.01	0.887
106315094	life.n.01	0.759
106315163	life.n.02	0.587
106315192	life.n.01	0.665
106315201	life.n.02	0.352
106315246	life.n.01	0.312
106315251	life.n.02	0.274
106315474	life.n.02	0.36
106315627	life.n.02	0.467
106315670	animation.n.01	0.693
106315726	animation.n.01	0.488
106315851	life.n.01	0.551
106315966	life.n.10	0.448
123093455	life.n.02	0.512
106316384	animation.n.01	0.677
106316604	life.n.02	0.32
106316633	being.n.01	0.932
106316790	animation.n.01	0.533
106316874	animation.n.01	0.394
123094233	life.n.01	0.762
123094884	life.n.03	0.651
123095078	life.n.02	0.838
123095118	life.n.01	0.507
123095128	way.n.05	0.97
123096982	life.n.02	0.677
106319921	animation.n.01	0.306
106320431	life.n.02	0.724
106320751	life.n.01	0.704
106320788	life.n.02	0.328
106321696	life.n.02	0.828
106322092	animation.n.01	0.633
106322094	animation.n.01	0.761
106322613	life.n.05	0.303
106322696	life.n.02	0.344
123100586	life.n.03	0.326
106323834	life.n.01	0.598
106324753	life.n.02	0.648
123102437	life.n.03	0.247
106325457	life.n.01	0.496
123102701	animation.n.01	0.409
123102859	life.n.03	0.418
123102874	life.n.03	0.418
123103114	life.n.02	0.371
106328022	moment.n.01	0.671
106328135	life.n.05	0.434
106328437	life.n.02	0.277
106328760	life.n.02	0.785
106330457	life.n.02	0.694
106331780	life.n.01	0.734
106331790	life.n.02	0.481
106335517	life.n.03	0.404
106336460	life.n.06	0.363
106338129	life.n.02	0.741
106338181	life.n.02	0.514
106338253	life.n.01	0.349
123117549	animation.n.01	0.241
106341145	life.n.05	0.274
123121258	life.n.02	0.377
106344247	life.n.03	0.357
123121480	liveliness.n.02	0.248
123121511	life.n.02	0.565
106346430	life.n.02	0.52
106348002	life.n.02	0.535
106348272	life.n.02	0.494
106348727	life.n.01	0.807
106348750	life.n.03	0.463
106348926	life.n.02	0.678
106349003	life.n.02	0.43
106349042	life.n.01	0.365
106349229	life.n.03	0.6
106349773	animation.n.01	0.49
106350326	life.n.03	0.493
106350377	life.n.03	0.398
106351691	animation.n.01	0.452
106351951	life.n.01	0.677
106352042	life.n.01	0.773
106353520	life.n.02	0.388
106353787	life.n.02	0.661
106354590	life.n.03	0.619
106355658	life.n.03	0.345
123133018	life.n.06	0.35
106357499	life.n.03	0.362
123135012	life.n.05	0.879
123135083	life.n.02	0.496
123135129	life.n.02	0.494
106358264	life.n.02	0.785
106358400	life.n.01	0.687
106358442	animation.n.01	0.486
106359168	life.n.01	0.402
106359239	life.n.01	0.9
106359297	life.n.01	0.552
106359541	life.n.02	0.72
106359754	life.n.02	0.454
106360067	animation.n.01	0.333
106360849	life.n.01	0.494
106361228	life.n.03	0.371
106361339	life.n.03	0.371
106362592	life.n.02	0.37
106362707	life.n.02	0.629
123140082	life.n.03	0.723
123140089	career.n.02	0.665
123140106	life.n.03	0.478
123140177	life.n.06	0.626
123140212	life.n.05	0.413
106363100	life.n.05	0.523
106363235	life.n.02	0.658
106363355	life.n.05	0.543
106363391	life.n.01	0.803
106363496	life.n.03	0.479
106364015	life.n.02	0.466
123141347	life.n.02	0.792
106364373	life.n.02	0.448
106365976	life.n.02	0.687
106366109	life.n.01	0.748
106367753	life.n.01	0.862
106368562	life.n.01	0.472
106369240	life.n.02	0.819
106371017	life.n.01	0.759
106371031	life.n.01	0.495
106371337	life.n.01	0.482
106371393	life.n.05	0.448
106371939	life.n.01	0.663
106372041	life.n.03	0.397
106372210	life.n.01	0.766
106372588	life.n.01	0.595
106372757	life.n.01	0.429
106373106	life.n.03	0.566
106373264	life.n.02	0.427
106374224	life.n.02	0.357
106374653	life.n.01	0.773
106376002	life.n.01	0.788
106376113	life.n.02	0.613
123156585	life.n.01	0.611
106379764	life.n.05	0.52
106380202	animation.n.01	0.58
106382874	life.n.03	0.43
106383183	animation.n.01	0.362
106384552	life.n.03	0.418
106384557	life.n.03	0.486
106384994	life.n.06	0.365
106385034	life.n.06	0.431
106385257	life.n.01	0.788
106385680	life.n.02	0.472
106386122	life.n.03	0.501
106386183	life.n.01	0.42
106387286	life.n.03	0.311
106389398	life.n.02	0.585
106390999	life.n.03	0.617
106393034	life.n.13	0.509
106393785	life.n.02	0.769
106393905	life.n.02	0.867
123171168	life.n.01	0.471
106398784	life.n.03	0.543
106400756	life.n.03	0.656
106400878	biography.n.01	0.948
106400994	life.n.03	0.794
106401082	life.n.03	0.762
123178953	life.n.01	0.414
106402437	life.n.01	0.628
106402477	life.n.03	0.535
106402485	life.n.03	0.583
106402489	life.n.03	0.504
106403590	life.n.02	0.653
106405894	life.n.05	0.328
106410064	life.n.03	0.486
106410157	life.n.01	0.821
106411505	life.n.02	0.407
106412247	life.n.02	0.447
106412984	life.n.02	0.607
106413299	life.n.05	0.38
106413382	life.n.02	0.364
123191763	life.n.06	0.651
106414764	life.n.05	0.518
106422133	life.n.03	0.554
106423778	biography.n.01	0.834
106427736	animation.n.01	0.623
106428474	life.n.03	0.59
106428494	life.n.02	0.539
106428541	life.n.03	0.65
106430258	animation.n.01	0.376
106430427	life.n.01	0.749
106430543	life.n.02	0.387
106431863	animation.n.01	0.571
106432192	life.n.05	0.402
106432378	animation.n.01	0.527
106433277	life.n.03	0.456
106435953	life.n.03	0.25
106436242	life.n.05	0.303
106436335	life.n.02	0.519
106436470	life.n.03	0.361
106436493	life.n.03	0.617
106439247	animation.n.01	0.641
106439869	life.n.02	0.465
106440870	life.n.10	0.803
106442204	animation.n.01	0.458
106442215	life.n.05	0.451
106442294	life.n.01	0.864
106442723	life.n.03	0.48
106443216	life.n.05	0.472
106443452	animation.n.01	0.79
106444753	life.n.02	0.752
106445887	life.n.03	0.502
106447695	life.n.02	0.527
106449286	life.n.02	0.29
106449420	life.n.03	0.521
106449530	life.n.02	0.569
106450029	life.n.02	0.619
106451503	life.n.03	0.458
106451765	life.n.02	0.801
106452313	life.n.01	0.601
106452441	life.n.05	0.489
106453748	animation.n.01	0.7
106454730	life.n.02	0.503
106454840	life.n.02	0.601
106455264	life.n.05	0.541
106457851	life.n.03	0.307
106457884	life.n.03	0.554
106458071	animation.n.01	0.749
106459444	life.n.03	0.373
106459461	life.n.05	0.342
106461597	life.n.03	0.364
106462878	life.n.01	0.572
106465363	life.n.02	0.523
106465419	life.n.01	0.777
106466377	life.n.01	0.424
106467126	life.n.02	0.34
106468152	luxury.n.03	0.625
106468182	support.n.06	0.505
106468208	life.n.01	0.779
106469887	life.n.01	0.57
106470052	life.n.01	0.449
106470245	life.n.05	0.335
106470353	life.n.02	0.633
106470586	life.n.02	0.386
106471224	life.n.03	0.546
106471338	life.n.01	0.851
106471384	life.n.02	0.514
106471586	life.n.01	0.746
106471693	animation.n.01	0.313
106471787	life.n.02	0.499
106472923	animation.n.01	0.271
106474563	life.n.02	0.674
106474947	animation.n.01	0.377
106475773	life.n.02	0.731
106477041	life.n.01	0.518
106477801	life.n.03	0.634
106478031	life.n.02	0.503
106480691	life.n.02	0.668
106482354	life.n.01	0.417
106483666	life.n.02	0.262
106483812	animation.n.01	0.659
106484015	life.n.06	0.332
106486794	animation.n.01	0.464
106486821	life.n.10	0.445
106487063	animation.n.01	0.92
106487277	life.n.01	0.712
106487387	animation.n.01	0.567
106491050	life.n.02	0.422
106491241	life.n.03	0.603
106491301	life.n.05	0.658
106492090	animation.n.01	0.456
106493513	life.n.03	0.415
106493960	life.n.01	0.362
106494225	life.n.01	0.486
106497048	animation.n.01	0.816
106497191	life.n.02	0.454
106498754	animation.n.01	0.685
106500069	life.n.02	0.673
106500203	life.n.02	0.7
106500285	life.n.02	0.466
106500443	life.n.02	0.415
106501613	life.n.01	0.674
106501859	happiness.n.01	0.794
106502244	life.n.01	0.665
106502657	life.n.02	0.703
106503701	life.n.01	0.883
106504280	life.n.02	0.459
106504502	life.n.03	0.386
106506150	animation.n.01	0.63
106506199	life.n.03	0.403
106506296	life.n.05	0.452
106507093	life.n.01	0.584
106507265	life.n.02	0.521
123284950	life.n.01	0.551
123284958	life.n.01	0.439
106507752	life.n.01	0.89
106508180	life.n.02	0.713
106509612	life.n.01	0.716
106509698	life.n.02	0.528
106510455	life.n.01	0.408
106511288	life.n.01	0.51
106511895	animation.n.01	0.493
106512510	animation.n.01	0.637
106512948	life.n.02	0.392
106513164	life.n.03	0.59
106513195	life.n.03	0.619
106514175	animation.n.01	0.275
106514387	life.n.05	0.389
106514606	animation.n.01	0.472
106519243	life.n.02	0.655
106519261	life.n.02	0.458
106521088	life.n.02	0.706
106521282	life.n.01	0.835
106521392	life.n.02	0.653
106522008	life.n.03	0.642
106522698	being.n.01	0.947
106523013	life.n.03	0.699
106523743	animation.n.01	0.454
106524170	life.n.03	0.769
106524408	animation.n.01	0.261
106524712	life.n.01	0.863
106525379	life.n.02	0.485
106525638	life.n.05	0.343
106526080	life.n.02	0.463
106526120	life.n.02	0.464
106527007	life.n.01	0.858
106527012	life.n.01	0.964
106527181	life.n.03	0.628
106528742	life.n.03	0.649
106528884	animation.n.01	0.389
106529206	universe.n.01	0.654
106529854	life.n.03	0.71
106530743	life.n.03	0.423
106530954	life.n.02	0.645
106531214	animation.n.01	0.599
106531294	life.n.02	0.694
106532110	life.n.05	0.731
106532561	life.n.02	0.353
106535066	life.n.03	0.486
106537079	life.n.01	0.482
106537094	life.n.02	0.424
106537183	life.n.01	0.763
106537983	life.n.01	0.655
106538044	life.n.02	0.286
106538593	being.n.01	0.979
106538730	animation.n.01	0.527
106539093	life.n.05	0.353
106539557	life.n.03	0.706
106540575	life.n.05	0.621
106540795	life.n.02	0.446
106540840	life.n.02	0.46
106541102	life.n.05	0.626
123318475	life.n.05	0.515
106542221	life.n.02	0.516
106542369	life.n.01	0.4
106542889	life.n.03	0.736
106543300	life.n.01	0.623
123320743	life.n.02	0.436
106543995	life.n.03	0.446
123321219	life.n.05	0.474
106544245	life.n.02	0.487
106544293	subsistence.n.02	0.508
106544675	life.n.01	0.874
123322000	life.n.02	0.48
123322084	life.n.02	0.388
123322586	life.n.02	0.505
123322761	life.n.03	0.586
106545932	life.n.01	0.583
106546534	life.n.01	0.823
106546915	life.n.03	0.407
123326009	life.n.03	0.339
123328138	life.n.02	0.578
123328879	life.n.01	0.433
123329525	life.n.01	0.583
106552354	life.n.10	0.817
123331655	life.n.01	0.432
123331968	life.n.03	0.461
123332309	life.n.01	0.435
123336593	property.n.01	0.996
123337333	life.n.01	0.581
106561314	life.n.01	0.668
106562029	life.n.01	0.402
123340125	life.n.03	0.306
106564014	life.n.01	0.767
123341242	life.n.01	0.612
123341250	life.n.02	0.635
123342258	life.n.01	0.741
123342903	life.n.01	0.658
106567707	life.n.03	0.393
123345738	life.n.01	0.379
123345966	life.n.01	0.765
123346048	being.n.01	0.847
106568909	life.n.03	0.412
106568958	life.n.01	0.77
123346704	family.n.01	0.615
106569521	life.n.01	0.696
106570077	historic_period.n.01	0.948
106570253	life.n.01	0.893
106570460	life.n.01	0.779
106571687	life.n.03	0.495
106571787	animation.n.01	0.496
106572663	life.n.01	0.809
106573714	life.n.01	0.428
106573976	life.n.02	0.754
106574215	animation.n.01	0.608
106576895	life.n.05	0.587
106577304	life.n.06	0.577
106577907	life.n.02	0.552
106581575	old_age.n.01	0.635
106582251	life.n.02	0.462
106586856	animation.n.01	0.387
106587790	life.n.01	0.617
114986521	life.n.02	0.475
114988072	life.n.01	0.708
114988285	life.n.02	0.321
114989489	life.n.05	0.433
114989537	life.n.02	0.499
114989571	life.n.05	0.322
114989747	life.n.05	0.435
114989813	life.n.02	0.779
114989957	life.n.02	0.759
114990661	life.n.05	0.322
114991318	animation.n.01	0.59
106737397	animation.n.01	0.705
106737426	animation.n.01	0.746
106742311	life.n.03	0.555
106742415	life.n.03	0.374
106745699	society.n.01	0.971
106749193	life.n.03	0.466
123529323	life.n.03	0.391
123532848	animation.n.01	0.273
123533177	biography.n.01	0.851
106756080	animation.n.01	0.754
123535882	life.n.06	0.369
106759874	life.n.01	0.538
123537233	life.n.03	0.456
106760519	life.n.05	0.459
123538555	animation.n.01	0.588
123538950	life.n.02	0.452
123539394	life.n.03	0.695
106762385	life.n.01	0.746
106762435	life.n.01	0.709
106762582	life.n.02	0.651
106762597	life.n.01	0.679
123540366	wealth.n.01	0.579
106764097	life.n.01	0.956
123541379	life.n.03	0.375
106764207	life.n.01	0.621
123541430	life.n.03	0.537
106764450	life.n.01	0.62
123541910	life.n.01	0.394
123541990	animation.n.01	0.691
123542119	life.n.01	0.41
123542204	life.n.10	0.509
123542279	animation.n.01	0.435
123543119	animation.n.01	0.575
106765934	animation.n.01	0.439
123543164	animation.n.01	0.38
123543200	animation.n.01	0.58
106766049	life.n.05	0.523
123543290	animation.n.01	0.457
123544496	life.n.02	0.481
106768355	life.n.01	0.701
123545737	life.n.01	0.599
123545769	life.n.01	0.58
123545789	life.n.02	0.642
123545802	life.n.05	0.482
123546113	life.n.01	0.927
123546142	life.n.01	0.772
123546178	life.n.01	0.507
123548044	life.n.01	0.586
123549969	life.n.01	0.881
123550417	life.n.05	0.267
123551599	life.n.02	0.486
123552303	life.n.01	0.811
123552331	animation.n.01	0.53
123552861	life.n.01	0.314
123552921	animation.n.01	0.786
123552936	animation.n.01	0.786
106777236	life.n.03	0.462
123556188	life.n.02	0.514
123556222	life.n.02	0.48
123556280	animation.n.01	0.552
123556942	life.n.05	0.502
123557022	life.n.02	0.279
123557522	animation.n.01	0.478
123557597	life.n.02	0.44
123557791	life.n.02	0.407
106783623	animation.n.01	0.892
123561162	life.n.03	0.366
123561281	animation.n.01	0.778
106785526	fortune.n.04	0.994
123562899	life.n.02	0.33
123562925	life.n.01	0.926
106786495	life.n.02	0.859
106786568	life.n.02	0.794
123563941	life.n.06	0.504
106787174	life.n.02	0.78
106787513	life.n.03	0.445
106787835	animation.n.01	0.652
106788039	life.n.03	0.684
106788649	animation.n.01	0.405
123566001	subsistence.n.02	0.676
106789063	life.n.05	0.617
106790261	life.n.01	0.733
123568240	animation.n.01	0.659
123569777	life.n.03	0.381
123572233	life.n.02	0.372
123572363	life.n.01	0.398
123572676	life.n.01	0.819
123572697	life.n.01	0.663
123572768	life.n.01	0.484
123572958	life.n.01	0.471
123572986	life.n.01	0.669
123573019	life.n.01	0.956
123573060	life.n.02	0.314
123573142	life.n.01	0.673
106796694	life.n.03	0.505
123574364	life.n.03	0.61
123574426	life.n.01	0.505
123575072	life.n.05	0.492
123576098	life.n.06	0.384
123578786	life.n.01	0.827
123578990	life.n.02	0.617
123579222	life.n.02	0.645
123579577	life.n.02	0.663
123580275	life.n.02	0.488
123580922	life.n.02	0.32
123580974	life.n.02	0.538
106804212	life.n.05	None
106804850	life.n.02	0.542
123586876	life.n.03	0.665
123586919	life.n.02	0.667
123587089	life.n.03	0.526
123587465	life.n.02	0.434
106811750	life.n.03	0.397
123589993	life.n.03	0.464
123590006	life.n.01	0.7
123590065	life.n.02	0.678
123590109	life.n.01	0.572
123591115	life.n.02	0.533
106814076	life.n.03	0.505
106814114	life.n.05	None
106814142	life.n.03	0.562
106814176	life.n.02	0.565
123591506	animation.n.01	0.473
106814313	life.n.03	0.498
106823681	life.n.06	0.351
106825381	life.n.01	0.707
106836300	animation.n.01	0.8
106836504	life.n.03	0.57
106851773	life.n.05	0.369
106856095	death.n.01	0.825
115247991	life.n.01	0.813
106862137	animation.n.01	0.557
115255593	life.n.02	0.322
106867386	life.n.05	0.538
106869127	animation.n.01	0.855
123651749	life.n.02	0.453
106875274	being.n.01	0.947
106875677	life.n.05	None
106878093	life.n.01	0.896
115267757	career.n.01	0.515
106882562	life.n.03	0.519
115271678	life.n.05	0.353
106884385	life.n.01	0.744
115273612	means.n.03	0.693
115273662	life.n.02	0.511
115273807	animation.n.01	0.35
106888175	life.n.05	0.429
106891382	animation.n.01	0.789
106893464	life.n.03	0.755
106898012	life.n.03	0.56
106908108	life.n.05	0.395
106927269	life.n.06	0.391
106928002	animation.n.01	0.742
106929824	life.n.03	0.517
106933200	life.n.05	0.622
106933208	life.n.02	0.5
115339551	life.n.03	0.513
115351187	life.n.01	0.348
115354340	life.n.05	0.382
115354502	life.n.01	0.725
115355505	life.n.01	0.375
115355524	life.n.05	0.481
115367054	life.n.01	0.845
115382100	life.n.03	0.555
115400299	life.n.06	0.491
115400900	support.n.06	None
115419380	life.n.06	0.48
115420022	life.n.07	0.495
115424299	life.n.01	0.487
115435532	life.n.01	0.621
115435648	life.n.03	0.582
107048972	life.n.06	0.337
107049016	life.n.03	0.744
107049056	life.n.02	0.441
107049505	life.n.01	0.804
107049531	life.n.03	0.662
107051129	life.n.01	0.835
107051250	life_style.n.01	None
115440012	life.n.01	0.838
107051625	life.n.01	0.777
107051677	life.n.03	0.476
115440465	life.n.01	0.954
115441076	support.n.06	None
107054279	life.n.01	0.899
115443289	life.n.05	0.379
115443715	life.n.06	0.484
107058770	life.n.03	0.696
107060052	life.n.05	0.561
107060370	life.n.03	0.578
107060874	life.n.01	0.739
107063151	support.n.06	None
107065979	support.n.06	None
107069324	life.n.01	0.774
107071292	life.n.01	0.838
107075362	life.n.03	0.667
107075493	life.n.05	0.443
107076067	life.n.01	0.417
107076126	dwelling.n.01	0.642
107077492	life.n.01	0.756
107077880	life.n.02	0.512
107079942	dwelling.n.01	0.611
107080580	animation.n.01	0.329
107084308	life.n.01	0.749
107085375	animation.n.01	0.699
107085886	life.n.01	0.823
107087612	life.n.02	0.534
107088270	life.n.01	0.792
107089253	life.n.03	0.432
107089361	life.n.01	0.742
115478098	life.n.01	0.776
107089546	life.n.01	0.758
107089719	life.n.05	0.432
115478627	support.n.06	0.733
107091824	life.n.01	0.71
107094651	life.n.05	0.334
115483519	support.n.06	None
107095053	life.n.01	0.675
107095360	life.n.01	0.855
107095406	life.n.03	0.773
107095445	life.n.03	0.592
107095509	life.n.01	0.396
107095539	life.n.03	0.635
107095672	behavior.n.01	0.939
107096378	life.n.05	0.48
107096914	life.n.03	0.506
107097098	occupation.n.01	0.865
107097138	employment.n.02	0.66
107103106	life.n.03	0.638
107107341	life.n.01	0.753
115496473	life.n.01	0.858
115496976	life.n.01	0.743
107109955	life.n.05	0.366
107110900	life.n.01	0.587
107111578	animation.n.01	0.685
107111850	life.n.06	0.397
123891238	life.n.02	0.429
123891382	life.n.03	0.369
107115503	dwelling.n.01	0.764
123893087	life.n.02	0.291
107116417	life.n.01	0.844
115505556	life.n.06	0.366
107118741	life.n.03	0.491
123896871	life.n.05	0.418
107120595	life.n.03	0.475
115509375	life.n.01	0.893
107121990	life.n.03	0.496
107122655	life.n.03	0.437
107122823	life.n.01	0.798
123901274	life.n.05	0.608
115513925	life.n.07	0.446
107125637	dwelling.n.01	0.519
115514788	life.n.05	0.528
115515791	support.n.06	None
107127797	animation.n.01	0.805
107128618	life.n.06	0.455
115518172	life.n.03	0.618
107130356	life.n.01	0.783
115520338	life.n.03	0.704
107132162	life.n.05	0.347
123913436	animation.n.01	0.427
115525276	life.n.07	0.36
115525299	life.n.05	0.425
115525872	life.n.03	0.558
123915241	life.n.02	0.468
115527495	life.n.01	0.724
123916116	life.n.02	0.52
107140684	animation.n.01	0.781
123918098	animation.n.01	0.465
115530230	life.n.05	0.546
107142125	life.n.05	0.89
115530831	life.n.07	0.397
107142356	fortune.n.04	0.854
107142561	life.n.06	0.324
107144004	life.n.03	0.423
123921869	life.n.05	0.401
115533476	life.n.06	0.365
107145097	support.n.06	None
107145467	estate.n.01	0.921
107145865	property.n.02	0.806
107148444	life.n.03	0.676
107148714	life.n.02	0.594
107149718	life.n.06	0.515
115538620	life.n.01	0.765
115538761	behavior.n.01	0.724
107150606	place.n.10	0.56
107150629	life.n.03	0.366
115541346	animation.n.01	0.344
115544405	life.n.05	0.426
107160831	being.n.01	0.98
115549585	life.n.01	0.865
107161079	life.n.05	0.521
107161945	life.n.02	0.543
107162414	life.n.02	0.49
107162854	support.n.06	0.798
107163156	life.n.03	0.415
107163171	life.n.01	0.67
107164583	life.n.05	0.41
107164712	life.n.05	0.537
107165878	life.n.05	0.506
107166795	life.n.02	0.545
107166874	life.n.02	0.455
107169383	life.n.01	0.841
107172059	life.n.01	0.762
107173752	life.n.05	0.488
107173760	life.n.05	0.488
115564319	life.n.03	0.376
115567574	life.n.03	0.566
107182668	life.n.03	0.604
107182777	life.n.01	0.578
107182825	life.n.05	None
123963654	life.n.02	0.361
107188483	being.n.01	0.84
107188819	life.n.01	0.889
107188995	life.n.03	0.637
107189266	life.n.03	0.433
107189491	fortune.n.02	0.705
115578282	life.n.05	None
107190273	fortune.n.04	0.859
107192849	life.n.01	0.733
107194672	life.n.03	0.486
107199885	day.n.01	0.306
115592694	life.n.05	0.424
123982113	animation.n.01	0.701
107207034	life.n.03	0.596
107209021	fortune.n.02	0.777
115597704	life.n.05	0.496
107210016	fortune.n.04	0.761
107210946	life.n.01	0.674
115605083	life.n.06	0.411
107217754	life.n.01	0.52
107217889	life.n.01	0.553
107218410	life.n.05	0.394
107221721	life.n.01	0.61
107223100	life.n.01	0.756
115614006	life.n.06	0.412
107229753	animation.n.01	0.559
107234898	subsistence.n.01	0.596
107237736	life.n.01	0.591
107240211	life.n.01	0.534
107240900	life.n.01	0.816
107242086	life.n.03	0.737
107242291	animation.n.01	0.809
107244913	life.n.03	0.664
107245949	life.n.06	0.522
107246196	life.n.02	0.769
115637532	life.n.02	0.489
107251065	life.n.03	0.322
107257523	life.n.05	0.401
107258123	life.n.05	0.32
107258754	life.n.03	0.563
107258817	life.n.01	0.547
107259180	life.n.01	0.475
107259869	life.n.06	0.299
107263490	life.n.03	0.694
107264789	life.n.02	0.582
107266107	animation.n.01	0.62
107266324	life.n.02	0.488
107266452	life.n.02	0.266
107266514	life.n.03	0.426
107266519	life.n.02	0.256
107266639	life.n.03	0.616
107266710	life.n.02	0.414
107266797	life.n.03	0.4
124693231	life.n.05	0.356
107274413	support.n.06	None
107277679	life.n.01	0.654
107286808	fortune.n.02	0.507
115676710	animation.n.01	0.821
107291205	support.n.06	None
107291333	subsistence.n.02	0.639
107292186	fortune.n.04	0.795
107294539	life.n.03	0.713
115687373	life.n.05	0.799
107301682	life.n.03	0.628
107301732	life.n.03	0.512
107303131	life.n.02	0.423
115696507	support.n.06	0.987
115696639	life.n.05	0.379
107310146	fortune.n.04	0.739
107310546	life.n.03	0.626
107311458	life.n.03	0.475
107313003	life.n.03	0.563
107316344	life.n.01	0.629
107318953	happiness.n.01	0.508
107319876	animation.n.01	0.406
107323138	life.n.05	0.501
107323233	animation.n.01	0.853
115714948	animation.n.01	0.494
115716473	life.n.03	0.707
107328650	life.n.01	0.878
115718008	animation.n.01	0.597
107331296	life.n.05	0.35
115720919	old_age.n.01	0.915
115721697	life.n.05	0.362
107334101	life.n.01	0.457
107336315	life.n.01	0.61
107344735	estate.n.01	0.994
107346547	life.n.05	0.427
107351447	life.n.03	0.693
107353470	life.n.03	0.346
115742864	life.n.03	0.52
107356542	life.n.03	0.379
107357458	estate.n.01	0.976
107357572	life.n.03	0.524
107357597	life.n.03	0.556
107357813	animation.n.01	0.437
107357872	life.n.03	0.713
107359604	life.n.03	0.557
107360592	life.n.05	0.376
107361862	life.n.01	0.619
107361929	life.n.01	0.626
107361962	support.n.06	None
107362071	dwelling.n.01	0.641
107366717	dwelling.n.01	0.691
107367156	life.n.06	0.489
107368996	life.n.01	0.761
107369031	support.n.06	None
107369419	support.n.06	None
107369604	support.n.06	None
107370241	life.n.03	0.615
107370454	life.n.03	0.544
107370603	life.n.01	0.406
107370717	life.n.03	0.621
107370882	life.n.02	0.686
107370899	life.n.01	0.45
115759788	life.n.06	0.512
107375608	life.n.01	0.766
115771294	life.n.03	0.527
115776829	life.n.05	0.532
115785559	life.n.01	0.67
115789955	life.n.01	0.725
115798338	life.n.03	0.686
115798425	life.n.02	0.369
115799435	life.n.01	0.464
115799580	life.n.03	0.47
115799902	employment.n.02	0.813
115800947	life.n.05	0.654
115801508	life.n.05	0.365
115802027	old_age.n.01	0.639
115802087	animation.n.01	0.559
115802286	life.n.03	0.524
115802310	life.n.05	0.463
115808255	worldly_concern.n.01	0.34
115810284	life.n.05	0.655
115810550	life.n.03	0.446
107424540	biography.n.01	None
115813174	possession.n.02	0.985
107425106	biographer.n.01	None
115815950	life.n.02	0.795
107427980	life.n.03	0.726
107428659	biography.n.01	0.248
115819539	animation.n.01	0.874
115820444	life.n.02	0.418
115821003	animation.n.01	0.621
115821079	death.n.01	0.618
115821323	life.n.03	0.641
115822038	life.n.05	0.359
115822649	life.n.01	0.44
115834576	life.n.02	0.324
115843308	support.n.06	0.987
107455423	life.n.02	0.737
115845615	life.n.01	0.403
115847574	life.n.01	0.507
115848840	animation.n.01	0.619
115851494	life.n.02	0.339
115852135	life.n.03	0.736
115852197	life.n.01	0.64
115852800	animation.n.01	0.759
115854302	life.n.03	0.519
115856555	animation.n.01	0.637
115856735	universe.n.01	0.664
115857755	life.n.06	0.423
115860626	life.n.05	0.58
107475061	life.n.02	0.417
115877807	animation.n.01	0.696
107492273	life.n.01	0.704
107492353	life.n.01	0.687
107492744	animation.n.01	0.797
107492745	animation.n.01	0.797
107493052	life.n.01	0.401
115881883	earth.n.01	0.605
115883913	life.n.03	0.375
107496541	life.n.03	0.516
107496619	life.n.03	0.685
115891273	life.n.03	0.691
115893034	life.n.01	0.768
115897478	life.n.05	0.401
115897713	animation.n.01	0.877
115899909	life.n.03	0.649
115902254	life.n.05	0.519
115905507	life.n.06	0.411
107523776	life.n.02	0.47
107523839	life.n.01	0.887
124301529	life.n.01	0.774
115916028	life.n.05	0.434
107528104	life.n.03	0.799
107528827	life.n.01	0.386
115917507	worldly_concern.n.01	0.35
107529526	life.n.02	0.715
115918610	life.n.05	0.41
107530384	life.n.01	0.9
115919471	life.n.03	0.397
107536584	life.n.03	0.726
107538653	life.n.01	0.745
115931960	life.n.03	0.49
115933725	life.n.01	0.718
124322915	life.n.03	0.492
115935329	animation.n.01	0.859
115950297	life.n.03	0.714
115950786	life.n.05	0.452
115951392	life.n.01	0.606
115953153	life.n.02	0.681
115956589	life.n.06	0.369
115956691	life.n.03	0.634
115956717	life.n.02	0.309
115956853	life.n.03	0.775
115957332	day.n.01	0.38
115957930	life.n.03	0.391
107571234	life.n.02	0.43
107571463	animation.n.01	0.608
107571483	life.n.02	0.582
107571822	life.n.01	0.767
115961181	life.n.05	0.696
115964081	animation.n.01	0.747
115964947	life.n.03	0.474
115965063	life.n.05	0.499
115965508	life.n.03	0.443
115966023	life.n.01	0.469
115968828	animation.n.01	0.291
107581656	life.n.06	0.424
115970752	care.n.06	0.574
107582199	life.n.01	0.876
107582230	life.n.01	0.674
107585096	life.n.01	0.68
115976436	life.n.03	0.52
115977508	life.n.03	0.357
107590182	life.n.01	0.735
107591316	life.n.06	0.381
115980192	animation.n.01	0.515
107591856	pastime.n.01	0.576
107591886	life.n.01	0.921
115981169	life.n.05	0.394
107594020	life.n.01	0.755
115983071	life.n.03	0.333
107594550	being.n.01	0.843
107594849	life.n.02	0.398
107594878	life.n.01	0.914
115987065	life.n.01	0.719
115989666	life.n.03	0.418
115993054	animation.n.01	0.34
115995025	animation.n.01	0.426
107607314	life.n.01	0.784
115998289	animation.n.01	0.864
116001654	life.n.02	0.617
107617302	life.n.01	0.755
116006531	life.n.05	0.329
107620502	animation.n.01	0.811
107622009	life.n.01	0.6
116018251	life.n.03	0.37
116019179	life.n.01	0.484
107630801	life.n.01	0.67
107631603	animation.n.01	0.469
107632944	life.n.01	0.777
107635451	life.n.02	0.433
107635727	life.n.03	0.561
107637548	life.n.01	0.634
107641045	life.n.02	0.432
116046658	life.n.01	0.929
116048358	life.n.05	0.415
116048462	life.n.03	0.43
116055619	support.n.06	0.994
116056250	life.n.02	0.353
116056820	life.n.03	0.669
116064409	life.n.03	0.384
116069629	life.n.03	0.438
116072283	life.n.03	0.485
107686449	subsistence.n.02	0.727
116075236	life.n.03	0.55
116075528	life.n.05	0.293
116080628	universe.n.01	0.602
116080918	life.n.10	0.347
107692642	life.n.06	0.415
116082443	death.n.02	0.333
116083651	life.n.05	0.471
124475560	life.n.05	0.546
124475569	life.n.05	0.619
124475699	life.n.10	0.298
124475936	career.n.02	0.521
124476162	life.n.02	0.478
124476347	life.n.02	0.415
124477469	animation.n.01	0.492
124477960	life.n.03	0.492
124478424	life.n.03	0.541
124478941	life.n.02	0.673
124478959	life.n.03	0.528
124479435	animation.n.01	0.312
116091538	life.n.02	0.435
107703388	life.n.05	0.399
116092219	life.n.05	0.519
116092275	life.n.03	0.579
124480914	animation.n.01	0.533
124480921	life.n.03	0.333
107705728	animation.n.01	0.37
116094498	life.n.03	0.493
107706014	life.n.02	0.474
124484095	being.n.01	0.964
116096322	life.n.05	0.457
116099639	repute.n.01	0.722
116100621	happiness.n.01	0.73
116101390	life.n.06	0.526
107714249	life.n.01	0.686
116104211	life.n.05	0.516
107716073	life.n.01	0.803
107716414	life.n.01	0.866
107716573	life.n.02	0.654
107720094	life.n.01	0.794
116108736	life.n.02	0.698
107720780	life.n.02	0.796
107721489	life.n.01	0.71
116110388	life.n.01	0.582
107722107	life.n.01	0.82
107728816	death.n.01	0.958
116118202	life.n.06	0.522
107729844	life.n.05	0.44
116120261	life.n.03	0.297
107734396	subsistence.n.02	0.507
116123144	life.n.02	0.435
116123275	life.n.02	0.398
116123422	life.n.05	0.542
116123506	life.n.05	0.69
116124565	life.n.01	0.808
116127859	life.n.05	0.504
116132687	life.n.05	0.496
116133160	life.n.02	0.435
116133186	life.n.02	0.406
116134074	life.n.03	0.675
116135861	life.n.01	0.405
107750564	life.n.01	0.63
107750587	life.n.01	0.794
107750839	life.n.01	0.837
124529851	life.n.01	0.798
124533198	life.n.02	0.805
116144755	behavior.n.01	0.917
116144775	character.n.03	0.667
116148255	life.n.05	0.44
124537679	life.n.05	0.413
116151064	life.n.03	0.692
116151483	life.n.05	0.574
116151654	life.n.03	0.677
116151781	life.n.03	0.399
116153056	life.n.02	0.465
116153522	life.n.01	0.352
116154279	life.n.03	0.631
116155503	life.n.01	0.688
107767267	life.n.03	0.428
107767352	life.n.05	0.387
116157698	life.n.05	0.389
124547595	animation.n.01	0.697
107774842	subsistence.n.02	0.709
107775232	life.n.05	0.441
116164949	life.n.03	0.386
124554109	animation.n.01	0.434
116167639	life.n.03	0.525
116168200	life.n.03	0.531
116168434	life.n.01	0.725
124557265	life.n.03	0.454
116168758	life.n.03	0.578
116168983	life.n.03	0.84
116169814	life.n.01	0.523
116169895	life.n.03	0.748
116169927	life.n.03	0.785
116171445	life.n.02	0.575
116171851	life.n.02	0.625
107791924	life.n.05	0.368
107792052	life.n.01	0.812
107793486	life.n.01	0.838
107794054	life.n.01	0.96
107795324	life.n.02	0.408
107796331	life.n.03	0.612
107797363	being.n.01	0.961
116187467	life.n.05	0.375
107799831	life.n.01	0.834
107800952	life.n.01	0.829
124579711	life.n.03	0.609
124581869	animation.n.01	0.653
116196857	life.n.03	0.636
116200992	animation.n.01	0.746
124591201	life.n.05	0.399
107819491	life.n.01	0.865
107820400	animation.n.01	0.34
107820477	life.n.01	0.724
107822629	life.n.01	0.693
107824837	life.n.06	0.359
116213778	life.n.03	0.575
116213886	life.n.01	0.444
107826698	life.n.01	0.773
107836288	life.n.01	0.805
107837022	life.n.01	0.682
124615324	life.n.03	0.385
124615440	animation.n.01	0.614
124615765	life.n.03	0.568
107841799	life.n.01	0.457
107842525	life.n.01	0.792
107844230	life.n.05	0.389
116234846	life.n.02	0.499
107848690	support.n.06	None
107848712	life.n.02	0.405
116238800	animation.n.01	0.59
116243589	life.n.02	0.378
124635713	life.n.03	0.544
116251522	animation.n.01	0.828
124644688	animation.n.01	0.876
124646194	animation.n.01	0.919
124647612	life.n.03	0.726
124653781	life.n.03	0.417
124663166	life.n.01	0.561
124666990	life.n.05	0.427
124671222	animation.n.01	0.447
124671367	animation.n.01	0.591
116288085	animation.n.01	0.45
116293176	populace.n.01	0.871
124693254	animation.n.01	0.437
116308649	life.n.05	0.557
124709408	life.n.02	0.779
124710353	life.n.03	0.81
124710422	life.n.03	0.437
124712791	death.n.01	0.78
116329648	life.n.01	0.863
116330920	life.n.05	0.469
116332091	life.n.02	0.342
116332829	life.n.01	0.509
116332973	animation.n.01	0.575
116333324	life.n.01	0.801
116334578	life.n.03	0.298
116335866	life.n.01	0.598
116338095	life.n.02	0.256
124732142	life.n.01	0.693
124736991	life.n.03	0.418
124740252	life.n.05	0.478
124743003	life.n.05	0.567
124744957	life.n.05	0.58
124747277	life.n.05	0.743
124754376	animation.n.01	0.687
124754486	animation.n.01	0.612
124759903	life.n.03	0.437
124763374	life.n.05	0.649
124777276	life.n.05	0.7
124777297	life.n.03	0.498
124777684	life.n.05	0.467
124780932	animation.n.01	0.708
108030516	life.n.03	0.456
108082886	death.n.01	0.829
108085287	life.n.03	0.339
108092042	life.n.02	0.494
108095940	animation.n.01	0.724
108097530	life.n.03	0.293
108097643	life.n.03	0.61
108097870	animation.n.01	0.495
124919431	life.n.01	0.739
124921690	life.n.01	0.503
108146399	being.n.01	0.848
108146604	being.n.01	0.799
108147032	animation.n.01	0.274
116536162	life.n.02	0.564
108152117	life.n.05	0.333
116544408	life.n.01	0.819
108156382	living.n.02	0.423
116544992	life.n.01	0.634
116545049	life.n.01	0.772
116545071	life.n.01	0.773
108158565	support.n.06	0.9
116549618	life.n.01	0.775
116550042	life.n.02	0.719
116550379	life.n.02	0.549
116550835	life.n.01	0.598
108166361	means.n.03	0.955
108169149	life.n.02	0.365
108169241	animation.n.01	0.568
108169625	life.n.02	0.331
116558745	life.n.02	0.899
108170142	life.n.03	0.32
108170342	life.n.02	0.37
108170573	life.n.06	0.37
108171060	life.n.05	0.578
108171634	life.n.05	0.432
108171665	life.n.03	0.43
108171798	life.n.05	0.404
108172188	life.n.05	0.445
116569112	life.n.02	0.48
116570301	life.n.01	0.826
116571264	life.n.02	0.728
108182824	life.n.02	0.472
108182904	life.n.02	0.415
108182927	time.n.05	0.434
108183089	life.n.01	0.526
108183710	life.n.02	0.348
108183960	life.n.03	0.512
108184773	life.n.02	0.653
108185271	life.n.06	0.415
108185321	life.n.03	0.399
108186040	universe.n.01	0.572
108187945	populace.n.01	0.818
108188004	life.n.03	0.438
108188334	life.n.05	0.633
108188370	animation.n.01	0.644
116585627	life.n.02	0.783
116587723	life.n.01	0.926
116587738	life.n.01	0.904
116590451	animation.n.01	0.7
116590483	animation.n.01	0.584
116590499	animation.n.01	0.652
116590538	life.n.02	0.513
116590591	animation.n.01	0.67
116590609	life.n.02	0.47
116590763	life.n.02	0.544
116590803	life.n.02	0.508
116590869	animation.n.01	0.614
116590991	animation.n.01	0.606
108202712	life.n.02	0.336
116591418	animation.n.01	0.596
116591476	animation.n.01	0.588
116591542	animation.n.01	0.589
116592915	animation.n.01	0.592
116592956	animation.n.01	0.594
116592986	animation.n.01	0.689
116593158	animation.n.01	0.505
116593175	animation.n.01	0.5
116593193	life.n.02	0.601
116593226	life.n.02	0.519
116593508	life.n.02	0.614
116593565	life.n.02	0.548
108206308	animation.n.01	0.401
108207687	animation.n.01	0.775
116773668	life.n.02	0.323
116775485	life.n.05	0.906
116775513	animation.n.01	0.627
108387551	life.n.10	0.418
108387653	life.n.06	0.463
108387681	life.n.06	0.442
108388248	biography.n.01	0.985
116777704	animation.n.01	0.779
116792972	life.n.05	0.936
116794182	support.n.06	None
116800068	life.n.05	0.726
116800130	life.n.05	0.804
116806245	being.n.01	0.944
116807101	animation.n.01	0.879
116812397	life.n.05	0.466
108428889	animation.n.01	0.744
116819032	life.n.05	0.488
116823204	life.n.06	0.668
116823936	life.n.01	0.529
116828939	life.n.03	0.374
116833308	support.n.06	None
116833622	life.n.05	0.905
116834689	animation.n.01	0.76
116837281	life.n.02	0.757
116842731	animation.n.01	0.578
116844856	life.n.05	0.355
116845906	life.n.02	0.381
116846778	life.n.02	0.477
116856784	animation.n.01	0.87
108473616	life_sentence.n.01	0.299
116870758	life.n.05	0.92
116875203	time.n.02	0.795
116875981	life.n.01	0.707
116878256	animation.n.01	0.567
116883470	life.n.01	0.887
116888174	animation.n.01	0.778
116889592	life.n.02	0.572
116889663	life.n.06	0.362
116895601	life.n.03	0.518
116895622	life.n.02	0.485
116896895	life.n.05	0.453
116897027	life.n.01	0.681
116898489	support.n.06	None
116899892	life.n.05	0.41
116901573	life.n.03	0.647
116902458	life.n.01	0.896
116902763	life.n.03	0.525
116902978	life.n.03	0.333
116903026	life.n.05	0.445
116903189	life.n.02	0.426
116904554	life.n.06	0.569
116905295	life.n.01	0.496
116905650	life.n.03	0.505
116908112	life.n.02	0.517
116910508	animation.n.01	0.54
116912530	life.n.02	0.512
116912794	life.n.03	0.535
116913694	life.n.05	0.443
116916239	life.n.01	0.692
108531212	life.n.01	0.742
108533152	life.n.05	0.443
116922689	animation.n.01	0.73
116922798	life.n.01	0.638
108535716	biography.n.01	0.997
116924877	life.n.01	0.637
116925250	life.n.06	0.567
116926003	life.n.01	0.362
116927714	animation.n.01	0.523
116928151	life.n.03	0.425
108541338	life.n.03	0.506
108541342	life.n.03	0.534
108544925	biography.n.01	0.992
108550763	life.n.01	0.773
108552068	subsistence.n.01	0.538
108557025	life.n.03	0.297
108558409	life.n.05	0.455
108558559	life.n.03	0.658
108558818	life.n.01	0.714
108559556	life.n.03	0.491
108559602	life.n.03	0.441
108559634	life.n.05	0.519
108559779	life.n.01	0.748
108560060	life.n.01	0.952
108561630	life.n.02	0.405
108562189	life.n.03	0.775
108564163	biography.n.01	0.989
108564251	life.n.01	0.783
108564280	life.n.05	0.488
108566019	life.n.03	0.565
108566701	life.n.03	0.417
108567703	life.n.02	0.375
108568021	life.n.02	0.525
108568123	life.n.03	0.441
108568148	life.n.01	0.794
108568165	life.n.01	0.862
108568449	life.n.03	0.319
108568508	animation.n.01	0.568
108568960	life.n.03	0.721
108571303	life.n.01	0.769
108572518	life.n.03	0.626
116962532	life.n.03	0.326
108577432	occupation.n.01	0.977
108578702	life.n.03	0.697
108578743	life.n.03	0.489
108578915	life.n.02	0.505
108578965	animation.n.01	0.511
108579235	life.n.05	0.39
108580404	life.n.05	0.517
116971853	life.n.03	0.375
108583481	life.n.06	0.351
108586507	life.n.01	0.59
108587002	life.n.03	0.611
100199756	life.n.01	0.429
108588878	life.n.03	0.654
108588997	life.n.01	0.772
108596798	life.n.03	0.396
116986111	animation.n.01	0.745
100212105	matter.n.01	0.982
108609418	life.n.03	0.406
108609959	biography.n.01	0.966
108609970	biography.n.01	0.897
116999196	life.n.06	0.461
108611284	walk.n.03	0.537
108611405	life.n.01	0.691
108613858	life.n.01	0.718
108613927	life.n.03	0.794
108614312	life.n.03	0.618
108614583	life.n.01	0.547
108614705	life.n.01	0.455
108617151	life.n.03	0.365
108619928	life.n.06	0.815
108620503	life.n.03	0.402
108621005	life.n.01	0.692
117012698	life.n.08	0.285
108625107	life.n.03	0.676
108629393	life.n.03	0.624
108629399	life.n.03	0.695
108630900	life.n.05	0.392
100242591	animation.n.01	0.546
100251190	animation.n.01	0.505
100253496	support.n.06	None
100255088	support.n.06	None
100255687	support.n.06	None
108650316	life.n.03	0.546
117041738	history.n.01	0.456
108653485	life.n.03	0.724
117042195	life.n.01	0.799
108653661	biography.n.01	0.954
108657108	life.n.03	0.447
108657532	biography.n.01	None
108662031	biography.n.01	0.992
108663587	life.n.03	0.724
108663763	biography.n.01	0.954
108673209	life.n.02	0.367
108674159	life.n.03	0.701
108674526	life.n.06	0.422
108674585	life.n.03	0.586
108675312	life.n.02	0.491
108675369	animation.n.01	0.607
108675753	biography.n.01	0.974
108675814	animation.n.01	0.815
108675834	life.n.03	0.583
108675973	wealth.n.03	0.415
108676019	life.n.03	0.452
108677790	animation.n.01	0.44
108682338	biography.n.01	0.959
108682962	animation.n.01	0.831
117073051	life.n.03	0.52
117073217	life.n.03	0.62
108685333	life.n.05	0.522
117076462	life.n.01	0.515
100300131	life.n.01	0.471
100300279	support.n.06	0.495
100300577	life.n.02	0.661
108689863	life.n.06	0.545
100301944	living.n.02	0.498
100305042	life.n.05	0.484
108695891	life.n.03	0.421
108696063	animation.n.01	0.488
108698231	life.n.05	0.343
100309863	support.n.06	0.592
108704186	historic_period.n.01	0.928
108706317	life.n.03	0.455
108706548	life.n.01	0.762
108706628	life.n.01	0.821
108708323	life.n.06	0.626
108708965	life.n.03	0.724
108710301	life.n.03	0.538
108710365	life.n.01	0.736
117099843	support.n.06	None
108711705	life.n.03	0.299
117101005	life.n.01	0.924
108713699	life.n.05	0.551
108714459	life.n.03	0.564
108714902	life.n.03	0.66
108714995	life.n.03	0.497
108715460	life.n.01	0.549
108716648	life.n.01	0.69
100332400	life.n.03	0.438
108721225	life.n.05	0.386
108721270	life.n.03	0.304
108729193	animation.n.01	0.663
108729738	life.n.03	0.463
100342086	life.n.05	0.437
100342310	life.n.05	0.336
100343918	life.n.03	0.273
108733613	life.n.01	0.624
108736134	life.n.01	0.838
108736410	life.n.02	0.559
117129254	life.n.01	0.722
100353683	life.n.02	0.567
108742365	life.n.01	0.933
117135772	life.n.06	0.723
108748301	life.n.02	0.492
108751079	life.n.03	0.473
100365377	animation.n.01	0.811
100369698	life.n.02	0.483
108761120	life.n.01	0.927
108765653	life.n.01	0.891
117154342	life.n.03	0.414
117154810	life.n.06	0.446
108766265	condition.n.01	0.739
108768007	life.n.01	0.634
108768058	life.n.01	0.804
108777721	history.n.01	0.797
108778432	life.n.02	0.493
108780393	life.n.03	0.732
108780485	life.n.03	0.665
108783163	life.n.01	0.65
117172778	life.n.03	0.61
108788152	life.n.01	0.658
108798529	life.n.05	0.543
108799877	life.n.01	0.488
108800020	biography.n.01	0.824
108800399	life.n.01	0.696
108801537	animation.n.01	0.69
117190941	animation.n.01	0.943
108804150	life.n.01	0.58
108804236	life.n.01	0.492
108804250	life.n.03	0.433
108805537	life.n.01	0.546
108806238	life.n.01	0.814
108810718	life.n.03	0.402
108814649	life.n.03	0.653
108816528	biography.n.01	0.992
108816666	life.n.01	0.747
108827035	animation.n.01	0.897
108834341	life.n.05	0.445
108839682	life.n.03	0.449
108840572	life.n.06	0.394
100454162	person.n.01	0.779
108845155	life.n.01	0.5
108854095	animation.n.01	0.785
108856497	animation.n.01	0.574
108857691	career.n.02	0.539
108857984	life.n.01	0.59
108858060	animation.n.01	0.333
108859614	life.n.01	0.549
108859640	life.n.01	0.779
108864684	life.n.03	0.382
100480065	animation.n.01	0.713
100481289	life.n.02	0.385
100482867	life.n.02	0.467
100483567	animation.n.01	0.561
100483836	life.n.03	0.442
108873072	animation.n.01	0.413
100484682	life.n.05	0.412
100485124	life.n.02	0.821
100485513	life.n.02	0.355
108874334	life.n.05	0.43
108874731	life.n.03	0.738
100487117	animation.n.01	0.643
100487316	life.n.02	0.729
108875951	life.n.03	0.588
108876009	biography.n.01	0.598
108876092	life.n.03	0.333
100488343	life.n.02	0.764
100488346	life.n.02	0.764
100489466	career.n.01	0.563
100490794	life.n.02	0.605
100492258	being.n.01	0.823
100492467	life.n.02	0.744
108881207	life.n.05	0.545
108882727	life.n.03	0.69
100495406	life.n.03	0.539
100496460	life.n.03	0.521
100497929	life.n.06	0.428
100499708	animation.n.01	0.923
100501165	life.n.01	0.608
108892265	life.n.01	0.694
100503777	life.n.05	0.317
100504682	animation.n.01	0.497
100506872	life.n.03	0.618
100507820	life.n.02	0.36
100508673	life.n.03	0.348
100509277	life.n.03	0.421
100509800	animation.n.01	0.655
100510092	animation.n.01	0.808
100510466	being.n.01	0.759
100510610	life.n.02	0.553
100510664	life.n.02	0.762
100510987	life.n.02	0.786
100511303	life.n.01	0.475
100511517	life.n.03	0.397
100511544	animation.n.01	0.809
100513425	life.n.02	0.609
100513528	life.n.02	0.582
108902264	life.n.05	0.366
108902365	life.n.02	0.402
100514005	life.n.02	0.631
100514237	life.n.03	0.527
100514731	animation.n.01	0.656
100515870	life.n.03	0.421
100517718	life.n.02	0.84
100520840	animation.n.01	0.315
100520933	life.n.03	0.304
100521102	life.n.02	0.307
108916210	life.n.06	0.523
108916247	life.n.05	0.472
100528004	life.n.02	0.712
100528229	animation.n.01	0.454
108917273	life.n.01	0.384
100529183	death.n.01	0.436
100529277	life.n.02	0.672
108918002	animation.n.01	0.908
100529810	life.n.03	0.333
108919335	life.n.02	0.475
100534049	animation.n.01	0.593
100535752	life.n.03	0.296
117314161	life.n.03	0.539
108925788	life.n.06	0.843
100537430	life.n.02	0.359
108927220	life.n.03	0.664
108927382	animation.n.01	0.454
108927751	life.n.01	0.912
100539177	support.n.06	None
100539827	life.n.02	0.417
100539938	life.n.02	0.473
108928936	life.n.01	0.836
108930041	life.n.02	0.535
108930082	life.n.03	0.76
100542054	wealth.n.03	0.461
100542217	life.n.01	0.449
100542727	life.n.05	0.627
100542767	life.n.02	0.438
100543502	life.n.02	0.469
100543582	life.n.03	0.353
100545471	life.n.05	0.336
117322841	life.n.01	0.398
117322985	life.n.03	0.59
108934917	life.n.01	0.828
100546770	animation.n.01	0.612
100547356	life.n.02	0.682
100547638	life.n.03	0.607
100547840	life.n.02	0.711
117326484	life.n.02	0.72
100549283	animation.n.01	0.853
117327071	life.n.06	0.701
108939054	life.n.03	0.39
100550969	animation.n.01	0.743
100551854	life.n.03	0.248
100552125	life.n.03	0.464
100553171	life.n.03	0.408
108943049	life.n.06	0.599
100554536	life.n.01	0.695
108943796	life.n.03	0.535
117332450	life.n.01	0.459
108944193	animation.n.01	0.412
108945088	animation.n.01	0.768
100556688	life.n.03	0.302
100557351	life.n.01	0.565
100558494	life.n.03	0.406
108947443	life.n.01	0.502
108947553	life.n.02	0.438
117338272	life.n.06	0.533
100561184	animation.n.01	0.441
100562583	animation.n.01	0.369
100563675	life.n.01	0.609
100563700	life.n.02	0.876
108952987	biography.n.01	0.988
108953010	life.n.01	0.754
100564680	life.n.03	0.54
108958784	life.n.02	0.426
108959943	life.n.03	0.444
108960298	life.n.03	0.743
100573792	life.n.06	0.337
100574866	support.n.06	None
100575740	support.n.06	0.975
117354429	life.n.02	0.379
108965900	biography.n.01	0.993
108966225	life.n.03	0.321
117355003	animation.n.01	0.603
117357509	life.n.02	0.703
100580974	life.n.02	0.451
108970579	life.n.03	0.71
117360531	life.n.03	0.683
108972281	life.n.03	0.432
117361392	life.n.05	None
117361811	life.n.01	0.308
108974032	life.n.03	0.719
117362855	life.n.03	0.548
108974726	animation.n.01	0.497
108974733	animation.n.01	0.497
117363482	animation.n.01	0.387
108975082	life.n.03	0.473
100588306	animation.n.01	0.635
100589519	life.n.02	0.7
100589855	life.n.01	0.385
100590308	animation.n.01	0.432
108979968	life.n.01	0.816
108980268	life.n.05	0.371
108980547	life.n.02	0.483
117369936	life.n.02	0.454
117371652	support.n.06	None
100594687	animation.n.01	0.754
100594742	life.n.08	0.39
100595649	life.n.02	0.697
100595690	life.n.03	0.535
100596548	animation.n.01	0.471
100596863	support.n.06	None
100597499	animation.n.01	0.705
117374802	life.n.03	0.488
117376696	life.n.10	0.529
100600007	animation.n.01	0.384
100600380	animation.n.01	0.849
117377638	animation.n.01	0.645
117378553	life.n.02	0.629
108990071	life.n.03	0.575
117378702	life.n.05	0.483
117378711	life.n.05	0.44
117378722	life.n.05	0.418
108990372	life.n.01	0.484
117379588	universe.n.01	0.635
108991042	life.n.03	0.57
100603574	animation.n.01	0.396
117381994	life.n.05	0.367
117382171	life.n.01	0.356
117382177	life.n.03	0.541
108994363	life.n.03	0.599
100605782	life.n.05	0.376
108994446	life.n.01	0.516
108994466	biography.n.01	0.953
108994520	life.n.06	0.369
108998298	life.n.03	0.642
100612683	life.n.05	0.397
100614690	life.n.03	0.654
109003668	life.n.02	0.82
100615225	life.n.02	0.585
100615942	life.n.03	0.296
100616895	animation.n.01	0.557
100616944	support.n.06	None
109007746	life.n.02	0.884
100619364	life.n.06	0.445
109008551	life.n.03	0.616
109010316	life.n.03	0.447
109010614	life.n.02	0.632
109012778	life.n.01	0.793
109013392	life.n.01	0.769
100624861	life.n.02	0.557
109021125	animation.n.01	0.804
109022816	life.n.01	0.702
109025245	life.n.01	0.666
100636933	life.n.01	0.432
100636956	life.n.02	0.547
100639222	life.n.03	0.454
100640157	life.n.03	0.465
100640175	being.n.01	0.524
100640202	life.n.01	0.537
109030276	biography.n.01	0.778
109030405	life.n.03	0.784
109030650	animation.n.01	0.468
109030945	life.n.01	0.67
109031065	animation.n.01	0.375
100642488	life.n.03	0.48
109031623	life.n.01	0.832
100646020	life.n.03	0.469
109038469	life.n.03	0.531
109042736	life.n.03	0.65
109043392	biography.n.01	0.991
100655427	life.n.02	0.773
100655575	life.n.08	0.601
100655772	support.n.06	0.986
100656008	life.n.03	0.406
100662409	life.n.01	0.545
109051667	life.n.03	0.573
109051688	animation.n.01	0.665
100663221	life.n.03	0.761
