119082079	fire.n.03	None
118998213	fire.n.03	0.324
104992300	fire.n.03	0.525
100105149	fire.n.03	0.49
118465056	fire.n.03	0.543
100570898	fire.n.03	0.537
108591957	fire.n.03	None
108321653	fire.n.03	0.588
120991633	fire.n.03	0.281
101574550	conflagration.n.01	None
117507320	fire.n.03	None
123997752	fire.n.03	0.864
120991043	fire.n.03	0.621
107804871	fire.n.03	0.506
106379819	fire.n.03	0.771
121072652	fire.n.03	0.514
100449039	fire.n.03	0.64
106206762	fire.n.03	0.54
101718081	fire.n.03	0.549
104527315	fire.n.03	0.513
102617072	ardor.n.03	0.464
121493933	fire.n.03	0.435
110047802	hotness.n.01	0.804
100024592	fire.n.03	0.554
100846316	fire.n.03	0.429
100056903	fire.n.03	0.485
100559077	fire.n.03	None
109184439	brazier.n.01	None
110082688	ardor.n.03	0.621
116238936	fire.n.03	0.64
117062131	fire.n.03	None
110236939	fire.n.01	0.64
102167712	fire.n.03	0.49
106555033	fire.n.03	0.724
108102896	fire.n.03	0.754
120967023	fire.n.05	0.429
119335844	hotness.n.01	0.631
115778089	fire.n.03	0.493
104105694	fire.n.03	0.662
108223165	fire.n.01	0.451
100301762	fire.n.03	0.616
119096842	ardor.n.03	0.781
119108617	fire.n.07	0.818
118638427	fire.n.03	0.433
120965946	fire.n.03	0.349
102170592	fire.n.03	0.752
107951159	fire.n.01	0.546
102187433	fire.n.01	0.482
117367721	pyre.n.01	None
113498714	pyre.n.01	None
106378862	fire.n.03	0.611
122768189	fire.n.03	0.711
117780689	fire.n.03	0.444
100119987	fire.n.08	0.379
116944353	fire.n.03	0.569
104129830	fire.n.03	0.692
103639426	fire.n.05	0.556
107367636	fire.n.01	0.726
104969544	fire.n.01	0.564
123176299	fire.n.03	0.809
104107387	fire.n.03	0.926
102205792	fire.n.03	0.344
103642957	fire.n.03	0.803
106835649	fire.n.03	0.493
103831237	fire.n.05	0.572
106295696	fire.n.03	0.821
120993389	fire.n.03	0.561
100543770	fire.n.01	0.464
103639429	fire.n.03	0.646
107730291	fire.n.03	0.576
109116318	fire.n.03	0.51
111159680	fire.n.03	0.545
104108400	fire.n.03	0.662
106404582	fire.n.03	0.726
107108141	fire.n.03	0.447
107297674	conflagration.n.01	None
104938924	fire.n.03	0.501
104255401	fire.n.03	0.69
103628277	fire.n.03	0.739
109848197	fire.n.01	0.38
117572213	fire.n.05	0.509
101833363	fire.n.03	0.572
108331043	fire.n.03	0.443
112454384	fire.n.03	0.483
116911177	fire.n.03	0.48
123137964	light.n.06	0.435
108191773	fire.n.03	0.469
116971285	fire.n.04	0.474
103486581	fire.n.01	0.481
104146759	fire.n.03	None
117235589	fire.n.08	0.409
123936275	pyre.n.01	None
106558157	fire.n.03	0.653
120966482	fire.n.05	0.466
100113060	fire.n.03	None
107107834	fire.n.03	0.561
100579830	fire.n.03	0.453
118750294	fire.n.03	0.434
107161232	fire.n.01	0.616
106556083	fire.n.03	0.761
108324865	fire.n.03	0.477
123170729	fire.n.01	0.387
116261716	fire.n.01	0.41
117341705	ardor.n.03	0.733
117572339	fire.n.03	0.715
103559017	fire.n.03	0.554
104139802	fire.n.03	0.875
104026417	fire.n.03	0.482
108317231	fire.n.03	0.694
108249957	fire.n.03	0.651
108017031	fire.n.07	0.515
104234158	fire.n.03	0.855
113498862	fire.n.01	0.397
100119784	fire.n.03	0.687
109761684	fire.n.01	0.48
122642862	air.n.01	0.596
116294654	fire.n.01	0.475
100247160	fire.n.03	0.699
123965881	fire.n.03	0.619
107928427	fire.n.03	0.638
109658027	fire.n.03	0.553
103779001	fire.n.03	0.58
106557303	fire.n.03	0.605
109078711	fire.n.03	0.396
103490490	fire.n.03	0.632
103544845	fire.n.03	0.697
104588442	fire.n.03	0.659
119373421	fire.n.03	0.691
100372127	fire.n.01	0.595
109172639	fire.n.03	0.464
102136906	fire.n.03	0.438
115541579	fire.n.03	None
107796741	fire.n.03	0.592
116313065	fire.n.03	0.572
121495723	fire.n.01	0.481
103367580	fire.n.03	0.558
103619121	fire.n.03	0.734
104224108	fire.n.03	0.717
100013192	fire.n.01	0.717
101717525	fire.n.03	0.776
116586179	fire.n.03	0.751
101453031	fire.n.03	0.609
101583259	fire.n.03	0.629
104224240	fire.n.03	0.793
107970971	fire.n.03	0.563
106526249	fire.n.03	0.394
115477991	fire.n.03	0.681
104995588	fire.n.01	0.553
107840120	fire.n.03	0.536
105683440	fire.n.01	0.558
108883396	fire.n.01	0.648
102170941	fire.n.03	0.53
123085495	fire.n.03	0.634
104214130	fire.n.03	0.836
108289472	fire.n.01	0.679
106557489	fire.n.03	0.431
104108665	fire.n.03	0.695
118338063	fire.n.03	0.376
104024395	fire.n.05	0.593
101532514	fire.n.01	0.526
107364509	fire.n.03	0.735
117369315	fire.n.03	0.397
106503273	fire.n.03	0.543
108325900	fire.n.01	0.493
117381380	fire.n.03	0.524
104585316	fire.n.03	0.8
105686502	fire.n.03	0.763
121241510	fire.n.01	0.579
108305516	fire.n.03	0.497
109808792	fire.n.04	0.359
123226938	fire.n.03	0.543
108207153	fire.n.01	0.526
101746686	ardor.n.03	0.452
100012882	fire.n.03	0.585
106423228	fire.n.03	0.498
101658850	fire.n.01	0.467
103783742	fire.n.03	0.805
106891469	fire.n.03	0.495
114648293	fire.n.03	0.473
123123365	fire.n.03	0.663
118998662	fire.n.05	0.425
115826499	fire.n.03	0.687
123212658	fire.n.03	0.564
101140559	fire.n.03	0.318
103375834	fire.n.03	0.588
104993907	fire.n.03	0.637
107465541	fire.n.03	None
116822221	fire.n.01	0.47
108356984	fire.n.03	0.505
108294527	fire.n.03	0.631
123937438	fire.n.02	0.566
102157477	fire.n.03	0.536
116083080	ardor.n.03	0.85
108319286	fire.n.01	0.482
103637701	fire.n.03	0.673
118773322	fire.n.08	0.418
109048422	fire.n.01	0.425
118984294	fire.n.03	0.647
108511772	fire.n.01	0.463
100630365	fire.n.03	None
118724242	fire.n.03	0.651
123163923	ardor.n.03	0.908
115595854	fire.n.03	0.708
103375799	fire.n.03	0.651
116278637	fire.n.03	0.453
119066563	fire.n.01	0.599
108196697	fire.n.01	0.425
108119466	fire.n.01	0.462
124581993	fire.n.03	0.518
103832400	fire.n.03	0.491
100476284	fire.n.01	0.732
100546073	fire.n.03	0.592
103639157	fire.n.03	0.833
108783117	fire.n.03	0.725
104216293	fire.n.03	0.802
104459711	ardor.n.03	0.446
116950149	fire.n.03	0.582
108792796	fire.n.01	0.588
115543497	fire.n.01	0.93
116302421	fire.n.01	0.682
123201337	fire.n.03	0.716
108509508	fire.n.03	0.643
116332918	fire.n.01	0.471
108999484	fire.n.01	0.725
123041760	fire.n.05	0.803
106556839	fire.n.03	0.61
106462034	fire.n.03	0.504
119391098	fire.n.03	0.57
104993459	fire.n.01	0.49
123074314	fire.n.03	0.825
116175090	burning.n.01	0.922
108909757	torch.n.01	0.968
100042098	fire.n.01	0.516
106556451	fire.n.03	0.773
106159074	fire.n.01	0.625
123133876	light.n.01	0.319
105457099	fire.n.03	None
118984714	fire.n.03	0.455
106554665	fire.n.03	0.5
123946666	fire.n.03	0.523
123331491	fire.n.03	0.591
118771192	fire.n.01	0.588
102382206	fire.n.03	0.726
115842408	fire.n.04	0.622
106342764	light.n.01	0.283
122763073	fire.n.01	0.403
103797873	fire.n.03	0.604
106434416	fire.n.03	0.806
107874655	fire.n.03	0.605
104133428	fire.n.03	0.642
106929920	pyre.n.01	None
113497701	fire.n.08	0.487
103631353	fire.n.03	0.594
108207090	fire.n.03	0.725
110000757	fire.n.03	None
104545135	fire.n.05	0.465
116282522	fire.n.02	0.768
108223091	fire.n.01	0.539
105342315	fire.n.01	0.699
104062830	fire.n.03	0.756
117366609	fire.n.03	0.387
119158919	fire.n.04	0.414
101167112	fire.n.03	0.341
103633999	fire.n.03	0.806
106358543	fire.n.01	0.43
108511146	fire.n.01	0.616
107947168	fire.n.03	0.652
106835780	fire.n.01	0.736
104139868	fire.n.03	0.738
121980694	fire.n.03	0.639
104925596	fire.n.03	0.48
110000703	fire.n.01	0.616
123937029	fire.n.01	0.512
109903466	fire.n.04	0.575
100041799	fire.n.03	0.548
118675007	fire.n.01	0.618
103801979	fire.n.07	0.49
103618080	fire.n.03	0.714
113422943	fire.n.03	0.537
115847098	fire.n.03	0.676
120576386	fire.n.01	0.52
113591095	fire.n.03	0.438
110184471	fire.n.04	0.67
103490444	fire.n.01	0.654
123114592	fire.n.03	0.637
108798076	fire.n.01	0.432
104158605	fire.n.03	0.717
122709123	fire.n.03	0.443
122763138	fire.n.03	0.45
117366599	fire.n.03	0.446
104171240	fire.n.03	0.812
100804210	fire.n.01	0.458
101467280	fire.n.01	0.763
104545923	fire.n.03	0.584
112436359	fire.n.03	0.644
112431646	fire.n.05	0.488
115840073	fire.n.03	0.551
102160298	fire.n.03	0.677
108509634	fire.n.03	0.689
102035736	fire.n.03	0.623
122766415	fire.n.03	0.551
103783749	fire.n.03	0.667
110023124	blaze.n.01	0.632
116920259	fire.n.03	0.602
109946803	ardor.n.03	0.739
100239062	fire.n.05	0.433
108563941	fire.n.03	0.587
101178805	fire.n.04	0.393
120986319	fire.n.03	None
103613297	fire.n.03	0.569
106556461	fire.n.03	0.733
106890344	fire.n.01	0.426
108188888	fire.n.03	0.587
113414867	fire.n.03	0.619
108355295	fire.n.03	0.629
122771592	fire.n.05	0.445
103966772	fire.n.03	0.667
101197062	fire.n.01	0.519
105179774	fire.n.01	0.383
119094386	ardor.n.03	0.381
118874633	fire.n.03	0.517
113403760	fire.n.03	0.522
103468789	fire.n.03	0.667
105301685	ardor.n.03	0.41
108342774	fire.n.03	0.627
124770703	fire.n.03	0.314
103613032	fire.n.03	0.711
100052879	fire.n.03	0.57
123114586	fire.n.03	0.637
115461205	fire.n.01	0.505
102408172	torch.n.01	0.898
108249952	fire.n.03	0.477
108081284	fire.n.03	0.574
104458424	fire.n.05	0.324
101011485	fire.n.03	None
106425048	fire.n.03	0.532
109802188	fire.n.03	0.548
120966310	fire.n.03	0.511
119055671	fire.n.01	0.55
108189247	fire.n.01	0.556
101395686	fire.n.03	0.7
100194556	fire.n.04	0.572
106907030	fire.n.01	0.523
110246162	fire.n.03	0.53
102974195	fire.n.03	0.561
104233687	fire.n.03	0.694
100893964	fire.n.01	0.598
102653898	fire.n.03	0.597
123558489	fire.n.03	0.592
123158731	fire.n.03	0.522
102356419	fire.n.03	0.621
108073303	fire.n.03	0.57
123158764	fire.n.03	0.559
102187301	fire.n.04	0.605
115549992	fire.n.01	0.514
106906496	fire.n.02	0.792
104024738	fire.n.03	0.647
103643119	fire.n.03	0.677
123077464	ardor.n.03	0.399
103633383	fire.n.03	0.44
105342687	fire.n.01	0.779
117366535	fire.n.03	0.364
108210824	fire.n.03	0.542
104138535	fire.n.03	0.866
108222833	fire.n.01	0.513
107469178	fire.n.03	None
112437929	fire.n.03	0.771
110117431	fire.n.01	0.443
102163801	fire.n.03	0.697
107998734	fire.n.03	0.598
105228855	fire.n.01	0.582
103016389	ardor.n.03	0.819
109346131	fire.n.03	0.519
117528296	fire.n.03	0.613
118378402	fire.n.01	0.331
119055323	fire.n.03	0.796
118854399	ardor.n.03	0.476
116944343	fire.n.03	0.398
116791913	ardor.n.03	0.301
100133730	fire.n.01	0.64
120987926	fire.n.03	0.494
109040506	fire.n.03	0.502
118004443	fire.n.05	0.41
119082060	fire.n.03	None
115379418	fire.n.01	0.576
106390549	fire.n.01	0.357
123963346	fire.n.03	0.551
104107921	fire.n.03	0.608
121486769	fire.n.03	0.359
108189006	fire.n.03	0.607
103645853	fire.n.03	0.837
118797978	fire.n.03	0.707
103642504	fire.n.03	0.628
104232298	fire.n.05	0.437
112443944	fire.n.05	0.426
100100969	fire.n.04	0.513
118514760	fire.n.03	None
103574974	fire.n.03	0.482
104680974	fire.n.03	0.374
103834453	fire.n.03	0.662
100251305	fire.n.03	0.543
100817354	fire.n.03	None
101196578	fire.n.03	None
105753418	fire.n.03	0.695
106813086	fire.n.01	0.439
109393539	fire.n.03	0.637
117052619	fire.n.03	0.417
108511721	fire.n.03	0.514
115826452	fire.n.01	0.536
114996225	fire.n.03	0.462
102173324	fire.n.03	0.728
114986575	fire.n.03	0.324
102166383	fire.n.03	0.873
121474547	fire.n.01	0.521
109229390	fire.n.03	0.407
100595375	fire.n.02	0.825
120646677	fire.n.03	0.623
123653267	fire.n.05	0.436
112437974	fire.n.03	0.706
102173272	fire.n.03	0.658
116945242	fire.n.03	0.753
100119679	fire.n.04	0.45
107921162	fire.n.01	0.808
118772370	fire.n.03	0.43
108120795	ardor.n.03	0.319
104015927	fire.n.03	0.719
100166836	fire.n.03	0.418
104599783	fire.n.03	0.587
119014874	fire.n.03	0.545
108304238	fire.n.04	0.425
100493435	fire.n.01	0.693
103205270	fire.n.01	0.454
104941881	fire.n.03	0.539
121554208	fire.n.03	0.682
117571455	fire.n.03	0.616
108356085	fire.n.03	0.495
101197153	ashe.n.01	None
115661252	fire.n.03	0.569
106192119	fire.n.03	0.82
113498984	fire.n.03	None
108570995	torch.n.01	0.989
118631655	fire.n.01	0.513
103559416	fire.n.03	0.579
121477257	fire.n.03	0.711
103639476	fire.n.03	0.52
107857020	fire.n.03	0.432
104259259	fire.n.03	0.732
101485096	fire.n.01	0.661
123989465	fire.n.03	0.429
115544638	fire.n.01	0.274
108258401	fire.n.03	0.651
109317572	fire.n.03	0.671
102177196	fire.n.03	0.775
102175628	fire.n.03	0.803
110020488	fire.n.03	0.653
101664857	fire.n.03	0.49
117780756	fire.n.01	0.349
109229447	fire.n.03	0.833
108510776	fire.n.03	0.598
117774459	fire.n.03	0.614
108563919	fire.n.03	0.553
121230136	fire.n.03	0.522
117558163	fire.n.03	0.716
101659115	fire.n.03	0.456
100170222	fire.n.03	0.372
123954210	fire.n.02	0.447
103639108	fire.n.03	0.557
119394285	fire.n.03	0.727
124912374	fire.n.01	0.441
104545213	fire.n.03	0.634
108246733	fire.n.03	0.762
102165007	ardor.n.03	0.651
124479368	fire.n.03	0.769
119097683	fire.n.05	0.598
116293976	fire.n.01	0.5
103643021	fire.n.03	0.665
104020708	fire.n.03	0.819
103633283	fire.n.03	0.461
101714836	fire.n.03	0.658
105131997	fire.n.01	0.492
119097699	fire.n.03	0.399
124557904	fire.n.01	0.604
100249552	fire.n.03	0.434
117380186	fire.n.03	0.774
105254593	fire.n.01	0.617
119012369	fire.n.03	None
100455084	fire.n.01	0.664
102178420	fire.n.05	0.518
120576300	fire.n.03	0.577
108372456	fire.n.03	0.73
107921104	fire.n.01	0.665
116987121	torch.n.01	0.974
102177517	ardor.n.03	0.375
103641562	fire.n.03	0.482
113518557	fire.n.03	0.611
101001099	fire.n.01	0.613
108304698	fire.n.03	0.64
103575701	fire.n.03	0.637
108018383	fire.n.03	0.558
115996055	fire.n.01	0.515
108222983	fire.n.01	0.501
100650187	fire.n.03	0.361
117479078	fire.n.03	0.724
108276505	ardor.n.03	0.463
117208013	combustion.n.01	0.762
108185996	fire.n.01	0.452
116796543	fire.n.03	0.689
108241419	fire.n.03	0.617
121289249	fire.n.03	0.63
113614249	fire.n.03	0.663
102178002	fire.n.03	0.746
115606189	fire.n.03	0.764
108678641	fire.n.01	0.554
124910321	fire.n.03	0.647
124912361	fire.n.01	0.441
107108285	fire.n.01	0.598
100119728	fire.n.03	None
110246406	fire.n.05	0.557
113529683	fire.n.01	0.422
116007404	fire.n.03	0.53
103967584	fire.n.03	0.617
123967503	fire.n.03	0.612
110243564	fire.n.03	0.621
104944141	ardor.n.03	0.548
110083245	fire.n.03	0.627
120979160	ardor.n.03	0.714
123159494	fire.n.03	0.605
103376362	fire.n.03	0.287
122767619	fire.n.03	0.45
113627446	fire.n.03	None
100618285	fire.n.01	0.513
108759543	fire.n.03	0.655
110390545	fire.n.04	0.453
101042874	fire.n.03	None
104152286	fire.n.03	0.781
123953362	fire.n.03	None
108307872	fire.n.01	0.59
115499106	fire.n.03	None
123653346	fire.n.03	0.494
122691712	fire.n.05	0.724
104146616	fire.n.03	0.632
101809563	fire.n.03	0.7
103377087	fire.n.03	0.37
108019802	fire.n.01	0.552
123106087	ardor.n.03	0.417
117369943	fire.n.03	0.854
108259859	fire.n.03	0.433
108360565	fire.n.03	0.678
101359068	fire.n.03	0.834
104121990	fire.n.07	0.531
100875969	fire.n.01	0.512
111189900	fire.n.03	0.595
104944847	fire.n.03	0.624
122730552	fire.n.01	0.533
117369334	fire.n.03	0.582
108233696	fire.n.03	0.533
107305652	fire.n.03	None
113441887	torchlight.n.01	None
117625699	fire.n.03	None
100842535	ardor.n.03	0.87
122766081	fire.n.03	0.813
108887890	fire.n.01	0.484
120943959	fire.n.08	0.591
104118595	fire.n.03	0.766
121508041	fire.n.03	0.492
122770562	fire.n.03	0.754
115451468	fire.n.03	0.54
121439225	fire.n.03	0.417
123997619	fire.n.03	0.468
115924301	fire.n.01	0.521
102169200	fire.n.03	0.693
108060901	fire.n.03	0.547
102167969	fire.n.03	0.744
116308146	fire.n.01	0.842
103644366	fire.n.03	0.667
122001516	fire.n.03	0.684
104879357	fire.n.07	0.399
104884448	fire.n.03	0.683
116292537	fire.n.01	0.631
108229698	fire.n.03	0.753
103834447	fire.n.03	0.622
100108190	fire.n.03	None
108813013	fire.n.01	0.461
106256614	fire.n.03	0.762
103626909	fire.n.03	0.864
104161888	fire.n.03	0.663
120943158	ardor.n.03	0.4
122709163	fire.n.01	0.495
106576002	fire.n.03	0.447
108279279	fire.n.03	0.565
100480919	blaze.n.01	0.563
123580617	fire.n.03	0.596
104886311	fire.n.03	0.457
106277372	fire.n.03	0.681
102389138	fire.n.03	0.453
108207716	fire.n.01	0.329
108367545	fire.n.03	0.511
109301038	fire.n.03	0.409
109879929	fire.n.03	0.63
104984937	fire.n.03	0.529
117459766	fire.n.03	0.485
106558175	fire.n.03	0.848
123041710	fire.n.01	0.461
104864544	fire.n.03	0.549
109307273	fire.n.03	0.539
117774309	fire.n.01	0.487
117028481	fire.n.01	0.673
118902762	fire.n.03	0.744
106159133	fire.n.03	0.472
113478159	fire.n.03	0.622
101195703	fire.n.08	0.901
103651932	fire.n.03	0.721
103644947	fire.n.03	0.675
121334177	fire.n.04	0.375
120993203	fire.n.03	0.506
100868469	fire.n.03	0.517
104123567	fire.n.01	0.464
101647769	fire.n.04	0.431
117631593	fire.n.03	0.508
116234585	fire.n.03	0.553
116537361	fire.n.03	0.706
106461763	fire.n.01	0.538
100066146	fire.n.02	0.732
123198926	fire.n.03	0.674
116274682	fire.n.03	0.715
100480093	fire.n.03	0.667
120728031	fire.n.03	0.535
107627349	fire.n.03	0.687
100486095	ardor.n.03	0.406
106556284	fire.n.05	0.842
106497929	fire.n.01	0.462
103824820	fire.n.03	0.576
118774453	fire.n.03	0.72
120967254	fire.n.01	0.44
104122305	fire.n.03	0.693
120944784	fire.n.04	0.475
106592936	fire.n.01	0.533
105686410	fire.n.03	0.482
118635843	fire.n.03	0.601
109173104	fire.n.03	0.654
116239604	fire.n.03	0.345
116335509	fire.n.01	0.297
106901726	fire.n.03	0.734
102176923	fire.n.03	0.714
104107502	fire.n.03	0.702
102281305	fire.n.03	0.538
117052586	fire.n.03	0.526
110016287	sun.n.01	0.618
100230105	fire.n.07	0.411
117575988	fire.n.05	0.42
106291857	fire.n.03	0.596
121075103	fire.n.03	0.415
116806564	fire.n.03	0.604
104043158	fire.n.03	0.841
108202102	fire.n.03	0.574
100144345	fire.n.04	0.459
108911236	fire.n.03	0.449
109292153	fire.n.04	0.355
118981751	fire.n.03	0.619
108258797	fire.n.03	0.638
116835137	fire.n.03	0.791
109976093	fire.n.01	0.358
123343052	fire.n.01	0.479
109040641	fire.n.01	0.761
106163215	fire.n.03	0.633
117579600	fire.n.03	0.272
117723189	ardor.n.03	0.897
115688806	fire.n.03	0.599
102164971	fire.n.03	0.605
104142452	fire.n.03	0.912
123097311	fire.n.03	None
108340223	ardor.n.03	0.704
121074441	fire.n.03	0.745
123540815	fire.n.03	None
102990313	fire.n.03	None
108778369	fire.n.03	0.485
108826056	fire.n.01	0.585
120641436	fire.n.03	0.387
108606679	fire.n.01	0.566
124914266	fire.n.03	0.818
106555279	fire.n.03	0.692
102501275	fire.n.03	0.462
117479250	fire.n.03	0.501
103612968	fire.n.03	0.671
124779866	fire.n.03	0.624
104996268	fire.n.05	0.261
110088101	fire.n.04	0.301
108883368	fire.n.01	0.727
108372461	fire.n.03	0.72
120576376	fire.n.01	0.509
116224155	fire.n.01	0.421
106813702	fire.n.03	0.519
110071989	fire.n.03	0.703
115571159	fire.n.03	0.546
107309171	fire.n.03	0.619
121075097	fire.n.01	0.468
107108760	fire.n.03	0.633
117479244	fire.n.03	0.643
115936600	fire.n.01	0.485
119055673	fire.n.01	0.594
109411810	fuel.n.01	None
101467091	fire.n.01	0.59
117615144	fire.n.05	0.378
121230122	fire.n.03	0.539
104973877	fire.n.03	0.545
108225276	fire.n.03	0.62
103637965	fire.n.05	0.526
106886502	fire.n.01	0.53
117569424	fire.n.03	0.582
115499518	fire.n.01	0.651
100041804	fire.n.03	0.548
116209965	fire.n.01	0.484
108367513	fire.n.03	None
109315173	fire.n.03	0.802
117967333	fire.n.03	0.594
100482028	fire.n.08	0.482
117987026	fire.n.03	0.572
107465704	fire.n.03	0.553
103831521	fire.n.03	0.738
107956070	fire.n.03	0.823
110037186	fire.n.02	0.438
108368819	fire.n.01	0.477
100875801	fire.n.01	0.574
117342110	ardor.n.03	0.823
107950080	fire.n.03	0.483
100567465	torch.n.01	0.943
111159482	fire.n.03	0.478
119394273	fire.n.03	0.49
116294829	fire.n.01	0.697
103374968	fire.n.07	0.403
105342839	fire.n.01	0.475
108080990	fire.n.03	0.507
104021118	fire.n.03	0.694
101090227	fire.n.07	0.327
106550797	fire.n.05	0.487
109239393	fire.n.03	0.642
107108420	fire.n.03	0.55
100574093	fire.n.01	0.483
118998690	fire.n.03	0.457
118009313	fire.n.03	0.77
102177599	fire.n.03	0.437
106428764	fire.n.03	0.813
102999378	burning.n.01	0.386
100210257	fire.n.04	0.573
101839918	fire.n.01	0.512
103798347	fire.n.03	0.68
122691673	fire.n.05	0.699
109805665	fire.n.07	0.38
108509617	fire.n.03	0.624
121073041	fire.n.03	0.535
104584357	fire.n.03	0.822
116287327	fire.n.02	0.586
110098855	fire.n.03	0.392
115395743	fire.n.03	0.498
102168762	fire.n.03	0.639
118991896	fire.n.03	0.451
105384484	fire.n.03	0.408
104463743	fire.n.03	0.631
106460663	fire.n.03	0.634
101196847	fire.n.01	0.423
100875758	fire.n.03	0.666
113435962	fire.n.03	0.574
104965862	fire.n.03	0.51
104138032	fire.n.03	0.387
103567569	fire.n.03	0.748
116573810	fire.n.03	0.774
104152634	fire.n.01	0.571
122642605	fire.n.03	0.477
115673568	fire.n.03	0.576
122767753	fire.n.03	0.595
100479990	fire.n.03	0.385
113464599	burning.n.05	0.586
109373058	fire.n.03	0.455
110388593	fire.n.03	0.786
118662375	fire.n.01	0.642
117062597	fire.n.03	0.606
122771451	fire.n.05	0.501
103959785	fire.n.03	0.72
117533265	fire.n.01	0.482
116325907	fire.n.03	0.675
107730237	fire.n.03	0.596
118664710	fire.n.01	0.581
107830701	fire.n.03	0.557
118725606	fire.n.03	0.613
116292441	fire.n.01	0.701
100099847	fire.n.04	0.397
101042845	fire.n.03	0.555
123899253	fire.n.01	0.413
123932949	fire.n.02	0.511
114986460	fire.n.05	0.592
108584570	fire.n.01	0.687
101787471	fire.n.03	0.707
117369323	fire.n.05	0.768
107109109	fire.n.03	0.489
102082112	fire.n.03	0.644
107880979	fire.n.03	0.578
104015823	fire.n.03	0.848
113514298	fire.n.03	None
103822747	fire.n.03	0.486
103636210	fire.n.03	0.625
122763070	fire.n.03	0.42
100049796	fire.n.03	None
123243741	fire.n.03	0.5
119018755	fire.n.03	0.672
115537437	fire.n.03	None
101833385	fire.n.05	0.735
116975200	fire.n.08	0.315
112429806	fire.n.03	0.666
104951175	fire.n.03	0.729
102170758	fire.n.03	0.71
118484324	fire.n.03	0.584
107956073	fire.n.03	0.728
107955362	fire.n.01	0.345
102167814	fire.n.03	0.603
102501251	fire.n.03	0.572
102066956	fire.n.04	0.525
101197454	fire.n.01	0.461
105050745	fire.n.03	0.662
120648348	fire.n.03	0.858
116337003	fire.n.03	0.454
108193983	fire.n.01	0.379
100160268	fire.n.04	0.537
102173234	fire.n.03	0.658
110241267	fire.n.03	0.598
107143839	fire.n.03	0.64
123243840	fire.n.05	0.817
109315835	fire.n.03	0.724
106451604	fire.n.03	0.787
103567077	fire.n.05	0.5
106380620	fire.n.03	0.38
101423160	fire.n.01	0.452
117029872	fire.n.01	0.675
102957591	fire.n.03	None
123074302	fire.n.03	0.809
118674998	fire.n.01	0.672
104667162	fire.n.01	0.535
116573841	fire.n.03	0.774
108996871	fire.n.03	0.572
107280354	fire.n.01	0.429
116779341	fire.n.05	0.801
123067717	ardor.n.03	0.372
108124717	fire.n.03	0.555
104106788	fire.n.03	0.752
104144463	fire.n.03	0.843
106519976	fire.n.03	0.651
103372503	fire.n.03	0.417
106366515	fire.n.03	0.6
106346610	fire.n.03	0.611
108229640	fire.n.01	0.557
104653847	wheat.n.01	0.874
118451821	heat.n.03	0.453
103832662	fire.n.03	0.846
106556794	fire.n.03	0.492
103639550	fire.n.03	0.61
116294527	fire.n.01	0.569
104137540	fire.n.03	0.634
116333874	fire.n.03	0.543
106497871	fire.n.01	0.58
106291970	fire.n.03	0.586
113610124	fire.n.01	0.508
106551506	fire.n.03	0.519
100248195	fire.n.03	0.505
102168964	fire.n.03	0.868
107154702	fire.n.03	None
105445837	fire.n.01	0.686
107815144	fire.n.03	0.701
108307917	fire.n.03	0.554
119093174	fire.n.03	0.466
108730402	fire.n.01	0.519
107802975	fire.n.01	0.367
100112707	fire.n.01	0.579
116302363	fire.n.01	0.77
123175037	fire.n.03	0.594
108242023	fire.n.03	0.756
123083056	ardor.n.03	0.874
117465730	spark.n.04	0.79
110087438	fire.n.01	0.544
107888018	fire.n.03	0.625
112396496	fire.n.03	0.576
102164826	ardor.n.03	0.674
104120735	fire.n.03	0.831
117016378	light.n.02	0.534
118687613	fire.n.04	0.377
116792088	fire.n.01	0.728
108896620	fire.n.03	0.503
106891481	fire.n.03	None
109770904	fire.n.03	0.481
105342414	fire.n.03	None
115763985	fire.n.03	0.463
119012429	fire.n.03	None
119024738	fire.n.03	0.593
113343555	fire.n.01	0.401
119088961	fire.n.03	0.754
108235557	fire.n.01	0.339
107730223	fire.n.03	0.567
118990393	tire.n.01	None
117359605	fire.n.04	0.849
123993461	fire.n.01	0.572
119026928	fire.n.01	0.526
107950558	fire.n.03	0.552
106160774	fire.n.03	0.581
100552080	ardor.n.03	0.515
104138100	fire.n.01	0.651
110082240	fire.n.03	0.47
101962597	fire.n.03	0.681
123258572	ardor.n.03	0.823
124612399	torch.n.01	0.96
104158977	fire.n.03	0.638
123945957	fire.n.03	None
109976081	fire.n.01	0.358
100127136	fire.n.03	None
123145622	fire.n.01	0.559
117787823	fire.n.03	0.481
101401493	fire.n.03	0.722
121470868	fire.n.03	0.625
121071384	fire.n.03	0.467
123041708	fire.n.01	0.547
105065412	fire.n.05	0.534
119026149	fire.n.03	0.78
102172754	fire.n.03	0.804
123579041	fire.n.03	0.608
106549865	fire.n.03	0.54
105825883	fire.n.03	0.647
102164101	fire.n.03	0.543
123062670	fire.n.03	0.632
117598053	fire.n.03	0.579
103797859	fire.n.03	0.536
100591513	ardor.n.03	0.993
115365736	fire.n.03	0.586
115478034	fire.n.03	0.819
104210552	fire.n.05	0.546
118663180	fire.n.04	0.43
102169812	fire.n.03	0.772
115547386	fire.n.03	0.523
105186559	fire.n.04	0.399
100651871	torch.n.01	0.972
101418779	fire.n.04	0.455
103886089	fire.n.03	0.614
105318717	fire.n.03	0.55
107797074	fire.n.03	0.527
104753921	fire.n.03	0.91
102378366	fire.n.03	0.597
120987847	fire.n.03	0.657
121470796	fire.n.01	0.611
107256617	fire.n.01	0.443
102175197	fire.n.03	0.846
108778543	fire.n.03	0.465
101464455	fire.n.04	0.531
106478692	fire.n.03	0.556
104023204	fire.n.03	0.565
116295521	fire.n.03	0.551
104597247	fire.n.03	None
104461561	fire.n.03	0.686
105151864	fire.n.01	0.448
118431833	fire.n.03	0.668
109313372	fire.n.03	0.639
110194398	fire.n.01	0.425
117601312	fire.n.03	0.749
100245224	fire.n.03	0.525
118994101	fire.n.03	0.426
108324782	fire.n.01	0.601
122786283	fire.n.01	0.423
103626073	fire.n.03	0.586
117163793	fire.n.03	0.497
107128036	fire.n.01	0.753
104112737	vapor.n.01	0.921
104108911	fire.n.03	0.583
123988935	fire.n.01	0.599
103614243	fire.n.01	0.405
120748327	fire.n.03	0.634
104524365	fire.n.03	0.67
110238731	fire.n.03	0.675
106463192	fire.n.03	0.578
123575516	fire.n.03	0.698
106223309	fire.n.03	0.804
110084270	fire.n.03	0.669
123062069	fire.n.03	0.666
106463116	fire.n.01	0.465
108188993	fire.n.03	0.497
102501260	fire.n.03	0.667
123063290	fire.n.05	0.734
109880079	fire.n.03	0.485
104129813	fire.n.03	0.678
112454406	fire.n.03	0.687
117356594	fire.n.03	0.649
119116900	fire.n.03	0.65
118348442	fire.n.03	0.511
102169554	fire.n.03	0.417
103641300	fire.n.05	0.717
107909230	fire.n.03	0.458
100630394	fire.n.03	0.528
118902644	fire.n.03	0.473
101717523	fire.n.03	0.638
106554760	fire.n.03	0.737
106263156	fire.n.04	0.499
100086051	fire.n.01	0.614
100525288	fire.n.03	0.723
102163953	fire.n.03	0.553
123160658	ardor.n.03	0.825
118174944	fire.n.01	0.382
115528070	fire.n.01	0.663
110194367	fire.n.01	0.464
103829073	fire.n.03	0.587
103019349	fire.n.04	0.426
109949547	fire.n.04	0.652
103616949	fire.n.03	0.594
103811391	fire.n.03	0.722
108293393	fire.n.01	0.601
119098661	fire.n.03	0.638
106276126	ardor.n.03	0.426
113383716	fire.n.03	0.499
110227163	fire.n.03	0.717
103898690	fire.n.03	0.421
115498962	fire.n.02	0.886
109135262	fire.n.03	0.715
109387952	fire.n.01	0.526
100183863	fire.n.03	0.604
104118722	fire.n.03	0.718
121438762	fire.n.03	0.554
109314121	fire.n.03	0.32
106438973	fire.n.03	0.651
100868514	fire.n.03	0.436
104136408	fire.n.03	0.721
100597436	fire.n.01	0.67
104938933	fire.n.01	0.464
100623113	fire.n.01	0.468
123543780	fire.n.07	0.511
113393129	coal.n.01	0.628
100874411	fire.n.03	0.487
108261831	fire.n.05	0.359
116309934	fire.n.01	0.666
116230681	fire.n.01	0.692
108655415	fire.n.03	0.551
106835637	blaze.n.01	0.958
113316405	fire.n.03	0.425
118352686	fire.n.03	0.497
101546394	fire.n.03	0.498
103835182	fire.n.03	0.599
104935272	fire.n.01	0.547
100845761	ardor.n.03	0.48
106122388	fire.n.03	0.643
124676758	fire.n.03	0.525
117606177	fire.n.03	0.635
101151592	fire.n.03	0.471
112436399	fire.n.03	0.752
117369169	fire.n.05	0.486
104106671	fire.n.03	0.563
109839964	fire.n.01	0.517
104938956	fire.n.03	0.373
117579585	fire.n.03	0.537
109880089	fire.n.03	0.546
108267728	fire.n.03	0.655
103778903	fire.n.03	0.786
121218180	fire.n.01	0.647
101467729	fire.n.01	0.457
102170126	fire.n.03	0.86
105363792	fire.n.02	0.557
107803275	fire.n.05	0.531
105227369	fire.n.01	0.689
122768989	fire.n.03	0.514
107077225	fire.n.01	0.698
120691997	ardor.n.03	0.36
102387086	fire.n.03	0.511
100607382	fire.n.03	0.555
104146733	fire.n.03	0.487
115854754	fire.n.03	0.444
110093716	fire.n.05	0.578
100112893	fire.n.01	0.362
101668065	fire.n.03	0.532
104118731	fire.n.03	0.8
103639398	fire.n.03	0.596
108508491	fire.n.03	0.556
117472242	fire.n.03	0.779
116295336	fire.n.01	0.626
123256266	fire.n.01	0.28
104137736	fire.n.03	0.635
117364080	fire.n.01	0.352
106231216	fire.n.03	0.826
119199515	fire.n.01	0.464
104071759	fire.n.03	0.799
110159444	fire.n.01	0.353
105228778	bonfire.n.01	None
103566827	fire.n.03	0.581
104944857	fire.n.03	0.476
104140170	fire.n.03	0.354
110144074	fire.n.01	0.495
104919951	fire.n.03	0.706
117052006	fire.n.03	0.622
103642925	fire.n.03	0.703
103886105	fire.n.01	0.496
103640462	fire.n.03	0.764
100044582	fire.n.01	0.444
100888593	fire.n.03	0.523
123064369	fire.n.03	0.662
109051142	fire.n.01	0.591
123934266	fire.n.01	0.705
119026643	fire.n.01	0.497
117229719	fire.n.03	0.564
104588115	fire.n.03	0.849
110000654	fire.n.01	0.702
108229534	fire.n.01	0.57
109283523	hotness.n.01	0.431
108302596	fire.n.03	0.528
113670555	fire.n.03	0.539
103613138	fire.n.03	0.664
103638901	ardor.n.03	0.531
103833701	fire.n.03	0.646
112396429	fire.n.03	0.471
115873736	fire.n.03	None
115544439	fire.n.03	0.636
106552742	fire.n.03	0.563
108368337	fire.n.03	0.43
120943936	fire.n.01	0.4
107803179	fire.n.04	0.467
117792341	fire.n.03	0.618
122701620	fire.n.03	0.573
104018851	fire.n.03	0.871
109310849	fire.n.03	0.642
118450489	fire.n.03	None
103626004	fire.n.03	0.527
101005251	fire.n.03	None
122706233	fire.n.04	0.679
117369366	fire.n.03	0.53
111159547	fire.n.03	0.714
102171509	fire.n.03	0.572
106404550	fire.n.03	0.583
105130945	fire.n.03	0.657
118933245	fire.n.01	0.385
107730175	fire.n.03	0.662
118784359	ardor.n.03	0.886
120965373	fire.n.05	0.795
108925973	fire.n.01	0.412
124568814	fire.n.03	0.746
108080628	fire.n.03	0.584
124585546	fire.n.03	0.58
103832340	fire.n.03	0.589
108313114	ardor.n.03	0.402
101770952	fire.n.03	0.43
115566246	fire.n.01	0.865
104069113	fire.n.03	0.736
116312359	fire.n.01	0.559
118996609	fire.n.01	0.443
104954127	fire.n.03	0.534
106817003	fire.n.03	0.546
102160507	fire.n.03	0.588
109298742	fire.n.03	0.669
101467959	fire.n.03	0.463
124681190	light.n.14	0.693
104881865	fire.n.03	0.823
120942824	ardor.n.03	0.834
103952706	fire.n.01	0.564
104108161	fire.n.03	0.856
101154404	fire.n.03	0.627
124609882	illumination.n.02	0.656
108887169	ardor.n.03	0.61
117188590	fire.n.03	0.511
112435519	fire.n.03	0.707
116258196	fire.n.03	0.518
123149694	fire.n.03	0.514
108313523	fire.n.01	0.486
108474605	fire.n.03	0.571
118173412	fire.n.01	0.647
104916686	fire.n.03	0.796
105038380	fire.n.01	0.472
101204338	fire.n.03	None
108563964	fire.n.03	0.513
107873725	fire.n.05	0.389
115547429	fire.n.03	0.508
110133035	fire.n.03	0.6
108249483	fire.n.01	0.445
101715355	fire.n.03	0.717
117970637	fire.n.01	0.371
103468877	fire.n.01	0.733
100247213	fire.n.03	0.257
116219124	fire.n.03	None
104911761	fire.n.03	0.68
107598419	fire.n.03	0.501
110036835	fire.n.03	0.547
101318543	fire.n.01	0.614
115776212	fire.n.01	0.528
115679713	fire.n.01	0.42
105460148	fire.n.03	None
108079872	fire.n.03	0.503
108091084	fire.n.03	0.573
106230910	fire.n.03	0.83
116332885	fire.n.03	0.565
104151723	fire.n.03	0.526
106434981	fire.n.03	0.739
104977849	fire.n.01	0.634
105686472	fire.n.03	0.555
104185309	fire.n.01	0.554
109276626	fire.n.01	0.438
108193717	fire.n.03	None
101005279	fire.n.01	0.604
101715278	fire.n.03	0.577
107218416	fire.n.01	0.483
100579912	fire.n.01	0.337
117320668	ardor.n.03	0.374
112431846	fire.n.03	0.642
121218508	fire.n.03	0.461
104150888	fire.n.03	0.583
123077561	fire.n.03	0.695
103833188	fire.n.03	0.558
107745737	fire.n.03	0.655
117773486	fire.n.03	0.664
108177391	fire.n.01	0.417
100835880	ardor.n.03	0.972
122792125	ardor.n.03	0.684
108720001	fire.n.01	0.723
123238943	fire.n.01	0.441
118992569	fire.n.03	0.571
103375809	fire.n.05	0.308
108331024	fire.n.03	0.659
121439525	fire.n.03	0.691
119114868	fire.n.01	0.411
108564025	fire.n.03	0.567
104974300	fire.n.03	0.584
116776265	fire.n.01	0.505
101546362	fire.n.01	0.523
117970045	fire.n.05	0.402
120966616	ardor.n.03	0.691
106550778	fire.n.03	0.478
104545878	fire.n.03	0.757
124912669	fire.n.03	0.511
120681204	fire.n.01	0.452
104586843	fire.n.03	0.826
108174028	fire.n.01	0.623
104751187	fire.n.03	0.666
123900925	fire.n.03	0.621
123991743	fire.n.01	0.446
103779005	fire.n.03	0.64
108328303	fire.n.03	0.485
115530559	fire.n.01	0.716
108116493	fire.n.03	0.514
117773939	fire.n.03	0.735
110000869	fire.n.01	0.704
103016638	light.n.02	0.736
108092415	fire.n.03	0.671
107803161	fire.n.01	0.464
121072662	fire.n.03	0.494
104224624	fire.n.03	0.667
123111228	fire.n.03	0.657
107803016	fire.n.03	0.53
115706090	fire.n.03	None
120966291	fire.n.03	0.353
104019636	fire.n.03	0.651
108152288	fire.n.01	0.433
120966073	fire.n.03	0.682
108356927	fire.n.01	0.414
107950111	fire.n.03	0.538
100534449	fire.n.03	0.665
107846958	fire.n.03	0.467
103891204	fire.n.01	0.298
107951164	fire.n.01	0.662
120874960	fire.n.08	0.276
123063213	fire.n.03	0.5
101467183	fire.n.04	0.365
106929027	fire.n.01	0.627
103832615	fire.n.03	0.727
108208840	fire.n.03	0.592
109078714	fire.n.09	0.314
108193280	fire.n.03	0.508
117052497	fire.n.01	0.424
104866975	fire.n.01	0.418
105683152	fire.n.03	0.51
107874740	fire.n.03	0.585
108355379	fire.n.03	0.698
107969194	fire.n.03	0.425
124305402	fire.n.02	0.443
121958724	fire.n.03	0.592
117208026	fire.n.03	0.466
108122711	fire.n.03	0.6
123187393	fire.n.01	0.461
101714615	fire.n.03	0.618
113566546	fire.n.03	None
118660628	fire.n.01	0.491
112397586	fire.n.03	0.517
104127487	fire.n.03	0.607
102169067	fire.n.03	0.634
106439070	fire.n.03	0.647
109726729	fire.n.07	0.611
116906623	fire.n.04	0.476
108641488	fire.n.01	0.5
110020659	fire.n.03	0.642
108570900	ardor.n.03	0.447
108249517	fire.n.01	0.457
119196996	fire.n.01	0.507
104294225	fire.n.03	0.618
119024597	fire.n.03	0.681
117200989	fire.n.01	0.574
121439269	fire.n.03	0.417
108355507	fire.n.04	0.35
115499188	fire.n.01	0.66
108368907	fire.n.01	0.528
117987008	fire.n.03	0.657
109688459	fire.n.03	0.705
108212103	fire.n.01	0.596
108066402	fire.n.03	0.663
122001540	fire.n.03	0.702
123558444	fire.n.05	0.483
104526310	fire.n.03	0.729
104143667	fire.n.03	0.67
100145258	fire.n.04	0.472
121241401	fire.n.01	0.624
118399851	ardor.n.03	0.891
117137200	burning.n.05	0.457
101532490	fire.n.01	0.355
106436173	fire.n.03	0.637
112431461	fire.n.03	0.683
106181422	fire.n.03	0.555
119051892	fire.n.03	0.565
108074823	fire.n.02	0.424
123973488	fire.n.03	0.326
122620652	fire.n.03	0.464
108181726	fire.n.03	0.796
105342599	fire.n.01	0.689
106471376	fire.n.03	0.468
108317422	fire.n.03	0.549
102990719	ardor.n.03	0.693
108760938	fire.n.04	0.563
123062765	fire.n.03	0.782
108265065	fire.n.01	0.482
123134451	fire.n.03	0.689
117575675	fire.n.03	0.614
104951682	fire.n.03	0.641
102178397	fire.n.03	0.675
104717813	fire.n.03	0.592
122767679	fire.n.03	0.502
106404837	fire.n.03	0.303
116917612	fire.n.01	0.495
106300820	fire.n.03	0.633
104146506	fire.n.03	0.658
104140099	fire.n.03	0.601
104993867	fire.n.01	0.495
119373405	ardor.n.03	0.658
104753894	fire.n.03	0.553
103832147	fire.n.03	0.653
100480387	fire.n.01	0.437
104944868	fire.n.03	0.526
119132491	fire.n.04	0.352
106461287	fire.n.01	0.412
116951113	fire.n.03	0.411
102402826	ardor.n.03	0.528
115706066	fire.n.01	0.691
102653903	fire.n.03	0.448
120993446	fire.n.03	None
103643883	fire.n.03	0.88
102165306	fire.n.03	0.736
117556854	fire.n.03	0.287
113516764	fire.n.03	0.792
115772563	fire.n.01	0.534
104459723	fire.n.03	0.687
108330532	ardor.n.03	0.384
120876904	fire.n.09	0.41
115776224	fire.n.03	0.614
108226536	fire.n.03	0.56
107108964	fire.n.03	0.467
100179771	fire.n.03	0.554
116955539	fire.n.01	0.353
107950497	fire.n.03	0.575
123960603	fire.n.03	None
123954221	fire.n.03	0.332
104107931	fire.n.03	0.353
100676346	fire.n.01	0.373
116277281	fire.n.01	0.511
110074898	fire.n.01	0.451
108156808	fire.n.03	0.597
105152171	fire.n.01	0.77
102113455	fire.n.03	0.527
110080935	fire.n.05	0.48
122767715	fire.n.03	0.548
117369994	fire.n.03	0.675
106480781	fire.n.03	0.647
108304262	fire.n.03	0.384
124757276	fire.n.01	0.581
107108162	fire.n.03	0.509
122732768	fire.n.03	0.735
100214094	fire.n.04	0.78
123239086	fire.n.01	0.505
106176471	fire.n.03	0.567
119207075	fire.n.04	0.4
118692123	torch.n.01	0.856
108010880	fire.n.03	0.524
102401622	fire.n.03	0.419
104520995	fire.n.03	0.538
114685424	fire.n.05	0.795
117534108	fire.n.03	0.378
123969010	fire.n.03	0.449
108157191	fire.n.03	0.586
117479034	fire.n.03	0.629
121988843	fire.n.03	0.492
124545077	fire.n.03	0.488
100095364	fire.n.01	0.379
118994751	fire.n.03	0.772
123338651	fire.n.01	0.409
101346096	fire.n.01	0.567
110063211	fire.n.03	0.538
120965326	ardor.n.03	0.779
104118249	fire.n.05	0.547
101713948	fire.n.03	0.698
101463584	fire.n.01	0.519
106423197	fire.n.03	0.5
104886273	fire.n.03	0.422
106342666	fire.n.03	0.558
110042802	fire.n.01	0.739
108140165	fire.n.03	0.472
104944511	fire.n.03	0.525
106499515	fire.n.03	0.776
103778935	fire.n.03	0.603
116205811	fire.n.03	0.535
101746660	fire.n.03	0.496
108585376	coal.n.01	0.629
102986261	fire.n.05	0.412
118660661	fire.n.01	0.427
123947079	fire.n.03	None
122769502	fire.n.03	0.653
106216165	fire.n.03	0.779
103826819	fire.n.03	0.813
113348280	fire.n.03	None
109401226	fire.n.03	0.612
108222906	fire.n.01	0.464
104998676	fire.n.03	0.642
117359235	fire.n.03	0.402
105384470	fire.n.03	0.657
121151794	fire.n.03	0.343
115964694	fire.n.03	0.412
108331287	fury.n.01	0.485
100071896	fire.n.01	0.236
106812048	fire.n.01	0.615
123114622	fire.n.03	0.712
123957681	fire.n.03	0.552
117507675	fire.n.08	0.301
106213647	thunderbolt.n.01	0.991
106132099	fire.n.03	0.814
118450079	fire.n.03	0.52
117001218	fire.n.01	0.414
102205901	fire.n.01	0.408
108368847	fire.n.01	0.494
108224417	fire.n.03	0.535
117787609	fire.n.03	0.455
107866656	fire.n.03	0.513
118337047	fire.n.02	0.613
107082721	fire.n.03	0.558
122763080	fire.n.01	0.349
104545359	fire.n.03	0.38
103636243	fire.n.03	0.514
100633711	fire.n.03	0.387
123064326	fire.n.03	0.777
123552723	fire.n.03	0.531
107139754	fire.n.01	0.369
118983525	fire.n.01	0.401
108606794	fire.n.02	0.481
108509666	fire.n.03	0.547
100620967	pyre.n.01	None
101465818	fire.n.01	0.412
102171483	fire.n.03	0.685
108564139	fire.n.03	0.524
100050299	fire.n.02	0.734
104136667	fire.n.03	0.587
114637503	fire.n.03	0.578
100395158	fire.n.03	0.535
104129392	fire.n.03	0.599
117375992	fire.n.03	0.708
118292141	fire.n.02	0.517
104112855	fire.n.03	0.743
113385186	fire.n.03	0.444
103574876	fire.n.05	0.593
118451218	fire.n.03	None
117582960	fire.n.03	0.602
109300625	fire.n.03	0.548
104920616	fire.n.03	0.757
104971832	fire.n.03	0.732
106407659	fire.n.03	0.492
116810282	fire.n.03	0.5
113316274	fire.n.03	0.439
115827016	fire.n.03	0.647
123062755	conflagration.n.01	None
108097379	fire.n.03	0.419
103828612	fire.n.03	0.798
108276237	fire.n.03	0.297
117773562	fire.n.03	0.898
100911758	fire.n.01	0.447
108114648	fire.n.03	0.458
123323476	fire.n.03	0.478
121508125	fire.n.03	0.435
109307332	fire.n.03	0.792
122769047	fire.n.03	0.634
101730090	fire.n.03	0.763
102315168	fire.n.03	0.486
100066370	ardor.n.03	0.348
120693560	fire.n.03	0.486
110058967	fire.n.03	0.463
108324845	fire.n.03	0.613
104020704	water.n.01	0.877
103626236	fire.n.03	0.558
103639392	fire.n.03	0.699
104968639	fire.n.03	0.46
123081283	ardor.n.03	0.507
106550239	fire.n.03	0.488
103891114	fire.n.03	0.588
105002933	fire.n.03	0.52
108065482	fire.n.03	0.625
109706768	fire.n.03	0.52
106298964	fire.n.03	0.674
117807945	fire.n.03	0.597
116813123	fire.n.01	0.698
120984719	pyre.n.01	None
119094081	fire.n.03	0.566
113641024	wheat.n.02	0.862
106483210	fire.n.03	0.75
119201657	fire.n.03	0.794
116295287	fire.n.03	0.482
101395718	fire.n.03	0.567
109242083	fire.n.03	0.416
102169908	fire.n.03	0.538
123092919	fire.n.03	0.646
102205794	fire.n.03	0.436
112432029	fire.n.03	0.567
104776632	fire.n.03	None
124754598	fire.n.02	0.64
104030880	fire.n.03	0.731
108319357	fire.n.03	0.426
106432389	fire.n.03	0.563
108317715	fire.n.03	0.725
106302279	fire.n.03	0.452
104107758	fire.n.03	0.816
116835123	fire.n.03	0.623
101474344	fire.n.03	0.448
103642811	fire.n.03	0.775
103639032	fire.n.03	0.473
110061405	fire.n.07	0.707
119382325	fire.n.03	0.426
104061863	fire.n.03	0.812
122766231	fire.n.05	0.92
123092972	fire.n.01	0.547
105050030	fire.n.03	0.511
109836171	fire.n.03	0.466
102992863	fire.n.03	None
106302464	fire.n.03	0.721
104520927	fire.n.03	0.761
100234040	fire.n.03	None
108342375	ardor.n.03	0.836
104462139	ardor.n.03	0.574
120773959	fire.n.03	0.647
116209627	fire.n.03	0.551
121071371	fire.n.03	0.578
104021407	fire.n.03	0.687
104942796	fire.n.01	0.508
123239102	fire.n.03	0.494
116981262	fire.n.01	0.536
103376219	fire.n.07	0.423
119339593	heat.n.01	0.514
103832310	fire.n.03	0.732
108328321	fire.n.03	0.423
117969670	fire.n.04	0.402
116334100	fire.n.01	0.307
100084751	fire.n.02	0.878
104262404	fire.n.03	0.614
107802909	fire.n.03	0.646
116944310	fire.n.04	0.533
118798034	fire.n.03	0.49
107320272	fire.n.03	0.624
113383259	fire.n.05	0.462
103638794	fire.n.03	0.633
104150900	fire.n.03	0.553
118366042	fire.n.03	0.507
117787663	fire.n.03	0.434
104245447	fire.n.03	0.736
104023434	fire.n.03	0.697
116320892	fire.n.03	0.446
108602506	fire.n.01	0.372
103824783	fire.n.03	0.766
123993074	fire.n.03	0.58
116312685	fire.n.01	0.6
106176437	fire.n.01	0.35
100594780	fire.n.01	0.622
100550639	fire.n.03	None
120646657	fire.n.03	0.474
116779654	ardor.n.03	0.641
100308931	fire.n.01	0.41
121036164	ardor.n.03	0.422
122763380	fire.n.03	0.566
104140389	fire.n.03	0.768
108964257	fire.n.03	0.385
118985859	fire.n.03	0.335
103016997	fire.n.01	0.4
103967586	fire.n.05	0.434
108102830	fire.n.03	0.746
122709221	fire.n.03	0.884
121470940	fire.n.03	0.483
108354980	fire.n.03	0.613
122713513	fire.n.03	0.666
106549133	fire.n.05	0.457
116338183	fire.n.05	0.538
108112488	fire.n.01	0.504
100045659	fire.n.04	0.51
104259875	fire.n.03	0.739
118670972	fire.n.01	0.497
100046684	fire.n.03	None
122709119	fire.n.05	0.676
102165087	fire.n.03	0.444
109298588	fire.n.01	0.875
108317217	fire.n.03	0.719
116277120	fire.n.03	0.704
117465056	fire.n.01	0.462
103962548	fire.n.03	0.733
102173774	fire.n.03	0.727
107097738	fire.n.03	0.541
108087510	ardor.n.03	0.888
100230186	ardor.n.03	0.388
102961919	fire.n.03	None
117330705	torch.n.01	0.986
106280178	ardor.n.03	0.352
108109513	ardor.n.03	0.916
108195119	fire.n.03	0.563
102173349	fire.n.03	0.718
122607369	fire.n.05	0.377
123063877	fire.n.03	0.652
103575171	fire.n.03	0.733
123075474	fire.n.03	0.839
116224274	fire.n.01	0.832
103832264	fire.n.03	0.701
100033477	fire.n.03	0.726
103642390	fire.n.03	0.779
117113950	fire.n.03	0.625
102372274	fire.n.03	0.39
106912247	fire.n.02	0.659
100552118	fire.n.03	0.254
115848335	fire.n.01	0.578
118382373	fire.n.04	0.432
106556277	fire.n.05	0.65
101401421	fire.n.03	0.549
117615123	fire.n.03	0.285
115548182	fire.n.01	0.524
118450518	fire.n.01	0.502
101054627	ardor.n.03	0.5
120693828	ardor.n.03	0.382
108320701	fire.n.03	0.658
106214686	hotness.n.01	0.562
100200376	fire.n.01	0.345
121471299	fire.n.08	0.522
108196540	fire.n.03	0.328
117372219	fire.n.03	0.651
116237737	fire.n.03	0.67
106562781	fire.n.03	None
102983244	fire.n.01	0.741
104073492	fire.n.03	0.764
109687737	fire.n.04	0.36
123955555	fire.n.05	0.714
119348528	fire.n.03	0.637
103811445	fire.n.03	0.873
123114615	fire.n.03	0.65
101651110	fire.n.03	0.81
115492671	fire.n.01	0.932
118773477	fire.n.03	0.613
105133308	fire.n.01	0.574
116292350	fire.n.01	0.732
107628121	fire.n.03	0.713
108602605	fire.n.03	0.575
115935926	fire.n.03	0.549
117954929	fire.n.03	0.592
116334045	fuel.n.01	None
105052232	fire.n.03	0.735
118659636	fire.n.03	0.501
116335064	ardor.n.03	0.69
106510764	fire.n.03	0.556
118924882	fire.n.01	0.358
100640571	fire.n.03	0.364
113459657	fire.n.03	0.595
110240578	fire.n.03	0.615
107950587	fire.n.03	0.649
102187401	fire.n.03	0.482
110168975	fire.n.03	0.777
104110568	spark.n.06	0.73
118387168	fire.n.01	0.521
113554376	hotness.n.01	0.41
117222219	fire.n.03	None
104062791	fire.n.03	0.852
124757251	fire.n.01	0.616
107879004	fire.n.03	0.456
120944484	fire.n.01	0.368
123152882	fire.n.03	0.522
117615113	fire.n.05	0.395
103618503	fire.n.03	0.563
120685879	fire.n.03	0.405
107959779	fire.n.03	0.713
124651496	conflagration.n.01	None
100632078	fire.n.03	None
106404590	fire.n.03	0.517
117380961	fire.n.03	0.548
120986340	fire.n.03	None
100260902	fire.n.03	0.455
123970646	fire.n.03	0.634
100245270	fire.n.03	0.613
117583017	fire.n.01	0.581
116294415	fire.n.03	0.511
109858933	fire.n.01	0.435
100195418	fire.n.04	0.616
106503764	fire.n.03	None
103566365	fire.n.05	0.335
124779817	fire.n.03	0.651
109701582	fire.n.04	0.636
119047346	fire.n.03	0.549
104107131	fire.n.03	0.536
118338178	fire.n.03	0.519
104017547	fire.n.03	0.5
104977908	fire.n.01	0.483
117022562	fire.n.01	0.539
106457684	fire.n.03	0.545
104458792	fire.n.03	None
116281997	fire.n.04	0.527
117067016	fire.n.01	0.623
103544808	fire.n.03	0.66
102117082	fire.n.03	0.391
120944606	fire.n.03	0.414
100118190	fire.n.03	0.476
115343702	fire.n.01	0.464
106160811	fire.n.01	0.458
103613376	fire.n.03	0.62
108715016	fire.n.01	0.566
100096818	fire.n.03	None
108808700	fire.n.03	0.696
106576232	fire.n.03	None
108189103	fire.n.01	0.575
100395664	fire.n.03	0.564
116573818	fire.n.03	0.774
103962843	fire.n.01	0.721
116310088	fire.n.01	0.473
104224380	fire.n.05	0.659
112397768	fire.n.01	0.497
109238941	fire.n.03	0.544
122709306	fire.n.03	0.772
119382061	hotness.n.01	0.592
116779710	fire.n.01	0.45
100375302	fire.n.03	0.713
103642425	fire.n.03	0.556
100629589	fire.n.01	0.849
107364549	fire.n.05	0.501
115936040	fire.n.03	0.627
108097780	fire.n.03	0.448
116846286	fire.n.01	0.285
124912380	fire.n.03	0.906
108988012	fire.n.03	0.52
104108021	fire.n.03	0.558
104992278	fire.n.03	0.722
118387627	fire.n.01	0.379
123986922	fire.n.03	0.413
123543658	fire.n.03	0.669
100842560	fire.n.04	0.433
123062642	fire.n.03	0.731
118998735	fire.n.03	0.417
119132711	fire.n.03	0.329
124694849	fire.n.01	0.504
104591966	fire.n.03	0.325
117775051	fire.n.03	0.683
109255546	ardor.n.03	0.573
118638056	fire.n.01	0.53
120767619	fire.n.03	0.399
121554423	fire.n.01	0.315
113696871	fire.n.01	0.758
117560713	fire.n.03	0.707
108276232	fire.n.03	0.531
115794565	fire.n.01	0.672
115499320	fire.n.01	0.63
124912764	fire.n.03	0.745
106292577	fire.n.03	0.878
122790558	ardor.n.03	0.553
100120863	fire.n.03	0.48
100860963	fire.n.03	0.437
109370285	fire.n.09	0.357
108605702	fire.n.03	0.507
117021407	fire.n.01	0.548
118998387	fire.n.03	0.426
107955348	fire.n.03	0.516
108128947	fire.n.03	0.595
100247179	fire.n.03	0.483
103642798	fire.n.03	0.535
109116941	fire.n.03	0.781
117001135	fire.n.01	0.592
108942140	fire.n.03	0.445
104040933	fire.n.03	0.699
103831560	fire.n.03	0.748
101658779	fire.n.03	0.678
118799976	fire.n.03	0.625
104993014	fire.n.03	0.48
123148591	fire.n.05	0.376
109785537	fire.n.01	0.433
117793412	hotness.n.01	0.673
103639816	fire.n.01	0.373
118692962	fire.n.03	0.536
108238531	fire.n.01	0.431
116087667	fire.n.04	0.37
112429828	fire.n.03	0.752
104139741	fire.n.03	0.704
100893944	fire.n.01	0.538
102177532	fire.n.05	0.524
103638484	fire.n.05	0.608
120649334	fire.n.03	0.53
106428951	fire.n.05	0.675
108228487	fire.n.01	0.412
115800693	fire.n.03	0.797
123893302	fire.n.03	0.603
100108668	fire.n.03	0.438
102169006	fire.n.03	0.721
104996826	fire.n.03	0.591
113345127	fire.n.03	0.405
123914792	fire.n.03	0.669
108269326	ardor.n.03	0.944
104927322	fire.n.03	0.636
102167904	fire.n.05	0.603
113319327	fire.n.03	0.679
106558959	fire.n.03	0.622
123156034	fire.n.01	0.474
108564651	fire.n.03	0.632
113670637	fire.n.03	0.385
107371611	fire.n.03	0.532
100113007	fire.n.03	None
101401473	fire.n.03	0.526
123063415	fire.n.03	0.829
106302333	fire.n.03	0.471
104969570	fire.n.01	0.589
103633187	fire.n.03	0.571
108356064	fire.n.03	0.659
121072118	fire.n.03	0.514
100249236	ardor.n.03	0.942
124753069	fire.n.01	0.485
104021228	fire.n.05	0.685
110000729	fire.n.01	0.705
110072067	fire.n.03	0.624
103628390	fire.n.03	0.762
105034468	fire.n.05	0.346
104150917	fire.n.03	0.596
102983306	ardor.n.03	0.506
118797022	fire.n.03	0.696
102413205	fire.n.03	0.501
109980608	fire.n.03	0.6
113595721	fire.n.03	0.78
106758976	fire.n.01	0.51
109704662	fire.n.04	0.612
120968867	fire.n.05	0.762
123062074	fire.n.03	0.564
118996734	fire.n.03	0.498
115547335	fire.n.01	0.683
123971591	fire.n.03	0.6
100563020	fire.n.03	0.321
118449728	fire.n.03	0.576
106554579	fire.n.01	0.479
122700531	fire.n.03	0.609
122767929	fire.n.03	0.72
103645817	fire.n.05	0.538
110063805	fire.n.03	0.508
104943652	fire.n.03	0.621
105131779	fire.n.02	0.735
112436606	fire.n.03	0.665
122706732	fire.n.05	0.578
116292335	fire.n.01	0.548
101197422	ardor.n.03	0.661
109040191	fire.n.01	0.603
120965705	fire.n.05	0.5
100249229	ardor.n.03	0.457
106438331	fire.n.03	0.701
115628817	fire.n.01	0.722
105049889	fire.n.01	0.688
113498259	fire.n.01	0.265
108368039	fire.n.03	0.535
109805695	fire.n.07	0.38
123258524	fire.n.05	0.385
102312538	fire.n.05	0.497
104188781	fire.n.03	0.629
121152264	hail.n.01	0.972
108286150	fire.n.01	0.326
118516082	fire.n.03	0.495
106556824	fire.n.03	0.492
116794069	fire.n.01	0.509
102312783	fire.n.03	0.58
106321013	fire.n.01	0.454
104113306	hotness.n.01	0.562
104062736	fire.n.03	0.821
123158440	fire.n.03	0.653
118643217	blaze.n.01	0.582
109761719	fire.n.03	None
100247206	ardor.n.03	0.408
103831594	fire.n.05	0.781
101339619	fire.n.01	0.452
108506852	fire.n.03	None
104911749	fire.n.03	0.774
119082988	blaze.n.01	0.835
123114133	sunlight.n.01	0.548
116321309	fire.n.01	0.647
103826294	fire.n.03	0.664
104597241	fire.n.03	0.795
120728838	fire.n.03	0.396
108281274	fire.n.01	0.387
107627680	volcanic_crater.n.01	0.657
109142030	fire.n.04	0.498
110229333	fire.n.01	0.452
100224349	fire.n.01	0.451
109170161	fire.n.03	0.607
107819784	fire.n.04	0.377
116898714	fire.n.03	0.411
105333892	fire.n.03	0.53
105390671	charcoal.n.01	0.956
108176179	fire.n.03	0.566
107845852	fire.n.03	None
108925939	fire.n.01	0.443
119100192	fire.n.03	0.45
109888690	fire.n.03	0.515
121351869	fire.n.03	0.832
100179514	fire.n.04	0.635
100170057	fire.n.01	0.434
115826645	fire.n.05	0.852
108233666	fire.n.03	0.571
119114746	fire.n.08	0.769
123227063	fire.n.03	0.631
123062617	fire.n.03	0.604
108324810	fire.n.01	0.568
109288549	fire.n.05	0.515
119019739	fire.n.03	0.596
108199537	fire.n.01	0.567
121438875	fire.n.03	0.546
117355470	fire.n.03	0.477
106932064	fire.n.03	0.489
117328615	fire.n.01	0.544
116203796	fire.n.04	0.477
118009138	fire.n.03	0.589
117616782	fire.n.03	0.623
116944955	ardor.n.03	0.909
104548791	fire.n.03	0.569
116558626	fire.n.03	0.623
103567154	fire.n.03	0.513
115547176	fire.n.01	0.606
104107288	fire.n.03	0.597
104224335	fire.n.03	0.511
123083065	fire.n.03	0.561
108299269	fire.n.03	0.467
100570944	fire.n.01	0.756
100482170	fire.n.03	0.422
116776180	fire.n.03	0.578
113625187	fire.n.04	0.334
101464843	fire.n.02	0.487
104916915	wheat.n.01	0.968
109874598	fire.n.03	0.466
121508859	fire.n.08	0.317
121981814	fire.n.05	0.652
110243790	fire.n.03	0.826
112396452	fire.n.03	0.489
124681470	fire.n.03	0.434
110240620	fire.n.03	0.453
107878337	fire.n.01	0.515
123134221	fire.n.03	0.609
115461228	fire.n.03	0.454
100112697	fire.n.03	None
101057822	fire.n.01	0.469
123158785	fire.n.03	0.519
104018544	fire.n.03	0.49
123099257	fire.n.03	0.803
110007560	fire.n.03	0.538
104224096	fire.n.03	0.777
122692603	fire.n.03	0.648
100046748	fire.n.01	0.358
123543699	fire.n.03	0.738
108355089	fire.n.03	0.641
121348502	fire.n.03	0.543
124585516	fire.n.03	0.52
107476521	fire.n.03	0.438
104118580	fire.n.03	0.651
100348788	fire.n.01	0.516
108211638	fire.n.03	0.767
110244307	fire.n.01	0.323
106425078	fire.n.03	0.698
117334721	fire.n.03	None
108234492	fire.n.08	0.604
113497793	fire.n.03	None
102170771	fire.n.03	0.71
117780738	fire.n.01	0.38
100116108	fire.n.03	0.704
100153524	fire.n.03	0.385
118632088	fire.n.03	0.597
100082511	fire.n.03	0.426
104108619	fire.n.03	0.62
107802980	fire.n.03	0.44
104118441	fire.n.03	0.739
113396421	ardor.n.03	0.41
103575756	fire.n.03	0.481
104051945	fire.n.03	0.438
113307086	lamp.n.01	0.743
118002370	fire.n.03	0.647
103445286	fire.n.01	0.369
117970161	fire.n.07	0.326
102162873	fire.n.03	0.828
102953709	fire.n.03	0.35
120965755	fire.n.05	0.712
123083053	ardor.n.03	0.874
113617805	fire.n.01	0.559
107616954	fire.n.03	0.781
103803932	fire.n.03	0.627
103641525	fire.n.03	0.757
123202436	fire.n.03	0.73
105461312	fire.n.01	0.385
108249474	fire.n.03	0.468
119059997	ardor.n.03	0.363
104584748	fire.n.03	0.576
123239093	fire.n.01	0.591
117331851	fire.n.03	0.527
103575038	fire.n.03	0.71
115701047	fire.n.03	0.486
104144615	fire.n.03	0.395
110107741	fire.n.01	0.471
113495459	fire.n.05	0.651
104129361	fire.n.03	0.692
100260542	fire.n.03	0.53
123258070	fire.n.03	0.758
112454475	fire.n.01	0.347
104159398	fire.n.03	0.601
116325687	fire.n.03	0.708
103783831	fire.n.01	0.496
117076201	fire.n.01	0.632
117051921	fire.n.01	0.6
104584366	fire.n.03	0.833
123170710	fire.n.01	0.481
115716704	fire.n.01	0.868
104139339	fire.n.03	0.783
118983566	fire.n.05	0.472
117569572	fire.n.03	0.616
122693584	fire.n.03	0.728
123258449	fire.n.03	0.597
100120854	fire.n.03	None
123936415	fire.n.03	None
104968654	fire.n.03	0.535
102312806	fire.n.03	0.538
117964105	fire.n.03	0.687
107616926	fire.n.03	0.668
102164950	ardor.n.03	0.538
108259904	fire.n.01	0.47
106230820	fire.n.03	0.794
123988489	fire.n.02	0.626
105342633	fire.n.01	0.498
100437489	fire.n.01	0.58
106554781	fire.n.03	0.661
107807008	fire.n.01	0.514
113573869	ardor.n.03	0.314
108360612	fire.n.03	0.686
104584348	fire.n.03	0.822
105013362	fire.n.01	0.569
102411840	fire.n.03	0.41
123148596	fire.n.03	0.492
100230208	fire.n.03	0.626
124757174	fire.n.01	0.726
108104062	fire.n.03	0.525
116291868	fire.n.01	0.531
119374337	fire.n.03	0.5
104245087	fire.n.03	0.617
119057444	fire.n.03	0.553
119003511	fire.n.03	None
103576886	fire.n.03	0.777
112454282	fire.n.03	0.887
110227637	fire.n.03	0.729
116573873	fire.n.05	0.849
116955127	ardor.n.03	0.933
122612837	fire.n.01	0.513
108242017	brand.n.04	0.946
103631386	fire.n.03	0.483
121202094	fire.n.03	0.413
123158594	fire.n.01	0.602
108509527	fire.n.03	0.535
123151130	fire.n.03	0.522
120965667	fire.n.03	0.567
123957626	fire.n.01	0.424
118798017	fire.n.03	0.56
123343281	fire.n.03	0.675
108224186	fire.n.01	0.74
123181753	fire.n.03	0.744
100587823	fire.n.01	0.482
115392665	fire.n.01	0.581
103641233	fire.n.03	0.482
103645802	fire.n.03	0.831
103369893	fire.n.03	0.494
123980585	fire.n.03	0.593
108129393	fire.n.01	0.502
100569070	torchlight.n.01	None
104023459	fire.n.03	0.744
108191171	fire.n.08	0.444
107854558	fire.n.02	0.432
108368955	fire.n.03	0.593
104562892	fire.n.03	0.815
103836584	fire.n.03	0.749
119135349	fire.n.04	0.685
107998784	fire.n.03	0.478
106395059	fire.n.03	0.497
112429754	fire.n.03	0.589
119056114	fire.n.03	0.617
107877935	fire.n.01	0.44
100258340	ardor.n.03	0.927
116558731	fire.n.01	0.576
123063461	fire.n.03	0.549
103767885	fire.n.03	0.634
106404655	fire.n.03	0.654
115838881	fire.n.03	0.607
119390511	fire.n.04	0.39
117798660	fire.n.03	0.531
120651206	fire.n.03	0.562
116779609	fire.n.03	0.748
119362065	fire.n.03	0.507
105043420	ardor.n.03	0.362
116337368	fire.n.03	0.714
106835603	fire.n.01	0.719
103822500	fire.n.03	0.709
104556217	fire.n.03	0.477
109381351	fire.n.03	0.639
116334555	ardor.n.03	0.748
101729767	fire.n.03	0.873
104139266	fire.n.03	0.592
109288724	fire.n.03	0.617
110243097	fire.n.03	0.696
101202449	fire.n.03	0.565
123078229	fire.n.03	0.71
103831504	fire.n.03	0.746
121439188	fire.n.03	0.372
100219917	fire.n.04	0.519
117234550	fire.n.03	0.653
109696515	fire.n.03	0.433
102166274	fire.n.03	0.853
104941957	fire.n.03	0.471
118680752	fire.n.01	0.499
100231055	fire.n.04	0.759
103836580	fire.n.03	0.856
117560901	fire.n.02	0.445
108374784	fire.n.03	0.848
102990431	fire.n.03	None
105152095	fire.n.01	0.586
108362896	fire.n.03	0.804
120966177	fire.n.03	0.482
102157400	fire.n.03	0.52
118755651	fire.n.03	0.557
117358977	fire.n.01	0.496
107217788	fire.n.03	0.499
104126597	fire.n.03	0.688
104993434	fire.n.01	0.55
116277022	fire.n.03	0.469
115667835	fire.n.01	0.783
119363966	fire.n.03	0.461
103016953	fire.n.03	0.535
108295806	fire.n.03	0.618
118771260	fire.n.03	0.585
105442424	fire.n.08	0.582
103002163	fire.n.01	0.405
102393848	fire.n.03	0.445
110087433	torch.n.01	0.947
104132497	fire.n.03	None
118991975	ardor.n.03	0.475
113385160	ardor.n.03	0.281
108278762	fire.n.03	0.551
107807004	fire.n.01	0.627
118500456	fire.n.01	0.35
117234923	fire.n.01	0.485
100118767	fire.n.04	0.474
122754890	fire.n.03	0.373
108509584	fire.n.03	0.824
123256277	fire.n.01	0.28
116971190	fire.n.03	0.774
119024884	fire.n.03	0.733
117374908	fire.n.01	0.382
109315842	fire.n.03	0.8
117796742	fire.n.01	0.534
106558828	fire.n.03	0.518
104993001	fire.n.03	0.395
104139955	fire.n.03	0.508
104136423	fire.n.03	0.688
110042715	fire.n.01	0.679
113383648	fire.n.03	0.608
107182051	fire.n.03	0.59
116309977	fire.n.01	0.582
118799960	fire.n.03	0.572
123062710	fire.n.03	0.781
103644866	fire.n.03	0.642
113374976	fire.n.03	0.724
118724132	fire.n.03	0.459
117016494	fire.n.03	0.392
123258566	ardor.n.03	0.876
106406253	fire.n.03	0.604
103643933	fire.n.03	0.689
103560167	fire.n.03	0.642
100251250	fire.n.01	0.338
101833319	fire.n.03	0.705
113459619	fire.n.03	0.595
103637879	fire.n.03	0.616
106309442	fire.n.03	0.565
117742371	fire.n.02	0.49
121508698	fire.n.03	0.618
104021484	fire.n.03	0.707
122769126	fire.n.03	0.538
123114086	fire.n.03	0.678
104940371	fire.n.03	0.525
114637509	fire.n.03	0.532
106558802	fire.n.03	0.685
103831498	fire.n.03	0.74
108564033	fire.n.03	0.627
104024859	fire.n.03	0.834
123989792	fire.n.03	0.612
123931723	fire.n.03	0.688
115788351	fire.n.03	0.491
108060477	fire.n.01	0.636
117355451	fire.n.03	0.444
113335942	fire.n.03	0.559
117774485	fire.n.03	0.652
120966286	fire.n.03	0.449
118174631	fire.n.01	0.411
100166755	fire.n.03	0.353
107621234	fire.n.03	0.674
123066483	fire.n.03	0.291
105051861	fire.n.03	0.779
102168631	fire.n.03	0.681
108303119	fire.n.03	0.569
101405999	fire.n.01	0.428
102268686	fire.n.04	0.275
104107916	fire.n.03	0.608
102282564	fire.n.03	0.803
108876185	fire.n.03	0.437
103645444	fire.n.03	0.574
106204389	fire.n.03	0.717
108848983	fire.n.01	0.538
121078813	fire.n.01	0.652
109745601	fire.n.05	0.461
115941227	fire.n.03	0.628
100082571	fire.n.01	0.635
121201408	fire.n.01	0.557
106362236	fire.n.01	0.614
104980933	fire.n.03	0.623
123955596	fire.n.03	0.582
112430154	fire.n.03	0.773
121439387	fire.n.03	0.486
108606901	fire.n.01	0.504
107252598	fire.n.01	0.719
115723588	fire.n.03	0.596
100983626	fire.n.01	0.528
117369392	fire.n.03	0.579
109281274	fire.n.03	0.508
123947394	fire.n.03	0.59
106248818	fire.n.03	0.472
121230147	fire.n.03	0.727
116295389	fire.n.03	0.563
100198270	fire.n.04	0.432
108244253	fire.n.03	0.269
113724289	fire.n.03	0.632
112397674	fire.n.01	0.504
106425993	fire.n.03	0.627
100806403	ardor.n.03	0.626
122693722	fire.n.03	0.598
108080709	fire.n.01	0.398
117552903	fire.n.01	0.405
108511768	fire.n.03	0.559
117062151	fire.n.01	0.499
119378335	fire.n.03	0.534
113573859	fire.n.05	0.481
102984057	ardor.n.03	0.991
108830615	fire.n.01	0.558
112431732	fire.n.03	0.853
117545037	fire.n.08	0.703
101467309	fire.n.01	0.703
108224222	fire.n.01	0.421
112430542	fire.n.03	0.68
109726116	fire.n.03	0.373
109260441	fire.n.04	0.442
102175401	fire.n.03	0.515
105129989	fire.n.01	0.499
107815164	fire.n.03	0.834
113499724	pyre.n.01	None
108190400	fire.n.05	0.404
118663171	fire.n.01	0.47
118897397	fire.n.02	0.524
100084636	fire.n.03	0.463
119093152	fire.n.05	0.421
106302425	fire.n.03	0.805
106576381	fire.n.03	0.642
118892277	snake.n.01	0.996
109140003	fire.n.03	0.514
117723192	ardor.n.03	0.402
118937766	fire.n.03	0.577
113499852	pyre.n.01	None
117045004	fire.n.03	None
123261805	fire.n.03	0.802
108792673	fire.n.01	0.779
103639378	fire.n.03	0.573
104754668	fire.n.03	0.549
117598021	fire.n.03	0.795
104017899	fire.n.03	0.59
104709543	wheat.n.01	0.986
118636656	fire.n.01	0.717
106563675	fire.n.03	0.705
102507050	fire.n.01	0.545
101467723	fire.n.01	0.457
115414633	fire.n.02	0.61
102506939	fire.n.03	0.443
101710834	ardor.n.03	0.84
104106657	fire.n.03	0.563
105342365	fire.n.03	0.424
104224322	fire.n.03	0.782
123243845	fire.n.05	0.555
102388076	fire.n.03	0.713
113439418	fire.n.03	0.66
120985424	fire.n.03	None
101166418	fire.n.04	0.871
108121654	fire.n.03	0.485
104126290	fire.n.03	0.727
123971476	fire.n.03	0.577
119009180	fire.n.03	0.396
119049923	fire.n.03	0.497
124689311	fire.n.01	0.794
103632884	fire.n.01	0.501
108317417	fire.n.03	0.631
100121137	fire.n.03	None
100370302	fire.n.03	0.646
122692975	fire.n.03	0.611
115964738	fire.n.03	0.475
100543033	fire.n.03	0.536
104941919	fire.n.03	0.535
124585721	fire.n.03	0.541
101401449	fire.n.03	0.569
108245549	spark.n.06	0.605
117373452	fire.n.03	0.337
100108663	fire.n.03	0.515
105683432	fire.n.03	0.422
104018465	fire.n.05	0.605
103544817	fire.n.03	0.676
111159050	fire.n.03	0.649
116923304	fire.n.01	0.712
103644803	fire.n.03	0.784
117069619	fire.n.03	None
120967352	fire.n.05	0.421
104872100	fire.n.05	0.48
108768922	fire.n.03	0.613
108545484	fire.n.03	0.6
124720278	fire.n.03	0.73
118874597	fire.n.03	0.542
106558944	fire.n.03	0.607
101828440	fire.n.03	0.524
112442563	fire.n.03	0.752
100647291	fire.n.03	None
109505310	fire.n.04	0.677
116294246	fire.n.01	0.507
116980833	fire.n.03	0.399
101352892	fire.n.03	0.548
107139968	fire.n.03	0.466
121475577	fire.n.03	0.527
115661232	fire.n.08	0.44
104133430	fire.n.03	0.711
123980144	fire.n.01	0.545
118992417	fire.n.03	0.621
103490360	fire.n.03	0.587
104984957	fire.n.05	0.762
108276214	fire.n.03	0.56
116210445	fire.n.03	0.336
104989868	fire.n.03	0.514
108166337	ardor.n.03	0.822
115736475	fire.n.01	0.404
108356791	fire.n.01	0.406
123226177	fire.n.03	0.842
105048436	fire.n.03	0.745
101467757	fire.n.01	0.468
120993487	fire.n.03	0.505
104063024	fire.n.03	0.793
107846230	fire.n.03	0.487
101473389	fire.n.01	0.637
103831688	fire.n.03	0.579
108606867	fire.n.01	0.571
120648235	fire.n.03	0.889
103576853	fire.n.03	0.835
117500338	fire.n.03	0.417
100537413	fire.n.03	None
118514724	fire.n.03	0.644
106840433	fire.n.01	0.623
102170714	fire.n.03	0.73
117053825	fire.n.01	0.507
108342645	fire.n.01	0.397
119341705	hotness.n.01	0.591
106543506	fire.n.03	0.719
112432113	fire.n.01	0.469
102026301	fire.n.07	0.384
100081026	fire.n.02	0.662
101656256	fire.n.03	0.647
121470928	fire.n.03	0.416
121439144	fire.n.03	0.712
109888744	fire.n.01	0.474
122730413	fire.n.01	0.688
100609384	fire.n.02	0.404
100097027	fire.n.01	0.415
103490328	combustible.n.01	None
113298340	fire.n.03	0.622
119374325	fire.n.01	0.261
101017682	fire.n.03	0.625
123258686	fire.n.05	0.406
101653991	fire.n.03	0.392
120965874	ardor.n.03	0.428
108824330	fire.n.01	0.27
115747658	fire.n.01	0.573
116775341	hotness.n.01	0.834
109056939	fire.n.04	0.469
103962708	fire.n.03	0.717
100061123	blaze.n.01	0.511
115499484	fire.n.01	0.493
104545305	fire.n.03	0.657
120966997	ardor.n.03	0.958
119363941	fire.n.01	0.503
123226243	fire.n.03	0.576
118984526	fire.n.03	None
106483002	fire.n.01	0.551
120646712	fire.n.05	0.611
100634265	fire.n.03	None
102170500	fire.n.03	0.648
101715269	fire.n.03	0.645
109986635	fire.n.03	0.757
119012374	fire.n.03	0.712
117312866	ardor.n.03	0.967
109122091	fire.n.03	0.349
120726541	fire.n.03	0.88
102285007	fire.n.03	0.52
104062761	fire.n.03	0.501
123150939	fire.n.01	0.562
120969241	torch.n.01	0.869
110233236	fire.n.03	0.637
100120808	fire.n.05	0.352
107856940	fire.n.03	0.458
124753004	fire.n.03	0.568
123077801	fire.n.03	0.605
115611663	fire.n.01	0.55
101647479	fire.n.01	0.435
123202808	fire.n.03	0.745
110087648	ardor.n.03	0.554
101196890	fire.n.03	0.405
118750402	brand.n.04	0.949
116171135	fire.n.01	0.54
123081271	fire.n.01	0.348
107108925	fire.n.01	0.508
120944488	fire.n.01	0.368
103833738	fire.n.01	0.323
123987931	fire.n.08	0.431
106576004	fire.n.03	0.591
100109896	fire.n.03	None
106550490	fire.n.03	0.564
109591777	fire.n.04	0.687
110236630	fire.n.03	0.466
123947426	fire.n.01	0.497
120974185	fire.n.03	0.675
115731290	fire.n.03	0.498
103612809	fire.n.03	0.759
123067915	ardor.n.03	0.687
107876448	fire.n.01	0.346
104585331	fire.n.03	0.888
113622431	hotness.n.01	0.595
104524342	fire.n.03	0.778
107909186	fire.n.03	0.506
113385395	ardor.n.03	0.792
117212349	fire.n.03	0.604
113610782	fire.n.03	0.704
100511825	fire.n.03	0.446
103644603	fire.n.03	0.524
100166823	fire.n.04	0.63
112442398	fire.n.03	0.778
122706772	fire.n.03	0.629
106541076	fire.n.01	0.526
104025069	fire.n.03	0.521
108511164	fire.n.03	0.483
104214406	fire.n.03	0.593
100083693	fire.n.02	0.564
123202812	fire.n.03	0.656
105131816	fire.n.03	None
122767663	fire.n.05	0.941
102328485	fire.n.03	0.785
104918324	fire.n.03	0.428
109051223	fire.n.01	0.499
105288140	fire.n.01	0.56
117572316	fire.n.03	0.715
122768962	ardor.n.03	0.391
110191335	fire.n.03	0.478
100093763	fire.n.03	0.4
109786495	fire.n.03	0.692
103886133	fire.n.01	0.665
106555934	fire.n.03	0.783
113348380	fire.n.03	0.595
108242517	fire.n.03	0.416
122772026	fire.n.03	0.521
118651046	fire.n.01	0.67
117968018	fire.n.01	0.484
117507736	ardor.n.03	0.591
107973814	fire.n.03	0.592
118865955	bonfire.n.01	None
108336475	fire.n.03	0.387
116945266	fire.n.03	0.748
118695465	fire.n.01	0.712
113475174	fire.n.04	0.587
105387666	fire.n.08	0.818
103828625	fire.n.03	0.532
103811358	fire.n.03	0.482
100634052	fire.n.01	0.545
109412628	fire.n.03	0.646
122713169	fire.n.03	0.708
108510676	fire.n.03	0.694
123256261	fire.n.01	0.28
113377821	fire.n.03	0.483
101485079	fire.n.01	0.515
116807369	fire.n.03	0.675
104140401	fire.n.03	0.703
121471328	fire.n.03	0.574
117028428	fire.n.03	0.498
101473844	brand.n.04	0.903
108510388	ardor.n.03	0.312
100213691	carbon_black.n.01	None
104071784	fire.n.03	0.831
118797848	fire.n.03	0.773
123063537	fire.n.03	0.746
100482759	fire.n.05	0.433
117239698	fire.n.01	0.444
123938362	fire.n.03	0.469
102169887	fire.n.03	0.722
120968136	fire.n.03	0.486
117704835	fire.n.01	0.431
123112979	fire.n.03	0.683
104156702	fire.n.05	0.59
104938767	fire.n.03	0.514
118636645	fire.n.01	0.605
102167020	fire.n.03	0.768
102244567	fire.n.03	0.451
106428820	fire.n.03	0.603
108509730	fire.n.01	0.545
110029860	fire.n.01	0.71
106404874	fire.n.03	0.729
103830454	fire.n.03	0.747
122713509	fire.n.03	0.666
117553794	fire.n.03	0.542
117588894	fire.n.01	0.415
105330922	fire.n.03	None
121514742	fire.n.03	0.443
120966297	fire.n.03	0.703
104939737	fire.n.03	0.407
118784993	fire.n.03	0.588
104925582	fire.n.03	0.484
103613238	fire.n.05	0.688
102387057	fire.n.02	0.819
108283814	fire.n.01	0.477
108887263	fire.n.03	0.6
116839515	fire.n.01	0.56
117144364	fire.n.03	0.586
104933251	fire.n.03	0.632
119055711	fire.n.03	0.459
119108918	fire.n.04	0.546
108324769	fire.n.03	0.461
123952804	fire.n.03	0.626
100112912	fire.n.03	0.369
112454223	fire.n.03	0.737
120691569	fire.n.03	None
120655527	fire.n.03	0.565
103638891	ardor.n.03	0.531
118662872	fire.n.03	0.351
118004433	fire.n.03	0.573
104547788	fire.n.03	0.746
107114557	conflagration.n.01	None
108043376	fire.n.03	0.474
124779698	fire.n.03	0.644
109356692	fire.n.03	0.386
100046923	smoke.n.01	0.62
108767373	fire.n.03	0.761
113619032	fire.n.01	0.48
107955442	fire.n.01	0.345
117575140	fire.n.03	0.503
113497577	fire.n.03	None
123148959	fire.n.03	0.475
120974219	fire.n.03	None
118646174	fire.n.01	0.445
117557582	fire.n.03	0.514
123077439	fire.n.05	0.341
107846857	fire.n.01	0.533
110042774	fire.n.03	None
121072750	fire.n.08	0.429
110229956	fire.n.03	0.664
109260559	ardor.n.03	0.887
101484871	campfire.n.01	None
117728643	fire.n.03	0.742
119020411	ardor.n.03	0.763
108148107	fire.n.01	0.466
104156700	fire.n.05	0.534
123989508	fire.n.03	0.601
108157206	fire.n.03	0.57
103619216	fire.n.03	0.631
104981788	fire.n.03	0.58
103618488	fire.n.05	0.489
106218879	fire.n.03	0.476
123091007	fire.n.03	0.721
121486545	fire.n.03	0.392
116963403	fire.n.03	0.374
123653243	fire.n.03	0.66
122004466	fire.n.08	0.383
119094218	fire.n.03	0.756
102170163	fire.n.03	0.889
123062650	fire.n.03	0.731
110139810	fire.n.01	0.496
118387597	fire.n.03	0.691
103641328	hotness.n.01	0.549
120829627	fire.n.03	0.531
108936059	fire.n.01	0.503
113495051	fire.n.03	0.687
107802988	fire.n.03	0.44
123934876	fire.n.01	0.339
107456634	fire.n.04	0.6
108064936	fire.n.03	0.633
110101770	fire.n.03	0.527
119092971	fire.n.03	0.616
120972851	fire.n.03	0.524
102177002	fire.n.03	0.783
100204750	fire.n.04	0.616
115492544	fire.n.01	0.652
117163772	fire.n.03	0.478
103643508	fire.n.03	0.531
109261728	fire.n.03	0.596
106554645	fire.n.03	0.585
100171472	ardor.n.03	0.599
123160706	fire.n.03	0.497
123239113	fire.n.01	0.326
102424098	fire.n.04	0.732
123168704	fire.n.03	0.559
123977604	fire.n.03	0.619
103937706	fire.n.07	0.784
104227335	fire.n.03	0.733
106207716	fire.n.03	0.709
100801779	fire.n.01	0.518
123174889	fire.n.03	0.686
118338853	cautery.n.01	0.654
116975191	fire.n.03	0.418
107950160	fire.n.03	0.512
123331493	fire.n.03	0.656
108794911	fire.n.01	0.528
123061157	fire.n.03	0.847
123062862	fire.n.03	0.621
100800858	fire.n.02	0.48
106562832	fire.n.03	0.58
102166374	fire.n.03	0.9
117069631	fire.n.03	0.424
104520907	fire.n.03	0.802
100166854	fire.n.03	None
107909536	fire.n.02	0.42
109738077	fire.n.03	0.689
103813670	fire.n.03	0.514
108703135	fire.n.03	0.473
101713958	fire.n.03	0.621
122763129	fire.n.03	0.747
123957725	fire.n.01	0.479
106380704	fire.n.03	0.435
120993235	pyre.n.01	None
104262560	fire.n.03	0.822
107248493	fire.n.04	0.568
117119809	ardor.n.03	0.38
108304753	fire.n.03	0.565
123112956	fire.n.03	0.789
110098655	fire.n.03	0.563
116294751	fire.n.01	0.631
124567545	fire.n.01	0.663
110237366	fire.n.03	0.814
120992514	fire.n.03	0.62
105051058	fire.n.03	0.814
106540453	fire.n.03	0.858
110241248	fire.n.03	0.604
100044915	fire.n.01	0.622
107803598	fire.n.03	0.489
101656355	fire.n.03	0.398
107857072	fire.n.02	0.51
100105229	fire.n.01	0.41
115807038	fire.n.01	0.671
108132431	fire.n.03	0.687
102160619	fire.n.03	0.764
116293915	fire.n.01	0.651
118320593	fire.n.03	0.449
101022012	fire.n.02	0.924
119023775	fire.n.03	0.641
102974405	fire.n.03	0.593
108156068	fire.n.03	0.489
118842857	fire.n.03	0.483
105353710	wildfire.n.01	None
117359035	fire.n.03	0.304
104104896	fire.n.03	0.649
102273075	fire.n.03	0.496
103777289	fire.n.03	0.498
117989703	fire.n.03	0.768
100223791	fire.n.01	0.354
108304275	fire.n.01	0.417
108034008	fire.n.03	0.457
102327591	ardor.n.03	0.333
118773622	fire.n.03	0.459
121155648	fire.n.01	0.46
109808364	fire.n.01	0.383
123974578	fire.n.03	0.525
109115587	ardor.n.03	0.483
100100426	fire.n.04	0.485
108668130	fire.n.03	0.723
100117902	fire.n.03	0.52
107108118	fire.n.03	0.465
103835034	fire.n.03	0.78
118636674	fire.n.01	0.58
104211611	fire.n.03	0.863
120974146	fire.n.03	0.694
110230444	fire.n.08	0.345
108067117	fire.n.03	0.538
103613355	ardor.n.03	0.34
120966518	fire.n.03	0.366
123993448	fire.n.01	0.712
102995997	fire.n.03	0.646
120989939	fire.n.03	0.587
104939076	fire.n.04	0.441
104930708	fire.n.03	0.443
117053192	fire.n.01	0.732
118330290	fire.n.01	0.439
104106868	fire.n.03	0.526
123968861	fire.n.02	0.711
102168744	fire.n.03	0.592
123949015	fire.n.03	0.708
108336319	fire.n.03	0.433
120968975	fire.n.03	0.37
103618433	fire.n.05	0.577
115788388	fire.n.01	0.653
108274875	fire.n.03	0.565
100629609	fire.n.04	0.346
108266021	ardor.n.03	0.425
113396744	fire.n.03	None
103962665	fire.n.01	0.67
108313558	fire.n.03	0.51
103833734	ardor.n.03	0.265
102169921	fire.n.03	0.632
112397872	fire.n.01	0.518
101731565	fire.n.03	0.509
108319362	fire.n.01	0.456
100097124	fire.n.02	0.802
108080660	fire.n.03	0.572
122761914	fire.n.03	0.662
104869800	fire.n.03	0.49
124681216	fire.n.03	0.655
108281650	fire.n.03	0.636
110068494	fire.n.03	0.499
105267356	fire.n.02	0.507
121347975	fire.n.03	0.541
108511787	fire.n.03	0.615
101532550	fire.n.01	0.715
100919858	fire.n.01	0.476
104085859	fire.n.03	0.734
103783872	fire.n.03	0.698
107860253	fire.n.03	0.668
122765825	fire.n.03	0.597
116573796	fire.n.03	0.774
103947891	fire.n.03	0.737
123158214	fire.n.03	0.582
103619231	fire.n.03	0.654
110126304	fire.n.05	0.625
108148122	fire.n.03	0.71
120727847	fire.n.03	0.622
103886075	fire.n.03	0.522
103811383	fire.n.03	0.608
122700907	fire.n.03	0.401
109229426	fire.n.03	0.589
123156031	fire.n.01	0.474
116309960	fire.n.03	0.538
100652054	fire.n.01	0.511
121958476	fire.n.03	0.358
100083593	fire.n.03	0.435
103825889	fire.n.03	0.368
102373829	fire.n.08	0.521
118431848	fire.n.03	0.668
123159363	fire.n.01	0.491
100573846	fire.n.03	None
102116962	fire.n.03	0.456
116289618	fire.n.01	0.565
102282184	fire.n.03	0.598
118662319	fire.n.01	0.745
103833866	fire.n.05	0.681
100520043	fire.n.03	0.386
119108606	fire.n.04	0.432
120576434	fire.n.03	0.551
122769537	fire.n.03	0.492
107541345	fire.n.03	0.69
116304978	fire.n.03	0.469
106427460	fire.n.03	0.678
116087605	fire.n.03	0.476
119339673	hotness.n.01	0.555
123271319	fire.n.03	0.553
104087411	fire.n.03	0.486
104584377	fire.n.03	0.727
107967868	fire.n.03	0.525
103637892	fire.n.03	0.763
107139772	fire.n.04	0.799
104601265	fire.n.03	0.752
104156038	fire.n.03	0.818
102170581	fire.n.03	0.789
120966182	fire.n.03	0.423
103831619	fire.n.03	0.46
115547215	fire.n.01	0.597
121439487	fire.n.03	0.609
124318634	fire.n.01	0.686
104140596	fire.n.03	0.743
101714039	fire.n.03	0.578
104243748	fire.n.03	0.798
110227834	ardor.n.03	0.484
108045066	fire.n.03	0.569
113506419	ardor.n.03	0.634
121439195	fire.n.03	0.561
123989234	fire.n.01	0.604
121439445	fire.n.03	0.56
110241821	fire.n.01	0.39
118651014	fire.n.01	0.615
120832089	fire.n.05	0.391
102176522	fire.n.03	0.696
108330549	fire.n.03	0.596
108269316	fire.n.01	0.6
123955613	fire.n.03	0.582
119194048	fire.n.04	0.335
106292599	fire.n.03	0.779
103639400	fire.n.03	0.592
104973600	fire.n.03	0.585
108750778	fire.n.03	0.527
116950217	fire.n.03	0.584
118680403	fire.n.02	0.584
107529331	fire.n.03	0.529
108360557	fire.n.03	0.759
123948078	ardor.n.03	0.691
115936133	fire.n.03	0.442
108067312	fire.n.03	0.696
106320932	fire.n.03	0.494
113529691	fire.n.03	0.465
106554571	fire.n.03	0.589
106298930	fire.n.03	0.609
103644232	fire.n.03	0.685
116295381	fire.n.03	0.475
116283383	fire.n.03	0.495
103495061	fire.n.01	0.676
113495628	fire.n.03	0.522
101432012	fire.n.03	0.595
107854348	fire.n.03	0.526
108088139	fire.n.03	0.641
113497185	pyre.n.01	None
108703155	fire.n.03	0.497
104017889	fire.n.03	0.68
108356875	fire.n.03	0.511
121072683	fire.n.03	0.49
115360335	fire.n.08	0.599
100060541	fire.n.01	0.236
101318529	fire.n.03	0.556
122642853	fire.n.03	0.63
117369158	fire.n.05	0.673
103790554	fire.n.01	0.412
104056708	fire.n.03	0.655
121470811	fire.n.01	0.496
105043177	fire.n.02	0.747
116221527	fire.n.01	0.648
100012269	fire.n.03	0.41
112435490	fire.n.03	0.752
123575550	fire.n.03	0.64
107532109	fire.n.01	0.704
104864445	fire.n.01	0.504
108792703	fire.n.01	0.779
116311137	fire.n.03	0.58
102972838	fire.n.03	None
118869790	fire.n.03	0.335
107607097	fire.n.03	0.548
109243776	wheat.n.01	0.891
118004439	fire.n.05	0.718
100572776	thunderbolt.n.01	0.995
102412648	fire.n.03	0.509
124585759	fire.n.03	0.496
107626981	fire.n.03	0.571
103664120	fire.n.03	0.51
100821956	lightning.n.01	0.685
117366531	fire.n.05	0.474
116273637	fire.n.01	0.753
121940174	fire.n.03	0.265
104992633	fire.n.01	0.633
100042239	blaze.n.01	0.643
106404613	fire.n.03	0.798
107070045	fire.n.03	0.639
102982373	fire.n.03	0.587
113622778	fire.n.03	0.362
107985495	fire.n.03	0.539
117964931	fire.n.08	0.72
104139261	fire.n.03	0.65
108622800	fire.n.01	0.694
123243712	fire.n.05	0.466
122762575	fire.n.03	0.936
116239353	fire.n.03	0.422
103641717	fire.n.03	0.647
102992799	fire.n.03	None
118982157	fire.n.01	0.502
103640833	fire.n.03	0.621
107973780	fire.n.03	0.635
119131286	caldron.n.01	None
109315890	fire.n.03	0.677
117359194	fire.n.03	0.439
117219364	fire.n.01	0.776
108289429	fire.n.03	0.542
102170660	fire.n.03	0.58
107642976	fire.n.03	0.742
117468023	fire.n.03	0.484
102376047	fire.n.03	0.676
123168713	fire.n.03	0.559
123651784	fire.n.05	0.905
106498050	fire.n.01	0.56
117571469	ardor.n.03	0.572
104151689	fire.n.03	0.764
118982614	fire.n.03	0.42
121508815	fire.n.01	0.46
110226351	fire.n.03	0.404
110246878	fire.n.01	0.431
101290768	fire.n.01	0.655
123085377	fire.n.03	0.625
103618575	fire.n.03	0.78
103490213	fire.n.01	0.449
123181758	fire.n.03	0.657
118632045	fire.n.02	0.586
102781699	fire.n.01	0.405
105342714	fire.n.03	None
119210251	fire.n.04	0.435
116846597	fire.n.03	0.617
103834067	fire.n.03	0.667
123062144	fire.n.03	0.388
115398565	fire.n.03	0.481
103638008	fire.n.03	0.57
103805816	fire.n.03	0.739
108258959	fire.n.03	0.642
124688569	fire.n.01	0.704
108510405	fire.n.03	0.601
117348208	fire.n.01	0.364
101519982	ardor.n.03	0.971
104017619	fire.n.03	0.693
103645785	fire.n.05	0.499
103805792	fire.n.03	0.834
115794543	fire.n.03	None
116321199	fire.n.03	0.501
107883355	fire.n.01	0.454
116923361	fire.n.03	0.43
104866298	fire.n.03	0.485
116335312	fire.n.08	0.293
107617453	fire.n.03	0.556
104934684	fire.n.03	0.597
112397542	fire.n.01	0.583
123893191	fire.n.03	0.644
108223260	fire.n.01	0.501
122763111	fire.n.03	0.68
124597827	fire.n.01	0.461
118902595	fire.n.01	0.523
110253750	fire.n.08	0.699
121471411	fire.n.01	0.4
113441865	torchlight.n.01	None
108511051	fire.n.03	0.586
119094096	fire.n.03	0.526
108641638	fire.n.01	0.636
119064972	fire.n.01	0.455
108289683	fire.n.03	0.502
116238849	fire.n.01	0.606
109175623	fire.n.03	0.644
113499540	pyre.n.01	None
121075090	fire.n.03	0.434
108238292	ardor.n.03	0.376
110117973	fire.n.09	0.282
104107472	fire.n.03	0.801
115625812	fire.n.01	0.85
102166462	fire.n.03	0.735
108301673	fire.n.03	0.573
117970127	fireplace.n.01	0.836
106125155	fire.n.03	0.704
100118499	ardor.n.03	0.634
102168838	fire.n.03	0.593
109270301	fire.n.03	0.552
101469840	fire.n.01	0.605
116241062	fire.n.01	0.498
119010371	fire.n.03	0.57
118173866	fire.n.03	0.514
118800198	fire.n.02	0.504
112397731	fire.n.03	0.579
112436024	fire.n.03	0.858
123145605	fire.n.01	0.525
106432452	fire.n.03	0.737
102519749	fever.n.01	0.749
104121953	fire.n.03	0.508
117011588	fire.n.01	0.491
115386829	fire.n.01	0.787
113673482	fire.n.01	0.502
106305787	fire.n.03	0.66
123152215	fire.n.03	0.809
103939314	fire.n.03	0.547
120832067	fire.n.03	0.553
109003009	fire.n.03	0.7
103586236	fire.n.01	0.476
123980965	fire.n.03	0.515
106550821	fire.n.03	0.808
113422448	fire.n.01	0.546
106302258	fire.n.03	None
115478220	fire.n.03	0.773
120693895	fire.n.03	0.544
122708994	fire.n.03	0.461
106230868	fire.n.03	0.797
100555272	fire.n.01	0.416
104028174	fire.n.05	0.692
117780744	fire.n.01	0.647
104146541	fire.n.01	0.534
105288286	fire.n.01	0.495
118465419	fire.n.05	0.413
100076499	fire.n.01	0.682
104261930	fire.n.03	0.64
117592627	fire.n.08	0.429
100109692	fire.n.01	0.634
100159982	fire.n.04	0.768
109122089	ardor.n.03	0.498
123652075	fire.n.05	0.506
108387581	fire.n.03	0.77
104992905	fire.n.03	0.51
108274870	fire.n.03	0.555
106159687	fire.n.03	0.512
117380856	fire.n.03	0.736
102974735	fire.n.03	0.693
108256200	fire.n.03	0.476
109755951	fire.n.03	0.437
107296983	fire.n.03	0.571
123969463	fire.n.03	0.6
102388026	fire.n.03	0.476
103645537	fire.n.03	0.681
117117170	fire.n.01	0.552
107627789	fire.n.03	0.585
100555332	fire.n.03	None
116038401	fire.n.03	0.484
122621600	fire.n.05	0.432
106471389	fire.n.03	0.649
106562768	fire.n.03	0.761
108187220	fire.n.03	0.581
100875734	fire.n.03	0.677
103832325	fire.n.03	0.559
100524064	ardor.n.03	0.405
101046890	pyre.n.01	None
123112933	ardor.n.03	0.38
116775360	fire.n.03	0.456
113300981	fire.n.04	0.521
108080766	fire.n.01	0.483
119049403	fire.n.01	0.356
103832969	fire.n.05	0.697
115696342	fire.n.01	0.739
103618936	fire.n.03	0.703
108229564	fire.n.03	0.492
111152545	fire.n.01	0.523
122770264	fire.n.03	0.727
107968787	fire.n.03	0.522
117579604	fire.n.01	0.46
117557077	fire.n.03	0.319
108101559	fire.n.03	0.405
102375856	fire.n.03	0.596
123114142	fire.n.03	0.737
107928365	fire.n.03	0.525
104107118	fire.n.05	0.522
122706705	fire.n.03	0.694
104918303	fire.n.03	0.442
113589266	fire.n.03	0.529
122765402	fire.n.03	0.529
113499060	fire.n.04	0.634
100566097	thunderbolt.n.01	0.988
103962608	ardor.n.03	0.599
108015061	fire.n.03	0.47
115420863	fire.n.09	0.302
109847464	ardor.n.03	0.951
104019822	fire.n.03	0.772
113659419	fire.n.02	0.563
121392262	fire.n.03	0.536
103642472	fire.n.03	0.682
104143640	fire.n.03	0.644
115839982	fire.n.01	0.549
108081302	fire.n.03	0.571
118471668	fire.n.03	0.632
117968142	fire.n.01	0.404
100024607	ardor.n.03	0.703
101654517	ardor.n.03	0.604
122732398	fire.n.03	0.73
115667890	fire.n.03	0.335
100653818	hotness.n.01	0.484
108728758	fire.n.01	0.432
123063534	fire.n.03	0.746
116808515	fire.n.01	0.474
104147961	fire.n.07	0.476
123261433	heat.n.03	0.395
102402634	fire.n.03	0.524
118404875	fire.n.01	0.487
116087510	fire.n.01	0.77
107950067	fire.n.01	0.504
119094306	fire.n.03	0.688
108236177	ardor.n.03	0.389
119367340	hotness.n.01	0.706
120728857	fire.n.08	0.469
108956750	fire.n.01	0.571
103831469	fire.n.03	0.698
113332541	fire.n.03	0.675
107070173	fire.n.03	0.582
100982431	campfire.n.01	None
116176103	fire.n.01	0.49
116007439	fire.n.01	0.554
102312649	fire.n.05	0.513
116009170	fire.n.01	0.584
104084130	fire.n.03	0.845
104032842	fire.n.03	0.731
121353790	fire.n.03	None
108257578	fire.n.03	0.681
117369441	fire.n.03	0.666
104245498	fire.n.03	0.572
118995038	fire.n.03	0.72
104139217	fire.n.03	0.847
115478120	fire.n.03	0.657
113554644	fire.n.01	0.634
122771374	fire.n.03	0.698
102379487	fire.n.03	0.587
117574733	fire.n.03	0.446
123552713	fire.n.03	0.65
116846465	fire.n.03	0.695
108368932	fire.n.03	0.49
116822244	blaze.n.01	0.546
118431855	fire.n.05	0.244
113499196	fire.n.03	None
100875786	fire.n.03	0.462
102165120	ardor.n.03	0.384
105422137	fire.n.03	0.442
120728866	fire.n.03	0.302
112430424	fire.n.03	0.666
104916706	fire.n.03	0.577
108247293	fire.n.03	0.515
102160534	fire.n.03	0.816
106439193	fire.n.03	0.827
102176974	fire.n.03	0.776
109077991	fire.n.01	0.5
108210855	fire.n.03	0.527
102169020	fire.n.03	0.869
110098697	fire.n.03	0.4
108641468	fire.n.04	0.485
103575166	fire.n.03	0.839
106295579	fire.n.03	0.658
115549214	fire.n.01	0.516
100911765	fire.n.03	None
100056923	fire.n.03	None
115587214	fire.n.01	0.466
101731550	fire.n.03	0.406
101613569	fire.n.03	0.55
118339119	fire.n.03	0.662
123158750	fire.n.03	0.559
112432501	fire.n.03	0.687
109229547	torch.n.01	0.979
108319367	fire.n.01	0.587
100157284	fire.n.03	0.774
120880601	fire.n.03	0.579
123917624	fire.n.03	0.69
118377161	fire.n.03	0.8
108886943	fire.n.03	0.761
105043800	fire.n.08	0.323
118360960	fire.n.03	None
108509516	fire.n.03	0.565
122766100	fire.n.03	0.638
101178019	light.n.02	0.378
109291595	fire.n.03	0.723
104142758	fire.n.03	0.46
122731445	fire.n.03	0.784
121439432	fire.n.03	0.459
102983083	fire.n.03	None
107617467	fire.n.03	0.556
118994702	fire.n.03	0.775
103624974	fire.n.03	0.582
123651738	fire.n.03	0.594
124915345	fire.n.03	0.36
123980786	fire.n.03	0.554
117465678	fire.n.03	0.765
118847975	fire.n.03	0.366
116299520	fire.n.01	0.635
105412818	fire.n.03	0.32
124553902	fire.n.02	0.557
100635253	fire.n.03	0.398
115533001	fire.n.03	0.706
117716564	fire.n.03	0.348
109307306	fire.n.03	None
100498972	fire.n.03	None
104126713	fire.n.03	0.785
107182043	fire.n.03	0.59
116332503	fire.n.01	0.334
115268350	fire.n.03	0.55
108881135	fire.n.01	0.477
110240661	fire.n.03	0.658
103628332	fire.n.03	0.876
108172402	fire.n.01	0.478
103829090	fire.n.03	0.619
116921982	fire.n.01	0.559
119018373	ardor.n.03	0.492
123969013	fire.n.03	0.449
115701051	fire.n.03	0.486
122642540	fire.n.03	0.534
103966971	fire.n.05	0.404
104588539	fire.n.03	0.68
115751138	fire.n.01	0.749
119356564	fire.n.03	0.535
103373492	fire.n.03	0.476
102168950	fire.n.03	0.729
102083921	fire.n.04	0.643
117016295	fire.n.01	0.485
109741556	fire.n.04	0.603
104948326	fire.n.03	0.466
123058003	fire.n.03	0.714
102176249	fire.n.03	0.674
100543874	fire.n.03	None
104069118	fire.n.03	0.682
100819710	fire.n.03	0.547
121335717	fire.n.09	0.437
119050303	fire.n.03	0.603
108781930	fire.n.01	0.638
106592983	ardor.n.03	0.733
102164797	fire.n.03	0.748
117027533	fire.n.02	0.862
102170653	fire.n.03	0.77
108744940	fire.n.02	0.4
121447709	fire.n.03	0.402
101455782	fire.n.03	0.648
101731575	ardor.n.03	0.515
102177914	fire.n.03	0.592
108887217	fire.n.01	0.667
115871819	fire.n.01	0.463
108018807	fire.n.03	0.368
107801879	fire.n.01	0.529
101057797	fire.n.01	0.472
117377467	fire.n.03	0.714
107248505	fire.n.01	0.348
104993972	fire.n.03	0.446
103631214	fire.n.03	0.578
103639213	fire.n.03	0.545
100561840	fire.n.03	None
103831577	fire.n.03	0.725
106407994	fire.n.03	0.512
123114579	fire.n.03	0.637
115958883	fire.n.04	0.366
118631664	fire.n.01	0.631
108188873	fire.n.03	0.444
101714015	fire.n.03	0.558
101195678	fire.n.08	0.758
123947974	fire.n.01	0.545
116338290	ardor.n.03	0.535
123187419	fire.n.03	0.482
101135606	fire.n.03	0.572
102392614	fire.n.01	0.483
104022072	fire.n.03	0.603
103023083	ardor.n.03	0.522
106808193	fire.n.03	0.439
100868778	fire.n.01	0.432
109317420	fire.n.03	0.78
119119817	fire.n.01	0.504
103639018	fire.n.03	0.658
108081064	fire.n.03	0.579
123063084	fire.n.03	0.493
113332536	fire.n.03	0.523
100798012	fire.n.03	0.5
101962943	fire.n.03	0.623
108332684	fire.n.03	0.521
109320695	fire.n.03	0.506
102166181	fire.n.03	0.559
102171986	ardor.n.03	0.458
121470508	fire.n.03	0.627
121508054	ardor.n.03	0.426
122643135	fire.n.03	0.777
120974129	fire.n.03	0.541
102374606	fire.n.03	0.567
104118263	fire.n.03	0.789
110194357	fire.n.01	0.455
109059930	brand.n.04	0.951
113498905	pyre.n.01	None
108312438	fire.n.01	0.38
118338932	fire.n.03	0.79
100209539	fire.n.04	0.629
118464905	fire.n.01	0.717
118453086	fire.n.03	0.686
123652587	hearth.n.02	0.46
118724285	ardor.n.03	0.934
112397268	fire.n.03	0.784
103576907	fire.n.03	0.749
106906915	fire.n.01	0.555
100944244	fire.n.05	0.475
124912791	fire.n.03	0.685
109807103	ardor.n.03	0.437
103559030	fire.n.03	0.531
108305544	fire.n.03	0.508
118465203	fire.n.05	0.487
116314026	fire.n.03	0.441
108963674	fire.n.03	0.585
108631707	fire.n.03	0.549
116302159	fire.n.03	0.621
100875780	fire.n.03	0.63
104997223	fire.n.03	0.754
103638037	fire.n.03	0.563
107136891	fire.n.01	0.365
115595862	fire.n.03	0.827
116923341	fire.n.01	0.744
119055237	fire.n.01	0.513
116996126	fire.n.01	0.622
108209780	fire.n.03	None
104111803	fire.n.03	0.732
123041700	fire.n.01	0.565
121439329	fire.n.01	0.455
117553758	fire.n.03	0.415
113299512	fire.n.03	None
107543393	fire.n.03	0.465
108116785	fire.n.03	0.58
106555806	fire.n.03	0.508
122731271	fire.n.03	0.662
102169046	fire.n.03	0.596
104108107	fire.n.05	0.559
104234733	fire.n.03	0.705
101962592	fire.n.03	0.602
124586331	fire.n.01	0.5
118823702	fire.n.01	0.428
109059982	fire.n.01	0.552
104586855	fire.n.03	0.806
104065142	fire.n.03	0.703
104458785	fire.n.03	0.619
101545890	fire.n.03	0.734
123993219	fire.n.01	0.574
108759404	fire.n.03	0.739
107077242	fire.n.01	0.544
106302316	ardor.n.03	0.836
120965376	fire.n.05	0.771
119089023	fire.n.03	0.816
101787528	firelight.n.01	None
116944986	ardor.n.03	0.43
118724250	fire.n.03	0.655
104591975	fire.n.05	0.452
118872614	fire.n.03	0.644
110117895	fire.n.03	0.249
123258581	fire.n.05	0.765
116776450	fire.n.03	0.61
104209665	fire.n.03	0.865
110246896	fire.n.03	0.374
100046631	fire.n.04	0.636
117085046	fire.n.03	0.576
108288280	fire.n.03	0.634
123229886	fire.n.03	0.756
107929141	fire.n.03	0.61
124604605	fire.n.03	0.418
118681154	fire.n.05	0.65
118645026	fire.n.02	0.595
116294480	fire.n.01	0.508
122731599	fire.n.03	0.815
100499017	ardor.n.03	0.68
117086681	torch.n.01	0.986
108120698	fire.n.03	0.743
103619024	fire.n.05	0.458
107853596	fire.n.03	0.569
124661278	fire.n.01	0.496
124615118	fire.n.03	0.425
103829095	fire.n.03	0.56
100160308	fire.n.04	0.62
116320507	fire.n.03	0.544
104720599	fire.n.03	0.535
107136643	fire.n.03	0.45
102177267	ardor.n.03	0.914
100518924	fire.n.03	0.588
101533033	fire.n.01	0.556
108111703	fire.n.03	0.576
106443439	fire.n.03	0.448
124587700	fire.n.01	0.737
120878452	fire.n.03	0.409
100544363	fire.n.03	0.507
103614206	fire.n.03	0.7
123993095	fire.n.03	0.495
108388058	fire.n.03	0.553
123092910	fire.n.03	0.646
100637449	fire.n.03	0.5
106554936	fire.n.03	0.692
123899209	fire.n.03	0.49
123062852	fire.n.03	0.646
123063145	fire.n.03	0.658
109698422	fire.n.03	0.828
107878265	fire.n.03	0.514
116876104	fire.n.03	0.486
108883419	fire.n.03	0.468
104107201	fire.n.03	0.625
104146484	fire.n.01	0.474
117016341	torch.n.01	0.979
117671353	fire.n.08	0.409
115941294	fire.n.03	0.508
103617077	fire.n.03	0.671
104108100	fire.n.05	0.559
110065462	fire.n.03	0.635
117529902	fire.n.03	0.765
101188390	fire.n.03	0.528
106439601	fire.n.03	0.635
113612639	fire.n.03	0.307
122001427	fire.n.03	0.875
102385580	fire.n.01	0.501
103023036	fire.n.01	0.49
113622676	fire.n.03	0.519
107617714	fire.n.03	0.674
117475704	fire.n.03	0.519
106509482	fire.n.02	0.439
108602485	fire.n.03	0.539
106237205	fire.n.03	0.6
121549564	fire.n.03	0.408
110004210	fire.n.03	0.487
122693918	fire.n.03	0.615
115754407	pyre.n.01	None
116273608	fire.n.01	0.629
104503379	fire.n.03	0.737
101196935	fire.n.01	0.399
104544914	fire.n.03	0.552
120993261	fire.n.03	None
104591989	fire.n.03	0.577
119393318	fire.n.03	0.611
106406331	fire.n.03	0.831
108368751	fire.n.01	0.441
123081777	fire.n.01	0.377
100116242	fire.n.03	0.442
102179917	fire.n.03	0.892
121474543	fire.n.03	0.474
116312478	fire.n.01	0.688
102983012	fire.n.03	0.385
101427699	fire.n.08	0.903
108265994	fire.n.04	0.661
108342749	fire.n.01	0.405
107627187	fire.n.03	None
116164319	fire.n.03	0.437
102166923	fire.n.03	0.798
123977550	ardor.n.03	0.843
106428920	fire.n.03	0.698
106830302	fire.n.01	0.674
101039073	fire.n.03	0.426
119020439	ardor.n.03	0.349
104950888	fire.n.03	0.602
116283432	fire.n.01	0.634
108372465	ardor.n.03	0.766
100217482	ardor.n.03	0.976
106159037	fire.n.01	0.511
100167425	fire.n.01	0.693
116977947	fire.n.01	0.62
117534179	fire.n.03	0.603
104948234	fire.n.03	0.59
106276140	fire.n.01	0.474
107764011	fire.n.03	0.645
123243676	fire.n.03	0.786
121508802	fire.n.01	0.367
100520158	fire.n.03	None
121447581	fire.n.07	0.34
104953075	fire.n.03	0.513
110164965	fire.n.03	0.83
117044989	fire.n.01	0.577
101133725	fire.n.03	0.549
105050919	fire.n.03	0.739
104106690	fire.n.03	0.773
117016446	light.n.02	0.487
116336105	fire.n.01	0.354
117807565	fire.n.03	0.702
116088864	fire.n.01	0.573
104994997	fire.n.03	0.621
100251285	fire.n.03	0.542
119088913	ardor.n.03	0.585
103645290	fire.n.03	0.774
106554966	fire.n.05	0.447
120965737	fire.n.03	0.637
103639640	fire.n.03	0.762
104544930	fire.n.03	0.477
119039198	fire.n.03	0.49
119207836	fire.n.01	0.51
113635213	fire.n.03	0.564
105288102	fire.n.01	0.487
100868398	fire.n.04	0.696
110075927	fire.n.03	0.534
108290905	fire.n.03	0.517
115547182	fire.n.01	0.606
103007202	fire.n.03	0.406
119049830	fire.n.01	0.454
103566826	fire.n.03	0.507
106439499	fire.n.03	0.627
103860724	flicker.n.01	0.502
116573827	fire.n.03	0.774
120965954	fire.n.05	0.291
115461176	fire.n.02	0.753
108368061	fire.n.03	0.504
101318477	fire.n.03	0.493
123063035	fire.n.03	0.628
113385319	fire.n.03	0.67
115548460	fire.n.03	0.674
108223044	fire.n.03	0.45
117344363	conflagration.n.01	None
109123428	fire.n.03	0.526
100613986	fire.n.05	0.498
117050907	torch.n.01	0.976
103644440	fire.n.03	0.869
104019686	fire.n.03	0.726
108324869	fire.n.03	0.477
107133861	fire.n.03	0.557
100048820	fire.n.01	0.389
110243912	fire.n.03	0.78
115379386	fire.n.02	0.704
106540094	ardor.n.03	0.758
104461585	ardor.n.03	0.638
121470894	fire.n.03	0.519
114992009	fire.n.03	0.404
119026632	fire.n.03	None
115794570	arsonist.n.01	0.811
104083948	fire.n.05	0.711
104996662	fire.n.03	0.695
104919937	fire.n.03	0.713
106501224	fire.n.03	0.727
118009365	fire.n.03	0.645
102160320	fire.n.03	0.532
121072674	fire.n.01	0.416
118658004	fire.n.01	0.566
123974461	fire.n.03	0.591
104245104	fire.n.03	0.425
104588481	fire.n.03	0.644
101962937	fire.n.03	0.738
104158471	fire.n.03	0.525
113425397	pyre.n.01	None
107617967	fire.n.01	0.49
119055193	fire.n.05	0.515
104974259	fire.n.01	0.536
104017962	fire.n.03	0.519
105292237	fire.n.01	0.458
116864193	fire.n.03	None
115233724	fire.n.03	0.537
102959847	fire.n.03	0.682
102166201	fire.n.03	0.66
102501497	fire.n.03	0.378
124915287	ardor.n.03	0.689
102286831	fire.n.03	0.851
115790503	fire.n.03	0.634
104591003	fire.n.03	0.781
103832635	fire.n.03	0.644
101654374	ardor.n.03	0.37
116950025	fire.n.03	0.69
113461280	fire.n.03	0.471
108510647	fire.n.01	0.435
109301100	fire.n.03	0.601
102328058	flicker.n.01	0.789
123258465	fire.n.03	0.578
109859823	ardor.n.03	0.401
104144268	fire.n.03	0.874
101652724	fire.n.03	0.428
108202136	fire.n.09	0.291
121441795	fire.n.03	0.557
123258593	fire.n.05	0.87
103833064	fire.n.03	0.602
101039043	fire.n.03	0.528
104865448	fire.n.03	0.565
106404742	fire.n.03	0.615
117356670	fire.n.03	0.557
109247473	fire.n.04	0.385
115840942	fire.n.03	0.579
122719761	fire.n.03	0.642
116294612	fire.n.01	0.734
120969005	fire.n.03	0.474
109320537	fire.n.03	0.686
122692305	fire.n.03	0.751
118755631	fire.n.03	0.423
115478012	fire.n.03	0.882
109239341	fire.n.03	0.484
123078234	fire.n.03	0.689
115630711	fire.n.03	0.573
115788422	fire.n.03	0.581
103581636	fire.n.01	0.426
110238003	fire.n.03	0.704
103886137	fire.n.01	0.665
108331913	fire.n.01	0.399
117566827	fire.n.03	0.384
115491983	fire.n.01	0.625
100102066	fire.n.03	0.804
102384736	fire.n.01	0.406
104711104	cereal.n.01	0.85
123085251	fire.n.05	0.679
117970436	fire.n.04	0.728
117639871	fire.n.03	0.723
104992398	fire.n.03	0.569
122692278	fire.n.03	0.631
109248134	fire.n.03	0.472
104224648	fire.n.05	0.58
104142948	fire.n.01	0.591
115872274	fire.n.03	0.565
118897234	pyre.n.01	None
110246866	fire.n.03	0.391
121487187	fire.n.03	0.324
108603510	fire.n.03	0.778
107109138	fire.n.03	0.481
119132663	fire.n.07	0.409
119170194	fire.n.03	0.73
104147980	fire.n.01	0.341
106886449	fire.n.01	0.892
102117925	fire.n.03	0.61
108189223	fire.n.03	0.68
109315859	fire.n.03	0.66
123058561	fire.n.05	0.681
109870008	ardor.n.03	0.574
118179523	fire.n.03	0.414
123243870	fire.n.03	0.588
100258919	ardor.n.03	0.92
108316714	fire.n.01	0.48
108309250	fire.n.03	0.547
118893674	fire.n.01	0.597
117576137	fire.n.03	0.579
117569537	ardor.n.03	0.351
106555631	fire.n.03	0.794
124738317	fire.n.04	0.396
103639189	fire.n.03	0.736
123085395	fire.n.03	0.654
103574938	fire.n.03	0.731
123957753	fire.n.03	0.428
122700808	fire.n.03	0.541
104588619	fire.n.03	0.701
101136221	fire.n.01	0.359
105686430	fire.n.03	0.37
106432420	fire.n.03	0.759
108065632	fire.n.03	0.61
115792468	pyre.n.01	None
103628456	fire.n.03	0.496
118983164	fire.n.01	0.289
108230385	fire.n.03	0.624
122693571	fire.n.03	0.655
119086732	light.n.02	0.752
123085456	fire.n.03	0.542
116877627	fire.n.03	None
104107694	fire.n.03	0.752
115862460	fire.n.01	0.714
103831248	fire.n.03	0.717
110117967	fire.n.01	0.368
104948410	fire.n.01	0.434
108510411	fire.n.03	0.611
115664149	fire.n.03	0.559
123063103	fire.n.03	0.793
123074324	fire.n.03	0.874
104521013	fire.n.03	0.563
109317405	fire.n.03	0.805
122710629	fire.n.05	0.624
105753480	fire.n.03	0.654
108774649	fire.n.03	0.497
110126480	ardor.n.03	0.664
123041725	heat.n.03	0.563
115533216	fire.n.03	0.418
100591444	ardor.n.03	0.566
110039122	fire.n.03	0.483
100969161	fire.n.03	0.463
107108233	fire.n.03	None
110090993	fire.n.05	0.625
120969216	fire.n.03	None
106439166	fire.n.01	0.294
115392757	fire.n.03	0.547
104083909	fire.n.03	0.804
100983693	fire.n.01	0.574
124597776	fire.n.01	0.668
106816992	fire.n.01	0.61
116283611	fire.n.01	0.468
117774414	fire.n.03	0.612
123540825	fire.n.03	None
120966176	fire.n.03	0.343
107134080	fire.n.03	None
110042733	fire.n.01	0.779
108226610	fire.n.03	0.607
118994958	fire.n.03	0.805
109973446	fire.n.01	0.366
103490407	fire.n.03	0.502
123993545	fire.n.01	0.617
120576331	fire.n.03	0.587
121072193	fire.n.03	0.567
118995286	fire.n.03	0.659
110245096	fire.n.03	0.6
119374795	fire.n.03	0.517
117229636	fire.n.01	0.486
104143708	fire.n.03	0.613
100071521	fire.n.02	0.725
102313618	fire.n.03	0.526
105003056	fire.n.01	0.469
121332423	fire.n.03	0.663
102177045	fire.n.03	0.865
108948198	fire.n.03	None
109653767	hearth.n.02	0.638
103568052	fire.n.05	0.64
103656043	fire.n.03	0.693
124750684	fire.n.01	0.624
115922824	fire.n.03	0.498
100213789	smoke.n.01	0.409
102397332	fire.n.03	0.432
116213356	fire.n.01	0.362
101492060	fire.n.01	0.449
108193610	fire.n.01	0.441
104923911	fire.n.03	0.685
107080290	fire.n.03	0.572
101407594	fire.n.03	0.282
104262183	fire.n.03	0.772
119082048	fire.n.03	None
117790037	fire.n.03	0.396
122692555	fire.n.03	0.63
120965851	ardor.n.03	0.71
107646271	fire.n.01	0.706
106251965	fire.n.03	0.415
123261431	heat.n.03	0.395
106870139	fire.n.01	0.41
117572292	fire.n.03	0.501
103635054	fire.n.03	0.589
106533221	fire.n.01	0.465
106498022	fire.n.03	0.542
102078635	fire.n.03	0.398
109874596	fire.n.03	0.454
103629774	fire.n.03	0.763
113497747	fire.n.01	0.631
121078802	fire.n.03	0.457
117639725	fire.n.03	0.628
104070373	fire.n.03	0.763
121988839	fire.n.03	0.492
108356962	fire.n.01	0.578
117068808	fire.n.03	0.661
121139227	fire.n.01	0.374
123170718	fire.n.01	0.481
121959094	fire.n.03	0.627
108287560	fire.n.01	0.62
111159131	fire.n.03	0.792
115548448	lightning.n.01	0.555
117366481	fire.n.03	0.531
108231376	fire.n.01	0.524
113670508	fire.n.03	0.554
117219349	fire.n.01	0.791
108335362	fire.n.03	0.465
108094380	fire.n.03	0.394
101468330	fire.n.01	0.415
104142938	fire.n.03	0.819
104585343	fire.n.03	0.834
106804648	fire.n.01	0.509
111158982	fire.n.01	0.554
106518239	fire.n.03	0.585
119066500	fire.n.01	0.452
108887284	fire.n.03	0.795
117103720	fire.n.01	0.588
120966987	fire.n.03	0.538
100531105	fire.n.03	0.486
104588504	fire.n.03	0.657
113463044	fire.n.01	0.497
107921135	fire.n.01	0.742
106267361	fire.n.03	0.442
116241136	fire.n.02	0.812
116297877	fire.n.01	0.792
100554729	fire.n.05	0.39
121471090	fire.n.03	0.518
100086117	fire.n.02	0.801
115595843	fire.n.01	0.402
108694637	fire.n.03	0.549
122692596	fire.n.03	0.767
115709843	ardor.n.03	0.509
122763790	fire.n.03	0.692
116775310	fire.n.03	0.581
121439364	fire.n.03	0.477
120576280	fire.n.03	0.598
104591015	fire.n.03	0.781
110091029	fire.n.03	0.363
103631317	fire.n.03	0.569
107955428	fire.n.03	0.506
105825749	fire.n.03	0.676
118902659	fire.n.03	0.6
101469907	fire.n.01	0.454
104458426	fire.n.03	0.375
103559060	fire.n.03	0.489
116120242	fire.n.03	0.376
120969046	fire.n.03	0.407
123134210	fire.n.03	0.609
106432382	fire.n.03	0.59
100046673	fire.n.03	0.492
107989681	fire.n.03	0.599
103374916	fire.n.03	0.554
119093875	fire.n.03	0.642
113703810	fire.n.03	0.447
123900920	fire.n.03	0.621
102380570	fire.n.02	0.867
100149241	fire.n.03	0.595
104142443	fire.n.03	0.702
108174780	fire.n.03	0.465
108602553	fire.n.03	0.718
117802321	fire.n.01	0.46
108767891	fire.n.03	0.606
104999593	fire.n.03	0.654
110136257	ardor.n.03	0.319
103641455	fire.n.03	0.669
120974274	fire.n.03	0.51
104939215	fire.n.04	0.45
106222433	fire.n.03	0.513
123930273	fire.n.01	0.468
118472047	burning.n.05	0.754
106822883	fire.n.01	0.443
116856736	fire.n.04	0.506
107617913	fire.n.03	0.749
122606935	fire.n.03	0.471
100616501	fire.n.02	0.535
100348751	fire.n.03	0.711
108321548	fire.n.03	0.73
119339611	fire.n.01	0.499
108240737	fire.n.03	0.625
100600225	fire.n.03	0.503
102169102	fire.n.03	0.547
108791267	fire.n.01	0.443
108893109	fire.n.01	0.617
119086749	light.n.02	0.751
100847322	fire.n.03	0.654
109946797	ardor.n.03	0.739
118330335	fire.n.03	0.514
106438105	fire.n.03	0.554
116911148	ardor.n.03	0.691
123163929	ardor.n.03	0.833
108356937	fire.n.01	0.611
100635408	fire.n.01	0.407
104962397	fire.n.03	0.553
103571491	fire.n.03	0.694
103618490	fire.n.03	0.563
102166185	fire.n.03	0.559
104774670	fire.n.03	0.874
116087736	fire.n.01	0.631
116903204	pyre.n.01	None
104262448	fire.n.03	0.751
124911074	fire.n.03	0.69
109239366	fire.n.03	0.668
108024703	fire.n.03	0.643
108315085	fire.n.01	0.531
108703090	fire.n.03	0.518
106886478	fire.n.01	0.589
109257165	fire.n.03	0.663
102165115	fire.n.03	0.366
110246727	fire.n.03	0.579
112429678	fire.n.03	0.778
113922604	fire.n.03	0.595
103864671	hotness.n.01	0.862
112454255	fire.n.03	0.662
107133914	fire.n.01	0.662
123077781	fire.n.03	0.658
108205274	fire.n.03	0.487
101833390	ardor.n.03	0.44
101059320	fire.n.01	0.787
120966401	fire.n.03	0.609
117359206	fire.n.01	0.347
106459360	fire.n.01	0.499
123061990	fire.n.05	0.384
104525983	fire.n.03	0.696
121072020	fire.n.03	0.579
108564628	fire.n.03	0.475
105323926	fire.n.01	0.591
109141500	fire.n.05	0.53
116276957	torch.n.01	0.955
110101733	fire.n.05	0.466
109916858	fire.n.03	0.52
112427922	fire.n.03	0.763
104916828	fire.n.03	0.488
108220330	fire.n.03	0.717
116953069	fire.n.03	0.704
102116973	fire.n.01	0.499
109257136	fire.n.03	0.513
115718941	fire.n.01	0.505
102385658	fire.n.03	0.436
119361378	fire.n.03	0.696
123972344	fire.n.05	0.483
104993946	fire.n.01	0.527
123074294	fire.n.03	0.837
119098683	fire.n.03	0.69
118989867	fire.n.03	0.599
100249378	fire.n.03	0.498
108121196	fire.n.01	0.486
103314036	fire.n.03	0.482
108266089	fire.n.04	0.441
104462886	fire.n.01	0.455
100185336	fire.n.03	0.468
100982580	campfire.n.01	None
117326974	fire.n.03	0.457
104129597	fire.n.03	0.573
103641155	fire.n.03	0.627
113612582	fire.n.02	0.847
122769112	fire.n.05	0.368
109242080	fire.n.03	0.54
115764004	fire.n.03	0.647
103566349	ardor.n.03	0.382
123653281	fire.n.05	0.364
113301048	fire.n.04	0.691
119093860	fire.n.03	0.58
117045476	instigator.n.01	0.529
110229326	fire.n.01	0.565
112436635	fire.n.03	0.623
102170472	fire.n.03	0.67
100171385	fire.n.04	0.548
104227198	fire.n.03	0.749
104994005	fire.n.03	0.619
109320672	fire.n.03	0.534
118775501	fire.n.01	0.459
107202361	fire.n.01	0.782
102372969	fire.n.03	0.46
112435569	fire.n.03	0.518
108080717	fire.n.01	0.638
105342529	fire.n.01	0.578
121239966	fire.n.01	0.539
108342482	fire.n.03	0.526
122768913	fire.n.03	0.578
106483019	fire.n.01	0.527
107364555	fire.n.03	0.419
108830485	fire.n.01	0.639
120967343	fire.n.05	0.399
108309770	fire.n.03	0.593
103495133	fire.n.01	0.534
104984666	fire.n.01	0.495
115712488	fire.n.01	0.386
122008698	fire.n.03	0.439
117583068	fire.n.03	0.55
122769639	beam.n.04	0.802
117780586	fire.n.01	0.434
122728944	fire.n.03	0.737
121499484	fire.n.03	0.433
109647757	fire.n.03	0.551
104224477	fire.n.03	0.751
108886976	fire.n.03	0.602
109315902	fire.n.03	0.764
118337168	fire.n.03	None
113499249	pyre.n.01	None
123959634	fire.n.03	0.407
109976075	fire.n.03	0.49
115741088	fire.n.01	0.825
100618338	hearth.n.02	0.534
107803077	fire.n.03	0.611
107108097	fire.n.03	0.443
122731407	fire.n.03	0.673
107077271	fire.n.03	None
116971258	fire.n.04	0.462
123575562	fire.n.03	0.477
104944802	fire.n.03	0.539
108826022	fire.n.01	0.677
107627254	fire.n.03	0.797
105342784	fire.n.03	None
111159535	fire.n.01	0.543
102169866	fire.n.03	0.733
113497327	burning.n.05	0.719
107621266	fire.n.03	0.683
108198899	fire.n.03	0.554
107955513	fire.n.03	0.488
122767912	fire.n.05	0.756
123959200	fire.n.01	0.625
123081773	fire.n.05	0.344
102987010	fire.n.03	None
110001932	fire.n.03	0.391
105766719	fire.n.03	0.67
104931291	fire.n.01	0.443
106497966	fire.n.03	0.596
123553049	fire.n.03	0.626
120965683	fire.n.03	0.487
115847651	fire.n.03	0.707
104139672	fire.n.03	0.624
122762085	fire.n.05	0.466
103016918	pyre.n.01	None
122777976	fire.n.05	0.613
104657779	wheat.n.01	0.985
104993902	fire.n.01	0.589
108267713	fire.n.03	0.454
122765009	fire.n.03	0.721
100218018	fire.n.04	0.683
108280751	fire.n.03	0.401
116091980	fire.n.03	0.529
122778010	fire.n.03	0.563
104584451	fire.n.03	0.659
106550793	fire.n.03	0.637
104132511	firelight.n.01	None
107355003	fire.n.01	0.652
104584439	fire.n.03	0.732
104129636	fire.n.03	0.654
109171520	fire.n.01	0.346
113670597	fire.n.01	0.557
123536934	fire.n.03	0.491
120661350	fire.n.01	0.502
110217277	fire.n.03	0.654
120944515	fire.n.03	0.489
108703181	fire.n.03	0.321
101366084	fire.n.03	0.471
100196348	fire.n.04	0.426
118450047	fire.n.03	0.535
113612720	fire.n.03	0.574
123163352	fire.n.03	0.795
100498932	fire.n.03	None
108138294	fire.n.03	0.718
104104891	fire.n.03	0.596
108703117	fire.n.03	0.602
119132267	fire.n.04	0.671
110247119	fire.n.03	0.691
109270913	thunderbolt.n.01	0.988
106236558	fire.n.03	None
107127819	fire.n.03	None
108220824	fire.n.03	0.37
106576226	fire.n.03	None
117069070	fire.n.03	0.656
108509457	fire.n.03	0.805
124582016	fire.n.05	0.868
107870957	fire.n.03	0.704
105038038	fire.n.03	0.647
100257923	fire.n.03	0.558
101404719	fire.n.03	0.511
123158701	fire.n.03	0.607
108372518	fire.n.03	0.672
104942741	fire.n.03	0.543
115849441	fire.n.01	0.446
117622357	fire.n.01	0.472
102179892	fire.n.03	0.482
106275636	fire.n.03	0.444
107788642	heat.n.01	0.418
101656319	blaze.n.01	0.764
117805283	fire.n.03	0.648
116262839	fire.n.03	0.451
119132868	fire.n.04	0.606
123063481	fire.n.03	0.743
121450457	fire.n.01	0.593
102989860	fire.n.02	0.873
104777223	fire.n.01	0.37
110245367	fire.n.03	0.432
103367572	fire.n.03	None
102173281	fire.n.03	0.695
102175609	ardor.n.03	0.8
120987817	fire.n.03	0.654
123962950	fire.n.01	0.662
108545566	fire.n.01	0.716
107878566	fire.n.03	0.708
102999722	fire.n.03	None
100015645	fire.n.01	0.488
106556069	fire.n.03	0.672
108128072	ardor.n.03	0.651
100063998	furnace.n.01	None
103575069	fire.n.05	0.463
104933359	fire.n.04	0.507
115848267	fire.n.01	0.631
123181763	fire.n.03	0.56
106231210	fire.n.03	0.809
101401413	fire.n.03	0.617
117208094	fire.n.01	0.622
121469484	fire.n.03	0.782
122619924	fire.n.03	0.729
115262934	fire.n.03	0.494
108356374	ardor.n.03	0.306
106543517	fire.n.03	0.763
116290019	fire.n.01	0.548
116216648	fire.n.03	0.358
103495217	fire.n.03	None
104143783	fire.n.03	0.803
102979472	fire.n.03	0.356
100924013	fire.n.03	0.343
116338150	fire.n.03	0.38
119357273	heat.n.03	0.772
108564680	fire.n.05	0.543
117128528	fire.n.03	0.477
122765579	fire.n.05	0.414
104040018	fire.n.03	0.748
100607996	torch.n.01	0.837
117622847	fire.n.03	0.483
102408978	fire.n.03	0.647
106835698	fire.n.01	0.563
108984418	fire.n.01	0.482
102169672	fire.n.03	0.74
102168115	fire.n.05	0.692
109260568	fire.n.03	0.513
104217099	fire.n.03	0.528
101484885	fire.n.01	0.551
108097391	fire.n.03	0.419
104954707	fire.n.03	0.616
116332023	fire.n.03	None
124589519	fire.n.03	0.614
104214657	fire.n.03	0.572
117604298	fire.n.03	0.677
122691609	fire.n.03	0.507
121441745	fire.n.03	0.554
100573935	fire.n.03	None
100613852	fire.n.02	0.419
103633823	fire.n.03	0.762
115564071	fire.n.03	0.522
103378628	fire.n.03	0.41
105828865	fire.n.01	0.397
115549409	fire.n.03	0.554
106432397	fire.n.01	0.421
120878694	ardor.n.03	0.912
108386594	fire.n.03	0.433
116293889	fire.n.03	0.571
104171092	fire.n.03	0.584
108321679	fire.n.03	0.647
102379042	lightning.n.01	0.847
106554584	fire.n.03	0.462
108355236	fire.n.03	0.4
123186940	fire.n.03	0.636
104584470	fire.n.03	0.732
104547822	fire.n.05	0.767
109320543	fire.n.03	0.735
124911055	water.n.01	0.893
103367626	fire.n.03	0.545
104458777	fire.n.03	0.587
104520970	fire.n.03	0.81
121072710	fire.n.05	0.699
123243881	fire.n.03	0.567
100026329	fire.n.03	0.434
113724282	fire.n.01	0.456
118345208	fire.n.01	0.626
109969520	fire.n.03	0.615
109258301	conflagration.n.01	None
109830931	fire.n.03	0.305
106558192	fire.n.03	0.848
117774326	fire.n.01	0.487
108759630	fire.n.03	0.689
116336120	fire.n.03	0.596
119335704	fire.n.01	0.428
116336600	fire.n.03	0.399
104162502	ardor.n.03	0.398
104107294	fire.n.03	0.454
116237933	fire.n.03	0.509
119385750	hotness.n.01	0.608
112393941	hotness.n.01	0.927
105288505	fire.n.01	0.375
110020649	fire.n.01	0.519
108510319	fire.n.03	0.74
104138297	fire.n.03	0.58
104942368	fire.n.08	0.247
103641289	fire.n.03	0.515
123063387	fire.n.03	0.829
100121308	pyre.n.01	None
102171521	fire.n.03	0.649
120944583	fire.n.03	0.493
118895969	fire.n.01	0.702
107532120	fire.n.01	0.683
108188929	fire.n.03	0.716
123110328	ardor.n.03	0.754
108289394	fire.n.03	0.524
108181717	fire.n.03	0.606
121439207	fire.n.03	0.558
116130309	fire.n.03	0.46
103000438	burning.n.01	0.466
102166287	fire.n.03	0.853
124585479	fire.n.01	0.599
101455320	fire.n.04	0.389
116283572	fire.n.03	0.598
115502918	fire.n.03	0.617
118821403	fire.n.03	0.521
123063404	fire.n.03	0.829
115626839	fire.n.03	0.511
117807866	fire.n.03	None
100133694	fire.n.03	0.52
103644647	fire.n.03	0.487
117366516	fire.n.01	0.313
116294988	fire.n.03	0.489
104140404	fire.n.03	0.741
101613607	ardor.n.03	0.474
109229497	fire.n.03	0.753
110069743	fire.n.03	0.554
116945324	fire.n.03	0.602
106409096	fire.n.03	0.721
116774363	fire.n.04	0.516
106300732	fire.n.05	0.483
122767790	fire.n.03	0.739
106159399	fire.n.01	0.602
116023347	fire.n.01	0.559
110238961	fire.n.03	0.843
111158140	fire.n.01	0.338
123069342	fire.n.05	0.494
104918355	fire.n.01	0.393
103571547	fire.n.03	0.774
107788056	fire.n.03	0.677
120965945	fire.n.03	0.349
120943917	fire.n.03	0.58
104129323	fire.n.03	0.602
119026320	fire.n.03	0.801
118683621	fire.n.03	None
109040471	fire.n.03	0.632
104052073	fire.n.03	0.775
113303323	fire.n.01	0.479
123227444	fire.n.03	0.836
116277208	fire.n.03	0.625
110025523	pyre.n.01	None
109591470	fire.n.01	0.471
105445826	fire.n.01	0.902
108853859	fire.n.03	0.672
102165881	fire.n.03	0.745
104225032	fire.n.03	0.675
109116614	fire.n.03	0.612
115758880	fire.n.03	0.526
117172945	fire.n.03	0.374
101833237	fire.n.03	0.706
101541953	fire.n.01	0.619
117478816	fire.n.03	0.685
122008678	ardor.n.03	0.374
105342797	fire.n.01	0.371
109696433	fire.n.03	0.544
107107569	fire.n.03	0.492
102173256	fire.n.03	0.658
119348372	hotness.n.01	0.5
109399408	fire.n.01	0.593
118781340	fire.n.03	0.709
123324884	fire.n.03	0.567
110241432	fire.n.03	0.704
117219300	fire.n.01	0.473
100170723	fire.n.04	0.478
100921529	fire.n.01	0.439
106231326	fire.n.03	0.577
121289878	fire.n.05	0.59
110070932	fire.n.05	0.354
123589704	fire.n.03	0.588
113391862	fire.n.03	None
118771158	fire.n.03	None
100044924	fire.n.01	0.622
116796451	spark.n.06	0.886
102165854	fire.n.03	0.642
122768922	fire.n.03	0.579
120967244	fire.n.03	0.421
107108173	fire.n.03	0.507
102166981	fire.n.03	0.716
108122086	fire.n.03	0.546
106371109	fire.n.03	0.754
108336449	fire.n.02	0.398
110222745	fire.n.03	0.451
103377374	fire.n.01	0.377
115837308	fire.n.03	0.547
103376057	fire.n.04	0.46
104021296	fire.n.03	0.694
122706662	fire.n.05	0.787
123092971	fire.n.01	0.547
100036956	fire.n.03	0.328
104588489	fire.n.03	0.804
108280857	fire.n.01	0.492
115539403	fire.n.01	0.804
105131887	conflagration.n.01	None
108121424	fire.n.03	0.449
113659484	fire.n.01	0.661
100901548	fire.n.01	0.456
123081768	fire.n.01	0.418
104030273	fire.n.03	0.657
118779062	fire.n.03	0.517
118631993	fire.n.03	None
117330137	fire.n.01	0.635
103645448	fire.n.03	0.607
117125775	fire.n.01	0.506
123981744	fire.n.05	0.289
122771314	fire.n.05	0.434
108317404	fire.n.03	0.836
108836830	fire.n.03	None
110126454	ardor.n.03	0.345
113298486	ardor.n.03	0.599
102984473	fire.n.03	0.591
113924536	fire.n.03	0.448
121436020	fire.n.03	0.376
118983731	fire.n.03	0.443
104152572	fire.n.01	0.699
103639131	fire.n.03	0.762
121178610	fire.n.03	0.706
103833472	fire.n.05	0.502
107788822	fire.n.03	0.474
103827222	fire.n.03	0.714
109847799	fire.n.04	0.566
100901489	fire.n.03	0.597
124779786	fire.n.03	0.723
101484895	fire.n.01	0.453
123123370	fire.n.03	0.739
118663380	fire.n.01	0.556
116291834	fire.n.01	0.569
106160797	fire.n.03	0.55
121413013	fire.n.03	0.757
117460214	fire.n.01	0.424
123168719	fire.n.03	0.589
103633083	fire.n.03	0.61
108931737	fire.n.03	0.541
104158449	fire.n.03	0.622
108990962	fire.n.03	0.716
104105496	fire.n.03	0.634
117970738	fire.n.01	0.385
101495701	fire.n.03	0.601
121471219	fire.n.08	0.311
108106113	fire.n.03	0.734
119342252	heat.n.03	0.492
105288308	fire.n.01	0.495
113617948	fire.n.01	0.386
119199506	fire.n.03	0.534
104472982	fire.n.01	0.67
119090269	fire.n.03	0.369
104129348	fire.n.05	0.727
103639087	fire.n.03	0.742
122731587	fire.n.03	0.815
122706837	ardor.n.03	0.384
123168727	fire.n.03	0.424
100507078	fire.n.05	0.75
120828364	fire.n.01	0.64
123241428	fire.n.03	0.433
100170899	fire.n.04	0.69
123227178	fire.n.03	0.594
108329710	fire.n.01	0.431
123227613	fire.n.03	0.795
100807540	fire.n.03	0.708
108275238	ardor.n.03	0.307
120991660	fire.n.01	0.413
108126484	fire.n.03	0.375
107617503	fire.n.01	0.555
118773268	fire.n.03	0.722
121073800	fire.n.03	0.523
109832071	fire.n.03	0.614
121348821	fire.n.03	0.498
104974510	fire.n.03	0.544
103378509	fire.n.03	None
109051046	fire.n.01	0.651
100480411	fire.n.03	None
100099884	fire.n.03	0.441
103640460	fire.n.03	0.637
102187320	fire.n.03	0.443
118675014	fire.n.03	0.497
121470831	fire.n.01	0.541
123992177	fire.n.03	None
116310446	fire.n.03	0.371
102175387	fire.n.03	0.381
123538883	fire.n.03	0.333
123967615	fire.n.01	0.482
101546342	fire.n.01	0.465
104071797	fire.n.03	0.831
116294904	fire.n.01	0.629
106558247	fire.n.03	0.752
100622511	fire.n.01	0.614
106428371	fire.n.03	0.549
109356164	fire.n.03	0.414
102373837	ardor.n.03	0.922
123319225	fire.n.03	0.58
120967091	fire.n.03	0.684
113385272	fire.n.03	0.638
108233147	fire.n.03	0.65
103640830	fire.n.03	0.628
104544997	ardor.n.03	0.601
108887055	fire.n.01	0.675
110020685	fire.n.03	None
122767892	fire.n.05	0.539
108129054	fire.n.03	0.844
108288865	ardor.n.03	0.751
107815263	fire.n.03	None
112429961	fire.n.03	0.794
123227611	fire.n.05	0.636
103783788	fire.n.03	0.663
121352369	fire.n.05	0.415
107961415	fire.n.02	0.739
115745353	fire.n.01	0.411
102387128	fire.n.03	None
100348682	fire.n.01	0.612
