109052453	thing.n.08	0.489
100664112	money.n.01	0.607
100665450	fund.n.01	0.948
100665555	money.n.01	0.94
100666953	wealth.n.01	0.496
100667370	property.n.01	0.986
100667399	money.n.01	0.929
100667537	wealth.n.01	0.448
100667668	money.n.01	0.737
100667704	sum.n.01	None
100667754	money.n.01	0.892
100667777	money.n.02	0.553
100667858	money.n.01	0.92
100667919	money.n.01	0.616
100667965	money.n.01	0.788
100667982	money.n.02	0.646
100668043	money.n.01	0.861
100668078	money.n.01	0.741
100668132	money.n.01	0.889
100668217	fund.n.01	0.829
100668278	money.n.01	0.582
100668771	money.n.01	0.909
100668997	sum.n.01	0.735
100669113	money.n.01	0.869
100669658	money.n.01	0.934
100669970	net_income.n.01	0.989
100670015	money.n.01	0.958
100670041	money.n.01	0.639
100670063	money.n.02	0.799
100670095	money.n.02	0.626
100670123	money.n.01	0.62
100670205	sum.n.01	0.905
100670249	money.n.01	0.877
100670372	money.n.01	0.942
100670439	money.n.01	0.84
100670462	sum.n.01	None
100670554	sum.n.01	0.867
100670595	sum.n.01	None
100670726	money.n.01	0.784
100670878	money.n.01	0.688
100671092	money.n.01	0.747
100671183	money.n.01	0.62
109059998	wealth.n.03	0.456
100671630	property.n.01	0.96
109060546	money.n.01	0.923
109060610	money.n.01	0.932
100672420	fortune.n.02	0.952
109061107	sum.n.01	None
109061137	money.n.01	0.852
100672571	money.n.01	0.542
100673480	money.n.02	0.808
109062202	sum.n.01	None
109062373	money.n.01	0.839
100673784	contribution.n.02	0.507
109062414	price.n.02	0.559
100673919	fund.n.01	0.931
100674153	fortune.n.02	0.488
100674347	fortune.n.02	0.478
117451741	component.n.01	0.928
100674559	property.n.01	0.99
100675880	wealth.n.03	0.476
100676134	money.n.01	0.881
100676203	money.n.01	0.962
100676516	money.n.01	0.98
100676523	possession.n.02	0.88
109065700	loot.n.01	None
100677195	possession.n.02	0.897
100677264	rich_people.n.01	None
109066579	money.n.01	0.954
100678358	money.n.01	0.831
109067109	money.n.01	0.925
100678784	rich_people.n.01	None
109068125	property.n.01	0.971
109068389	property.n.01	0.985
109068924	property.n.01	0.993
100683523	wealth.n.01	0.625
117462977	thing.n.03	0.356
109077016	money.n.01	0.969
100689106	mean.n.01	None
109080658	money.n.01	0.891
109081512	wealth.n.01	0.563
100693846	estate.n.02	0.781
109084328	fortune.n.02	0.879
109087396	money.n.01	0.706
100701421	possession.n.02	0.944
109090760	money.n.01	0.975
100702635	wealth.n.03	0.548
117483128	organism.n.01	0.932
100707832	tax_income.n.01	0.858
100707926	property.n.01	0.998
100708136	money.n.01	0.868
117485956	possession.n.02	0.918
117486005	wealth.n.03	0.544
117497131	money.n.01	0.886
109113437	money.n.01	0.904
109117571	thing.n.04	0.296
109121488	money.n.02	0.781
100735068	debt.n.02	0.828
100736434	money.n.01	0.94
100738002	sum.n.01	None
100742964	money.n.01	0.871
100743711	possession.n.02	0.967
100743984	money.n.02	0.637
100743996	sum.n.01	0.877
100745721	money.n.02	0.722
100746382	money.n.01	0.945
109135366	property.n.01	0.991
100749607	money.n.02	0.812
100749918	expense.n.02	0.623
100749981	money.n.01	0.944
100750299	money.n.01	0.941
109138969	property.n.01	0.993
100750792	money.n.01	0.894
100751415	fortune.n.02	0.975
109140483	wealth.n.03	0.555
109141992	money.n.01	0.863
100753696	money.n.01	0.858
100759159	treasure.n.01	0.345
100762320	wealth.n.03	0.571
100762334	tribute.n.02	0.767
100765064	sum.n.01	None
100770811	money.n.01	0.877
109170854	property.n.01	0.994
100782421	property.n.01	0.996
100787450	money.n.01	0.548
100789023	money.n.01	0.524
100789881	money.n.01	0.745
109180400	money.n.01	0.939
109180414	money.n.01	0.959
109180432	money.n.01	0.923
109181301	money.n.01	0.883
109181647	money.n.01	0.94
109185131	money.n.01	0.943
117574371	wealth.n.01	0.552
109187083	money.n.01	0.645
109187087	money.n.01	0.649
100798885	kernel.n.03	0.875
109188780	money.n.01	0.98
109190453	money.n.01	0.898
109191469	money.n.01	0.752
109191720	money.n.01	0.693
109191726	money.n.01	0.854
109192195	money.n.01	0.923
117581014	wealth.n.01	0.512
117581040	money.n.01	0.702
109192792	damages.n.01	0.914
109193010	money.n.01	0.896
109193323	money.n.02	0.588
109195188	money.n.01	0.96
109197716	money.n.01	0.917
109197988	money.n.01	0.889
109198299	money.n.01	0.753
109199444	wealth.n.03	0.604
109199601	money.n.01	0.844
109200379	money.n.02	0.652
109200564	money.n.01	0.897
109201607	money.n.01	0.843
109202423	money.n.01	0.902
109202667	money.n.01	0.821
109203256	money.n.01	0.677
109203970	money.n.01	0.718
109204998	money.n.01	0.911
109206775	money.n.01	0.961
109206826	money.n.01	0.954
109206894	money.n.01	0.824
100822385	wealth.n.03	0.585
109217080	money.n.02	0.917
117607894	thing.n.08	0.413
117618628	money.n.01	0.909
109230393	property.n.01	0.997
109236363	wealth.n.01	0.679
109237041	wealth.n.03	0.44
117626252	wealth.n.03	0.524
109238292	money.n.01	0.855
100849771	occupation.n.01	0.454
109254649	possession.n.02	0.969
100873641	net_income.n.01	0.948
109262535	money.n.01	0.902
109265404	money.n.01	0.968
100877573	topic.n.02	0.511
109266765	money.n.01	0.787
109267124	money.n.01	0.986
109267460	means.n.03	0.802
109270619	ransom.n.01	0.497
109270629	expense.n.01	0.697
109270832	money.n.01	0.848
109270843	rich_people.n.01	None
100883710	money.n.02	0.786
100883746	money.n.02	0.748
100885481	matter.n.01	0.813
100885530	matter.n.01	0.827
100885884	monster.n.01	0.451
100885935	monster.n.01	0.468
100889219	sum.n.01	0.93
100889272	money.n.01	0.883
100889338	money.n.01	0.968
100889574	tax_income.n.01	0.951
100893780	wealth.n.01	0.524
100894244	possession.n.02	0.986
100894261	possession.n.02	0.908
100894341	possession.n.01	0.363
100894408	wealth.n.03	0.564
100895043	wealth.n.03	0.661
100905532	money.n.01	0.968
100909217	money.n.01	0.897
100909225	money.n.01	0.897
100909267	money.n.01	0.987
100909303	money.n.01	0.987
109303182	money.n.01	0.849
100917699	treasure.n.03	0.403
109311402	cargo.n.01	0.908
100930165	wealth.n.03	0.483
100930250	wealth.n.03	0.572
100930437	wealth.n.03	0.502
100930870	property.n.01	0.995
100930907	property.n.01	0.981
100931012	wealth.n.03	0.62
100931477	treasure.n.01	0.827
100931531	treasure.n.01	0.815
100931597	rich_people.n.01	None
100931633	treasure.n.01	0.923
100931649	treasure.n.01	0.859
100931682	treasure.n.01	0.915
100931707	rich_people.n.01	None
100931924	treasure.n.01	0.873
100933249	money.n.01	0.943
100934392	money.n.01	0.88
100934425	money.n.02	0.555
100934460	wealth.n.01	0.624
100934497	means.n.03	0.997
100934674	money.n.01	0.813
100937173	wealth.n.03	0.533
117716872	property.n.01	0.999
100940544	possession.n.02	0.976
100947875	price.n.02	0.328
100950127	thing.n.03	0.349
100950519	money.n.01	0.917
100950557	treasure.n.01	0.821
100950573	income.n.01	None
100950772	money.n.01	0.989
109342604	wealth.n.03	0.618
100954566	thing.n.01	0.791
100956889	money.n.01	0.984
109345522	money.n.01	0.85
109345658	money.n.01	0.713
109345679	money.n.01	0.937
100959465	money.n.01	0.847
100960284	money.n.02	0.637
100960324	money.n.01	0.877
100960340	wealth.n.03	0.458
100960353	money.n.01	0.789
100960379	money.n.01	0.941
100961253	possession.n.02	0.99
100961590	sum.n.01	0.793
117738826	wealth.n.01	0.535
100961941	wealth.n.03	0.496
100962669	sum.n.01	0.958
100962965	money.n.01	0.928
100963465	wealth.n.03	0.516
109352166	money.n.01	0.933
100963596	money.n.01	0.655
100965796	tax_income.n.01	0.742
100971103	wealth.n.04	0.639
100974090	commodity.n.01	0.483
109365654	money.n.01	0.95
100977604	wealth.n.01	0.535
109366348	money.n.01	0.986
109367037	money.n.01	0.517
109369060	money.n.01	0.831
109370014	estate.n.01	0.995
109370744	money.n.02	0.746
109371606	money.n.01	0.834
109371795	interest.n.01	0.943
100984478	finish.n.04	0.96
100991646	price.n.02	0.688
109382084	avarice.n.02	0.587
100993579	sum.n.01	0.918
109382486	estate.n.01	0.876
109382711	money.n.01	0.802
100994839	wealth.n.03	0.494
100995399	money.n.01	0.91
100995731	treasure.n.01	0.892
100995760	treasure.n.01	0.892
100995771	treasure.n.01	0.93
100997404	wealth.n.03	0.581
109387070	fine.n.01	None
101003734	wealth.n.03	0.43
109397168	money.n.01	0.768
109397237	wealth.n.01	0.785
109397283	wealth.n.01	0.482
109397351	wealth.n.03	0.581
109397738	money.n.01	0.989
109397821	gift.n.01	0.78
101009767	money.n.01	0.904
101009983	wealth.n.03	0.675
101012010	possession.n.02	0.836
101012282	possession.n.02	0.985
101012722	battalion.n.02	0.959
101013053	wealth.n.03	0.463
101018341	wealth.n.03	0.494
101018382	money.n.01	0.984
101018435	money.n.01	0.958
101018451	money.n.01	0.968
101018529	possession.n.02	0.992
101018548	money.n.01	0.916
101018571	money.n.01	0.952
101018661	money.n.01	0.945
101022773	possession.n.02	0.984
101024200	money.n.01	0.949
101024543	money.n.01	0.845
101030520	money.n.01	0.856
101030531	money.n.01	0.968
101030546	wealth.n.04	0.395
101030602	wealth.n.03	0.468
101030648	money.n.01	0.929
101030741	money.n.01	0.912
101031856	possession.n.02	0.974
101033721	possession.n.02	0.967
101041884	wealth.n.01	0.73
101043474	money.n.01	0.626
101046427	money.n.01	0.91
101046448	money.n.01	0.873
101046560	money.n.02	0.519
101046594	money.n.02	0.519
101046732	money.n.01	0.776
101050005	wealth.n.03	0.559
101050048	rich_people.n.01	None
101050433	bribe.n.01	None
101056235	money.n.01	0.783
101056350	money.n.01	0.971
101056360	money.n.01	0.971
101058628	money.n.01	0.971
101058654	money.n.01	0.783
101059095	money.n.01	0.924
101059617	treasure.n.01	0.665
101064155	money.n.01	0.775
101067911	price.n.02	0.567
101068988	money.n.01	0.966
101069019	money.n.01	0.966
101069081	money.n.01	0.966
101069122	money.n.01	0.923
101069155	sum.n.01	0.923
101069186	money.n.01	0.87
101069226	money.n.01	0.963
101069238	money.n.01	0.921
101072361	wealth.n.01	0.555
101073998	money.n.01	0.883
101084954	stuff.n.02	0.8
101085073	loot.n.01	0.855
101085202	thing.n.08	0.608
101085391	thing.n.04	0.529
101085846	money.n.01	0.784
101085852	money.n.01	0.783
101085954	bribery.n.01	None
101088368	wealth.n.03	0.483
101089815	treasure.n.01	0.684
101089836	treasure.n.01	0.755
101089943	treasure.n.01	0.632
101090304	treasure.n.01	0.746
101093066	money.n.01	0.66
101095568	money.n.01	0.81
101095635	money.n.01	0.861
101096920	property.n.01	0.732
101099153	money.n.01	0.913
101099256	money.n.01	0.897
101102465	property.n.01	0.806
101102559	estate.n.01	0.891
101102600	inheritance.n.02	0.861
101103206	property.n.01	0.997
101103510	money.n.02	0.504
101103775	estate.n.01	0.809
101103911	estate.n.01	0.937
101104304	property.n.01	0.991
101104788	money.n.02	0.535
101104939	property.n.01	0.993
101106310	money.n.01	0.915
101106633	property.n.01	0.992
101106914	money.n.01	0.915
101107103	sum.n.01	0.922
101107334	money.n.01	0.948
101107368	expending.n.01	0.83
101110086	furniture.n.01	None
101110212	furniture.n.01	None
101110261	property.n.01	0.993
101111048	property.n.01	0.995
101111795	money.n.01	0.815
101112071	estate.n.01	0.953
101112315	fortune.n.02	0.836
101112379	fortune.n.02	0.83
101112482	money.n.01	0.901
101112585	fortune.n.02	0.56
101112629	sum.n.01	None
101112662	money.n.02	0.756
101113241	estate.n.01	0.995
101113591	fortune.n.02	0.751
101113656	fortune.n.02	0.9
101114038	fortune.n.02	0.788
101114439	fortune.n.02	0.91
101114606	money.n.01	0.893
101115268	estate.n.01	0.982
101115339	fortune.n.02	0.955
101115590	estate.n.01	0.933
101116850	money.n.01	0.609
101117080	property.n.01	0.988
101117359	estate.n.01	0.986
101117417	estate.n.01	0.981
101117969	money.n.01	0.565
101118228	fortune.n.02	0.903
101118365	fortune.n.02	0.89
101118382	property.n.01	0.996
101118530	money.n.01	0.811
101118582	property.n.01	0.995
101121480	estate.n.01	0.732
101121668	fortune.n.02	0.91
109510372	property.n.01	0.965
101121935	property.n.01	0.788
101121992	fortune.n.04	0.59
101122045	fortune.n.02	0.971
101122069	fortune.n.02	0.74
101122243	fortune.n.04	0.579
101122414	property.n.01	0.97
101122516	property.n.01	0.994
101122599	fortune.n.02	0.921
101122791	fortune.n.02	0.667
101122814	estate.n.01	0.879
101122871	money.n.01	0.63
101123131	estate.n.01	0.685
101123235	fortune.n.02	0.935
101123796	property.n.01	0.995
101124020	fortune.n.02	0.494
101124137	estate.n.01	0.985
101124909	money.n.01	0.703
101125064	money.n.01	0.957
101126095	money.n.01	0.848
101126290	money.n.01	0.805
101126498	estate.n.01	0.974
101126532	estate.n.01	0.989
101126781	fortune.n.02	0.708
101127502	fortune.n.02	0.904
101127865	property.n.01	0.997
109528987	fund.n.01	0.979
109529545	drachma.n.02	0.98
109531748	wealth.n.01	0.756
109532361	finance.n.01	0.505
109534898	money.n.01	0.949
109535822	fund.n.01	0.958
109536225	fund.n.01	0.965
109537057	fee.n.01	0.995
109537459	money.n.01	0.811
109537483	money.n.01	0.961
101148963	property.n.01	0.896
109537973	sum.n.01	None
101150244	commodity.n.01	0.581
101150848	matter.n.04	0.572
101154024	money.n.02	0.585
101157796	money.n.02	0.553
101158000	money.n.01	0.986
101158194	money.n.01	0.971
101158211	money.n.01	0.794
101158243	money.n.01	0.69
101158492	money.n.01	0.915
101159771	money.n.01	0.977
101160872	money.n.01	0.926
101161941	money.n.02	0.514
101170001	thing.n.01	0.456
101176472	monetary_value.n.01	0.45
101184660	wealth.n.03	0.478
101188253	wealth.n.03	0.58
117966414	cargo.n.01	None
101192602	property.n.01	0.994
101193884	wealth.n.03	0.554
101193976	property.n.01	0.998
101194000	wealth.n.03	0.681
101194038	property.n.01	0.997
101194047	property.n.01	0.984
117975065	thing.n.04	0.774
101198400	expense.n.01	0.99
101199623	treasury.n.01	0.875
109591706	thing.n.08	0.772
109592918	price.n.02	0.686
101210737	money.n.01	0.888
101210758	interest.n.04	0.99
101216068	subsidy.n.01	None
101226161	fund.n.01	0.945
101230374	property.n.01	0.977
101231617	commodity.n.01	0.806
101235787	rich_people.n.01	None
101236096	wealth.n.04	0.483
101240909	money.n.01	0.935
101246891	money.n.01	0.917
101249452	property.n.01	0.99
101251061	good.n.03	0.534
101251165	commodity.n.01	0.664
101251458	net_income.n.01	0.981
101254088	tax.n.01	None
101254134	money.n.01	0.852
101255667	money.n.01	0.66
101256745	money.n.01	0.823
101257061	money.n.01	0.551
101257176	money.n.01	0.892
101258714	money.n.01	0.788
101258998	outgo.n.01	0.53
101259824	money.n.01	0.819
101260346	fund.n.01	0.96
101260944	fine.n.01	None
101261252	property.n.01	0.998
101261735	property.n.01	0.996
101262282	sum.n.01	0.911
101262741	money.n.01	0.883
101263100	money.n.01	0.584
101275899	money.n.01	0.959
101277661	money.n.01	0.72
101278529	embezzlement.n.01	None
101278592	money.n.01	0.904
101279020	property.n.01	0.962
101279236	money.n.01	0.886
101283700	price.n.02	0.501
101284553	money.n.01	0.861
101285128	money.n.01	0.895
101285343	money.n.01	0.954
101285385	money.n.01	0.939
101285557	money.n.01	0.922
101285914	money.n.01	0.939
101286409	money.n.01	0.92
101287101	property.n.01	0.992
101287271	money.n.01	0.724
101287312	tribute.n.02	0.941
101288154	money.n.02	0.585
101288899	money.n.01	0.945
101289464	ransom.n.02	0.492
101289935	money.n.01	0.962
101290004	money.n.01	0.938
101290094	money.n.01	0.924
101290149	property.n.01	0.95
101290357	money.n.02	0.507
101291252	commodity.n.01	0.9
101291415	money.n.01	0.788
101291837	property.n.01	0.997
101292253	property.n.01	0.997
101292344	property.n.01	0.997
109681223	treasure.n.01	0.466
101293290	money.n.01	0.92
101293578	money.n.01	0.937
101293696	money.n.02	0.555
101293728	tribute.n.02	0.809
101296717	property.n.01	0.992
101296728	money.n.01	0.987
101296745	property.n.01	0.995
101296784	money.n.01	0.967
101296796	money.n.01	0.944
101298140	property.n.01	0.998
101301805	money.n.01	0.863
101301863	money.n.01	0.889
101303105	treasure.n.01	0.864
101304350	property.n.01	0.996
101308401	money.n.01	0.899
101308667	loot.n.01	None
101309569	property.n.01	0.994
101310051	money.n.01	0.907
101310115	money.n.01	0.909
101310141	property.n.01	0.983
101310788	treasure.n.01	0.785
101312789	property.n.01	0.982
101313043	money.n.01	0.914
101313315	possession.n.02	0.96
101313737	money.n.01	0.808
101314071	sum.n.01	None
101316549	money.n.01	0.62
101322208	money.n.01	0.879
101322305	money.n.01	0.942
101322365	money.n.01	0.715
101322464	money.n.01	0.731
101322644	money.n.01	0.888
101322774	money.n.01	0.901
101323205	ransom.n.01	0.583
101323776	money.n.01	0.776
101323861	money.n.01	0.969
101323901	money.n.01	0.963
101324645	money.n.01	0.92
101324785	money.n.01	0.745
101324960	money.n.01	0.955
101325460	money.n.01	0.963
101326728	money.n.01	0.957
101328349	tax_income.n.01	0.666
101329638	money.n.01	0.777
101329830	money.n.01	0.929
101330906	sum.n.01	None
101331162	money.n.01	0.812
101331348	money.n.01	0.96
101333114	money.n.01	0.867
101333376	money.n.01	0.947
101336670	fund.n.01	0.963
101337471	money.n.01	0.687
101338216	money.n.01	0.928
101338625	sum.n.01	None
101338933	wage.n.01	None
101339328	property.n.01	0.988
101340109	ransom.n.01	0.506
101340134	ransom.n.01	0.533
101340206	money.n.01	0.89
101340499	money.n.01	0.94
101341254	money.n.01	0.904
101341300	money.n.01	0.804
101344094	treasure.n.03	0.474
101344117	treasure.n.04	0.369
109732907	food.n.03	0.702
101347208	fund.n.01	0.953
101347441	property.n.01	0.988
101347466	property.n.01	0.992
101350136	wealth.n.01	0.651
101350480	sum.n.01	None
101351415	money.n.01	0.569
101352148	fund.n.01	0.961
101352199	money.n.01	0.943
101354334	money.n.01	0.806
101354760	property.n.01	0.997
101354809	money.n.01	0.93
101354834	money.n.01	0.877
101354880	money.n.01	0.951
101357616	treasure.n.03	0.515
101357637	treasure.n.03	0.468
101357718	treasure.n.03	0.474
101357746	treasure.n.03	0.446
101357792	treasure.n.01	0.358
101361783	money.n.02	0.935
101362674	money.n.02	0.773
101364170	property.n.01	0.987
101365171	money.n.01	0.981
109754475	treasure.n.01	0.647
109754724	money.n.01	0.845
101367885	good.n.03	0.559
101367948	commodity.n.01	0.77
101368141	money.n.01	0.882
101368148	money.n.01	0.974
101368258	money.n.01	0.989
109760194	money.n.01	0.686
101375288	sum.n.01	0.855
101375583	money.n.02	0.644
101376618	wealth.n.03	0.622
109770019	money.n.01	0.873
101382043	money.n.01	0.799
101382075	money.n.02	0.709
101383164	money.n.01	0.948
109774013	fortune.n.02	0.972
101386115	money.n.01	0.822
109774997	money.n.01	0.924
109775158	property.n.01	0.991
109783386	money.n.01	0.803
101397953	money.n.02	0.677
118178239	tribute.n.02	0.918
109791261	rich_people.n.01	None
101402677	money.n.02	0.604
109791373	money.n.01	0.921
101402877	wealth.n.03	0.53
101402899	wealth.n.04	0.797
101402909	wealth.n.01	0.674
101402922	wealth.n.04	0.81
101402937	wealth.n.03	0.6
101402967	wealth.n.04	0.555
101402985	wealth.n.03	0.432
101402992	wealth.n.03	0.443
101403006	wealth.n.04	0.332
101403025	wealth.n.04	0.658
101403053	wealth.n.04	0.864
101403084	wealth.n.03	0.376
101403092	wealth.n.04	0.734
101403104	wealth.n.04	0.971
101403133	wealth.n.04	0.646
101403152	wealth.n.03	0.46
101403175	wealth.n.01	0.377
101403225	wealth.n.03	0.436
101403258	wealth.n.03	0.457
101403313	wealth.n.04	0.754
101403433	wealth.n.04	0.456
118180805	expense.n.01	0.964
101403924	money.n.01	0.632
101403943	money.n.01	0.906
101404052	money.n.01	0.842
101404253	money.n.01	0.586
101404493	wealth.n.04	0.528
101404553	wealth.n.01	0.505
101404612	wealth.n.01	0.45
101408216	money.n.01	0.908
109797476	reward.n.02	0.397
109797561	reward.n.02	0.55
109797582	money.n.01	0.904
109797607	reward.n.02	0.44
101413411	commodity.n.01	0.77
101414169	possession.n.02	0.989
101414189	property.n.01	0.802
101414437	mean.n.01	None
101426511	money.n.02	0.829
101426692	wealth.n.03	0.558
101427568	money.n.01	0.915
101427656	money.n.01	0.869
101428425	money.n.01	0.593
101428727	resource.n.01	0.981
101428781	rich_people.n.01	None
101428825	money.n.01	0.922
101430392	money.n.01	0.789
101433895	money.n.01	0.5
101435751	money.n.01	0.938
101437376	money.n.01	0.917
101437395	money.n.01	0.94
101438262	money.n.01	0.777
101439091	sum.n.01	None
101440857	possession.n.02	0.992
101441122	money.n.01	0.954
109831201	money.n.01	0.652
101445903	treasure.n.01	0.828
101446103	money.n.01	0.764
101446213	possession.n.02	0.867
101446811	person.n.01	0.983
101447397	property.n.01	0.987
109839473	money.n.01	0.949
109839776	rich_people.n.01	None
101452170	property.n.01	0.968
101454108	money.n.01	0.89
101454176	money.n.02	0.574
101456932	wage.n.01	None
101459461	wealth.n.01	0.714
101473439	property.n.01	0.963
101473540	shop.n.01	0.722
101476899	loot.n.01	None
101478120	money.n.01	0.87
101478418	fee.n.01	0.99
101478510	wealth.n.03	0.52
101479074	money.n.01	0.916
101480779	cargo.n.01	None
101483632	property.n.01	0.993
101484216	loot.n.01	None
109873843	money.n.01	0.809
101485533	money.n.01	0.777
101485549	money.n.01	0.912
101487813	property.n.01	0.994
109877488	property.n.01	0.991
101489089	loot.n.01	None
101490381	money.n.01	0.822
101490604	treasure.n.01	0.913
101494401	property.n.01	0.982
101497481	money.n.01	0.706
101498569	property.n.01	0.922
101499837	sum.n.01	0.874
101499870	sum.n.01	None
101501209	money.n.02	0.655
101501322	money.n.01	0.961
101501453	property.n.01	0.989
101501548	property.n.01	0.989
101501733	loot.n.01	None
101501749	loot.n.01	None
101501769	possession.n.02	0.916
109896642	money.n.01	0.903
101508897	belonging.n.01	None
101509082	loot.n.01	None
101510401	money.n.01	0.978
101512110	fund.n.01	0.788
101516530	horde.n.01	0.654
109907373	money.n.01	0.926
109907388	money.n.01	0.982
109907497	property.n.01	0.997
101523681	money.n.01	0.855
101523833	money.n.01	0.869
101523864	fund.n.01	0.696
118302842	money.n.01	0.645
101525649	treasure.n.01	0.927
109914460	property.n.01	0.997
101526282	possession.n.02	0.948
101527814	money.n.01	0.967
118305054	money.n.01	0.896
118305079	money.n.01	0.793
101527919	money.n.01	0.763
101527976	money.n.01	0.759
118305211	money.n.01	0.914
101528020	money.n.01	0.588
101528094	money.n.01	0.692
101528144	money.n.01	0.962
101528228	money.n.02	0.574
101528765	money.n.01	0.982
109917607	money.n.01	0.857
109917729	money.n.01	0.923
101529928	money.n.01	0.849
101529945	money.n.01	0.947
101530690	money.n.01	0.916
101530722	contribution.n.02	0.729
101530785	fund.n.01	0.915
109919409	money.n.01	0.787
109919604	treasure.n.01	0.642
109919616	money.n.01	0.707
109919656	treasure.n.01	0.563
109919675	money.n.02	0.858
109919691	wealth.n.04	0.501
109919714	money.n.01	0.653
109919726	sum.n.01	0.923
101531123	money.n.01	0.899
109919743	money.n.02	0.764
101531254	money.n.01	0.883
101531286	money.n.01	0.849
101531321	money.n.01	0.876
118309624	finance.n.01	0.519
101533666	wealth.n.01	0.655
118312497	wealth.n.01	0.444
118314807	money.n.01	0.885
101538111	wealth.n.03	0.604
109927086	sum.n.01	None
101539085	treasure.n.01	0.891
101539139	treasure.n.01	0.896
109927976	wealth.n.03	0.611
101541500	possession.n.02	0.985
101541524	spoil.n.01	0.951
101543221	spoil.n.01	0.991
118321379	wealth.n.03	0.427
118322389	money.n.01	0.687
118322412	money.n.01	0.942
118323775	wealth.n.03	0.495
101546590	money.n.01	0.896
101547740	treasure.n.03	0.552
101547870	wealth.n.03	0.431
101547928	profit.n.02	0.921
101547998	money.n.01	0.735
101548028	money.n.02	0.795
118326219	mean.n.01	None
118326312	money.n.01	0.922
118328623	wealth.n.01	0.504
101554700	thing.n.04	0.666
109943680	sum.n.01	0.955
118334128	wealth.n.03	0.441
109945605	sum.n.01	None
101557091	belonging.n.01	None
118334363	coffer.n.02	0.987
101557308	money.n.01	0.834
118336932	money.n.01	0.575
101559902	treasure.n.01	0.488
118338426	money.n.01	0.928
118338447	thing.n.08	0.709
101561480	money.n.01	0.68
109950103	treasure.n.04	0.36
101561712	money.n.01	0.922
101561781	money.n.01	0.942
101561839	money.n.01	0.958
101562203	sum.n.01	None
118339509	rich_people.n.01	None
118340537	money.n.01	0.862
101563995	money.n.01	0.981
118341833	thing.n.01	0.382
118342005	possession.n.02	0.981
118342028	wealth.n.01	0.705
118343180	money.n.01	0.861
101570482	loot.n.01	None
101570549	spoil.n.01	0.966
118347821	treasure.n.01	0.577
101571725	share.n.01	0.378
101573220	valuable.n.01	None
101573286	valuable.n.01	None
118350839	bribe.n.01	None
118352838	thing.n.08	0.283
101576275	treasure.n.01	0.613
118353685	accretion.n.01	0.548
101577059	property.n.01	0.996
118355644	money.n.01	0.785
101580576	money.n.01	0.854
101581771	money.n.01	0.969
101581916	wealth.n.01	0.616
101581990	treasure.n.01	0.803
118360940	wealth.n.03	0.497
101584647	wealth.n.03	0.477
101584821	wealth.n.03	0.545
101584932	money.n.01	0.751
118362331	resource.n.01	0.982
101585161	rich_people.n.01	None
118363353	treasure.n.01	0.772
118363438	treasure.n.03	0.543
101587093	spoil.n.01	0.984
118368265	expense.n.01	0.977
118368423	indemnity.n.02	0.473
109980297	money.n.01	0.967
118369388	supply.n.01	0.939
101592654	money.n.01	0.958
118370059	money.n.01	0.729
118370096	property.n.01	0.995
118370184	mean.n.01	None
118372058	money.n.01	0.843
118372639	merchandise.n.01	0.985
101597178	cash.n.01	0.919
101597844	money.n.01	0.929
118376022	money.n.01	0.552
101599117	money.n.01	0.936
101599449	cab.n.03	0.813
118376799	thing.n.07	0.356
101601473	loot.n.01	None
101601519	loot.n.01	None
101601553	price.n.02	0.5
101601568	money.n.02	0.789
101601580	loot.n.01	None
118379612	money.n.01	0.559
118379891	money.n.02	0.525
118379912	wealth.n.03	0.52
118380349	wealth.n.03	0.673
118380540	finance.n.03	0.676
118381721	wealth.n.03	0.492
101604619	money.n.01	0.574
101604779	money.n.01	0.804
101605020	money.n.01	0.918
101605335	money.n.01	0.963
101605386	money.n.01	0.928
101605484	money.n.01	0.929
101606573	money.n.01	0.72
109995453	money.n.01	0.675
109995760	money.n.01	0.852
101607257	coffer.n.02	0.995
101607342	wealth.n.03	0.584
101607458	money.n.01	0.79
101607487	boodle.n.01	0.902
109996206	money.n.01	0.948
109996819	money.n.01	0.691
101608417	money.n.01	0.763
101608500	money.n.01	0.973
101608591	money.n.01	0.675
118386001	commodity.n.01	0.856
109997606	bribe.n.01	None
109997851	sum.n.01	None
101609367	money.n.02	0.671
109998063	money.n.01	0.577
109998498	sum.n.01	None
109999641	supply.n.01	0.964
101611150	commodity.n.01	0.745
118388521	money.n.01	0.962
101611482	money.n.01	0.74
101611514	money.n.02	0.501
118388843	property.n.01	0.994
118388932	money.n.01	0.943
101612509	money.n.01	0.587
101613997	money.n.01	0.945
118392494	money.n.01	0.914
118392513	sum.n.01	0.906
110003944	money.n.01	0.928
101615833	money.n.01	0.617
101615990	ore.n.01	0.998
110004707	money.n.01	0.921
110004766	money.n.01	0.9
118393817	prize.n.01	0.818
110005303	tax_income.n.01	0.886
118394032	wealth.n.03	0.525
118394042	wealth.n.01	0.421
101617300	money.n.01	0.9
101617523	cost.n.01	0.717
110006284	money.n.02	0.655
110006313	money.n.01	0.952
110006455	gold.n.01	0.912
118395135	sum.n.01	None
118395218	money.n.01	0.725
110006639	wealth.n.03	0.495
110006655	money.n.01	0.882
118395285	money.n.01	0.944
110006781	money.n.01	0.921
110007042	money.n.01	0.787
110007497	money.n.01	0.871
118396200	money.n.01	0.952
118396300	money.n.01	0.708
101619288	wealth.n.03	0.525
101619382	wealth.n.01	0.605
118396705	bribery.n.01	None
110009505	money.n.01	0.776
118398342	property.n.01	0.997
118398637	money.n.02	0.561
118398816	wealth.n.03	0.511
118400226	income.n.01	None
110011917	money.n.02	0.553
110012686	money.n.01	0.939
101625087	money.n.01	0.976
110014682	money.n.01	0.873
110014829	food.n.01	0.858
101626415	mean.n.01	None
110015627	gift.n.01	0.558
110015699	money.n.01	0.81
110015819	money.n.01	0.87
110016063	money.n.01	0.954
110016551	treasury.n.06	0.628
110018632	rich_people.n.01	None
110018689	sum.n.01	None
118407694	money.n.01	0.93
110019530	money.n.02	0.616
110021635	money.n.01	0.741
110021660	money.n.01	0.718
110022634	money.n.01	0.944
118411506	sum.n.01	0.855
118412981	sum.n.01	None
118413052	money.n.01	0.435
118413215	money.n.01	0.686
118413443	money.n.01	0.828
118413560	money.n.01	0.853
118414133	deposit.n.06	0.294
110026575	money.n.01	0.862
110026629	money.n.01	0.716
118415540	money.n.01	0.938
110028289	money.n.01	0.965
110028330	money.n.01	0.526
110028423	purse.n.03	0.795
118417568	money.n.01	0.776
118417627	sum.n.01	None
118418370	fund.n.01	0.916
110029964	sum.n.01	None
110030964	money.n.01	0.939
118421205	money.n.02	0.583
110033099	money.n.01	0.961
110034424	money.n.01	0.89
110035203	sum.n.01	None
110035989	money.n.01	0.632
118425494	wealth.n.01	0.656
110037732	money.n.01	0.933
110037911	fund.n.01	0.984
110038122	money.n.01	0.884
110038201	money.n.01	0.818
110038220	money.n.01	0.968
110038366	money.n.01	0.968
110039050	wealth.n.03	0.654
110039239	money.n.01	0.783
110040529	money.n.01	0.977
110041276	fund.n.01	0.972
118433251	money.n.02	0.609
118433829	money.n.01	0.964
110046765	money.n.01	0.943
118436069	rich_people.n.01	None
118442195	wealth.n.01	0.546
101669482	money.n.01	0.73
118452371	rich_people.n.01	None
118452397	wealth.n.03	0.55
101676781	wealth.n.03	0.555
101679693	money.n.02	0.728
118460372	money.n.01	0.847
101684091	wealth.n.03	0.444
101684249	property.n.01	0.997
101684268	money.n.01	0.554
101684275	money.n.01	0.741
118461530	rich_people.n.01	None
118461711	rich_people.n.01	None
118462176	money.n.01	0.897
118463120	rich_people.n.01	None
118464040	wealth.n.03	0.454
101687147	money.n.01	0.993
118464553	money.n.01	0.614
101687433	money.n.01	0.794
101688930	money.n.01	0.713
101689530	money.n.01	0.814
101689543	money.n.02	0.647
101689748	money.n.01	0.654
101689853	money.n.02	0.568
101690411	property.n.01	0.994
101691247	money.n.01	0.716
101691308	money.n.01	0.945
118469560	affluence.n.01	None
118469739	tax_income.n.01	0.876
118469879	mean.n.01	None
118471007	money.n.01	0.867
118474747	fund.n.01	0.939
101697837	money.n.01	0.737
101697846	money.n.01	0.637
118476202	wealth.n.01	0.636
118476277	fund.n.01	0.955
118476494	capital.n.01	None
118477092	reason.n.03	0.506
118483240	wealth.n.03	0.502
118483283	money.n.02	0.705
118483523	estate.n.01	0.994
118484255	wealth.n.01	0.52
118491362	rich_people.n.01	None
118493632	money.n.01	0.73
118496636	wealth.n.01	0.515
118496918	wealth.n.01	0.621
101720630	money.n.01	0.506
101721180	thing.n.08	0.863
118498405	wealth.n.01	0.741
118498426	wealth.n.01	0.544
118498772	property.n.01	0.997
118498790	property.n.01	0.993
118498793	property.n.01	0.984
118502668	net_income.n.01	0.989
118502709	cargo.n.01	None
118504739	money.n.01	0.772
118505674	money.n.01	0.675
118505890	property.n.01	0.997
118505968	property.n.01	0.997
118506159	wealth.n.01	0.717
118506202	money.n.01	0.509
118506585	estate.n.01	0.995
110118397	rich_people.n.01	None
118511673	wealth.n.03	0.469
118512356	wealth.n.01	0.505
118513572	wealth.n.01	0.584
118513695	wealth.n.03	0.461
118514123	commodity.n.01	0.506
118514206	rich_people.n.01	None
118515193	rich_people.n.01	None
118515624	rich_people.n.01	None
101742195	thing.n.08	0.488
101742414	thing.n.08	0.851
101743462	money.n.02	0.556
101746208	thing.n.08	0.753
101748204	hue.n.01	None
101749789	thing.n.08	0.958
110140428	rich_people.n.01	None
101752508	wage.n.01	None
101753661	thing.n.08	0.896
101758611	thing.n.08	0.843
101765639	money.n.01	0.837
101769062	matter.n.01	0.798
101775171	money.n.01	0.946
110167180	money.n.01	0.922
110169937	money.n.01	0.992
110169978	money.n.01	0.968
110182215	money.n.01	0.91
101840609	wealth.n.01	0.566
101851418	money.n.02	0.61
101851849	gold.n.04	0.832
101852149	money.n.01	0.832
118632317	bribe.n.01	None
118633852	fine.n.01	None
110250293	money.n.01	0.781
101861799	money.n.01	0.753
110253850	animal.n.01	0.564
101866247	money.n.01	0.953
101869744	money.n.02	0.865
118649222	present.n.02	1.0
118649681	money.n.01	0.934
118649703	sum.n.01	0.877
118650040	finance.n.01	0.528
118650655	loot.n.01	None
118651617	money.n.01	0.942
118651646	money.n.01	0.974
118651989	money.n.01	0.98
118652463	money.n.01	0.917
118653303	money.n.01	0.934
118653343	sum.n.01	0.914
118659718	wage.n.01	None
118660397	sum.n.01	None
118660433	treasure.n.01	0.661
118661271	rich_people.n.01	None
118661638	money.n.01	0.813
118662644	treasure.n.01	0.695
118665262	public_debt.n.01	None
118665285	money.n.02	0.555
118665846	treasury.n.01	0.917
118667165	sum.n.01	None
118667209	money.n.01	0.939
118667562	fact.n.03	0.616
118673185	ransom.n.01	0.534
118673838	money.n.01	0.729
110285908	treasure.n.01	0.598
110285975	rich_people.n.01	None
118674837	money.n.01	0.975
118674885	money.n.01	0.915
101897782	money.n.02	0.626
101898173	coffer.n.02	0.98
118675962	treasury.n.01	0.969
118676029	sum.n.01	0.859
118676047	money.n.01	0.893
118676071	money.n.01	0.893
118676081	merchant.n.01	None
118676124	money.n.01	0.961
118677735	subsidy.n.01	None
118677746	subsidy.n.01	None
110289929	emolument.n.01	None
118678568	money.n.01	0.939
118678585	money.n.01	0.939
118679244	fund.n.01	0.956
101902208	property.n.01	0.997
101902838	wealth.n.01	0.409
101903038	topic.n.02	0.655
101903620	money.n.01	0.754
101903662	wealth.n.03	0.505
118681106	treasure.n.01	0.826
118682673	treasure.n.01	0.622
118682766	money.n.01	0.882
118682855	money.n.01	0.931
118683378	money.n.01	0.972
118683443	treasure.n.01	0.949
118684418	treasure.n.01	0.547
118684449	sum.n.01	None
118684468	money.n.01	0.647
118684478	estate.n.01	0.685
118684489	money.n.01	0.977
118684528	sum.n.01	None
118686136	weapon.n.01	0.997
118686215	property.n.01	0.994
118686357	money.n.01	0.946
101910372	fee.n.01	0.98
101910387	fee.n.01	0.959
101910495	thing.n.03	0.256
118688215	money.n.01	0.833
118689865	sum.n.01	0.817
118689880	money.n.01	0.961
118689912	sum.n.01	0.942
118689932	money.n.01	0.958
101922956	thing.n.08	0.308
101926077	rich_people.n.01	None
101931197	property.n.01	0.998
101933233	expense.n.01	0.796
101935655	possession.n.02	0.892
101940619	possession.n.02	0.991
118721262	money.n.01	0.949
118721368	boodle.n.01	0.93
118722077	wealth.n.01	0.517
118722144	money.n.01	0.722
118722402	money.n.01	0.927
118722961	money.n.01	0.963
118723611	money.n.01	0.843
101946834	money.n.01	0.627
118726128	money.n.02	0.945
101952241	discipline.n.01	0.732
101957764	money.n.02	0.833
101959023	money.n.01	0.957
101959068	money.n.01	0.973
101959124	money.n.01	0.908
101959769	means.n.03	0.631
101964265	property.n.01	0.994
118749881	money.n.01	0.863
118752555	treasure.n.03	0.508
118752580	money.n.01	0.957
101979009	thing.n.09	0.421
118756641	money.n.01	0.618
118756699	money.n.01	0.814
118756741	money.n.01	0.864
118756826	avarice.n.01	0.548
118756848	money.n.01	0.875
118758166	wealth.n.03	0.604
118758189	wealth.n.03	0.458
118758467	money.n.01	0.948
118760096	money.n.01	0.95
118760203	money.n.01	0.99
118760225	money.n.01	0.893
101986642	property.n.01	0.996
101986720	property.n.01	0.996
101987392	property.n.01	0.998
101987451	property.n.01	0.997
101987533	property.n.01	0.997
101987676	property.n.01	0.998
101988204	property.n.01	0.998
118766060	money.n.01	0.941
118766099	subsidy.n.01	None
101991009	property.n.01	0.846
101991749	money.n.02	0.583
101993949	matter.n.01	0.894
101994008	thing.n.01	0.467
118776305	money.n.01	0.955
102004392	commodity.n.01	0.602
102004465	commodity.n.01	0.841
102005327	wealth.n.01	0.545
118787573	sum.n.01	0.923
102018410	fortune.n.02	0.586
102018952	fee.n.01	0.983
102018971	money.n.02	0.735
118799196	money.n.02	0.648
118799315	wealth.n.01	0.474
102022453	money.n.01	0.555
102022773	money.n.01	0.775
102022822	sum.n.01	None
102022980	money.n.02	0.765
102023040	money.n.02	0.66
102023237	money.n.01	0.817
102023260	money.n.01	0.827
102023421	money.n.01	0.736
102023451	money.n.02	0.819
102023561	money.n.01	0.937
118803237	money.n.01	0.553
118804601	cash.n.01	0.935
118804607	credit.n.02	0.623
102032388	property.n.01	0.996
102033239	money.n.01	0.941
118811826	money.n.01	0.907
102039397	thing.n.08	0.56
118819677	money.n.01	0.928
102046183	money.n.01	0.929
102046850	treasure.n.01	0.715
102047983	wealth.n.03	0.404
102048074	wealth.n.01	0.465
118827412	wealth.n.01	0.518
102050852	money.n.01	0.855
102050898	money.n.01	0.787
102051170	wealth.n.03	0.403
102051206	money.n.01	0.959
102051218	property.n.01	0.994
102054261	money.n.01	0.629
118832168	sum.n.01	None
118832673	possession.n.02	0.969
118833803	money.n.01	0.962
102056777	property.n.01	0.997
102057934	money.n.01	0.621
118835922	money.n.01	0.836
118836089	gain.n.04	0.661
118836234	money.n.01	0.98
118836247	money.n.01	0.979
118836260	money.n.01	0.979
118836345	money.n.01	0.634
118836374	money.n.01	0.638
118836381	money.n.01	0.638
118836402	money.n.01	0.871
118839586	money.n.01	0.909
118839659	money.n.01	0.674
118839949	money.n.01	0.665
102064461	money.n.01	0.556
118844056	money.n.01	0.969
118844097	treasury.n.01	0.898
102067450	wealth.n.03	0.486
118847067	possession.n.02	0.635
102072099	wealth.n.03	0.587
118850589	wealth.n.03	0.43
118850607	money.n.02	0.617
118850725	money.n.02	0.668
118850781	fee.n.01	0.992
118851074	sum.n.01	None
118852604	sum.n.01	None
102076044	thing.n.08	0.554
118854227	creature.n.02	0.532
118854365	wealth.n.03	0.493
118854882	money.n.01	0.781
118855015	sum.n.01	0.923
118855069	money.n.01	0.685
118857284	money.n.01	0.934
118857297	sum.n.01	0.911
118857321	fee.n.01	0.998
118857443	fund.n.01	0.92
118858414	money.n.01	0.955
118858601	sum.n.01	0.827
118858629	money.n.01	0.86
118858647	money.n.01	0.971
118858672	money.n.01	0.873
118860540	money.n.01	0.989
118860568	money.n.01	0.977
102084398	wealth.n.03	0.434
118861830	money.n.02	0.677
118861842	money.n.01	0.708
102084681	wealth.n.03	0.46
118861921	treasure.n.01	0.711
102084792	property.n.01	0.933
102088482	wealth.n.03	0.568
118866971	money.n.01	0.962
102092673	wealth.n.01	0.458
102093344	wealth.n.03	0.477
118874229	profit.n.02	0.732
118874754	money.n.01	0.745
118875360	money.n.02	0.906
118875382	sum.n.01	None
118875439	expense.n.01	0.951
102100304	property.n.01	0.996
118878050	money.n.02	0.898
118880934	money.n.01	0.905
102107153	money.n.01	0.745
102109616	fine.n.01	None
118894985	money.n.01	0.951
118895889	treasure.n.01	0.455
118900597	possession.n.02	0.957
118900669	possession.n.02	0.929
102125870	wealth.n.01	0.642
118904739	thing.n.04	0.638
102128734	wealth.n.03	0.454
102128797	money.n.01	0.92
102129114	wealth.n.01	0.616
102129300	money.n.01	0.668
102129922	money.n.01	0.856
102130197	money.n.01	0.868
102130800	property.n.01	0.997
102130871	money.n.01	0.663
102130898	wealth.n.03	0.433
102130967	wealth.n.01	0.625
102131357	money.n.01	0.581
102133588	money.n.01	0.72
102135707	wealth.n.03	0.483
102135712	wealth.n.03	0.504
102136326	commercial_enterprise.n.02	0.33
102136627	treasure.n.03	0.459
102140816	money.n.01	0.982
102140942	wealth.n.01	0.596
102141107	money.n.01	0.604
102144486	wealth.n.03	0.423
102144750	wealth.n.01	0.592
102144967	possession.n.02	0.983
102150371	wealth.n.03	0.472
118927866	means.n.03	0.908
118928443	money.n.01	0.966
118928509	money.n.01	0.979
118932092	money.n.01	0.976
118935288	money.n.01	0.905
118935291	money.n.01	0.905
118939189	thing.n.02	0.568
118945371	property.n.01	0.994
118946138	wonder.n.02	0.941
118946347	money.n.02	0.601
102198380	money.n.02	0.64
102215872	money.n.01	0.808
102216484	property.n.01	0.976
102216500	wealth.n.01	0.688
102222841	rich_people.n.01	None
102223000	thing.n.08	0.792
102224708	money.n.01	0.944
102224713	sum.n.01	0.841
102226285	wealth.n.03	0.477
102226692	commodity.n.01	0.803
102230612	chattel.n.01	None
102231529	rich_people.n.01	None
102232263	money.n.01	0.982
102232288	money.n.02	0.641
102232315	money.n.01	0.676
102232472	money.n.02	0.575
102232825	property.n.01	0.968
102233146	property.n.01	0.991
102237114	fund.n.01	0.973
102242040	wealth.n.03	0.475
102242054	money.n.02	0.653
102242212	money.n.01	0.815
102242320	money.n.01	0.684
102252972	commodity.n.01	0.561
102260971	commodity.n.01	0.793
102267116	money.n.01	0.983
102267182	commodity.n.01	0.979
102267996	commodity.n.01	0.785
102268136	commodity.n.01	0.848
102268179	commodity.n.01	0.935
102268181	commodity.n.01	0.931
102269178	commodity.n.01	0.516
102269210	money.n.01	0.989
102269259	money.n.01	0.84
102269336	money.n.01	0.978
102272097	money.n.01	0.984
102274107	money.n.01	0.979
102274821	wealth.n.03	0.424
102276457	commodity.n.01	0.759
119063368	wealth.n.01	0.811
119063512	money.n.01	0.8
119063892	wealth.n.01	0.794
119065111	money.n.01	0.927
102289362	commodity.n.01	0.704
102289680	commodity.n.01	0.931
102289843	commodity.n.01	0.874
102290228	commodity.n.01	0.648
102290270	chattel.n.01	None
102291505	wealth.n.03	0.452
102293090	possession.n.02	0.952
102293330	property.n.01	0.992
102293382	commodity.n.01	0.476
102294539	fine.n.01	None
102294940	good.n.03	0.741
119072211	money.n.01	0.732
119072265	wealth.n.03	0.475
102298766	money.n.01	0.933
102299025	property.n.01	0.996
119079216	money.n.01	0.527
119081198	giant.n.05	0.428
102304246	money.n.01	0.925
102305101	good.n.03	0.557
102305151	commodity.n.01	0.593
119087575	wealth.n.01	0.712
119089382	thing.n.08	0.812
102320011	commodity.n.01	0.731
102320068	money.n.01	0.977
102320233	boodle.n.01	0.893
102324396	wealth.n.01	0.389
102325258	money.n.01	0.952
102325447	wealth.n.01	0.678
102329525	income.n.01	None
102329845	property.n.01	0.992
102329886	fund.n.01	0.928
102329926	fund.n.01	0.841
102331109	money.n.01	0.944
102331285	money.n.02	0.833
102331402	money.n.01	0.905
102331595	money.n.01	0.805
102331728	commodity.n.01	0.672
102331782	fund.n.01	0.954
102333108	money.n.01	0.794
102333135	money.n.01	0.858
102335158	money.n.01	0.689
102335178	money.n.01	0.91
102335429	money.n.01	0.719
102335629	money.n.01	0.961
102335722	money.n.01	0.932
102362505	good.n.03	0.466
102366715	wealth.n.03	0.515
102383639	wealth.n.03	0.592
102384743	property.n.01	0.997
102390833	treasure.n.01	0.644
102391100	wealth.n.03	0.461
102394996	gold.n.04	0.964
102397216	poverty.n.01	None
102404351	spoil.n.01	0.982
102406676	heritage.n.01	0.591
102427131	money.n.01	0.694
102428611	money.n.01	0.973
102429723	property.n.01	0.996
102431306	money.n.01	0.96
102440830	fund.n.01	0.977
102440877	wealth.n.03	0.477
102442487	mean.n.01	None
102447710	property.n.01	0.863
102448633	fund.n.01	0.948
102448652	money.n.01	0.861
102448678	money.n.01	0.863
102448735	price.n.02	0.74
102449003	money.n.02	0.559
102449097	money.n.01	0.962
102452824	property.n.01	0.99
102460009	property.n.01	0.998
102461726	money.n.01	0.876
102461751	wealth.n.03	0.475
102464627	property.n.01	0.977
102464755	property.n.01	0.877
102464866	property.n.01	0.901
102466113	money.n.01	0.936
102467141	money.n.01	0.723
102467168	fortune.n.02	0.893
102467319	money.n.01	0.682
102467343	money.n.01	0.682
102467578	fund.n.01	0.897
102467831	money.n.01	0.923
102468105	property.n.01	0.931
102468187	estate.n.01	0.976
110856835	wealth.n.01	0.618
102468383	money.n.01	0.655
110857175	money.n.01	0.658
110857194	money.n.01	0.561
102468666	property.n.01	0.952
110857287	possession.n.02	0.982
110857317	possession.n.02	0.987
102469038	money.n.01	0.615
102469164	money.n.01	0.922
102469640	purse.n.03	0.604
110858446	money.n.01	0.893
102469859	money.n.01	0.933
110858531	wealth.n.03	0.486
110858959	money.n.01	0.889
102470877	sum.n.01	0.852
102471105	sum.n.01	0.903
102471166	money.n.01	0.84
102471206	money.n.01	0.974
102471840	money.n.01	0.78
102471981	estate.n.01	0.977
102472021	fund.n.01	0.898
102472670	money.n.02	0.563
102472977	property.n.01	0.986
102473124	fund.n.01	0.967
102473500	money.n.01	0.653
102476071	money.n.01	0.679
102477024	money.n.02	0.566
102477584	money.n.02	0.584
102477855	bag.n.04	0.403
102481488	payment.n.01	0.869
102481650	money.n.01	0.877
102481662	money.n.01	0.972
102481742	money.n.01	0.934
102482333	payment.n.01	0.652
102482512	money.n.01	0.927
102482674	sum.n.01	0.876
102482898	money.n.01	0.711
102482943	sum.n.01	0.871
102483023	money.n.01	0.652
102483385	fund.n.01	0.92
102483530	money.n.01	0.899
102483577	money.n.01	0.72
102483592	money.n.01	0.512
102483693	fund.n.01	0.955
102483726	property.n.01	0.997
102483819	money.n.01	0.968
102483985	money.n.01	0.822
102484031	money.n.01	0.902
102484141	money.n.02	0.641
102484171	sum.n.01	None
102484220	money.n.01	0.755
102485387	tax_income.n.01	0.899
102485409	tax_income.n.01	0.818
102485582	money.n.01	0.89
102485593	payment.n.01	0.921
102485628	mean.n.01	None
102485879	money.n.01	0.792
102487265	fund.n.01	0.972
102487335	fund.n.01	0.975
102488513	money.n.01	0.773
102488703	fortune.n.02	0.995
102488877	sum.n.01	0.878
102489159	money.n.01	0.836
102489278	money.n.01	0.886
102489384	money.n.01	0.738
102489522	money.n.01	0.917
102489724	sum.n.01	0.864
102489903	money.n.01	0.759
102490021	wealth.n.03	0.502
102490140	money.n.01	0.818
102490148	money.n.01	0.818
102490315	sum.n.01	0.779
102490652	money.n.01	0.535
102491043	money.n.01	0.628
102501227	merchandise.n.01	0.736
102501229	merchandise.n.01	0.742
102512505	function.n.02	0.744
102517006	wealth.n.03	0.489
102517027	wealth.n.03	0.612
103010844	rich_people.n.01	None
103021787	deposit.n.06	0.38
103024069	sum.n.01	None
103024448	contribution.n.02	0.632
103024814	wealth.n.04	0.522
103025412	money.n.01	0.774
103025421	money.n.01	0.55
103025743	tax_income.n.01	0.655
103029224	money.n.01	0.838
103030885	wealth.n.03	0.527
103032367	cost.n.01	0.711
103033382	cost.n.01	0.566
103033537	sum.n.02	0.415
103033786	fund.n.01	0.978
103033819	fund.n.01	0.963
103033920	sum.n.01	0.892
103033997	sum.n.01	0.938
103034112	property.n.01	0.995
103034368	tax_income.n.01	0.958
103035734	sum.n.01	0.87
103038004	supply.n.01	0.883
103040664	money.n.01	0.89
103040811	money.n.01	0.882
103043393	fund.n.01	0.899
103043505	cab.n.03	0.729
103043749	money.n.01	0.894
103044040	fund.n.01	0.973
103045074	fund.n.01	0.952
103045147	expending.n.01	0.549
103045158	money.n.02	0.597
103045527	wealth.n.03	0.498
103045644	wealth.n.03	0.488
103045674	wealth.n.03	0.52
103046712	money.n.01	0.943
103047992	money.n.01	0.85
103049900	bribe.n.01	None
103050045	money.n.01	0.845
103050610	money.n.01	0.942
103052137	supply.n.01	0.933
103052679	wealth.n.03	0.475
103053640	money.n.01	0.939
103053804	expending.n.01	0.503
103053815	money.n.02	0.568
103054381	money.n.01	0.838
103054842	excess.n.01	None
103054851	money.n.01	0.775
103056065	wealth.n.03	0.527
103056137	wealth.n.03	0.469
103056163	wealth.n.03	0.526
103056320	money.n.01	0.757
103057614	money.n.01	0.829
103061358	wealth.n.03	0.404
103061369	tax_income.n.01	0.905
103063674	money.n.01	0.823
103063945	money.n.01	0.764
103064605	sum.n.01	0.645
103064976	money.n.01	0.959
103065018	money.n.01	0.756
103065097	wealth.n.03	0.565
103065209	money.n.02	0.719
103065286	treasure.n.01	0.887
103065316	money.n.01	0.904
103065328	money.n.01	0.812
103065444	wealth.n.01	0.583
103065531	money.n.01	0.843
103065786	sum.n.01	0.924
103069669	fund.n.01	0.963
103071992	property.n.01	0.995
103074552	money.n.01	0.782
103075360	money.n.01	0.76
103076849	money.n.01	0.649
103076967	money.n.01	0.618
103078354	treasure.n.01	0.827
103079576	sum.n.01	0.942
103081490	money.n.01	0.774
103081787	property.n.01	0.854
103082349	gift.n.01	0.818
103088544	money.n.01	0.836
103091885	excess.n.01	None
103092472	money.n.02	0.548
103093482	expending.n.01	0.494
103098186	commerce.n.01	0.898
103098416	estate.n.01	0.956
103100876	treasure.n.01	0.555
103100912	monetary_value.n.01	0.457
103101380	bribe.n.01	None
103108040	bribe.n.01	None
103108313	bribe.n.01	None
103108360	bribe.n.01	None
103109532	money.n.02	0.633
103109823	money.n.01	0.985
103109937	money.n.01	0.905
103110238	bribe.n.01	None
103110600	bribe.n.01	None
103111142	money.n.01	0.956
103112109	money.n.01	0.909
103112137	sum.n.01	0.826
103112445	money.n.01	0.936
103112641	money.n.02	0.534
103113233	sum.n.01	None
103113439	money.n.01	0.957
103115115	money.n.01	0.925
103115237	bribe.n.01	None
103115406	bribe.n.01	None
103116454	money.n.02	0.661
103117024	money.n.01	0.664
103117141	bribe.n.01	None
103117242	hire.n.02	0.931
103118116	money.n.02	0.874
103118178	profit.n.02	0.954
103119118	money.n.01	0.954
103122484	tax.n.01	None
103122586	fund.n.01	0.983
103125246	treasure.n.01	0.803
103125289	treasure.n.01	0.425
103125348	money.n.02	0.879
103125648	money.n.01	0.941
103126504	wealth.n.03	0.434
103126522	money.n.02	0.532
103127269	money.n.01	0.838
103127286	money.n.01	0.71
103127401	money.n.01	0.949
103127430	payment.n.01	0.566
103127462	debt.n.02	0.673
103127502	money.n.01	0.948
103128521	money.n.01	0.8
103128547	wealth.n.03	0.416
103129643	property.n.01	0.986
103129857	fund.n.01	0.9
103130102	gift.n.01	0.722
103131167	money.n.01	0.841
103132590	treasure.n.01	0.955
103135534	money.n.02	0.559
103140103	sum.n.01	None
103143633	money.n.02	0.842
103148016	wealth.n.01	0.469
103148148	wealth.n.01	0.416
103150128	money.n.01	0.615
103151845	money.n.01	0.921
103151910	money.n.01	0.862
103154092	money.n.01	0.773
103157329	wealth.n.03	0.422
103157524	bribe.n.01	None
103158532	money.n.01	0.681
103160156	money.n.02	0.604
103161276	money.n.01	0.946
103161372	debt.n.02	0.668
103162239	sum.n.01	None
103162624	sum.n.01	None
103162976	money.n.01	0.908
103163022	money.n.01	0.774
103163330	money.n.01	0.935
103163531	money.n.01	0.948
103163831	money.n.01	0.708
103164712	money.n.01	0.619
103164821	rich_people.n.01	None
103167052	money.n.01	0.942
103167610	money.n.01	0.963
103168427	commodity.n.01	0.823
103168459	property.n.01	0.999
103169850	ransom.n.01	0.575
103174062	money.n.01	0.644
103179345	money.n.01	0.946
103182332	money.n.01	0.843
103183689	money.n.01	0.769
103183828	money.n.01	0.892
103183925	money.n.01	0.718
103183948	treasure.n.01	0.608
103184046	money.n.01	0.829
103184065	property.n.01	0.995
103184124	owner.n.02	0.889
103184151	property.n.01	0.978
103184191	money.n.01	0.874
103184268	money.n.01	0.808
103184397	debt.n.02	0.884
103184434	money.n.01	0.873
103188112	money.n.01	0.755
103189829	fund.n.01	0.966
103190915	money.n.01	0.635
103190980	tax_income.n.01	0.875
103192042	income.n.01	None
103192054	money.n.01	0.812
103192172	sum.n.01	None
103192627	property.n.01	0.994
103192946	damages.n.01	0.771
103192999	due.n.02	0.927
103193560	loot.n.01	None
103193788	debt.n.01	0.496
103193994	money.n.01	0.959
103194155	money.n.01	0.511
103195952	money.n.01	0.815
103196565	debt.n.02	0.577
103196637	money.n.01	0.942
103196848	money.n.01	0.748
103197095	money.n.01	0.92
103197732	money.n.01	0.747
103197844	rich_people.n.01	None
103198149	money.n.01	0.928
103205786	money.n.01	0.972
103207618	money.n.01	0.937
103210623	estate.n.01	0.949
103211100	sum.n.01	0.478
103213101	money.n.01	0.913
103213505	sum.n.01	0.907
103213826	estate.n.01	0.98
103213880	sum.n.01	None
103214227	money.n.01	0.501
103214330	property.n.01	0.992
103214369	money.n.01	0.598
103214515	property.n.01	0.997
103214631	sum.n.01	0.889
103214756	money.n.01	0.78
103214812	money.n.01	0.78
103214884	property.n.01	0.994
103215266	money.n.01	0.545
103215315	fund.n.01	0.909
103215759	property.n.01	0.988
103215933	property.n.01	0.989
103215986	property.n.01	0.935
103216565	property.n.01	0.995
103216627	estate.n.01	0.992
103217106	money.n.01	0.861
103217849	property.n.01	0.997
103217937	sum.n.01	0.726
103218002	money.n.01	0.908
103218585	money.n.01	0.814
103219403	account.n.07	0.656
103219496	property.n.01	0.996
103219582	money.n.02	0.631
103219608	sum.n.01	0.877
103219941	money.n.01	0.66
103220246	property.n.01	0.981
103220436	estate.n.01	0.854
103220571	estate.n.01	0.962
103220658	money.n.01	0.673
103220711	money.n.01	0.948
103220728	property.n.01	0.981
103220798	property.n.01	0.993
103220837	money.n.02	0.577
103220994	money.n.01	0.595
103221139	sum.n.01	0.747
103221514	sum.n.01	0.839
103221735	estate.n.01	0.815
103221776	property.n.01	0.96
103222184	money.n.01	0.75
103222267	property.n.01	0.906
103224191	commodity.n.01	0.805
103224225	effect.n.05	0.397
103224646	sum.n.01	0.924
103225318	property.n.01	0.989
103225921	money.n.01	0.934
103225950	money.n.01	0.917
103226212	money.n.01	0.827
103226446	money.n.01	0.9
103226492	money.n.01	0.907
103226669	money.n.01	0.984
103226675	money.n.01	0.963
103227184	commodity.n.01	0.947
103227236	property.n.01	0.996
103227464	money.n.01	0.891
103228346	money.n.01	0.962
103228765	money.n.01	0.97
103230888	money.n.01	0.984
103230938	money.n.01	0.515
103231101	money.n.01	0.966
103231284	commodity.n.01	0.973
103231358	commodity.n.01	0.954
103231436	money.n.01	0.927
103231456	commodity.n.01	0.928
103231662	commodity.n.01	0.916
103231994	commodity.n.01	0.945
103232102	commodity.n.01	0.941
103232281	commodity.n.01	0.956
103232414	commodity.n.01	0.953
103232424	money.n.01	0.982
103232506	sum.n.01	0.868
103232690	commodity.n.01	0.972
103232755	lender.n.01	None
103233123	money.n.01	0.916
103233160	commodity.n.01	0.975
103233185	commodity.n.01	0.955
103233431	money.n.01	0.869
103233548	money.n.01	0.762
103233673	sum.n.01	0.923
103234092	money.n.01	0.934
103234442	loan.n.01	0.999
103234614	money.n.01	0.975
103234716	money.n.01	0.883
103234740	money.n.01	0.924
103234815	money.n.01	0.947
103234939	money.n.01	0.917
103235063	money.n.01	0.952
103235197	commodity.n.01	0.924
103235214	commodity.n.01	0.927
103235408	commodity.n.01	0.96
103235532	money.n.01	0.854
103235635	money.n.01	0.858
103235685	money.n.01	0.881
103235834	money.n.01	0.971
103236077	sum.n.01	0.886
103236171	commodity.n.01	0.873
103236200	money.n.01	0.816
103236285	money.n.01	0.978
103236407	money.n.01	0.926
103236693	commodity.n.01	0.807
103236742	commodity.n.01	0.83
103236763	commodity.n.01	0.48
103236965	money.n.01	0.89
103237252	commodity.n.01	0.898
103237349	money.n.01	0.933
103237442	money.n.01	0.861
103237631	money.n.01	0.875
103237680	money.n.01	0.93
103237708	money.n.01	0.956
103237788	money.n.01	0.93
103237995	money.n.01	0.973
103238038	money.n.01	0.945
103238185	money.n.01	0.969
103238248	money.n.02	0.514
103238278	money.n.01	0.915
103238306	money.n.01	0.956
103238465	money.n.01	0.914
103238487	money.n.01	0.93
103238573	money.n.01	0.95
103238608	money.n.01	0.978
103238643	money.n.01	0.946
103238679	money.n.01	0.945
103238701	money.n.01	0.801
103239173	sum.n.01	0.881
103239281	fund.n.01	0.982
103239306	fund.n.01	0.978
103239530	capital.n.01	0.526
103239560	money.n.01	0.978
103240177	sum.n.01	None
103240947	wealth.n.03	0.437
103241481	sum.n.01	0.902
103241685	fund.n.01	0.959
103241747	property.n.01	0.989
103242692	wealth.n.01	0.52
103242706	money.n.01	0.889
103243083	fund.n.01	0.862
103243109	sum.n.01	0.821
103244331	money.n.01	0.699
103244351	sum.n.01	0.872
103244375	money.n.01	0.954
103244448	money.n.01	0.937
103247841	money.n.01	0.92
103247973	sum.n.01	0.685
103248005	sum.n.01	0.883
103248086	sum.n.01	0.787
103248308	money.n.01	0.856
103248325	money.n.01	0.86
103248412	price.n.02	0.724
103248436	money.n.01	0.926
103248447	money.n.01	0.939
103248503	fund.n.01	0.938
103248674	money.n.01	0.884
103248746	money.n.01	0.88
103248775	money.n.01	0.93
103248933	money.n.01	0.981
103248950	money.n.01	0.975
103249159	estate.n.01	0.989
103249248	talent.n.02	0.535
103249432	money.n.01	0.92
103249584	sum.n.01	0.784
103251493	property.n.01	0.99
103254989	money.n.01	0.804
103255022	money.n.01	0.703
103255933	money.n.01	0.851
103255993	fund.n.01	0.894
103261866	wealth.n.01	0.439
103263853	property.n.01	0.994
103266834	property.n.01	0.987
103267480	property.n.01	0.992
103267487	property.n.01	0.999
103270793	property.n.01	0.908
103275023	property.n.01	0.985
103275197	money.n.01	0.9
103276950	property.n.01	0.996
103277189	money.n.01	0.867
103277445	asset.n.01	None
103277458	sum.n.01	0.778
103277699	money.n.01	0.851
103277906	sum.n.01	0.935
103280337	money.n.01	0.761
103280459	sum.n.01	0.889
103280565	property.n.01	0.995
103280578	money.n.01	0.824
103280929	money.n.01	0.847
103281063	sum.n.01	0.855
103282237	property.n.01	0.998
103282922	money.n.01	0.557
103283085	money.n.01	0.969
103283132	estate.n.01	0.96
103283596	money.n.01	0.967
103283613	money.n.01	0.961
103283680	money.n.02	0.621
103292347	money.n.01	0.969
103294242	sum.n.01	None
103294361	money.n.01	0.782
103294411	sum.n.01	0.859
103294722	money.n.01	0.924
103294788	fund.n.01	0.987
103295100	fund.n.01	0.974
103295570	money.n.01	0.964
103296084	article.n.02	0.989
103299665	cab.n.03	0.857
103303948	fortune.n.02	0.591
103306276	commodity.n.01	0.871
103306448	money.n.01	0.917
103306717	property.n.01	0.993
103306774	money.n.01	0.983
103307516	sum.n.01	0.877
103309443	sum.n.01	0.924
103310536	money.n.01	0.97
103317071	money.n.01	0.982
103317130	money.n.01	0.812
103317179	money.n.01	0.874
103317234	money.n.01	0.751
103317410	money.n.01	0.894
103317511	stuff.n.02	0.87
103318227	sum.n.01	0.82
103318287	capital.n.02	0.786
103318311	money.n.01	0.903
103318403	money.n.01	0.871
103318434	money.n.01	0.925
103318487	money.n.01	0.958
103318516	sum.n.01	0.931
103318529	debt.n.02	0.809
103318601	commodity.n.01	0.805
103318654	money.n.01	0.897
103318823	commodity.n.01	0.93
103319047	sum.n.01	0.903
103319454	money.n.01	0.961
103319571	net_income.n.01	0.993
103319583	money.n.01	0.836
103319858	sum.n.01	0.807
103319890	sum.n.01	0.877
103319904	money.n.01	0.953
103320045	loan.n.01	0.999
103320369	principal.n.01	0.826
103320418	sum.n.01	0.931
103322528	money.n.01	0.838
103327074	money.n.01	0.805
103328398	money.n.01	0.883
103328608	estate.n.01	0.992
103330386	money.n.01	0.892
103331035	money.n.01	0.894
103331870	money.n.01	0.914
103331936	possession.n.02	0.576
103331956	possession.n.02	0.576
103332008	fund.n.01	0.949
103339638	bribe.n.01	None
103342226	wealth.n.03	0.387
103343081	money.n.01	0.809
103343456	money.n.01	0.639
103349629	money.n.01	0.78
103361720	bribe.n.01	None
103361757	sum.n.01	0.959
103362045	money.n.01	0.861
103363667	money.n.01	0.699
103363705	sum.n.01	0.768
103365734	fund.n.01	0.845
103366579	property.n.01	0.99
103400861	money.n.01	0.926
103405251	treasure.n.01	0.395
103405264	fund.n.01	0.888
103406258	money.n.01	0.537
103407039	money.n.01	0.971
103410371	fund.n.01	0.981
103411337	money.n.01	0.853
103411882	fund.n.01	0.983
103412123	fund.n.01	0.971
103414489	expending.n.01	0.642
103417442	store.n.02	0.577
103417466	money.n.01	0.901
103417559	money.n.01	0.831
103418706	money.n.01	0.923
103418757	money.n.01	0.889
103419199	money.n.02	0.788
103420116	money.n.01	0.964
103420152	money.n.01	0.956
103421551	wage.n.01	None
103423057	money.n.01	0.726
103423463	money.n.01	0.962
103423902	dowry.n.01	None
103427091	resource.n.02	0.462
103429564	money.n.01	0.962
103435177	wealth.n.03	0.408
103436298	money.n.01	0.93
103436502	money.n.02	0.514
103436764	money.n.01	0.657
103436811	money.n.01	0.952
103437068	money.n.01	0.962
103437102	money.n.01	0.872
103437155	money.n.01	0.959
103437949	money.n.01	0.895
103438667	money.n.01	0.93
103440005	bribe.n.01	None
103440605	money.n.01	0.698
103441519	bribe.n.01	None
103441828	gold.n.03	0.471
103442201	money.n.01	0.706
103442633	bribe.n.01	None
103442679	money.n.01	0.869
103443016	money.n.01	0.731
103443385	bribe.n.01	None
103443798	bribe.n.01	None
103443950	profit.n.02	0.873
103444045	money.n.01	0.944
103444847	bribe.n.01	None
103444933	money.n.01	0.961
103446264	money.n.01	0.812
103446316	bribe.n.01	None
103446358	money.n.01	0.948
103446382	money.n.01	0.828
103446480	money.n.01	0.971
103446744	money.n.01	0.906
103446806	bribe.n.01	None
103446981	gold.n.01	0.781
103447453	monetary_value.n.01	0.362
103447810	bribe.n.01	None
103447838	bribe.n.01	None
103448160	money.n.01	0.518
103452482	money.n.01	0.944
103454069	bribe.n.01	None
103455324	expense.n.01	0.96
103455664	money.n.01	0.915
103455721	bribe.n.01	None
103456420	money.n.01	0.929
103456972	money.n.01	0.621
103457195	money.n.01	0.711
103457204	money.n.01	0.805
103457228	money.n.01	0.513
103457279	money.n.01	0.952
103457494	money.n.01	0.851
103457536	money.n.01	0.905
103457614	bribe.n.01	None
103457695	money.n.01	0.734
103457759	money.n.01	0.894
103457779	commerce.n.01	0.969
103457915	money.n.01	0.752
103458869	money.n.01	0.866
103462848	belonging.n.01	None
103463026	cargo.n.01	None
103463141	bribe.n.01	None
103463694	money.n.01	0.861
103464471	property.n.01	0.994
103591987	wealth.n.01	0.672
103593328	money.n.01	0.915
103594504	fund.n.01	0.95
103595534	money.n.01	0.655
103595565	sum.n.01	0.655
103595901	wealth.n.03	0.451
103597531	tax_income.n.01	0.821
103597708	money.n.02	0.729
103597722	money.n.02	0.729
103597769	fund.n.01	0.981
103597836	finance.n.01	0.523
103599443	money.n.01	0.938
103599957	money.n.01	0.97
103600154	money.n.01	0.923
103601421	treasure.n.01	0.469
103601718	money.n.01	0.894
103602011	money.n.01	0.795
103602257	sum.n.01	None
103602285	installment.n.03	0.73
103602305	sum.n.01	0.853
103602337	installment.n.03	0.758
103607740	commodity.n.01	0.823
103666829	money.n.01	0.693
103680368	wealth.n.04	0.44
103680471	wealth.n.03	0.508
103680479	wealth.n.01	0.723
103680917	wealth.n.03	0.441
103685686	wealth.n.01	0.433
103690629	money.n.01	0.707
103695690	wealth.n.03	0.497
120551746	money.n.01	0.904
120552784	money.n.01	0.962
120552903	money.n.01	0.598
120553542	money.n.01	0.944
120554444	money.n.01	0.889
120639823	property.n.01	0.996
120661313	money.n.01	0.832
120751648	fund.n.01	0.985
120752514	property.n.01	0.987
120752613	money.n.01	0.952
120755654	money.n.01	0.861
120756507	money.n.01	0.935
120760489	money.n.01	0.902
120761295	money.n.02	0.655
120761414	money.n.01	0.845
120761892	money.n.01	0.933
120764086	money.n.01	0.949
120766483	money.n.01	0.914
120766503	money.n.01	0.934
120768297	fund.n.01	0.98
120770817	money.n.01	0.811
120775361	money.n.01	0.541
120777391	money.n.02	0.85
120778942	money.n.01	0.861
120779295	money.n.01	0.917
112391766	thing.n.01	0.249
120780398	money.n.01	0.801
120780972	fund.n.01	0.972
120781645	money.n.02	0.684
120786083	property.n.01	0.951
120788042	money.n.01	0.886
120789506	money.n.01	0.991
120790803	property.n.01	0.996
120790843	money.n.01	0.959
120791037	property.n.01	0.995
104041263	money.n.01	0.5
120840909	wealth.n.03	0.524
104075424	thing.n.08	0.883
104088029	thing.n.08	0.952
104149405	gold.n.03	0.716
104155455	thing.n.03	0.352
104164003	property.n.01	0.983
104165111	treasury.n.01	0.926
104165266	fund.n.01	0.965
104165444	fund.n.01	0.853
104165537	money.n.01	0.874
104165638	fund.n.01	0.969
104165701	fund.n.01	0.939
104165749	money.n.01	0.743
104165815	treasury.n.01	0.899
104165829	fund.n.01	0.989
104165935	money.n.01	0.951
104166034	fund.n.01	0.967
104166076	money.n.01	0.737
104166085	sum.n.01	None
104166103	fund.n.01	0.916
104166199	fund.n.01	0.904
104166246	money.n.01	0.91
104166417	sum.n.01	0.892
104166429	fund.n.01	0.93
104166450	money.n.01	0.732
104166481	money.n.01	0.962
104166582	sum.n.01	0.863
104166589	fund.n.01	0.953
104166739	fund.n.01	0.979
104166841	fund.n.01	0.947
104166885	fund.n.01	0.961
104166994	fund.n.01	0.929
104167008	money.n.01	0.954
104167102	fund.n.01	0.92
104167238	fund.n.01	0.816
104167254	property.n.01	0.988
104167285	expense.n.01	0.932
104167320	sum.n.01	0.902
104167352	money.n.01	0.982
104167525	fund.n.01	0.96
104167547	fund.n.01	0.969
104167570	loan.n.01	0.999
104167754	sum.n.01	0.828
104167766	money.n.01	0.919
104167798	money.n.01	0.973
104167916	money.n.01	0.942
104168054	fund.n.01	0.976
104168094	money.n.01	0.919
104168247	money.n.01	0.975
104168280	money.n.02	0.849
104168287	loan.n.01	1.0
104168343	loan.n.01	0.999
104168407	fund.n.01	0.899
104168451	fund.n.01	0.928
104168586	money.n.01	0.974
104168746	fund.n.01	0.945
104168863	payment.n.02	0.636
104169059	money.n.01	0.93
104169092	sum.n.01	0.854
104169318	money.n.01	0.93
104169353	fund.n.01	0.978
104169560	tax_income.n.01	0.767
104300742	money.n.01	0.787
104301314	commodity.n.01	0.616
104301925	wealth.n.03	0.488
104302056	commodity.n.01	0.91
104302150	commodity.n.01	0.901
104302375	wealth.n.01	0.458
104302621	wealth.n.03	0.58
104303222	money.n.01	0.915
104303260	money.n.01	0.644
104303323	fund.n.01	0.985
104303384	money.n.01	0.782
104309856	money.n.02	0.611
104320857	wealth.n.01	0.631
104340630	property.n.01	0.983
104341099	money.n.01	0.918
104341303	money.n.01	0.958
104344564	fund.n.01	0.974
104346114	money.n.01	0.805
104348892	fund.n.01	0.86
104349387	property.n.01	0.992
104355891	rich_people.n.01	None
104360251	money.n.01	0.942
121178058	housework.n.01	None
121178448	money.n.01	0.923
121191344	money.n.01	0.718
121191742	money.n.01	0.965
121193464	money.n.01	0.934
121193650	money.n.01	0.735
121198939	money.n.02	0.686
121233282	money.n.01	0.946
104469336	wealth.n.01	0.52
104471575	money.n.01	0.632
104474077	wealth.n.01	0.469
104474368	money.n.01	0.961
104475736	money.n.01	0.966
104476103	wealth.n.01	0.538
104478726	money.n.01	0.539
104482360	money.n.01	0.935
104483619	money.n.01	0.668
104487090	money.n.01	0.703
104487356	money.n.01	0.945
104495142	wealth.n.01	0.461
104497543	bribe.n.01	None
121276645	money.n.01	0.813
121276790	money.n.02	0.725
104499970	rich_people.n.01	None
104506979	money.n.01	0.924
121287477	money.n.01	0.937
104514398	money.n.01	0.918
121343749	wealth.n.01	0.583
121345134	money.n.01	0.923
121345236	money.n.01	0.828
121345502	money.n.01	0.94
121345662	treasure.n.01	0.545
104575050	money.n.01	0.964
104575060	money.n.01	0.54
104575079	money.n.01	0.929
104597754	money.n.01	0.744
121388594	organism.n.01	0.994
121477250	sum.n.01	None
121477880	sum.n.01	None
121497871	thing.n.08	0.889
121517517	rich_people.n.01	None
121517543	wealth.n.03	0.505
104866269	possession.n.02	0.951
113300131	money.n.01	0.761
113302103	money.n.01	0.909
113315102	money.n.01	0.959
113326875	price.n.02	0.558
113335479	wealth.n.03	0.506
113335635	wealth.n.01	0.519
113341237	rate.n.02	0.984
113360015	wealth.n.01	0.489
113362838	treasure.n.01	0.79
113364387	wealth.n.01	0.671
113370785	price.n.02	0.405
113379231	money.n.01	0.525
113384331	mass.n.05	0.713
113394650	thing.n.08	0.866
113398143	work.n.02	None
113402093	money.n.01	0.948
113404786	article.n.02	0.972
113412057	wealth.n.01	0.533
113424684	matter.n.01	0.829
113425168	bribe.n.01	None
113426867	thing.n.07	0.224
105041542	shop.n.01	0.544
105042614	tax_income.n.01	0.909
105043088	bribe.n.01	None
113436142	money.n.02	0.648
113436174	wealth.n.01	0.69
105056479	wealth.n.01	0.431
105056505	wealth.n.01	0.658
113450926	money.n.01	0.872
105068246	money.n.01	0.938
113463143	money.n.01	0.793
113463283	wealth.n.01	0.525
113469751	apparition.n.01	0.655
105081605	cash.n.01	0.81
113488835	money.n.02	0.539
113489341	measure.n.02	0.521
113490478	sum.n.01	None
113490595	money.n.02	0.8
113496223	income.n.01	None
113509446	money.n.01	0.886
113524124	money.n.01	0.953
105137097	money.n.01	0.657
113526382	boodle.n.01	0.848
113526414	wealth.n.01	0.653
105138172	money.n.01	0.785
105138668	money.n.01	0.968
105138719	money.n.01	0.933
113527807	thing.n.01	0.461
113528090	object.n.04	0.628
113529347	thing.n.03	0.367
105144644	bribe.n.01	None
105162703	sum.n.01	0.861
105163048	sum.n.01	0.89
105168795	sum.n.01	0.829
105168928	sum.n.01	0.917
105170097	money.n.01	0.76
105170105	money.n.01	0.76
105172006	valuable.n.01	None
105172949	sum.n.01	0.874
105173472	tribute.n.02	0.537
113567187	money.n.01	0.538
105187706	loot.n.01	None
105193800	money.n.01	0.965
105193950	money.n.01	0.81
113597548	money.n.01	0.844
113597679	money.n.02	0.786
105209865	fund.n.01	0.958
105215378	sum.n.01	0.958
113608179	money.n.02	0.803
105226252	money.n.01	0.981
113626336	money.n.01	0.53
105238362	money.n.01	0.941
105243589	money.n.01	0.938
105248185	money.n.01	0.969
113640584	measure.n.02	0.826
105253193	sum.n.01	0.865
113642368	gold.n.03	0.746
113644161	coin.n.01	None
105256768	money.n.02	0.598
122626729	money.n.01	0.965
105261318	money.n.02	0.628
113656255	money.n.01	0.603
113656697	property.n.01	0.996
113657901	money.n.01	0.831
113660915	money.n.01	0.957
105272406	money.n.01	0.963
113662465	money.n.01	0.805
105274296	sum.n.01	None
105274946	fund.n.01	0.924
113667293	money.n.01	0.581
113667328	money.n.01	0.847
113667407	money.n.01	0.91
113667476	money.n.01	0.895
113668062	money.n.01	0.943
113668657	money.n.01	0.932
113668911	money.n.01	0.668
113670207	money.n.01	0.935
105281725	thing.n.01	0.369
105283382	quality.n.01	0.884
105284354	fund.n.01	0.944
113673049	money.n.01	0.867
113673068	money.n.02	0.883
105284687	sum.n.01	None
105286696	sum.n.01	0.846
113675714	money.n.01	0.922
113675806	money.n.01	0.653
113679484	money.n.02	0.638
113679525	money.n.01	0.915
113679841	money.n.01	0.528
113679997	money.n.01	0.729
113680021	money.n.01	0.666
113681188	treasury.n.01	0.762
113681199	money.n.01	0.768
113681595	money.n.01	0.889
113681714	money.n.01	0.893
113681734	money.n.01	0.842
113681739	money.n.01	0.842
113681804	money.n.01	0.67
113681847	money.n.01	0.814
105294065	money.n.01	0.94
105296703	product.n.02	0.801
105297712	money.n.01	0.973
105299824	treasure.n.01	0.805
113689335	money.n.01	0.769
105304621	money.n.02	0.567
105308292	fund.n.01	0.968
105312969	money.n.01	0.952
105314157	money.n.02	0.498
113707362	money.n.01	0.912
113710262	money.n.01	0.556
105324380	money.n.01	0.938
113717520	money.n.02	0.735
105340146	money.n.01	0.827
113730268	money.n.01	0.758
113734516	money.n.01	0.676
105350684	money.n.01	0.919
105352367	money.n.01	0.906
105361232	fund.n.01	0.977
105361544	finance.n.03	0.579
105369914	expense.n.01	0.978
105370022	money.n.01	0.836
105374976	sum.n.01	0.929
105380410	money.n.01	0.799
105382725	money.n.01	0.854
105383983	sum.n.01	0.918
105384021	sum.n.01	0.711
105392332	money.n.01	0.913
105392348	sum.n.01	0.882
105393578	property.n.01	0.995
105394078	money.n.01	0.984
105394099	money.n.01	0.923
105394311	sum.n.01	0.84
105395024	money.n.01	0.902
105395114	money.n.01	0.916
105397139	sum.n.01	0.893
105397196	money.n.01	0.95
105397240	money.n.01	0.974
105397479	sum.n.01	0.799
105404445	fund.n.01	0.982
105404495	money.n.01	0.741
105409282	money.n.01	0.894
105412751	sum.n.01	0.922
105413562	money.n.01	0.94
105416041	money.n.01	0.827
105416487	money.n.01	0.9
105416645	money.n.01	0.938
105416729	money.n.01	0.884
105418959	money.n.02	0.537
105419518	money.n.01	0.88
105419638	money.n.01	0.911
105419720	money.n.01	0.873
105419938	money.n.01	0.951
105420697	money.n.01	0.938
105420873	sum.n.01	None
105420897	sum.n.01	0.95
105420925	money.n.01	0.864
105420938	money.n.01	0.918
105421001	money.n.01	0.933
105430726	sum.n.01	0.893
105432824	money.n.01	0.856
105436020	money.n.01	0.961
105437113	money.n.01	0.891
105437555	dowry.n.01	None
105437630	money.n.01	0.908
105437759	sum.n.01	0.647
105437823	sum.n.01	0.757
105438141	sum.n.01	0.904
105440336	money.n.01	0.939
105441088	money.n.01	0.885
105442524	money.n.02	0.606
105442584	money.n.01	0.734
105442626	money.n.01	0.582
105442724	sum.n.01	0.941
105674080	money.n.01	0.918
105675041	money.n.01	0.945
105675600	money.n.01	0.906
105676039	wealth.n.01	0.798
105676732	money.n.01	0.913
105677250	money.n.01	0.975
105677306	money.n.01	0.925
105677337	sum.n.01	None
105677386	money.n.01	0.949
105687256	money.n.01	0.847
105687573	property.n.01	0.987
105821689	sum.n.01	None
105821831	money.n.02	0.724
105822560	money.n.01	0.711
105822831	money.n.01	0.846
105822941	money.n.01	0.722
105824969	money.n.02	0.592
105825024	money.n.02	0.829
105825357	money.n.01	0.954
105826310	money.n.01	0.807
105826389	money.n.01	0.94
105826416	money.n.01	0.797
105827035	money.n.01	0.951
105827052	money.n.01	0.962
105827065	money.n.01	0.971
105827090	money.n.01	0.912
105827119	money.n.01	0.984
122606696	thing.n.08	0.978
122614318	money.n.01	0.955
122615561	wealth.n.01	0.403
122616839	money.n.01	0.983
122620365	thing.n.08	0.922
122622454	present.n.02	1.0
122625466	money.n.01	0.955
122627316	money.n.01	0.791
122628259	money.n.01	0.959
122633587	money.n.01	0.899
122645415	money.n.01	0.82
122645476	money.n.01	0.946
122645643	money.n.01	0.889
122645696	resource.n.01	0.741
122645816	money.n.01	0.626
122651516	sum.n.01	None
122667631	money.n.02	0.593
122669661	money.n.01	0.969
122675889	fortune.n.02	0.988
122713931	thing.n.08	0.874
122718160	thing.n.08	0.43
122742662	tax_income.n.01	0.833
122742854	money.n.01	0.579
122762531	thing.n.08	0.904
106113229	thing.n.01	0.259
106116172	glory.n.01	0.934
106130769	money.n.01	0.775
106134819	rich_people.n.01	None
106201468	money.n.01	0.603
106207140	money.n.02	0.507
106208338	wealth.n.03	0.547
106208399	rich_people.n.01	None
114604274	commodity.n.01	0.93
114604936	money.n.01	0.923
106237509	thing.n.09	0.261
106240300	money.n.01	0.988
106241957	property.n.01	0.992
106249212	thing.n.01	0.325
114643791	thing.n.04	0.522
114643864	commodity.n.01	0.943
114645431	thing.n.08	0.668
114645841	money.n.01	0.83
114647162	money.n.01	0.912
114649801	wealth.n.03	0.591
114665555	wealth.n.01	0.632
114665588	wealth.n.01	0.57
106283623	money.n.02	0.643
106286958	money.n.02	0.573
106298553	thing.n.08	0.875
106314718	money.n.02	0.628
106315352	wealth.n.03	0.505
106348939	money.n.01	0.587
106362362	treasure.n.01	0.402
106383482	cab.n.03	0.859
123168625	worth.n.02	0.983
106393511	tax_income.n.01	0.994
106408973	money.n.01	0.765
106416344	money.n.01	0.933
106417831	money.n.01	0.867
106444812	money.n.01	0.938
106444892	money.n.01	0.772
106450534	thing.n.04	0.496
106452083	money.n.01	0.877
123248363	thing.n.08	0.734
106471821	money.n.01	0.759
123254508	worth.n.02	0.945
123265179	money.n.01	0.792
106496992	money.n.01	0.969
106498277	thing.n.03	0.532
106501418	money.n.01	0.977
106505797	property.n.01	0.998
106514959	money.n.01	0.958
106521206	money.n.01	0.769
106530189	money.n.01	0.807
106532548	money.n.01	0.65
106537330	money.n.01	0.785
106538069	money.n.01	0.822
106544062	money.n.01	0.883
106544224	money.n.01	0.783
123322097	rich_people.n.01	None
123334043	fine.n.01	None
123336533	money.n.01	0.834
123344824	sum.n.01	None
106569819	money.n.01	0.762
106577743	sum.n.01	0.808
106578670	money.n.01	0.979
106582036	treasure.n.01	0.549
106585255	topic.n.02	0.799
106586371	money.n.01	0.814
114986365	treasure.n.01	0.831
114986448	treasure.n.01	0.786
114988827	money.n.01	0.93
114989803	money.n.01	0.923
114990117	money.n.01	0.752
114990574	money.n.01	0.925
106734513	sum.n.01	None
106742878	money.n.01	0.922
106747106	sum.n.01	None
106747840	money.n.01	0.856
106748538	wealth.n.01	0.607
106748744	money.n.01	0.794
106749504	money.n.01	0.973
123528418	avarice.n.02	0.552
106751845	money.n.01	0.635
106751880	fund.n.01	0.911
106752065	property.n.01	0.984
106754105	money.n.01	0.812
106755134	money.n.01	0.924
106755168	money.n.01	0.983
106758748	bribe.n.01	None
123536852	property.n.01	0.995
123538519	money.n.01	0.902
106763048	property.n.01	0.99
106763170	estate.n.01	0.99
106764703	money.n.01	0.774
106767711	fund.n.01	0.969
106767750	money.n.01	0.822
106767794	money.n.01	0.967
106767817	money.n.01	0.525
106767889	money.n.01	0.746
106767949	fund.n.01	0.978
106768097	fund.n.01	0.935
106768244	money.n.01	0.888
106768369	resource.n.01	0.865
106768414	money.n.01	0.43
106771223	property.n.01	0.987
106771811	money.n.01	0.824
106771822	fund.n.01	0.963
123549816	rich_people.n.01	None
123550320	rich_people.n.01	None
123551005	wealth.n.01	0.606
123551016	rich_people.n.01	None
123551218	possession.n.02	0.868
106776354	money.n.02	0.855
106777701	money.n.01	0.883
106779752	money.n.01	0.881
106779793	sum.n.01	None
106780251	money.n.01	0.81
106780304	money.n.01	0.836
106781498	fund.n.01	0.934
106782152	money.n.01	0.805
106782219	money.n.01	0.78
106782427	money.n.01	0.91
106782929	money.n.01	0.96
106783190	fund.n.01	0.904
106789735	fund.n.01	0.896
106789911	money.n.01	0.83
106791092	money.n.01	0.956
106791417	money.n.01	0.906
106793327	money.n.01	0.942
106793353	money.n.01	0.913
123573258	money.n.01	0.896
106798165	sum.n.01	None
106798555	money.n.02	0.551
106798691	money.n.01	0.98
106798919	money.n.01	0.898
106799106	money.n.01	0.939
106799145	money.n.01	0.923
106799177	money.n.01	0.955
106799271	money.n.01	0.955
106802098	money.n.01	0.891
106803419	sum.n.01	None
106806463	loot.n.01	None
106806958	bribe.n.01	None
106807395	possession.n.02	0.981
106807499	money.n.01	0.716
106808019	fund.n.01	0.909
106808288	property.n.01	0.998
123586758	rich_people.n.01	None
106810888	sum.n.01	None
106811648	money.n.01	0.848
106811663	money.n.01	0.896
106811714	bribe.n.01	None
106815350	property.n.01	0.996
106815945	reward.n.02	0.4
106816175	price.n.06	0.454
106817237	money.n.01	0.774
106817336	treasure.n.01	0.805
106817456	fund.n.01	0.952
106817602	sum.n.01	0.951
106817670	money.n.01	0.831
106817718	money.n.01	0.862
106818526	wage.n.01	None
106824976	possession.n.02	0.969
106825072	possession.n.02	0.964
106825175	ransom.n.01	0.548
106827919	property.n.01	0.994
106828353	sum.n.01	None
106829940	money.n.01	0.841
106831014	possession.n.02	0.995
106832623	fund.n.01	0.919
106836847	money.n.01	0.62
106838120	money.n.01	0.919
106838145	fund.n.01	0.954
106839250	money.n.01	0.888
106841062	fund.n.01	0.929
106841424	money.n.01	0.929
106841989	resource.n.01	0.983
106843148	money.n.01	0.951
106845808	money.n.01	0.964
106846418	valuable.n.01	None
106847255	sum.n.01	None
106847914	sum.n.01	None
106848007	fund.n.01	0.897
106848184	money.n.01	0.938
106849450	money.n.01	0.893
106849899	money.n.01	0.951
106849944	sum.n.01	None
106850708	wealth.n.03	0.607
106851100	money.n.01	0.959
106851213	money.n.01	0.942
106851366	money.n.01	0.72
106851538	cost.n.01	0.894
106852698	fine.n.01	None
106854096	fine.n.01	None
106854105	estate.n.01	0.987
106860485	possession.n.02	0.984
106866473	sum.n.01	0.932
106866902	fine.n.01	None
106872170	fund.n.01	0.96
106872213	money.n.01	0.749
106876263	money.n.02	0.679
106876399	money.n.01	0.895
106877745	money.n.01	0.947
106877974	property.n.01	0.708
106878474	property.n.01	0.922
106878493	property.n.01	0.994
106878546	possession.n.02	0.986
106878616	fund.n.01	0.951
106878624	money.n.01	0.784
106879234	property.n.01	0.996
115267912	rich_people.n.01	None
106879786	money.n.01	0.883
106879978	money.n.01	0.922
106880215	damages.n.01	0.796
106880259	money.n.01	0.859
106880341	money.n.01	0.967
106880583	money.n.01	0.947
106881598	place.n.02	0.67
106881621	property.n.01	0.462
106881765	fund.n.01	0.97
106881781	sum.n.01	None
106882177	fund.n.01	0.945
106883979	money.n.01	0.84
106884000	money.n.02	0.752
106884104	money.n.01	0.805
106884832	fund.n.01	0.947
106884846	money.n.01	0.832
106888355	possession.n.02	0.969
106888400	sum.n.01	0.882
106888438	possession.n.02	0.95
106888965	sum.n.01	0.951
106888992	money.n.01	0.905
106889516	property.n.01	0.853
106889541	property.n.01	0.854
106889594	property.n.01	0.92
106889641	money.n.01	0.595
106889714	money.n.01	0.621
106889893	property.n.01	0.816
106890715	sum.n.01	0.748
106893230	money.n.01	0.909
106893430	possession.n.02	0.888
106893995	fund.n.01	0.973
106894033	money.n.01	0.586
106894160	sum.n.01	None
106894521	fund.n.01	0.962
106896016	wealth.n.04	0.503
106900877	sum.n.01	0.817
106903688	property.n.01	0.994
106907268	store.n.02	0.812
106907643	money.n.01	0.856
106907783	bribe.n.01	None
106910587	ransom.n.01	0.503
106913220	money.n.01	0.97
106917140	money.n.01	0.866
106917793	money.n.01	0.869
106919649	money.n.01	0.871
106919928	treasure.n.01	0.825
106920653	money.n.01	0.72
106929553	sum.n.01	None
106930336	money.n.01	0.948
106930351	sum.n.01	None
106930385	fund.n.01	0.936
106930399	money.n.01	0.941
106930855	wealth.n.03	0.533
106930997	fund.n.01	0.897
106932413	expense.n.01	0.977
115329641	money.n.01	0.952
115332818	money.n.01	0.756
115333097	fine.n.01	None
115336242	money.n.01	0.91
115336306	money.n.01	0.782
115336421	money.n.01	0.833
115339709	money.n.01	0.877
115339898	money.n.01	0.816
115340051	wealth.n.03	0.533
115340826	wealth.n.04	0.508
115345090	outgo.n.01	0.621
115345493	money.n.01	0.955
115348322	money.n.01	0.877
115357466	money.n.01	0.88
115357990	money.n.01	0.901
115362951	money.n.01	0.942
115362988	sum.n.01	0.89
115363205	bribe.n.01	None
115363300	money.n.01	0.661
115363399	money.n.01	0.931
115364498	sum.n.01	None
115364529	money.n.01	0.958
115364932	sum.n.01	None
115366969	money.n.01	0.981
115367336	money.n.01	0.664
115370182	wealth.n.03	0.614
115370260	money.n.01	0.826
115370302	money.n.01	0.972
115370354	wealth.n.01	0.542
115370520	sum.n.01	0.938
115370794	money.n.01	0.969
115370997	money.n.01	0.777
115371147	money.n.01	0.926
115371538	money.n.01	0.953
115371674	money.n.01	0.775
115375198	money.n.01	0.904
115375335	money.n.01	0.824
115376714	money.n.01	0.65
115378618	money.n.01	0.833
115379570	money.n.01	0.952
115382589	money.n.01	0.853
115382650	money.n.01	0.84
115384430	fund.n.01	0.973
115384924	money.n.02	0.483
115385037	money.n.01	0.758
115386013	money.n.01	0.944
115386262	money.n.01	0.892
115387402	money.n.01	0.913
115387457	money.n.01	0.706
115387523	money.n.01	0.86
115388771	money.n.01	0.983
115389010	money.n.01	0.932
115391138	sum.n.01	0.894
115391272	wealth.n.03	0.46
115391339	wealth.n.03	0.512
115392035	treasure.n.01	0.942
115394378	sum.n.01	0.935
115394606	money.n.01	0.936
115396192	money.n.01	0.949
115396790	sum.n.01	None
115397864	money.n.01	0.95
115402686	money.n.01	0.923
115403235	fund.n.01	0.969
115405635	sum.n.01	None
115405767	money.n.01	0.927
115405905	money.n.01	0.986
115406777	money.n.01	0.941
115407782	money.n.01	0.95
115409549	fund.n.01	0.972
115411305	cab.n.03	0.902
115411434	money.n.01	0.77
115411473	money.n.01	0.824
115412627	sum.n.01	0.897
115416796	fund.n.01	0.981
115417462	money.n.01	0.827
115417891	money.n.01	0.958
115424021	money.n.01	0.665
115424458	money.n.01	0.89
115426508	money.n.01	0.815
115427156	money.n.01	0.861
115427518	money.n.01	0.775
115427901	money.n.01	0.861
115429238	monetary_value.n.01	0.382
115430548	sum.n.01	None
115430833	money.n.01	0.764
115431270	money.n.01	0.957
115431758	money.n.01	0.591
115432376	money.n.01	0.924
115435087	money.n.01	0.497
115435351	finance.n.01	0.516
115438077	money.n.01	0.553
115438597	sum.n.01	0.961
115440051	good.n.03	0.591
115445029	fund.n.01	0.96
115445846	service.n.05	0.804
115446530	money.n.01	0.732
115447013	money.n.01	0.853
115449284	money.n.01	0.766
115449963	money.n.01	0.858
115450264	money.n.01	0.826
115450795	money.n.01	0.918
115450924	money.n.01	0.963
115451321	money.n.01	0.918
115451651	money.n.01	0.85
107064918	possession.n.02	0.977
107065703	thing.n.08	0.47
115454428	sum.n.01	None
115454827	wealth.n.03	0.578
115454972	money.n.01	0.683
107066688	possession.n.02	0.96
115455565	price.n.02	0.616
115455758	money.n.02	0.735
115455892	money.n.01	0.897
115456695	money.n.01	0.949
115457943	money.n.01	0.648
115458042	money.n.01	0.899
115459088	money.n.01	0.939
115459501	money.n.01	0.875
115460272	money.n.01	0.944
115460343	money.n.01	0.759
115460469	money.n.01	0.863
115460650	money.n.01	0.775
115461107	money.n.01	0.845
107072505	wealth.n.03	0.614
107072794	thing.n.08	0.863
107072993	valuable.n.01	None
115461860	money.n.01	0.953
115464306	money.n.01	0.94
115464392	money.n.01	0.96
115465213	money.n.01	0.936
115465556	property.n.01	0.996
115465933	money.n.01	0.752
115467246	money.n.01	0.974
115467760	money.n.01	0.617
115467833	money.n.01	0.975
115468193	fine.n.01	None
115469044	money.n.01	0.959
115469121	fund.n.01	0.947
115469159	money.n.01	0.965
107080748	creature.n.02	0.477
115470915	money.n.01	0.946
115472318	money.n.01	0.823
107083969	sight.n.01	0.57
107086235	money.n.01	0.964
115475322	money.n.01	0.969
107086824	money.n.01	0.972
115475719	money.n.01	0.865
115476484	money.n.01	0.88
115477583	money.n.01	0.884
115478662	money.n.01	0.87
107091035	wealth.n.01	0.697
107091284	mean.n.01	None
107091517	money.n.01	0.864
115481191	money.n.01	0.875
115481759	money.n.01	0.564
107094592	money.n.01	0.86
107094623	fortune.n.04	0.9
107095763	possession.n.02	0.954
115484390	wealth.n.03	0.496
115484661	money.n.01	0.97
107096858	possession.n.02	0.934
115485560	ransom.n.01	0.489
107097206	money.n.01	0.936
107097431	wealth.n.03	0.51
107098162	wealth.n.03	0.488
115486772	money.n.01	0.936
115486849	money.n.01	0.962
107098980	occasion.n.03	0.354
107099115	possession.n.02	0.976
115490387	fund.n.01	0.943
115491455	money.n.01	0.971
115491818	money.n.01	0.863
107103543	effect.n.05	0.364
115492193	money.n.01	0.941
107103652	money.n.01	0.818
107104779	money.n.01	0.966
115494256	fund.n.01	0.87
115494636	money.n.01	0.652
115495871	money.n.01	0.903
115497259	wealth.n.03	0.55
115498977	money.n.01	0.903
107110756	discourtesy.n.03	0.605
115499512	money.n.01	0.762
115500238	money.n.01	0.97
107112054	fortune.n.02	0.655
115500731	money.n.01	0.819
115501343	money.n.01	0.565
115501385	bribe.n.01	None
115501796	sum.n.01	None
115501936	money.n.01	0.991
115502004	wealth.n.03	0.424
115502087	money.n.02	0.901
115502874	money.n.01	0.762
115502921	wealth.n.03	0.551
115504187	avarice.n.02	0.67
115504356	money.n.02	0.621
115504707	wealth.n.03	0.572
115504916	treasure.n.01	0.92
115506308	money.n.01	0.95
115508196	money.n.01	0.88
115509530	money.n.01	0.89
115509744	money.n.01	0.87
115511145	money.n.01	0.84
115511471	fund.n.01	0.953
115513174	money.n.01	0.88
123901811	money.n.01	0.897
107124838	effect.n.05	0.586
123902359	sum.n.01	None
107125593	consequence.n.01	0.535
115514842	fund.n.01	0.978
107126305	commodity.n.01	0.603
115514954	fund.n.01	0.983
107126707	money.n.02	0.58
107126727	money.n.01	0.531
107127077	money.n.01	0.957
107127164	money.n.01	0.93
115515858	money.n.01	0.943
115515887	money.n.01	0.939
115515916	money.n.01	0.907
107127359	spoil.n.01	0.982
115516667	sum.n.01	None
107129695	property.n.01	0.989
115518453	money.n.01	0.881
115518693	money.n.01	0.63
107130119	valuable.n.01	None
115519157	money.n.01	0.926
107130981	wealth.n.03	0.481
107131213	rich_people.n.01	None
107131556	money.n.01	0.798
107131626	money.n.01	0.962
107132144	money.n.01	0.91
107132191	fortune.n.02	0.763
115521045	money.n.01	0.921
115521081	money.n.01	0.964
115521563	money.n.01	0.852
107133364	loot.n.01	None
107133460	fine.n.01	None
107133503	money.n.01	0.9
107134094	loot.n.01	None
107134461	loot.n.01	None
123912009	treasure.n.01	0.629
107136304	impression.n.02	0.335
115525126	wage.n.01	None
115525212	fund.n.01	0.976
107136631	loot.n.01	None
115525812	fund.n.01	0.975
123915455	treasure.n.03	0.7
123915460	treasure.n.03	0.55
115527383	fund.n.01	0.947
115529669	money.n.01	0.816
123918671	silver.n.02	0.862
123919421	money.n.01	0.976
107142978	mean.n.01	None
115532500	money.n.01	0.909
107144732	cab.n.03	0.874
107145112	money.n.01	0.776
107146355	cab.n.03	0.661
107146414	possession.n.02	0.877
107146441	possession.n.02	0.988
107146495	cab.n.03	0.704
107147782	wealth.n.03	0.579
115536555	money.n.01	0.957
115536686	money.n.01	0.897
107148168	money.n.01	0.806
115537307	money.n.01	0.835
107149035	thing.n.01	0.74
107149208	money.n.01	0.818
115538128	sum.n.01	None
107149536	money.n.01	0.756
107150267	possession.n.02	0.908
115539586	fund.n.01	0.955
107151189	property.n.01	0.994
107151202	property.n.01	0.986
107151354	property.n.01	0.992
107152121	possession.n.02	0.868
115541056	tribute.n.02	0.631
107153130	property.n.01	0.996
115542550	money.n.01	0.928
107155132	property.n.01	0.997
107156036	rich_people.n.01	None
107156605	money.n.01	0.985
115546234	money.n.01	0.581
107157999	consequence.n.01	0.408
115547617	gift.n.01	0.509
107159695	property.n.01	0.998
107159740	property.n.01	0.995
115549269	wealth.n.01	0.573
115549776	money.n.01	0.964
115555953	wealth.n.03	0.424
107168651	thing.n.01	0.404
107169340	fortune.n.02	0.783
107169409	possession.n.02	0.98
107169462	possession.n.02	0.978
107169568	possession.n.05	0.658
107169603	possession.n.02	0.992
107169702	money.n.01	0.932
115559134	property.n.01	0.996
107171338	possession.n.02	0.965
107172113	money.n.01	0.939
115560828	property.n.01	0.994
115560856	property.n.01	0.991
115562117	money.n.01	0.976
107174169	money.n.01	0.973
107174483	possession.n.02	0.94
107174588	impression.n.02	0.363
115564197	wealth.n.03	0.532
107177464	property.n.01	0.992
107177650	property.n.01	0.976
107177697	property.n.01	0.976
107178086	property.n.01	0.995
107178277	property.n.01	0.99
107179061	expense.n.01	0.912
107180127	wealth.n.01	0.59
107180247	commodity.n.01	0.844
107181093	commodity.n.01	0.883
107181595	money.n.01	0.871
107182310	loot.n.01	None
107182785	estate.n.01	0.821
107182897	treasury.n.01	0.954
107187032	commodity.n.01	0.774
107188569	money.n.01	0.911
107188666	money.n.01	0.607
107188883	money.n.02	0.627
107189532	money.n.01	0.773
107189570	money.n.01	0.822
107189863	money.n.01	0.991
107198330	store.n.02	0.914
115589310	sum.n.01	0.758
107202324	valuable.n.01	None
107202456	impression.n.02	0.437
107203498	equipment.n.01	None
115594070	treasure.n.01	0.658
107205729	commodity.n.01	0.848
107211599	thing.n.03	0.481
107212136	money.n.01	0.906
107212145	money.n.01	0.918
107217302	evil.n.02	0.525
115605977	money.n.01	0.909
107220940	commodity.n.01	0.694
107221426	commodity.n.01	0.7
107221519	effect.n.05	0.411
107222023	money.n.01	0.912
107223161	sum.n.01	0.806
107223814	fund.n.01	0.952
107224653	money.n.01	0.736
115615101	wage.n.01	None
107226523	slave.n.01	0.988
115615604	money.n.01	0.951
115615618	money.n.02	0.872
107227122	money.n.01	0.955
115616158	wealth.n.03	0.561
115616207	money.n.01	0.835
115616234	money.n.01	0.966
107229188	commodity.n.01	0.692
107229949	fund.n.01	0.983
107230062	fund.n.01	0.967
107234969	impression.n.02	0.629
107235071	consequence.n.01	0.354
107235249	topic.n.02	0.43
107236382	fortune.n.04	0.874
115626497	property.n.01	0.996
107240305	business.n.04	0.422
107244124	consequence.n.01	0.705
107244183	fund.n.01	0.982
107244947	thing.n.04	0.315
115634224	ransom.n.02	0.462
115634753	money.n.01	0.687
115637160	money.n.01	0.711
107249033	expense.n.01	0.952
107249773	expense.n.01	0.97
115639769	ransom.n.01	0.524
115639869	bribe.n.01	None
115640107	money.n.01	0.806
115640119	bribery.n.01	None
115640147	money.n.01	0.894
107252363	money.n.01	0.961
107252767	loot.n.01	None
115642150	commodity.n.01	0.894
107253575	money.n.01	0.976
107254295	money.n.01	0.962
107254341	consequence.n.01	0.47
107254636	effect.n.05	0.343
107254944	money.n.01	0.987
107255245	money.n.01	0.94
115644058	fund.n.01	0.732
107258782	money.n.01	0.575
115647573	money.n.01	0.939
115647584	money.n.01	0.939
115648131	wealth.n.03	0.486
115649789	wealth.n.01	0.648
115649806	wealth.n.01	0.762
107262877	store.n.02	0.92
107267621	fund.n.01	0.979
107267951	money.n.01	0.88
115656884	money.n.01	0.869
107270176	money.n.01	0.956
107272594	thing.n.01	0.569
107273116	fund.n.01	0.957
107274029	money.n.01	0.854
107275878	money.n.01	0.793
107276435	possession.n.02	0.983
107276479	commodity.n.01	0.519
107277037	commodity.n.01	0.522
107277140	ransom.n.02	0.53
115668237	fine.n.01	None
115668370	money.n.01	0.564
115668453	bribe.n.01	None
115668466	bribe.n.01	None
115668519	money.n.01	0.977
115668629	wealth.n.01	0.56
115668715	money.n.01	0.95
115668733	fine.n.01	None
115668767	bribe.n.01	None
115669062	bribe.n.01	None
115669120	money.n.01	0.895
115669275	briber.n.01	None
107281814	money.n.01	0.859
107281879	money.n.01	0.753
115672949	property.n.01	0.991
107286164	money.n.01	0.88
107288083	money.n.01	0.958
107288195	money.n.01	0.976
115678211	fine.n.01	None
107290714	loot.n.01	None
107291317	money.n.01	0.944
107291843	impression.n.02	0.479
107292150	expense.n.01	0.983
107295277	topic.n.02	0.683
107295837	wealth.n.01	0.645
115685980	property.n.01	0.765
107298679	topic.n.02	0.56
107303150	commodity.n.01	0.871
107304158	baggage.n.03	0.799
115693031	property.n.01	0.922
107305647	consequence.n.01	0.298
107306769	loot.n.01	None
115698823	expending.n.01	0.583
107311386	sum.n.01	0.828
107311430	sum.n.01	0.836
115700073	money.n.01	0.832
115700885	money.n.02	0.525
115700996	money.n.01	0.7
115702009	money.n.01	0.933
107313943	wealth.n.01	0.61
107315324	pile.n.01	0.886
115704054	property.n.01	0.998
107316495	consequence.n.01	0.349
107318887	money.n.01	0.837
107319170	possession.n.02	0.99
124703454	money.n.01	0.973
115709626	wealth.n.03	0.502
107322873	rich_people.n.01	None
107325145	commodity.n.01	0.49
115715359	money.n.01	0.978
107327008	article.n.02	0.994
107332672	owner.n.02	0.875
107335693	property.n.01	0.997
107337788	property.n.01	0.986
107340297	money.n.01	0.93
107340376	money.n.01	0.97
107341146	prodigy.n.01	0.959
107341980	money.n.01	0.835
107342844	fortune.n.02	0.723
115731485	expense.n.03	0.546
107346383	good.n.03	0.461
107347165	money.n.01	0.794
107348854	money.n.01	0.927
107349024	impression.n.02	0.332
115740127	money.n.01	0.931
115740200	property.n.01	0.992
115740232	rich_people.n.01	None
107352439	fortune.n.02	0.605
107352505	rich_people.n.01	None
107352587	money.n.01	0.969
107352879	fortune.n.04	0.868
115743949	wealth.n.01	0.574
115744289	wealth.n.01	0.717
124710499	possession.n.02	0.964
107357494	fund.n.01	0.952
107360984	money.n.02	0.504
107361016	thing.n.09	0.551
107361131	money.n.01	0.927
107361157	animal.n.01	0.535
115749817	fund.n.01	0.856
115752201	wealth.n.03	0.474
107364668	impression.n.02	0.474
107364813	consequence.n.01	0.542
115753668	ransom.n.02	0.551
107369938	sum.n.01	None
107369956	wealth.n.01	0.558
115758832	wealth.n.03	0.46
107373546	money.n.01	0.969
107373965	money.n.01	0.805
107374268	fund.n.01	0.959
107374344	fund.n.01	0.946
115763046	money.n.01	0.979
107374444	money.n.02	0.646
107374509	money.n.02	0.597
115763268	money.n.02	0.586
115763290	rich_people.n.01	None
115765301	rich_people.n.01	None
115765738	rich_people.n.01	None
115765890	treasure.n.01	0.957
115765921	treasure.n.01	0.868
115766565	tax_income.n.01	0.758
115769612	valuable.n.01	None
115770051	sum.n.01	0.893
115770095	resource.n.01	0.801
115770447	treasure.n.01	0.356
115770476	money.n.01	0.961
115770745	fund.n.01	0.891
115772617	treasure.n.01	0.416
115773136	wealth.n.03	0.554
115775182	money.n.01	0.96
115776379	spoil.n.01	0.985
115778481	treasure.n.01	0.874
115780618	spoil.n.01	0.99
115781769	wealth.n.03	0.549
115784608	baggage.n.03	0.814
115800278	wealth.n.03	0.56
115805230	money.n.01	0.964
115806520	wealth.n.03	0.525
115807433	money.n.01	0.88
107424869	price.n.02	0.356
107426875	fund.n.01	0.961
107428648	property.n.01	0.991
107431929	finance.n.01	0.719
115822124	wealth.n.03	0.687
115822821	money.n.01	0.721
115832555	money.n.01	0.966
107454719	commodity.n.01	0.682
115846480	wealth.n.03	0.452
115846808	wealth.n.03	0.468
115849124	sum.n.01	0.786
115850315	wealth.n.03	0.557
115855770	bribe.n.01	None
115856208	rich_people.n.01	None
115857630	estate.n.01	0.845
115857944	rich_people.n.01	None
107469981	decoration.n.01	None
115863277	money.n.01	0.869
107492391	blessing.n.02	None
115884678	wealth.n.03	0.589
115887830	money.n.01	0.55
115913807	money.n.01	0.925
115918011	money.n.01	0.893
115918069	money.n.01	0.857
124308207	loot.n.01	None
124321230	treasury.n.01	0.922
124321467	treasury.n.01	0.955
115934117	sum.n.01	None
115936784	money.n.01	0.945
115948357	money.n.01	0.905
107561059	property.n.01	0.996
115949693	wealth.n.03	0.607
115952595	money.n.01	0.941
115954580	money.n.01	0.938
115957091	money.n.01	0.674
115958357	money.n.01	0.962
115958565	money.n.01	0.98
115968792	money.n.01	0.93
115970390	thing.n.08	0.377
115971358	money.n.01	0.867
115973942	money.n.01	0.923
107586677	wage.n.01	None
115977271	money.n.01	0.876
115977741	money.n.01	0.943
115981578	money.n.01	0.938
107594519	loot.n.01	None
107594589	wealth.n.04	0.479
107594759	rich_people.n.01	None
107599680	tax_income.n.01	0.862
115989695	money.n.01	0.963
115989864	money.n.01	0.924
115989889	money.n.01	0.924
115989920	sum.n.01	0.855
107601534	treasure.n.01	0.534
115990837	wealth.n.03	0.494
115991452	money.n.01	0.961
115991511	money.n.01	0.966
115991544	money.n.01	0.659
115991560	cab.n.03	0.776
115992459	money.n.01	0.948
115993497	money.n.01	0.751
115995516	money.n.01	0.937
116000842	money.n.01	0.96
116003803	money.n.01	0.824
116003854	money.n.01	0.968
116010493	money.n.01	0.864
116010557	money.n.01	0.911
116011160	money.n.01	0.785
116011406	sum.n.01	None
116013034	money.n.01	0.905
116013055	money.n.01	0.938
116013401	money.n.01	0.691
116017419	money.n.01	0.878
116020221	money.n.01	0.818
116021512	money.n.01	0.955
116021761	money.n.01	0.83
116021964	bribe.n.01	None
116022658	money.n.01	0.937
116022691	money.n.02	0.541
116022712	money.n.01	0.909
116023451	money.n.01	0.76
107635545	wealth.n.03	0.362
116024618	money.n.01	0.981
116024865	money.n.01	0.887
116024924	treasure.n.03	0.443
116025115	sum.n.01	0.628
116025152	money.n.01	0.941
116025171	money.n.03	0.727
116025189	money.n.01	0.475
116025215	money.n.02	0.583
116027414	wealth.n.03	0.546
116027433	money.n.01	0.961
116028174	money.n.01	0.955
116028806	money.n.01	0.966
116029131	money.n.01	0.969
116029560	contribution.n.02	0.487
116029600	contribution.n.02	0.608
116031942	sum.n.01	0.851
116032567	money.n.01	0.98
116032875	money.n.01	0.93
116033143	money.n.01	0.829
116034138	money.n.01	0.913
116034905	money.n.01	0.944
116035706	money.n.01	0.779
116035797	money.n.01	0.926
116036008	money.n.01	0.967
116036364	money.n.01	0.929
116036465	money.n.01	0.76
116036946	money.n.01	0.897
116037509	money.n.01	0.963
116038652	money.n.01	0.864
116040718	money.n.01	0.749
116040921	money.n.01	0.764
116041789	money.n.01	0.962
116048825	money.n.01	0.971
116053731	money.n.01	0.857
116053795	money.n.01	0.836
116053853	money.n.01	0.909
116055173	work.n.02	0.98
116059761	sum.n.01	0.9
116060067	money.n.01	0.936
116060132	money.n.01	0.841
116060146	money.n.01	0.801
116060763	money.n.01	0.649
116064888	tax_income.n.01	0.505
116064991	tax_income.n.01	0.86
116065422	money.n.01	0.932
116065601	money.n.01	0.851
116065702	money.n.01	0.784
116065748	money.n.01	0.896
116065846	money.n.01	0.846
116065884	money.n.01	0.924
116065927	money.n.02	0.599
116066312	money.n.01	0.977
116068402	money.n.01	0.872
116070473	money.n.01	0.986
116070499	money.n.01	0.712
116070956	money.n.01	0.986
116071117	money.n.01	0.849
116071986	money.n.01	0.918
116072875	money.n.01	0.962
116073083	money.n.01	0.949
107685275	wealth.n.03	0.535
107685539	sum.n.01	None
107685747	money.n.01	0.897
107685867	property.n.01	0.847
107685918	treasure.n.03	0.33
116077901	money.n.01	0.872
116079410	expense.n.01	0.945
116081891	money.n.01	0.944
116082143	money.n.02	0.755
116084085	money.n.01	0.891
116085957	money.n.02	0.494
116085983	money.n.01	0.536
116087123	money.n.01	0.556
124476111	money.n.01	0.875
116087679	money.n.01	0.877
124476396	money.n.01	0.968
116087991	money.n.01	0.827
116088251	wealth.n.03	0.543
116089507	estate.n.01	0.671
116090102	money.n.01	0.899
116090412	money.n.01	0.941
116091170	money.n.02	0.647
124779452	money.n.01	0.918
116091705	money.n.01	0.896
116091749	estate.n.01	0.977
116092699	money.n.01	0.917
116094168	money.n.01	0.884
116094678	money.n.01	0.794
116094706	money.n.01	0.961
116095934	money.n.01	0.94
116096019	sum.n.01	None
116098075	money.n.01	0.771
116098391	money.n.01	0.948
116098440	money.n.01	0.942
116098495	sum.n.01	None
116098526	money.n.01	0.965
116101754	money.n.01	0.83
116103049	money.n.02	0.543
116103076	money.n.01	0.9
116105322	tax_income.n.01	0.858
107717000	money.n.02	0.819
116105946	contribution.n.02	0.869
116106252	work.n.01	0.651
116107841	money.n.01	0.882
116109089	wealth.n.03	0.692
116109116	rich_people.n.01	None
116109129	rich_people.n.01	None
116110076	money.n.01	0.87
116110226	password.n.01	0.572
116110567	money.n.01	0.944
107722454	rich_people.n.01	None
116111992	money.n.01	0.902
116114037	money.n.01	0.936
116114453	money.n.01	0.71
116115015	wealth.n.01	0.779
116119032	money.n.01	0.936
107730587	treasure.n.01	0.74
116122371	money.n.01	0.887
116124498	treasure.n.01	0.871
116125847	money.n.01	0.958
116125904	money.n.01	0.953
116125950	sum.n.01	None
116126809	money.n.01	0.898
116130168	money.n.01	0.925
116130248	money.n.01	0.946
116130625	wealth.n.01	0.589
116130717	rich_people.n.01	None
116130956	money.n.01	0.945
116131761	money.n.01	0.938
116132337	treasure.n.01	0.718
116132476	sum.n.01	None
107746019	money.n.01	0.887
116136775	rich_people.n.01	None
116136952	money.n.01	0.868
116137203	money.n.01	0.932
116137356	money.n.01	0.655
116138499	money.n.01	0.959
116138779	money.n.01	0.735
116140008	money.n.01	0.895
116140044	money.n.01	0.924
116140120	money.n.01	0.909
124529914	property.n.01	0.992
124530649	possession.n.02	0.973
116142217	bribe.n.01	None
124531417	money.n.01	0.917
124533919	money.n.01	0.963
124533944	money.n.01	0.946
124533975	money.n.01	0.887
124534308	sum.n.01	None
124535029	property.n.01	0.965
124535646	money.n.01	0.758
124536175	money.n.01	0.979
124536229	price.n.02	0.61
124536798	money.n.01	0.929
124536965	money.n.01	0.927
124537343	money.n.01	0.938
124537557	money.n.01	0.922
107761762	money.n.01	0.956
124539291	sum.n.01	0.921
124539301	money.n.01	0.943
107762110	treasure.n.01	0.93
116153170	money.n.01	0.839
124544091	tax_income.n.01	0.777
124544201	sum.n.01	None
124544440	money.n.01	0.918
124544455	sum.n.01	None
124544693	matriarch.n.01	0.976
124544987	abundance.n.01	0.995
116156408	money.n.01	0.917
116156423	money.n.01	0.89
116156453	money.n.01	0.947
124546350	sum.n.01	None
124550547	money.n.01	0.588
124550564	money.n.01	0.593
124551190	sum.n.01	None
124551219	money.n.01	0.923
124552032	money.n.01	0.924
124552086	money.n.01	0.74
124552105	money.n.01	0.805
124552143	money.n.01	0.852
124552306	money.n.01	0.952
124552782	money.n.01	0.954
124553574	money.n.01	0.575
124553961	treasure.n.01	0.923
124554127	sum.n.01	None
124554178	money.n.01	0.982
124555091	money.n.02	0.55
116166660	money.n.01	0.951
124555832	property.n.01	0.997
124555876	property.n.01	0.995
124555967	money.n.01	0.695
124556503	sum.n.01	0.418
124557183	property.n.01	0.998
124557217	wealth.n.01	0.572
124557466	good.n.03	0.849
124557681	money.n.01	0.943
124558369	sum.n.01	None
124558493	money.n.01	0.919
124558756	sum.n.01	None
124559208	property.n.01	0.994
124561183	money.n.01	0.873
124561622	property.n.01	0.991
124561780	money.n.01	0.956
107784890	money.n.01	0.66
116173802	money.n.01	0.951
124562934	money.n.01	0.888
124562963	money.n.01	0.899
124562967	sum.n.01	0.945
124563006	money.n.01	0.958
116174812	rich_people.n.01	None
124563724	money.n.01	0.855
124563943	money.n.01	0.984
124564134	money.n.01	0.973
124564247	money.n.01	0.942
124564500	money.n.01	0.949
124564614	property.n.01	0.994
124564906	money.n.01	0.855
124565005	money.n.01	0.939
124565132	money.n.01	0.958
124565234	money.n.01	0.929
124565255	money.n.01	0.509
124565334	money.n.01	0.983
124565423	sum.n.01	None
116177599	money.n.01	0.927
124566803	money.n.01	0.847
124567125	property.n.01	0.991
124567992	sum.n.01	None
124568006	money.n.01	0.9
124568024	money.n.01	0.908
124568035	money.n.01	0.78
124569196	wealth.n.03	0.552
124569228	treasure.n.01	0.736
124569687	money.n.02	0.474
116181123	money.n.01	0.845
116181152	money.n.01	0.92
116181753	money.n.01	0.875
107793497	property.n.01	0.995
116182114	money.n.01	0.961
124570782	money.n.01	0.968
124570813	money.n.01	0.952
124570959	money.n.01	0.952
124571003	sum.n.01	None
124571031	money.n.01	0.963
116182860	money.n.01	0.976
124572386	money.n.01	0.983
124572622	tax_income.n.01	0.805
116185005	sum.n.01	0.782
116185285	money.n.01	0.966
116185915	money.n.01	0.931
116186066	sum.n.01	None
124575012	property.n.01	0.994
124575035	treasure.n.01	0.584
116187313	money.n.01	0.74
116187585	money.n.01	0.851
124576441	loot.n.01	None
116187935	money.n.01	0.856
116188335	money.n.01	0.899
116188433	bribe.n.01	None
116188759	wage.n.01	None
124577388	money.n.01	0.663
124577430	sum.n.01	None
124577522	wealth.n.03	0.566
116189724	money.n.01	0.891
124579461	treasure.n.01	0.491
124579490	number.n.01	0.802
116191565	money.n.01	0.843
116191612	money.n.01	0.677
116191708	money.n.01	0.558
124580776	kind.n.01	0.991
124581274	money.n.01	0.971
124581346	money.n.01	0.712
116193249	money.n.01	0.643
124583080	wealth.n.03	0.613
116195041	sum.n.01	None
116195171	money.n.01	0.866
116195199	money.n.01	0.792
124584103	sum.n.01	None
124584199	sum.n.01	None
124584281	wealth.n.03	0.48
124584415	amount.n.02	0.494
124584674	wealth.n.03	0.628
124584915	money.n.01	0.934
116197267	money.n.01	0.852
124586137	mass.n.03	0.583
124586901	money.n.01	0.929
124586957	money.n.01	0.904
116199804	money.n.01	0.942
116200080	wealth.n.04	0.464
124589101	money.n.01	0.885
124589120	money.n.01	0.798
124589187	money.n.01	0.97
116201445	sum.n.01	None
124590477	money.n.01	0.917
124590484	sum.n.01	None
124591060	money.n.01	0.878
124591071	number.n.01	0.755
116202525	money.n.01	0.908
116202744	sum.n.01	None
124592543	money.n.01	0.593
116204131	money.n.02	0.751
116205212	money.n.01	0.905
124593867	money.n.01	0.93
116205590	money.n.01	0.965
116206316	money.n.01	0.781
116206942	sum.n.01	None
124596315	money.n.01	0.611
124596393	treasure.n.01	0.849
124596689	money.n.02	0.757
124596863	money.n.01	0.636
116208374	money.n.02	0.73
124597016	money.n.01	0.877
116208426	money.n.01	0.551
124597665	sum.n.01	0.734
124597704	money.n.01	0.945
116209301	money.n.02	0.643
124599433	sum.n.01	None
124600063	possession.n.02	0.988
124600501	money.n.01	0.675
124601228	money.n.01	0.662
124601632	treasure.n.01	0.943
107826356	property.n.01	0.938
124604452	money.n.01	0.808
116216189	money.n.02	0.569
124605429	money.n.01	0.936
124606561	wealth.n.03	0.526
124606693	abundance.n.01	0.973
124609634	treasure.n.01	0.595
116221471	money.n.01	0.739
124610119	treasure.n.01	0.582
124610417	property.n.01	0.994
124610634	money.n.01	0.876
116222657	money.n.01	0.895
116223316	money.n.01	0.968
124612126	money.n.01	0.892
124612182	money.n.01	0.92
124612644	sum.n.01	None
124613472	money.n.01	0.906
124613699	possession.n.02	0.983
124615203	possession.n.02	0.991
124615289	possession.n.02	0.97
124616611	money.n.01	0.936
124616639	money.n.01	0.944
124616691	money.n.02	0.557
124616714	money.n.02	0.557
124616765	sum.n.01	0.842
124616880	wealth.n.03	0.555
124617071	money.n.01	0.913
124617523	income.n.01	None
124617924	money.n.01	0.514
116229342	money.n.01	0.942
116229377	money.n.01	0.8
124618069	money.n.01	0.739
124618122	money.n.01	0.825
124618140	money.n.01	0.729
124618184	money.n.01	0.744
124618191	sum.n.01	0.886
124618460	sum.n.01	None
116230281	money.n.02	0.728
116230381	money.n.01	0.928
116230766	money.n.01	0.937
116230833	money.n.01	0.85
116230896	money.n.01	0.607
116230998	money.n.01	0.973
124619754	sum.n.01	None
116231227	money.n.01	0.949
124620735	wealth.n.01	0.456
116232350	money.n.01	0.78
124621647	wealth.n.03	0.605
124621988	sum.n.01	0.807
124622044	treasure.n.03	0.532
124622254	sum.n.01	None
124622344	sum.n.01	0.633
124622913	prodigy.n.01	0.801
124626552	number.n.01	0.886
124626779	sum.n.01	None
124627641	value.n.02	0.604
124628518	money.n.01	0.959
124628695	money.n.01	0.956
124629113	money.n.01	0.961
124630108	money.n.01	0.894
124631380	money.n.01	0.72
124632171	commodity.n.01	0.531
124632194	loot.n.01	None
124633025	tax_income.n.01	0.946
124634497	money.n.02	0.618
124634512	money.n.01	0.765
124634651	money.n.01	0.902
124635198	commodity.n.01	0.811
124636349	sum.n.01	None
124636972	sum.n.01	None
124638142	possession.n.05	0.568
124639492	possession.n.02	0.987
124639600	money.n.01	0.866
124639861	money.n.01	0.868
124639950	money.n.01	0.632
124640246	sum.n.01	None
124641672	money.n.02	0.9
124641847	sum.n.01	None
124643265	money.n.01	0.911
124643296	property.n.01	0.997
124644201	possession.n.02	0.986
124644326	money.n.01	0.721
124644466	sum.n.01	None
124646674	money.n.01	0.875
124648354	status.n.01	0.726
116259805	money.n.01	0.886
124650910	possession.n.02	0.81
124651257	sum.n.01	None
124651502	property.n.01	0.889
124652678	valuable.n.01	None
124652825	possession.n.02	0.985
124652900	possession.n.02	0.978
124652933	money.n.01	0.838
124653432	money.n.01	0.725
124655817	money.n.01	0.795
124655960	wealth.n.03	0.448
124656285	money.n.01	0.886
124656477	money.n.02	0.534
124656726	money.n.01	0.598
124656847	money.n.01	0.735
124656958	money.n.01	0.782
124662073	number.n.01	0.827
116273855	money.n.01	0.88
124663845	bundle.n.02	0.836
124664929	measure.n.02	0.829
124666258	number.n.01	0.774
124668033	money.n.01	0.954
116281198	money.n.01	0.947
124672067	commodity.n.01	0.794
124672079	valuable.n.01	None
124672140	loot.n.01	None
124672630	number.n.01	0.728
124673751	money.n.01	0.943
124673768	money.n.01	0.716
124673805	money.n.01	0.868
124674417	money.n.01	0.897
124675076	money.n.01	0.822
124675117	price.n.02	0.52
124676639	number.n.01	0.717
124676799	measure.n.02	0.601
124678943	money.n.01	0.952
124680140	money.n.01	0.924
124680529	property.n.01	0.996
124681664	money.n.01	0.984
116294963	money.n.01	0.974
116295585	money.n.01	0.93
124684427	possession.n.02	0.965
124685311	treasure.n.01	0.646
116297274	money.n.01	0.716
124686221	property.n.01	0.997
124686381	possession.n.02	0.673
124687186	abundance.n.01	0.996
124687880	money.n.01	0.86
124689478	possession.n.02	0.989
124689516	valuable.n.01	None
124691238	store.n.02	0.96
124693094	amount.n.02	0.74
124693811	sum.n.01	None
124693979	sum.n.01	None
124694198	sum.n.01	None
116307741	tax_income.n.01	0.757
124696729	sum.n.01	None
124697533	money.n.01	0.952
124697576	money.n.01	0.882
124697875	money.n.01	0.967
124698161	reward.n.02	0.605
124699351	belonging.n.01	None
124699446	property.n.01	0.962
124699502	wealth.n.03	0.521
124699540	wealth.n.03	0.633
124700184	sum.n.01	None
124700282	money.n.01	0.948
124700836	money.n.02	0.452
124701483	wealth.n.03	0.521
116313369	money.n.01	0.833
124702020	money.n.01	0.511
124702479	wealth.n.03	0.627
124703159	treasure.n.01	0.9
124703289	possession.n.02	0.825
124704110	sum.n.01	0.745
124704223	money.n.01	0.494
124704531	wealth.n.01	0.586
124705392	sum.n.01	None
124705683	bribe.n.01	None
124705953	money.n.01	0.812
124706068	money.n.01	0.858
124708086	sum.n.01	None
124708165	tax_income.n.01	0.902
124708197	sum.n.01	None
124710246	wealth.n.03	0.592
124710467	money.n.01	0.866
124711309	money.n.01	0.877
124712456	sum.n.01	None
124713296	money.n.01	0.896
124713319	money.n.01	0.91
124713366	money.n.01	0.976
124713600	money.n.01	0.921
124713848	sum.n.01	None
124714757	money.n.01	0.792
124715159	sum.n.01	None
124715212	sum.n.01	None
124716022	sum.n.01	None
116327604	topic.n.02	0.435
124716871	fortune.n.02	0.79
124716893	fortune.n.02	0.788
124717003	function.n.03	0.793
124717243	tax_income.n.01	0.757
124718336	price.n.02	0.565
124718775	money.n.01	0.975
116330884	money.n.01	0.785
116330970	wealth.n.04	0.636
116331014	treasure.n.01	0.835
116331051	money.n.01	0.766
116331123	treasure.n.01	0.867
124720405	monetary_value.n.01	0.535
124720912	valuable.n.01	None
124721344	sum.n.01	None
124722123	property.n.01	0.969
124722772	wealth.n.03	0.423
124724915	measure.n.02	0.756
124725895	possession.n.02	0.998
124729183	property.n.01	0.995
124730666	possession.n.02	0.887
124730678	possession.n.02	0.946
124730687	property.n.01	0.996
124731261	property.n.01	0.997
124732123	money.n.01	0.756
124733077	money.n.01	0.689
124733449	sum.n.01	None
124734243	payment.n.01	0.871
124735389	measure.n.02	0.634
124736074	valuable.n.01	None
124736183	valuable.n.01	None
124736496	sum.n.01	None
124738678	valuable.n.01	None
124739223	sum.n.01	None
124739456	sum.n.01	None
124739581	sum.n.01	None
124740307	sum.n.01	0.784
124740727	number.n.01	0.765
124740743	treasure.n.01	0.884
124740984	valuable.n.01	None
124741132	money.n.01	0.945
124741299	valuable.n.01	None
124741552	number.n.01	0.834
124742670	area.n.06	0.505
124744076	price.n.02	0.551
124747769	treasure.n.01	0.764
124749083	money.n.01	0.764
124749730	bribe.n.01	None
124752238	batch.n.02	None
124752425	money.n.01	0.811
124752448	money.n.01	0.86
124752483	money.n.01	0.92
124753830	number.n.01	0.757
124754743	measure.n.02	0.539
124755622	money.n.01	0.948
124758435	sum.n.01	None
124758743	money.n.01	0.814
124758774	sum.n.01	None
124759487	money.n.01	0.837
124760593	money.n.01	0.877
124760604	money.n.01	0.93
124760621	money.n.01	0.836
124761616	sum.n.01	None
124761680	money.n.01	0.912
124761912	money.n.01	0.943
124761934	sum.n.01	None
124763198	sum.n.01	None
124763517	money.n.01	0.774
124765576	sum.n.01	None
124765736	money.n.01	0.664
124768977	sum.n.01	0.775
124771217	money.n.01	0.929
124771254	number.n.01	0.848
124771293	money.n.01	0.9
124772381	number.n.01	0.859
107995183	wealth.n.03	0.572
107995229	rich_people.n.01	None
124775383	money.n.01	0.865
124777820	money.n.01	0.934
124777976	money.n.01	0.909
124779314	sum.n.01	None
124779371	money.n.02	0.6
124779651	measure.n.02	0.502
124780876	fund.n.01	0.927
124780982	money.n.01	0.902
108080534	money.n.01	0.881
108081889	money.n.01	0.945
108081937	money.n.01	0.947
108081954	money.n.01	0.958
108082754	money.n.01	0.795
108083285	money.n.01	0.856
108083379	money.n.01	0.807
108083847	money.n.01	0.782
108087023	money.n.01	0.955
108095028	money.n.01	0.919
108152465	wealth.n.03	0.577
108152598	wealth.n.03	0.518
116549076	thing.n.08	0.927
108169005	rich_people.n.01	None
108176023	wealth.n.03	0.602
108192243	commodity.n.01	0.484
108192369	commodity.n.01	0.511
108194304	rich_people.n.01	None
108195988	money.n.01	0.569
108196020	good.n.03	0.591
108198877	money.n.01	0.926
108202460	money.n.01	0.972
108203210	rich_people.n.01	None
108204285	commodity.n.01	0.649
108204763	good.n.03	0.765
108205613	rich_people.n.01	None
108207625	rich_people.n.01	None
108363712	commodity.n.01	0.801
108364107	money.n.01	0.534
116782320	animal.n.01	0.995
116803880	money.n.02	0.691
116806817	animal.n.01	0.877
116828455	animal.n.01	0.947
116837123	piece.n.02	0.48
116884093	money.n.02	0.683
116884264	rich_people.n.01	None
116886321	treasure.n.01	0.81
116886389	treasure.n.01	0.719
116889529	contribution.n.02	0.581
116894979	wealth.n.01	0.523
116895376	money.n.01	0.784
116901349	rich_people.n.01	None
116901372	money.n.01	0.973
116901382	money.n.01	0.949
116902268	money.n.02	0.646
116902467	money.n.01	0.989
116903425	birthright.n.02	0.951
108524363	money.n.01	0.865
108524441	money.n.01	0.972
108524519	money.n.01	0.904
108524925	money.n.02	0.594
116913840	money.n.01	0.957
116913882	rich_people.n.01	None
108526321	fund.n.01	0.847
108526446	money.n.01	0.982
116918242	money.n.01	0.899
108533552	sum.n.01	None
116926692	money.n.01	0.928
108538535	treasure.n.01	0.498
108538555	treasure.n.01	0.929
116927216	money.n.01	0.93
116927539	wealth.n.03	0.563
108541863	money.n.01	0.984
108545725	money.n.01	0.691
108557501	money.n.01	0.905
108559743	wealth.n.01	0.47
108559994	money.n.01	0.931
108569528	commercial_enterprise.n.02	0.659
108571149	wealth.n.01	0.784
108573993	money.n.01	0.788
108575098	money.n.01	0.727
108576288	property.n.01	0.997
108576704	estate.n.01	0.996
108576738	possession.n.02	0.991
100188851	treasure.n.01	0.735
100188964	commodity.n.01	0.908
100189751	treasure.n.01	0.761
108578636	treasure.n.01	0.574
108581032	money.n.02	0.889
108581113	treasure.n.01	0.54
108581147	wealth.n.01	0.527
108581164	wealth.n.03	0.485
108581186	property.n.01	0.975
100193388	wealth.n.03	0.571
108582387	property.n.01	0.991
100194223	wealth.n.03	0.669
108583818	mean.n.01	None
108583849	money.n.01	0.521
108583885	money.n.01	0.908
108586014	valuable.n.01	None
108586034	commodity.n.01	0.88
108586297	wealth.n.01	0.644
108586960	wealth.n.03	0.66
108587364	wealth.n.01	0.587
116976092	property.n.01	0.991
108587531	money.n.02	0.631
108587564	treasury.n.01	0.835
116977309	property.n.01	0.969
108589080	money.n.02	0.635
108589150	money.n.02	0.52
108589700	bribe.n.01	None
108590089	sum.n.01	None
108590127	money.n.01	0.965
108590930	money.n.03	0.541
108590989	money.n.01	0.96
100203762	property.n.01	0.991
116980991	treasure.n.01	0.887
108593291	money.n.02	0.875
108593295	money.n.02	0.665
108593869	money.n.01	0.955
108593888	bribe.n.01	None
108594937	property.n.01	0.996
108596608	money.n.01	0.903
116987654	money.n.01	0.881
108599541	commodity.n.01	0.944
108600125	money.n.01	0.952
108600274	commodity.n.01	0.927
116988944	money.n.01	0.82
116989030	money.n.01	0.757
108600947	money.n.01	0.825
108602439	thing.n.04	0.795
116991131	money.n.01	0.967
108602787	good.n.03	0.606
108602820	good.n.03	0.732
100216089	wealth.n.03	0.632
116993825	money.n.01	0.97
108605533	mean.n.01	None
116994309	money.n.01	0.878
116995115	money.n.01	0.957
108606909	loot.n.01	None
108606927	loot.n.01	None
116998341	money.n.01	0.954
116998453	money.n.01	0.938
108611894	property.n.01	0.985
108612057	money.n.01	0.723
108612866	money.n.02	0.776
108612946	money.n.02	0.76
108612970	money.n.01	0.917
117001970	money.n.01	0.914
108613959	money.n.02	0.623
108614323	bribe.n.01	None
108614525	money.n.02	0.576
117003650	money.n.01	0.867
117004233	money.n.01	0.972
108615824	bribe.n.01	None
108617218	fine.n.01	None
108618505	money.n.02	0.521
108619108	money.n.01	0.537
117008126	money.n.01	0.737
108619561	fine.n.01	None
117009732	money.n.01	0.967
108622137	money.n.01	0.693
108622275	money.n.02	0.73
108623302	money.n.01	0.878
108626365	intelligence.n.01	0.74
117016676	money.n.01	0.922
117016696	money.n.01	0.905
117016720	money.n.01	0.944
117016743	money.n.01	0.568
108628840	money.n.01	0.621
108628848	money.n.01	0.714
108630093	cost.n.01	0.528
117018779	money.n.01	0.968
117018814	money.n.01	0.968
108632142	property.n.01	0.989
108632374	money.n.01	0.922
108632393	money.n.01	0.919
117023512	money.n.01	0.959
108636117	property.n.01	0.998
117024828	property.n.01	0.998
117025082	tribute.n.02	0.906
117026003	money.n.01	0.95
108638955	sum.n.01	None
108638974	money.n.01	0.95
108640381	money.n.01	0.771
108640667	money.n.01	0.903
108640986	loot.n.01	None
108641844	profit.n.02	0.825
100253530	wealth.n.04	0.427
117031261	money.n.01	0.945
117031524	money.n.01	0.958
108643916	treasure.n.01	0.587
108644109	wealth.n.03	0.564
108644121	wealth.n.03	0.508
108644511	money.n.01	0.884
100255916	stuff.n.03	0.826
117033531	money.n.01	0.878
108645030	money.n.01	0.96
117033809	money.n.01	0.916
117033971	money.n.01	0.662
108648678	property.n.01	0.983
108648897	property.n.01	0.991
108648934	treasure.n.01	0.917
108651562	money.n.01	0.91
108652787	money.n.01	0.587
108653421	wealth.n.01	0.595
108656814	treasure.n.01	0.682
108656845	treasure.n.01	0.716
108658245	money.n.01	0.958
117047665	money.n.01	0.897
117047781	money.n.01	0.944
108659651	money.n.01	0.636
108659872	money.n.01	0.542
108662096	family.n.01	0.584
117052669	money.n.01	0.746
108665466	money.n.01	0.605
108665498	sum.n.01	None
108666595	money.n.01	0.871
108666600	money.n.01	0.839
108666681	treasure.n.01	0.769
108666719	money.n.01	0.905
108666759	money.n.01	0.92
108666874	expense.n.01	0.616
117055708	money.n.01	0.973
117057433	money.n.01	0.579
117057448	money.n.02	0.52
117057672	money.n.01	0.979
117057694	money.n.01	0.83
117057984	money.n.01	0.987
108669940	wealth.n.03	0.881
108670594	treasure.n.01	0.457
108670604	treasure.n.03	0.361
117059979	money.n.01	0.759
108671849	treasure.n.01	0.505
117060542	money.n.01	0.971
108673905	money.n.01	0.652
108674955	treasure.n.01	0.77
108675870	wealth.n.03	0.578
108676065	money.n.01	0.95
117065669	money.n.01	0.969
108679054	money.n.01	0.981
108679061	money.n.01	0.979
117068650	damages.n.01	0.936
117068707	money.n.01	0.977
117069942	money.n.01	0.923
117072759	money.n.01	0.971
117073716	treasure.n.01	0.606
117073884	money.n.01	0.761
117075144	sum.n.01	None
117075422	sum.n.01	None
117075556	money.n.01	0.664
117075672	money.n.01	0.697
100298873	wealth.n.03	0.59
100298878	possession.n.02	0.913
108687535	baggage.n.03	0.824
100299216	possession.n.02	0.96
100299279	boodle.n.01	None
100299561	possession.n.02	0.908
100299919	possession.n.02	0.973
100300247	possession.n.02	0.98
117077464	gift.n.01	0.909
100300510	possession.n.02	0.993
117078272	sum.n.01	None
100301453	thing.n.08	0.299
108691073	property.n.01	0.996
108691168	treasure.n.01	0.818
117080042	payment.n.02	0.664
117080092	money.n.01	0.94
117080113	payment.n.01	0.809
100303103	wealth.n.01	0.476
100303177	cargo.n.01	None
108691980	money.n.01	0.801
100303547	rich_people.n.01	None
100303771	rich_people.n.01	None
117081464	money.n.01	0.966
100304361	possession.n.02	0.845
108693003	money.n.01	0.945
117081620	money.n.01	0.917
100304955	possession.n.02	0.96
100305078	possession.n.02	0.98
100305103	means.n.03	0.496
100305163	possession.n.01	0.51
100305210	possession.n.02	0.987
117083235	money.n.01	0.783
117083932	money.n.01	0.835
117084342	money.n.01	0.805
117084371	money.n.01	0.758
117085217	treasure.n.01	0.812
117085232	money.n.01	0.68
117085613	money.n.01	0.967
108697112	money.n.01	0.753
108697781	wealth.n.03	0.461
100309338	rich_people.n.01	None
100310205	rich_people.n.01	None
100310378	rich_people.n.01	None
100310470	wealth.n.03	0.665
108699364	money.n.01	0.811
108699450	money.n.01	0.876
100311356	money.n.01	0.847
100311515	money.n.02	0.515
100311553	money.n.01	0.874
117088982	money.n.01	0.768
100311768	money.n.01	0.842
108700436	wealth.n.01	0.561
100312328	money.n.01	0.897
100313414	matter.n.01	0.929
117090945	money.n.01	0.954
117090968	money.n.01	0.903
100313788	money.n.01	0.894
100313799	money.n.01	0.957
100314255	shipping.n.02	0.983
117091610	money.n.01	0.98
117091762	money.n.01	0.987
100314784	money.n.01	0.756
117092073	property.n.01	0.997
117092332	money.n.01	0.973
117092403	money.n.01	0.957
108704176	money.n.02	0.612
108704465	money.n.02	0.599
117093205	money.n.01	0.939
117093249	money.n.01	0.688
108704773	money.n.02	0.661
108704955	money.n.01	0.879
117093640	money.n.01	0.792
100317355	baggage.n.03	0.806
108706375	money.n.02	0.562
108706428	money.n.02	0.681
108706451	money.n.02	0.711
108708712	wealth.n.01	0.551
100322671	money.n.01	0.565
108711453	cost.n.01	0.941
100322900	money.n.01	0.839
100323101	money.n.01	0.94
117100404	money.n.01	0.86
100323402	money.n.01	0.677
100323588	money.n.01	0.752
108712507	net_income.n.01	0.994
117101819	money.n.01	0.69
100325283	money.n.01	0.9
100325319	money.n.02	0.667
108713979	money.n.01	0.905
100325638	money.n.01	0.952
100325915	money.n.01	0.887
117103349	money.n.01	0.948
117103411	money.n.01	0.865
100327087	money.n.01	0.915
100327110	money.n.01	0.903
100327121	money.n.01	0.9
108715792	means.n.03	0.88
108716507	money.n.01	0.728
108716552	money.n.01	0.75
117105376	money.n.01	0.941
117105521	money.n.02	0.733
100328328	money.n.01	0.805
108717165	valuable.n.01	None
108717245	loot.n.01	None
100328963	money.n.01	0.565
100329003	money.n.01	0.901
100329066	money.n.01	0.753
108717702	wage.n.01	None
100330933	money.n.01	0.835
108720440	bribe.n.01	None
108720544	money.n.01	0.9
100332070	money.n.01	0.952
108720785	money.n.01	0.829
100333100	money.n.01	0.918
100333172	money.n.02	0.554
100333337	money.n.01	0.923
100333573	money.n.01	0.836
117111753	expense.n.01	0.975
117111982	property.n.01	0.989
108723589	money.n.01	0.759
108723672	wealth.n.03	0.516
117113147	money.n.01	0.942
100335977	money.n.01	0.684
100336820	money.n.01	0.795
100336831	money.n.01	0.724
100336944	money.n.01	0.749
108726628	money.n.01	0.88
100338411	money.n.01	0.871
108727102	treasure.n.01	0.745
100338927	money.n.01	0.791
100338952	money.n.01	0.748
100339003	money.n.01	0.92
108730447	property.n.01	0.986
108730656	money.n.01	0.84
117120629	money.n.01	0.939
117120954	money.n.01	0.957
100344870	money.n.01	0.882
100344910	money.n.01	0.85
117122846	money.n.01	0.817
117122875	money.n.01	0.914
100346024	money.n.01	0.96
100346223	bribe.n.01	None
100346457	money.n.01	0.906
100346594	money.n.01	0.923
117123950	money.n.01	0.948
108737664	money.n.01	0.759
117127181	money.n.01	0.925
108738648	money.n.01	0.9
108738922	wealth.n.03	0.484
108738936	treasure.n.01	0.812
117129036	money.n.01	0.685
100353619	money.n.01	0.852
100354534	money.n.02	0.595
117133293	money.n.01	0.799
117133503	money.n.01	0.896
108745003	loot.n.01	None
100356990	tax_income.n.01	0.712
117134443	money.n.01	0.761
100357486	treasure.n.01	0.664
100357543	money.n.01	0.728
100357736	money.n.01	0.918
117136029	sum.n.01	None
117136098	rich_people.n.01	None
108747980	property.n.01	0.987
117136977	money.n.01	0.965
117137270	money.n.01	0.618
117137324	money.n.01	0.575
117138102	money.n.01	0.9
108749840	property.n.01	0.994
100361479	person.n.01	0.933
100361536	money.n.01	0.971
117140518	money.n.01	0.537
117141193	money.n.01	0.577
117141215	money.n.01	0.952
117142355	money.n.01	0.978
117142359	money.n.01	0.947
117142873	money.n.01	0.98
117142951	money.n.01	0.915
117143408	money.n.01	0.955
100367854	commodity.n.01	0.81
108756633	money.n.01	0.7
100368820	money.n.01	0.949
108757502	money.n.01	0.926
108757621	money.n.01	0.906
108760688	money.n.01	0.491
108761023	money.n.01	0.734
117150137	money.n.01	0.784
117150263	treasury.n.01	0.952
108764199	money.n.01	0.713
108764237	money.n.01	0.777
108764378	money.n.01	0.949
117153825	money.n.01	0.876
108765275	wealth.n.03	0.395
108765292	money.n.02	0.649
108766635	money.n.01	0.834
108766921	sum.n.01	None
117156810	money.n.01	0.914
108768469	property.n.01	0.996
100380101	money.n.01	0.898
108769673	money.n.01	0.916
108769713	treasure.n.01	0.677
108770082	money.n.01	0.781
117159006	money.n.01	0.574
108772697	money.n.02	0.613
117161832	money.n.01	0.942
108773453	money.n.01	0.914
117162505	money.n.01	0.861
108774736	money.n.01	0.926
100386541	fine.n.01	None
117164751	money.n.02	0.657
108776640	property.n.01	0.993
108776701	property.n.01	0.99
117167481	money.n.01	0.93
117167490	money.n.01	0.891
108778902	pleasure.n.01	0.407
108779011	wealth.n.03	0.64
108779153	money.n.01	0.675
100390728	money.n.01	0.716
117168877	treasury.n.01	0.844
117168929	money.n.01	0.97
117169446	property.n.01	0.983
117169631	account.n.07	0.738
117169725	money.n.02	0.708
108781939	treasure.n.01	0.512
117170680	money.n.01	0.953
108782781	price.n.02	0.51
108783017	money.n.02	0.669
100394439	money.n.01	0.905
117171835	money.n.01	0.81
108783260	money.n.02	0.58
108783433	money.n.01	0.939
108784014	treasure.n.01	0.839
100395489	money.n.01	0.93
108784286	expense.n.01	0.795
100396071	treasure.n.01	0.521
117174063	money.n.01	0.885
117174567	money.n.01	0.958
108787777	money.n.01	0.863
108788074	money.n.01	0.88
117176698	money.n.02	0.648
108788102	money.n.01	0.905
117177106	money.n.01	0.54
117177147	money.n.01	0.703
108788763	weaponry.n.01	0.624
117177643	money.n.02	0.825
117178881	money.n.01	0.662
117179040	money.n.01	0.863
117179383	money.n.01	0.948
108791888	baggage.n.03	0.676
108791909	baggage.n.03	0.708
108792685	loot.n.01	None
108793208	money.n.01	0.942
117183364	money.n.01	0.959
108794838	wealth.n.03	0.498
117183559	money.n.01	0.685
108795280	wealth.n.03	0.573
117183911	money.n.01	0.673
117183941	money.n.01	0.85
117184053	money.n.01	0.761
117184384	money.n.01	0.728
117184416	money.n.01	0.894
117184924	money.n.01	0.87
108796790	valuable.n.01	None
108797075	cost.n.01	0.786
117185949	money.n.01	0.719
108797770	prisoner.n.01	None
108798063	treasure.n.01	0.932
117186715	money.n.01	0.847
117187501	money.n.01	0.763
117187869	money.n.01	0.585
108799723	sum.n.01	None
100411386	commodity.n.01	0.897
108801748	money.n.02	0.614
117191106	money.n.02	0.74
117192204	property.n.01	0.991
117192523	money.n.01	0.931
117193238	money.n.01	0.879
117193363	reward.n.02	0.579
117194400	money.n.01	0.97
117195105	reward.n.02	0.451
117195126	wages.n.01	0.478
117195170	money.n.01	0.922
117195174	money.n.01	0.922
117195198	money.n.01	0.863
117195267	money.n.01	0.904
117195299	money.n.01	0.962
117195339	money.n.01	0.95
117195364	money.n.01	0.937
117195407	spending.n.01	0.693
117195888	money.n.01	0.786
100418755	money.n.01	0.931
100419077	money.n.02	0.433
108808202	treasure.n.01	0.638
117196950	money.n.01	0.84
100419921	money.n.01	0.727
108808717	store.n.02	0.525
100420371	wealth.n.01	0.445
117197963	treasure.n.01	0.7
108809432	money.n.01	0.665
108809496	money.n.02	0.515
108809851	money.n.01	0.878
100421802	money.n.01	0.864
100422610	money.n.01	0.807
117199857	money.n.01	0.909
117199981	money.n.01	0.835
117200104	talent.n.02	0.631
117200130	money.n.01	0.913
117200218	money.n.01	0.975
108811843	money.n.01	0.483
117201934	money.n.01	0.767
100425421	treasure.n.01	0.817
117202719	money.n.01	0.971
117202951	money.n.01	0.907
108814393	spoil.n.01	0.975
117203157	money.n.01	0.754
108814802	money.n.01	0.905
100426275	money.n.01	0.919
100426396	money.n.01	0.956
100426481	treasure.n.01	0.786
100426519	money.n.01	0.735
117203746	fund.n.01	0.978
100426588	wealth.n.03	0.518
100426615	wealth.n.03	0.607
100426654	money.n.01	0.874
100426978	money.n.01	0.975
117204688	money.n.01	0.896
100429334	money.n.01	0.967
108818144	property.n.01	0.991
108818290	treasure.n.01	0.463
108819316	commodity.n.01	0.836
100431026	treasure.n.01	0.871
100431148	money.n.01	0.968
100431627	money.n.01	0.975
117210125	money.n.01	0.856
100433352	money.n.01	0.961
100433449	money.n.01	0.953
100434232	money.n.01	0.962
117211455	money.n.01	0.79
100434975	money.n.01	0.969
117212416	money.n.01	0.85
117212899	money.n.01	0.898
100435772	money.n.01	0.966
117212995	money.n.01	0.906
117213214	money.n.01	0.702
117213575	sum.n.01	None
117213639	money.n.01	0.865
100436473	money.n.01	0.939
117213741	money.n.01	0.946
117213905	money.n.01	0.679
117213918	money.n.01	0.91
108825973	money.n.01	0.95
108826028	treasure.n.01	0.94
108826188	money.n.01	0.873
117215282	money.n.01	0.808
117216584	money.n.01	0.749
117216875	money.n.01	0.906
117216944	money.n.01	0.707
108828525	thing.n.01	0.552
117217333	money.n.01	0.907
117217392	money.n.01	0.941
117217503	money.n.01	0.78
117217803	money.n.01	0.976
100440643	money.n.01	0.841
100440867	money.n.01	0.935
108829600	treasure.n.01	0.932
108829665	money.n.01	0.986
108829893	money.n.01	0.962
108830825	money.n.01	0.954
100442337	commodity.n.01	0.684
100442354	wealth.n.03	0.501
100442496	commodity.n.01	None
108831298	possession.n.02	0.979
117220119	money.n.01	0.923
100443108	commodity.n.01	None
100443545	money.n.01	0.981
100444094	commodity.n.01	None
108833372	money.n.01	0.962
108834201	property.n.01	0.989
108835650	money.n.02	0.506
100448010	money.n.01	0.94
100448081	money.n.01	0.738
100448107	money.n.01	0.905
108837233	money.n.01	0.943
117225844	money.n.01	0.81
108837866	wealth.n.03	0.513
108838207	money.n.01	0.922
108840481	estate.n.02	0.714
108840510	estate.n.01	0.894
108841800	money.n.01	0.702
108842037	treasure.n.01	0.912
117230659	money.n.01	0.979
108842426	money.n.01	0.881
108842613	money.n.02	0.609
108842754	treasure.n.01	0.499
100455715	money.n.01	0.955
100455737	money.n.01	0.944
100456824	money.n.01	0.946
100456914	money.n.01	0.962
117234391	money.n.01	0.884
100457240	money.n.02	0.677
100457265	money.n.01	0.881
100457576	money.n.01	0.939
108846317	money.n.01	0.874
100458141	money.n.01	0.921
100459695	money.n.01	0.745
100459711	money.n.01	0.878
117237143	money.n.01	0.928
108850491	resource.n.01	0.97
108850578	money.n.01	0.941
108850682	money.n.01	0.914
100462829	money.n.01	0.949
108851785	money.n.01	0.877
108852062	money.n.01	0.795
108852721	public_property.n.01	None
100464314	money.n.01	0.893
100464446	money.n.01	0.942
100464637	money.n.01	0.937
100464663	money.n.01	0.954
100464691	purse.n.03	0.635
100464738	charge.n.07	0.918
100465311	money.n.01	0.824
108854591	money.n.01	0.95
108854642	sum.n.01	None
108854654	money.n.01	0.932
100466367	money.n.01	0.914
100467356	money.n.01	0.944
100468060	money.n.01	0.855
108856961	money.n.01	0.947
108856996	money.n.01	0.929
100468412	purse.n.03	0.395
108858218	wealth.n.01	0.562
108858499	ransom.n.01	0.566
108858724	money.n.01	0.936
100470486	money.n.01	0.777
108859465	treasure.n.01	0.412
100471137	money.n.01	0.945
100472136	money.n.01	0.93
108861176	money.n.02	0.671
108862256	thing.n.01	0.696
108862292	commodity.n.01	0.682
108864003	money.n.02	0.698
100477185	money.n.01	0.885
100477288	sum.n.01	None
108866365	money.n.01	0.899
100479544	commodity.n.01	0.765
108868427	money.n.02	0.6
108869481	money.n.01	0.879
108870288	money.n.01	0.905
108870652	money.n.02	0.887
108873151	commodity.n.01	0.491
108873438	money.n.01	0.952
108875509	treasure.n.01	0.571
108875835	treasure.n.01	0.92
108875851	money.n.01	0.933
108875903	money.n.01	0.882
108877181	wealth.n.03	0.502
108879205	property.n.01	0.997
100492300	price.n.02	0.663
108881898	treasure.n.03	0.42
108883030	money.n.02	0.598
108883751	baggage.n.03	0.796
100497436	wealth.n.03	0.415
108886236	wealth.n.03	0.526
108890656	wealth.n.03	0.523
108893787	wealth.n.03	0.423
108896922	money.n.01	0.944
108898919	money.n.01	0.958
108899043	money.n.01	0.756
108899078	money.n.01	0.905
108899760	sum.n.01	0.887
108900133	money.n.01	0.849
108903926	money.n.01	0.897
108904232	money.n.01	0.896
108904310	money.n.01	0.881
108904329	money.n.01	0.791
108907622	money.n.01	0.798
108907893	money.n.01	0.922
108909214	fund.n.01	0.907
108909333	bribe.n.01	None
108910697	event.n.01	0.961
100525780	treasure.n.01	0.507
108918220	money.n.01	0.854
108920984	money.n.01	0.872
108921167	treasure.n.01	0.828
108921199	money.n.01	0.978
100532889	money.n.01	0.809
108921743	money.n.01	0.647
108921831	money.n.01	0.961
108922301	money.n.02	0.497
100533911	treasure.n.01	0.658
108923215	cost.n.01	0.841
108923864	money.n.01	0.929
117312569	wonder.n.02	None
100535402	money.n.01	0.871
108924129	money.n.01	0.671
100536976	inheritance.n.02	0.86
100537157	property.n.01	0.996
108928786	money.n.01	0.983
100541301	wealth.n.03	0.552
108930504	money.n.01	0.752
100542171	wealth.n.01	0.497
117320722	treasure.n.01	0.929
108934002	sum.n.01	0.827
108935191	wealth.n.01	0.504
108935474	treasure.n.01	0.915
108936005	treasure.n.01	0.891
108936209	treasure.n.01	0.723
108936515	money.n.01	0.505
108937672	money.n.01	0.884
108937686	money.n.01	0.987
108937692	money.n.01	0.987
108937926	treasure.n.01	0.928
108937942	treasure.n.01	0.906
108938859	money.n.01	0.932
108939712	wealth.n.03	0.482
108940474	store.n.02	0.817
108941226	store.n.02	0.917
108941661	mean.n.01	None
108941945	property.n.01	0.996
108946673	possession.n.02	0.976
117337975	bribe.n.01	None
108953318	gift.n.01	0.928
108953368	money.n.01	0.543
108954658	sum.n.01	None
108954728	property.n.01	0.976
108954810	property.n.01	0.989
108956018	property.n.01	0.996
117344642	money.n.01	0.92
108956370	thing.n.04	0.837
108956912	money.n.01	0.954
108956942	money.n.01	0.948
117345597	resource.n.01	0.743
108958309	treasure.n.01	0.874
117347226	store.n.02	0.92
108961482	property.n.01	0.991
108961645	property.n.01	0.992
100574549	money.n.02	0.812
108963738	money.n.01	0.595
100577259	wealth.n.01	0.464
100578454	thing.n.01	0.701
108968106	money.n.01	0.498
100580837	wealth.n.01	0.714
100580856	wealth.n.03	0.448
108974775	sake.n.01	0.928
108975694	money.n.01	0.906
108976487	money.n.01	0.732
108976536	money.n.01	0.911
108977546	treasure.n.01	0.708
117366324	money.n.01	0.98
108977807	money.n.02	0.534
108982391	money.n.01	0.565
108983661	money.n.02	0.523
108984874	property.n.01	0.995
117377209	wealth.n.03	0.636
100600737	good.n.03	0.519
108991385	wealth.n.03	0.564
100602938	thing.n.08	0.462
108993669	wealth.n.01	0.505
108993752	money.n.01	0.867
108995381	money.n.01	0.709
108995561	treasure.n.01	0.741
108996309	belonging.n.01	None
100608752	wealth.n.01	0.424
108997516	money.n.01	0.811
108997781	money.n.01	0.687
100609649	possession.n.02	0.932
109001575	resource.n.01	0.829
109001616	money.n.02	0.824
109002082	treasure.n.01	0.92
109002234	money.n.01	0.811
109004209	sum.n.01	None
109006271	money.n.01	0.954
100618510	thing.n.08	0.704
109007613	money.n.01	0.943
109010011	loot.n.01	None
109011583	treasure.n.01	0.918
109011798	money.n.01	0.873
109012869	money.n.01	0.618
109012926	money.n.02	0.824
109013150	value.n.02	0.874
109014017	money.n.01	0.869
109015471	wonder.n.02	0.924
109018966	baggage.n.03	0.545
109020692	money.n.01	0.964
109020903	money.n.01	0.892
109021746	bribe.n.01	None
109022133	cab.n.03	0.858
109024941	money.n.01	0.808
109025164	money.n.02	0.71
109026248	treasure.n.01	0.89
109027228	treasure.n.01	0.541
109027730	treasure.n.01	0.931
109028049	treasure.n.03	0.388
109029575	money.n.01	0.938
109033072	wealth.n.01	0.517
100644513	topic.n.02	0.529
109033305	property.n.01	0.995
109033349	wealth.n.03	0.446
109034117	money.n.01	0.98
109034300	money.n.01	0.672
109038688	property.n.01	0.996
109039276	money.n.01	0.977
109043870	money.n.01	0.793
109044000	treasure.n.01	0.649
109044092	treasure.n.01	0.935
100658022	money.n.01	0.931
100658091	money.n.01	0.958
100658335	money.n.02	0.882
100658377	sum.n.01	0.904
100658821	money.n.01	0.936
100658962	sum.n.01	0.831
100659045	money.n.01	0.866
100659440	money.n.01	0.681
100659542	money.n.01	0.934
100659609	money.n.02	0.543
100660142	property.n.01	0.996
109048841	money.n.01	0.87
100660304	money.n.01	0.512
100660544	sum.n.01	None
109049293	treasure.n.01	0.936
109049426	money.n.02	0.635
100661065	money.n.01	0.901
100661235	money.n.01	0.793
100661541	money.n.01	0.828
109050401	money.n.01	0.901
109050810	treasure.n.01	0.8
109050929	money.n.01	0.975
100663190	money.n.01	0.934
