109052652	people.n.01	0.826
109060324	state.n.04	0.789
109066015	citizenry.n.01	0.692
109066538	state.n.04	0.792
117462985	state.n.04	0.503
117463793	state.n.04	0.721
117463835	race.n.03	0.988
100688024	race.n.03	0.991
100690962	state.n.04	0.885
100697134	state.n.04	0.819
117475369	state.n.04	0.631
117475451	race.n.03	0.99
117487555	nation.n.02	0.361
117490087	citizenry.n.01	0.616
117490090	nation.n.02	0.624
117490163	nation.n.02	0.413
117494326	heathen.n.01	None
117497710	state.n.04	0.834
117512086	heathen.n.01	None
117513195	state.n.04	0.891
117515226	heathen.n.01	None
117516924	heathen.n.01	None
117518943	heathen.n.01	None
117524989	heathen.n.01	None
117526751	state.n.04	0.528
117534206	state.n.04	0.698
117536581	heathen.n.01	None
100762246	people.n.01	0.651
100762982	tribe.n.01	0.95
117541476	state.n.04	0.613
100764861	state.n.04	0.934
117543614	state.n.04	0.791
117546292	heathen.n.01	None
117563571	state.n.04	0.565
117564483	state.n.04	0.75
117564490	state.n.04	0.628
117576419	state.n.04	0.849
117576750	heathen.n.01	None
117576867	state.n.04	0.528
100802326	brood.n.01	None
109195034	people.n.01	0.53
117584993	state.n.04	0.411
117586435	heathen.n.01	None
117588469	state.n.04	0.738
117588556	state.n.04	0.727
117588726	state.n.04	0.719
117588760	nation.n.02	0.611
109200235	people.n.01	0.656
117592227	state.n.04	0.833
117596920	state.n.04	0.595
117597000	state.n.04	0.638
117605907	state.n.04	0.777
117607766	state.n.04	0.633
117609113	state.n.04	0.677
117615010	nation.n.02	0.656
117620394	paganism.n.01	None
100848972	tribe.n.01	0.935
117632763	state.n.04	0.787
109257393	state.n.04	0.829
109260781	state.n.04	0.792
109262851	state.n.04	0.507
109263111	tribe.n.01	0.986
109263899	state.n.04	0.761
109264447	state.n.04	0.59
109269356	state.n.04	0.696
109269935	citizenry.n.01	0.729
109269941	citizenry.n.01	0.7
100881336	people.n.01	0.919
100881534	state.n.04	0.923
100887955	state.n.04	0.911
100888244	people.n.01	0.897
100888419	nation.n.02	0.749
100888510	state.n.04	0.875
100888518	people.n.01	0.893
100888531	breed.n.01	0.545
100888544	citizenry.n.01	0.701
100888927	lineage.n.01	0.602
100890612	state.n.04	0.945
109279305	nation.n.02	0.709
100891611	state.n.04	0.936
100892407	state.n.04	0.757
100895599	people.n.01	0.865
100895749	state.n.04	0.892
100896495	state.n.04	0.859
100896570	state.n.04	0.91
100896583	state.n.04	0.853
100896830	state.n.04	0.888
100901986	tribe.n.01	0.987
100902024	state.n.04	0.913
100903499	tribe.n.01	0.944
100904289	state.n.04	0.746
100906578	state.n.04	0.95
100907565	state.n.04	0.928
100909675	state.n.04	0.917
100911635	state.n.04	0.525
100911646	people.n.01	0.872
100911682	people.n.01	0.954
100911969	nation.n.02	0.422
100912137	state.n.04	0.894
109301144	state.n.04	0.912
100918497	people.n.01	0.507
100918600	state.n.04	0.956
100922452	country.n.02	0.671
100925527	state.n.04	0.791
100928488	state.n.04	0.903
100929108	people.n.01	0.829
100929555	state.n.04	0.861
100952333	state.n.04	0.915
100956046	citizenry.n.01	0.531
100956051	state.n.01	0.998
100956064	state.n.01	0.998
100957168	nation.n.04	0.797
109349812	race.n.03	0.983
100961927	people.n.01	0.782
100965624	state.n.04	0.932
100966250	earth.n.01	0.765
100968046	tribe.n.01	0.99
100968125	tribe.n.01	0.994
100968220	nation.n.02	0.61
100968492	state.n.04	0.613
100968845	state.n.04	0.68
100969868	country.n.02	0.818
100970380	nation.n.04	0.589
100970483	peninsula.n.01	None
100971519	state.n.04	0.918
100971525	state.n.04	0.684
100971545	state.n.04	0.833
117750097	state.n.04	0.756
100974361	tribe.n.01	0.97
100974412	tribe.n.01	0.938
100974440	tribe.n.01	0.982
100976832	state.n.04	0.904
100978280	state.n.04	0.657
100978398	people.n.01	0.952
100979021	nation.n.02	0.642
100979411	state.n.04	0.534
100980151	state.n.04	0.917
100980376	state.n.04	0.705
100986894	tribe.n.01	0.978
100987166	tribe.n.01	0.991
100987197	country.n.02	0.935
100988441	nation.n.02	0.726
100990178	state.n.04	0.776
100990196	state.n.04	0.955
100991351	people.n.01	0.744
100991370	state.n.04	0.688
100991398	state.n.04	0.962
100995685	state.n.04	0.921
101007627	state.n.04	0.824
101010759	state.n.04	0.865
101012799	state.n.04	0.958
101026500	state.n.04	0.889
101026792	state.n.04	0.8
101026965	state.n.04	0.876
101029776	state.n.04	0.869
101032085	state.n.04	0.772
101033501	state.n.04	0.846
101034050	state.n.04	0.871
101034691	state.n.04	0.871
101036137	tribe.n.01	0.986
101036192	nation.n.02	0.603
101036234	state.n.04	0.891
101036431	state.n.04	0.765
101036690	nation.n.02	0.438
101037030	tribe.n.01	0.967
101037463	state.n.04	0.89
101037472	state.n.04	0.824
101037505	state.n.04	0.967
101037821	state.n.04	0.812
101039339	tribe.n.01	0.991
101039771	tribe.n.01	0.966
101041549	state.n.04	0.554
101046214	lineage.n.01	0.427
101049075	state.n.04	0.953
101052557	state.n.04	0.733
101063007	state.n.04	0.915
101063071	citizenry.n.01	0.681
101063832	state.n.04	0.895
101063859	state.n.04	0.853
101063881	state.n.04	0.851
101063957	state.n.04	0.955
101068494	state.n.04	0.807
101069362	state.n.04	0.941
101069391	state.n.04	0.914
101077150	nation.n.02	0.831
101077776	state.n.04	0.846
101078521	state.n.04	0.916
101078668	state.n.04	0.765
101088450	state.n.04	0.915
109531858	state.n.04	0.672
117956791	citizenry.n.01	0.568
117989053	state.n.04	0.877
117996439	state.n.04	0.76
117998895	state.n.04	0.807
109688726	state.n.04	0.674
101311813	state.n.04	0.833
109701019	state.n.04	0.538
101313717	state.n.04	0.729
101337275	people.n.01	0.88
101337293	people.n.01	0.591
101337485	people.n.01	0.86
101367575	state.n.04	0.89
101370287	state.n.04	0.97
109774509	state.n.04	0.831
109774628	tribe.n.01	0.989
118174296	people.n.01	0.866
118174661	people.n.01	0.906
118174831	people.n.01	0.7
118175350	people.n.01	0.879
118178273	spear.n.01	0.988
109789888	tribe.n.01	0.993
118180125	people.n.01	0.724
101406169	state.n.04	0.944
101410112	sex.n.02	0.724
109799971	nation.n.02	0.74
101426243	tribe.n.01	0.975
101444596	state.n.04	0.541
101444603	state.n.04	0.541
101455226	tribe.n.01	0.99
101468665	tribe.n.01	0.984
109864362	state.n.04	0.71
101476617	nation.n.02	0.665
109875424	state.n.04	0.522
109875451	nation.n.02	0.723
101490934	people.n.01	0.632
101502438	state.n.04	0.902
101502541	state.n.04	0.77
101502550	people.n.01	0.527
101502568	state.n.04	0.796
101502597	state.n.04	0.792
101502655	state.n.04	0.873
101502689	state.n.04	0.681
109896727	state.n.04	0.757
101510351	state.n.04	0.954
101510380	state.n.04	0.876
101512284	state.n.04	0.569
109914089	state.n.04	0.837
109914293	state.n.04	0.758
109915211	state.n.04	0.538
109915980	state.n.04	0.8
118305736	tribe.n.01	0.845
118308951	foreigner.n.01	0.961
101536548	nation.n.02	0.505
118313790	state.n.01	0.998
109929036	nation.n.02	0.756
118322010	tribe.n.01	0.917
118323533	people.n.01	0.649
118324020	people.n.01	0.578
101548857	state.n.04	0.83
101548930	state.n.04	0.622
118333107	state.n.04	0.764
118338439	state.n.04	0.891
118340822	people.n.01	0.64
109959409	nation.n.02	0.493
101578618	state.n.04	0.93
101589082	state.n.04	0.86
101589283	state.n.04	0.925
101590232	state.n.04	0.759
101590382	state.n.04	0.843
101592394	state.n.04	0.898
101592539	state.n.04	0.908
118370852	tribe.n.01	0.98
118372634	race.n.03	0.995
118374539	state.n.04	0.643
101602641	state.n.04	0.818
118379977	state.n.04	0.881
101602931	tribe.n.01	0.975
109994711	empire.n.01	0.832
118383391	race.n.01	0.404
109994908	state.n.04	0.865
109998601	state.n.01	0.999
110001162	state.n.01	1.0
110004987	state.n.04	0.912
118393652	state.n.04	0.927
110005222	state.n.01	0.999
110006921	territory.n.03	0.786
110007157	race.n.03	0.991
110007630	people.n.01	0.849
110007656	people.n.01	0.726
118396674	state.n.04	0.916
110008414	state.n.01	0.998
110008425	state.n.04	0.918
110008972	state.n.01	0.999
110011713	state.n.01	0.999
110012280	state.n.01	0.998
110012470	state.n.01	0.999
118402024	state.n.04	0.664
110014823	state.n.01	0.999
110015465	region.n.01	0.871
110016624	state.n.04	0.963
110019294	state.n.01	0.999
110020543	state.n.01	0.998
110021074	state.n.01	0.999
110022333	state.n.01	0.999
110022493	state.n.01	0.995
110023169	state.n.01	0.998
110023968	state.n.04	0.906
110023983	tribe.n.01	0.932
110032551	state.n.04	0.96
110032636	state.n.04	0.817
110032699	state.n.01	0.999
110033201	state.n.01	0.999
110033352	state.n.04	0.847
110034870	state.n.01	0.998
110035344	state.n.01	0.997
118425031	state.n.04	0.82
110037598	state.n.04	0.885
110037646	state.n.01	0.995
110037755	state.n.01	0.998
110037842	state.n.01	0.999
110038015	state.n.01	0.998
110038445	state.n.01	1.0
110038451	state.n.01	0.999
118427084	state.n.04	0.942
110038508	state.n.01	1.0
118427198	state.n.04	0.822
110038956	state.n.01	0.998
118427604	people.n.01	0.743
110039303	state.n.01	0.999
110039834	state.n.01	0.998
110039885	state.n.01	0.998
110039914	state.n.01	0.999
110040711	state.n.01	1.0
110040769	state.n.01	0.998
110041584	state.n.01	0.998
101653087	tribe.n.01	0.976
110043488	state.n.01	1.0
110045433	state.n.04	0.841
110046272	state.n.01	0.996
110046634	state.n.01	0.992
110046668	state.n.04	0.932
110046732	peasant.n.01	0.808
110046791	state.n.01	0.998
110046838	state.n.01	0.994
118435987	people.n.01	0.715
110047459	tribe.n.01	0.79
101659009	race.n.03	0.961
110048140	tribe.n.01	0.938
101659820	race.n.02	0.712
118440220	citizenry.n.01	0.535
101664404	race.n.03	0.977
110053319	race.n.03	0.965
101665423	race.n.03	0.983
118445700	tribe.n.01	0.964
101668879	race.n.03	0.953
101671028	tribe.n.01	0.937
110065209	nation.n.02	0.653
118456795	state.n.04	0.872
118457380	state.n.04	0.895
118459742	people.n.01	0.524
110073190	tribe.n.03	0.571
110075143	race.n.03	0.933
110076760	tribe.n.03	0.924
118465452	tribe.n.01	0.97
118468456	state.n.04	0.583
110080897	tribe.n.01	0.836
110082482	tribe.n.01	0.938
110082676	tribe.n.01	0.957
118473262	people.n.01	0.796
110086532	tribe.n.01	0.928
118477184	tribe.n.01	0.936
118477706	state.n.04	0.982
118492566	state.n.04	0.808
110104490	state.n.04	0.611
110106187	state.n.04	0.578
110106189	state.n.04	0.742
110106224	state.n.04	0.7
110106284	state.n.04	0.538
118495358	tribe.n.01	0.987
110107561	state.n.04	0.727
118497877	tribe.n.01	0.765
110110765	nation.n.02	0.666
118500841	state.n.04	0.803
118507910	tribe.n.01	0.969
110119371	state.n.04	0.703
110120749	state.n.04	0.601
110120751	state.n.04	0.741
110120799	state.n.04	0.506
118510319	tribe.n.01	0.928
110129636	nation.n.02	0.807
110135861	state.n.04	0.55
110142616	state.n.04	0.652
110142618	state.n.04	0.763
110142842	state.n.04	0.796
110142873	state.n.04	0.528
110144389	state.n.04	0.791
110146135	state.n.04	0.553
110156636	state.n.04	0.658
110156676	nation.n.02	0.574
110156699	nation.n.02	0.657
110156705	state.n.04	0.499
110161877	nation.n.02	0.784
110165003	state.n.04	0.608
101778544	sect.n.01	0.951
110168517	state.n.04	0.816
110169347	nation.n.04	0.762
110169770	people.n.01	0.744
110171685	nation.n.02	0.695
110171954	state.n.04	0.641
110173770	state.n.04	0.708
110174727	state.n.04	0.744
110177094	state.n.04	0.621
110181790	state.n.04	0.587
110181902	state.n.04	0.544
110182039	nation.n.02	0.782
110182922	nation.n.02	0.699
110184764	state.n.04	0.539
110185100	state.n.04	0.633
110186965	state.n.04	0.554
110186996	state.n.04	0.81
101800171	class.n.03	0.466
110190253	state.n.04	0.769
110190256	nation.n.02	0.655
110193204	state.n.04	0.617
110207446	state.n.04	0.694
110218892	nation.n.02	0.577
110230922	state.n.04	0.525
110238196	state.n.04	0.731
110239407	state.n.04	0.516
110240226	state.n.04	0.778
110241720	state.n.04	0.587
110241769	state.n.04	0.785
110241944	state.n.04	0.412
110242198	state.n.04	0.664
110242397	state.n.04	0.725
110242966	state.n.04	0.504
110243434	nation.n.02	0.68
110243505	state.n.04	0.698
110244005	state.n.04	0.724
110244578	state.n.04	0.836
110245061	state.n.04	0.675
110245215	state.n.04	0.855
110245834	state.n.04	0.782
110246229	state.n.04	0.568
110246502	state.n.04	0.502
110246657	state.n.04	0.768
110247565	state.n.04	0.662
110247650	nation.n.02	0.702
110248274	region.n.03	0.791
118649749	tribe.n.01	0.829
118680655	people.n.01	0.525
118681862	state.n.04	0.962
118683291	tribe.n.01	0.992
118692422	state.n.04	0.832
118720179	state.n.04	0.6
118724978	state.n.01	0.993
118747132	population.n.01	0.691
118747152	district.n.01	None
118747581	race.n.03	0.998
118750128	race.n.03	0.985
118751276	race.n.03	0.987
118751960	race.n.03	0.99
118752115	race.n.03	0.963
118759011	race.n.03	0.993
118762105	race.n.03	0.993
118763012	coinage.n.01	None
118763270	population.n.02	0.918
118768218	race.n.03	0.985
118768343	people.n.01	0.938
118770355	race.n.03	0.984
118770865	tribe.n.01	0.961
110390568	state.n.04	0.854
118787590	mob.n.01	0.66
118790332	crowd.n.01	0.849
118792944	state.n.04	0.739
118794527	tribe.n.01	0.986
118796382	state.n.04	0.765
118796567	state.n.04	0.561
118799189	state.n.04	0.504
118799608	country.n.02	0.686
118800267	country.n.02	0.765
118803803	state.n.01	0.997
118803832	state.n.01	0.997
118805750	race.n.03	0.868
118809910	race.n.03	0.989
118812166	people.n.01	0.748
118813748	mob.n.01	0.622
118816176	tribe.n.01	0.986
118817028	race.n.03	0.987
118818250	race.n.03	0.618
118818280	district.n.01	None
118818680	class.n.01	0.471
118821217	state.n.01	0.999
118823205	state.n.01	0.995
118827402	state.n.01	0.999
102058494	tribe.n.01	0.931
102059830	group.n.01	1.0
118844236	tribe.n.01	0.958
118848834	tribe.n.01	0.976
118855185	people.n.01	0.579
118856676	people.n.01	0.507
118856710	people.n.01	0.898
118858477	breed.n.01	0.895
118860203	people.n.01	0.758
102083729	class.n.03	0.903
102084149	class.n.03	0.607
118861764	state.n.04	0.647
118863404	people.n.01	0.723
102087143	class.n.01	0.886
118865002	tribe.n.01	0.982
118867656	tribe.n.01	0.944
118869259	people.n.01	0.813
118870136	country.n.02	0.744
118873404	state.n.04	0.943
118873505	class.n.03	0.544
118875650	people.n.01	0.82
118875920	people.n.01	0.587
118876812	state.n.04	0.921
118877103	tribe.n.01	0.785
102100775	class.n.03	0.7
118879829	tribe.n.01	0.982
118882731	state.n.04	0.917
118888501	people.n.01	0.541
118892750	tribe.n.01	0.993
118897942	people.n.01	0.847
118899333	citizenry.n.01	0.6
102127031	people.n.01	0.861
118931447	state.n.04	0.919
102156338	tribe.n.01	0.908
102182186	tribe.n.03	0.838
102183131	tribe.n.01	0.977
102183644	class.n.03	0.697
102196514	state.n.04	0.863
118985391	state.n.04	0.558
118985709	state.n.04	0.872
118986576	state.n.04	0.534
118986689	nation.n.02	0.521
118986697	state.n.04	0.622
118986997	state.n.04	0.607
118987991	nation.n.02	0.696
118988399	state.n.04	0.523
118988401	state.n.04	0.639
102211331	state.n.04	0.833
118989039	heathen.n.01	None
118989180	state.n.04	0.558
118989249	state.n.04	0.623
118989374	state.n.04	0.615
118990982	nation.n.02	0.645
118991234	state.n.04	0.819
118992210	race.n.03	0.976
118992611	state.n.04	0.554
102216627	state.n.04	0.903
118997862	state.n.04	0.722
119000179	nation.n.02	0.593
119004273	state.n.04	0.515
119004653	state.n.04	0.628
119004672	state.n.04	0.526
119004739	nation.n.02	0.688
119004802	people.n.01	0.875
119004842	state.n.04	0.758
119004905	people.n.01	0.711
119004908	nation.n.02	0.508
119005206	state.n.04	0.591
119005212	state.n.04	0.564
119006040	people.n.01	0.755
119006046	state.n.04	0.504
119006048	nation.n.02	0.504
119006880	state.n.04	0.76
119007123	state.n.04	0.889
119007970	state.n.04	0.51
119007972	state.n.04	0.573
119008434	state.n.04	0.516
119008594	heathen.n.01	None
119008949	nation.n.02	0.393
119010049	nation.n.02	0.533
119010098	state.n.04	0.71
119010135	nation.n.02	0.635
119010388	state.n.04	0.883
119010558	state.n.04	0.895
119010736	people.n.01	0.739
102234178	nation.n.02	0.601
119011588	state.n.04	0.663
119011798	state.n.04	0.603
119012498	state.n.04	0.663
119014076	state.n.04	0.885
119014199	state.n.04	0.652
119015440	state.n.04	0.644
119016636	state.n.04	0.845
102243086	class.n.03	0.939
119021218	state.n.04	0.83
119021254	state.n.04	0.841
119021564	state.n.04	0.732
119021669	nation.n.02	0.575
119021908	nation.n.02	0.556
119021917	state.n.04	0.687
119021933	state.n.04	0.724
119021984	state.n.04	0.597
119022624	state.n.04	0.543
119022719	nation.n.04	0.57
119028743	state.n.04	0.68
119032320	state.n.04	0.786
119032517	state.n.04	0.458
119032540	state.n.04	0.611
119032587	state.n.04	0.67
119032645	nation.n.02	0.647
119032677	state.n.04	0.603
119032708	state.n.04	0.722
119035543	state.n.04	0.758
119036949	state.n.04	0.747
119036965	state.n.04	0.525
119036996	state.n.04	0.719
119038023	state.n.04	0.606
119040254	state.n.04	0.657
119040360	state.n.04	0.728
119040378	state.n.04	0.821
119040391	state.n.04	0.664
119041801	state.n.04	0.835
119042101	state.n.04	0.86
119046608	state.n.04	0.671
119046855	state.n.04	0.616
119046932	state.n.04	0.537
119046934	state.n.04	0.626
119047019	state.n.04	0.708
119047923	state.n.04	0.654
119049287	state.n.04	0.853
119050377	state.n.04	0.888
119051060	state.n.04	0.771
119051120	nation.n.02	0.582
119051143	nation.n.02	0.694
119051157	state.n.04	0.81
119051170	state.n.04	0.788
119051189	state.n.04	0.597
119051360	nation.n.02	0.557
119051411	state.n.04	0.605
119051614	nation.n.02	0.708
119051637	state.n.04	0.655
119051674	nation.n.02	0.646
119051774	nation.n.02	0.593
119051902	state.n.04	0.861
119052043	state.n.04	0.505
119052072	state.n.04	0.726
119052081	state.n.04	0.78
119052088	nation.n.02	0.591
119052582	state.n.04	0.755
119052648	state.n.04	0.707
119052723	people.n.01	0.754
119052743	state.n.04	0.512
119052777	state.n.04	0.802
119052800	state.n.04	0.887
119052920	state.n.04	0.846
119053688	state.n.04	0.618
119054881	state.n.04	0.543
119056057	state.n.04	0.815
119056228	state.n.04	0.57
119056304	state.n.04	0.581
119056333	nation.n.02	0.494
119056342	nation.n.02	0.494
119056375	state.n.04	0.883
119062337	state.n.04	0.887
119085140	tribe.n.01	0.987
119085928	seashore.n.01	0.974
119092817	race.n.03	0.994
119095597	race.n.03	0.994
102350100	state.n.04	0.939
102350239	state.n.04	0.79
102350496	state.n.04	0.462
102350724	state.n.04	0.752
102350782	state.n.04	0.775
102350827	nation.n.04	0.574
102350841	state.n.04	0.504
102350917	state.n.04	0.779
102350953	state.n.04	0.775
102350973	nation.n.04	0.813
102351005	state.n.04	0.878
102351011	state.n.04	0.868
102351105	state.n.04	0.768
102351187	state.n.04	0.691
102351391	state.n.04	0.767
102351409	state.n.04	0.888
102351494	state.n.04	0.675
102351527	state.n.04	0.901
102351839	state.n.04	0.943
102351892	state.n.04	0.95
102351948	state.n.04	0.786
102352035	state.n.04	0.932
102352236	state.n.04	0.95
102352309	state.n.04	0.726
102352347	state.n.04	0.81
102352382	state.n.04	0.899
102352412	state.n.04	0.93
102352498	state.n.04	0.856
102352537	state.n.04	0.974
102352595	state.n.04	0.932
102352647	state.n.04	0.937
102352696	state.n.04	0.964
102353733	state.n.04	0.671
102353794	state.n.04	0.796
102353916	state.n.04	0.653
102353969	state.n.04	0.71
102354121	state.n.04	0.539
102354161	state.n.04	0.744
102354191	state.n.04	0.826
102354798	state.n.04	0.86
102354821	state.n.04	0.469
102354981	state.n.04	0.799
102355051	state.n.04	0.753
102355062	state.n.04	0.901
102355074	state.n.04	0.564
102355109	state.n.04	0.808
102355115	state.n.04	0.825
102355127	nation.n.04	0.509
102355133	nation.n.04	0.799
102355139	state.n.04	0.599
102355145	state.n.04	0.703
102355151	state.n.04	0.492
102355171	state.n.04	0.654
102355235	state.n.04	0.559
102355247	nation.n.02	0.665
102355266	state.n.04	0.721
102355279	nation.n.02	0.617
102355293	state.n.04	0.653
102355313	nation.n.04	0.683
102355322	state.n.04	0.809
102355343	state.n.04	0.961
102355391	state.n.04	0.965
102355439	state.n.04	0.888
102355461	state.n.04	0.754
102355563	state.n.04	0.973
102355631	state.n.04	0.989
102356174	state.n.04	0.962
102356347	state.n.04	0.88
102356496	state.n.04	0.969
102356559	state.n.04	0.976
102356762	state.n.04	0.83
102356774	state.n.04	0.689
102356990	state.n.04	0.646
102357099	state.n.04	0.957
102357573	state.n.04	0.791
102358006	state.n.04	0.652
102358019	state.n.04	0.813
102358202	state.n.04	0.76
102358522	state.n.04	0.784
102366182	people.n.01	0.714
102366252	state.n.04	0.618
119196821	earth.n.01	0.784
102430041	state.n.04	0.949
102430071	state.n.04	0.734
102431453	state.n.04	0.952
110858360	state.n.04	0.876
102514005	inhabitant.n.01	None
102514392	inhabitant.n.01	None
102514559	state.n.04	0.823
102514587	race.n.03	0.993
102515453	race.n.03	0.99
102515466	race.n.03	0.991
119390344	race.n.03	0.97
102971860	tribe.n.01	0.952
102972027	tribe.n.01	0.936
102974256	host.n.05	0.782
102982877	tribe.n.01	0.971
102983963	folk.n.01	0.794
102988941	tribe.n.01	0.951
103011798	state.n.04	0.578
103031736	tribe.n.01	0.958
103049147	state.n.04	0.889
103049177	tribe.n.01	0.974
103095178	state.n.04	0.679
103150903	class.n.03	0.617
103177115	citizen.n.01	None
103345341	group.n.01	0.998
103403958	tribe.n.01	0.977
103403997	tribe.n.01	0.905
103404021	tribe.n.01	0.873
103418491	tribe.n.01	0.92
103431232	tribe.n.01	0.981
103441750	state.n.04	0.775
103455998	race.n.03	0.994
103485208	tribe.n.01	0.94
103485266	tribe.n.01	0.967
103485298	tribe.n.01	0.957
120551695	state.n.04	0.95
120553663	state.n.01	0.998
120553710	tribe.n.01	0.98
120553726	country.n.02	0.748
120553756	people.n.01	0.766
120553861	people.n.01	0.641
120554023	tribe.n.01	0.972
120554080	tribe.n.01	0.976
120554204	state.n.04	0.95
120554229	citizenry.n.01	0.489
120574824	people.n.01	0.787
103808269	state.n.04	0.627
120639580	state.n.04	0.767
120643808	state.n.04	0.814
120647528	state.n.04	0.891
120648914	state.n.04	0.52
120651960	state.n.01	0.996
120660624	state.n.04	0.695
120668471	state.n.04	0.905
120668552	state.n.04	0.53
120669570	heathen.n.01	None
120680439	state.n.04	0.902
120681003	state.n.04	0.911
120684554	nation.n.02	0.54
120684563	state.n.04	0.671
120684592	state.n.04	0.702
120684595	nation.n.02	0.492
120684610	state.n.04	0.82
120685909	heathen.n.01	None
120688839	heathen.n.01	None
120688980	state.n.04	0.507
120689798	state.n.04	0.658
120689859	state.n.04	0.703
120693744	state.n.04	0.645
120747644	state.n.04	0.957
120750357	race.n.03	0.964
120760725	tribe.n.01	0.954
120774840	people.n.01	0.589
120774989	state.n.04	0.748
104016045	class.n.03	0.97
120826633	heathen.n.01	None
120833565	heathen.n.01	None
120838015	heathen.n.01	None
120854618	state.n.04	0.625
120854646	nation.n.02	0.607
120854705	state.n.04	0.662
120855073	nation.n.04	0.755
120857047	heathen.n.01	None
120877327	heathen.n.01	None
120880372	heathen.n.01	None
104115243	state.n.04	0.72
104116135	state.n.04	0.826
104116184	nation.n.02	0.564
104152727	subspecies.n.01	0.544
104159121	class.n.03	0.83
104160413	race.n.01	0.535
104163733	state.n.04	0.746
120944964	heathen.n.01	None
120971815	tribe.n.03	0.975
120973169	country.n.02	0.695
120979626	breed.n.01	0.917
120989632	race.n.03	0.995
104297890	race.n.03	0.956
104301693	tribe.n.01	0.992
104305110	tribe.n.01	0.752
104306548	race.n.03	0.989
104317573	state.n.04	0.789
104317614	race.n.03	0.993
104324484	race.n.03	0.979
104325658	race.n.03	0.974
104346012	state.n.04	0.851
104356877	state.n.04	0.97
104356962	race.n.03	0.993
104358517	state.n.04	0.892
104359512	state.n.04	0.878
104359521	state.n.04	0.512
104359622	race.n.03	0.995
121138047	state.n.04	0.808
104366380	race.n.03	0.98
104366431	race.n.03	0.857
104368545	race.n.03	0.954
104368565	race.n.03	0.995
104368589	race.n.03	0.989
121149646	state.n.04	0.639
121149774	nation.n.02	0.575
121150255	state.n.04	0.938
121151139	state.n.04	0.718
121156273	state.n.04	0.81
121180699	tribe.n.01	0.863
104469019	state.n.04	0.959
104469368	state.n.04	0.895
104490913	state.n.04	0.733
121284241	state.n.04	0.84
121289542	state.n.04	0.603
121289553	state.n.04	0.603
121293588	state.n.04	0.887
121368427	heathen.n.01	None
121370135	heathen.n.01	None
121370269	country.n.02	0.79
121371586	state.n.04	0.906
121371598	state.n.04	0.874
121371657	state.n.04	0.779
121371709	state.n.04	0.863
121371806	state.n.04	0.942
121371831	state.n.04	0.841
121371844	nation.n.02	0.577
121371903	state.n.04	0.775
121371970	state.n.04	0.632
121372035	state.n.04	0.522
121372162	tribe.n.01	0.98
121372246	tribe.n.01	0.954
121372253	state.n.04	0.526
121373194	state.n.04	0.6
121373232	state.n.04	0.491
121374146	state.n.04	0.676
121374302	country.n.02	0.647
121376087	state.n.04	0.632
121376088	state.n.04	0.632
121376570	state.n.04	0.694
121376684	country.n.02	0.511
121378171	heathen.n.01	None
121378182	state.n.04	0.698
121378333	heathen.n.01	None
121378489	state.n.04	0.776
121383762	state.n.04	0.663
121383838	people.n.01	0.743
121384029	state.n.04	0.736
121384320	state.n.04	0.582
121385814	state.n.04	0.677
121387113	nation.n.02	0.524
121390347	paganism.n.01	None
121390831	heathen.n.01	None
121392195	paganism.n.01	None
121392327	paganism.n.01	None
121393139	heathen.n.01	None
121393266	nation.n.02	0.643
121400020	nation.n.02	0.628
121400590	state.n.04	0.791
121400810	state.n.04	0.521
121400830	state.n.04	0.668
121400853	state.n.04	0.817
121401371	state.n.04	0.942
121401775	nation.n.02	0.544
121403301	state.n.04	0.667
121406343	state.n.04	0.916
121406368	nation.n.02	0.504
121406484	state.n.04	0.819
121406527	nation.n.02	0.637
121408278	nation.n.02	0.576
121413628	nation.n.02	0.773
121414762	state.n.04	0.553
121414778	nation.n.02	0.594
121414847	state.n.04	0.511
121414850	state.n.04	0.511
121415593	state.n.04	0.511
121415652	state.n.04	0.59
121415667	state.n.04	0.843
121415695	heathen.n.01	None
121415716	state.n.04	0.58
121415750	nation.n.02	0.746
121416252	nation.n.02	0.513
121416986	nation.n.02	0.74
121421788	people.n.01	0.692
121425234	state.n.04	0.568
121426685	state.n.04	0.512
121433834	state.n.04	0.511
121433837	state.n.04	0.511
121436027	state.n.04	0.754
121438210	state.n.04	0.468
121438302	heathen.n.01	None
121441925	state.n.04	0.6
121442085	state.n.04	0.66
121442132	state.n.04	0.883
121442674	state.n.04	0.617
121444048	state.n.04	0.53
121445351	nation.n.02	0.515
121445419	nation.n.02	0.604
121445832	state.n.04	0.58
121446020	state.n.04	0.534
121446116	race.n.03	0.998
121446297	race.n.03	0.991
121446448	nation.n.02	0.853
121448049	state.n.04	0.87
121449428	nation.n.02	0.814
121449443	state.n.04	0.682
121449463	state.n.04	0.703
121450534	state.n.04	0.877
121464670	state.n.04	0.602
121467882	state.n.04	0.579
121468822	state.n.04	0.578
121468842	state.n.04	0.508
121468889	state.n.04	0.505
121468939	state.n.04	0.465
121470790	state.n.04	0.694
121470953	state.n.04	0.62
121473904	people.n.01	0.542
121474035	people.n.01	0.67
121474065	state.n.04	0.772
121474113	nation.n.02	0.666
121474325	citizenry.n.01	0.501
121474489	state.n.04	0.923
121475065	nation.n.04	0.381
121475074	people.n.01	0.801
121475100	state.n.04	0.684
121475317	state.n.04	0.818
121475987	state.n.04	0.919
121476005	state.n.04	0.956
121476022	state.n.04	0.904
121476057	people.n.01	0.93
121476534	state.n.04	0.642
121476543	state.n.04	0.596
121476634	heathen.n.01	None
121476710	state.n.04	0.714
121476985	state.n.04	0.893
121477322	state.n.04	0.573
121479017	state.n.04	0.797
121479395	state.n.04	0.822
121479500	state.n.04	0.832
121479745	state.n.04	0.775
121479905	state.n.04	0.589
121479926	state.n.04	0.831
121481173	nation.n.02	0.624
121481746	state.n.04	0.689
121486462	country.n.02	0.831
121501573	state.n.04	0.667
104727082	subspecies.n.01	0.508
121507238	tribe.n.01	0.91
121511840	state.n.04	0.534
121511858	state.n.04	0.681
121511867	state.n.04	0.681
121511873	state.n.04	0.681
121511930	people.n.01	0.521
121511955	race.n.03	0.994
121517480	state.n.04	0.866
121517529	state.n.04	0.86
121517558	state.n.04	0.894
121517592	nation.n.02	0.626
121517622	state.n.04	0.919
121517725	state.n.04	0.758
121518511	state.n.04	0.82
121518538	state.n.04	0.723
121518585	state.n.04	0.763
121519132	state.n.04	0.824
121520070	state.n.04	0.772
121520093	citizenry.n.01	0.639
121531096	state.n.04	0.878
121531927	state.n.04	0.686
121534606	state.n.04	0.528
121535032	state.n.04	0.9
121536017	heathen.n.01	None
121536591	heathen.n.01	None
121539782	heathen.n.01	None
121545333	nation.n.02	0.585
121545340	community.n.01	0.984
121546309	race.n.03	0.997
121546396	nation.n.02	0.686
121546509	state.n.04	0.786
121546623	people.n.01	0.842
121548560	state.n.04	0.627
121554407	nation.n.02	0.536
104878876	state.n.04	0.733
104879121	nation.n.04	0.529
104879284	nation.n.04	0.501
104879298	nation.n.04	0.613
104880020	state.n.04	0.825
104880948	state.n.04	0.743
104881030	state.n.04	0.582
104881129	state.n.04	0.604
104881798	nation.n.02	0.73
104882427	state.n.04	0.768
104882448	state.n.04	0.627
104882461	state.n.04	0.823
104882859	state.n.04	0.779
104882865	state.n.04	0.868
104883009	state.n.04	0.902
104883409	state.n.04	0.88
104883420	state.n.04	0.727
104884940	state.n.04	0.55
104885587	state.n.04	0.608
104885751	state.n.04	0.654
104886598	state.n.04	0.615
104889282	state.n.04	0.598
104889436	nation.n.02	0.709
104889813	state.n.04	0.602
104891213	state.n.04	0.836
104891822	state.n.04	0.746
104899278	state.n.04	0.697
104908790	state.n.04	0.75
104909574	state.n.04	0.61
104910763	nation.n.02	0.928
104916731	state.n.04	0.63
104921088	nation.n.02	0.675
104923571	state.n.04	0.616
104923587	nation.n.02	0.504
104926275	state.n.04	0.548
104926455	state.n.04	0.738
104926589	state.n.04	0.627
104926605	state.n.04	0.53
104926755	state.n.04	0.896
104932971	state.n.04	0.874
113322349	nation.n.02	0.656
104934077	state.n.04	0.716
104934145	state.n.04	0.787
104934579	state.n.04	0.833
104934908	state.n.04	0.566
113330710	state.n.01	0.999
113336374	state.n.04	0.683
113336413	nation.n.02	0.865
113336477	state.n.04	0.496
104952821	state.n.04	0.644
104952918	nation.n.04	0.484
104953292	people.n.01	0.785
113342156	state.n.04	0.801
104954409	people.n.01	0.902
104954487	state.n.04	0.565
104954541	state.n.04	0.554
113343697	tribe.n.01	0.986
113343812	tribe.n.01	0.958
104958304	state.n.04	0.668
104959359	state.n.04	0.604
113348330	tribe.n.01	0.964
104959723	nation.n.02	0.542
104971292	nation.n.02	0.649
104971397	state.n.04	0.731
104971754	state.n.04	0.728
104971848	state.n.04	0.727
104979361	state.n.04	0.571
104979962	state.n.04	0.761
104980273	nation.n.04	0.451
104980688	state.n.04	0.828
113374901	state.n.04	0.811
104989736	state.n.04	0.854
104990420	state.n.04	0.573
104990789	state.n.04	0.772
104992092	state.n.04	0.73
104992110	nation.n.02	0.678
104992117	state.n.04	0.748
104992142	state.n.04	0.867
104992497	state.n.04	0.583
104992718	state.n.04	0.581
104992726	state.n.04	0.672
104992897	nation.n.02	0.779
104992921	state.n.04	0.579
104992924	state.n.04	0.588
104993044	state.n.04	0.626
104994584	state.n.04	0.589
104994861	state.n.04	0.828
104994883	state.n.04	0.78
104995022	state.n.04	0.638
104995036	state.n.04	0.862
104995053	state.n.04	0.801
104995262	state.n.04	0.542
104995322	state.n.04	0.723
104995365	state.n.04	0.642
104995440	state.n.04	0.846
104995497	state.n.04	0.83
104996176	state.n.04	0.896
104996212	state.n.04	0.6
104996309	state.n.04	0.678
104996356	state.n.04	0.703
104996641	state.n.04	0.731
104997525	state.n.04	0.667
104998306	state.n.04	0.766
104998314	state.n.04	0.801
113387727	state.n.04	0.862
104999508	state.n.04	0.611
104999552	state.n.04	0.782
104999835	state.n.04	0.529
105000200	state.n.04	0.638
105000917	state.n.04	0.923
105000927	state.n.04	0.81
105002490	state.n.04	0.91
105002917	state.n.04	0.62
105002987	state.n.04	0.627
105003230	state.n.04	0.502
105004236	state.n.04	0.741
105007585	state.n.04	0.608
105007999	state.n.04	0.795
105008636	state.n.04	0.559
105008819	state.n.04	0.765
105008910	state.n.04	0.939
105008921	state.n.04	0.835
105009432	state.n.04	0.653
105009460	state.n.04	0.872
105009532	state.n.04	0.912
105009565	state.n.04	0.646
105009829	state.n.04	0.729
105009839	state.n.04	0.561
105009848	state.n.04	0.505
105010334	state.n.04	0.638
105010367	state.n.04	0.686
105010876	state.n.04	0.684
105010931	state.n.04	0.679
105011154	state.n.04	0.693
105011325	state.n.04	0.624
105011384	state.n.04	0.496
105012005	state.n.04	0.647
105013069	state.n.04	0.366
105013078	state.n.04	0.488
105013353	state.n.04	0.528
105013356	nation.n.02	0.692
105013481	nation.n.02	0.706
105014450	state.n.04	0.795
105014486	state.n.04	0.79
113422571	city.n.01	0.971
113429371	kingdom.n.02	0.497
105048287	tribe.n.01	0.985
105048317	tribe.n.01	0.986
105048326	tribe.n.01	0.973
113437587	city.n.01	0.927
105055101	tribe.n.01	0.94
113464758	state.n.04	0.648
113473441	people.n.01	0.887
113475529	state.n.04	0.761
113476927	state.n.04	0.842
113500530	state.n.04	0.476
113503939	nation.n.04	0.356
105116462	state.n.04	0.935
113505245	people.n.01	0.532
113533245	state.n.04	0.722
105145642	league.n.02	0.998
105147622	tribe.n.01	0.987
105147743	league.n.02	0.994
105149439	tribe.n.01	0.98
105149540	tribe.n.01	0.961
105150705	tribe.n.01	0.989
105155444	state.n.04	0.947
105155520	state.n.04	0.777
105155739	state.n.04	0.781
105156610	state.n.04	0.733
105157369	state.n.04	0.783
105158756	state.n.04	0.85
121940532	state.n.04	0.849
121940562	state.n.04	0.64
121940568	nation.n.02	0.566
121940618	nationality.n.01	0.575
121941255	citizenry.n.01	0.581
121941259	nation.n.02	0.548
121941298	people.n.01	0.707
121941302	people.n.01	0.686
121941559	state.n.04	0.707
113554227	tribe.n.01	0.982
105168884	tribe.n.01	0.969
105169023	tribe.n.01	0.993
121946648	state.n.04	0.866
121946704	nation.n.02	0.81
121946860	race.n.03	0.983
121947464	state.n.04	0.872
105174429	state.n.04	0.784
105174985	tribe.n.01	0.984
105175752	tribe.n.01	0.992
113567592	state.n.04	0.945
113567631	state.n.01	0.999
113569213	nation.n.02	0.525
121958398	state.n.04	0.856
105181375	territory.n.03	0.736
113573267	tribe.n.01	0.963
121963394	state.n.04	0.881
121963526	state.n.04	0.866
121963553	state.n.04	0.659
121964822	race.n.03	0.995
121965334	state.n.04	0.874
121966160	state.n.04	0.593
121967149	state.n.04	0.715
121978979	state.n.04	0.62
113594201	district.n.01	None
105206750	state.n.04	0.563
113595938	state.n.04	0.718
105210167	state.n.04	0.737
121988194	state.n.04	0.759
121988325	state.n.04	0.694
121988355	state.n.04	0.755
121988623	citizenry.n.01	0.509
121988788	state.n.04	0.892
121989174	state.n.04	0.615
121989640	nation.n.02	0.469
121989649	people.n.01	0.887
121989674	state.n.04	0.653
121989882	state.n.04	0.798
121990523	state.n.04	0.959
121990541	state.n.04	0.919
121990558	state.n.04	0.892
121990593	people.n.01	0.883
121990841	state.n.04	0.717
121990863	people.n.01	0.861
121990902	state.n.04	0.821
113602402	citizenry.n.01	0.549
121992287	state.n.04	0.836
121996062	state.n.04	0.886
121996751	state.n.04	0.803
105221690	state.n.02	0.983
122005072	state.n.04	0.936
122008396	state.n.04	0.837
105238734	tribe.n.01	0.883
105238876	tribe.n.01	0.96
105242143	tribe.n.01	0.971
113637030	world.n.08	None
113640261	tribe.n.01	0.984
113640494	tribe.n.01	0.979
105252138	state.n.04	0.379
113643335	tribe.n.01	0.986
113643359	state.n.04	0.796
113643720	state.n.04	0.915
113644860	tribe.n.01	0.994
113644878	tribe.n.01	0.996
113645163	tribe.n.01	0.954
113649915	state.n.04	0.78
113663360	state.n.04	0.829
113665122	race.n.03	0.994
113665292	race.n.03	0.854
105277082	citizenry.n.01	0.626
105277097	citizenry.n.01	0.673
105277160	citizenry.n.01	0.577
113665780	state.n.04	0.879
105277174	people.n.01	0.499
105277258	people.n.01	0.548
105277427	citizenry.n.01	0.527
105277764	people.n.01	0.514
105278792	citizenry.n.01	0.751
105283438	state.n.04	0.686
105284093	citizenry.n.01	0.846
105291237	state.n.04	0.916
113680231	nationality.n.01	0.519
113684954	state.n.04	0.899
113686587	nation.n.04	0.422
105302610	tribe.n.01	0.995
113699913	state.n.04	0.832
113700099	nation.n.04	0.615
113701428	race.n.03	0.992
113707188	state.n.04	0.775
113707960	tribe.n.01	0.92
113708049	tribe.n.01	0.929
113708098	tribe.n.01	0.946
113708126	tribe.n.01	0.948
113708168	tribe.n.01	0.933
113709669	state.n.04	0.826
113711861	state.n.04	0.947
113711869	state.n.04	0.947
113713021	state.n.04	0.74
113713252	tribe.n.01	0.916
105327133	tribe.n.01	0.976
113715916	state.n.04	0.944
113716451	state.n.04	0.421
113716486	state.n.04	0.632
113716578	state.n.04	0.458
113716870	tribe.n.01	0.988
113716896	tribe.n.01	0.9
113717053	tribe.n.01	0.99
113717239	state.n.04	0.379
113717316	tribe.n.01	0.953
105329939	set.n.01	0.555
113719274	tribe.n.01	0.997
113719419	tribe.n.01	0.939
113719541	state.n.04	0.5
113721889	state.n.04	0.892
105335187	state.n.04	0.914
113724445	state.n.04	0.946
113726344	state.n.04	0.669
105338663	people.n.01	0.93
113727596	state.n.04	0.906
113728383	race.n.03	0.993
113729233	race.n.03	0.995
113729296	race.n.03	0.753
105340841	people.n.01	0.562
113729711	state.n.04	0.854
113729800	state.n.04	0.863
113732736	race.n.03	0.994
113734949	race.n.03	0.96
113735036	nation.n.02	0.651
105364222	state.n.04	0.909
105365539	state.n.04	0.61
105365655	state.n.04	0.971
105365774	state.n.04	0.892
105367010	country.n.02	0.607
105368968	state.n.04	0.588
113759666	state.n.04	0.937
113761237	state.n.04	0.686
105373024	people.n.01	0.762
105376777	state.n.04	0.749
105378576	state.n.04	0.513
105380585	state.n.04	0.617
105386885	people.n.01	0.646
105389346	country.n.02	0.572
105391057	state.n.04	0.727
105396376	state.n.04	0.943
105404312	country.n.02	0.719
105411152	people.n.01	0.527
105431227	league.n.02	0.993
105443362	tribe.n.01	0.993
105447492	people.n.01	0.845
105448156	tribe.n.01	0.989
105448968	state.n.04	0.889
105452693	people.n.01	0.848
105457712	nation.n.02	0.787
105457824	nation.n.02	0.731
105460630	state.n.04	0.911
113921536	people.n.01	0.813
113922274	people.n.01	0.631
113922774	tribe.n.01	0.928
113923818	people.n.01	0.809
113925061	people.n.01	0.798
113925085	tribe.n.01	0.957
113925411	tribe.n.01	0.976
113925858	tribe.n.01	0.982
113925943	tribe.n.01	0.962
113926680	people.n.01	0.874
113927883	tribe.n.01	0.915
113928158	race.n.03	0.995
113928701	people.n.01	0.934
105676262	citizenry.n.01	0.63
105676705	citizenry.n.01	0.613
105676833	people.n.01	0.662
105769118	state.n.04	0.794
122728834	tribe.n.01	0.973
122728795	tribe.n.01	0.981
122728825	tribe.n.01	0.984
122733103	nationality.n.02	0.84
122736621	tribe.n.01	0.938
122751983	state.n.04	0.779
122752181	state.n.04	0.62
106148386	nation.n.02	0.54
114549079	state.n.04	0.851
114549120	state.n.04	0.694
106167363	state.n.04	0.87
106170168	people.n.01	0.719
106174378	state.n.04	0.806
106199380	state.n.04	0.593
106199389	state.n.04	0.766
106199431	state.n.04	0.524
106199541	nation.n.02	0.4
106199582	state.n.04	0.489
106209137	state.n.04	0.881
106218580	state.n.04	0.645
106219843	state.n.04	0.854
106220003	state.n.04	0.767
106220101	state.n.04	0.8
106233920	state.n.04	0.397
106233929	state.n.04	0.587
106234385	state.n.04	0.764
106234406	state.n.04	0.754
106242302	state.n.04	0.63
106242685	state.n.04	0.869
114638925	state.n.04	0.823
106252165	state.n.04	0.748
106252272	state.n.04	0.789
114642387	league.n.02	0.974
114642789	state.n.04	0.618
114642842	state.n.04	0.767
114645208	tribe.n.01	0.987
114645270	tribe.n.01	0.973
114646830	state.n.04	0.771
106258893	state.n.04	0.832
106258956	state.n.04	0.862
106259187	state.n.04	0.526
106259188	nation.n.02	0.637
106260951	state.n.04	0.798
114652135	state.n.04	0.915
114654662	state.n.04	0.738
114655775	league.n.02	0.979
106270063	state.n.04	0.823
123047647	people.n.01	0.725
114660973	state.n.04	0.716
106273142	state.n.04	0.765
106273148	nation.n.02	0.744
106273344	state.n.04	0.619
106273351	state.n.04	0.795
106273525	state.n.04	0.825
106273540	state.n.04	0.698
106273560	state.n.04	0.569
106274147	state.n.04	0.747
106277332	people.n.01	0.774
106284620	nation.n.02	0.443
106294265	nation.n.02	0.558
106300163	state.n.04	0.747
106300520	state.n.04	0.757
106300540	state.n.04	0.848
106300560	nation.n.02	0.552
106302836	state.n.04	0.864
106305965	nation.n.02	0.497
106309510	state.n.04	0.855
106310042	state.n.04	0.572
123094343	people.n.01	0.657
106324328	state.n.04	0.485
106334275	state.n.04	0.671
106334288	state.n.04	0.648
106334311	state.n.04	0.662
106334439	state.n.04	0.804
106334467	state.n.04	0.812
106336782	nation.n.02	0.69
106351298	state.n.04	0.694
106351932	state.n.04	0.786
106351949	state.n.04	0.615
106362633	tribe.n.01	0.942
106370334	state.n.04	0.932
106373215	state.n.04	0.863
106374349	state.n.04	0.642
106374369	state.n.04	0.785
106376646	state.n.04	0.651
106376648	state.n.04	0.651
106381040	state.n.04	0.701
106381178	state.n.04	0.885
106381388	state.n.04	0.778
106383373	state.n.04	0.906
106386128	state.n.04	0.837
106388444	state.n.04	0.741
106389427	state.n.04	0.668
106393438	state.n.04	0.75
106393483	state.n.04	0.937
106393546	state.n.04	0.796
106400293	state.n.04	0.894
106401063	nation.n.02	0.673
106401237	race.n.03	0.999
106401259	nation.n.02	0.499
106402767	race.n.03	0.993
106404905	state.n.04	0.626
106405024	nation.n.02	0.575
106405033	nation.n.02	0.623
106405712	nation.n.02	0.759
106405840	nation.n.02	0.734
106407890	nation.n.02	0.795
106408826	nation.n.02	0.647
106409533	state.n.04	0.911
106410018	nation.n.02	0.713
106411802	state.n.04	0.67
106411824	state.n.04	0.545
106413616	state.n.04	0.661
106413731	nation.n.02	0.806
106413843	state.n.04	0.553
106414875	state.n.04	0.485
106414970	race.n.03	0.981
106415004	nation.n.02	0.786
106415163	state.n.04	0.656
106415238	nation.n.02	0.655
106415623	state.n.04	0.55
106416086	state.n.04	0.796
106416967	state.n.04	0.61
106417700	state.n.04	0.837
106417733	state.n.04	0.812
106418413	nation.n.02	0.689
106421032	state.n.04	0.537
106421251	state.n.04	0.722
106421268	state.n.04	0.884
106421313	state.n.04	0.84
106422487	state.n.04	0.767
106422538	citizenry.n.01	0.511
106428030	nation.n.02	0.681
106428658	nation.n.02	0.72
106428724	nation.n.02	0.636
106428994	nation.n.02	0.511
106429333	nation.n.02	0.694
106430060	people.n.01	0.954
106430960	universe.n.01	0.707
106431420	countryman.n.01	0.962
106432676	state.n.04	0.557
106432978	nation.n.02	0.624
106433105	nation.n.02	0.522
106433130	nation.n.02	0.578
106433952	nation.n.02	0.686
106434158	nation.n.02	0.66
106434373	nation.n.02	0.826
106434533	horde.n.01	0.691
106434657	nation.n.02	0.829
106435441	state.n.04	0.568
106436278	nation.n.02	0.635
106436442	nation.n.02	0.75
106436504	state.n.04	0.852
106437181	people.n.01	0.8
106438230	nation.n.02	0.649
106438540	state.n.04	0.558
106438547	state.n.04	0.558
106442036	state.n.04	0.65
106445187	nation.n.02	0.689
106446193	state.n.04	0.711
106446234	state.n.04	0.86
106446441	state.n.04	0.8
106450516	nation.n.02	0.599
106450580	state.n.04	0.505
106452467	nation.n.02	0.714
106452494	countrywoman.n.02	0.848
106452633	populace.n.01	0.556
106453674	state.n.04	0.926
106454141	state.n.04	0.747
106455314	variety.n.03	0.489
106455676	state.n.04	0.509
106457039	state.n.04	0.673
106459591	nation.n.02	0.55
106459653	nation.n.02	0.64
106459720	nation.n.02	0.665
106459736	nation.n.02	0.665
106459770	nation.n.02	0.577
106459845	nation.n.02	0.705
106460624	nation.n.02	0.553
106460650	nation.n.02	0.748
106472292	state.n.04	0.535
106474376	country.n.04	0.759
106475197	state.n.04	0.884
106476290	nation.n.02	0.384
106477140	nation.n.02	0.514
106477154	country.n.02	0.842
106477182	state.n.04	0.5
106477477	state.n.04	0.554
106477540	state.n.04	0.56
106477726	state.n.04	0.666
106477742	race.n.03	0.994
106477839	state.n.04	0.546
106478968	nation.n.02	0.513
106480757	state.n.04	0.842
106480893	state.n.04	0.765
106481138	nation.n.02	0.73
106490460	state.n.04	0.745
106491855	nation.n.02	0.626
106491901	state.n.04	0.584
106492291	state.n.04	0.845
106497370	state.n.04	0.654
106505346	state.n.04	0.867
106505689	nation.n.02	0.849
106505761	state.n.04	0.541
106506899	nation.n.02	0.51
106507010	state.n.04	0.855
106509301	state.n.04	0.511
106509542	state.n.04	0.61
106512189	state.n.04	0.906
106512680	state.n.04	0.665
106513498	nation.n.02	0.583
106513612	nation.n.02	0.604
106513683	nation.n.02	0.511
106513961	state.n.04	0.809
106514103	state.n.04	0.537
106514297	state.n.04	0.675
106514553	nation.n.02	0.684
106514653	tribe.n.01	0.669
106514748	nation.n.02	0.66
106516266	state.n.04	0.744
106516503	state.n.04	0.525
106517230	state.n.04	0.663
106518603	nation.n.02	0.563
106518636	nation.n.02	0.711
106521515	people.n.01	0.736
106521564	state.n.04	0.532
106523083	state.n.04	0.597
106523989	state.n.04	0.711
106524443	state.n.04	0.931
106527437	nation.n.04	0.828
106527477	state.n.04	0.535
106528593	state.n.04	0.833
106528638	nation.n.02	0.628
106528998	state.n.04	0.756
106529067	state.n.04	0.755
106529687	state.n.04	0.911
106530366	state.n.04	0.877
106530837	state.n.04	0.845
106530841	state.n.04	0.825
106534016	state.n.04	0.888
106534181	nation.n.02	0.613
106534398	state.n.04	0.828
106538607	nation.n.02	0.531
106542053	state.n.04	0.883
106542087	state.n.04	0.774
106559100	people.n.01	0.521
106561556	state.n.04	0.714
106561575	state.n.04	0.746
106565491	state.n.04	0.586
106565833	state.n.04	0.544
106568289	nation.n.02	0.745
106569280	state.n.04	0.515
106569902	state.n.04	0.672
106570431	state.n.04	0.75
106571932	state.n.04	0.542
106575447	state.n.04	0.581
106575585	state.n.04	0.528
106576466	state.n.04	0.608
106576688	state.n.04	0.51
106577088	state.n.04	0.865
106577252	state.n.04	0.715
106577996	state.n.04	0.672
106578031	state.n.04	0.587
106578607	nation.n.02	0.497
106578986	people.n.01	0.543
106579331	nation.n.02	0.776
106579819	state.n.04	0.65
106579949	state.n.04	0.572
106580614	state.n.04	0.835
106580789	nation.n.02	0.564
106580994	state.n.04	0.882
106581722	state.n.04	0.732
106582426	state.n.04	0.842
106583277	state.n.04	0.635
106583299	state.n.04	0.965
106583863	nation.n.02	0.665
106584161	state.n.04	0.61
106584395	nation.n.02	0.817
106584409	state.n.04	0.804
106587979	state.n.04	0.883
106588239	nation.n.02	0.678
106589367	nation.n.02	0.666
114982367	state.n.04	0.689
114983060	state.n.04	0.668
106734585	people.n.01	0.567
106736595	people.n.01	0.81
106739391	people.n.01	0.548
106745139	people.n.01	0.568
106747165	citizenry.n.01	0.577
123531440	people.n.01	0.952
123535912	foreigner.n.01	0.927
106762171	people.n.01	0.588
106762646	state.n.04	0.49
106765190	state.n.04	0.937
106765329	people.n.01	0.856
123543038	state.n.04	0.836
123543495	state.n.04	0.922
106766458	state.n.04	0.813
123543812	nation.n.02	0.547
123543847	state.n.04	0.545
123546488	region.n.03	0.706
123553721	state.n.04	0.763
123554333	state.n.04	0.898
106786035	state.n.04	0.962
123563830	state.n.04	0.637
123565057	state.n.04	0.575
123572598	state.n.04	0.707
123572639	state.n.04	0.943
123574052	state.n.04	0.871
123574139	state.n.04	0.795
123578360	state.n.04	0.89
123578501	nation.n.04	0.679
123579155	state.n.04	0.532
123579436	state.n.04	0.836
123580567	state.n.04	0.813
123580644	nation.n.02	0.568
106803461	state.n.04	0.903
123580786	state.n.04	0.658
123590394	state.n.04	0.802
123590430	state.n.01	0.529
106820063	people.n.01	0.969
106820579	people.n.01	0.954
106822516	country.n.02	0.92
106823615	people.n.01	0.905
106823699	state.n.04	0.689
106826682	state.n.04	0.933
106827386	state.n.04	0.916
106832540	people.n.01	0.758
106841679	tribe.n.01	0.992
106844150	people.n.01	0.729
106845665	tribe.n.01	0.974
106847112	tribe.n.01	0.982
106853782	state.n.04	0.892
115244277	race.n.03	0.988
115244542	state.n.04	0.633
115245750	state.n.04	0.962
115245768	state.n.04	0.933
115246965	state.n.04	0.86
115247041	state.n.04	0.884
115248008	state.n.04	0.785
115248042	state.n.04	0.916
106861039	nation.n.02	0.502
106863503	tribe.n.01	0.989
106873897	tribe.n.01	0.944
106873965	people.n.01	0.81
106874813	tribe.n.01	0.997
106881962	tribe.n.01	0.971
106887826	people.n.01	0.533
106897586	nationality.n.02	0.799
106899956	people.n.01	0.52
106900582	tribe.n.01	0.986
106900680	tribe.n.01	0.985
106901880	tribe.n.01	0.987
106907312	tribe.n.01	0.947
106913438	tribe.n.01	0.943
106913903	people.n.01	0.899
106914956	people.n.01	0.945
106917608	tribe.n.01	0.98
106921027	tribe.n.01	0.973
106922432	tribe.n.01	0.963
106922458	citizenry.n.01	0.686
106922588	tribe.n.01	0.992
106925309	people.n.01	0.594
106925341	people.n.01	0.797
106925872	people.n.01	0.533
106926614	tribe.n.01	0.989
106926903	tribe.n.01	0.987
106928118	people.n.01	0.975
106928258	nation.n.02	0.401
106928338	tribe.n.01	0.977
106929055	tribe.n.01	0.983
106929201	people.n.01	0.834
106929288	district.n.01	0.78
106931103	people.n.01	0.517
106931223	people.n.01	0.865
106931637	tribe.n.01	0.987
115333792	class.n.03	0.713
115337290	tribe.n.01	0.99
115340078	country.n.02	0.856
115340733	state.n.04	0.919
115345684	tribe.n.01	0.953
115346298	state.n.01	0.976
115349801	class.n.03	0.868
115349964	order.n.11	0.311
115360270	state.n.04	0.954
115361906	state.n.04	0.957
115388845	state.n.04	0.871
107020087	state.n.04	0.849
115409240	district.n.01	None
115413598	state.n.04	0.559
115417296	state.n.01	0.998
115427748	tribe.n.01	0.981
115429323	state.n.01	0.996
107048991	state.n.04	0.783
107049381	national.n.01	None
107049507	state.n.04	0.873
107049934	state.n.04	0.931
107049998	state.n.04	0.913
107051492	state.n.04	0.738
107051563	people.n.01	0.682
107051755	race.n.03	0.973
107052305	state.n.04	0.867
107052909	state.n.04	0.928
107052944	state.n.04	0.827
107054388	tribe.n.01	0.977
107054402	tribe.n.01	0.973
107054603	race.n.03	0.978
107054807	tribe.n.01	0.992
107054913	tribe.n.01	0.976
115445195	state.n.01	0.996
115446628	state.n.01	0.999
107058918	state.n.04	0.953
107059061	state.n.04	0.871
107059390	state.n.04	0.925
107059898	state.n.04	0.654
107061016	race.n.03	0.997
107061803	state.n.04	0.87
107062072	nation.n.02	0.516
107062228	state.n.04	0.656
115451384	state.n.01	0.957
115451481	state.n.01	0.994
107063479	state.n.04	0.917
107064129	people.n.01	0.937
107064793	nation.n.02	0.416
107065151	people.n.01	0.663
107065952	state.n.04	0.791
107066164	state.n.04	0.891
107066195	state.n.04	0.631
107066216	nation.n.02	0.519
107066252	nation.n.02	0.745
107066450	state.n.04	0.658
107066879	state.n.04	0.904
107067084	state.n.04	0.814
107067110	state.n.04	0.756
107067161	state.n.04	0.631
107067189	state.n.04	0.709
107067221	state.n.04	0.845
107067511	state.n.04	0.5
115456574	state.n.01	0.998
107068604	state.n.04	0.81
115458247	state.n.01	0.996
107070020	state.n.04	0.799
115459942	state.n.01	0.999
107071423	state.n.04	0.543
115460146	state.n.01	0.996
107076425	people.n.01	0.792
107077036	state.n.04	0.807
107077488	state.n.04	0.727
115466199	state.n.01	0.998
107077616	state.n.04	0.683
107078158	state.n.04	0.855
115469886	state.n.01	0.997
115470225	state.n.01	0.997
115470261	state.n.01	0.994
115470713	state.n.01	0.998
115470759	state.n.01	0.989
115470876	state.n.01	0.998
115471153	state.n.01	0.998
115472095	state.n.01	0.997
115472478	state.n.01	0.999
107088170	state.n.04	0.843
107088240	state.n.04	0.581
107088697	state.n.04	0.911
107088971	country.n.02	0.553
107088983	tribe.n.01	0.947
107090574	state.n.04	0.894
107091892	state.n.04	0.876
107093421	state.n.04	0.859
107094136	state.n.04	0.729
107097383	state.n.04	0.886
107098203	people.n.01	0.589
107099372	state.n.04	0.879
115489865	state.n.01	0.998
107101856	state.n.04	0.861
107101931	state.n.04	0.701
107102099	state.n.04	0.918
107102792	race.n.03	0.997
107102837	race.n.03	0.973
115491478	state.n.04	0.974
115492769	race.n.03	0.961
107104371	race.n.03	0.995
107104949	state.n.04	0.918
115501308	tribe.n.01	0.959
107115775	state.n.04	0.499
107115784	nation.n.02	0.549
107115790	state.n.04	0.627
107115797	state.n.04	0.627
107116184	race.n.03	0.996
115505108	state.n.01	0.999
115506006	state.n.04	0.879
115508374	tribe.n.01	0.972
115511465	state.n.01	0.993
115513225	state.n.01	0.998
107124668	state.n.04	0.954
115514123	state.n.04	0.546
115514308	state.n.01	0.999
115514547	state.n.01	0.997
107126410	state.n.04	0.908
115515027	state.n.01	0.993
107126592	state.n.04	0.738
115515637	state.n.01	0.998
107127243	state.n.04	0.964
107127461	race.n.03	0.994
107127549	nation.n.02	0.614
107127669	state.n.04	0.821
115517694	state.n.01	0.993
107129873	state.n.04	0.888
107129959	state.n.04	0.515
123907417	people.n.01	0.895
107132252	race.n.03	0.999
107132645	state.n.04	0.878
107132664	citizenry.n.01	0.592
123909964	people.n.01	0.789
107132771	state.n.04	0.909
115521628	state.n.01	0.998
115521896	state.n.01	0.997
115523018	state.n.01	0.998
107135016	state.n.04	0.535
115523690	state.n.01	0.999
123912465	people.n.01	0.861
115524085	state.n.01	0.997
115524149	state.n.01	0.998
107135629	race.n.03	0.996
115524689	state.n.01	0.573
115524727	state.n.01	0.996
115524853	state.n.01	0.722
123913553	people.n.01	0.835
115524989	state.n.01	0.999
115525344	state.n.01	0.996
107136765	state.n.04	0.84
115527730	state.n.01	0.994
107139556	state.n.04	0.893
107140104	state.n.04	0.854
107140185	state.n.04	0.888
107140219	nation.n.02	0.496
115529185	state.n.01	0.999
107142685	state.n.04	0.812
115531492	state.n.01	0.998
115532467	state.n.01	0.997
123921700	state.n.04	0.522
107149356	state.n.04	0.929
107149499	state.n.04	0.707
115539569	state.n.01	0.999
107155853	state.n.04	0.528
107157044	state.n.04	0.832
107157200	state.n.04	0.615
123937568	state.n.04	0.589
123941942	tribe.n.01	0.969
115557012	people.n.01	0.737
115558203	state.n.04	0.895
115560033	state.n.04	0.557
115562172	tribe.n.01	0.987
123954479	kind.n.01	None
107180121	state.n.04	0.716
107181855	state.n.04	0.508
107182729	state.n.04	0.771
107183677	state.n.04	0.801
107186603	state.n.04	0.729
107186821	state.n.04	0.967
123966664	army.n.01	0.994
115578095	citizenry.n.01	0.64
107191446	state.n.04	0.913
107193709	state.n.04	0.944
123971643	horde.n.01	0.401
107195382	state.n.04	0.92
123972666	horde.n.02	0.426
123973720	drove.n.02	0.617
107197425	state.n.04	0.64
107200185	state.n.04	0.765
107200223	state.n.04	0.958
107202322	state.n.04	0.935
107202398	state.n.04	0.713
107203069	people.n.01	0.535
107203249	state.n.04	0.505
123983592	race.n.03	0.971
107206962	state.n.04	0.982
107208241	state.n.04	0.562
107208571	state.n.04	0.973
107209374	state.n.04	0.833
107212230	state.n.04	0.925
107215961	state.n.04	0.826
107216253	state.n.04	0.622
107219802	people.n.01	0.965
107219857	class.n.01	0.505
115629445	tribe.n.01	0.984
107243134	state.n.04	0.799
107246504	people.n.01	0.623
107246706	state.n.04	0.506
107249306	state.n.04	0.583
107250090	state.n.04	0.896
107251372	state.n.04	0.75
107252342	nation.n.02	0.649
107254090	state.n.04	0.901
107257092	state.n.04	0.677
107257186	state.n.04	0.858
107260287	state.n.04	0.713
107262361	state.n.04	0.555
107264940	state.n.04	0.92
107268547	nation.n.02	0.677
107272422	state.n.04	0.943
107272760	state.n.04	0.781
107272894	state.n.04	0.902
107277649	state.n.04	0.812
107279586	nation.n.02	0.518
107281344	state.n.04	0.696
115672103	race.n.03	0.917
115672223	race.n.03	0.998
107287959	people.n.01	0.802
107288508	nation.n.02	0.504
115677898	nation.n.02	0.616
115684341	state.n.04	0.758
115685699	descent.n.04	0.93
107300267	state.n.04	0.959
107303413	state.n.04	0.93
107304856	state.n.04	0.913
107304869	state.n.04	0.908
107306013	state.n.04	0.862
107306040	state.n.04	0.976
107307455	state.n.04	0.975
107308102	state.n.04	0.915
115698100	citizenry.n.01	0.593
115700328	people.n.01	0.544
107311932	state.n.04	0.911
107313937	race.n.03	0.99
107313964	state.n.04	0.637
115704247	people.n.01	0.653
107316394	race.n.03	0.997
107316561	state.n.04	0.867
107316948	state.n.04	0.885
107317367	citizenry.n.01	0.616
107317442	state.n.04	0.932
107317611	state.n.04	0.951
107319116	state.n.04	0.92
124704891	state.n.04	0.92
124704920	state.n.04	0.497
107329358	state.n.04	0.956
107332865	component.n.01	0.59
107338570	state.n.04	0.966
107338623	state.n.04	0.916
115727835	people.n.01	0.96
115731367	race.n.03	0.965
107348620	state.n.04	0.963
115740301	state.n.04	0.637
107356443	state.n.04	0.881
115745963	race.n.03	0.997
107365996	tribe.n.01	0.992
107367471	race.n.03	0.992
107367490	state.n.04	0.86
107368389	state.n.04	0.838
107368804	tribe.n.01	0.962
107371157	tribe.n.01	0.993
115773107	state.n.04	0.74
115773829	state.n.04	0.776
115774058	state.n.04	0.921
115778908	flock.n.02	0.885
115779392	state.n.04	0.926
115781626	state.n.04	0.891
115790751	people.n.01	0.862
115803034	state.n.04	0.872
115803084	state.n.04	0.838
115803111	state.n.04	0.786
115803165	state.n.04	0.673
115803281	state.n.04	0.579
115803300	country.n.02	0.436
115803468	state.n.04	0.832
115803790	state.n.04	0.645
115806472	state.n.04	0.787
115807128	state.n.04	0.93
115807564	state.n.04	0.835
115807854	state.n.04	0.519
115808599	state.n.04	0.619
115809796	state.n.04	0.499
115823809	nation.n.02	0.551
115825407	state.n.04	0.669
115832329	state.n.04	0.822
115842800	state.n.04	0.866
115845689	nation.n.02	0.466
107458068	race.n.03	0.998
115859771	state.n.04	0.698
115860128	nation.n.02	0.757
115863341	state.n.04	0.685
115863563	state.n.04	0.614
115863714	state.n.04	0.878
115864994	nation.n.04	0.425
115865548	state.n.04	0.94
115871123	state.n.04	0.512
115879012	multitude.n.02	0.568
115879224	nation.n.02	0.501
115880772	tribe.n.01	0.938
115881986	state.n.04	0.521
115883272	state.n.04	0.541
115884087	state.n.04	0.807
115884180	state.n.04	0.841
115884239	tribe.n.01	0.981
115884610	state.n.04	0.589
115884715	state.n.04	0.538
107496531	state.n.04	0.945
115886004	state.n.04	0.843
115894630	state.n.04	0.578
115895649	state.n.04	0.926
115895677	state.n.04	0.925
115896069	state.n.04	0.836
115901337	state.n.04	0.892
115905380	state.n.04	0.515
124301684	tribe.n.01	0.965
115913535	state.n.04	0.97
124302213	earth.n.01	0.561
124302294	state.n.04	0.883
107525413	race.n.03	0.997
107526446	state.n.04	0.897
115916141	state.n.04	0.567
115917830	tribe.n.01	0.932
115917949	state.n.04	0.873
124745119	state.n.04	0.809
115920066	state.n.04	0.807
107533245	state.n.04	0.54
107533291	state.n.04	0.763
124312255	state.n.01	0.999
107535511	state.n.04	0.596
107535771	country.n.02	0.884
124313000	state.n.04	0.846
115924414	nation.n.02	0.649
115926521	country.n.02	0.9
107538343	state.n.04	0.953
107538606	state.n.04	0.882
107538627	state.n.04	0.66
107538675	state.n.04	0.946
107538736	state.n.04	0.868
107538972	tribe.n.01	0.937
115931720	state.n.04	0.905
124321418	state.n.04	0.84
115933719	nation.n.02	0.752
107546062	nation.n.02	0.653
107546182	tribe.n.01	0.963
107547989	kingdom.n.02	0.507
124326055	state.n.04	0.894
124326945	state.n.01	0.998
107550223	state.n.04	0.89
115940846	state.n.04	0.876
107552367	state.n.04	0.722
107554294	nation.n.02	0.615
107554297	state.n.04	0.528
107554480	state.n.04	0.835
107554658	state.n.04	0.96
107558254	country.n.02	0.799
115949720	state.n.04	0.837
115949763	state.n.04	0.803
107561546	state.n.04	0.839
107563855	country.n.02	0.732
115953871	nation.n.02	0.679
115954291	nation.n.02	0.525
115955157	state.n.04	0.909
115956128	state.n.04	0.718
107568716	state.n.04	0.897
107569255	state.n.04	0.746
107570903	state.n.04	0.604
107571239	state.n.04	0.75
107571801	state.n.04	0.558
107572339	state.n.04	0.771
107572443	tribe.n.01	0.968
107572466	state.n.04	0.935
107572567	state.n.01	0.418
107572588	state.n.04	0.883
107572894	people.n.01	0.753
115962132	state.n.04	0.689
115963095	nation.n.02	0.526
115963130	state.n.04	0.763
115963236	state.n.04	0.758
115965105	state.n.04	0.463
115967496	nation.n.02	0.552
115967717	state.n.04	0.69
115968063	nation.n.02	0.482
115968126	state.n.04	0.88
115968738	state.n.04	0.875
107581109	state.n.04	0.875
107581154	state.n.04	0.504
107581193	state.n.04	0.89
107581611	state.n.04	0.885
115971291	state.n.04	0.95
107582740	nation.n.02	0.778
107583139	state.n.04	0.468
115971834	nation.n.02	0.657
107584382	nation.n.04	0.518
107584580	state.n.04	0.816
115973370	nation.n.02	0.509
107584948	people.n.01	0.611
115974057	nation.n.02	0.533
107585695	state.n.04	0.891
107585769	state.n.04	0.658
115975023	state.n.04	0.908
115975093	state.n.04	0.644
115975460	state.n.04	0.952
115975676	state.n.04	0.947
115975898	state.n.04	0.536
115976102	nation.n.02	0.549
115976137	nation.n.02	0.61
115976164	state.n.04	0.933
107587849	race.n.03	0.992
115976471	nation.n.02	0.569
107587891	state.n.04	0.716
115976783	state.n.04	0.759
115976799	state.n.04	0.798
115976827	state.n.04	0.829
115977129	nation.n.02	0.508
115977165	state.n.04	0.833
115977348	state.n.04	0.938
115977425	nation.n.02	0.669
115977588	state.n.04	0.7
115977748	state.n.04	0.569
115977779	state.n.04	0.617
115977997	state.n.04	0.568
107590418	state.n.04	0.775
115979801	nation.n.02	0.573
115979892	state.n.04	0.902
107591479	state.n.04	0.6
115980505	state.n.04	0.829
115981253	nation.n.02	0.689
115981449	state.n.04	0.603
115982007	nation.n.02	0.562
115982126	state.n.04	0.6
115982231	state.n.04	0.771
107593751	state.n.04	0.821
107594032	state.n.04	0.801
107594115	state.n.04	0.899
107594384	state.n.04	0.803
115983091	state.n.04	0.926
115983249	state.n.04	0.722
115983287	nation.n.02	0.512
107595151	state.n.04	0.796
107595219	state.n.04	0.613
107595332	state.n.04	0.928
107595341	people.n.01	0.964
107595591	nation.n.02	0.579
107595927	state.n.04	0.832
107596155	people.n.01	0.93
107596172	state.n.04	0.882
107596190	state.n.04	0.961
107596256	state.n.04	0.898
107596298	state.n.04	0.842
107596402	state.n.04	0.729
107596811	nation.n.02	0.798
107596862	state.n.04	0.753
107596999	state.n.04	0.939
107597257	state.n.04	0.827
107597280	state.n.04	0.881
107597285	state.n.04	0.881
107597505	state.n.04	0.681
107597878	state.n.04	0.875
107598496	state.n.04	0.824
115988445	state.n.04	0.523
107599967	nation.n.02	0.534
115988597	state.n.04	0.572
115988772	state.n.04	0.699
115989034	country.n.02	0.634
115989066	nation.n.02	0.602
107600909	state.n.04	0.566
115989540	nation.n.02	0.544
107601040	state.n.04	0.678
115989858	state.n.04	0.558
115989966	state.n.04	0.645
107601403	state.n.04	0.948
107601587	state.n.04	0.778
107602189	state.n.04	0.539
107603875	state.n.04	0.533
107604203	state.n.04	0.79
115993288	state.n.04	0.73
107604873	state.n.04	0.585
107605555	state.n.04	0.947
115994465	state.n.04	0.857
115995079	nation.n.02	0.601
115995530	state.n.04	0.87
107607448	state.n.04	0.913
107607473	state.n.04	0.481
115996938	state.n.04	0.76
115997066	state.n.04	0.471
115997127	stranger.n.01	0.841
107608948	state.n.04	0.497
107609405	state.n.04	0.765
115998231	nation.n.02	0.704
107610124	state.n.04	0.953
107610409	state.n.04	0.898
115999240	nation.n.02	0.577
115999414	nation.n.02	0.533
115999642	nation.n.02	0.587
116000013	nation.n.02	0.528
116000147	nation.n.02	0.56
116000612	nation.n.02	0.534
116000820	state.n.04	0.904
116000831	state.n.04	0.768
116000921	state.n.04	0.6
116001522	nation.n.02	0.771
116001546	nation.n.02	0.642
116001720	state.n.04	0.666
116001749	state.n.04	0.788
107613852	state.n.04	0.563
116002846	nation.n.02	0.648
116003430	nation.n.02	0.58
107615056	state.n.04	0.644
107615389	state.n.04	0.72
107615402	state.n.04	0.895
116004267	state.n.04	0.623
107615708	state.n.04	0.895
107615814	people.n.01	0.729
107615847	state.n.04	0.712
116006815	nation.n.02	0.556
116006845	state.n.04	0.534
107618908	state.n.04	0.659
116007569	nation.n.02	0.523
107619729	state.n.04	0.896
116008468	state.n.04	0.809
116008592	state.n.04	0.821
107620141	people.n.01	0.701
107620250	nation.n.04	0.534
124763196	state.n.04	0.897
116009915	state.n.04	0.663
116009954	state.n.04	0.502
116010197	state.n.04	0.923
107623078	citizenry.n.01	0.532
116012258	state.n.04	0.521
116012309	nation.n.02	0.522
107623880	state.n.04	0.849
116015474	state.n.04	0.787
116017549	nation.n.02	0.927
116017726	nation.n.02	0.617
116018829	state.n.04	0.527
116018891	nation.n.02	0.512
116018929	nation.n.02	0.725
107630487	state.n.04	0.757
107630616	state.n.04	0.639
116019764	nation.n.02	0.769
116019810	state.n.04	0.638
116020018	nation.n.02	0.547
116020211	nation.n.02	0.521
107631788	state.n.04	0.896
116020399	state.n.04	0.736
107632653	state.n.04	0.866
107632822	tribe.n.01	0.974
107633055	tribe.n.01	0.99
107633243	state.n.04	0.711
107633258	state.n.04	0.711
107633271	tribe.n.01	0.937
107633293	nation.n.04	0.452
107633395	tribe.n.01	0.981
107633477	tribe.n.01	0.99
107633505	state.n.04	0.924
116022125	nation.n.02	0.598
116022158	state.n.04	0.608
116022221	nation.n.02	0.753
107633783	state.n.04	0.838
116023565	state.n.04	0.557
107635097	people.n.01	0.673
107635315	state.n.04	0.663
116024274	nation.n.02	0.665
107635882	nation.n.02	0.789
107635940	citizenry.n.01	0.492
107636307	nation.n.02	0.484
116025265	nation.n.02	0.756
116025383	state.n.04	0.613
116025396	nation.n.02	0.412
116025418	state.n.04	0.671
107637349	state.n.04	0.788
107637489	people.n.01	0.522
116026422	state.n.04	0.759
107637973	language.n.01	0.926
107638057	tribe.n.01	0.975
107638144	national.n.01	0.997
107638360	state.n.04	0.874
107638398	state.n.04	0.872
107638517	state.n.04	0.76
116027350	nation.n.02	0.645
116027403	nation.n.02	0.562
116028372	nation.n.02	0.742
116028432	state.n.04	0.801
116028577	state.n.04	0.566
116028828	state.n.04	0.68
116028962	nation.n.02	0.536
107640790	state.n.04	0.86
116029470	state.n.04	0.593
107641346	tribe.n.01	0.983
107641500	tribe.n.01	0.977
107641800	tribe.n.01	0.986
107641836	tribe.n.01	0.991
107641917	tribe.n.01	0.967
116030668	state.n.04	0.733
107642475	state.n.04	0.933
107642525	state.n.04	0.97
107642691	state.n.04	0.953
107642773	state.n.04	0.944
107642818	tribe.n.01	0.993
116031598	state.n.04	0.638
107643455	tribe.n.01	0.987
107643735	state.n.04	0.772
107643793	state.n.04	0.683
107643877	state.n.04	0.772
116032618	country.n.02	0.543
107644197	tribe.n.01	0.988
116033032	nation.n.02	0.832
116033161	nation.n.02	0.689
107644600	state.n.04	0.884
107644619	state.n.04	0.905
116033283	state.n.04	0.603
107644882	tribe.n.01	0.982
116033520	state.n.04	0.595
107645172	state.n.04	0.848
116033865	state.n.04	0.622
116033979	state.n.04	0.547
116034047	state.n.04	0.78
107645527	state.n.04	0.655
107645550	nation.n.02	0.5
107645785	state.n.04	0.91
107646745	nation.n.02	0.691
107647121	nation.n.04	0.647
107648111	state.n.04	0.946
107650235	state.n.04	0.787
107650335	race.n.03	0.992
107650425	race.n.03	0.986
107651873	tribe.n.01	0.98
107651938	state.n.04	0.969
107652054	state.n.04	0.731
107652103	state.n.04	0.871
116040965	state.n.04	0.605
116041290	nation.n.02	0.737
116041539	nation.n.02	0.686
107653219	state.n.04	0.771
107653376	state.n.04	0.838
107653462	tribe.n.01	0.971
107653703	state.n.04	0.536
107653823	state.n.04	0.906
107653865	state.n.04	0.822
107653995	state.n.04	0.899
107654405	state.n.04	0.887
107654512	state.n.04	0.943
107658119	nation.n.04	0.7
107658132	tribe.n.01	0.992
116047573	state.n.04	0.736
116048383	nation.n.02	0.557
107662372	state.n.04	0.912
116051294	nation.n.02	0.593
116052285	state.n.04	0.835
116052393	state.n.04	0.924
116052772	nation.n.02	0.671
116053259	nation.n.02	0.6
116053318	state.n.04	0.54
116054239	nation.n.02	0.693
116057259	state.n.04	0.775
116060495	community.n.01	0.967
116061207	state.n.04	0.721
116061226	nation.n.02	0.623
107674088	nation.n.02	0.48
116063641	nation.n.02	0.635
116065322	nation.n.02	0.524
116065490	nation.n.02	0.547
107677354	nation.n.02	0.647
107678500	state.n.04	0.913
107678678	state.n.04	0.947
107678889	state.n.04	0.673
107678903	state.n.04	0.673
107683831	nation.n.02	0.597
107683839	state.n.04	0.554
107684498	state.n.04	0.827
107684672	state.n.04	0.878
116076383	nation.n.02	0.558
107688259	nation.n.04	0.484
107689145	state.n.04	0.92
107689275	state.n.04	0.678
107690660	state.n.04	0.824
107694225	state.n.04	0.852
116083349	nation.n.02	0.612
116083359	nation.n.02	0.683
116083515	nation.n.02	0.711
116083665	nation.n.02	0.786
116084281	nation.n.02	0.843
116084465	state.n.04	0.474
107696958	tribe.n.01	0.993
107697335	state.n.04	0.455
107697448	state.n.04	0.907
116087013	nation.n.02	0.825
116088201	nation.n.02	0.771
116088542	state.n.04	0.541
116089197	nation.n.02	0.51
116089212	state.n.04	0.838
116089480	state.n.04	0.564
116089614	state.n.04	0.648
116089631	state.n.04	0.648
107701035	state.n.04	0.906
124478774	state.n.04	0.495
107702001	nation.n.02	0.521
124479987	nation.n.02	0.554
124480046	nation.n.02	0.529
116091662	state.n.04	0.631
116091785	nation.n.02	0.853
116092672	nation.n.02	0.706
116095313	nation.n.02	0.635
116096343	state.n.04	0.692
116099471	state.n.04	0.724
107712096	state.n.04	0.905
107712573	state.n.04	0.819
107712731	state.n.04	0.916
107713314	tribe.n.01	0.982
107714481	state.n.04	0.867
107714856	state.n.04	0.9
107714869	state.n.04	0.877
107715339	state.n.04	0.521
107715491	state.n.04	0.93
107715506	tribe.n.01	0.921
116104123	state.n.04	0.666
107716699	tribe.n.01	0.99
107717523	state.n.04	0.781
107718307	nation.n.02	0.459
107718723	state.n.04	0.799
107718893	tribe.n.01	0.985
107719772	state.n.04	0.762
107719888	state.n.04	0.429
116108926	nation.n.02	0.651
107721473	state.n.04	0.901
107721920	state.n.04	0.905
107722738	state.n.04	0.754
107724227	tribe.n.01	0.985
107724268	state.n.04	0.847
107724772	people.n.01	0.872
107725027	tribe.n.01	0.993
116113957	country.n.02	0.76
107726052	state.n.04	0.821
107726079	state.n.04	0.807
107726699	state.n.04	0.915
107727398	state.n.04	0.768
107728401	state.n.04	0.756
107728462	nation.n.02	0.495
107728476	nation.n.02	0.496
107728658	nation.n.02	0.653
107728688	state.n.04	0.623
107730047	state.n.04	0.883
107730993	state.n.04	0.928
107731017	state.n.04	0.677
107731040	state.n.04	0.858
107731510	people.n.01	0.822
116120492	state.n.04	0.567
116120687	nation.n.02	0.582
116120902	state.n.04	0.74
116121622	nation.n.02	0.504
116122312	people.n.01	0.72
107735026	state.n.04	0.69
116124313	nation.n.02	0.588
116124340	state.n.04	0.684
107736004	state.n.04	0.578
107736571	nation.n.04	0.816
116125934	nation.n.02	0.746
107740188	state.n.04	0.86
107740549	nation.n.04	0.539
107741001	state.n.04	0.899
107741030	tribe.n.01	0.979
107741050	tribe.n.01	0.99
107741102	state.n.04	0.926
116130982	nation.n.02	0.581
107742887	state.n.04	0.965
107743250	nation.n.02	0.399
116132811	nation.n.02	0.665
116133041	state.n.04	0.765
116133268	state.n.04	0.671
116133527	state.n.04	0.55
116133630	nation.n.02	0.827
116133995	state.n.04	0.932
116135125	nation.n.02	0.722
116135381	state.n.04	0.771
116135972	people.n.01	0.646
116136017	people.n.01	0.944
116137631	people.n.01	0.942
124529698	state.n.04	0.863
124529723	lineage.n.01	0.709
124529793	people.n.01	0.967
124530416	state.n.04	0.752
124532937	state.n.04	0.856
124535902	people.n.01	0.813
124537078	country.n.02	0.696
124537191	state.n.04	0.714
124537394	state.n.04	0.756
107761230	state.n.04	0.518
107761312	nation.n.02	0.648
124539175	people.n.01	0.66
116152004	state.n.04	0.743
107764236	state.n.04	0.681
124543091	race.n.03	0.996
116154615	state.n.04	0.827
124543701	nation.n.04	0.347
124543740	people.n.01	0.675
116155171	state.n.04	0.638
124543794	nation.n.04	0.426
116155475	nation.n.02	0.726
116157274	state.n.04	0.684
116158202	state.n.04	0.694
116158390	state.n.04	0.91
116158473	nation.n.02	0.557
116158610	state.n.04	0.77
116158627	state.n.04	0.948
116159222	state.n.04	0.775
107770889	tribe.n.01	0.992
116159582	state.n.04	0.708
116160361	state.n.04	0.753
124549240	state.n.04	0.804
124549631	state.n.04	0.676
124550014	state.n.04	0.593
124553205	state.n.04	0.822
107776042	state.n.04	0.746
107777525	state.n.04	0.779
107778922	people.n.01	0.829
116167707	state.n.04	0.854
107779697	state.n.04	0.632
107782623	state.n.04	0.708
107782741	tribe.n.01	0.971
107782763	state.n.04	0.858
107782817	state.n.04	0.791
107782874	state.n.04	0.633
116171497	state.n.04	0.731
107782920	people.n.01	0.981
107785195	state.n.04	0.855
107785391	state.n.04	0.879
116174064	state.n.04	0.753
107785739	state.n.04	0.791
116174684	state.n.04	0.734
116174685	state.n.04	0.676
116176964	nation.n.02	0.819
116177911	state.n.04	0.715
116179045	multitude.n.02	0.519
116179308	nation.n.02	0.723
107790756	state.n.04	0.937
107790814	state.n.04	0.667
116179727	nation.n.02	0.821
116179994	state.n.04	0.808
107791392	people.n.01	0.503
116180437	state.n.04	0.607
124569829	state.n.04	0.928
107792663	nation.n.04	0.582
116181697	nation.n.02	0.841
116181884	state.n.04	0.653
116182552	state.n.04	0.687
107795005	country.n.02	0.848
116184291	nation.n.02	0.759
116184630	nation.n.02	0.513
116184819	nation.n.02	0.818
124573584	tribe.n.01	0.99
116185561	nation.n.02	0.548
107798199	citizenry.n.01	0.512
107799564	state.n.04	0.9
107800784	state.n.04	0.737
107801018	state.n.04	0.853
107804375	state.n.04	0.498
116193076	nation.n.02	0.76
124582787	state.n.04	0.796
107805592	state.n.04	0.682
107807398	tribe.n.01	0.993
107807727	state.n.04	0.931
107807795	state.n.04	0.887
107807884	state.n.04	0.568
107809406	nation.n.02	0.5
124586816	state.n.04	0.815
124587644	state.n.04	0.846
107810818	tribe.n.01	0.976
124588611	state.n.04	0.762
116200062	state.n.04	0.531
116201327	nation.n.02	0.906
116201765	nation.n.02	0.818
124590474	state.n.04	0.753
116202911	nation.n.02	0.714
124592170	state.n.04	0.557
124592252	tribe.n.01	0.972
107815538	state.n.04	0.661
107815558	state.n.04	0.824
124593608	people.n.01	0.908
107816482	tribe.n.01	0.952
107816619	state.n.04	0.908
116206426	state.n.04	0.51
107818201	tribe.n.01	0.984
124596739	nation.n.02	0.505
107820282	state.n.04	0.895
107820411	state.n.04	0.967
107821566	tribe.n.01	0.853
107821928	state.n.04	0.673
116211195	nation.n.02	0.603
107822926	state.n.04	0.888
107822956	state.n.04	0.769
107823210	state.n.04	0.9
107823546	state.n.04	0.906
124600995	state.n.04	0.701
124602643	state.n.04	0.791
116214877	nation.n.02	0.618
116215188	state.n.04	0.868
116215358	nation.n.02	0.584
116215537	nation.n.02	0.652
116216287	state.n.04	0.667
116216577	nation.n.02	0.804
116218221	nation.n.02	0.518
116218405	state.n.04	0.541
116218557	state.n.04	0.549
124608733	nation.n.02	0.429
116221638	state.n.04	0.852
116221711	state.n.04	0.938
116221885	nation.n.02	0.512
116221922	people.n.01	0.56
116222081	state.n.04	0.937
116222317	nation.n.02	0.621
116222375	state.n.04	0.951
116222490	state.n.04	0.64
116223037	state.n.04	0.911
116223679	state.n.04	0.954
107836368	state.n.04	0.867
116226346	nation.n.02	0.541
116227101	state.n.04	0.783
124615879	state.n.04	0.523
107838690	state.n.04	0.946
116227356	state.n.04	0.741
107838902	tribe.n.01	0.992
124619246	state.n.04	0.9
107842898	state.n.04	0.967
116232588	state.n.04	0.524
116232707	state.n.04	0.898
124621361	state.n.04	0.754
107844265	state.n.04	0.929
107844403	state.n.04	0.733
107844478	state.n.04	0.866
124621863	state.n.04	0.835
116233671	state.n.04	0.556
116233859	state.n.04	0.703
124622766	nation.n.02	0.569
124622836	state.n.04	0.766
124622885	tribe.n.01	0.99
124623027	state.n.04	0.708
124623932	state.n.04	0.597
116236757	state.n.04	0.502
107848847	race.n.03	0.975
124626696	state.n.04	0.816
124627330	state.n.04	0.905
124627774	state.n.04	0.605
107852015	state.n.04	0.56
116251092	state.n.04	0.762
116251581	nation.n.02	0.593
116252437	nation.n.02	0.656
107864878	state.n.04	0.902
107864898	state.n.04	0.482
107864916	state.n.04	0.854
124642171	state.n.04	0.841
107865011	state.n.04	0.752
107865058	state.n.04	0.905
107865108	state.n.04	0.742
107865134	state.n.04	0.659
124642502	nation.n.04	0.88
107865433	nation.n.02	0.556
107865889	state.n.04	0.645
107865904	state.n.04	0.632
107866416	state.n.04	0.433
116255452	nation.n.02	0.7
116255529	state.n.04	0.749
116255847	nation.n.02	0.609
107867829	state.n.04	0.493
116256452	state.n.04	0.698
107868069	state.n.04	0.689
107868100	state.n.04	0.442
116256724	state.n.04	0.54
107868143	state.n.04	0.646
107868162	state.n.04	0.86
116256785	autonomy.n.01	0.656
116256854	state.n.04	0.937
116260351	state.n.04	0.568
116264923	nation.n.02	0.829
124654003	state.n.04	0.842
124654325	state.n.04	0.651
124654741	nation.n.02	0.612
124654815	state.n.04	0.887
124656306	nation.n.02	0.617
124656326	people.n.01	0.584
124656926	state.n.04	0.89
124656992	state.n.04	0.813
124658523	citizenry.n.01	0.508
124658686	people.n.01	0.805
124658730	state.n.04	0.642
124658759	people.n.01	0.666
116275403	state.n.04	0.634
124665569	state.n.04	0.514
124667164	race.n.03	0.999
107891177	state.n.04	0.954
116279865	state.n.04	0.719
107891519	state.n.04	0.887
116280502	nation.n.02	0.585
116280889	state.n.04	0.568
116281017	nation.n.02	0.55
116281321	state.n.04	0.732
116281605	state.n.04	0.739
116282496	nation.n.02	0.661
124679663	state.n.04	0.901
116293398	state.n.04	0.555
124685380	nation.n.02	0.676
124685641	state.n.04	0.843
116297146	state.n.04	0.832
116297357	state.n.04	0.762
116297464	state.n.04	0.961
124686690	state.n.04	0.437
124686712	nation.n.04	0.917
124686781	state.n.04	0.677
124686790	state.n.04	0.903
124687120	nation.n.02	0.472
124687461	state.n.04	0.657
116299987	state.n.04	0.695
116300125	nation.n.02	0.705
116300527	state.n.04	0.578
107915337	state.n.04	0.801
107915379	state.n.04	0.715
124693590	state.n.04	0.867
124694136	state.n.04	0.616
116307831	state.n.04	0.695
124696586	state.n.04	0.833
124697234	state.n.04	0.827
124698089	nation.n.04	0.571
124699956	state.n.04	0.705
124700138	state.n.04	0.686
116315870	state.n.04	0.574
124704870	state.n.04	0.543
116317363	nation.n.04	0.555
116319392	nation.n.04	0.482
124709304	state.n.04	0.73
116323296	state.n.04	0.691
116323769	state.n.04	0.939
124715167	nation.n.02	0.82
124715502	state.n.04	0.884
116329159	state.n.04	0.927
116329554	state.n.04	0.521
107941673	state.n.04	0.608
124718918	people.n.01	0.583
116330633	state.n.04	0.531
116330933	people.n.01	0.546
116331055	nation.n.02	0.839
116331299	nation.n.02	0.736
116331308	people.n.01	0.569
116331409	nation.n.02	0.603
116331456	race.n.03	0.996
116332562	people.n.01	0.737
124722651	state.n.04	0.814
116334150	nation.n.02	0.726
107946707	state.n.04	0.452
116336864	state.n.04	0.729
116337268	nation.n.02	0.506
116337626	nation.n.02	0.709
116337809	state.n.04	0.587
116337829	country.n.02	0.631
116337966	state.n.04	0.621
107949674	state.n.04	0.83
124733881	nation.n.02	0.743
124734799	state.n.04	0.777
124734998	state.n.04	0.696
107959798	people.n.01	0.865
124741982	state.n.04	0.766
124742018	state.n.04	0.631
124742976	state.n.04	0.9
124743373	state.n.04	0.797
124743504	state.n.04	0.534
124743551	state.n.04	0.717
124743594	tribe.n.01	0.987
124744046	nation.n.02	0.665
124744200	state.n.04	0.841
124744547	tribe.n.01	0.99
124744627	tribe.n.01	0.977
124744730	state.n.04	0.779
107967873	heathen.n.01	None
107968535	state.n.04	0.502
124745789	state.n.04	0.808
107968605	state.n.04	0.658
124745946	state.n.04	0.9
107968737	state.n.04	0.738
124745990	state.n.04	0.777
107969031	nation.n.02	0.601
107969124	nation.n.02	0.547
107969125	nation.n.02	0.547
107969140	state.n.04	0.641
107969141	state.n.04	0.641
107969224	nation.n.02	0.805
107969225	nation.n.02	0.805
107969266	state.n.04	0.555
107969456	nation.n.02	0.583
107970427	state.n.04	0.644
107970821	state.n.04	0.779
107970963	state.n.04	0.728
124748199	state.n.04	0.86
107972120	nation.n.02	0.447
107972329	state.n.04	0.679
124750833	state.n.04	0.956
124752336	state.n.04	0.68
124757108	state.n.04	0.67
124759979	state.n.04	0.74
124760378	state.n.04	0.937
124760392	state.n.04	0.9
124762789	state.n.04	0.74
107985609	state.n.04	0.624
124762838	state.n.04	0.686
124762865	citizenry.n.01	0.623
124762998	state.n.04	0.879
124763014	state.n.04	0.92
124763032	state.n.04	0.813
107986626	nation.n.02	0.639
107986658	state.n.04	0.589
107986688	state.n.04	0.612
107986746	state.n.04	0.594
107987541	state.n.04	0.799
107987577	state.n.04	0.587
107988013	state.n.04	0.854
124770052	state.n.04	0.73
124771338	nation.n.02	0.671
107994402	state.n.04	0.835
124772145	nation.n.02	0.569
124772754	state.n.04	0.688
124772853	nation.n.02	0.781
124775340	state.n.04	0.922
124775623	nation.n.02	0.521
107999354	state.n.04	0.648
108003270	nation.n.02	0.717
108003272	nation.n.02	0.506
108005829	state.n.04	0.748
108010885	heathen.n.01	None
108014147	state.n.04	0.61
108014334	state.n.04	0.784
108014352	state.n.04	0.795
108014408	kingdom.n.02	0.612
108014471	state.n.04	0.662
108014650	state.n.04	0.866
108014974	heathen.n.01	None
108015196	nation.n.02	0.474
108018219	heathen.n.01	None
108018607	people.n.01	0.644
108019064	people.n.01	0.879
108019364	citizenry.n.01	0.522
108019403	nation.n.02	0.698
108019656	state.n.04	0.755
108019714	people.n.01	0.659
108019939	people.n.01	0.475
108022735	state.n.04	0.795
108023542	nation.n.02	0.435
108024080	heathen.n.01	None
108024981	state.n.04	0.82
108025260	people.n.01	0.936
108025521	state.n.04	0.493
108025618	citizenry.n.01	0.508
108026802	people.n.01	0.751
108026821	state.n.04	0.498
108026835	people.n.01	0.974
108026879	people.n.01	0.961
108027304	nation.n.02	0.512
108027414	nation.n.02	0.481
108027660	heathen.n.01	None
108028687	state.n.04	0.765
108028694	state.n.04	0.733
108028718	nation.n.02	0.88
108028964	state.n.04	0.887
108029015	state.n.04	0.649
108029196	nation.n.02	0.493
108030282	state.n.04	0.738
108030286	state.n.04	0.559
108030301	state.n.04	0.77
108030372	state.n.04	0.619
108030418	state.n.04	0.865
108030488	state.n.04	0.96
108030588	state.n.04	0.843
108030612	state.n.04	0.851
108030733	state.n.04	0.869
108030789	state.n.04	0.705
108031021	nation.n.02	0.57
108031569	state.n.04	0.518
108033787	nation.n.02	0.642
108034961	state.n.04	0.862
108034972	nation.n.02	0.555
108035021	state.n.04	0.496
108035038	state.n.04	0.803
108035060	state.n.04	0.788
108035310	nation.n.02	0.424
108035360	nation.n.02	0.55
108036540	state.n.04	0.438
108036615	state.n.04	0.52
108036960	state.n.04	0.668
108037642	state.n.04	0.575
108040883	state.n.04	0.497
108042474	nation.n.02	0.61
108043879	state.n.04	0.699
108045052	state.n.04	0.518
108045395	nation.n.02	0.868
108046383	state.n.04	0.722
108047402	state.n.04	0.602
108050831	state.n.04	0.595
108050919	state.n.04	0.496
108051395	state.n.04	0.608
108051412	state.n.04	0.608
108059936	state.n.04	0.883
108060120	heathen.n.01	None
108060144	heathen.n.01	None
108060524	nation.n.02	0.61
108061165	state.n.04	0.58
108061357	state.n.04	0.739
108061783	heathen.n.01	None
108062264	heathen.n.01	None
108062807	state.n.04	0.645
108063321	heathen.n.01	None
108063385	heathen.n.01	None
108063449	heathen.n.01	None
108063556	state.n.04	0.832
108063582	people.n.01	0.609
108064630	heathen.n.01	None
108064716	heathen.n.01	None
108064819	nation.n.02	0.378
108064994	heathen.n.01	None
108065035	heathen.n.01	None
108065248	heathen.n.01	None
108065285	heathen.n.01	None
108065688	heathen.n.01	None
108066857	heathen.n.01	None
108067753	nation.n.02	0.783
108068359	heathen.n.01	None
108069544	people.n.01	0.602
108069630	state.n.04	0.675
108070398	state.n.04	0.695
108071480	people.n.01	0.682
108071744	state.n.04	0.815
108071852	citizenry.n.01	0.643
108073832	people.n.01	0.536
108073933	citizenry.n.01	0.529
108074024	nation.n.02	0.557
108074056	people.n.01	0.732
108074249	heathen.n.01	None
108074377	people.n.01	0.599
108074386	state.n.04	0.604
108075148	people.n.01	0.637
108075201	nation.n.02	0.595
108076344	nation.n.02	0.546
108076974	nation.n.02	0.686
108077084	heathen.n.01	None
108077509	nation.n.02	0.582
108077550	state.n.04	0.602
108078054	state.n.04	0.779
108078094	state.n.04	0.589
108078111	nation.n.02	0.579
108078118	nation.n.02	0.865
108078162	state.n.04	0.611
108078177	nation.n.02	0.59
108078274	nation.n.02	0.723
108078300	nation.n.02	0.603
108078659	people.n.01	0.635
108078677	people.n.01	0.489
108078829	state.n.04	0.729
108079693	state.n.04	0.652
108083580	state.n.04	0.771
108084414	people.n.01	0.775
108084419	people.n.01	0.827
108084434	state.n.04	0.633
108084967	state.n.04	0.844
108085408	nation.n.02	0.831
108086312	state.n.04	0.515
108086501	heathen.n.01	None
108086597	state.n.04	0.6
108088190	state.n.04	0.679
108088286	nation.n.02	0.626
108089028	heathen.n.01	None
108089507	nation.n.02	0.511
108089559	nation.n.02	0.689
108090077	people.n.01	0.875
108091156	state.n.04	0.613
108091810	heathen.n.01	None
108091837	heathen.n.01	None
108092283	nation.n.02	0.52
108092719	heathen.n.01	None
108092780	heathen.n.01	None
108093847	nation.n.02	0.649
108094891	race.n.03	0.99
108095425	inhabitant.n.01	None
108095519	state.n.04	0.858
108095548	people.n.01	0.897
108095837	people.n.01	0.867
108096557	heathen.n.01	None
108097766	state.n.04	0.806
108097860	heathen.n.01	0.336
108097974	state.n.04	0.874
108098234	state.n.04	0.813
108098716	people.n.01	0.894
108099492	heathen.n.01	None
108100839	state.n.04	0.84
108100951	state.n.04	0.575
108101014	heathen.n.01	None
108101062	state.n.04	0.665
108101107	heathen.n.01	None
108104592	state.n.04	0.578
108104604	state.n.04	0.626
108107239	state.n.04	0.699
108107271	nation.n.02	0.517
108110637	state.n.04	0.697
108110799	heathen.n.01	None
108110974	nation.n.04	0.441
108111643	state.n.04	0.878
108111717	state.n.04	0.619
108111748	state.n.04	0.679
108111776	state.n.04	0.573
108111840	state.n.04	0.597
108112119	state.n.04	0.782
108114829	heathen.n.01	None
108114883	heathen.n.01	None
108116184	state.n.04	0.532
108116410	state.n.04	0.803
108116667	state.n.04	0.724
108116687	state.n.04	0.562
108116695	state.n.04	0.583
108117286	state.n.04	0.804
108118884	state.n.04	0.593
108121306	nation.n.02	0.485
108121975	heathen.n.01	None
108122516	state.n.04	0.59
108122573	state.n.04	0.613
108123384	state.n.04	0.658
108124797	state.n.04	0.749
108126683	state.n.04	0.497
108127442	state.n.04	0.803
108128699	state.n.04	0.502
108128701	nation.n.02	0.507
108129116	people.n.01	0.675
108129211	nation.n.02	0.621
108129521	nation.n.04	0.708
108129605	state.n.04	0.892
108131189	state.n.04	0.539
108131294	heathen.n.01	None
108131562	state.n.04	0.668
108131765	state.n.04	0.525
108131794	state.n.04	0.847
108132254	state.n.04	0.614
108132401	state.n.04	0.84
108136834	state.n.04	0.94
108136903	heathen.n.01	None
108140043	state.n.04	0.759
108140359	state.n.04	0.583
108150188	nation.n.02	0.867
108151363	state.n.04	0.657
108151442	nation.n.02	0.622
116540541	race.n.03	0.991
108155884	state.n.04	0.582
108156285	nation.n.02	0.613
108156944	nation.n.02	0.515
108157945	state.n.04	0.628
108157993	state.n.04	0.736
108158264	nation.n.02	0.604
108158384	nation.n.02	0.655
108171175	state.n.04	0.559
108171181	state.n.04	0.761
108172820	state.n.04	0.649
108181536	nation.n.02	0.752
108181542	nation.n.02	0.798
108183344	state.n.04	0.703
108184341	state.n.04	0.656
108185430	state.n.04	0.79
108185973	state.n.04	0.831
108186177	state.n.04	0.671
108186872	state.n.04	0.663
108189162	nation.n.02	0.702
108191994	state.n.04	0.526
108194398	state.n.04	0.74
108196701	state.n.04	0.577
108196735	people.n.01	0.958
108197297	nation.n.02	0.543
116588353	tribe.n.01	0.976
116588690	tribe.n.01	0.969
108200230	state.n.04	0.614
116590090	state.n.04	0.88
116590164	state.n.04	0.831
108202185	state.n.04	0.532
108202187	state.n.04	0.678
108202672	state.n.04	0.754
108205188	state.n.04	0.796
108205195	state.n.04	0.914
108206708	country.n.02	0.822
108206825	nation.n.02	0.552
108209265	people.n.01	0.9
108209304	state.n.04	0.62
108210047	nation.n.02	0.581
108210057	nation.n.02	0.549
108211324	state.n.04	0.779
108211936	state.n.04	0.779
108211947	state.n.04	0.739
108220706	state.n.04	0.71
108221237	state.n.04	0.58
108225176	state.n.04	0.796
108227511	state.n.04	0.616
108227564	state.n.04	0.797
108227588	state.n.04	0.573
108227590	state.n.04	0.672
108227678	state.n.04	0.852
108227796	state.n.04	0.883
108227858	state.n.04	0.834
108228249	heathen.n.01	None
108229022	state.n.04	0.542
108229258	state.n.04	0.772
108230649	state.n.04	0.846
108230705	state.n.04	0.544
108230722	state.n.04	0.767
108230976	state.n.04	0.726
108231337	state.n.04	0.766
108233422	nation.n.02	0.804
108233444	state.n.04	0.771
108233479	state.n.04	0.811
108233937	state.n.04	0.535
108234203	state.n.04	0.75
108234332	state.n.04	0.65
108234396	state.n.04	0.871
108234495	state.n.04	0.862
108234797	state.n.04	0.498
108234931	state.n.04	0.732
108235582	nation.n.02	0.779
108235797	nation.n.02	0.701
108235829	nation.n.02	0.507
108235846	nation.n.02	0.461
108236161	state.n.04	0.873
108237096	state.n.04	0.58
108237104	state.n.04	0.536
108237288	state.n.04	0.715
108237532	state.n.04	0.891
108237999	heathen.n.01	None
108238179	state.n.04	0.813
108238345	state.n.04	0.711
108238410	state.n.04	0.681
108240041	state.n.04	0.837
108240389	state.n.04	0.574
108240612	state.n.04	0.723
108240646	nation.n.02	0.497
108240904	state.n.04	0.65
108241927	state.n.04	0.566
108241942	state.n.04	0.883
108242125	state.n.04	0.863
108243049	state.n.04	0.798
108243122	state.n.04	0.643
108243145	state.n.04	0.621
108243691	state.n.04	0.557
108243917	people.n.01	0.763
108244549	state.n.04	0.784
108244940	nation.n.02	0.809
108245614	state.n.04	0.792
108245618	state.n.04	0.792
108245665	state.n.04	0.642
108245688	state.n.04	0.507
108245690	state.n.04	0.598
108247387	state.n.04	0.772
108248923	nation.n.02	0.653
108249682	state.n.04	0.698
108249723	state.n.04	0.872
108249862	state.n.04	0.936
108250590	state.n.04	0.653
108250908	nation.n.04	0.496
108250915	state.n.04	0.736
108250921	state.n.04	0.705
108250927	state.n.04	0.839
108251461	nation.n.02	0.669
108251468	nation.n.02	0.638
108251536	state.n.04	0.851
108251600	state.n.04	0.915
108251704	state.n.04	0.897
108251919	state.n.04	0.794
108252038	state.n.04	0.942
108252430	state.n.04	0.474
108252926	state.n.04	0.767
108252935	state.n.04	0.859
108253013	state.n.04	0.684
108253166	nation.n.02	0.725
108254935	nation.n.04	0.57
108255484	state.n.04	0.452
108255835	state.n.04	0.681
108255867	state.n.04	0.671
108257593	state.n.04	0.899
108257660	state.n.04	0.837
108258213	state.n.04	0.711
108258817	state.n.04	0.78
108259699	heathen.n.01	None
108259796	state.n.04	0.787
108259865	state.n.04	0.706
108260223	state.n.04	0.737
108261312	state.n.04	0.598
108261351	state.n.04	0.823
108261686	state.n.04	0.594
108262033	state.n.04	0.614
108263417	state.n.04	0.826
108263452	state.n.04	0.877
108263853	state.n.04	0.611
108264383	nation.n.04	0.394
108265216	state.n.04	0.786
108266369	state.n.04	0.806
108266907	state.n.04	0.796
108268498	state.n.04	0.635
108268550	state.n.04	0.584
108268886	state.n.04	0.547
108269468	state.n.04	0.626
108270262	state.n.04	0.727
108271237	state.n.04	0.517
108271698	state.n.04	0.611
108273263	state.n.04	0.485
108273286	state.n.04	0.732
108273335	state.n.04	0.769
108273502	state.n.04	0.884
108273515	state.n.04	0.839
108273786	state.n.04	0.762
108273910	state.n.04	0.872
108274063	state.n.04	0.654
108274425	state.n.04	0.513
108275131	state.n.04	0.515
108276047	state.n.04	0.857
108276300	nation.n.02	0.506
108276325	state.n.04	0.833
108276379	state.n.04	0.549
108276621	nation.n.02	0.586
108276730	state.n.04	0.705
108277243	nation.n.02	0.558
108278419	state.n.04	0.644
108278494	heathen.n.01	0.488
108278711	state.n.04	0.616
108278841	nation.n.02	0.513
108279053	state.n.04	0.586
108279667	state.n.04	0.766
108279796	state.n.04	0.766
108279805	state.n.04	0.695
108280138	state.n.04	0.785
108280614	nation.n.02	0.622
108280721	nation.n.02	0.424
108281549	nation.n.02	0.739
108282650	state.n.04	0.604
108282990	state.n.04	0.537
108283387	nation.n.02	0.532
108284470	state.n.04	0.764
108287683	state.n.04	0.833
108287697	state.n.04	0.502
108287721	state.n.04	0.782
108287826	state.n.04	0.675
108289687	nation.n.02	0.767
108291744	state.n.04	0.577
108291812	state.n.04	0.518
108291854	state.n.04	0.881
108291897	state.n.04	0.838
108292223	state.n.04	0.548
108292588	state.n.04	0.537
108292592	state.n.04	0.537
108292655	state.n.04	0.891
108292824	state.n.04	0.639
108292891	nation.n.02	0.545
108293177	state.n.04	0.537
108293611	state.n.04	0.668
108293774	state.n.04	0.595
108293930	state.n.04	0.871
108294226	state.n.04	0.775
108294383	state.n.04	0.734
108294389	state.n.04	0.768
108294418	state.n.04	0.839
108294717	state.n.04	0.605
108294780	state.n.04	0.618
108295001	state.n.04	0.883
108295518	state.n.04	0.705
108295535	state.n.04	0.806
108296182	state.n.04	0.834
108297002	state.n.04	0.857
108297040	state.n.04	0.637
108297343	state.n.04	0.818
108297369	state.n.04	0.651
108297371	state.n.04	0.707
108297651	state.n.04	0.636
108298292	state.n.04	0.686
108298376	nation.n.02	0.508
108298802	state.n.04	0.736
108298866	state.n.04	0.561
108300184	state.n.04	0.6
108300909	family.n.04	0.528
108303679	state.n.04	0.79
108308140	state.n.04	0.65
108311019	state.n.04	0.606
108311886	state.n.04	0.875
108311912	state.n.04	0.889
108312080	nation.n.02	0.58
108312083	nation.n.02	0.61
108312737	state.n.04	0.667
108312798	nation.n.02	0.493
108315174	nation.n.02	0.467
108315218	state.n.04	0.612
108315709	state.n.04	0.543
108316627	state.n.04	0.825
108319386	state.n.04	0.591
108319404	state.n.04	0.649
108319444	state.n.04	0.648
108319469	state.n.04	0.648
108319494	state.n.04	0.787
108319679	state.n.04	0.683
108319912	state.n.04	0.649
108322440	state.n.04	0.607
108323046	state.n.04	0.567
108323078	state.n.04	0.643
108325231	nation.n.02	0.632
108328094	nation.n.02	0.499
108328177	state.n.04	0.477
108329293	state.n.04	0.507
108330916	state.n.04	0.655
108330939	state.n.04	0.615
108332030	state.n.04	0.666
108333340	people.n.01	0.857
108333640	state.n.04	0.662
108333667	state.n.04	0.856
108333721	state.n.04	0.858
108333773	state.n.04	0.779
108334019	state.n.04	0.87
108334855	state.n.04	0.818
108334922	state.n.04	0.962
108335079	state.n.04	0.743
108335393	state.n.04	0.844
108335534	nation.n.04	0.439
108335549	nation.n.02	0.486
108335939	country.n.02	0.666
108335958	state.n.04	0.447
108335999	state.n.04	0.717
108336012	state.n.04	0.621
108336217	state.n.04	0.583
108336378	state.n.04	0.648
108336647	state.n.04	0.759
108336730	state.n.04	0.768
108336894	state.n.04	0.526
108337013	state.n.04	0.804
108337027	state.n.04	0.449
108337065	state.n.04	0.679
108337200	nation.n.02	0.611
108337339	state.n.04	0.563
108337514	state.n.04	0.394
108337527	state.n.04	0.923
108337579	state.n.04	0.762
108337734	state.n.04	0.616
108339699	state.n.04	0.627
108339739	state.n.04	0.717
108339971	state.n.04	0.877
108340157	state.n.04	0.642
108340165	nation.n.02	0.538
108340210	nation.n.02	0.483
108340230	state.n.04	0.594
108340296	heathen.n.01	None
108340309	state.n.04	0.803
108340456	nation.n.02	0.714
108340467	nation.n.02	0.74
108340484	state.n.04	0.498
108340559	state.n.04	0.673
108340583	nation.n.02	0.478
108340627	state.n.04	0.511
108340665	state.n.04	0.484
108340682	state.n.04	0.607
108340693	nation.n.02	0.521
108340713	nation.n.02	0.415
108340872	state.n.04	0.637
108340998	state.n.04	0.558
108341628	nation.n.02	0.43
108341655	state.n.04	0.936
108341679	state.n.04	0.839
108341846	state.n.04	0.719
108341976	state.n.04	0.837
108342023	state.n.04	0.458
108342066	state.n.04	0.839
108342150	state.n.04	0.719
108342153	state.n.04	0.733
108342246	state.n.04	0.847
108342291	state.n.04	0.735
108342496	state.n.04	0.9
108342510	state.n.04	0.725
108342609	state.n.04	0.57
108342689	state.n.04	0.579
108343069	state.n.04	0.811
108343109	state.n.04	0.823
108343227	nation.n.02	0.495
108343236	nation.n.02	0.506
108343243	nation.n.02	0.589
108343261	nation.n.02	0.56
108354628	state.n.04	0.937
108354865	state.n.04	0.795
108354924	nation.n.02	0.642
108354994	state.n.04	0.549
108355007	state.n.04	0.541
108355778	state.n.04	0.609
108357055	state.n.04	0.83
108357545	state.n.04	0.845
108358229	state.n.04	0.64
108358340	state.n.04	0.769
108358419	state.n.04	0.711
108358463	state.n.04	0.616
108358542	state.n.04	0.932
108358626	state.n.04	0.962
108358673	state.n.04	0.724
108360165	state.n.04	0.78
108360670	state.n.04	0.858
108361678	state.n.04	0.498
108361976	state.n.04	0.803
108362633	state.n.04	0.901
108363732	state.n.04	0.808
108363969	state.n.04	0.861
108363973	state.n.04	0.708
108364224	nation.n.02	0.811
108364357	state.n.04	0.892
108367799	state.n.04	0.68
108373596	nation.n.02	0.58
108375896	state.n.04	0.6
108376501	state.n.04	0.873
108387619	race.n.03	0.981
108388182	people.n.01	0.786
100010237	multitude.n.02	None
100013226	flock.n.02	0.862
100013297	swarm.n.02	0.958
116809592	tribe.n.01	0.925
116816332	tribe.n.01	0.979
116818664	race.n.03	0.971
100061578	company.n.02	0.984
100065231	horde.n.01	0.411
100083264	flock.n.02	0.877
116871318	race.n.03	0.979
100095258	host.n.05	0.821
100095507	membership.n.01	0.539
100096346	host.n.05	0.623
116875094	people.n.01	0.871
116881398	race.n.03	0.994
116895606	nation.n.02	0.8
116910192	nation.n.02	0.443
116917046	state.n.04	0.887
108549062	race.n.03	0.984
108549172	state.n.04	0.867
116950460	state.n.04	0.842
108562644	state.n.04	0.515
116956972	people.n.01	0.724
116957101	people.n.01	0.871
116987390	state.n.04	0.869
116988866	state.n.04	0.923
116989059	state.n.04	0.935
116991862	tribe.n.01	0.997
116993454	state.n.04	0.739
116993781	state.n.04	0.858
116994009	tribe.n.01	0.986
116995410	people.n.01	0.505
116997439	tribe.n.01	0.977
117001888	state.n.04	0.876
117002070	tribe.n.01	0.977
108614113	state.n.04	0.919
117003594	tribe.n.01	0.987
117003914	tribe.n.01	0.961
108615458	state.n.04	0.924
117005482	state.n.04	0.823
117006924	people.n.01	0.62
117007937	people.n.01	0.802
117014209	nationality.n.01	0.911
117014632	people.n.01	0.655
108626298	citizenry.n.01	0.49
108628611	state.n.04	0.892
117020665	people.n.01	0.754
117023480	people.n.01	0.556
117024679	citizenry.n.01	0.589
117024747	state.n.01	0.999
117026595	tribe.n.01	0.989
117033995	state.n.04	0.801
117035632	tribe.n.01	0.96
108660433	state.n.04	0.82
117052733	state.n.04	0.924
108664813	folk.n.01	0.786
108664919	state.n.04	0.61
117055289	tribe.n.01	0.995
117056924	people.n.01	0.958
117057630	tribe.n.01	0.979
117058485	state.n.04	0.924
117058762	district.n.01	None
117059194	state.n.04	0.649
108671024	state.n.04	0.751
117059633	tribe.n.01	0.996
117059731	state.n.04	0.69
117060375	tribe.n.01	0.994
108671773	state.n.04	0.799
117060622	race.n.03	0.993
117060805	state.n.04	0.797
117060943	tribe.n.01	0.991
117060998	people.n.01	0.923
117061029	tribe.n.01	0.978
117061140	tribe.n.01	0.986
117061475	tribe.n.01	0.995
117063824	state.n.04	0.928
117063848	state.n.04	0.928
117066643	state.n.04	0.928
108681591	people.n.01	0.562
117070944	set.n.05	0.962
117072313	people.n.01	0.502
108684149	people.n.01	0.691
117074183	state.n.04	0.955
117074595	state.n.04	0.875
117074653	principality.n.01	None
108686224	people.n.01	0.56
117074970	state.n.04	0.898
117075368	state.n.04	0.862
117075610	country.n.02	0.604
117076047	state.n.04	0.9
117076088	people.n.01	0.707
108689062	people.n.01	0.624
117077853	state.n.01	0.994
117077865	state.n.04	0.912
117080879	state.n.04	0.915
117080913	state.n.04	0.917
117080963	people.n.01	0.498
117081083	country.n.02	0.534
117081850	people.n.01	0.824
117082404	people.n.01	0.606
117083778	state.n.04	0.89
117088843	state.n.04	0.888
117088952	nation.n.04	0.398
100313102	people.n.01	0.794
117091393	tribe.n.01	0.993
117094378	state.n.04	0.948
108705867	state.n.04	0.818
108708495	tribe.n.01	0.99
108708836	tribe.n.01	0.979
117099125	tribe.n.01	0.99
117100079	state.n.04	0.89
117100368	citizenry.n.01	0.723
117102038	tribe.n.01	0.981
117102235	tribe.n.01	0.993
117102445	tribe.n.01	0.892
117102571	state.n.04	0.794
117105342	state.n.04	0.886
117105415	state.n.04	0.924
117105827	state.n.04	0.943
117105863	state.n.04	0.827
117106324	people.n.01	0.722
100329233	state.n.04	0.761
117106483	state.n.04	0.942
117106695	state.n.04	0.891
117108525	state.n.04	0.804
117110201	nation.n.02	0.817
100335925	state.n.04	0.918
117115544	state.n.01	0.998
108726944	state.n.04	0.924
117115589	citizenry.n.01	0.506
117115740	citizenry.n.01	0.663
117116888	race.n.03	0.996
117117259	people.n.01	0.624
108729074	people.n.01	0.572
117117756	population.n.01	0.78
117118477	state.n.04	0.958
108731185	country.n.02	0.828
108733873	state.n.04	0.9
100345281	state.n.04	0.813
117122799	country.n.02	0.776
117122981	state.n.04	0.952
100347096	state.n.04	0.504
117128606	country.n.02	0.674
117128631	state.n.04	0.955
100353275	state.n.04	0.663
117130692	country.n.02	0.574
100353655	state.n.04	0.813
100353896	state.n.04	0.589
100354051	state.n.04	0.86
117133071	state.n.04	0.902
117136136	state.n.01	0.994
117136240	state.n.01	0.998
117136384	state.n.01	0.997
117137262	state.n.01	0.998
117137999	state.n.01	0.998
117138222	state.n.01	0.998
117138258	state.n.01	0.996
117138429	state.n.01	0.998
117138536	citizenry.n.01	0.507
117139423	state.n.01	0.999
117139823	state.n.01	0.999
108751440	citizenry.n.01	0.683
117140799	tribe.n.01	0.992
117142782	state.n.01	0.998
117143353	state.n.01	0.99
117143552	state.n.04	0.874
117146396	state.n.04	0.958
117147413	state.n.04	0.925
117147978	state.n.04	0.825
100371077	state.n.04	0.593
100371438	state.n.04	0.481
117148850	nation.n.02	0.636
117151160	people.n.01	0.687
117153656	state.n.04	0.919
117154091	race.n.03	0.997
117154761	state.n.01	0.999
108766369	state.n.04	0.629
117155097	state.n.01	0.998
117155587	state.n.04	0.735
117155664	state.n.04	0.809
117155738	state.n.04	0.874
108769407	people.n.01	0.58
117159541	state.n.01	0.999
117159720	state.n.01	0.998
108771118	nation.n.02	0.582
117160647	state.n.01	0.996
117161606	state.n.01	0.998
100385736	race.n.03	0.958
117163429	tribe.n.01	0.947
117163616	state.n.01	0.999
117164213	people.n.01	0.514
117164354	state.n.04	0.865
117165590	state.n.01	0.995
108777008	state.n.04	0.916
117166580	state.n.01	0.998
117166928	state.n.01	0.997
117167494	state.n.04	0.678
117171691	state.n.01	0.995
100394846	state.n.04	0.582
117172991	state.n.01	0.995
117173206	state.n.01	0.999
117173446	citizenry.n.01	0.595
117179032	state.n.01	0.999
108793441	state.n.04	0.939
108794509	state.n.04	0.937
108795531	state.n.04	0.899
117185722	tribe.n.01	0.989
117186229	state.n.01	0.998
100409812	city.n.01	0.971
108798520	state.n.04	0.889
117187422	state.n.04	0.893
108799374	state.n.04	0.904
117188761	state.n.04	0.931
100417629	nation.n.04	0.562
100418579	state.n.04	0.769
117196832	state.n.01	0.998
117197013	state.n.01	0.998
117197926	state.n.01	0.999
117199987	people.n.01	0.603
117201644	state.n.01	0.998
117202958	state.n.01	0.998
117203168	state.n.01	0.999
117203661	state.n.01	0.998
117204626	state.n.04	0.928
117204767	state.n.04	0.837
117204790	region.n.03	0.566
100430396	nation.n.02	0.597
117211527	race.n.03	0.992
117212492	race.n.03	0.991
117213210	state.n.04	0.773
117213422	people.n.01	0.61
117213958	state.n.01	0.998
117214742	state.n.01	0.998
117214942	state.n.01	0.996
117217338	state.n.01	0.998
108833382	citizenry.n.01	0.643
108834146	people.n.01	0.717
117223121	state.n.01	0.998
108834792	state.n.04	0.934
108835460	people.n.01	0.772
117224505	state.n.01	0.996
117224614	state.n.01	0.997
117225474	state.n.01	0.999
117225907	state.n.01	0.999
100449434	state.n.04	0.899
108838290	country.n.02	0.653
100450016	state.n.04	0.917
100450082	state.n.04	0.883
117227546	country.n.02	0.493
117227571	tribe.n.01	0.993
108839323	people.n.01	0.632
117237058	tribe.n.01	0.988
117237881	state.n.01	0.999
108856434	state.n.04	0.901
108858701	state.n.04	0.947
108861600	people.n.01	0.719
108861609	people.n.01	0.564
108861853	people.n.01	0.511
108869951	state.n.04	0.917
108870923	state.n.04	0.928
108871024	state.n.04	0.934
108897350	nation.n.02	0.522
108901516	tribe.n.01	0.976
108902513	state.n.04	0.897
108904174	state.n.04	0.829
108904427	state.n.04	0.948
108904571	state.n.04	0.629
108905437	state.n.04	0.706
108905599	state.n.04	0.576
108928611	governor.n.01	1.0
108931741	state.n.04	0.732
108939243	state.n.04	0.816
117342982	state.n.04	0.889
117344446	state.n.04	0.938
117344607	community.n.01	0.954
117345492	state.n.04	0.935
117345779	state.n.04	0.644
117363639	state.n.04	0.703
117363682	race.n.03	0.994
117363746	race.n.03	0.997
108975735	citizenry.n.01	0.603
117365341	nation.n.02	0.747
117366917	state.n.04	0.814
117368304	state.n.04	0.585
117368820	state.n.04	0.694
117372499	nation.n.02	0.462
108983954	state.n.04	0.912
108995726	tribe.n.01	0.962
100625226	tribe.n.01	0.968
109016844	people.n.01	0.58
109017156	state.n.04	0.864
109021840	state.n.04	0.936
109029344	tribe.n.01	0.993
109050978	people.n.01	0.558
