109052641	battle.n.01	0.888
109053007	battle.n.01	0.819
109053237	battle.n.01	0.929
109053343	battle.n.01	0.626
100665603	battle.n.01	0.932
109054606	battle.n.01	0.928
109054618	battle.n.01	0.795
109054637	fight.n.02	None
109054722	battle.n.01	0.781
109054773	battle.n.01	0.853
109055245	battle.n.01	0.883
109055311	battle.n.01	0.774
109055363	battle.n.01	0.911
109055593	battle.n.01	0.881
109055674	battle.n.01	0.727
109055838	battle.n.01	0.941
109056310	battle.n.01	0.699
109056429	battle.n.01	0.724
109061507	battle.n.01	0.889
109061568	battle.n.01	0.783
109061584	battle.n.01	0.888
109064578	battle.n.01	0.72
109064706	battle.n.01	0.717
109065020	battle.n.01	0.717
109065168	battle.n.01	0.713
109065587	battle.n.01	0.707
109066008	battle.n.01	0.862
109066264	battle.n.01	0.798
109066749	battle.n.01	0.872
109066894	battle.n.01	0.606
109067150	battle.n.01	0.721
109067586	battle.n.01	0.846
109069319	battle.n.01	0.844
100681152	battle.n.01	0.725
100681434	battle.n.01	0.906
100681464	battle.n.01	0.719
117459073	fight.n.02	0.808
109072850	battle.n.01	0.701
109072920	battle.n.01	0.873
109074332	battle.n.01	0.867
109074476	battle.n.01	0.849
109074539	battle.n.01	0.829
109077077	battle.n.01	0.977
109078392	battle.n.01	0.943
100690605	battle.n.01	0.877
100692023	battle.n.01	0.91
109080837	battle.n.01	0.806
100692253	victory.n.01	None
109083662	battle.n.01	0.823
100695813	battle.n.01	0.934
100696069	battle.n.01	0.861
100698201	battle.n.01	0.803
109088014	battle.n.01	0.53
109088167	battle.n.01	0.84
109088190	battle.n.01	0.77
109088535	battle.n.01	0.88
109088713	battle.n.01	0.706
109088756	battle.n.01	0.732
109088946	hardship.n.03	0.432
109088961	battle.n.01	0.824
109089127	battle.n.01	0.635
109089203	battle.n.01	0.718
117477898	contest.n.02	0.838
109089463	battle.n.01	0.758
109089694	battle.n.01	0.866
109090038	battle.n.01	0.832
109090088	battle.n.01	0.769
117478918	battle.n.01	0.94
100710942	battle.n.01	0.747
100715688	contest.n.02	0.931
100717916	battle.n.01	0.75
100718545	battle.n.01	0.951
100721387	battle.n.01	0.754
100721949	battle.n.01	0.914
100722039	battle.n.01	0.679
117500899	struggle.n.03	0.522
117502368	fight.n.02	0.839
100725680	battle.n.01	0.874
100726687	battle.n.01	0.653
100730809	battle.n.01	0.777
109121140	battle.n.01	0.685
109123944	battle.n.01	0.785
109126299	battle.n.01	0.732
109128761	combat.n.01	0.728
117530886	conflict.n.01	0.573
100754768	battle.n.01	0.82
100758687	defeat.n.01	0.966
100759055	victory.n.01	None
117537058	conflict.n.01	0.816
100765119	battle.n.01	0.918
100768555	battle.n.01	0.693
100769289	battle.n.01	0.866
117552711	discord.n.01	0.779
100777047	battle.n.01	0.848
100777082	battle.n.01	0.913
100777529	conflict.n.01	0.608
100777702	battle.n.01	0.763
100777820	battle.n.01	0.919
100778128	battle.n.01	0.881
100778279	battle.n.01	0.78
100778364	battle.n.01	0.67
100778453	battle.n.01	0.783
109169959	battle.n.01	0.881
100781973	battle.n.01	0.805
100782091	battle.n.01	0.728
100782328	battle.n.01	0.891
109173407	battle.n.01	0.731
100785251	battle.n.01	0.816
109175948	conflict.n.01	0.655
100791173	fight.n.02	0.951
109180279	battle.n.01	0.911
100792250	battle.n.01	0.888
117569978	contest.n.02	0.919
109183901	battle.n.01	0.9
109184070	battle.n.01	0.803
109184105	battle.n.01	0.85
109184982	battle.n.01	0.855
109186427	battle.n.01	0.91
109189498	battle.n.01	0.828
109190132	battle.n.01	0.929
109191006	battle.n.01	0.757
109191663	battle.n.01	0.79
109191746	battle.n.01	0.769
117581080	affray.n.02	None
117581152	battle.n.01	0.747
109193140	battle.n.01	0.943
109193456	battle.n.01	0.93
100805425	battle.n.01	0.715
109196345	battle.n.01	0.92
109196469	battle.n.01	0.849
109197012	battle.n.01	0.909
109197576	battle.n.01	0.922
109198089	battle.n.01	0.893
100811214	battle.n.01	0.665
109200905	battle.n.01	0.84
109201068	battle.n.01	0.873
109202017	battle.n.01	0.8
109202199	battle.n.01	0.892
109202325	battle.n.01	0.883
100813918	battle.n.01	0.784
109202602	battle.n.01	0.865
109204194	battle.n.01	0.753
109204820	battle.n.01	0.932
109204913	battle.n.01	0.762
109204946	battle.n.01	0.814
109205102	battle.n.01	0.914
109205203	battle.n.01	0.794
109210716	fight.n.02	None
109212342	battle.n.01	0.86
109216269	battle.n.01	0.736
100831659	battle.n.01	0.385
109232675	battle.n.01	0.749
109232723	battle.n.01	0.793
109235966	battle.n.01	0.865
109239834	battle.n.01	0.966
109241513	battle.n.01	0.578
109242710	battle.n.01	0.826
100854361	war.n.01	0.846
109245547	fight.n.02	0.898
109245553	battle.n.01	0.89
109246931	battle.n.01	0.737
109247090	battle.n.01	0.813
100860370	conflict.n.01	0.874
109249897	battle.n.01	0.881
109250907	battle.n.01	0.615
109251328	battle.n.01	0.612
109251374	battle.n.01	0.773
109252637	battle.n.01	0.898
109253637	battle.n.01	0.657
109253731	battle.n.01	0.661
100865520	war.n.01	0.463
109260793	battle.n.01	0.953
109266199	battle.n.01	0.908
109268491	battle.n.01	0.854
109269482	battle.n.01	0.838
109270146	battle.n.01	0.731
109272046	battle.n.01	0.855
109272134	battle.n.01	0.969
109272430	battle.n.01	0.905
109272703	battle.n.01	0.889
109272730	battle.n.01	0.808
109274527	battle.n.01	0.794
100886691	fight.n.02	0.76
100889663	battle.n.01	0.895
109278430	battle.n.01	0.804
109278558	battle.n.01	0.779
109278636	battle.n.01	0.955
100891492	battle.n.01	0.766
100891983	fight.n.02	None
100892314	battle.n.01	0.886
100892400	battle.n.01	0.749
100892501	battle.n.01	0.854
109281202	battle.n.01	0.812
100892666	battle.n.01	0.656
109285222	strife.n.02	0.733
100896877	battle.n.01	0.854
100901347	battle.n.01	0.881
109290328	battle.n.01	0.908
117682857	dispute.n.01	0.931
117682902	dispute.n.01	0.909
117682972	dispute.n.01	0.784
117683063	dispute.n.01	0.865
100906262	battle.n.01	0.822
109298264	strife.n.02	0.714
109301090	battle.n.01	0.71
100913298	battle.n.01	0.758
100913430	fight.n.02	0.57
100913565	battle.n.01	0.634
109302461	battle.n.01	0.885
109305724	battle.n.01	0.759
117697847	disagreement.n.01	0.733
117697860	disagreement.n.01	0.78
117698421	contradiction.n.01	0.527
117698641	quarrel.n.01	1.0
117698660	quarrel.n.01	0.999
109310732	conflict.n.01	0.745
100923450	fight.n.02	0.968
109312568	battle.n.01	0.552
117703769	contention.n.01	0.588
117705711	contradiction.n.01	0.585
117705831	contradiction.n.02	0.675
100931218	battle.n.01	0.883
117712962	repugnance.n.01	0.6
117712983	contradiction.n.01	0.575
117713749	contradiction.n.02	0.471
117713804	contradiction.n.01	0.631
117713879	contradiction.n.01	0.574
100938643	battle.n.01	0.951
100943200	fight.n.02	None
100943234	battle.n.01	0.549
100943400	battle.n.01	0.933
117722392	contest.n.02	0.966
117722921	battle.n.01	0.822
117727856	battle.n.01	0.916
117729253	competitiveness.n.01	0.474
117729265	fight.n.02	0.873
109342675	strife.n.02	0.629
117732539	struggle.n.01	0.633
117732686	battle.n.01	0.994
109348142	battle.n.01	0.841
109349926	battle.n.01	0.955
100965815	battle.n.01	0.882
100966091	fight.n.02	0.747
109357814	battle.n.01	0.818
117748739	fight.n.04	0.514
117748755	quarrel.n.01	0.999
109360941	battle.n.01	0.917
117749825	fight.n.02	None
117749965	strife.n.02	0.749
100979297	victory.n.01	None
100979431	battle.n.01	0.644
100979441	fight.n.02	0.737
100981522	battle.n.01	0.704
100981579	fight.n.02	None
117765992	contradiction.n.01	0.679
109378470	battle.n.01	0.921
109380150	war.n.01	0.934
109384790	fight.n.02	0.919
100996857	battle.n.01	0.744
100997186	heroism.n.01	None
100997202	battle.n.01	0.695
100997440	war.n.01	0.912
101000757	battle.n.01	0.687
101004438	battle.n.01	0.816
101005490	battle.n.01	0.844
101007340	battle.n.01	0.63
101008811	battle.n.01	0.672
109397864	battle.n.01	0.704
101016981	battle.n.01	0.837
101017150	fight.n.02	None
101017786	violence.n.01	0.945
101021230	battle.n.01	0.637
101021274	battle.n.01	0.892
101021725	battle.n.01	0.891
101022210	battle.n.01	0.908
109411301	contest.n.02	0.739
101024711	fight.n.02	0.521
101025472	battle.n.01	0.535
101026804	battle.n.01	0.743
101027007	fight.n.02	None
101027067	battle.n.01	0.711
101027237	battle.n.01	0.48
101036183	battle.n.01	0.941
101036528	fight.n.02	None
101038208	battle.n.01	0.714
101038732	battle.n.01	0.802
101045618	battle.n.01	0.856
101046435	battle.n.01	0.893
101052502	battle.n.01	0.892
101053163	battle.n.01	0.818
101054585	battle.n.01	0.898
101054604	battle.n.01	0.889
101054650	battle.n.01	0.886
101055158	battle.n.01	0.787
101056806	fight.n.02	None
101057404	fight.n.02	0.563
101058847	fight.n.02	0.553
101064780	battle.n.01	0.881
101075979	battle.n.01	0.952
101076696	battle.n.01	0.686
101076885	fight.n.02	0.805
101077534	battle.n.01	0.611
101079612	battle.n.01	0.666
101079660	brush.n.06	0.695
101080114	battle.n.01	0.831
101080570	fight.n.02	None
101082143	battlefield.n.01	None
101082184	battle.n.01	0.662
101082722	fight.n.02	0.94
101083062	battle.n.01	0.762
101083141	battle.n.01	0.838
101083168	battle.n.01	0.671
101083406	fight.n.02	None
101083409	battle.n.01	0.835
101083928	battle.n.01	0.624
101083955	battle.n.01	0.904
101087490	battle.n.01	0.775
101087746	fight.n.02	0.577
101087861	battle.n.01	0.752
101088155	victory.n.01	None
101088282	battle.n.01	0.912
101088318	battle.n.01	0.871
101097733	quarrel.n.01	0.999
101107193	battle.n.01	0.903
109504543	battle.n.01	0.947
109504866	fight.n.02	None
109507350	battle.n.01	0.792
109508270	battle.n.01	0.9
109508762	battle.n.01	0.896
109510074	battle.n.01	0.806
101130769	fight.n.02	None
101136622	conflict.n.01	0.51
109528081	battle.n.01	0.902
101141414	fight.n.02	0.797
101141993	conflict.n.01	0.713
101142100	combat.n.01	0.775
101142160	onion.n.01	0.902
109534646	battle.n.01	0.919
109535806	battle.n.01	0.644
109536088	battle.n.01	0.938
109536372	battle.n.01	0.846
109537398	battle.n.01	0.89
101155608	controversy.n.01	0.936
101158798	contention.n.01	0.699
117946058	battle.n.01	0.53
117946317	battle.n.01	0.906
117946395	battle.n.01	0.719
117949693	war.n.01	0.894
117949738	fight.n.02	0.914
117949821	fight.n.02	0.693
101174185	fight.n.02	None
101175334	war.n.01	0.859
101179072	battle.n.01	0.524
101181295	conflict.n.01	0.391
117959559	fight.n.02	None
109591438	affray.n.02	None
109592091	fight.n.02	None
101258955	defeat.n.01	0.97
101259194	battle.n.01	0.954
109654002	battle.n.01	0.853
101284737	battle.n.01	0.834
101286865	battle.n.01	0.942
101286894	battle.n.01	0.861
101289534	battle.n.01	0.929
101290538	battle.n.01	0.842
101295648	battle.n.01	0.907
101295850	battle.n.01	0.762
101295866	battle.n.01	0.904
109684864	battle.n.01	0.861
101302133	battle.n.01	0.918
101304488	battle.n.01	0.773
101306324	battle.n.01	0.564
101309445	battle.n.01	0.813
101309597	battle.n.01	0.799
109699740	strife.n.02	0.805
109699741	strife.n.02	0.805
101311282	battle.n.01	0.686
101311482	battle.n.01	0.795
101311697	battle.n.01	0.697
101314176	battle.n.01	0.814
101314695	battle.n.01	0.826
101314728	battle.n.01	0.76
101314809	battle.n.01	0.819
101315085	battle.n.01	0.575
101315855	battle.n.01	0.866
101319760	battle.n.01	0.82
101323535	battle.n.01	0.884
101323830	battle.n.01	0.807
101327258	battle.n.01	0.968
101339056	fight.n.02	None
101342159	battle.n.01	0.794
101342252	battle.n.01	0.757
101342359	battle.n.01	0.926
101342402	battle.n.01	0.814
101342422	battle.n.01	0.83
101342451	battle.n.01	0.861
101342475	battle.n.01	0.752
101342781	battle.n.01	0.903
101343315	battle.n.01	0.911
101343643	battle.n.01	0.589
101345030	battle.n.01	0.678
101345751	battle.n.01	0.733
101345980	battle.n.01	0.77
101350071	battle.n.01	0.824
101350904	battle.n.01	0.861
101351147	battle.n.01	0.872
101352825	fight.n.02	None
101356493	battle.n.01	0.801
101356513	battle.n.01	0.801
101359630	battle.n.01	0.7
101359696	battle.n.01	0.541
101359737	battle.n.01	0.872
101360172	battle.n.01	0.811
101360242	battle.n.01	0.647
101360253	battle.n.01	0.949
109749214	noun.n.02	0.707
101365577	fight.n.02	0.694
101382617	battle.n.01	0.949
109775571	battle.n.01	0.895
109775703	conflict.n.01	0.554
109775717	battle.n.01	0.83
109775968	battle.n.01	0.773
109776867	battle.n.01	0.917
109779861	quarrel.n.01	0.999
109800824	battle.n.01	0.82
101427331	battle.n.01	0.659
101438043	battle.n.01	0.988
101438384	battle.n.01	0.928
109826996	battle.n.01	0.87
101441141	battle.n.01	0.771
101443368	battle.n.01	0.854
101443874	battle.n.01	0.821
101443888	battle.n.01	0.749
101443911	battle.n.01	0.945
101443916	battle.n.01	0.919
101444295	battle.n.01	0.787
101444458	battle.n.01	0.722
101445104	battle.n.01	0.807
101446970	battle.n.01	0.898
101447725	battle.n.01	0.692
101447798	battle.n.01	0.763
101449689	battle.n.01	0.907
101449854	conflict.n.01	0.555
101458367	battle.n.01	0.887
101458389	battle.n.01	0.914
101458459	fight.n.02	None
109853032	conflict.n.01	0.727
109853944	conflict.n.01	0.511
109862295	battle.n.01	0.719
109862989	war.n.01	0.802
109871332	battle.n.01	0.801
101484918	battle.n.01	0.777
101486146	battle.n.01	0.727
109875648	struggle.n.01	0.573
101487401	battle.n.01	0.849
109882308	battle.n.01	0.797
109885959	war.n.01	0.79
101515657	battle.n.01	0.619
101515763	battle.n.01	0.693
118293437	battle.n.01	0.917
118293461	battle.n.01	0.848
109908590	battle.n.01	0.939
101521697	fight.n.02	None
101521715	fight.n.02	None
101521920	fight.n.02	None
101522189	war.n.03	0.567
101522800	battle.n.01	0.825
109912546	battle.n.01	0.787
118301660	battle.n.01	0.851
101526977	combat.n.01	0.818
109917756	battle.n.01	0.892
118307371	battle.n.01	0.961
118308367	conflict.n.01	0.532
101532039	battle.n.01	0.726
101532176	battle.n.01	0.58
101532802	battle.n.01	0.798
101533088	battle.n.01	0.7
118310886	incompatibility.n.01	0.601
101533806	battle.n.01	0.769
101534198	battle.n.01	0.728
101535357	battle.n.01	0.66
101536726	battle.n.01	0.696
118316433	battle.n.01	0.921
101549576	battle.n.01	0.738
101550011	battle.n.01	0.969
118336062	conflict.n.01	0.691
101562807	battle.n.01	0.872
101565240	battle.n.01	0.801
101565659	battle.n.01	0.732
109954754	battle.n.01	0.715
101567733	battle.n.01	0.566
101568077	battle.n.01	0.808
101569318	conflict.n.01	0.757
101570071	battle.n.01	0.904
101571520	war.n.01	0.922
101571626	battle.n.01	0.54
101571822	battle.n.01	0.793
101575228	controversy.n.01	0.461
118352742	conflict.n.01	0.633
118352769	conflict.n.01	0.649
101575998	battle.n.01	0.899
109965192	battle.n.01	0.937
101578031	battle.n.01	0.805
101578564	fight.n.02	None
118361037	battle.n.01	0.835
118361071	battle.n.01	0.633
118366151	fight.n.02	0.691
118366811	battle.n.01	0.862
118367378	duel.n.01	0.992
118367400	fight.n.02	0.908
118367412	conflict.n.01	0.631
118368035	conflict.n.01	0.99
101592724	war.n.01	0.771
118370514	battle.n.01	0.986
118370776	battle.n.01	0.538
101593619	battle.n.01	0.924
101595448	struggle.n.01	0.519
101596167	battle.n.01	0.816
118378068	battle.n.01	0.684
101602341	battle.n.01	0.837
101603447	battle.n.01	0.598
101603759	conflict.n.01	0.585
101603866	fight.n.02	None
101604212	battle.n.01	0.987
101604525	battle.n.01	0.874
101605969	battle.n.01	0.522
101606155	battle.n.01	0.504
101606165	fight.n.02	None
101606789	battle.n.01	0.912
118385154	battle.n.01	0.908
118385188	battle.n.01	0.957
118385242	battle.n.01	0.756
118385752	battle.n.01	0.931
109999083	battle.n.01	0.771
110000540	fight.n.02	0.913
101613764	fight.n.02	None
101615111	battle.n.01	0.803
118396394	battle.n.01	0.894
110008350	battle.n.01	0.745
110008884	battle.n.01	0.765
110009052	battle.n.01	0.65
110009069	combat.n.01	0.52
101620892	battle.n.01	0.762
110009664	battle.n.01	0.814
110011432	fight.n.02	None
110011556	battle.n.01	0.844
110012142	battle.n.01	0.837
110012632	conflict.n.01	0.944
110013170	battle.n.01	0.839
110013258	battle.n.01	0.851
110013269	battle.n.01	0.954
110013382	battle.n.01	0.905
110013654	fight.n.02	None
110013683	armor.n.01	0.986
118402488	battle.n.01	0.882
110014279	bloodbath.n.01	0.512
110014476	battle.n.01	0.913
110014914	battle.n.01	0.683
110015039	battle.n.01	0.86
110015050	battle.n.01	0.897
110015291	battle.n.01	0.955
110015315	war.n.01	0.865
110016359	battle.n.01	0.95
110016449	battle.n.01	0.751
110016602	battle.n.01	0.897
110016778	fight.n.02	0.964
110019072	war.n.01	0.945
118409140	battlefield.n.01	None
110021563	conflict.n.01	0.814
110024000	combat.n.01	0.574
110026291	fight.n.02	None
110026330	fight.n.02	None
110026503	conflict.n.01	0.883
110028632	battle.n.01	0.687
110032713	military.n.01	None
110032953	battle.n.01	0.731
110034494	battle.n.01	0.895
110037042	conflict.n.01	0.596
101648578	battle.n.01	0.717
110037280	projectile.n.01	0.879
110037366	battle.n.01	0.808
110037474	battle.n.01	0.845
110037541	battle.n.01	0.849
101651524	battle.n.01	0.804
101651681	battle.n.01	0.741
101652088	battle.n.01	0.67
110040834	battle.n.01	0.804
110040838	battle.n.01	0.804
110041266	battle.n.01	0.918
110042228	battle.n.01	0.817
101653756	battle.n.01	0.687
110042657	fight.n.02	None
110043050	battle.n.01	0.828
101654748	battle.n.01	0.764
101655008	battle.n.01	0.896
110044071	battle.n.01	0.458
110044121	battle.n.01	0.616
110044743	war.n.01	0.935
110044783	battle.n.01	0.605
110045006	battle.n.01	0.857
110045083	war.n.01	0.913
110045133	battle.n.01	0.664
101660568	battle.n.01	0.687
101662341	battle.n.01	0.564
101663487	battle.n.01	0.649
101663655	battle.n.01	0.711
101664197	battle.n.01	0.757
101666176	battle.n.01	0.785
101667558	battle.n.01	0.791
101670646	battle.n.01	0.938
118447902	battle.n.01	0.917
101672172	war.n.01	0.958
101674304	battle.n.01	0.755
118457370	battle.n.01	0.589
118457565	conflict.n.04	0.515
118457946	conflict.n.01	0.689
118458020	battle.n.01	0.648
118458429	conflict.n.01	0.804
118458515	quarrel.n.01	0.999
118458711	struggle.n.01	0.585
118459501	bicker.n.01	None
110075451	battle.n.01	0.854
101687766	battle.n.01	0.681
118485891	battle.n.01	0.854
118486146	battle.n.01	0.747
118489010	fight.n.02	0.93
118490820	battle.n.01	0.809
118493486	battle.n.01	0.825
118495366	battle.n.01	0.809
101731720	battle.n.01	0.561
101731725	conflict.n.01	0.561
118517165	battle.n.01	0.859
101742653	battle.n.01	0.853
101747364	fight.n.02	0.582
101767098	fight.n.02	0.677
101779994	conflict.n.01	0.635
110203694	fight.n.02	None
101828090	struggle.n.01	0.529
110220699	strife.n.02	0.535
110222108	fight.n.02	None
110229578	fight.n.02	None
118630127	battle.n.01	0.811
118631009	aggression.n.03	0.986
118631222	battle.n.01	0.822
118631307	battle.n.01	0.863
118631830	battle.n.01	0.81
118631871	battle.n.01	0.927
118631957	battle.n.01	0.799
118632255	battle.n.01	0.88
118632389	battle.n.01	0.73
118632497	army.n.01	0.989
118632759	war.n.01	0.973
118633748	battle.n.01	0.833
118634894	battle.n.01	0.832
118635060	victory.n.01	None
118635447	battle.n.01	0.795
118635615	battle.n.01	0.791
118635629	battle.n.01	0.818
118635652	battle.n.01	0.68
118635727	battle.n.01	0.703
110248841	battle.n.01	0.959
118637503	battle.n.01	0.749
118638275	confusion.n.01	0.571
118638913	battle.n.01	0.934
118639526	enemy.n.02	0.444
118639637	battle.n.01	0.935
118641139	battle.n.01	0.859
118641506	battle.n.01	0.799
118641945	battlefield.n.01	None
118641973	battlefield.n.01	None
118642249	attack.n.01	0.894
118642357	battle.n.01	0.619
118643550	battle.n.01	0.713
118643785	battle.n.01	0.782
118643798	battle.n.01	0.782
101866604	battle.n.01	0.75
101866617	fight.n.02	0.502
118644108	battle.n.01	0.808
118646114	battle.n.01	0.69
118646323	battle.n.01	0.939
118646979	battle.n.01	0.812
118647327	victory.n.01	None
118648454	battle.n.01	0.721
118648759	battle.n.01	0.727
118648993	battle.n.01	0.648
118649471	battle.n.01	0.882
118649718	battle.n.01	0.866
118653421	military_action.n.01	0.811
118653561	battle.n.01	0.75
118655208	negotiation.n.01	0.652
118656266	battle.n.01	0.959
118656736	battle.n.01	0.962
118657289	battle.n.01	0.928
118659386	battle.n.01	0.975
118660109	slaughter.n.03	0.838
118660196	enemy.n.01	0.653
118660826	battle.n.01	0.93
118661566	battle.n.01	0.979
118663400	battle.n.01	0.821
118663952	battle.n.01	0.956
118664214	enemy.n.01	0.734
118664328	battle.n.01	0.666
118664509	military_action.n.01	0.972
118666442	battle.n.01	0.799
118666599	battle.n.01	0.867
118666884	war.n.01	0.904
101890546	fight.n.02	0.702
101890623	fight.n.02	0.62
118669705	battle.n.01	0.809
118671522	military_action.n.01	0.893
118673936	war.n.01	0.877
118674238	battle.n.01	0.846
118675201	battle.n.01	0.866
118679279	battle.n.01	0.739
118679458	battle.n.01	0.801
118679582	battle.n.01	0.813
118679621	battle.n.01	0.863
118679909	enemy.n.01	0.637
101903527	battle.n.01	0.908
118683222	battle.n.01	0.915
118684057	war.n.01	0.891
118684602	battle.n.01	0.955
118685862	fight.n.02	None
118685995	battle.n.01	0.861
118687198	brush.n.06	None
118687341	battle.n.01	0.651
118687503	weapon.n.01	0.998
118687843	battle.n.01	0.897
118688755	military_action.n.01	0.913
118690144	battle.n.01	0.732
118690852	battle.n.01	0.704
118691050	battle.n.01	0.885
118691245	fight.n.02	0.772
118691566	battle.n.01	0.974
101914369	battle.n.01	0.814
101914376	battle.n.01	0.833
101914413	battle.n.01	0.643
101914443	fight.n.02	None
118691767	battle.n.01	0.87
118695829	battle.n.01	0.781
118696303	battle.n.01	0.841
118697649	victory.n.01	None
118697907	battle.n.01	0.786
118697963	war.n.01	0.947
101925666	battle.n.01	0.535
101929400	battle.n.01	0.957
101942537	conflict.n.01	0.484
101979355	fight.n.02	0.9
118762089	battle.n.01	0.901
118762135	affray.n.02	None
118762895	conflict.n.01	0.439
118764713	battle.n.01	0.872
118770847	battle.n.01	0.859
110392545	separation.n.01	0.761
110395707	scruple.n.02	0.518
110396571	discrepancy.n.01	0.786
118786146	battle.n.01	0.909
110403306	opposition.n.02	0.957
110405279	quarrel.n.01	1.0
118802203	battle.n.01	0.847
102027967	controversy.n.01	0.873
102035751	battle.n.01	0.768
102044552	battle.n.01	0.872
102044668	battle.n.01	0.955
102045098	battle.n.01	0.864
102052336	fight.n.02	0.648
118829900	battle.n.01	0.672
102053258	battle.n.01	0.455
102059880	conflict.n.01	0.626
102065112	battle.n.01	0.904
102067790	war.n.01	0.917
102071611	battle.n.01	0.652
118885212	fight.n.02	0.676
118886664	battle.n.01	0.814
118888784	battle.n.01	0.774
118888805	war.n.01	0.938
118888941	battle.n.01	0.561
118889151	battle.n.01	0.778
118889392	battle.n.01	0.819
118889475	battle.n.01	0.941
118889954	conflict.n.01	0.536
118891346	battle.n.01	0.759
118891650	battle.n.01	0.692
118891748	battle.n.01	0.922
118891967	battle.n.01	0.864
118894346	battle.n.01	0.635
118895419	battle.n.01	0.831
118895698	battle.n.01	0.763
118896503	battle.n.01	0.809
118897362	battle.n.01	0.93
118897414	battle.n.01	0.89
118897435	fight.n.02	None
118897614	battle.n.01	0.913
118897787	battle.n.01	0.743
118898240	battle.n.01	0.806
102121561	battle.n.01	0.795
118900364	battle.n.01	0.778
102124519	battle.n.01	0.528
118905091	battle.n.01	0.656
102131939	battle.n.01	0.707
102155733	battle.n.01	0.512
102156415	battle.n.01	0.7
102171111	fight.n.02	None
102180630	conflict.n.01	0.765
102194444	contest.n.01	0.641
102196215	battle.n.01	0.792
102214823	victory.n.01	None
102217026	battle.n.01	0.868
102219413	fight.n.02	0.798
102219626	battle.n.01	0.875
102219669	battle.n.01	0.912
119006499	argument.n.03	0.586
102255954	fight.n.02	None
102256205	fight.n.02	None
102260503	contest.n.01	0.919
102260513	war.n.01	0.918
102261879	fight.n.02	None
102262170	fencing.n.03	0.995
102262245	fight.n.02	0.754
102262282	tournament.n.01	None
119039982	fight.n.02	0.626
119040072	battle.n.01	0.763
119047640	fight.n.02	0.623
102274609	war.n.01	0.482
119063155	battle.n.01	0.768
119063183	battle.n.01	0.832
119064554	battle.n.01	0.734
119064681	fight.n.02	None
119064696	fight.n.02	None
119064715	battle.n.01	0.702
102287639	conflict.n.01	0.502
119064990	battle.n.01	0.884
119065019	battle.n.01	0.714
119065852	battle.n.01	0.734
119065997	battle.n.01	0.695
119066027	battle.n.01	0.826
119067033	battle.n.01	0.664
119067369	battle.n.01	0.74
119067609	battle.n.01	0.69
119067617	battle.n.01	0.735
119067685	troop.n.01	0.967
119068022	battle.n.01	0.776
119068124	battle.n.01	0.779
119068148	battle.n.01	0.693
119068416	battle.n.01	0.75
119068691	battle.n.01	0.852
119068874	battle.n.01	0.868
102291770	fight.n.02	0.88
119069208	battle.n.01	0.663
119070081	battle.n.01	0.804
119071268	battle.n.01	0.847
119071398	battle.n.01	0.734
119071897	battle.n.01	0.827
119072134	battle.n.01	0.763
119072182	battle.n.01	0.735
119072517	battle.n.01	0.893
119072978	fight.n.02	None
119073352	war.n.01	0.666
119074977	battle.n.01	0.875
119094908	battle.n.01	0.753
119095240	battle.n.01	0.624
102326388	assault.n.02	0.73
102332126	fight.n.02	None
102362732	battle.n.01	0.704
102364123	battle.n.01	0.557
102366107	battle.n.01	0.806
102367907	battle.n.01	0.862
102368306	attack.n.01	0.626
102368732	battle.n.01	0.749
102374876	fight.n.02	0.947
102380223	battle.n.01	0.589
102381449	battle.n.01	0.67
102381468	battle.n.01	0.504
102381529	battle.n.01	0.619
102382367	battle.n.01	0.804
102382550	battle.n.01	0.761
102383024	battle.n.01	0.649
102387252	battle.n.01	0.792
102387803	contest.n.02	0.814
102387827	battle.n.01	0.629
102390736	fight.n.02	None
102392466	battle.n.01	0.572
102394906	war.n.01	0.918
102398160	battle.n.01	0.484
102400491	fight.n.02	None
102401014	attack.n.01	0.447
102401021	battle.n.01	0.651
102408504	battle.n.01	0.586
102408692	battle.n.01	0.63
102411272	conflict.n.01	0.697
102411871	battle.n.01	0.766
102413591	battle.n.01	0.66
102430194	battle.n.01	0.785
102435081	fight.n.02	0.926
102435245	conflict.n.01	0.95
102436102	fight.n.02	0.674
102436709	battle.n.01	0.762
102443546	battle.n.01	0.865
102453510	battle.n.01	0.871
102459747	battle.n.01	0.728
102459817	battle.n.01	0.839
102485858	battle.n.01	0.904
102491436	battle.n.01	0.775
102495394	battle.n.01	0.649
102495419	struggle.n.01	0.406
111184318	struggle.n.01	0.626
111184947	struggle.n.01	0.599
111185060	conflict.n.01	0.575
103014690	affray.n.02	None
103015002	battle.n.01	0.751
103015610	affray.n.02	None
103019302	battle.n.01	0.658
103048912	battle.n.01	0.94
103049859	battle.n.01	0.938
103050642	battle.n.01	0.7
103058176	battle.n.01	0.736
103062287	battle.n.01	0.821
103082660	battle.n.01	0.772
103089139	battle.n.01	0.91
103089331	battle.n.01	0.916
103090461	battle.n.01	0.896
103091119	battle.n.01	0.795
103093418	battle.n.01	0.77
103095971	battle.n.01	0.909
103096122	battle.n.01	0.801
103120162	battle.n.01	0.984
103120603	battle.n.01	0.824
103124067	battle.n.01	0.965
103124793	battle.n.01	0.984
103130572	battle.n.01	0.842
103130587	battle.n.01	0.809
103181478	victory.n.01	None
103339385	battle.n.01	0.913
103339482	battle.n.01	0.853
103339732	battle.n.01	0.677
103339756	battle.n.01	0.831
103339818	battle.n.01	0.757
103343479	battle.n.01	0.71
103367283	battle.n.01	0.738
103384737	brawl.n.02	0.661
103390347	quarrel.n.01	0.999
103399857	battle.n.01	0.888
103400749	battle.n.01	0.939
103401214	battle.n.01	0.728
103408313	battle.n.01	0.904
103408334	battle.n.01	0.929
103416740	battle.n.01	0.864
103416830	battle.n.01	0.8
103423217	battle.n.01	0.815
103424757	battle.n.01	0.972
103425072	battle.n.01	0.527
103425145	battle.n.01	0.978
103428429	battle.n.01	0.814
103429912	battle.n.01	0.68
103441462	battle.n.01	0.936
103441887	battle.n.01	0.902
103441995	battle.n.01	0.923
103442064	battle.n.01	0.835
103443213	battle.n.01	0.954
103453082	battle.n.01	0.949
103459726	battle.n.01	0.926
103459803	battle.n.01	0.949
103459859	engagement.n.07	0.746
103459964	battle.n.01	0.954
103460332	battle.n.01	0.872
103462791	battle.n.01	0.887
103467778	battle.n.01	0.803
103469340	fight.n.02	0.604
103469378	war.n.01	0.969
103469399	battle.n.01	0.726
103481729	fight.n.02	None
103486210	battle.n.01	0.889
103486664	battle.n.01	0.865
103564830	battle.n.01	0.808
103593137	battle.n.01	0.962
103593902	battle.n.01	0.947
103595299	battle.n.01	0.976
103599383	victory.n.01	None
103769362	fight.n.02	None
120756287	battle.n.01	0.708
120778003	battle.n.01	0.721
120783701	battle.n.01	0.643
112401580	conflict.n.04	0.572
112401608	conflict.n.04	0.695
112401651	conflict.n.04	0.382
112401707	conflict.n.04	0.771
112401736	conflict.n.04	0.576
112401764	conflict.n.04	0.58
112402028	conflict.n.04	0.692
112402178	conflict.n.04	0.915
112402209	conflict.n.04	0.64
112402274	conflict.n.04	0.593
112402330	conflict.n.04	0.575
112402416	conflict.n.04	0.626
112403112	conflict.n.04	0.51
112406511	conflict.n.04	0.649
112406545	conflict.n.04	0.628
112406560	conflict.n.04	0.56
112406567	conflict.n.04	0.625
112406620	conflict.n.04	0.497
112406659	conflict.n.04	0.5
112406802	conflict.n.04	0.382
112406843	conflict.n.04	0.589
112406863	conflict.n.04	0.465
112406903	conflict.n.02	0.39
112406920	conflict.n.04	0.491
104047776	fight.n.02	0.484
112454076	discrepancy.n.01	0.442
104149909	battle.n.01	0.609
104151105	battle.n.01	0.589
120969790	combat.n.01	0.709
120982608	battle.n.01	0.917
120983394	battle.n.01	0.704
120984822	fight.n.02	None
120984880	battle.n.01	0.748
120987974	contest.n.02	0.892
104294878	battle.n.01	0.889
104305935	fight.n.02	0.809
104334379	fight.n.02	0.815
104339756	battle.n.01	0.89
104340837	battle.n.01	0.77
121218498	war.n.01	0.919
121241486	conflict.n.01	0.531
121242140	fight.n.02	0.754
121242288	fight.n.02	0.878
104490053	battle.n.01	0.566
104496244	battle.n.01	0.955
121293109	battle.n.01	0.573
121336302	conflict.n.01	0.881
121338132	fight.n.04	0.791
121338160	fight.n.04	0.512
121342633	contest.n.01	0.719
121342643	war.n.01	0.937
121347557	battle.n.01	0.758
121353359	war.n.01	0.887
121397493	contradiction.n.02	0.581
121415361	fight.n.04	0.765
104656996	battle.n.01	0.959
104768919	battle.n.01	0.883
104769146	battle.n.01	0.848
104769179	battle.n.01	0.888
104769224	battle.n.01	0.791
104773129	fight.n.02	0.669
104865901	battle.n.01	0.745
104866809	battle.n.01	0.644
104869170	battle.n.01	0.616
104869613	conflict.n.01	0.484
104870216	war.n.01	0.601
104871340	battle.n.01	0.583
104872383	battle.n.01	0.769
104880607	strife.n.02	0.7
104880645	discord.n.01	0.687
113301371	battle.n.01	0.615
113306763	fight.n.02	0.743
113334296	strife.n.02	0.865
113335992	battle.n.01	0.849
113336945	battle.n.01	0.91
113337445	battle.n.01	0.898
113338054	battle.n.01	0.931
113340244	skirmisher.n.01	None
113340681	battle.n.01	0.705
113340912	battle.n.01	0.811
113344077	battlefield.n.01	None
113347771	battle.n.01	0.799
113356114	affray.n.02	None
113433963	fight.n.02	0.871
113434469	battle.n.01	0.861
113435528	fight.n.02	0.869
113436864	battle.n.01	0.678
113445230	war.n.01	0.699
113446387	battle.n.01	0.83
113446408	battle.n.01	0.584
105081624	fight.n.02	None
113481733	battle.n.01	0.732
113504732	battle.n.01	0.677
105117546	battle.n.01	0.968
105117571	battle.n.01	0.929
105117639	war.n.01	0.92
105117720	battle.n.01	0.89
105119222	battle.n.01	0.83
105120258	battle.n.01	0.826
105120291	battle.n.01	0.985
105121606	fight.n.02	None
105121840	battle.n.01	0.878
105123598	battle.n.01	0.934
113513115	battle.n.01	0.925
105124992	battle.n.01	0.626
113514149	fight.n.02	0.754
105126994	brush.n.06	0.724
113516079	onset.n.01	0.928
105127823	battle.n.01	0.895
113516459	victory.n.01	None
105128836	battle.n.01	0.889
105128891	battle.n.01	0.802
105129388	battle.n.01	0.692
113518532	conflict.n.01	0.568
113518902	strife.n.02	0.909
105130441	military_action.n.01	0.925
105130827	battle.n.01	0.576
105134919	action.n.01	0.467
105135807	battle.n.01	0.94
105135923	battle.n.01	0.919
105141050	battle.n.01	0.898
113531420	battle.n.01	0.76
105143890	battle.n.01	0.791
105144000	battle.n.01	0.937
105149674	battle.n.01	0.877
105149688	battle.n.01	0.897
105150107	battle.n.01	0.931
105150250	battle.n.01	0.77
105150826	battle.n.01	0.875
105152976	battle.n.01	0.83
105153400	combat.n.01	0.604
105154053	battle.n.01	0.943
105154324	battle.n.01	0.849
105154789	battle.n.01	0.918
105160323	battle.n.01	0.888
113550041	battle.n.01	0.963
113550300	battle.n.01	0.842
105163772	battle.n.01	0.74
113552452	battle.n.01	0.566
105164884	battle.n.01	0.945
105164968	battle.n.01	0.724
105169185	fight.n.02	None
113563378	battle.n.01	0.844
121952225	discrepancy.n.01	0.673
121952231	discrepancy.n.01	0.673
113563948	battle.n.01	0.77
113564450	battle.n.01	0.837
113565034	battle.n.01	0.922
113565124	battle.n.01	0.888
105181494	battle.n.01	0.76
105183218	combat.n.01	0.649
105184150	military_action.n.01	0.737
105185255	battle.n.01	0.883
105185314	battle.n.01	0.798
105185873	battle.n.01	0.812
105187266	battle.n.01	0.767
105187344	battle.n.01	0.838
105187395	battlefield.n.01	0.795
105187703	battle.n.01	0.814
105187985	battle.n.01	0.859
105190100	battle.n.01	0.829
105190371	battle.n.01	0.884
105190396	battle.n.01	0.908
105190456	battle.n.01	0.938
105190553	battle.n.01	0.92
105190616	battle.n.01	0.843
105191507	battle.n.01	0.954
105191921	battle.n.01	0.974
105196255	battle.n.01	0.898
105197100	battle.n.01	0.856
105197190	battle.n.01	0.898
105197328	battle.n.01	0.829
105197423	battle.n.01	0.835
105197655	battle.n.01	0.818
105197839	battle.n.01	0.897
105198303	battle.n.01	0.777
105198325	battle.n.01	0.949
105198418	battle.n.01	0.826
105199075	battle.n.01	0.963
105199312	conflict.n.01	0.94
105199761	fight.n.02	None
105200053	battle.n.01	0.927
105200062	battle.n.01	0.886
105200121	battle.n.01	0.909
105200263	battle.n.01	0.83
105200309	battle.n.01	0.843
105200401	battle.n.01	0.759
105200765	battle.n.01	0.908
105204636	battle.n.01	0.855
105210545	battle.n.01	0.945
105210594	battle.n.01	0.954
113601640	victory.n.01	None
113601961	victory.n.01	None
105224542	battle.n.01	0.88
105229006	battle.n.01	0.883
105229128	battle.n.01	0.949
113628041	battle.n.01	0.831
113628200	battle.n.01	0.773
105240640	battle.n.01	0.846
105241822	battle.n.01	0.931
113630886	battle.n.01	0.763
113631933	fight.n.04	0.499
113632725	battle.n.01	0.856
105245398	battle.n.01	0.896
105249120	battle.n.01	0.889
105249809	battle.n.01	0.884
105250474	fight.n.02	0.506
105251159	battle.n.01	0.969
105254932	battle.n.01	0.919
105256065	battle.n.01	0.909
105256286	battle.n.01	0.968
105257444	battle.n.01	0.943
105257711	battle.n.01	0.974
113649278	battle.n.01	0.945
105261617	defeat.n.01	0.981
113651959	battle.n.01	0.848
113653742	battle.n.01	0.877
105265367	battle.n.01	0.705
113654524	battle.n.01	0.841
113655403	conflict.n.01	0.635
113655514	battle.n.01	0.549
113655905	battle.n.01	0.875
113656837	battle.n.01	0.899
113658706	contest.n.02	0.981
113661692	battle.n.01	0.707
105274721	victory.n.01	None
105274849	battle.n.01	0.904
105274870	battle.n.01	0.848
105274884	war.n.01	0.827
105275072	battle.n.01	0.938
105275491	battle.n.01	0.873
113664215	battle.n.01	0.742
105275823	battle.n.01	0.913
113664944	battle.n.01	0.779
113665196	battle.n.01	0.829
113665499	battle.n.01	0.765
113665626	battle.n.01	0.852
113666563	battle.n.01	0.763
113666622	conflict.n.01	0.746
113667343	battle.n.01	0.914
113667396	battle.n.01	0.716
113667451	battle.n.01	0.933
113667870	battle.n.01	0.835
113668090	battle.n.01	0.85
113668439	battle.n.01	0.759
113668709	battle.n.01	0.846
113668745	battle.n.01	0.838
113668960	battle.n.01	0.919
105282774	battle.n.01	0.892
113673920	battle.n.01	0.886
113675863	battle.n.01	0.917
113676304	battle.n.01	0.856
113676374	battle.n.01	0.852
113676761	battle.n.01	0.924
113676876	battle.n.01	0.885
113677031	battle.n.01	0.928
113677136	battle.n.01	0.853
113677384	battle.n.01	0.79
113677417	battle.n.01	0.781
105289473	battle.n.01	0.972
113678631	battle.n.01	0.637
113678890	fight.n.02	0.889
113679503	battle.n.01	0.883
113679614	battle.n.01	0.837
113679620	battle.n.01	0.808
113679649	battle.n.01	0.958
113679662	battle.n.01	0.928
113679684	battle.n.01	0.868
113679747	battle.n.01	0.902
105291524	battle.n.01	0.815
105291665	battle.n.01	0.934
105291743	victory.n.01	None
105291796	battle.n.01	0.907
105291838	battle.n.01	0.741
105291867	battle.n.01	0.955
113681482	battle.n.01	0.746
113681520	battle.n.01	0.829
113685022	battle.n.01	0.801
105298468	battle.n.01	0.861
105298654	victory.n.01	None
113688867	battle.n.01	0.947
113689092	battle.n.01	0.849
105304469	battle.n.01	0.672
113693565	conflict.n.01	0.564
113693836	contest.n.02	0.98
113693855	battle.n.01	0.882
105305904	battle.n.01	0.971
105305967	battle.n.01	0.835
105306032	battle.n.01	0.842
105306068	battle.n.01	0.792
113694707	battle.n.01	0.931
113695656	battle.n.01	0.732
113696705	conflict.n.01	0.733
113697105	contest.n.02	0.973
113697353	battle.n.01	0.807
113697426	battle.n.01	0.808
113697561	conflict.n.01	0.532
113698213	battle.n.01	0.589
113698936	battle.n.01	0.66
113699081	battle.n.01	0.493
105310934	battle.n.01	0.86
105311687	battle.n.01	0.802
105313351	battle.n.01	0.684
105313378	battle.n.01	0.9
105313902	battle.n.01	0.811
105314309	battle.n.01	0.788
113704029	battle.n.01	0.72
113704798	battle.n.01	0.62
113705148	battle.n.01	0.879
105317462	battle.n.01	0.921
113706077	battle.n.01	0.645
113706416	battle.n.01	0.802
105317843	battlefield.n.01	0.628
113706481	battle.n.01	0.757
113706501	battle.n.01	0.7
105317942	battle.n.01	0.886
113706552	battle.n.01	0.877
105317969	battle.n.01	0.776
113706891	battle.n.01	0.85
113706915	battle.n.01	0.894
105318417	battle.n.01	0.908
105318470	battle.n.01	0.952
113707117	battle.n.01	0.926
113707333	battle.n.01	0.935
113708036	battle.n.01	0.596
113708296	battle.n.01	0.776
113710621	battle.n.01	0.873
105322184	battle.n.01	0.848
105322228	battle.n.01	0.895
105322326	battle.n.01	0.95
105322589	battle.n.01	0.699
113712606	battle.n.01	0.63
105325972	battle.n.01	0.803
113714628	battle.n.01	0.961
105326043	battle.n.01	0.633
105326216	battle.n.01	0.793
113715192	conflict.n.01	0.647
113715464	battle.n.01	0.946
113715521	battle.n.01	0.938
113715531	battle.n.01	0.921
113715542	battle.n.01	0.958
113715575	battle.n.01	0.945
113715621	battle.n.01	0.931
113715791	battle.n.01	0.893
113716337	battle.n.01	0.688
105333032	military_action.n.01	0.89
105335380	battle.n.01	0.911
113724320	battle.n.01	0.794
113725049	battle.n.01	0.76
105339340	conflict.n.01	0.504
105339355	battle.n.01	0.644
113728282	battle.n.01	0.788
113730708	battle.n.01	0.917
105343865	battle.n.01	0.887
105345187	battle.n.01	0.936
105345682	battle.n.01	0.666
105346181	battle.n.01	0.839
105346796	battle.n.01	0.932
105347738	fight.n.02	0.6
105347876	battle.n.01	0.715
105348028	battle.n.01	0.863
105348107	battle.n.01	0.919
105348122	battle.n.01	0.881
105348539	battle.n.01	0.737
105348856	battle.n.01	0.836
105348922	contest.n.02	0.723
105349021	battle.n.01	0.969
105349039	military_action.n.01	0.922
105349122	war.n.01	0.864
105357125	combat.n.01	0.712
105358183	battle.n.01	0.799
105360618	military_action.n.01	0.938
105360670	battle.n.01	0.84
105364386	struggle.n.01	0.512
105364480	battle.n.01	0.739
105369391	battle.n.01	0.984
105371792	battle.n.01	0.621
105371988	battle.n.01	0.759
105372180	battle.n.01	0.809
105372918	battle.n.01	0.927
105373205	battle.n.01	0.964
105373666	fight.n.02	None
105374561	battle.n.01	0.881
105374754	battle.n.01	0.82
105375736	battle.n.01	0.851
105377075	battle.n.01	0.937
105386657	battle.n.01	0.946
105386941	battle.n.01	0.958
105389376	battle.n.01	0.866
105393161	battle.n.01	0.657
105393887	battle.n.01	0.747
105399722	battle.n.01	0.933
105414577	battle.n.01	0.934
105422226	battle.n.01	0.862
105422947	battle.n.01	0.832
105429212	fight.n.02	0.895
105438370	battle.n.01	0.965
105443341	fight.n.02	0.747
105449880	battle.n.01	0.919
105449889	battle.n.01	0.893
105450291	battle.n.01	0.964
105453126	battle.n.01	0.877
105454134	battle.n.01	0.82
105461020	battle.n.01	0.859
105462289	battle.n.01	0.885
105673306	battle.n.01	0.945
105675054	battle.n.01	0.815
105681133	conflict.n.01	0.47
105813951	battle.n.01	0.898
105822556	battle.n.01	0.724
105823652	battle.n.01	0.936
105823730	fight.n.02	0.738
105824597	battle.n.01	0.792
122622175	battle.n.01	0.932
122625631	battle.n.01	0.945
122625653	battle.n.01	0.905
122625683	battle.n.01	0.853
122635418	battle.n.01	0.877
122664702	battle.n.01	0.939
122717041	conflict.n.04	0.618
122718000	quarrelsomeness.n.01	None
122718495	conflict.n.02	0.622
122739091	battle.n.01	0.755
106123934	war.n.03	0.775
106246573	conflict.n.01	0.603
114644163	battle.n.01	0.693
114646025	battle.n.01	0.886
114648870	fight.n.02	0.512
106260880	war.n.01	0.939
114649561	battle.n.01	0.893
114649592	battle.n.01	0.925
106261201	battle.n.01	0.389
114650239	battle.n.01	0.967
114650405	battle.n.01	0.942
114650425	battle.n.01	0.811
114650519	battle.n.01	0.886
106262072	war.n.03	0.901
114653285	battle.n.01	0.813
114653596	battle.n.01	0.797
114653641	battle.n.01	0.889
114654311	battle.n.01	0.942
114655365	battle.n.01	0.977
114655901	battle.n.01	0.871
114657037	battle.n.01	0.877
114660345	battle.n.01	0.684
114660806	battle.n.01	0.875
106285875	battle.n.01	0.408
114685062	battle.n.01	0.687
106312823	conflict.n.01	0.503
123096892	fight.n.02	0.778
123097467	war.n.01	0.734
123097505	conflict.n.01	0.677
123097535	conflict.n.04	0.456
123102947	contradiction.n.01	0.792
123144339	contest.n.02	0.954
106382712	conflict.n.01	0.645
106410681	battle.n.01	0.826
106413532	battle.n.01	0.541
106413720	battle.n.01	0.577
106415413	battle.n.01	0.788
106416014	battle.n.01	0.912
106419548	battle.n.01	0.589
106420061	battle.n.01	0.765
106484687	battle.n.01	0.756
106512464	battle.n.01	0.667
106512825	battle.n.01	0.746
106542109	battle.n.01	0.878
123347598	battle.n.01	0.595
106736330	fight.n.02	0.602
106736369	fight.n.02	None
106736389	battle.n.01	0.78
106736431	conflict.n.01	0.905
106736587	battle.n.01	0.881
106736666	battle.n.01	0.784
106736934	battle.n.01	0.815
106737604	conflict.n.01	0.424
106737687	battle.n.01	0.918
106738329	fight.n.02	None
106739456	battle.n.01	0.86
106739715	fight.n.02	None
106740936	fight.n.02	0.755
106740976	battle.n.01	0.93
106741088	battle.n.01	0.91
106741151	battle.n.01	0.922
106741199	battle.n.01	0.681
106741328	battle.n.01	0.891
106741431	battle.n.01	0.863
106741770	battle.n.01	0.682
106743135	battle.n.01	0.785
106743274	battle.n.01	0.838
106743304	battle.n.01	0.848
106743340	fight.n.02	None
106743527	battle.n.01	0.839
106743789	battle.n.01	0.709
106744013	battle.n.01	0.915
106744279	battle.n.01	0.886
106744637	battle.n.01	0.812
106744924	battle.n.01	0.856
106744976	battle.n.01	0.797
106745362	battle.n.01	0.912
106745382	battle.n.01	0.934
106746253	battle.n.01	0.777
106747648	battle.n.01	0.929
106748994	battle.n.01	0.824
106749258	battle.n.01	0.74
106749270	battle.n.01	0.504
106749338	battle.n.01	0.966
106752680	battle.n.01	0.878
106754874	combat.n.01	0.723
106754987	battle.n.01	0.873
106755030	conflict.n.01	0.943
106755445	battle.n.01	0.894
106755530	battle.n.01	0.986
106756127	battle.n.01	0.803
106756163	battle.n.01	0.779
106756671	conflict.n.01	0.988
106756680	fight.n.02	None
106756841	battle.n.01	0.876
106757139	battle.n.01	0.772
106757250	victory.n.01	None
106757342	battle.n.01	0.947
106757363	battle.n.01	0.947
106757438	battle.n.01	0.798
106757456	fight.n.02	None
106758114	battle.n.01	0.527
106758610	battle.n.01	0.812
106759460	battle.n.01	0.635
106760504	battle.n.01	0.671
106760526	battle.n.01	0.794
106760968	battle.n.01	0.758
106761042	battle.n.01	0.799
106761370	battle.n.01	0.899
106761681	battle.n.01	0.644
106764639	battle.n.01	0.797
106766419	battle.n.01	0.976
106767099	battle.n.01	0.93
106767557	victory.n.01	None
106768789	fight.n.02	None
106768855	battle.n.01	0.831
106769604	battle.n.01	0.796
123547590	contest.n.02	0.867
106770471	battle.n.01	0.874
106770992	battle.n.01	0.797
106771943	battle.n.01	0.856
106773500	battle.n.01	0.895
106773585	battle.n.01	0.591
106774592	battle.n.01	0.748
106774620	battle.n.01	0.939
106774662	battle.n.01	0.723
106774865	battle.n.01	0.801
106774876	battle.n.01	0.935
106774950	battle.n.01	0.91
106774964	fight.n.02	None
106775468	fight.n.02	None
106776211	victory.n.01	None
106776361	battle.n.01	0.87
106777187	fight.n.02	0.553
106777201	battle.n.01	0.813
106777216	battle.n.01	0.746
106777245	battle.n.01	0.902
106777290	battle.n.01	0.832
106777310	battle.n.01	0.867
106777379	battle.n.01	0.876
106777931	battle.n.01	0.874
106778119	battle.n.01	0.86
106778322	battle.n.01	0.824
123555614	controversy.n.01	0.771
106778628	battle.n.01	0.724
106778806	battle.n.01	0.908
106779111	battle.n.01	0.776
106779606	battle.n.01	0.785
106781441	battle.n.01	0.788
106781916	battle.n.01	0.876
106781937	battle.n.01	0.941
106781970	battle.n.01	0.697
106782390	battle.n.01	0.909
106782541	battle.n.01	0.538
106782618	fight.n.02	0.663
106783084	battle.n.01	0.928
106784049	battle.n.01	0.798
106784323	battle.n.01	0.827
106784479	battle.n.01	0.771
106784664	battle.n.01	0.612
106784687	battle.n.01	0.724
123562031	battle.n.01	0.665
106785043	fight.n.02	None
106785933	battle.n.01	0.662
123563920	conflict.n.01	0.735
106789845	battle.n.01	0.927
106790160	battle.n.01	0.937
106790624	battle.n.01	0.925
106790947	fight.n.02	None
106792116	battle.n.01	0.811
106792513	battle.n.01	0.751
106792732	battle.n.01	0.69
106794486	battle.n.01	0.688
106794597	battle.n.01	0.582
106794717	battle.n.01	0.777
106796202	fight.n.02	None
106797194	battle.n.01	0.568
106797364	battle.n.01	0.839
106797529	battle.n.01	0.669
106797559	battle.n.01	0.892
106797764	fight.n.02	None
106798257	battle.n.01	0.796
106799064	battle.n.01	0.72
106800116	battle.n.01	0.738
106800707	battle.n.01	0.851
106800989	fight.n.02	None
106801139	battle.n.01	0.65
106801277	battle.n.01	0.726
106801924	fight.n.02	None
106802959	battle.n.01	0.813
106803083	fight.n.02	None
106807094	battle.n.01	0.864
106808855	battle.n.01	0.511
106809071	battle.n.01	0.802
106809307	battle.n.01	0.747
106809344	battle.n.01	0.928
106809413	fight.n.02	None
106809674	battle.n.01	0.859
106810453	battle.n.01	0.949
106812677	fight.n.02	None
106817359	battle.n.01	0.665
106820920	affray.n.02	None
106820985	battle.n.01	0.777
106821050	battle.n.01	0.702
106821100	conflict.n.01	0.552
106821162	battle.n.01	0.805
106821457	battle.n.01	0.929
106822077	battle.n.01	0.772
106822158	battle.n.01	0.853
106823050	battle.n.01	0.732
106823323	battle.n.01	0.794
106823624	battle.n.01	0.908
106824315	battle.n.01	0.879
106824358	battle.n.01	0.683
106824420	battle.n.01	0.874
106825451	battle.n.01	0.9
106826709	battle.n.01	0.764
106829416	conflict.n.01	0.552
106829562	conflict.n.01	0.977
106829870	battle.n.01	0.818
106832054	battle.n.01	0.642
106832173	battle.n.01	0.886
106832265	battle.n.01	0.916
106832810	battle.n.01	0.792
106833858	battle.n.01	0.935
106834386	battle.n.01	0.827
106835522	battle.n.01	0.852
106835951	battle.n.01	0.842
106836678	fight.n.02	None
106837685	battle.n.01	0.657
106837750	battle.n.01	0.887
106837999	battle.n.01	0.74
106838559	battle.n.01	0.819
106838587	battle.n.01	0.832
106838755	battle.n.01	0.841
106839600	battle.n.01	0.783
106839797	battle.n.01	0.832
106840348	battle.n.01	0.994
106840607	battle.n.01	0.547
106841138	battle.n.01	0.685
106841544	battle.n.01	0.813
106846033	battle.n.01	0.817
106847118	battle.n.01	0.878
106850543	battle.n.01	0.794
106850804	battle.n.01	0.783
106851184	battle.n.01	0.761
106851428	battle.n.01	0.649
106851702	battle.n.01	0.782
106852417	battle.n.01	0.887
106852655	battle.n.01	0.621
106852789	battlefield.n.01	0.61
106852873	battle.n.01	0.607
106852889	battle.n.01	0.862
106853039	battle.n.01	0.867
106853177	victory.n.01	None
106856157	battle.n.01	0.79
106856197	battle.n.01	0.827
106856843	battle.n.01	0.666
106856867	fight.n.02	0.613
106857052	battle.n.01	0.833
106857409	battle.n.01	0.889
106857849	battle.n.01	0.777
106858442	battle.n.01	0.732
106859864	battle.n.01	0.612
106860792	battle.n.01	0.936
106861364	battle.n.01	0.78
106861438	battle.n.01	0.911
106861852	battle.n.01	0.771
106862178	battle.n.01	0.776
106862330	battle.n.01	0.833
106862443	battle.n.01	0.855
106862511	battle.n.01	0.678
106862785	battle.n.01	0.923
106862825	battle.n.01	0.971
106863874	battle.n.01	0.846
106864049	battle.n.01	0.762
106864536	battle.n.01	0.647
106864626	battle.n.01	0.625
106866093	battle.n.01	0.748
106866321	battle.n.01	0.874
106866698	battle.n.01	0.842
106866861	battle.n.01	0.545
106866931	battle.n.01	0.886
106866959	combat.n.01	0.645
106867038	battle.n.01	0.886
106867088	battle.n.01	0.839
106867758	battle.n.01	0.966
106868185	battle.n.01	0.842
106868391	battle.n.01	0.738
106868396	battle.n.01	0.738
106868632	battle.n.01	0.946
106868872	battle.n.01	0.948
106869055	battle.n.01	0.723
106869078	battle.n.01	0.86
106869094	battle.n.01	0.665
106869143	battle.n.01	0.966
106869271	battle.n.01	0.918
106869303	battle.n.01	0.972
106870246	battle.n.01	0.832
106870624	fight.n.02	None
106870632	battle.n.01	0.779
106870697	battle.n.01	0.642
106870726	battle.n.01	0.857
106870758	battle.n.01	0.853
106870793	battle.n.01	0.8
106870835	battle.n.01	0.879
106870908	contest.n.02	0.817
106870976	battle.n.01	0.663
106871002	battle.n.01	0.661
106871105	battle.n.01	0.915
106871247	battle.n.01	0.838
106871735	battle.n.01	0.93
106871842	battle.n.01	0.956
106873145	battle.n.01	0.769
106873250	battle.n.01	0.975
106873277	battle.n.01	0.867
106874386	battle.n.01	0.943
106874653	battle.n.01	0.548
106874682	battle.n.01	0.951
106874963	battle.n.01	0.888
106874998	combat.n.01	0.752
106875022	battle.n.01	0.641
106875135	battle.n.01	0.915
106875220	battle.n.01	0.846
106877224	battle.n.01	0.802
106877291	battle.n.01	0.721
106877308	fight.n.02	None
106877360	battle.n.01	0.681
106877422	battle.n.01	0.784
106877555	battle.n.01	0.911
106878229	battle.n.01	0.99
106878718	battle.n.01	0.852
106880675	battle.n.01	0.83
106880865	battle.n.01	0.608
106880913	battle.n.01	0.761
106881816	battle.n.01	0.856
106881850	battle.n.01	0.858
106882326	battle.n.01	0.676
106882495	battle.n.01	0.85
115271325	rite.n.01	0.846
106883216	battle.n.01	0.955
106883271	battle.n.01	0.886
106883511	battle.n.01	0.91
106883558	battle.n.01	0.954
106884150	battle.n.01	0.905
106884178	battle.n.01	0.83
106884611	battle.n.01	0.737
106884635	battle.n.01	0.676
106884711	battle.n.01	0.85
106884726	battle.n.01	0.964
106886065	battle.n.01	0.709
106886970	battle.n.01	0.572
106887248	battle.n.01	0.831
106887490	battle.n.01	0.913
106887498	battle.n.01	0.739
106888914	battle.n.01	0.896
106888987	battle.n.01	0.857
106890548	battle.n.01	0.872
106891369	battle.n.01	0.899
106891530	battle.n.01	0.819
106892710	battle.n.01	0.662
106893691	battle.n.01	0.945
106895530	battle.n.01	0.682
106895642	fight.n.02	0.692
106895682	battle.n.01	0.769
106896060	battle.n.01	0.881
106897427	battle.n.01	0.822
106897467	battle.n.01	0.78
106897610	battle.n.01	0.692
106897749	battle.n.01	0.958
106897778	battle.n.01	0.914
106898122	battle.n.01	0.822
106898522	victory.n.01	None
106899844	battle.n.01	0.879
106901840	battle.n.01	0.881
106902719	battlefield.n.01	None
106902835	battle.n.01	0.856
106902949	conflict.n.01	0.987
106903074	battle.n.01	0.952
106903090	battle.n.01	0.73
106903119	battle.n.01	0.797
106904730	battle.n.01	0.831
106905001	battle.n.01	0.742
106905744	battle.n.01	0.887
106905765	battle.n.01	0.873
106905811	battle.n.01	0.884
106906037	battle.n.01	0.916
106906452	fight.n.02	None
106906647	battle.n.01	0.687
106906768	conflict.n.01	0.897
106907039	battle.n.01	0.772
106907132	battle.n.01	0.84
106907154	battle.n.01	0.939
106908911	battle.n.01	0.779
106909875	battle.n.01	0.934
106909915	battle.n.01	0.913
106910561	battle.n.01	0.9
106910802	battle.n.01	0.803
106912517	struggle.n.01	0.394
106912583	resistance.n.04	0.744
106913201	battle.n.01	0.923
106913416	battle.n.01	0.914
106914751	battle.n.01	0.964
106915635	battle.n.01	0.798
106916288	fight.n.02	None
106917012	battle.n.01	0.969
106917112	battle.n.01	0.907
106917431	battle.n.01	0.896
106918812	battle.n.01	0.822
106921135	battle.n.01	0.702
106923072	contest.n.02	0.876
106923389	battle.n.01	0.787
106924438	fight.n.02	None
106924535	battle.n.01	0.77
106924763	victory.n.01	None
106924775	battle.n.01	0.894
106926473	battle.n.01	0.926
106927526	battle.n.01	0.813
106927571	contest.n.01	0.901
106927753	battle.n.01	0.567
106928489	battle.n.01	0.596
115335020	battle.n.01	0.687
115335169	battle.n.01	0.673
115336938	battle.n.01	0.881
115337573	conflict.n.01	0.579
115338158	battle.n.01	0.949
115339784	battle.n.01	0.734
115340697	battle.n.01	0.874
115344959	conflict.n.01	0.785
115345823	battle.n.01	0.79
115360564	battle.n.01	0.642
115360660	battle.n.01	0.67
115360732	battle.n.01	0.82
115360944	battle.n.01	0.433
115361531	battle.n.01	0.541
115367647	conflict.n.01	0.523
115368861	battle.n.01	0.93
115372362	battle.n.01	0.763
115373056	battle.n.01	0.774
115374484	battle.n.01	0.798
115375607	tactic.n.01	None
115377235	battle.n.01	0.822
115379305	battle.n.01	0.756
115380724	conflict.n.01	0.709
115386118	battle.n.01	0.838
115388098	battle.n.01	0.667
115392197	battle.n.01	0.95
115393830	battle.n.01	0.869
115395098	battle.n.01	0.595
115395376	battle.n.01	0.838
115395794	battle.n.01	0.879
115395857	battle.n.01	0.872
115396152	battle.n.01	0.948
115396440	battle.n.01	0.861
115397753	battle.n.01	0.956
115398385	battle.n.01	0.852
115398621	battle.n.01	0.843
115398656	battle.n.01	0.88
115398887	battle.n.01	0.904
115399072	battle.n.01	0.979
115399798	battle.n.01	0.922
115402041	battle.n.01	0.873
115403551	battle.n.01	0.645
115404180	battle.n.01	0.824
115404662	battle.n.01	0.754
115408205	fight.n.02	None
115408356	battle.n.01	0.747
115408456	battle.n.01	0.765
115408698	battle.n.01	0.578
115409283	battle.n.01	0.889
115409980	fight.n.02	None
115414951	battle.n.01	0.45
115415292	battle.n.01	0.691
115415367	fight.n.02	0.602
115415995	battle.n.01	0.826
115424155	battle.n.01	0.819
115427688	battle.n.01	0.761
115431905	battle.n.01	0.809
107049009	battle.n.01	0.811
107050222	battle.n.01	0.99
115438993	battle.n.01	0.659
107054620	battle.n.01	0.787
115444529	battle.n.01	0.673
115447547	battle.n.01	0.697
115448500	battle.n.01	0.551
115448681	battle.n.01	0.787
115448816	battle.n.01	0.704
115449278	battle.n.01	0.832
115449757	battle.n.01	0.805
115451817	battle.n.01	0.88
115451856	battle.n.01	0.883
115458012	battle.n.01	0.907
115459634	battle.n.01	0.748
107071472	fight.n.02	None
107071606	battle.n.01	0.811
107071939	battle.n.01	0.817
115461145	battle.n.01	0.809
115462088	battle.n.01	0.842
115462188	battle.n.01	0.797
115462330	battle.n.01	0.734
115463061	battle.n.01	0.83
115463154	battle.n.01	0.789
115463206	battle.n.01	0.685
115463970	battle.n.01	0.755
115464013	battle.n.01	0.825
115464054	battle.n.01	0.729
115464148	battle.n.01	0.77
115464337	conflict.n.01	0.54
115464603	battle.n.01	0.674
107076434	battle.n.01	0.897
107076633	betrothal.n.01	0.615
107076644	battle.n.01	0.76
115466670	battle.n.01	0.899
115467081	battle.n.01	0.744
115467125	fight.n.02	None
107078584	battle.n.01	0.795
107078663	battle.n.01	0.875
107078705	battle.n.01	0.862
115468172	battle.n.01	0.721
107080712	battle.n.01	0.724
115470202	battle.n.01	0.708
115470268	battle.n.01	0.811
115470496	battle.n.01	0.988
115470777	battle.n.01	0.895
115470993	battle.n.01	0.861
115471293	battle.n.01	0.741
115472322	battle.n.01	0.92
115475435	battle.n.01	0.892
107087473	battle.n.01	0.63
107087486	battle.n.01	0.5
107087567	military_action.n.01	0.679
107087646	battle.n.01	0.866
107089073	battle.n.01	0.597
115479641	battle.n.01	0.73
115480953	battle.n.01	0.649
107092469	battle.n.01	0.593
115481419	battle.n.01	0.851
107093500	defeat.n.01	0.985
115484732	battle.n.01	0.886
115485117	battle.n.01	0.831
115485575	battle.n.01	0.874
107098421	battle.n.01	0.779
115488572	battle.n.01	0.952
107100649	battle.n.01	0.792
107100669	battle.n.01	0.929
107100775	contest.n.02	0.881
107100813	battle.n.01	0.771
107100829	battle.n.01	0.897
115489980	battle.n.01	0.824
107101714	fight.n.02	0.669
107103261	battle.n.01	0.847
107104134	battle.n.01	0.793
115493075	battle.n.01	0.496
107104520	battle.n.01	0.868
107104526	battle.n.01	0.929
107104622	battle.n.01	0.657
107104750	battle.n.01	0.911
115494183	fight.n.02	0.682
115494692	battle.n.01	0.821
115497031	battle.n.01	0.766
115497077	conflict.n.01	0.516
115498367	fight.n.02	None
115499007	conflict.n.01	0.584
107112114	battle.n.01	0.797
107113272	battle.n.01	0.703
107113644	battle.n.01	0.792
107113976	battle.n.01	0.885
107114207	battle.n.01	0.83
107114407	battle.n.01	0.88
107115051	battle.n.01	0.89
115505068	battle.n.01	0.885
107117289	fight.n.02	0.559
107117458	combat.n.01	0.762
107118977	battle.n.01	0.851
107119105	combat.n.01	0.84
107119147	combat.n.01	0.68
115507827	battle.n.01	0.701
107119239	battle.n.01	0.589
115507928	battle.n.01	0.813
107119528	combat.n.01	0.761
107120157	combat.n.01	0.851
107120785	combat.n.01	0.651
107121408	combat.n.01	0.76
107121878	battle.n.01	0.821
107123102	battle.n.01	0.813
107124353	battle.n.01	0.823
107124786	combat.n.01	0.719
107126251	battle.n.01	0.865
107126478	conflict.n.01	0.984
107126859	battle.n.01	0.823
107127037	victory.n.01	None
107128974	battle.n.01	0.947
107129070	battle.n.01	0.971
107129108	battle.n.01	0.83
107129807	battle.n.01	0.84
107129835	battle.n.01	0.891
107130061	battle.n.01	0.837
107131742	battle.n.01	0.847
107132060	battle.n.01	0.696
107132494	battle.n.01	0.832
115521159	battle.n.01	0.956
107132998	battle.n.01	0.969
107133393	battle.n.01	0.799
107133606	battle.n.01	0.678
107134436	battle.n.01	0.817
107134480	battle.n.01	0.812
107134667	battle.n.01	0.771
107134749	battle.n.01	0.974
107134856	battle.n.01	0.882
107135975	battle.n.01	0.835
107136002	battle.n.01	0.966
107136101	battle.n.01	0.707
107136160	military_action.n.01	0.873
107136333	battle.n.01	0.825
107136362	war.n.01	0.522
107136609	battle.n.01	0.748
107137472	battle.n.01	0.827
107140107	battle.n.01	0.866
107140176	battle.n.01	0.912
107140187	battle.n.01	0.952
115531787	battle.n.01	0.859
115532613	battle.n.01	0.678
115532992	battle.n.01	0.805
107145773	battle.n.01	0.888
107149486	battle.n.01	0.891
123931365	combat.n.01	0.753
115542943	battle.n.01	0.724
107157398	battle.n.01	0.647
107157461	battle.n.01	0.601
107157774	battle.n.01	0.769
107157848	battle.n.01	0.732
123935130	battle.n.01	0.903
107158440	battle.n.01	0.74
123936454	battle.n.01	0.803
123936675	combat.n.01	0.538
123942554	fight.n.02	None
115556778	battle.n.01	0.892
115557096	battle.n.01	0.941
115557728	battle.n.01	0.888
115558455	battle.n.01	0.904
107172616	brush.n.06	None
115561288	battle.n.01	0.888
115561490	battle.n.01	0.815
107173109	battle.n.01	0.848
115561825	battle.n.01	0.878
107173296	battle.n.01	0.812
115561936	conflict.n.01	0.637
115562266	fight.n.02	None
107174808	battle.n.01	0.751
115563725	fight.n.02	0.637
107175118	battle.n.01	0.828
115563866	fight.n.02	None
107175829	battle.n.01	0.883
115564465	battle.n.01	0.691
115564483	fight.n.02	None
115565457	battle.n.01	0.834
107177228	battle.n.01	0.759
115566620	battle.n.01	0.989
115566757	battle.n.01	0.917
107179415	battle.n.01	0.956
107179441	battle.n.01	0.661
107179802	battle.n.01	0.726
107180074	battle.n.01	0.98
115569112	fight.n.02	0.937
107181012	military_action.n.01	0.68
107181102	battle.n.01	0.807
115569968	battle.n.01	0.813
107182526	battle.n.01	0.982
123960073	battle.n.01	0.761
115571550	fight.n.02	0.862
107183055	battle.n.01	0.877
123960345	battle.n.01	0.864
123960574	conflict.n.01	0.636
123960610	battle.n.01	0.852
123960690	fight.n.02	0.602
115572275	fight.n.02	0.887
123961938	fight.n.02	None
115573369	battle.n.01	0.88
115573813	battle.n.01	0.809
107186296	battle.n.01	0.985
115575499	battle.n.01	0.918
115575617	fight.n.02	None
115575648	battle.n.01	0.829
107189378	military_action.n.01	0.9
115578040	fight.n.02	None
115579667	fight.n.02	0.631
115579688	battle.n.01	0.697
115579990	battle.n.01	0.888
107192221	battle.n.01	0.772
107192774	battle.n.01	0.779
123970919	battle.n.01	0.685
123970958	battle.n.01	0.824
107194303	battle.n.01	0.908
107194401	battle.n.01	0.827
115583273	battle.n.01	0.975
123972220	battle.n.01	0.743
107195181	battle.n.01	0.842
115583805	battle.n.01	0.813
107195372	battle.n.01	0.781
107195385	battle.n.01	0.921
115584180	fight.n.02	0.967
107195701	battle.n.01	0.691
123972960	battle.n.01	0.778
107195987	battle.n.01	0.854
107196418	battlefield.n.01	0.806
107196905	battle.n.01	0.877
107196973	battle.n.01	0.788
107197008	battle.n.01	0.844
107197060	battle.n.01	0.862
107197115	battle.n.01	0.743
107197257	battle.n.01	0.694
107197315	battle.n.01	0.708
107197382	battle.n.01	0.889
107197435	battle.n.01	0.84
115586427	battle.n.01	0.852
107197840	battle.n.01	0.84
123975125	battle.n.01	0.632
107197997	battle.n.01	0.834
107198102	battle.n.01	0.817
107198266	battle.n.01	0.853
107198282	battle.n.01	0.52
107198341	battle.n.01	0.897
115587557	battle.n.01	0.816
123977457	battle.n.01	0.511
115589176	battle.n.01	0.888
115589482	victory.n.01	None
115589561	battle.n.01	0.92
107201113	battle.n.01	0.953
107202891	battle.n.01	0.649
107203305	battle.n.01	0.878
115592788	battle.n.01	0.872
107205660	battle.n.01	0.701
115594358	battle.n.01	0.65
107205755	battle.n.01	0.665
115595497	war.n.01	0.932
115595969	fight.n.02	0.968
115596405	battle.n.01	0.922
115596790	fight.n.02	None
115597244	war.n.01	0.911
115597368	battle.n.01	0.7
115597810	battle.n.01	0.883
115598593	battle.n.01	0.829
115599637	battle.n.01	0.952
115600226	fight.n.02	0.92
115605635	battle.n.01	0.804
107221734	action.n.01	0.825
107222078	military_action.n.01	0.738
107222147	battle.n.01	0.798
115610835	battle.n.01	0.887
107222299	military_action.n.01	0.468
107222531	battle.n.01	0.8
115611302	war.n.01	0.87
115612325	battle.n.01	0.946
115612422	battle.n.01	0.874
115612434	battle.n.01	0.906
107223850	battle.n.01	0.866
115612463	battle.n.01	0.765
115612667	offense.n.05	None
107224452	military_action.n.01	0.756
115613092	battle.n.01	0.757
107224516	battle.n.01	0.872
107224680	battle.n.01	0.959
107225009	battle.n.01	0.787
107225141	battle.n.01	0.846
107225459	battle.n.01	0.809
115614199	fight.n.02	None
115614642	battle.n.01	0.517
115615433	battle.n.01	0.92
115615527	victory.n.01	None
115615952	battle.n.01	0.876
115616531	battle.n.01	0.773
115618207	fight.n.02	0.811
107229678	battle.n.01	0.809
115619500	fight.n.02	None
115619518	fight.n.02	None
115619860	fight.n.02	0.898
115619989	conflict.n.01	0.688
115622212	battle.n.01	0.827
115622274	battle.n.01	0.826
115622649	battle.n.01	0.534
115622694	fight.n.02	0.947
115622808	fight.n.02	0.882
115622999	fight.n.02	0.96
115623546	fight.n.02	0.964
115623633	battle.n.01	0.784
115623878	battle.n.01	0.763
115624553	fight.n.02	0.815
115629381	battle.n.01	0.893
115630371	fight.n.02	0.87
107242543	battle.n.01	0.647
115632227	battle.n.01	0.557
115632717	battle.n.01	0.912
115632863	battle.n.01	0.922
115633350	fight.n.02	0.518
115633504	battle.n.01	0.81
115633816	battle.n.01	0.655
107245341	battle.n.01	0.964
115634402	battle.n.01	0.565
115634637	battle.n.01	0.943
115634705	battle.n.01	0.539
115634743	battle.n.01	0.934
115635432	battle.n.01	0.707
115635687	battle.n.01	0.788
115635775	battle.n.01	0.917
115636532	battle.n.01	0.936
115636591	battle.n.01	0.941
115636629	war.n.01	0.912
107248758	battle.n.01	0.767
115637463	conflict.n.01	0.536
115637735	battle.n.01	0.781
107249221	battle.n.01	0.741
115638919	battle.n.01	0.719
115639093	fight.n.02	0.521
115640228	battle.n.01	0.841
115640254	battle.n.01	0.897
115640447	battle.n.01	0.915
107251995	battle.n.01	0.954
115642889	battle.n.01	0.804
115643139	fight.n.02	0.642
115643443	battle.n.01	0.758
107255095	battle.n.01	0.617
107255345	battle.n.01	0.984
115645304	battle.n.01	0.853
107257293	battle.n.01	0.831
115646243	battle.n.01	0.904
115646272	battle.n.01	0.86
115646908	battle.n.01	0.96
107258489	battle.n.01	0.842
107258509	action.n.01	0.369
115650081	battle.n.01	0.892
115651575	battle.n.01	0.877
115651753	battle.n.01	0.716
107266387	battle.n.01	0.643
107266389	battle.n.01	0.673
115655678	battle.n.01	0.914
107270478	combat.n.01	0.751
107270660	conflict.n.01	0.526
107270783	battle.n.01	0.846
115659533	battle.n.01	0.918
107271003	battle.n.01	0.98
107271113	battle.n.01	0.73
107271169	battle.n.01	0.762
115659840	fight.n.02	0.963
107271350	battle.n.01	0.765
107271463	fight.n.02	None
107271726	battle.n.01	0.657
115660701	fight.n.02	0.915
107272815	battle.n.01	0.779
115666457	battle.n.01	0.731
107278024	battle.n.01	0.947
115666777	battle.n.01	0.873
107278666	battle.n.01	0.557
107278976	battle.n.01	0.846
115667669	battle.n.01	0.927
107279996	battle.n.01	0.85
107280006	battle.n.01	0.97
107280167	battle.n.01	0.763
107280187	battle.n.01	0.845
115669172	fight.n.02	0.584
107282140	battle.n.01	0.937
107282822	battle.n.01	0.788
107283329	battle.n.01	0.718
107283791	battle.n.01	0.639
107284008	battle.n.01	0.874
107284065	battle.n.01	0.835
107284167	battle.n.01	0.534
107284512	battle.n.01	0.755
107284527	battle.n.01	0.88
115673906	battle.n.01	0.764
107285410	battle.n.01	0.984
107285548	battle.n.01	0.663
107285731	battle.n.01	0.89
107286090	battle.n.01	0.889
115674744	battle.n.01	0.8
107286947	battle.n.01	0.902
115675705	victory.n.01	None
107287598	battle.n.01	0.899
107287723	battle.n.01	0.762
107287911	battle.n.01	0.768
107287949	battle.n.01	0.97
107289320	conflict.n.01	0.526
107289494	fight.n.02	None
115678161	fight.n.02	0.702
115678510	fight.n.02	0.904
107290570	battle.n.01	0.805
107291009	battle.n.01	0.848
107291465	battle.n.01	0.852
107291558	battle.n.01	0.779
115680339	boxing.n.01	1.0
107291933	battle.n.01	0.798
115680622	boxing.n.01	1.0
115680957	battle.n.01	0.961
107292485	battle.n.01	0.824
107293053	battle.n.01	0.992
107293127	battle.n.01	0.836
107293219	battle.n.01	0.692
107295035	military_action.n.01	0.93
107295186	battle.n.01	0.865
115684670	battle.n.01	0.929
115687005	battle.n.01	0.902
115687287	fight.n.02	0.9
115687418	battle.n.01	0.937
115687798	conflict.n.01	0.601
115687832	battle.n.01	0.928
107302727	battle.n.01	0.747
107303052	military_action.n.01	0.937
107303070	date.n.03	0.382
107303338	battle.n.01	0.802
107303474	battle.n.01	0.693
107303825	battle.n.01	0.814
115693515	battle.n.01	0.795
107305355	battle.n.01	0.609
107305576	battle.n.01	0.724
115694309	battle.n.01	0.943
115694801	battle.n.01	0.951
115695484	battle.n.01	0.881
107307070	battle.n.01	0.832
107307090	battle.n.01	0.783
107307163	combat.n.01	0.843
115696014	battle.n.01	0.856
107307598	battle.n.01	0.973
107308563	battle.n.01	0.786
107308666	battle.n.01	0.807
107310523	battle.n.01	0.733
115701824	battle.n.01	0.774
115702951	battle.n.01	0.902
115703567	battle.n.01	0.834
115703656	battle.n.01	0.904
107315254	military_action.n.01	0.874
115703869	battle.n.01	0.872
115703913	battle.n.01	0.938
107315390	fight.n.02	None
107317077	battle.n.01	0.732
107317110	battle.n.01	0.61
107317975	battle.n.01	0.623
107318419	battle.n.01	0.838
107318455	battle.n.01	0.628
124703481	battle.n.01	0.745
107323083	battle.n.01	0.698
107323262	battle.n.01	0.952
107323346	battle.n.01	0.936
107323420	battle.n.01	0.703
107323507	battle.n.01	0.919
107323748	battle.n.01	0.921
107325683	battle.n.01	0.733
107325721	battle.n.01	0.853
107325736	battle.n.01	0.907
107325810	battle.n.01	0.47
107326023	battle.n.01	0.678
107326103	battle.n.01	0.949
115716806	battle.n.01	0.862
115718452	battle.n.01	0.936
115718669	battle.n.01	0.813
115719396	battle.n.01	0.845
115719449	battle.n.01	0.862
115719854	battle.n.01	0.785
107333469	military_action.n.01	0.945
115722691	battle.n.01	0.919
115723310	fight.n.02	None
124706906	battle.n.01	0.769
107338656	battle.n.01	0.82
115728756	battle.n.01	0.879
107340650	battle.n.01	0.959
107341580	contest.n.02	0.895
115730214	battle.n.01	0.847
115730362	battle.n.01	0.722
115730511	battle.n.01	0.8
115731178	fight.n.02	0.68
115731300	battle.n.01	0.594
107347145	battle.n.01	0.809
107348689	battle.n.01	0.614
107348745	battle.n.01	0.858
115737540	battle.n.01	0.851
115737641	battle.n.01	0.812
115741040	fight.n.02	0.886
115741667	battle.n.01	0.632
115741908	battle.n.01	0.896
115743003	battle.n.01	0.908
115743327	battle.n.01	0.844
115743370	battle.n.01	0.883
115743513	battle.n.01	0.804
107355123	battle.n.01	0.935
107355144	battle.n.01	0.781
115743780	battle.n.01	0.86
115744247	battle.n.01	0.915
115744415	battle.n.01	0.842
115745267	fight.n.02	0.95
115745402	fight.n.02	0.924
115746106	battle.n.01	0.964
115746507	battle.n.01	0.987
115746658	battle.n.01	0.83
115746979	battle.n.01	0.953
115747723	battle.n.01	0.989
115747840	battle.n.01	0.955
115748398	fight.n.02	None
115748790	fight.n.04	0.599
115748932	fight.n.02	0.597
115749174	battle.n.01	0.869
107360625	fight.n.02	None
115749333	battle.n.01	0.912
107361457	combat.n.01	0.517
115750289	battle.n.01	0.91
107361729	battle.n.01	0.968
115750436	battle.n.01	0.793
115750495	battle.n.01	0.861
115750636	battle.n.01	0.905
115752264	battle.n.01	0.888
107363928	battle.n.01	0.881
115752616	conflict.n.01	0.489
115753007	battle.n.01	0.898
115753159	conflict.n.01	0.561
115753640	battle.n.01	0.922
115753725	battle.n.01	0.894
115754297	battle.n.01	0.583
115754385	battle.n.01	0.936
115755090	fight.n.02	None
115755381	fight.n.02	0.669
115756001	fight.n.02	0.942
115756815	battle.n.01	0.825
107368273	contest.n.02	0.953
107368659	battle.n.01	0.766
107368772	battle.n.01	0.779
107369212	battle.n.01	0.936
115758290	fight.n.02	0.933
107370043	battle.n.01	0.771
115758870	victory.n.01	None
107371536	battle.n.01	0.771
107371720	battle.n.01	0.789
107371771	combat.n.01	0.647
107371840	battle.n.01	0.799
115760559	battle.n.01	0.864
107372256	battle.n.01	0.691
107372329	battle.n.01	0.792
107372604	battle.n.01	0.611
107372704	battle.n.01	0.968
115761345	battle.n.01	0.886
107373832	battle.n.01	0.725
115762962	fight.n.02	None
107374726	battle.n.01	0.933
115765151	battle.n.01	0.981
115765652	battle.n.01	0.953
115768375	battle.n.01	0.883
115769491	defensive.n.01	None
115769593	battle.n.01	0.785
115769791	battle.n.01	0.83
115770974	fight.n.02	0.815
115775226	battle.n.01	0.825
115777858	fight.n.02	0.922
115777957	fight.n.02	None
115778600	victory.n.01	None
115779973	blow.n.02	0.587
115780913	battle.n.01	0.701
115780960	battle.n.01	0.857
115781701	fight.n.02	None
115781991	battle.n.01	0.831
115782371	fight.n.02	None
115782472	fight.n.02	None
115783004	battle.n.01	0.776
115783457	battle.n.01	0.884
115783530	battle.n.01	0.863
115783564	battle.n.01	0.938
115783635	battle.n.01	0.986
115784557	battle.n.01	0.677
115784751	battle.n.01	0.87
115784940	battle.n.01	0.546
115784995	battle.n.01	0.806
115785267	battle.n.01	0.91
115786558	battle.n.01	0.877
115787596	fight.n.02	None
115792916	battle.n.01	0.846
115794002	fight.n.02	None
115794519	battle.n.01	0.725
115805512	battle.n.01	0.811
115805626	fight.n.02	0.786
115812525	league.n.02	0.996
115813386	conflict.n.01	0.908
107427458	battle.n.01	0.984
107427475	victory.n.01	None
115825250	conflict.n.01	0.559
115825644	conflict.n.01	0.539
115829696	fight.n.02	None
115832467	battle.n.01	0.756
115832841	battle.n.01	0.797
115833230	battle.n.01	0.651
115833329	battle.n.01	0.78
115833363	fight.n.02	0.699
115849316	war.n.01	0.973
115850274	battle.n.01	0.774
115854273	war.n.01	0.941
115857804	battle.n.01	0.682
115859754	battle.n.01	0.791
115859783	battle.n.01	0.578
115861678	battle.n.01	0.746
115862750	battle.n.01	0.829
115864089	fight.n.02	0.612
115864146	battle.n.01	0.663
115868138	battle.n.01	0.716
115869331	battle.n.01	0.534
115869426	battle.n.01	0.88
115871321	battle.n.01	0.814
115874655	fight.n.02	0.667
115878723	battle.n.01	0.76
115878927	battle.n.01	0.783
115881549	conflict.n.01	0.507
115883291	battle.n.01	0.647
107495003	battle.n.01	0.767
107495005	battle.n.01	0.705
115884465	battle.n.01	0.521
115884729	battle.n.01	0.828
115886010	fight.n.02	0.746
115886461	fight.n.02	None
115886826	battle.n.01	0.773
115886986	fight.n.02	0.636
115887591	battle.n.01	0.792
115894836	battle.n.01	0.858
115895297	battle.n.01	0.79
115896906	battle.n.01	0.951
115897485	fight.n.02	0.754
115897513	battle.n.01	0.791
115898075	fight.n.02	0.576
115898127	battle.n.01	0.663
115898655	fight.n.02	None
115899376	battle.n.01	0.859
115901256	battle.n.01	0.827
115901372	battle.n.01	0.865
115901398	battle.n.01	0.873
115901523	battle.n.01	0.807
115902604	battle.n.01	0.826
115902678	battle.n.01	0.937
115903146	battle.n.01	0.839
115903378	battle.n.01	0.792
115904191	battle.n.01	0.536
115904231	battle.n.01	0.821
115904627	battle.n.01	0.637
115910376	battle.n.01	0.733
115910461	battle.n.01	0.793
115910480	battle.n.01	0.881
115910904	battle.n.01	0.754
115913047	battle.n.01	0.708
115913149	battle.n.01	0.748
115913363	battle.n.01	0.549
115913707	fight.n.02	None
124302755	battle.n.01	0.898
124303408	battlefield.n.01	0.597
124305085	battle.n.01	0.854
124305260	battle.n.01	0.98
124305742	battle.n.01	0.855
124305927	battle.n.01	0.937
124306300	war.n.01	0.871
124306426	battle.n.01	0.829
115918127	battle.n.01	0.852
124307021	war.n.01	0.837
124307594	battle.n.01	0.9
107531225	battle.n.01	0.692
124309807	battle.n.01	0.801
124310281	battle.n.01	0.975
124310845	battle.n.01	0.914
124312125	peace.n.05	0.887
124312436	battle.n.01	0.911
124312873	war.n.01	0.884
124313097	battle.n.01	0.99
124313193	battle.n.01	0.882
124313529	war.n.01	0.937
124314192	battle.n.01	0.747
124315094	battle.n.01	0.942
124315146	battle.n.01	0.898
124315812	battle.n.01	0.893
124315946	war.n.01	0.981
124315947	war.n.01	0.981
124316165	battle.n.01	0.953
124316717	battle.n.01	0.926
124316721	battle.n.01	0.926
124316851	battle.n.01	0.882
124317473	battle.n.01	0.997
124317554	brush.n.06	0.936
124317582	war.n.01	0.664
124317898	battle.n.01	0.871
124318881	feat.n.01	None
115932500	fight.n.02	0.537
124321192	war.n.01	0.888
124322513	war.n.01	0.876
124323263	battle.n.01	0.906
124323417	war.n.01	0.599
124324203	war.n.01	0.951
124324220	energy.n.02	0.789
124324301	battle.n.01	0.88
124324322	battle.n.01	0.88
124324745	success.n.02	0.801
124325142	battle.n.01	0.869
124325201	battle.n.01	0.98
124325492	battle.n.01	0.883
115937781	fight.n.02	None
115937965	battle.n.01	0.885
115938017	battle.n.01	0.552
124326807	war.n.01	0.819
115938241	battle.n.01	0.715
115938342	battle.n.01	0.717
124326958	contest.n.02	0.765
124327348	war.n.01	0.889
124327519	battle.n.01	0.581
115939340	battle.n.01	0.851
115939854	battle.n.01	0.796
115940654	fight.n.02	None
115949437	battle.n.01	0.912
115949727	battle.n.01	0.701
115950107	battle.n.01	0.628
115950866	battle.n.01	0.831
115951502	battle.n.01	0.605
115951617	battle.n.01	0.582
115951871	battle.n.01	0.822
115958081	fight.n.02	None
115958297	battle.n.01	0.851
115958502	battle.n.01	0.907
115959590	battle.n.01	0.556
107585919	conflict.n.01	0.547
115981613	battle.n.01	0.913
107593551	battle.n.01	0.979
115983350	battle.n.01	0.839
115995218	conflict.n.01	0.719
115996227	conflict.n.01	0.721
115997560	battle.n.01	0.658
107609668	battle.n.01	0.991
107610623	battle.n.01	0.903
116000293	battle.n.01	0.678
116000482	conflict.n.01	0.571
116000558	battle.n.01	0.725
116001102	enemy.n.01	0.62
116001220	battle.n.01	0.867
116001288	battle.n.01	0.636
116003963	battle.n.01	0.699
116004898	battle.n.01	0.888
116005504	battle.n.01	0.804
116005558	fight.n.02	0.69
116005791	battle.n.01	0.728
116006418	battle.n.01	0.804
107618198	war.n.01	0.931
116007651	fight.n.02	0.731
116008306	battle.n.01	0.759
116008435	victory.n.01	None
107620397	fight.n.02	0.921
116011362	battle.n.01	0.894
116013147	battle.n.01	0.74
116013157	fight.n.02	0.722
116013209	fight.n.02	0.811
116015657	battle.n.01	0.868
116016374	battle.n.01	0.693
116016545	battle.n.01	0.698
116017680	battle.n.01	0.641
116017853	battle.n.01	0.745
116018257	fight.n.02	0.579
116018546	battle.n.01	0.927
116020602	battle.n.01	0.734
116021234	battle.n.01	0.946
116021804	battle.n.01	0.839
116024044	battle.n.01	0.745
116024436	battle.n.01	0.766
116024791	battle.n.01	0.745
116026116	fight.n.02	0.754
116032958	battle.n.01	0.615
116034443	conflict.n.01	0.741
116035465	brush.n.06	None
116038622	battle.n.01	0.87
116039628	fight.n.02	0.797
116045379	battle.n.01	0.835
116045514	battle.n.01	0.856
116045565	enemy.n.01	0.647
116045600	battle.n.01	0.786
116045823	battle.n.01	0.795
116045924	battle.n.01	0.504
116046085	battle.n.01	0.82
116047076	battle.n.01	0.67
116047150	camp.n.01	0.669
116047507	fight.n.02	0.82
116047539	attack.n.01	0.573
116047623	battle.n.01	0.981
107660981	battle.n.01	0.513
107670050	battle.n.01	0.847
107672579	battle.n.01	0.951
107674233	battle.n.01	0.969
107675842	battle.n.01	0.86
116067893	contest.n.02	0.969
107679454	battle.n.01	0.944
107679635	battle.n.01	0.926
107680079	battle.n.01	0.796
116070623	battle.n.01	0.716
107682991	battle.n.01	0.863
107683637	battle.n.01	0.873
107683660	battle.n.01	0.861
107683740	battle.n.01	0.926
107690255	battle.n.01	0.825
107694113	battle.n.01	0.938
107696587	fight.n.02	0.957
116087394	battle.n.01	0.64
116087458	exercise.n.01	0.479
116087499	fight.n.02	0.543
116087712	battle.n.01	0.771
124476444	war.n.01	0.816
116088144	fight.n.02	0.838
116088533	expedition.n.01	0.771
124479056	battle.n.01	0.645
124479181	battle.n.01	0.75
124479236	war.n.01	0.948
124479566	battle.n.01	0.667
107703312	battle.n.01	0.852
107703323	contest.n.02	0.873
124481610	battle.n.01	0.795
124482854	battle.n.01	0.739
124482870	battle.n.01	0.736
116096005	war.n.01	0.929
116096732	quarrel.n.01	0.999
107708574	conflict.n.01	0.514
107709404	conflict.n.01	0.648
107709496	war.n.01	0.861
116106507	fight.n.02	0.836
116107310	battle.n.01	0.774
107720615	battle.n.01	0.823
116128746	fight.n.02	None
116130486	fight.n.02	0.839
116135108	fight.n.02	None
116139039	fight.n.02	0.641
116139135	battle.n.01	0.794
124528871	battle.n.01	0.712
124528972	battle.n.01	0.864
107752551	battle.n.01	0.885
107752588	battle.n.01	0.695
107752738	fight.n.02	0.62
116143037	conflict.n.01	0.506
124534937	fight.n.02	0.699
116147619	fight.n.02	0.806
124536692	battle.n.01	0.571
116148546	war.n.01	0.888
116150369	battle.n.01	0.623
116150537	battle.n.01	0.702
107762311	battle.n.01	0.804
107762346	battle.n.01	0.889
116150992	battle.n.01	0.739
124539996	battle.n.01	0.89
124540612	conflict.n.01	0.511
124540979	battle.n.01	0.611
124541660	battle.n.01	0.815
124541747	fight.n.02	None
124541792	fight.n.02	None
124541893	battle.n.01	0.911
107764856	battle.n.01	0.88
124542460	battle.n.01	0.604
124543004	battle.n.01	0.888
124543021	battle.n.01	0.822
124543513	battle.n.01	0.773
124543609	battle.n.01	0.768
124543916	battle.n.01	0.857
124543926	battle.n.01	0.713
124544280	battle.n.01	0.885
124545773	battle.n.01	0.942
116157855	battle.n.01	0.511
124546855	battle.n.01	0.921
124547710	battle.n.01	0.649
107770532	brush.n.06	None
124547748	battle.n.01	0.614
116159148	fight.n.02	0.615
116159189	battle.n.01	0.827
116159236	battle.n.01	0.846
124547912	battle.n.01	0.762
124548007	battle.n.01	0.846
124548152	battle.n.01	0.776
124548330	battle.n.01	0.565
124548534	battle.n.01	0.916
124548735	battle.n.01	0.878
124550202	battle.n.01	0.761
124550447	battle.n.01	0.901
124550796	battle.n.01	0.823
116162652	battle.n.01	0.698
116163049	battle.n.01	0.771
116163174	battle.n.01	0.721
124552345	battle.n.01	0.841
116164010	battle.n.01	0.716
116164052	war.n.01	0.929
124553615	fight.n.02	0.83
107777493	contest.n.02	0.557
124559545	battle.n.01	0.615
116171175	war.n.01	0.858
116176528	battle.n.01	0.631
116176971	battle.n.01	0.81
124565593	battle.n.01	0.582
116176986	battle.n.01	0.699
107789982	battle.n.01	0.913
116179056	battle.n.01	0.825
116179240	battle.n.01	0.939
116179653	battle.n.01	0.933
116179680	violence.n.01	0.977
107792334	battle.n.01	0.636
116182313	battle.n.01	0.787
116182350	fight.n.02	0.633
116182371	battle.n.01	0.753
116185942	battle.n.01	0.79
124575361	battle.n.01	0.763
124575976	battle.n.01	0.533
124576111	battle.n.01	0.59
116190042	battle.n.01	0.76
124578899	battle.n.01	0.757
124579032	battle.n.01	0.706
107802226	battle.n.01	0.945
116192471	fight.n.02	0.843
116192869	battle.n.01	0.861
107804810	battle.n.01	0.896
107804835	victory.n.01	None
124583021	battle.n.01	0.734
124583192	battle.n.01	0.886
124583460	battle.n.01	0.81
124583970	battle.n.01	0.72
124584031	battle.n.01	0.758
124584712	battle.n.01	0.762
124585817	fight.n.02	0.718
124585920	conflict.n.01	0.873
124585978	battle.n.01	0.875
124586226	fight.n.02	None
124586528	battle.n.01	0.766
124586628	battle.n.01	0.962
124587051	battle.n.01	0.745
107812865	battle.n.01	0.528
107813383	battle.n.01	0.963
124593511	battle.n.01	0.953
124594716	battle.n.01	0.771
124594766	battle.n.01	0.819
124594844	battle.n.01	0.842
124595238	battle.n.01	0.838
124595345	battle.n.01	0.847
124597453	battle.n.01	0.891
116209517	battle.n.01	0.566
116210007	battle.n.01	0.772
107821997	battle.n.01	0.883
124600115	battle.n.01	0.788
124604954	battle.n.01	0.746
116216504	fight.n.02	None
116217107	fight.n.02	0.685
124607590	battle.n.01	0.83
124608461	battle.n.01	0.795
124608642	battle.n.01	0.75
124608723	battle.n.01	0.751
116220485	fight.n.02	0.553
124609773	battle.n.01	0.921
124610452	battle.n.01	0.923
107836736	battle.n.01	0.832
124614734	battle.n.01	0.737
124615761	conflict.n.01	0.469
124615824	battle.n.01	0.848
124615933	battle.n.01	0.705
124615970	battle.n.01	0.699
124616225	battle.n.01	0.723
116227623	fight.n.02	0.634
124616349	battle.n.01	0.72
124616476	battle.n.01	0.886
124616783	battle.n.01	0.858
124617975	battle.n.01	0.841
124618993	conflict.n.01	0.549
116233229	fight.n.02	0.76
116233375	war.n.01	0.954
124623108	battle.n.01	0.76
116234943	battle.n.01	0.401
124623636	battle.n.01	0.82
107846752	battle.n.01	0.681
124624871	battle.n.01	0.783
124624889	battle.n.01	0.725
124625015	battle.n.01	0.546
124625048	battle.n.01	0.928
124625100	battle.n.01	0.8
116236593	battle.n.01	0.668
116236651	battle.n.01	0.747
124626793	battle.n.01	0.752
124626805	conflict.n.01	0.522
124626906	battle.n.01	0.746
124627537	battle.n.01	0.858
107851780	battle.n.01	0.838
124629142	battle.n.01	0.842
124629272	battle.n.01	0.473
124629816	battle.n.01	0.767
116241249	conflict.n.01	0.655
124629929	battle.n.01	0.752
116241550	conflict.n.01	0.507
124630280	battle.n.01	0.645
124630355	battle.n.01	0.811
116241770	battle.n.01	0.653
116241957	fight.n.02	None
124630748	battle.n.01	0.595
124630869	battle.n.01	0.837
116242498	fight.n.02	0.502
116243315	battle.n.01	0.709
124632100	fight.n.02	0.871
124632783	conflict.n.01	0.924
124633094	battle.n.01	0.816
124633372	battle.n.01	0.655
124633390	contest.n.02	0.885
116245834	battle.n.01	0.639
124635176	battle.n.01	0.695
124635492	battle.n.01	0.653
124635541	battle.n.01	0.7
124635622	battle.n.01	0.842
116248207	fight.n.02	0.544
124637610	fight.n.02	None
124637786	battle.n.01	0.889
116249595	battle.n.01	0.888
116249889	battle.n.01	0.713
116249979	battle.n.01	0.925
124638890	battle.n.01	0.798
124639024	battle.n.01	0.699
124641912	battle.n.01	0.82
124642510	battle.n.01	0.819
116254319	fight.n.02	None
124647591	battle.n.01	0.647
124648031	battle.n.01	0.908
124649720	battle.n.01	0.688
124653391	battle.n.01	0.712
124653641	battle.n.01	0.946
124655041	battle.n.01	0.843
124655382	battle.n.01	0.829
124655635	battle.n.01	0.566
124656165	battle.n.01	0.752
124656455	battle.n.01	0.781
124658978	battle.n.01	0.881
124659172	battle.n.01	0.872
107883064	battle.n.01	0.773
124660620	battle.n.01	0.693
124661052	battle.n.01	0.85
124661064	battle.n.01	0.855
124661078	battle.n.01	0.627
124661247	battle.n.01	0.89
116277174	fight.n.02	0.812
116277242	fight.n.02	0.79
116277291	fight.n.02	0.549
116277922	battle.n.01	0.823
116278997	battle.n.01	0.799
124669182	battle.n.01	0.739
116280857	battle.n.01	0.804
124669611	battle.n.01	0.618
124669911	battle.n.01	0.814
124670029	battle.n.01	0.51
124670150	brush.n.06	0.837
124670416	battle.n.01	0.76
124670458	fight.n.02	None
124670631	battle.n.01	0.739
124671353	battle.n.01	0.738
124671561	conflict.n.01	0.924
124671680	battle.n.01	0.666
124672650	battle.n.01	0.778
124673321	battle.n.01	0.771
124673500	battle.n.01	0.829
124673851	battle.n.01	0.82
124673983	battle.n.01	0.645
124674908	battle.n.01	0.759
124675215	battle.n.01	0.787
124675685	battle.n.01	0.495
124675711	battle.n.01	0.631
124676370	battle.n.01	0.616
124676502	battle.n.01	0.772
116288856	battle.n.01	0.614
116289013	army.n.01	0.881
116289417	battle.n.01	0.731
116290753	fight.n.02	0.603
116291102	fight.n.02	0.62
116291169	fight.n.02	0.589
124681929	battle.n.01	0.816
116293747	battle.n.01	0.919
124682433	battle.n.01	0.613
124682549	battle.n.01	0.88
116294601	battle.n.01	0.826
124684196	battle.n.01	0.794
124684452	battle.n.01	0.879
124685935	battle.n.01	0.546
124686019	battle.n.01	0.687
124686057	battle.n.01	0.756
124686302	battle.n.01	0.899
124686634	battle.n.01	0.905
124689274	battle.n.01	0.786
116301770	fight.n.02	None
124691002	battle.n.01	0.577
116303513	battle.n.01	0.772
116306433	fight.n.02	None
116306466	fight.n.02	0.663
116306485	fight.n.02	0.736
124695140	fight.n.02	None
124695273	battle.n.01	0.615
116306995	fight.n.02	0.643
116307023	battle.n.01	0.734
116307531	battle.n.01	0.641
116307558	fight.n.02	0.727
124696284	battle.n.01	0.667
124697003	battle.n.01	0.874
124697034	battle.n.01	0.694
124697184	battle.n.01	0.793
124698521	battle.n.01	0.729
124698742	conflict.n.01	0.513
124698898	battle.n.01	0.656
116311642	war.n.01	0.807
124701851	battle.n.01	0.91
124704343	conflict.n.01	0.506
124704368	battle.n.01	0.831
124704395	battle.n.01	0.756
107928863	striving.n.01	None
124706526	battle.n.01	0.871
124706534	contest.n.02	0.811
124706741	battle.n.01	0.509
124709918	battle.n.01	0.641
124711648	battle.n.01	0.854
124713408	fight.n.02	None
124714904	battle.n.01	0.807
124714979	battle.n.01	0.756
124715699	battle.n.01	0.854
124717590	battle.n.01	0.6
124718116	battle.n.01	0.771
124720003	battle.n.01	0.749
124720347	battle.n.01	0.852
124724523	battle.n.01	0.834
124725118	conflict.n.01	0.605
124725200	battle.n.01	0.863
124725374	battle.n.01	0.893
124727082	conflict.n.01	0.573
124733652	conflict.n.01	0.496
124735084	battle.n.01	0.846
124736138	battle.n.01	0.913
124736899	fight.n.02	None
124737604	battle.n.01	0.692
124737690	battle.n.01	0.864
124739331	battle.n.01	0.847
124740138	battle.n.01	0.799
124740673	battle.n.01	0.872
124741407	battle.n.01	0.857
124748644	fight.n.02	0.857
124749113	battle.n.01	0.823
124749258	brush.n.06	0.874
124749486	battle.n.01	0.805
124751465	battle.n.01	0.925
124753142	battle.n.01	0.748
124753633	fight.n.02	None
124756915	battle.n.01	0.798
124757353	battle.n.01	0.654
124760873	conflict.n.01	0.497
124760954	battle.n.01	0.777
124761476	battle.n.01	0.822
124761774	battle.n.01	0.678
124762805	fight.n.02	None
124767284	battle.n.01	0.648
124767455	battle.n.01	0.835
124768165	battle.n.01	0.816
124768416	battle.n.01	0.888
124768481	battle.n.01	0.824
124770364	battle.n.01	0.79
124772454	battle.n.01	0.805
124773794	battle.n.01	0.893
124773916	battle.n.01	0.831
124775020	battle.n.01	0.793
124775062	battle.n.01	0.831
124775507	battle.n.01	0.89
124775792	battle.n.01	0.694
124775962	fight.n.02	None
124776147	battle.n.01	0.869
124776463	fight.n.02	None
124777054	battle.n.01	0.613
124777530	battle.n.01	0.775
124779606	battle.n.01	0.825
124780322	battle.n.01	0.782
124780400	battle.n.01	0.72
124780789	battle.n.01	0.83
124780921	battle.n.01	0.548
108019223	battle.n.01	0.62
108068465	conflict.n.01	0.87
108088765	battle.n.01	0.608
108090003	battle.n.01	0.506
108093668	battle.n.01	0.713
116537532	deviation.n.01	0.786
108151691	strife.n.02	0.759
108152388	strife.n.02	0.57
108152577	strife.n.02	0.897
108156298	quarrel.n.01	0.995
108156325	strife.n.02	0.868
108156569	quarrel.n.01	1.0
108156602	quarrel.n.01	1.0
108157200	strife.n.02	0.776
108157213	strife.n.02	0.737
116553403	controversy.n.01	None
116555851	discrepancy.n.01	0.946
108180550	battle.n.01	0.647
108192616	strife.n.02	0.863
108201716	brawl.n.02	0.931
108201723	strife.n.02	0.901
108202074	strife.n.02	0.551
108202084	strife.n.02	0.824
108202139	fight.n.02	None
108272347	strife.n.02	0.848
108379073	fight.n.02	None
108379091	cavalry.n.01	0.798
108379322	fight.n.02	None
108381356	battle.n.01	0.809
108384627	battle.n.01	0.874
108388400	battle.n.01	0.957
116781361	battle.n.01	0.864
108395952	war.n.01	0.761
116784961	conflict.n.01	0.856
116785037	battle.n.01	0.674
116788049	conflict.n.01	0.828
116788179	fight.n.02	0.603
116789358	battle.n.01	0.54
100012697	fight.n.02	0.664
100015781	battle.n.01	0.785
100018341	battle.n.01	0.83
116796649	conflict.n.01	0.559
116797742	fight.n.02	0.653
100021967	affray.n.02	None
116800264	fight.n.02	0.844
100024643	war.n.01	0.972
100024842	battle.n.01	0.652
100025853	battle.n.01	0.849
100025932	battle.n.01	0.525
116803588	struggle.n.01	0.463
100027522	battle.n.01	0.816
100028351	battle.n.01	0.772
116807151	battle.n.01	0.872
100030814	battle.n.01	0.811
100032018	war.n.01	0.849
116809326	battlefield.n.01	None
116809726	battle.n.01	0.834
116809756	battle.n.01	0.963
100032978	conflict.n.01	0.496
100033499	battle.n.01	0.412
100036266	battle.n.01	0.753
100037238	battle.n.01	0.762
100038222	fight.n.02	0.722
100038261	battle.n.01	0.819
116818254	battle.n.01	0.832
108429659	battle.n.01	0.617
116818340	battle.n.01	0.906
100041719	battle.n.01	0.829
108430621	battle.n.01	0.644
116821961	conflict.n.01	0.62
116821975	battle.n.01	0.643
116822183	conflict.n.01	0.689
100047848	battle.n.01	0.783
100050314	battle.n.01	0.669
116831946	contest.n.02	0.82
116832002	fight.n.02	0.918
100057303	battle.n.01	0.754
100057402	battle.n.01	0.936
100057948	battle.n.01	0.85
100059768	battle.n.01	0.873
116837815	fight.n.02	0.833
100061656	battle.n.01	0.588
100062891	conflict.n.01	0.587
100065182	fight.n.02	0.714
100066105	fight.n.02	0.826
100066504	battle.n.01	0.824
116844557	battle.n.01	0.943
100068591	fight.n.02	None
100069161	combat.n.01	0.653
100069176	field.n.01	0.55
100070334	battle.n.01	0.753
100070772	battle.n.01	0.667
100071608	battle.n.01	0.892
100071980	fight.n.02	0.736
100072474	battle.n.01	0.778
100072816	fight.n.02	0.76
100074492	fight.n.02	None
100076797	battle.n.01	0.631
100077449	war.n.01	0.873
100078039	battle.n.01	0.784
100078480	battle.n.01	0.839
100079033	fight.n.02	None
100079434	fight.n.02	0.713
100080967	fight.n.02	0.8
100080976	conflict.n.01	0.829
100081077	fight.n.02	0.925
100081355	fight.n.02	None
100083302	battle.n.01	0.925
100084353	battle.n.01	0.698
100084908	battle.n.01	0.821
100085680	fight.n.02	0.716
100085728	battle.n.01	0.809
100085735	fight.n.02	0.501
100087216	fight.n.02	0.744
100088305	battle.n.01	0.638
100091738	fight.n.02	0.583
100091956	fight.n.02	0.874
100092370	fight.n.02	0.801
100092505	battle.n.01	0.847
100092930	fight.n.02	0.591
100094252	fight.n.02	0.795
100096097	fight.n.02	None
100096362	battle.n.01	0.788
100096940	fight.n.02	None
100099062	battle.n.01	0.836
100101477	battle.n.01	0.804
116881032	struggle.n.01	0.702
100105655	battle.n.01	0.778
100105786	conflict.n.01	0.496
100106633	fight.n.02	0.796
100107344	fight.n.02	0.582
100108215	battle.n.01	0.821
100113761	fight.n.02	None
116891773	battle.n.01	0.547
100116806	battle.n.01	0.662
100118777	battle.n.01	0.852
116897710	fight.n.02	0.69
116897978	fight.n.02	0.704
100124912	fight.n.02	None
116904349	victory.n.01	None
116904670	war.n.01	0.969
116906649	war.n.01	0.887
100130210	battle.n.01	0.828
100130308	battle.n.01	0.881
100131585	war.n.01	0.86
100132959	battle.n.01	0.872
116913460	battle.n.01	0.747
116915772	fight.n.02	0.569
116917286	fight.n.02	0.695
108530335	battle.n.01	0.879
116920049	war.n.01	0.95
108532018	conflict.n.01	0.622
116920908	fight.n.02	0.714
108533268	battle.n.01	0.611
108535342	battle.n.01	0.675
108535428	battle.n.01	0.938
108536028	battle.n.01	0.756
108536173	conflict.n.01	0.509
108536874	battle.n.01	0.829
108537199	battle.n.01	0.821
108540854	battle.n.01	0.922
108542656	war.n.01	0.791
108542901	battle.n.01	0.843
108543239	battle.n.01	0.764
108543715	battle.n.01	0.746
108543877	fight.n.02	0.832
108546158	battle.n.01	0.859
108548589	battle.n.01	0.81
108555364	conflict.n.01	0.737
108555645	battle.n.01	0.706
116944678	battle.n.01	0.834
116944760	fight.n.02	0.847
116944800	fight.n.02	0.96
100168593	battle.n.01	0.951
108557229	battle.n.01	0.835
108560118	battle.n.01	0.913
116949212	battle.n.01	0.664
116955412	fight.n.02	0.741
116955519	battle.n.01	0.784
116957795	battle.n.01	0.524
116958149	combatant.n.01	None
116959554	battle.n.01	0.87
116959790	fight.n.02	0.822
116959949	battle.n.01	0.835
100183051	battle.n.01	0.584
116961311	battle.n.01	0.929
108573132	fight.n.02	0.614
108573204	battle.n.01	0.919
116965303	fight.n.02	0.925
116966118	battle.n.01	0.733
116966177	battle.n.01	0.727
108579075	battle.n.01	0.769
108582794	battle.n.01	0.799
108582874	battle.n.01	0.825
108582957	battle.n.01	0.915
108583547	battle.n.01	0.704
116973026	feud.n.01	None
116973096	battle.n.01	0.717
108584842	battle.n.01	0.803
108585003	battle.n.01	0.637
108585023	battle.n.01	0.732
108586093	battle.n.01	0.943
116974905	battle.n.01	0.629
116974936	battle.n.01	0.626
108588960	battle.n.01	0.788
116977833	battle.n.01	0.754
116977923	fight.n.02	0.649
116978233	battle.n.01	0.5
116978321	fight.n.02	0.941
108590227	battle.n.01	0.878
108590311	battle.n.01	0.946
108590569	battle.n.01	0.742
116979853	battle.n.01	0.898
108591810	battle.n.01	0.713
108591903	battle.n.01	0.873
108592391	battle.n.01	0.752
108592576	battle.n.01	0.783
116982749	battle.n.01	0.815
108597419	battle.n.01	0.811
108597597	battle.n.01	0.498
108598397	battle.n.01	0.87
116989216	battle.n.01	0.913
108601134	attack.n.05	0.548
108601359	fight.n.02	0.6
108601442	battle.n.01	0.754
108601725	battle.n.01	0.843
108601900	battle.n.01	0.817
116990570	battle.n.01	0.965
108602185	battle.n.01	0.894
108602374	battle.n.01	0.822
116991026	battle.n.01	0.838
108602922	battle.n.01	0.876
116991552	battle.n.01	0.958
116992166	battle.n.01	0.912
116992330	battle.n.01	0.786
108603733	battle.n.01	0.788
116993178	battle.n.01	0.818
108606489	conflict.n.01	0.643
108606695	battle.n.01	0.739
108606816	battle.n.01	0.696
108607706	battle.n.01	0.807
108607768	battle.n.01	0.816
108607849	conflict.n.01	0.513
108608012	battle.n.01	0.769
108609005	battle.n.01	0.897
116999754	fight.n.02	0.774
117000187	battle.n.01	0.962
108612157	battle.n.01	0.937
117000946	fight.n.02	0.782
117002322	battle.n.01	0.659
117002500	battle.n.01	0.663
117002649	battle.n.01	0.827
117003223	battle.n.01	0.851
117003308	battle.n.01	0.926
117003383	battle.n.01	0.761
108615062	battle.n.01	0.86
108615198	battle.n.01	0.87
108615359	battle.n.01	0.651
117004668	battle.n.01	0.79
108616515	battle.n.01	0.921
117005207	battle.n.01	0.823
108616868	battle.n.01	0.805
117005529	battle.n.01	0.881
117006136	battle.n.01	0.503
108617717	battle.n.01	0.942
108618334	battle.n.01	0.83
108618846	battle.n.01	0.77
108621075	battle.n.01	0.903
108621102	battle.n.01	0.841
108621413	battle.n.01	0.826
108621576	battle.n.01	0.919
117011479	battle.n.01	0.684
117012767	battle.n.01	0.722
108624256	battle.n.01	0.808
108624338	battle.n.01	0.737
108624656	battle.n.01	0.685
108624720	battle.n.01	0.812
117013554	battle.n.01	0.894
108625185	battle.n.01	0.799
117013909	battle.n.01	0.898
117014515	battle.n.01	0.829
117014685	battle.n.01	0.876
108626120	battle.n.01	0.898
108626132	battle.n.01	0.882
108626239	battle.n.01	0.941
108626346	battle.n.01	0.901
108626354	battle.n.01	0.878
108626732	battle.n.01	0.916
117015439	battle.n.01	0.772
100238474	battle.n.01	0.62
117015901	battle.n.01	0.787
117015948	fight.n.02	0.735
117016023	battle.n.01	0.51
117016029	battle.n.01	0.698
117016861	battle.n.01	0.821
117016937	battle.n.01	0.718
117017010	battle.n.01	0.83
108628607	battle.n.01	0.858
117017288	battle.n.01	0.762
117017561	battle.n.01	0.863
108629253	battle.n.01	0.848
108629687	battle.n.01	0.768
117018324	battle.n.01	0.89
117018508	battle.n.01	0.789
108631876	conflict.n.01	0.544
108631952	battle.n.01	0.931
108632467	battle.n.01	0.771
100244549	battle.n.01	0.616
108633791	battle.n.01	0.879
117022878	battle.n.01	0.87
117022911	battle.n.01	0.754
100247973	conflict.n.01	0.656
100248333	war.n.01	0.758
100248350	fight.n.02	None
117026538	fight.n.02	None
100250002	battle.n.01	0.794
108638874	battle.n.01	0.741
108639172	battle.n.01	0.79
108639200	battle.n.01	0.879
117027890	fight.n.02	None
108640017	fight.n.02	0.706
117028748	battle.n.01	0.855
108640222	battle.n.01	0.826
117028841	battle.n.01	0.81
117029090	battle.n.01	0.704
117029190	battle.n.01	0.92
108641992	fight.n.02	0.634
108642056	battle.n.01	0.853
108642096	battle.n.01	0.653
108642246	battle.n.01	0.854
108642256	battle.n.01	0.814
108642648	battle.n.01	0.892
117031699	battle.n.01	0.866
108643175	battle.n.01	0.778
108643552	battle.n.01	0.785
117032343	fight.n.02	0.938
117032378	combat.n.01	0.774
108643790	battle.n.01	0.663
117032406	fight.n.02	None
117032480	battle.n.01	0.66
108643903	battle.n.01	0.816
117032524	battle.n.01	0.927
117032631	battle.n.01	0.782
117032740	battle.n.01	0.822
117032767	battle.n.01	0.505
117032795	battle.n.01	0.76
117032992	fight.n.02	0.894
117033016	battle.n.01	0.506
117033110	fight.n.02	0.619
117033323	battle.n.01	0.986
117033424	battle.n.01	0.942
108646914	battle.n.01	0.764
117035655	battle.n.01	0.571
108647262	battle.n.01	0.802
100259350	battle.n.01	0.711
100259742	conflict.n.01	0.55
100259857	fight.n.02	0.9
108648768	battle.n.01	0.892
100260674	fight.n.02	0.768
117038190	battle.n.01	0.785
100261068	struggle.n.01	0.745
117038350	battle.n.01	0.888
117038383	battle.n.01	0.754
117038415	battle.n.01	0.717
108652219	battle.n.01	0.797
108652540	conflict.n.01	0.715
117041768	battle.n.01	0.657
108654321	battle.n.01	0.91
117043958	battle.n.01	0.801
108655534	battle.n.01	0.834
117044781	fight.n.02	None
117045190	fight.n.02	None
108656585	battle.n.01	0.776
117045777	battle.n.01	0.975
117046547	battle.n.01	0.846
108658093	battle.n.01	0.695
117047138	battle.n.01	0.862
108658666	battle.n.01	0.73
108658869	battle.n.01	0.85
117047632	fight.n.02	None
108660064	battle.n.01	0.835
108660740	battle.n.01	0.762
117049470	fight.n.02	None
108661008	battle.n.01	0.883
108661027	battle.n.01	0.824
108661144	battle.n.01	0.855
108661263	battle.n.01	0.929
108661477	battle.n.01	0.925
108661691	battle.n.01	0.884
108664352	battle.n.01	0.86
117053090	battle.n.01	0.878
117053238	battle.n.01	0.942
108665378	battle.n.01	0.92
108665720	battle.n.01	0.893
108665743	battle.n.01	0.775
108667784	battle.n.01	0.776
108667851	battle.n.01	0.857
108668022	battle.n.01	0.794
108668274	battle.n.01	0.761
108668340	battle.n.01	0.734
108668372	battle.n.01	0.682
108668670	battle.n.01	0.741
108668787	battle.n.01	0.876
108668798	battle.n.01	0.807
117057410	battle.n.01	0.808
117057495	battle.n.01	0.7
108669155	battle.n.01	0.733
108669432	battle.n.01	0.933
108669750	battle.n.01	0.921
108670198	battle.n.01	0.932
108670282	battle.n.01	0.89
117059804	battle.n.01	0.75
108671539	battle.n.01	0.833
108671639	battle.n.01	0.879
117062144	battle.n.01	0.702
117064083	battle.n.01	0.891
108678427	conflict.n.01	0.65
117067456	battle.n.01	0.818
117067617	battle.n.01	0.726
117067752	fight.n.02	None
108679190	battle.n.01	0.785
117067870	battle.n.01	0.893
108679393	fight.n.02	None
108680056	battle.n.01	0.856
108680369	battle.n.01	0.921
108680376	battle.n.01	0.712
117069044	brush.n.06	0.934
108680803	battle.n.01	0.718
108681359	battle.n.01	0.747
117070527	battle.n.01	0.701
117070605	battle.n.01	0.637
108682164	battle.n.01	0.927
117072307	battle.n.01	0.918
108683713	battle.n.01	0.822
117072483	battle.n.01	0.954
108685956	fight.n.02	None
117075950	battle.n.01	0.869
117076007	battle.n.01	0.938
108687438	fight.n.02	None
108687859	battle.n.01	0.604
108688055	battle.n.01	0.918
108688134	battle.n.01	0.86
108688821	battle.n.01	0.917
108688961	battle.n.01	0.709
108689039	battle.n.01	0.887
117077980	battle.n.01	0.984
108690455	fight.n.02	None
117079940	battle.n.01	0.806
108693119	battle.n.01	0.726
108693127	battle.n.01	0.726
108693449	fight.n.02	None
108693609	battle.n.01	0.829
108693638	battle.n.01	0.727
108694246	battle.n.01	0.911
117082968	battle.n.01	0.757
108694371	battle.n.01	0.747
108694406	battle.n.01	0.805
117083163	fight.n.02	0.877
108695658	battle.n.01	0.952
108695805	battle.n.01	0.917
108695861	battle.n.01	0.621
108696550	battle.n.01	0.951
117086093	battle.n.01	0.888
117086131	battle.n.01	0.814
108697565	battle.n.01	0.69
108697655	battle.n.01	0.905
108697927	battle.n.01	0.971
108697962	victory.n.01	None
108699062	battle.n.01	0.575
108699146	battle.n.01	0.934
108699167	battle.n.01	0.896
117087978	battle.n.01	0.781
108699755	battle.n.01	0.871
108699983	battle.n.01	0.929
117088711	battle.n.01	0.955
100312122	battle.n.01	0.882
108700966	fight.n.02	None
108701125	battle.n.01	0.751
108701190	battle.n.01	0.892
108701245	battle.n.01	0.805
108701279	fight.n.02	None
108701687	battle.n.01	0.715
108701756	battle.n.01	0.715
108701837	battle.n.01	0.618
108701865	battle.n.01	0.812
108701913	battle.n.01	0.669
117090586	battle.n.01	0.906
108702392	battle.n.01	0.582
108702418	battle.n.01	0.608
108702449	battle.n.01	0.825
108702808	battle.n.01	0.942
117093833	battle.n.01	0.952
108705412	battle.n.01	0.833
108705666	contest.n.01	0.67
108705710	battle.n.01	0.629
100317306	assault.n.01	0.776
100319404	battle.n.01	0.72
100319460	battle.n.01	0.934
100319598	battle.n.01	0.532
108708437	struggle.n.01	0.523
117097056	battle.n.01	0.756
108708578	battle.n.01	0.935
117097424	battle.n.01	0.647
108709927	battle.n.01	0.954
117098972	battle.n.01	0.818
117099170	battle.n.01	0.614
117099241	battle.n.01	0.84
117099409	fight.n.02	0.573
108712137	battle.n.01	0.907
117100850	fight.n.02	None
117101099	battle.n.01	0.837
117102649	battle.n.01	0.84
117103014	battle.n.01	0.899
100325824	battle.n.01	0.794
100326952	battle.n.01	0.921
100326960	battle.n.01	0.921
100327048	fight.n.02	0.779
100327702	battle.n.01	0.774
117105319	battle.n.01	0.899
108717565	conflict.n.01	0.564
108717941	battle.n.01	0.803
117106734	battle.n.01	0.787
117106738	battle.n.01	0.787
108718220	battle.n.01	0.847
108718356	fight.n.02	None
108719049	victory.n.01	None
108719192	battle.n.01	0.848
117108148	battle.n.01	0.958
100333209	battle.n.01	0.927
117110554	fight.n.02	0.533
108722816	battle.n.01	0.795
108722848	battle.n.01	0.932
100334318	battle.n.01	0.905
108724346	battle.n.01	0.778
100336198	battle.n.01	0.611
100336785	battle.n.01	0.711
108725709	battle.n.01	0.915
108725761	battle.n.01	0.81
100338178	battle.n.01	0.883
108726838	war.n.01	0.859
108727090	battle.n.01	0.905
100339160	brush.n.06	None
100339292	fight.n.02	0.906
108728227	battle.n.01	0.885
117116883	battle.n.01	0.719
117116994	battle.n.01	0.696
100339781	battle.n.01	0.822
108728613	battle.n.01	0.858
108728621	battle.n.01	0.873
117117594	single_combat.n.01	None
108729084	battle.n.01	0.945
108729245	battle.n.01	0.947
117118039	battle.n.01	0.891
108731731	battle.n.01	0.844
108732217	battle.n.01	0.889
117121498	battle.n.01	0.865
108735264	battle.n.01	0.819
108735514	battle.n.01	0.837
117124146	battle.n.01	0.937
108735717	battle.n.01	0.856
108735759	battle.n.01	0.94
117124401	battle.n.01	0.908
100347204	battle.n.01	0.873
100347494	battle.n.01	0.811
117125050	battle.n.01	0.93
117125099	battle.n.01	0.626
108736848	battle.n.01	0.857
108736908	battle.n.01	0.839
117125643	battle.n.01	0.94
108737100	battle.n.01	0.91
108737162	battle.n.01	0.894
117125952	battle.n.01	0.767
108737652	battle.n.01	0.856
117126295	battle.n.01	0.865
100349141	battle.n.01	0.663
117126415	battle.n.01	0.854
108738246	defeat.n.01	0.985
100349872	brush.n.06	None
100350000	brush.n.06	None
100350049	brush.n.06	None
108738727	battle.n.01	0.61
108738781	battle.n.01	0.594
108738886	battle.n.01	0.834
100350553	battle.n.01	0.94
108739860	battle.n.01	0.695
108739908	battle.n.01	0.554
108740183	fight.n.02	None
108740297	battle.n.01	0.811
108740490	battle.n.01	0.714
108741136	conflict.n.01	0.516
108741212	battle.n.01	0.764
117130056	battle.n.01	0.91
108741507	fight.n.02	None
108741629	battle.n.01	0.68
117130632	battle.n.01	0.891
100353628	army.n.01	0.99
117131086	battle.n.01	0.76
117132392	battle.n.01	0.811
117132590	battle.n.01	0.804
117132676	battle.n.01	0.785
100355669	battle.n.01	0.724
100355735	battle.n.01	0.804
108744936	battle.n.01	0.614
108745949	battle.n.01	0.72
108746144	battle.n.01	0.696
108746365	battle.n.01	0.827
108747411	fight.n.02	None
108747528	battle.n.01	0.786
108748083	battle.n.01	0.672
108748134	battle.n.01	0.777
108748648	battle.n.01	0.91
108748780	battle.n.01	0.664
108748955	battle.n.01	0.911
108749073	fight.n.02	None
108749156	battle.n.01	0.957
108749583	battle.n.01	0.846
108750109	battle.n.01	0.794
108751556	victory.n.01	None
117140755	battle.n.01	0.75
100364282	battle.n.01	0.789
117142032	battle.n.01	0.87
117142173	fight.n.02	0.655
108754261	battle.n.01	0.861
117143126	fight.n.02	None
117144948	battle.n.01	0.88
108757152	battle.n.01	0.905
117145820	battle.n.01	0.981
108757285	battle.n.01	0.879
117146041	battle.n.01	0.907
117146804	battle.n.01	0.672
117147205	battle.n.01	0.896
117147676	war.n.01	0.954
117147782	battle.n.01	0.714
100370844	battle.n.01	0.818
117148221	battle.n.01	0.778
117148689	battle.n.01	0.528
117148841	battle.n.01	0.774
100371689	fight.n.02	0.896
100371989	fight.n.02	0.595
117149400	battle.n.01	0.936
117149855	battle.n.01	0.934
117149873	battle.n.01	0.977
117149912	battle.n.01	0.785
100372846	battle.n.01	0.765
100373688	battle.n.01	0.779
100373967	battle.n.01	0.517
117151571	battle.n.01	0.83
117151729	battle.n.01	0.822
100374664	battle.n.01	0.81
117152493	battle.n.01	0.774
100375286	battle.n.01	0.808
117152608	battlefield.n.01	0.729
117152850	battle.n.01	0.878
117152934	battle.n.01	0.912
108764892	victory.n.01	None
108765151	battle.n.01	0.887
117153929	combat.n.01	0.681
117154131	battle.n.01	0.887
117154464	battle.n.01	0.811
108768646	battle.n.01	0.796
108769455	battle.n.01	0.737
108769554	assault.n.01	0.926
108769598	battle.n.01	0.849
100381624	fight.n.02	0.846
100381833	fight.n.02	0.854
100382068	fight.n.02	0.796
108770914	battle.n.01	0.8
100382378	fight.n.02	0.767
100382405	fight.n.02	0.687
100382955	battle.n.01	0.849
108771601	battle.n.01	0.907
108771610	battle.n.01	0.907
100383003	conflict.n.01	0.551
100383066	battle.n.01	0.696
100383239	battle.n.01	0.716
100383277	battle.n.01	0.709
100383377	battle.n.01	0.896
108772609	battle.n.01	0.884
108772647	victory.n.01	None
108772791	battle.n.01	0.767
108772806	battle.n.01	0.939
108772852	battle.n.01	0.818
100384589	battle.n.01	0.744
108773226	conflict.n.01	0.52
108773278	battle.n.01	0.877
100384900	battle.n.01	0.736
108774554	victory.n.01	None
108775357	battle.n.01	0.74
108775498	battle.n.01	0.874
108775529	battle.n.01	0.893
100387210	battle.n.01	0.705
100387324	battle.n.01	0.555
108775943	battle.n.01	0.803
117164627	battle.n.01	0.908
100387793	conflict.n.01	0.673
100387816	battle.n.01	0.716
100388240	battle.n.01	0.692
100391379	battle.n.01	0.82
100391731	battle.n.01	0.566
100391800	battle.n.01	0.687
100391859	fight.n.02	0.906
100392146	battle.n.01	0.848
100393059	battle.n.01	0.849
100393250	battle.n.01	0.881
108781885	battle.n.01	0.85
100393285	battle.n.01	0.864
100393310	battle.n.01	0.933
100393409	battle.n.01	0.891
108782077	fight.n.02	0.532
108783983	battle.n.01	0.782
108784055	battle.n.01	0.9
108785630	battle.n.01	0.9
100398030	battle.n.01	0.632
100398835	battle.n.01	0.813
100399311	battle.n.01	0.78
100399475	battle.n.01	0.6
108789055	battle.n.01	0.73
100400640	battle.n.01	0.609
108789266	battle.n.01	0.91
100401782	battle.n.01	0.771
100402037	battle.n.01	0.813
100402127	battle.n.01	0.942
108791363	battle.n.01	0.797
117180057	battle.n.01	0.744
117180147	battle.n.01	0.537
117180386	battle.n.01	0.811
117180422	fight.n.02	0.511
117180524	victory.n.01	None
117180601	battle.n.01	0.795
108795104	battle.n.01	0.779
108795337	battle.n.01	0.753
108795460	fight.n.02	None
108795666	war.n.01	0.95
108796350	fight.n.02	None
108796522	battle.n.01	0.852
108796661	battle.n.01	0.906
108797424	battle.n.01	0.689
108797788	battle.n.01	0.874
108797907	battle.n.01	0.923
100409797	battle.n.01	0.838
100409846	battle.n.01	0.75
108798712	battle.n.01	0.883
108798921	battle.n.01	0.769
100410493	battle.n.01	0.695
100410956	battle.n.01	0.852
100411043	battle.n.01	0.81
100411088	battle.n.01	0.881
100412019	battle.n.01	0.791
100413573	battle.n.01	0.768
117190807	battle.n.01	0.958
100413794	battle.n.01	0.907
100413826	battle.n.01	0.85
100414804	conflict.n.01	0.541
108804536	battle.n.01	0.828
108804675	battle.n.01	0.853
108805028	battle.n.01	0.907
108805369	battle.n.01	0.837
100417873	battle.n.01	0.853
108807449	battle.n.01	0.81
108807728	battle.n.01	0.878
117196651	battle.n.01	0.939
108808125	battle.n.01	0.806
108809223	battle.n.01	0.916
108811144	fight.n.02	None
108811261	battle.n.01	0.846
108812562	battle.n.01	0.795
108815438	battle.n.01	0.847
100426952	battle.n.01	0.689
108815576	battle.n.01	0.563
108815608	battle.n.01	0.764
108815690	battle.n.01	0.499
108816166	battle.n.01	0.622
108816457	battle.n.01	0.8
117205091	battle.n.01	0.923
117206191	battle.n.01	0.844
117206504	battle.n.01	0.86
117206523	battle.n.01	0.735
117206545	battle.n.01	0.693
117206740	battle.n.01	0.899
117206774	battle.n.01	0.739
117207108	battle.n.01	0.632
100430086	battle.n.01	0.789
117207837	battle.n.01	0.938
100430671	battle.n.01	0.877
108819445	battle.n.01	0.765
117208217	battle.n.01	0.958
100431169	battle.n.01	0.847
117208394	battle.n.01	0.767
108820251	battle.n.01	0.845
108820332	battle.n.01	0.523
100431766	battle.n.01	0.879
117208989	battle.n.01	0.591
100431785	battle.n.01	0.879
108820682	battle.n.01	0.742
117209686	battle.n.01	0.826
100432620	battle.n.01	0.567
108821578	battle.n.01	0.835
117210729	battlefield.n.01	None
108822214	battle.n.01	0.802
108822506	battle.n.01	0.926
100434115	battle.n.01	0.904
117211920	battle.n.01	0.853
117212000	battle.n.01	0.751
117212119	battle.n.01	0.807
117212548	battle.n.01	0.912
117212606	battle.n.01	0.864
108824228	battle.n.01	0.872
100436104	battlefield.n.01	0.521
100436386	battle.n.01	0.898
100436559	battle.n.01	0.568
100436691	battle.n.01	0.719
108825504	battle.n.01	0.91
108827067	battle.n.01	0.827
100438698	battle.n.01	0.62
108827923	battle.n.01	0.969
100439359	battle.n.01	0.722
108828015	battle.n.01	0.902
100439458	fight.n.02	0.651
108828405	battle.n.01	0.796
100439925	battle.n.01	0.829
100439959	battle.n.01	0.803
108830036	battle.n.01	0.525
117218757	battle.n.01	0.772
108830184	battle.n.01	0.719
108830316	battle.n.01	0.881
117219083	battle.n.01	0.509
108830722	battle.n.01	0.724
108830788	battle.n.01	0.74
108830794	battle.n.01	0.765
100442421	fight.n.02	0.747
108831093	battle.n.01	0.748
108831123	battle.n.01	0.926
108831666	battle.n.01	0.793
108832856	battle.n.01	0.728
108834915	fight.n.02	None
108836878	battle.n.01	0.928
108836900	battle.n.01	0.899
108836956	fight.n.02	None
108837143	battle.n.01	0.646
108837401	battle.n.01	0.717
108837734	victory.n.01	None
117228949	fight.n.02	0.716
108842372	battle.n.01	0.804
108842987	struggle.n.01	0.735
117232628	fight.n.02	None
108844029	battle.n.01	0.677
100455474	battle.n.01	0.673
108844397	battle.n.01	0.824
108844672	battle.n.01	0.836
108844751	battle.n.01	0.905
108844821	battle.n.01	0.636
108844853	battle.n.01	0.583
108844982	battle.n.01	0.881
117233896	battle.n.01	0.793
117233946	battle.n.01	0.892
117234462	battle.n.01	0.783
117234476	battle.n.01	0.737
108846241	battle.n.01	0.873
117235168	battle.n.01	0.892
108848469	battle.n.01	0.785
108848599	war.n.01	0.938
108848762	battle.n.01	0.627
108849220	battle.n.01	0.648
100460718	battle.n.01	0.824
100460734	battle.n.01	0.863
108849694	battle.n.01	0.873
100461119	battle.n.01	0.79
108849764	battle.n.01	0.872
108849791	victory.n.01	None
100461289	battle.n.01	0.816
108850167	battle.n.01	0.689
108850411	battle.n.01	0.934
100463160	battle.n.01	0.792
108851878	battle.n.01	0.936
100464497	battle.n.01	0.734
100466671	war.n.01	0.864
108856081	battle.n.01	0.938
108856830	battle.n.01	0.896
108857096	battle.n.01	0.786
108857108	battle.n.01	0.786
108857242	battle.n.01	0.86
108857273	battle.n.01	0.87
108859497	battle.n.01	0.884
108861807	battle.n.01	0.898
108861944	fight.n.02	None
108861970	battle.n.01	0.84
108861990	battle.n.01	0.873
108862058	battle.n.01	0.957
108864572	battle.n.01	0.895
100476027	brush.n.06	None
108865714	war.n.01	0.794
108870378	battle.n.01	0.913
108870399	battle.n.01	0.848
108870475	battle.n.01	0.909
108870683	battle.n.01	0.724
108871041	battle.n.01	0.918
108871087	battle.n.01	0.894
108871241	battle.n.01	0.753
108871293	battle.n.01	0.875
108871552	battle.n.01	0.761
108871673	battle.n.01	0.761
108871900	battle.n.01	0.788
108872027	battle.n.01	0.903
108872120	fight.n.02	None
108872365	battle.n.01	0.957
108872410	battle.n.01	0.679
108873409	battle.n.01	0.881
108874668	battle.n.01	0.907
108875520	battle.n.01	0.903
108875847	battle.n.01	0.77
108876037	battle.n.01	0.768
108876638	battle.n.01	0.887
108878182	battle.n.01	0.81
108878956	battle.n.01	0.769
108879096	battle.n.01	0.733
108881790	battle.n.01	0.951
108881874	battle.n.01	0.854
108881920	battle.n.01	0.906
108883021	battle.n.01	0.906
108883059	battle.n.01	0.948
108885667	battle.n.01	0.863
108885693	battle.n.01	0.865
108886100	battle.n.01	0.74
108886327	battle.n.01	0.82
108886724	battle.n.01	0.944
108886803	battle.n.01	0.827
108893408	battle.n.01	0.857
108893612	fight.n.02	None
108893831	battle.n.01	0.769
100505535	fight.n.02	0.548
108894299	battle.n.01	0.784
108894316	battle.n.01	0.934
108894502	battle.n.01	0.858
100505934	battle.n.01	0.702
100506386	fight.n.02	0.834
100506596	affray.n.02	None
100507440	battle.n.01	0.877
108902490	battle.n.01	0.893
108902618	battle.n.01	0.828
108902700	battle.n.01	0.788
108903454	battle.n.01	0.679
108903475	battle.n.01	0.87
108903734	battle.n.01	0.711
108904044	battle.n.01	0.56
108904119	battle.n.01	0.56
108904452	battle.n.01	0.856
108904786	battle.n.01	0.864
108905790	war.n.01	0.918
108909117	battle.n.01	0.827
108909246	battle.n.01	0.78
108909359	battle.n.01	0.792
108909540	battle.n.01	0.806
108909669	battle.n.01	0.764
108909745	battle.n.01	0.897
108909816	battle.n.01	0.765
108910685	battle.n.01	0.802
108911256	battle.n.01	0.706
108911328	battle.n.01	0.843
108911422	battle.n.01	0.899
108911440	battle.n.01	0.865
108911616	battle.n.01	0.929
100523014	weapon.n.01	0.675
108911772	battle.n.01	0.863
100523335	battle.n.01	0.875
108911944	battle.n.01	0.862
108911975	battle.n.01	0.849
108912060	battle.n.01	0.839
108912121	battle.n.01	0.822
108912557	battle.n.01	0.753
108912617	battle.n.01	0.796
108912637	battle.n.01	0.891
108916565	battle.n.01	0.925
108918096	battle.n.01	0.856
108919750	battle.n.01	0.721
108919787	battle.n.01	0.914
108920395	battle.n.01	0.759
108922334	battle.n.01	0.889
117313550	fight.n.04	0.557
100540356	battle.n.01	0.672
100540551	battle.n.01	0.725
100541958	affray.n.02	None
100541978	affray.n.02	None
100545900	battle.n.01	0.749
100546044	battle.n.01	0.802
108940308	battle.n.01	0.678
100552235	battle.n.01	0.757
108941465	battle.n.01	0.814
108942337	battle.n.01	0.689
108948435	battle.n.01	0.806
108948541	battle.n.01	0.749
100560976	conflict.n.01	0.521
108950087	battle.n.01	0.678
108950570	battle.n.01	0.711
108953422	battle.n.01	0.697
108953513	battle.n.01	0.753
117345189	battle.n.01	0.82
108957081	battle.n.01	0.928
108957121	battle.n.01	0.909
108957166	battle.n.01	0.875
108957287	battle.n.01	0.714
108957852	battle.n.01	0.76
100570341	strife.n.02	0.805
117347787	battle.n.01	0.782
117348910	fight.n.02	None
108961318	battle.n.01	0.871
108964638	battle.n.01	0.84
100580384	battle.n.01	0.936
108969782	battle.n.01	0.647
108970070	battle.n.01	0.708
108970198	battle.n.01	0.876
108970203	battle.n.01	0.882
117361119	conflict.n.01	0.454
108976121	battle.n.01	0.779
108976193	battle.n.01	0.78
108976254	battle.n.01	0.769
108976348	battle.n.01	0.753
108978476	battle.n.01	0.9
117377440	battle.n.01	0.685
100601070	battle.n.01	0.623
108989884	battle.n.01	0.928
108991820	battle.n.01	0.846
108995481	battle.n.01	0.883
100607491	battle.n.01	0.643
108996510	battle.n.01	0.883
108996827	battle.n.01	0.807
108997546	battle.n.01	0.784
108998013	battle.n.01	0.879
100610016	battle.n.01	0.595
108999128	fight.n.02	None
100610665	battle.n.01	0.82
100611127	battle.n.01	0.554
109000695	battle.n.01	0.474
109001285	battle.n.01	0.897
109001357	army.n.01	0.994
109001527	battle.n.01	0.905
109002025	battle.n.01	0.807
100613682	battle.n.01	0.799
109002340	battle.n.01	0.976
100614560	battle.n.01	0.752
100615402	battle.n.01	0.777
100615587	conflict.n.01	0.485
109004295	battle.n.01	0.901
109004633	battle.n.01	0.774
100616073	war.n.01	0.841
109004690	battle.n.01	0.898
100616504	war.n.01	0.924
109008618	battle.n.01	0.598
109008839	battle.n.01	0.776
109010092	battle.n.01	0.941
109010288	battle.n.01	0.747
109012990	battle.n.01	0.94
109013024	battle.n.01	0.885
109013037	battle.n.01	0.907
109013045	battle.n.01	0.868
109016104	battle.n.01	0.859
109016234	battle.n.01	0.973
109017539	battle.n.01	0.801
109017565	battle.n.01	0.721
109017702	battle.n.01	0.947
109018193	battle.n.01	0.613
109019004	battle.n.01	0.966
109019129	battle.n.01	0.764
109020335	battle.n.01	0.744
109020446	battle.n.01	0.95
100634381	conflict.n.01	0.73
109023806	battle.n.01	0.793
100635869	conflict.n.01	0.566
109026371	battle.n.01	0.848
109026436	battle.n.01	0.701
109029657	battle.n.01	0.838
100641862	blow.n.01	0.544
109037086	conflict.n.01	0.529
100649498	battle.n.01	0.581
100649697	conflict.n.01	0.585
100649720	war.n.01	0.769
100651830	battle.n.01	0.596
109041208	battle.n.01	0.841
100652926	conflict.n.01	0.421
109044261	battle.n.01	0.877
109044338	battle.n.01	0.753
109049392	battle.n.01	0.896
109049754	battle.n.01	0.792
100662242	brush.n.06	0.568
