109061647	hill.n.01	0.996
109063224	hill.n.01	0.996
109070258	hill.n.01	0.998
117463147	mountain.n.01	0.991
117463787	mountain.n.01	0.996
100694894	mountain.n.01	0.975
117491143	mountain.n.01	0.937
117505479	mountain.n.01	0.992
109128633	mountain.n.01	0.984
117541192	mountain.n.01	0.991
117542752	mountain.n.01	0.921
117552277	mountain.n.01	0.962
117553877	mountain.n.01	0.992
117566943	mountain.n.01	0.939
117575059	hill.n.01	0.99
117575133	mountain.n.01	0.982
117576033	mountain.n.01	0.987
117576041	hill.n.01	0.995
109192310	mountain.n.01	0.988
117582254	hill.n.01	0.99
117582475	mountain.n.01	0.983
117582970	mountain.n.01	0.997
117582987	mountain.n.01	0.908
117583040	mountain.n.01	0.989
117583051	mountain.n.01	0.989
117583100	mountain.n.01	0.991
117583161	mountain.n.01	0.981
117583178	mountain.n.01	0.995
117583291	mountain.n.01	0.994
100807492	hill.n.01	0.997
117596426	hill.n.01	0.956
100819856	hill.n.01	0.993
117600952	mountain.n.01	0.983
100823742	mountain.n.01	0.992
117602564	mountain.n.01	0.957
100826669	hill.n.01	0.997
100829154	hill.n.01	0.982
117620521	hill.n.01	0.989
117625086	mountain.n.01	0.709
100851293	saddle_horse.n.01	0.525
117633261	hill.n.01	0.978
100866752	mountain.n.01	0.978
109255479	mountain.n.01	0.997
109255563	mountain.n.01	0.994
100869529	mountain.n.01	0.987
100870556	hill.n.01	0.996
100870604	hill.n.01	0.998
100870689	altitude.n.01	0.866
100870697	altitude.n.01	0.866
100870736	hill.n.01	0.996
100871571	forest.n.02	None
100871618	mountain.n.01	0.991
100872221	grove.n.02	0.646
109261701	mountain.n.01	0.995
100873888	mountain.n.01	0.985
100875156	mountain.n.01	0.986
100875448	mountain.n.01	0.99
100875640	mountain.n.01	0.984
100876725	mountain.n.01	0.994
100876747	hill.n.01	0.998
100877207	mountain.n.01	0.992
100877612	hill.n.01	0.995
100879939	mountain.n.01	0.991
100880275	mountain.n.01	0.989
100880643	hill.n.01	0.998
109270415	mountain.n.01	0.984
100885893	mountain.n.01	0.991
100886621	mountain.n.01	0.994
100891115	mountain.n.01	0.986
100892480	mountain.n.01	0.989
100896865	mountain.n.01	0.992
100897656	mountain.n.01	0.984
100897700	mountain.n.01	0.991
100897780	mountain.n.01	0.989
100897990	mountain.n.01	0.985
100898308	mountain.n.01	0.98
100899118	mountainside.n.01	None
100901467	mountain.n.01	0.966
100907409	hill.n.01	0.998
100909449	mountain.n.01	0.985
109299011	hill.n.01	0.996
100911961	mountain.n.01	0.988
100914626	mountain.n.01	0.983
100914825	mountain.n.01	0.982
100914907	mountain.n.01	0.985
100914917	mountain.n.01	0.985
100914970	mountain.n.01	0.991
100914996	mountain.n.01	0.985
100915128	mountain.n.01	0.985
100915453	mountain.n.01	0.992
100915468	mountain.n.01	0.994
100917718	hill.n.01	1.0
100917739	hill.n.01	1.0
100917759	hill.n.01	0.999
100917850	hill.n.01	0.995
100925034	mountain.n.01	0.992
100928039	mountain.n.01	0.989
100928075	hill.n.01	0.995
100932844	mountain.n.01	0.982
117710412	mountain.n.01	0.99
100937105	mountain.n.01	0.989
100938443	mountain.n.01	0.987
100938454	mountain.n.01	0.99
100938478	hill.n.01	0.996
100938515	promontory.n.01	None
100942449	promontory.n.01	None
100942480	mountain.n.01	0.987
100950306	hill.n.01	0.998
100957031	mountain.n.01	0.979
100957037	mountain.n.01	0.992
100958731	cliff.n.01	None
100959219	mountain.n.01	0.994
100959225	mountain.n.01	0.994
100959268	mountain.n.01	0.987
100959332	mountain.n.01	0.989
109354035	mountain.n.01	0.987
100966069	mountain.n.01	0.993
100968635	mountain.n.01	0.996
100968906	mountain.n.01	0.988
100968930	mountain.n.01	0.99
100971026	hill.n.01	0.996
100971919	mountain.n.01	0.982
109361386	mountain.n.01	0.987
100988686	mountain.n.01	0.997
100989791	mountain.n.01	0.79
100992633	mountain.n.01	0.987
100992709	mountain.n.01	0.991
100992911	mountain.n.01	0.996
109387947	mountain.n.01	0.993
101005365	mountain.n.01	0.995
109399860	mountain.n.01	0.994
101013191	hill.n.01	0.934
101019597	mountain.n.01	0.988
101020666	mountain.n.01	0.992
101029907	mountain.n.01	0.996
101029928	mountain.n.01	0.985
101032398	mountain.n.01	0.981
101035774	mountain.n.01	0.993
101039416	mountain.n.01	0.992
101039448	mountain.n.01	0.985
101039514	range.n.04	0.954
101039592	range.n.04	0.935
101039777	range.n.04	0.886
101041013	mountain.n.01	0.983
101041168	mountain.n.01	0.989
101041181	mountain.n.01	0.968
101041221	mountain.n.01	0.986
101041265	mountain.n.01	0.983
101041413	mountain.n.01	0.986
101041519	mountain.n.01	0.981
101041575	mountain.n.01	0.988
101047833	mountain.n.01	0.997
101048263	mountain.n.01	0.995
101050964	mountain.n.01	0.991
101051062	hill.n.01	0.998
101051083	mountain.n.01	0.978
101051107	mountain.n.01	0.983
101052574	mountain.n.01	0.994
101052738	mountain.n.01	0.994
101052814	mountain.n.01	0.989
101052916	mountain.n.01	0.996
101052935	mountain.n.01	0.99
101052993	mountain.n.01	0.993
101053019	mountain.n.01	0.986
101053056	mountain.n.01	0.988
101053078	mountain.n.01	0.987
101053181	mountain.n.01	0.989
101053220	mountain.n.01	0.992
101053696	mountain.n.01	0.994
101053839	mountain.n.01	0.992
101066031	mountain.n.01	0.995
101069773	mountain.n.01	0.99
101071992	hill.n.01	0.999
101072673	mountain.n.01	0.995
101086581	mountain.n.01	0.993
101087911	hill.n.01	0.998
101150537	mountain.n.01	0.992
117946176	forest.n.01	0.579
117946444	hill.n.01	0.996
117949075	mountain.n.01	0.853
117958308	mountain.n.01	0.98
117959224	mountain.n.01	0.988
117959525	mountain.n.01	0.99
101183562	mountain.n.01	0.979
101184369	mountain.n.01	0.981
117964395	mountain.n.01	0.987
117965749	mountain.n.01	0.994
117966105	mountain.n.01	0.989
101200816	wild.n.01	0.767
101205311	mountain.n.01	0.989
117987063	mountain.n.01	0.99
101211770	mountain.n.01	0.983
118008334	mountain.n.01	0.958
118008597	mountain.n.01	0.991
118014725	mountain.n.01	0.974
109693418	mountain.n.01	0.985
109693728	mountain.n.01	0.986
109698993	mountain.n.01	0.98
101311303	mountain.n.01	0.993
101315507	mountain.n.01	0.985
101320244	mountain.n.01	0.988
101320330	mountain.n.01	0.991
101320341	mountain.n.01	0.993
101320404	mountain.n.01	0.983
101320424	mountain.n.01	0.981
101320495	mountain.n.01	0.993
109710298	mountain.n.01	0.995
109711744	mountain.n.01	0.989
109711753	mountain.n.01	0.986
109711779	mountain.n.01	0.99
109711823	mountain.n.01	0.993
109711839	mountain.n.01	0.99
101324253	mountain.n.01	0.986
101333213	mountain.n.01	0.993
101345619	mountain.n.01	0.982
101345674	mountain.n.01	0.99
101345844	mountain.n.01	0.985
101345869	mountain.n.01	0.987
101350379	mountain.n.01	0.966
101356039	mountain.n.01	0.986
101356124	mountain.n.01	0.961
101359723	mountain.n.01	0.984
101359748	mountain.n.01	0.99
109772557	mountain.n.01	0.987
101384122	mountain.n.01	0.978
101384146	mountain.n.01	0.981
101384217	mountain.n.01	0.987
109783212	mountain.n.01	0.973
118172877	mountain.n.01	0.976
118175296	mountain.n.01	0.994
118178594	mountain.n.01	0.973
118180904	mountain.n.01	0.995
109797151	mountain.n.01	0.994
109797181	mountain.n.01	0.989
109797903	mountain.n.01	0.986
109798955	hill.n.01	0.996
109810498	mountain.n.01	0.995
101438782	mountain.n.01	0.987
101438807	mountain.n.01	0.989
101438924	mountain.n.01	0.99
101438963	mountain.n.01	0.99
109839968	mountain.n.01	0.992
101452975	mountain.n.01	0.989
101461084	mountain.n.01	0.986
101461329	mountain.n.01	0.994
101461490	mountain.n.01	0.974
101461538	mountain.n.01	0.99
101461877	mountain.n.01	0.987
101462005	mountain.n.01	0.968
101462078	mountain.n.01	0.99
101462646	mountain.n.01	0.988
101462960	mountain.n.01	0.986
101462976	mountain.n.01	0.993
101463053	mountain.n.01	0.985
101463101	mountain.n.01	0.986
101463321	mountain.n.01	0.995
101463399	mountain.n.01	0.979
101463417	mountain.n.01	0.987
101463590	mountain.n.01	0.99
101463930	mountain.n.01	0.982
101465208	mountain.n.01	0.988
101465405	mountain.n.01	0.974
101465637	mountain.n.01	0.992
101466179	mountain.n.01	0.991
101466239	mountain.n.01	0.992
101466278	mountain.n.01	0.989
101466681	mountain.n.01	0.99
101467273	mountain.n.01	0.992
101467392	mountain.n.01	0.994
101467437	mountain.n.01	0.991
101469281	mountain.n.01	0.985
101469313	mountain.n.01	0.991
101469415	mountain.n.01	0.986
101469444	mountain.n.01	0.993
101469548	mountain.n.01	0.981
101469635	mountain.n.01	0.863
101469710	mountain.n.01	0.974
101469736	mountain.n.01	0.99
101469750	mountain.n.01	0.982
101469887	mountain.n.01	0.991
101469901	mountain.n.01	0.99
101469927	mountain.n.01	0.989
101469945	mountain.n.01	0.994
101470970	mountain.n.01	0.982
101470989	mountain.n.01	0.992
101471547	mountain.n.01	0.981
101471575	mountain.n.01	0.971
101471617	mountain.n.01	0.987
101471998	mountain.n.01	0.978
101472271	mountain.n.01	0.982
101475042	hill.n.01	0.997
101477645	mountain.n.01	0.966
101477668	mountain.n.01	0.991
101477751	mountain.n.01	0.984
101479790	mountain.n.01	0.989
101485382	ridge.n.01	0.607
101487242	mountain.n.01	0.968
101487994	mountain.n.01	0.989
101494766	mountain.n.01	0.987
101495186	mountain.n.01	0.992
101495228	mountain.n.01	0.972
101495268	mountain.n.01	0.977
101495447	mountain.n.01	0.992
101495469	peak.n.04	0.997
101495496	mountain.n.01	0.989
101495563	mountain.n.01	0.992
101495607	mountain.n.01	0.989
101495900	mountain.n.01	0.988
101495972	mountain.n.01	0.974
101507871	mountain.n.01	0.991
109902398	mountain.n.01	0.984
118293638	mountain.n.01	0.975
101524009	mountain.n.01	0.989
101524672	mountain.n.01	0.99
101524816	altitude.n.01	0.958
101524841	mountain.n.01	0.992
101524974	mountain.n.01	0.995
101525091	mountain.n.01	0.993
101525145	mountain.n.01	0.989
101525235	mountain.n.01	0.986
101525466	mountain.n.01	0.987
101525622	mountain.n.01	0.994
101525694	mountain.n.01	0.977
101528950	mountain.n.01	0.984
101528971	mountain.n.01	0.981
101529120	mountain.n.01	0.984
101530168	mountain.n.01	0.983
118312170	mountain.n.01	0.99
118314584	mountain.n.01	0.992
118315056	mountain.n.01	0.994
118317358	mountain.n.01	0.992
118320463	mountain.n.01	0.984
118323198	mountain.n.01	0.993
109934619	mountain.n.01	0.995
118323375	mountain.n.01	0.981
101548288	mountain.n.01	0.981
118325860	boundary.n.01	0.485
109938530	mountain.n.01	0.986
118328716	mountain.n.01	0.984
118337543	mountain.n.01	0.99
118338660	mountain.n.01	0.987
118342011	hill.n.01	0.994
118342120	hill.n.01	0.97
118343042	mountain.n.01	0.989
118343298	mountain.n.01	0.973
118343553	mountain.n.01	0.974
109955304	mountain.n.01	0.966
109955696	hill.n.01	0.993
109965910	mountain.n.01	0.986
118356996	mule.n.01	1.0
109984810	mountain.n.01	0.99
109984824	batch.n.02	0.797
109985377	spring.n.03	0.769
118376604	mountain.n.01	0.984
109989591	mountain.n.01	0.997
109989598	mountain.n.01	0.985
109989679	mountain.n.01	0.996
101603233	mountain.n.01	0.99
101604345	hill.n.01	0.997
101613183	hill.n.01	0.961
110009401	mountain.n.01	0.98
110009583	mountain.n.01	0.992
110011873	mountain.n.01	0.992
110012754	mountain.n.01	0.996
110012766	mountain.n.01	0.976
110012979	mountain.n.01	0.99
110014725	mountain.n.01	0.991
110016175	mountain.n.01	0.995
118406223	mountain.n.01	0.983
101635364	mountain.n.01	0.942
101635462	mountain.n.01	0.989
101635473	mountain.n.01	0.991
101636138	mountain.n.01	0.989
101636449	mountain.n.01	0.993
101636673	mountain.n.01	0.965
101638291	mountain.n.01	0.991
101639330	mountain.n.01	0.993
101640053	mountain.n.01	0.989
101640348	mountain.n.01	0.988
101640372	mountain.n.01	0.984
101642042	range.n.04	None
101642056	mountain.n.01	0.99
110033781	mountain.n.01	0.985
110033857	mountain.n.01	0.986
110034317	mountain.n.01	0.986
110036386	mountain.n.01	0.988
118427426	mountain.n.01	0.992
118430046	mountain.n.01	0.988
110042945	valley.n.01	None
101654594	mountain.n.01	0.99
110043220	mountain.n.01	0.992
110044355	mountain.n.01	0.975
101656255	mountain.n.01	0.989
118433733	mountain.n.01	0.981
101656683	mountain.n.01	0.991
110047623	hill.n.01	0.997
110047659	hill.n.01	0.996
118437200	mountain.n.01	0.994
101660137	mountain.n.01	0.979
110052851	hill.n.01	0.997
101665819	mountain.n.01	0.984
101671032	mountain.n.01	0.982
118450481	mountain.n.01	0.986
118450488	mountain.n.01	0.994
110065738	hill.n.01	0.996
110066014	mountain.n.01	0.983
110068931	mountain.n.01	0.953
118462512	mountain.n.01	0.987
110074223	hill.n.01	0.992
110074314	hill.n.01	0.991
110075914	hill.n.01	0.954
118464593	mountain.n.01	0.977
110076229	hill.n.01	0.995
110078389	mountain.n.01	0.971
110078409	hill.n.01	0.992
110078713	mountain.n.01	0.976
110078798	hill.n.01	0.993
110079529	mountain.n.01	0.989
110081627	mountain.n.01	0.973
110088230	mountain.n.01	0.992
110088303	mountain.n.01	0.991
110088418	mountain.n.01	0.995
110091318	mountain.n.01	0.994
110091668	mountain.n.01	0.977
110091856	hill.n.01	0.989
110093946	mountain.n.01	0.994
110099425	mountain.n.01	0.994
110100165	mountain.n.01	0.993
110101146	mountain.n.01	0.995
110101384	mountain.n.01	0.966
110101824	mountain.n.01	0.985
118492148	mountain.n.01	0.993
110103545	mountain.n.01	0.999
110103980	mountain.n.01	0.959
101717084	mountain.n.01	0.992
110106102	mountain.n.01	0.996
110106322	mountain.n.01	0.989
118495343	mountain.n.01	0.991
101719609	mountain.n.01	0.985
110108373	mountain.n.01	0.999
110110727	mountain.n.01	0.995
110112450	mountain.n.01	0.992
110113721	mountain.n.01	0.989
110113817	mountain.n.01	0.989
110115354	mountain.n.01	0.992
110117045	mountain.n.01	0.997
110117170	mountain.n.01	0.996
118507343	mountain.n.01	0.941
110119037	mountain.n.01	0.998
110119463	mountain.n.01	0.968
110120662	mountain.n.01	0.996
110120905	mountain.n.01	0.992
110121817	mountain.n.01	0.999
110126199	mountain.n.01	0.973
118515108	mountain.n.01	0.972
110127299	hill.n.01	0.996
110128739	mountain.n.01	0.993
110131353	mountain.n.01	0.99
110132470	mountain.n.01	0.992
110132659	mountain.n.01	0.995
110141262	mountain.n.01	0.999
110141393	mountain.n.01	0.994
110142778	mountain.n.01	0.984
110143086	mountain.n.01	0.997
110143790	mountain.n.01	0.998
101755320	mountain.n.01	0.986
110144881	mountain.n.01	0.97
110148816	mountain.n.01	0.966
110148851	mountain.n.01	0.989
110150458	mountain.n.01	0.992
110150692	mountain.n.01	0.987
110152822	mountain.n.01	0.999
110164599	mountain.n.01	0.999
110198976	mountain.n.01	0.915
110225148	mountain.n.01	0.928
110227254	mountain.n.01	0.99
110227671	mountain.n.01	0.986
110232615	mountain.n.01	0.994
110239935	mountain.n.01	0.987
110239976	mountain.n.01	0.983
110239981	mountain.n.01	0.988
110240659	mountain.n.01	0.942
118630699	mountain.n.01	0.992
118630791	mountain.n.01	0.99
118630825	mountain.n.01	0.984
118631235	mountain.n.01	0.994
110243276	mountain.n.01	0.995
118631976	hill.n.01	0.997
110244607	mountain.n.01	0.98
110244910	mountain.n.01	0.815
110247174	mountain.n.01	0.985
118638042	hill.n.01	0.99
118638653	mountain.n.01	0.994
118639391	plain.n.01	1.0
118639429	mountain.n.01	0.991
118641325	mountain.n.01	0.988
118641337	mountain.n.01	0.992
118644594	mountain.n.01	0.993
118645002	mountain.n.01	0.993
118646060	mountain.n.01	0.993
118646985	mountain.n.01	0.992
118647021	mountain.n.01	0.988
118649856	mountain.n.01	0.988
118650996	mountain.n.01	0.99
118654687	mountain.n.01	0.996
118657900	mountain.n.01	0.994
118657966	mountain.n.01	0.988
118658025	mountain.n.01	0.993
118658081	mountain.n.01	0.977
118658513	mountain.n.01	0.989
118658521	mountain.n.01	0.979
118658571	mountain.n.01	0.988
118660056	mountain.n.01	0.989
118660699	mountain.n.01	0.993
118662297	mountain.n.01	0.994
118662308	mountain.n.01	0.981
118663366	mountain.n.01	0.993
118664423	mountain.n.01	0.99
118664524	mountain.n.01	0.994
118682042	mountain.n.01	0.99
118682054	mountain.n.01	0.99
118684309	mountain.n.01	0.992
118684319	mountain.n.01	0.985
118687081	mountain.n.01	0.977
118689959	mountain.n.01	0.993
118689994	altitude.n.01	0.862
118690025	mountain.n.01	0.988
118725103	mountain.n.01	0.981
118758775	mountain.n.01	0.989
118758919	mountain.n.01	0.988
118759044	mountain.n.01	0.99
118759089	mountain.n.01	0.988
118759147	mountain.n.01	0.99
118759169	mountain.n.01	0.989
118759345	mountain.n.01	0.995
118759591	mountain.n.01	0.989
118759909	mountain.n.01	0.994
118760352	mountain.n.01	0.988
118760561	mountain.n.01	0.985
118760698	mountain.n.01	0.991
118760847	mountain.n.01	0.995
118760885	mountain.n.01	0.991
118760992	mountain.n.01	0.991
118762482	mountain.n.01	0.992
118762836	mountain.n.01	0.991
118763899	hill.n.01	0.997
118771462	mountain.n.01	0.994
118771521	mountain.n.01	0.993
118771595	mountain.n.01	0.994
118771781	mountain.n.01	0.993
118771855	mountain.n.01	0.983
118771981	mountain.n.01	0.99
118772053	mountain.n.01	0.986
118772507	mountain.n.01	0.982
118772512	mountain.n.01	0.995
118772563	mountain.n.01	0.992
118787792	hill.n.01	0.998
118794512	mountain.n.01	0.986
118797843	mountain.n.01	0.988
118797940	mountain.n.01	0.988
118797962	mountain.n.01	0.942
118798007	mountain.n.01	0.993
118815939	mountain.n.01	0.992
118815953	mountain.n.01	0.988
118815980	mountain.n.01	0.991
118816016	hill.n.01	0.999
118816260	hill.n.01	0.997
118816323	mountain.n.01	0.981
118816394	mountain.n.01	0.982
118816405	mountain.n.01	0.991
118816443	mountain.n.01	0.99
118828630	mountain.n.01	0.992
118868735	mountain.n.01	0.988
118868764	mountain.n.01	0.976
118868989	mountain.n.01	0.972
118886258	mountain.n.01	0.992
118891381	mound.n.04	0.813
118896068	mountain.n.01	0.996
118902135	mountain.n.01	0.99
118904952	mountain.n.01	0.992
118929075	mountain.n.01	0.984
102157485	mountain.n.01	0.991
102157534	mountain.n.01	0.987
118944082	mountain.n.01	0.978
102182595	mountain.n.01	0.99
102183980	mountain.n.01	0.986
102184000	mountain.n.01	0.979
102184013	mountain.n.01	0.984
102184796	mountain.n.01	0.991
102185379	mountain.n.01	0.987
102186599	mountain.n.01	0.975
102186649	mountain.n.01	0.98
102186797	mountain.n.01	0.991
102186861	mountain.n.01	0.99
102186961	mountain.n.01	0.981
102209786	mountain.n.01	0.991
102210378	mountain.n.01	0.983
118989006	hill.n.01	0.994
102218694	mountain.n.01	0.978
119006248	mountain.n.01	0.978
119008939	mountain.n.01	0.758
119009300	mountain.n.01	0.976
119010325	mountain.n.01	0.974
119010359	mountain.n.01	0.98
119010400	mountain.n.01	0.943
119010593	mountain.n.01	0.98
119010621	mountain.n.01	0.974
119013956	mountain.n.01	0.881
119014154	mountain.n.01	0.946
102237572	mountain.n.01	0.988
119015070	hill.n.01	0.991
119015678	hill.n.01	0.97
119021172	mountain.n.01	0.945
119024444	mountain.n.01	0.994
119024492	mountain.n.01	0.99
119027057	mountain.n.01	0.981
119028680	mountain.n.01	0.881
119029387	mountain.n.01	0.989
119030213	mountain.n.01	0.993
119031685	mountain.n.01	0.991
119036192	mountain.n.01	0.99
102259982	mountain.n.01	0.99
102262013	hill.n.01	0.994
119040203	mountain.n.01	0.981
119042317	hill.n.01	0.926
119043102	hill.n.01	0.999
119046831	mountain.n.01	0.884
119046838	mountain.n.01	0.967
119046866	mountain.n.01	0.983
119051027	mountain.n.01	0.972
119055895	spring.n.03	0.832
119057500	mountain.n.01	0.982
119058260	mountain.n.01	0.985
119058308	mountain.n.01	0.975
119058578	mountain.n.01	0.969
119059276	mountain.n.01	0.98
119066899	hill.n.01	0.998
119067715	mountain.n.01	0.991
119067887	mountain.n.01	0.993
119069452	mountain.n.01	0.991
119070966	mountain.n.01	0.991
119078802	mountain.n.01	0.982
119079976	mountain.n.01	0.996
119080416	hill.n.01	0.995
119080515	mountain.n.01	0.989
119083539	mountain.n.01	0.991
119083847	mountain.n.01	0.983
119083867	hill.n.01	0.987
119085362	mountain.n.01	0.991
119086259	mountain.n.01	0.99
119089271	mountain.n.01	0.992
119089283	mountain.n.01	0.99
119089299	mountain.n.01	0.972
119089331	mountain.n.01	0.991
119091271	mountain.n.01	0.99
119093393	mountain.n.01	0.984
119093420	mountain.n.01	0.988
119097161	mountain.n.01	0.996
119098304	mountain.n.01	0.991
119098645	mountain.n.01	0.755
119101140	mountain.n.01	0.987
119103837	mountain.n.01	0.994
119103909	mountain.n.01	0.997
119104600	mountain.n.01	0.996
102350727	mountain.n.01	0.996
102351659	mountain.n.01	0.993
102351712	mountain.n.01	0.989
102355307	mountain.n.01	0.988
102356417	mountain.n.01	0.993
102361351	mountain.n.01	0.991
102363196	mountain.n.01	0.979
119152341	mountain.n.01	0.998
102376785	mountain.n.01	0.984
102377449	mountain.n.01	0.995
119156506	mountain.n.01	0.992
119156548	mountain.n.01	0.997
119158475	mountain.n.01	0.997
119160166	mountain.n.01	0.995
119162723	mountain.n.01	0.989
119170552	mountain.n.01	0.984
119178483	mountain.n.01	0.994
119182415	mountain.n.01	0.988
102411224	mountain.n.01	0.995
119199369	mountain.n.01	0.994
119199381	mountain.n.01	0.988
102514449	mountain.n.01	0.994
102515896	mountain.n.01	0.989
102516018	mountain.n.01	0.99
119364805	mountain.n.01	0.991
102952082	mountain.n.01	0.99
102952149	mountain.n.01	0.996
102952249	mountain.n.01	0.996
102955775	mountain.n.01	0.986
102956184	mountain.n.01	0.991
102959561	mountain.n.01	0.994
102960390	mountain.n.01	0.973
102960455	mountain.n.01	0.988
102960959	mountain.n.01	0.996
102961333	mountain.n.01	0.989
102962642	mountain.n.01	0.98
102963766	mountain.n.01	0.97
102965574	mountain.n.01	0.977
102966210	mountain.n.01	0.993
102966565	mountain.n.01	0.988
102970066	mountain.n.01	0.989
102970369	mountain.n.01	0.992
102970378	mountain.n.01	0.997
102970946	mountain.n.01	0.975
102971932	mountain.n.01	0.974
102972193	mountain.n.01	0.99
102972271	mountain.n.01	0.983
102973053	mountain.n.01	0.984
102979533	mountain.n.01	0.988
102980427	mountain.n.01	0.995
102981370	mountain.n.01	0.989
102985980	hill.n.01	0.994
102986247	mountain.n.01	0.986
102986445	mountain.n.01	0.996
102987419	mountain.n.01	0.968
102987990	mountain.n.01	0.986
102988402	mountain.n.01	0.961
102992903	mountain.n.01	0.997
102994360	mountain.n.01	0.986
102997078	mountain.n.01	0.994
103000776	hill.n.01	0.995
103004139	hill.n.01	0.957
103004328	hill.n.01	0.994
103004661	hill.n.01	0.996
103004986	mountain.n.01	0.965
103008315	forest.n.01	0.518
103014098	hill.n.01	0.996
103019127	highland.n.01	None
103019610	mountain.n.01	0.989
103021247	hillside.n.01	None
103368868	mountain.n.01	0.978
103370352	hill.n.01	0.994
103370761	mountain.n.01	0.993
103370825	mountain.n.01	0.989
103376230	hill.n.01	0.994
103416713	mountain.n.01	0.994
103454653	mountain.n.01	0.971
103454666	mountain.n.01	0.973
103454678	mountain.n.01	0.989
103454744	mountain.n.01	0.988
103494802	mountain.n.01	0.976
103494815	mountain.n.01	0.976
103494940	mountain.n.01	0.993
103495022	mountain.n.01	0.961
103495234	mountain.n.01	0.99
103649948	mountain.n.01	0.966
103649990	mountain.n.01	0.907
103650719	mountain.n.01	0.804
120664122	mountain.n.01	0.991
120667557	mountain.n.01	0.997
120667583	mountain.n.01	0.974
103903926	mountain.n.01	0.997
120681185	mountain.n.01	0.982
120688596	mountain.n.01	0.988
103916448	mountain.n.01	0.98
103916534	hill.n.01	0.998
103925179	rock.n.01	0.866
103928792	mountain.n.01	0.995
103929059	mountain.n.01	0.995
103931361	mountain.n.01	0.99
103931434	mountain.n.01	0.994
103937870	mountain.n.01	0.996
103939992	mountain.n.01	0.983
103941384	hill.n.01	0.995
120725042	mountain.n.01	0.981
120750538	mountain.n.01	0.97
120757003	mountain.n.01	0.929
120765994	mountain.n.01	0.976
120767135	mountain.n.01	0.997
120772138	mountain.n.01	0.998
120772954	mountain.n.01	0.975
120772972	mountain.n.01	0.991
120779086	mule.n.01	1.0
112392191	mountain.n.01	0.989
112394183	mountain.n.01	0.993
120788434	mountain.n.01	0.991
112416810	mountain.n.01	0.985
120826514	mountain.n.01	0.991
120841764	mountain.n.01	0.995
120845821	mountain.n.01	0.99
120846719	mountain.n.01	0.99
120849160	mountain.n.01	0.99
120849170	mountain.n.01	0.971
120849181	mountain.n.01	0.957
120849190	mountain.n.01	0.959
120849252	mountain.n.01	0.974
120849263	mountain.n.01	0.968
120849299	mountain.n.01	0.97
120849307	mountain.n.01	0.942
120849320	mountain.n.01	0.973
120849338	mountain.n.01	0.956
120849345	mountain.n.01	0.977
120849362	mountain.n.01	0.964
120849368	mountain.n.01	0.974
120849392	mountain.n.01	0.987
120849416	mountain.n.01	0.983
120849448	mountain.n.01	0.974
120849466	mountain.n.01	0.981
120849489	hill.n.01	0.991
120850140	mountain.n.01	0.983
120850154	mountain.n.01	0.991
120850499	mountain.n.01	0.988
120850883	mountain.n.01	0.973
120851888	mountain.n.01	0.987
120854544	mountain.n.01	0.979
120854563	mountain.n.01	0.955
120854597	mountain.n.01	0.988
120854634	mountain.n.01	0.973
120854674	mountain.n.01	0.979
120855033	mountain.n.01	0.975
120855067	mountain.n.01	0.95
120855078	mountain.n.01	0.858
120855128	mountain.n.01	0.962
120855157	mountain.n.01	0.773
120855295	mountain.n.01	0.93
120855473	mountain.n.01	0.985
120855657	mountain.n.01	0.977
120855815	mountain.n.01	0.973
120856019	mountain.n.01	0.972
120856031	mountain.n.01	0.92
120856048	mountain.n.01	0.964
120856202	mountain.n.01	0.989
120856283	mountain.n.01	0.985
120856545	mountain.n.01	0.99
120856631	mountain.n.01	0.981
120856724	mountain.n.01	0.985
120857091	mountain.n.01	0.958
120857229	mountain.n.01	0.955
120857305	mountain.n.01	0.92
120857316	mountain.n.01	0.978
120857333	mountain.n.01	0.95
120857403	mountain.n.01	0.978
104108084	mountain.n.01	0.981
104112904	mountain.n.01	0.983
104114917	mountain.n.01	0.98
104114930	mountain.n.01	0.949
104114939	mountain.n.01	0.988
104115033	mountain.n.01	0.931
104115076	mountain.n.01	0.994
104115087	mountain.n.01	0.966
104115180	mountain.n.01	0.974
104115274	mountain.n.01	0.996
104115318	mountain.n.01	0.987
104115388	mountain.n.01	0.99
104115498	mountain.n.01	0.972
104115576	mountain.n.01	0.993
104119812	mountain.n.01	0.992
104144954	mountain.n.01	0.995
104150561	mountain.n.01	0.995
104151586	mountain.n.01	0.994
104153681	mountain.n.01	0.993
104154958	mountain.n.01	0.994
104154993	mountain.n.01	0.994
104155016	mountain.n.01	0.999
104155318	mountain.n.01	0.993
104155639	mountain.n.01	0.99
104156490	mountain.n.01	0.99
120968526	mountain.n.01	0.993
120971667	mountain.n.01	0.988
120971703	mountain.n.01	0.991
120971725	mountain.n.01	0.992
120971735	mountain.n.01	0.987
120973233	mountain.n.01	0.996
120975697	mountain.n.01	0.993
120975844	mountain.n.01	0.992
120976989	mountain.n.01	0.99
120978500	mountain.n.01	0.98
120978562	mountain.n.01	0.976
120986465	mountain.n.01	0.977
120986483	mountain.n.01	0.983
120986514	mountain.n.01	0.989
120987306	mountain.n.01	0.98
120987720	mountain.n.01	0.994
120987743	mountain.n.01	0.985
120987979	mountain.n.01	0.989
120988423	mountain.n.01	0.987
120989214	mountain.n.01	0.986
120989289	mountain.n.01	0.996
120990741	mountain.n.01	0.992
121036628	mountain.n.01	0.957
121139729	mountain.n.01	0.997
121139920	mountain.n.01	0.97
121140738	mountain.n.01	0.983
121149793	mountain.n.01	0.985
121151499	hill.n.01	0.994
121156541	hill.n.01	0.998
121156679	mountain.n.01	0.988
121156880	hill.n.01	0.997
121156920	mountain.n.01	0.982
104519099	mountain.n.01	0.996
104521493	mountain.n.01	0.986
104521649	mountain.n.01	0.985
104523134	mountain.n.01	0.987
104523713	mountain.n.01	0.994
104523743	mountain.n.01	0.971
104524738	mountain.n.01	0.987
121349679	mountain.n.01	0.994
121355020	hill.n.01	0.996
121409820	mountain.n.01	0.997
121409880	mountain.n.01	0.988
121409901	mountain.n.01	0.992
121410305	mountain.n.01	0.994
121412599	mountain.n.01	0.997
121419597	mountain.n.01	0.99
121426018	mountain.n.01	0.965
104651644	mountain.n.01	0.992
104662445	mountain.n.01	0.983
104662532	mountain.n.01	0.988
104662654	mountain.n.01	0.995
104662682	hill.n.01	0.998
104662752	mountain.n.01	0.985
104662776	mountain.n.01	0.993
104662932	mountain.n.01	0.978
121440181	mountain.n.01	0.992
104662985	hill.n.01	0.995
104662998	mountain.n.01	0.978
121440488	mountain.n.01	0.986
121440502	mountain.n.01	0.986
104663508	mountain.n.01	0.981
121441437	mountain.n.01	0.984
104667415	forest.n.01	0.65
104667998	mountain.n.01	0.984
104668783	mountain.n.01	0.992
104669149	mountain.n.01	0.993
104669186	mountain.n.01	0.996
104669246	mountain.n.01	0.996
104670356	mountain.n.01	0.984
104671566	mountain.n.01	0.994
121450233	mountain.n.01	0.992
104673276	mountain.n.01	0.992
104674567	mountain.n.01	0.998
121451995	mountain.n.01	0.982
121452015	mountain.n.01	0.985
121452021	mountain.n.01	0.982
104674932	mountain.n.01	0.996
104675015	mountain.n.01	0.984
104675044	mountain.n.01	0.975
104675074	mountain.n.01	0.993
104677486	mountain.n.01	0.997
104679142	mountain.n.01	0.984
104679302	mountain.n.01	0.985
121468114	mountain.n.01	0.988
104693985	mountain.n.01	0.992
104697075	hill.n.01	0.989
121476446	mountain.n.01	0.877
121476491	mountain.n.01	0.967
121476569	mountain.n.01	0.98
104699681	mountain.n.01	0.98
104699696	hill.n.01	0.999
104699948	mountain.n.01	0.991
104700624	mountain.n.01	0.993
121479208	mountain.n.01	0.992
121480012	mountain.n.01	0.972
104717194	mountain.n.01	0.987
104718148	mountain.n.01	0.994
104718171	mountain.n.01	0.986
104718352	mountain.n.01	0.991
104718457	scope.n.01	0.625
104719604	range.n.04	0.864
104723271	mountain.n.01	0.925
104726937	mountain.n.01	0.978
121507529	mountain.n.01	0.906
121508299	mountain.n.01	0.987
121509884	mountain.n.01	0.995
121510307	mountain.n.01	0.992
121510443	mountain.n.01	0.979
121514115	mountain.n.01	0.993
121517442	mountain.n.01	0.99
121520997	mountain.n.01	0.96
104752040	mountain.n.01	0.992
121554501	mountain.n.01	0.941
104780940	mountain.n.01	0.991
104782995	mountain.n.01	0.955
104783279	mountain_peak.n.01	None
104783307	mountain.n.01	0.989
104784196	mountain.n.01	0.995
104784631	mountain.n.01	0.993
104868851	hill.n.01	0.641
104869530	mountain.n.01	0.977
104872264	hill.n.01	0.99
104877436	mountain.n.01	0.984
104877457	mountain.n.01	0.964
104877693	mountain.n.01	0.978
104879261	mountain.n.01	0.985
104880187	mountain.n.01	0.992
104881048	mountain.n.01	0.983
104884336	mountain.n.01	0.991
104884582	mountain.n.01	0.992
104886165	mountain.n.01	0.974
104886509	mountain.n.01	0.991
104894783	mountain.n.01	0.992
104894861	mountain.n.01	0.974
104894871	mountain.n.01	0.998
104895681	mountain.n.01	0.99
104895696	mountain.n.01	0.983
104898687	mountain.n.01	0.995
104898705	mountain.n.01	0.997
113300178	mountain.n.01	0.995
113300295	mountain.n.01	0.981
104911740	mountain.n.01	0.998
113300582	mountain.n.01	0.979
104912067	mountain.n.01	0.987
104913176	mountain.n.01	0.989
113302848	mountain.n.01	0.985
113302869	mountain.n.01	0.995
113302880	mountain.n.01	0.968
113303003	mountainside.n.01	None
113303439	mountain.n.01	0.994
113303807	mountain.n.01	0.992
104921152	mountain.n.01	0.96
104922906	mountain.n.01	0.992
104923498	mountain.n.01	0.985
104923505	mountain.n.01	0.992
104923516	mountain.n.01	0.988
104923752	mountain.n.01	0.989
104923762	mountain.n.01	0.962
104923801	mountain.n.01	0.992
104923807	mountain.n.01	0.973
104923814	mountain.n.01	0.993
104923898	mountain.n.01	0.965
104923960	mountain.n.01	0.968
104923970	mountain.n.01	0.989
104924033	mountain.n.01	0.991
104924469	mountain.n.01	0.991
104927014	mountain.n.01	0.989
104927197	mountain.n.01	0.987
104927232	mountain.n.01	0.997
104927272	mountain.n.01	0.989
104927279	mountain.n.01	0.979
104927289	mountain.n.01	0.997
104927328	mountain.n.01	0.983
104927346	mountain.n.01	0.989
104927352	mountain.n.01	0.982
104928107	mount.n.04	0.628
104928805	mountain.n.01	0.805
104929143	mountain.n.01	0.651
104932736	mountain.n.01	0.995
104933025	mountain.n.01	0.993
104933121	mountain.n.01	0.994
104933238	mountain.n.01	0.987
104933833	mountain.n.01	0.996
104934325	mountain.n.01	0.995
104934356	mountain.n.01	0.997
104934366	mountain.n.01	0.973
104934379	mountain.n.01	0.963
104934390	mountain.n.01	0.981
104934410	mountain.n.01	0.997
104935045	mountain.n.01	0.992
104935061	mountain.n.01	0.997
104935152	mountain.n.01	0.997
104943225	mountain.n.01	0.998
113339666	mountain.n.01	0.99
104953554	mountain.n.01	0.99
113343021	mountain.n.01	0.983
104957268	mountain.n.01	0.998
104959761	mountain.n.01	0.998
104962346	mountain.n.01	0.995
104969443	mountain.n.01	0.988
104971015	mountain.n.01	0.993
104972446	mountain.n.01	0.991
104972532	mountain.n.01	0.98
104972559	mountain.n.01	0.989
104976932	mountain.n.01	0.993
104976960	mountain.n.01	0.977
104977153	mountain.n.01	0.99
104977162	mountain.n.01	0.98
104977270	mountain.n.01	0.969
104979310	mountain.n.01	0.99
104979346	mountain.n.01	0.986
104982184	mountain.n.01	0.988
104982194	mountain.n.01	0.997
104982568	mountain.n.01	0.997
104986947	mountain.n.01	0.992
104986954	mountain.n.01	0.988
104987167	mountain.n.01	0.973
104987178	mountain.n.01	0.977
104987545	mountain.n.01	0.977
104987547	mountain.n.01	0.977
104987552	mountain.n.01	0.94
104987554	mountain.n.01	0.94
104989095	mountain.n.01	0.992
104989196	mountain.n.01	0.973
104989206	mountain.n.01	0.978
104989505	mountain.n.01	0.981
104989531	mountain.n.01	0.984
104989640	mountain.n.01	0.991
104989806	mountain.n.01	0.981
104990116	mountain.n.01	0.988
104990126	mountain.n.01	0.989
104990218	mountain.n.01	0.95
104991072	mountain.n.01	0.992
104991448	mountain.n.01	0.988
104991827	mountain.n.01	0.981
104992272	mountain.n.01	0.991
104992276	mountain.n.01	0.984
104992394	mountain.n.01	0.988
104993327	mountain.n.01	0.992
104993430	mountain.n.01	0.993
104993465	mountain.n.01	0.991
104993863	mountain.n.01	0.994
104993905	mountain.n.01	0.994
104995851	mountain.n.01	0.96
104996465	mountain.n.01	0.993
104996485	mountain.n.01	0.976
104996531	mountain.n.01	0.989
104996656	mountain.n.01	0.991
104996660	mountain.n.01	0.982
104996854	mountain.n.01	0.988
104997134	mountain.n.01	0.987
104997188	mountain.n.01	0.993
104997219	mountain.n.01	0.987
104997236	mountain.n.01	0.992
104997358	mountain.n.01	0.986
104998642	mountain.n.01	0.993
113387654	mountain.n.01	0.957
105008145	mountain.n.01	0.995
113399056	mountain.n.01	0.988
113399282	mountain.n.01	0.954
113399375	mountain.n.01	0.848
113399794	mountain.n.01	0.991
105013383	mountain.n.01	0.982
105013973	mountain.n.01	0.994
105013978	mountain.n.01	0.976
105014010	mountain.n.01	0.978
105014114	mountain.n.01	0.99
105014403	mountain.n.01	0.979
113403294	mountain.n.01	0.984
105014731	mountain.n.01	0.993
105032980	hill.n.01	0.996
105033032	hill.n.01	0.998
105033193	mountain.n.01	0.988
105033357	hill.n.01	0.997
113422556	grove.n.02	0.771
105034744	mountain.n.01	0.993
105034868	hound.n.01	0.977
105034886	mountain.n.01	0.986
105035055	mountain.n.01	0.977
105035524	hill.n.01	0.999
105036008	hill.n.01	0.99
105036243	hill.n.01	0.971
105036290	hill.n.01	0.994
105036315	hill.n.01	0.998
105036374	saddle_horse.n.01	0.859
105036641	hill.n.01	0.997
105037157	mountain.n.01	0.984
105037461	hill.n.01	0.992
105037864	hill.n.01	0.992
105037915	mountain.n.01	0.99
105038010	hill.n.01	0.997
105039195	mountain.n.01	0.943
105039858	hill.n.01	0.994
105040023	hill.n.04	0.49
105040039	hill.n.01	0.994
105040163	hill.n.01	0.952
105040344	hill.n.01	0.992
105040388	hill.n.01	0.983
113445346	mountain.n.01	0.995
113446547	mountain.n.01	0.975
113468624	mountain.n.01	0.983
113468710	mountain.n.01	0.984
113468778	mountain.n.01	0.98
113468972	mountain.n.01	0.989
113472404	mountain.n.01	0.991
113484671	mountain.n.01	0.987
113487462	mountain.n.01	0.964
113492115	mountain.n.01	0.989
113497224	mountain.n.01	0.992
113502443	mountain.n.01	0.99
113502447	mountain.n.01	0.99
105119127	mountain.n.01	0.995
105134029	mountain.n.01	0.998
105134064	mountain.n.01	0.982
105134159	mountain.n.01	0.979
105134255	hill.n.01	0.999
105140708	mountain.n.01	0.99
105148936	slope.n.01	0.99
105149126	mountain.n.01	0.975
105152766	hill.n.01	0.999
105159632	mountain.n.01	0.992
113548647	mountain.n.01	0.991
113553519	mountain.n.01	0.987
121945416	mountain.n.01	0.996
113558983	mountain.n.01	0.993
113560685	mountain.n.01	0.987
113563848	mountain.n.01	0.993
105178637	mountain.n.01	0.98
105179386	mountain.n.01	0.991
105179502	mountain.n.01	0.98
105180773	mountain.n.01	0.987
121960730	mountain.n.01	0.996
121961519	mountain.n.01	0.959
121961639	mountain.n.01	0.99
121961739	mountain.n.01	0.986
121962091	mountain.n.01	0.979
121962172	mountain.n.01	0.994
105189429	hill.n.01	0.998
105192161	mountain.n.01	0.99
113586216	reef.n.01	0.915
105198038	mountain.n.01	0.993
121983610	mountain.n.01	0.979
113595956	mountain.n.01	0.988
113601234	valley.n.01	None
121992201	mountain.n.01	0.955
113609644	mountain.n.01	0.996
113610132	mountain.n.01	0.991
113618684	mountain.n.01	0.993
113619330	mountain.n.01	0.994
113620977	mountain.n.01	0.984
105232453	mountain.n.01	0.994
122010244	mountain.n.01	0.986
105238775	mountain.n.01	0.98
105238809	range.n.04	0.993
105238922	range.n.04	None
105243364	mountain.n.01	0.997
113635262	slope.n.01	0.966
113640729	mountain.n.01	0.987
113641562	mountain.n.01	0.991
113641679	range.n.04	None
113641854	mountain.n.01	0.993
113641881	mountain.n.01	0.984
105254425	hill.n.01	0.996
113643697	mountain.n.01	0.989
113648490	mountain.n.01	0.993
113648554	mountain.n.01	0.981
113648592	mountain.n.01	0.993
113648823	mountain.n.01	0.991
113650316	mountain.n.01	0.985
113650501	mountain.n.01	0.98
113650586	mountain.n.01	0.979
113650616	plain.n.01	1.0
113650669	mountain.n.01	0.991
113650676	mountain.n.01	0.991
113650946	mountain.n.01	0.99
113651026	mountain.n.01	0.989
113651335	mountain.n.01	0.986
113653478	mountain.n.01	0.995
113654178	mountain.n.01	0.995
113656171	mountain.n.01	0.993
113661216	mountain.n.01	0.989
113661235	mountain.n.01	0.989
113661244	mountain.n.01	0.985
113661258	mountain.n.01	0.985
113661273	mountain.n.01	0.97
113661319	mountain.n.01	0.981
113661610	mountain.n.01	0.992
113664152	mountain.n.01	0.975
113664757	mountain.n.01	0.993
113665464	mountain.n.01	0.989
113665509	mountain.n.01	0.991
113665710	mountain.n.01	0.989
113665735	mountain.n.01	0.988
113665936	mountain.n.01	0.992
113666113	mountain.n.01	0.989
113666154	mountain.n.01	0.984
113666292	mountain.n.01	0.988
113667940	mountain.n.01	0.988
113670912	mountain.n.01	0.987
113674761	mountain.n.01	0.992
113675857	mountain.n.01	0.998
113676117	mountain.n.01	0.974
113676331	mountain.n.01	0.975
113679665	mountain.n.01	0.988
113680429	mountain.n.01	0.985
113680544	mountain.n.01	0.99
113680700	mountain.n.01	0.974
113681008	mountain.n.01	0.981
113681148	mountain.n.01	0.982
113682265	mountain.n.01	0.994
113683007	mountain.n.01	0.99
113683042	mountain.n.01	0.988
113683131	mountain.n.01	0.988
113683176	mountain.n.01	0.984
113683615	mountain.n.01	0.984
113685143	mountain.n.01	0.985
113685171	range.n.04	0.998
113685530	mountain.n.01	0.999
113686273	mountain.n.01	0.998
113686425	mountain.n.01	0.994
113686458	mountain.n.01	0.968
105305215	hill.n.01	0.993
113694261	mountain.n.01	0.99
113694460	mountain.n.01	0.992
113694505	mountain.n.01	0.969
113695137	mountain.n.01	0.992
113696183	mountain.n.01	0.987
113696344	mountain.n.01	0.984
113696382	mountain.n.01	0.988
113696516	mountain.n.01	0.986
113696528	mountain.n.01	0.992
113696688	mountain.n.01	0.988
113696736	mountain.n.01	0.993
113696745	mountain.n.01	0.987
113696838	mountain.n.01	0.994
113696844	mountain.n.01	0.994
113696907	mountain.n.01	0.995
113697138	mountain.n.01	0.993
113698504	mountain.n.01	0.989
113698880	mountain.n.01	0.992
113699010	mountain.n.01	0.994
113699579	mountain.n.01	0.991
113700145	mountain.n.01	0.998
113700195	mountain.n.01	0.992
113700574	mountain.n.01	0.995
113701588	mountain.n.01	0.987
113701602	mountain.n.01	0.987
113701637	mountain.n.01	0.995
113701676	mountain.n.01	0.983
113701700	range.n.04	0.903
113702093	mountain.n.01	0.984
105315176	mountain.n.01	0.997
105320464	hill.n.01	0.997
105332180	mountain.n.01	0.994
105332276	mountain.n.01	0.976
113720978	mountain.n.01	0.983
113720994	mountain.n.01	0.975
105332470	hill.n.01	0.997
105332960	mountain.n.01	0.988
105333189	mountain.n.01	0.988
113726208	mountain.n.01	0.986
113726237	mountain.n.01	0.989
113726851	mountain.n.01	0.986
113729258	mountain.n.01	0.989
113729622	mountain.n.01	0.994
113731983	mountain.n.01	0.991
113732039	mountain.n.01	0.984
113761066	mountain.n.01	0.975
105421738	mountain.n.01	0.993
105448583	mountain.n.01	0.974
105448696	mountain.n.01	0.986
105448843	hill.n.01	0.998
105449300	mountain.n.01	0.99
113920582	mountain.n.01	0.99
113920953	mountain.n.01	0.977
113921986	mountain.n.01	0.988
113922505	mountain.n.01	0.986
113922695	mountain.n.01	0.961
113924142	mountain.n.01	0.984
113924199	mountain.n.01	0.974
113924640	mountain.n.01	0.979
113924851	mountain.n.01	0.981
113924958	mountain.n.01	0.985
113924993	mountain.n.01	0.979
113925157	mountain.n.01	0.992
113925275	mountain.n.01	0.989
113925363	mountain.n.01	0.985
113925388	mountain.n.01	0.986
113925560	mountain.n.01	0.96
113925823	mountain.n.01	0.993
113926019	mountain.n.01	0.974
113926111	mountain.n.01	0.988
113926252	mountain.n.01	0.972
113926578	mountain.n.01	0.97
113926806	mountain.n.01	0.996
113926889	mountain.n.01	0.987
113926971	mountain.n.01	0.989
113927355	mountain.n.01	0.976
113927440	mountain.n.01	0.994
113927559	mountain.n.01	0.987
113927750	mountain.n.01	0.987
113927850	mountain.n.01	0.988
113928022	mountain.n.01	0.972
113928149	mountain.n.01	0.976
113928211	mountain.n.01	0.981
113928239	mountain.n.01	0.992
113928696	mountain.n.01	0.988
113928835	mountain.n.01	0.995
113928948	mountain.n.01	0.984
113929113	mountain.n.01	0.99
105675164	mountain.n.01	0.98
105679948	mountain.n.01	0.897
105679984	mountain.n.01	0.97
105680006	mountain.n.01	0.965
105682424	mountain.n.01	0.996
105684561	mountain.n.01	0.994
105684575	mountain.n.01	0.987
105745554	hill.n.01	0.996
105746243	hill.n.01	0.987
105746309	hill.n.01	0.994
105752499	mountain.n.01	0.989
105752554	mountain.n.01	0.984
105753063	hill.n.01	0.997
105766578	mountain.n.01	0.977
105767644	mountain.n.01	0.987
105768244	mountain.n.01	0.985
105814777	mountain.n.01	0.959
105815061	mountain.n.01	0.997
105815083	mountain.n.01	0.978
105815241	mountain.n.01	0.983
105815353	mountain.n.01	0.993
105815395	mountain.n.01	0.989
105815441	mountain.n.01	0.964
105815448	mountain.n.01	0.996
105821654	mountain.n.01	0.989
105821924	mountain.n.01	0.988
105821990	mountain.n.01	0.989
105822248	mountain.n.01	0.993
105822303	mountain.n.01	0.989
105822901	mountain.n.01	0.99
105823247	mountain.n.01	0.99
105825609	mountain.n.01	0.986
105825829	mountain.n.01	0.992
105825843	mountain.n.01	0.981
105825888	mountain.n.01	0.993
105825931	mountain.n.01	0.983
105827287	mountain.n.01	0.992
105827310	mountain.n.01	0.992
105827334	mountain.n.01	0.994
122617732	mountain.n.01	0.99
122620849	hill.n.01	0.993
122708632	mountain.n.01	0.991
122717689	mountain.n.01	0.991
122731623	mountain.n.01	0.996
122746811	mountain.n.01	0.98
122747960	mountain.n.01	0.996
122748861	mountain.n.01	0.992
122749155	mountain.n.01	0.981
122749179	mountain.n.01	0.996
122752299	mountain.n.01	0.988
122754215	mountain.n.01	0.994
122754303	mountain.n.01	0.98
122754429	mountain.n.01	0.996
122754487	mountain.n.01	0.979
122754580	mountain.n.01	0.99
122754665	mountain.n.01	0.99
122754852	mountain.n.01	0.992
122754918	mountain.n.01	0.989
122755122	mountain.n.01	0.987
122755167	mountain.n.01	0.993
122755401	mountain.n.01	0.995
122755443	mountain.n.01	0.989
122755512	mountain.n.01	0.99
122755721	mountain.n.01	0.995
122756078	mountain.n.01	0.994
122756217	mountain.n.01	0.982
122756389	mountain.n.01	0.986
122756715	mountain.n.01	0.997
122756741	mountain.n.01	0.995
122756754	mountain.n.01	0.99
122757034	mountain.n.01	0.996
122757212	mountain.n.01	0.991
122757249	mountain.n.01	0.988
122757427	mountain.n.01	0.998
122757605	mountain.n.01	0.994
122757668	mountain.n.01	0.981
122757898	mountain.n.01	0.995
122758407	mountain.n.01	0.993
122758428	mountain.n.01	0.995
122758672	mountain.n.01	0.998
122758699	mountain.n.01	0.995
122758776	mountain.n.01	0.992
122758955	mountain.n.01	0.989
122759012	mountain.n.01	0.995
122759209	mountain.n.01	0.996
122759256	mountain.n.01	0.853
122759288	mountain.n.01	0.997
122759314	mountain.n.01	0.989
122759367	mountain.n.01	0.995
122759394	mountain.n.01	0.989
122759563	mountain.n.01	0.995
122759578	mountain.n.01	0.995
122759606	mountain.n.01	0.986
122759815	mountain.n.01	0.996
122760039	mountain.n.01	0.992
122760054	hill.n.01	0.998
122760231	mountain.n.01	0.983
122760469	mountain.n.01	0.997
122760506	mountain.n.01	0.987
122760818	mountain.n.01	0.998
122760878	mountain.n.01	0.986
122761135	mountain.n.01	0.996
122761185	mountain.n.01	0.958
122761415	mountain.n.01	0.982
122769556	mountain.n.01	0.979
122784977	mountain.n.01	0.991
122785018	mountain.n.01	0.989
122785517	mountain.n.01	0.994
122789919	mountain.n.01	0.992
106215740	mountain.n.01	0.99
106215750	mountain.n.01	0.989
106218430	mountain.n.01	0.975
106218457	mountain.n.01	0.984
106219528	mountain.n.01	0.993
106220163	mountain.n.01	0.987
106233306	mountain.n.01	0.927
106233379	mountain.n.01	0.567
106233672	mountain.n.01	0.636
114636562	mountain.n.01	0.988
114636580	mountain.n.01	0.946
114636751	mountain.n.01	0.991
106258466	mountain.n.01	0.971
106258518	mountain.n.01	0.974
106262089	mountain.n.01	0.989
114652199	mountain.n.01	0.986
106294400	mountain.n.01	0.985
106298914	mountain.n.01	0.979
123079945	mountain.n.01	0.985
123080185	mountain.n.01	0.979
123110251	mountain.n.01	0.987
106342327	mountain.n.01	0.982
106373333	district.n.01	None
106373463	mountain.n.01	0.985
106412028	mountain.n.01	0.984
106414157	mountain.n.01	0.98
106414211	hill.n.01	0.995
106416947	mountain.n.01	0.991
106417539	mountain.n.01	0.972
106424028	mountain.n.01	0.988
106424228	mountain.n.01	0.921
106429043	mountain.n.01	0.994
106450231	mountain.n.01	0.979
123228344	mountain.n.01	0.878
106464078	mountain.n.01	0.972
123258327	mountain.n.01	0.986
106491353	mountain.n.01	0.994
106522416	mountain.n.01	0.978
123317247	mountain.n.01	0.989
123322347	mountain.n.01	0.988
123326703	mountain.n.01	0.992
123326763	mountain.n.01	0.991
106552992	poplar.n.02	0.849
123333555	mountain.n.01	0.982
106556970	mountain.n.01	0.983
106557909	tree.n.01	0.997
106557956	mountain.n.01	0.976
106558205	mountain.n.01	0.987
106558948	mountain.n.01	0.994
106590711	mountain.n.01	0.996
106594061	mountain.n.01	0.989
114992796	mountain.n.01	0.99
114992828	mountain.n.01	0.99
114993949	mountain.n.01	0.991
123537025	hill.n.01	0.993
123578527	mountain.n.01	0.985
123587637	mountain.n.01	0.986
106819845	mountain.n.01	0.983
106819853	mountain.n.01	0.993
106820326	mountain.n.01	0.99
106820347	mountain.n.01	0.99
106820372	mountain.n.01	0.988
106822545	mountain.n.01	0.983
106822691	mountain.n.01	0.989
106825322	hill.n.01	0.997
106831217	mountain.n.01	0.994
106842260	mountain.n.01	0.993
106845621	mountain.n.01	0.994
106845680	mountain.n.01	0.984
123652245	hill.n.01	0.907
106901601	mountain.n.01	0.994
106901671	mountain.n.01	0.992
106919859	hill.n.01	0.945
106921740	mountain.n.01	0.994
106922858	range.n.04	0.945
115335220	mountain.n.01	0.986
115335855	mountain.n.01	0.981
115337769	mountain.n.01	0.982
115361598	mountain.n.01	0.985
115368470	mountain.n.01	0.988
115368494	mountain.n.01	0.988
115376381	mountain.n.01	0.982
115376744	mountain.n.01	0.992
115388027	mountain.n.01	0.982
115397670	mountain.n.01	0.991
107051237	mountain.n.01	0.992
107053734	mountain.n.01	0.99
107055078	mountain.n.01	0.995
107061057	mountain.n.01	0.993
107061118	mountain.n.01	0.985
107061937	mountain.n.01	0.99
107062480	mountain.n.01	0.984
107062488	mountain.n.01	0.99
107062577	mountain.n.01	0.994
107062971	mountain.n.01	0.986
107063444	mountain.n.01	0.992
107069957	forest.n.01	0.736
107071331	mountain.n.01	0.993
115461549	mountain.n.01	0.996
107072957	mountain.n.01	0.981
115461582	mountain.n.01	0.988
115461636	mountain.n.01	0.991
107077666	mountain.n.01	0.997
107077756	mountain.n.01	0.993
107077949	mountain.n.01	0.988
107078996	mountain.n.01	0.983
107079322	mountain.n.01	0.994
107080352	mountain.n.01	0.984
115470671	mountain.n.01	0.99
107084317	mountain.n.01	0.995
107084401	hill.n.01	0.999
115474170	mountain.n.01	0.988
107085881	mountain.n.01	0.992
107085990	mountain.n.01	0.981
115475189	mountain.n.01	0.996
115477393	mountain.n.01	0.989
115477813	mountain.n.01	0.995
115477983	mountain.n.01	0.99
115478109	mountain.n.01	0.985
115487713	mountain.n.01	0.991
107103219	hill.n.01	0.997
115492243	mountain.n.01	0.991
115492997	mountain.n.01	0.988
107104538	altitude.n.01	0.864
107104589	altitude.n.01	0.946
107106680	mountain.n.01	0.996
107113882	mountain.n.01	0.99
107122444	hill.n.01	0.964
107122470	hill.n.01	0.989
107123156	hill.n.01	0.993
107123182	hill.n.01	0.995
107123305	hill.n.01	0.997
107123400	hill.n.01	0.996
107123453	hill.n.01	0.991
107124969	hill.n.01	0.997
107125081	altitude.n.01	0.955
107129589	mountain.n.01	0.984
123907003	mountain.n.01	0.96
107130376	mountain.n.01	0.983
107130665	hill.n.01	0.996
115525433	mountain.n.01	0.987
123918228	mountain.n.01	0.995
123921802	mountain.n.01	0.99
123922390	mountain.n.01	0.986
115536844	mountain.n.01	0.993
123930604	expanse.n.03	0.562
123931714	mountain.n.01	0.978
123932051	mountain.n.01	0.989
123932548	mountain.n.01	0.989
123934130	mountain.n.01	0.977
123934269	mountain.n.01	0.987
107157202	mountain.n.01	0.994
123934890	mountain.n.01	0.99
123935274	mountain.n.01	0.976
123935437	altitude.n.01	0.615
123936330	hill.n.01	0.993
123936561	mountain.n.01	0.981
115549519	mountain.n.01	0.99
115549619	mountain.n.01	0.99
115549817	mountain.n.01	0.992
123938835	mountain.n.01	0.993
115550269	mountain.n.01	0.984
123939360	mountain.n.01	0.996
123939403	mountain.n.01	0.985
123939550	mountain.n.01	0.992
123939603	mountain.n.01	0.996
123940325	mountain.n.01	0.993
123941320	mountain.n.01	0.986
123943180	mountain.n.01	0.984
123943224	mountain.n.01	0.971
123944021	mountain.n.01	0.969
123944620	mountain.n.01	0.988
123949046	mountain.n.01	0.975
123949668	mountain.n.01	0.988
123949811	mountain.n.01	0.99
123949881	mountain.n.01	0.993
115562199	mountain.n.01	0.988
107174601	mountain.n.01	0.992
107174623	mountain.n.01	1.0
123951980	mountain.n.01	0.975
123951991	hill.n.01	0.996
123952683	mountain.n.01	0.992
123952939	mountain.n.01	0.906
107175838	hill.n.01	0.996
123954450	mountain.n.01	0.986
123955605	mountain.n.01	0.989
123956192	mountain.n.01	0.987
123957489	altitude.n.01	0.933
107181546	hill.n.01	0.986
107181569	hill.n.01	0.997
123958898	mountain.n.01	0.967
123960949	mountain.n.01	0.989
123961588	hill.n.01	0.998
115575302	mountain.n.01	0.988
115575451	mountain.n.01	0.992
123964821	mountain.n.01	0.989
123965023	mountain.n.01	0.982
123966191	mountain.n.01	0.992
115577708	mountain.n.01	0.986
123966689	mountain.n.01	0.99
123966981	mountain.n.01	0.992
123967295	mountain.n.01	0.994
123967385	mountain.n.01	0.993
115578823	mountain.n.01	0.993
115580211	mountain.n.01	0.984
115580233	mountain.n.01	0.984
123969263	mountain.n.01	0.993
115580793	mountain.n.01	0.993
123969765	hill.n.01	0.996
123970129	mountain.n.01	0.992
123970509	crag.n.01	None
123970546	mountain.n.01	0.981
107193881	hill.n.01	0.976
107194083	hill.n.01	0.998
123971598	mountain.n.01	0.979
115583736	mountain.n.01	0.991
123974000	hill.n.01	0.992
123974623	mountain.n.01	0.992
115586680	mountain.n.01	0.994
123978417	mountain.n.01	0.987
123979020	hill.n.01	0.995
115590984	hill.n.01	0.997
123979870	mountain.n.01	0.989
107203209	hill.n.01	0.998
123980439	hill.n.01	0.998
123980641	mountain.n.01	0.939
123980729	hill.n.01	0.996
123980771	mountain.n.01	0.993
123980795	mountain.n.01	0.988
115593171	mountain.n.01	0.988
115593182	mountain.n.01	0.99
115594237	hill.n.01	0.999
115594266	hill.n.01	0.998
107205767	mountain.n.01	0.991
107206700	mountain.n.01	0.998
123984087	mountain.n.01	0.97
123984123	mountain.n.01	0.969
123985912	mountain.n.01	0.984
123985952	mountain.n.01	0.992
123986585	mountain.n.01	0.95
123987449	hill.n.01	0.996
115599485	mountain.n.01	0.994
115599511	mountain.n.01	0.993
115599530	mountain.n.01	0.996
115599575	mountain.n.01	0.993
123988220	hill.n.01	0.991
115599879	mountain.n.01	0.989
123989164	hill.n.01	0.994
115600764	mountain.n.01	0.994
115600788	mountain.n.01	0.995
123989559	mountain.n.01	0.99
123989962	hill.n.01	0.996
123990181	hill.n.01	0.997
115601992	mountain.n.01	0.993
123991631	mountain.n.01	0.975
115603480	mountain.n.01	0.991
123992702	mountain.n.01	0.957
123993453	mountain.n.01	0.994
123994089	mountain.n.01	0.981
115605483	mountain.n.01	0.994
115606697	mountain.n.01	0.995
115606945	mountain.n.01	0.936
123996538	mountain.n.01	0.988
115607990	mountain.n.01	0.994
115608022	mountain.n.01	0.988
115608123	mountain.n.01	0.975
115608471	mountain.n.01	0.996
115608508	mountain.n.01	0.991
115608536	mountain.n.01	0.995
123997888	cliff.n.01	None
115609612	mountain.n.01	0.989
123998369	mountain_peak.n.01	None
123998613	mountain.n.01	0.983
107224330	mountain.n.01	0.987
107226431	mountain.n.01	0.994
107226720	mountain.n.01	0.99
115625501	mountain.n.01	0.996
115627362	mountain.n.01	0.995
115627890	saddle_horse.n.01	0.976
115629168	mountain.n.01	0.995
115634869	mountain.n.01	0.986
115637831	mountain.n.01	0.983
115639475	hilltop.n.01	None
115641855	mountain.n.01	0.992
115641910	mountain.n.01	0.992
115649087	mountain.n.01	0.988
115650317	mountain.n.01	0.984
115656332	mountain.n.01	0.996
115657014	mountain.n.01	0.996
115657251	mountain.n.01	0.986
115657254	mountain.n.01	0.986
107278289	hill.n.01	0.994
107278899	mountain.n.01	0.989
107278950	hill.n.01	0.996
115668217	mountain.n.01	0.993
115669813	mountain.n.01	0.981
115669846	mountain.n.01	0.986
115676305	mountain.n.01	0.994
107287886	hill.n.01	0.998
115677735	mountain.n.01	0.973
107289305	hill.n.01	0.996
107289389	mountain.n.01	0.994
107290362	hill.n.01	0.998
107290939	mountain.n.01	0.997
107291115	hill.n.01	0.994
107291678	hill.n.01	0.988
107294676	hill.n.01	0.995
115687504	mountain.n.01	0.991
115687543	mountain.n.01	0.988
115688859	hill.n.01	0.958
115688868	hill.n.01	0.98
107306968	mountain.n.01	0.987
115696755	mountain.n.01	0.985
115703267	mountain.n.01	0.982
107317881	hill.n.01	0.998
107317935	hill.n.01	0.998
115711257	mountain.n.01	0.99
115711640	mountain.n.01	0.996
115711899	mountain.n.01	0.996
115712121	mountain.n.01	0.995
115712140	mountain.n.01	0.993
115712955	mountain.n.01	0.982
115714031	mountain.n.01	0.993
115714361	mountain.n.01	0.985
107325800	hill.n.01	0.996
107326399	hill.n.01	0.997
107326520	hill.n.01	0.995
115717448	mountain.n.01	0.992
115717479	mountain.n.01	0.991
115717550	mountain.n.01	0.991
115717706	mountain.n.01	0.994
115719559	mountain.n.01	0.992
115721186	mountain.n.01	0.993
115721427	mountain.n.01	0.991
115721541	mountain.n.01	0.99
115721594	mountain.n.01	0.995
115721661	mountain.n.01	0.994
115721766	mountain.n.01	0.992
115722063	mountain.n.01	0.989
115722068	mountain.n.01	0.987
115722166	mountain.n.01	0.987
115722185	mountain.n.01	0.995
115722193	mountain.n.01	0.986
115722359	mountain.n.01	0.988
115723524	mountain.n.01	0.996
115723600	mountain.n.01	0.997
115723630	mountain.n.01	0.99
115723650	mountain.n.01	0.988
115723669	mountain.n.01	0.996
115723718	mountain.n.01	0.991
115723738	mountain.n.01	0.992
115724003	mountain.n.01	0.995
115724006	mountain.n.01	0.995
115724031	mountain.n.01	0.988
115724234	mountain.n.01	0.996
115724873	mountain.n.01	0.986
115725246	mountain.n.01	0.99
115725625	hill.n.01	0.999
115725718	mountain.n.01	0.989
115726688	mountain.n.01	0.958
115726712	mountain.n.01	0.987
115727531	mountain.n.01	0.987
115729260	mountain.n.01	0.993
115729273	mountain.n.01	0.986
115734724	mountain.n.01	0.996
115735073	mountain.n.01	0.993
115735137	mountain.n.01	0.992
115735431	mountain.n.01	0.993
115735440	mountain.n.01	0.989
115735462	mountain.n.01	0.991
115735471	mountain.n.01	0.995
115737068	mountain.n.01	0.992
115737149	mountain.n.01	0.994
115737328	mountain.n.01	0.98
115737359	mountain.n.01	0.991
115738642	mountain.n.01	0.994
115738934	mountain.n.01	0.993
115739075	mountain.n.01	0.981
115740573	mountain.n.01	0.993
115740762	mountain.n.01	0.997
107355559	mountain.n.01	0.982
107355614	mountain.n.01	0.989
115745877	mountain.n.01	0.996
115745903	mountain.n.01	0.992
115746069	mountain.n.01	0.992
115747558	mountain.n.01	0.99
107358965	mountain.n.01	0.994
107359098	mountain.n.01	0.981
107359112	range.n.04	0.996
115750321	mountain.n.01	0.981
107362686	mountain.n.01	0.987
115755342	mountain.n.01	0.997
115756370	mountain.n.01	0.99
115757645	mountain.n.01	0.99
115757788	mountain.n.01	0.994
115758054	mountain.n.01	0.996
115758110	mountain.n.01	0.993
115758967	mountain.n.01	0.992
115759001	mountain.n.01	0.992
115759137	mountain.n.01	0.976
115759946	mountain.n.01	0.994
115759984	mountain.n.01	0.995
115760307	mountain.n.01	0.995
115760458	mountain.n.01	0.989
107372453	hill.n.01	0.998
115761479	mountain.n.01	0.994
115761625	mountain.n.01	0.995
115762691	mountain.n.01	0.986
115762716	mountain.n.01	0.995
115762731	mountain.n.01	0.986
115762762	mountain.n.01	0.988
107374745	hill.n.01	0.983
115763657	mountain.n.01	0.989
107375281	mountain.n.01	0.993
107375603	mountain.n.01	0.991
115766454	mountain.n.01	0.979
115766469	mountain.n.01	0.979
115766669	mountain.n.01	0.981
115766965	mountain.n.01	0.991
115767382	mountain.n.01	0.993
115769036	mountain.n.01	0.983
115770873	mountain.n.01	0.987
115772392	mountain.n.01	0.994
115772670	mountain.n.01	0.988
115776971	mountain.n.01	0.995
115776975	mountain.n.01	0.995
115779286	mountain.n.01	0.985
115780061	mountain.n.01	0.987
115780134	highland.n.01	None
115780180	mountain.n.01	0.957
115780265	mountain.n.01	0.985
115780293	mountain.n.01	0.984
115780306	mountain.n.01	0.995
115780348	mountain.n.01	0.986
115784340	mountain.n.01	0.992
115795067	mountain.n.01	0.992
115795537	mountain.n.01	0.99
115795822	mountain.n.01	0.989
115795935	mountain.n.01	0.98
115801588	mountain.n.01	0.991
115801766	mountain.n.01	0.993
115801834	mountain.n.01	0.991
115802496	mountain.n.01	0.993
115803138	mountain.n.01	0.987
115803544	mountain.n.01	0.979
115807999	mountain.n.01	0.997
115808099	mountain.n.01	0.99
115808118	mountain.n.01	0.989
115808133	mountain.n.01	0.984
115826404	mountain.n.01	0.996
115826415	mountain.n.01	0.991
115827131	mountain.n.01	0.991
115829298	mountain.n.01	0.98
115829412	mountain.n.01	0.98
115829644	mountain.n.01	0.988
115829844	mountain.n.01	0.981
115832633	mountain.n.01	0.981
115832929	mountain.n.01	0.995
115833978	mountain.n.01	0.991
115833997	mountain.n.01	0.99
115834052	mountain.n.01	0.991
115834251	mountain.n.01	0.995
115844687	hill.n.01	0.998
115844887	mountain.n.01	0.968
115849364	mountain.n.01	0.988
115849676	mountain.n.01	0.984
115850983	mountain.n.01	0.992
115851005	mountain.n.01	0.991
107466137	hill.n.01	0.996
115860853	mountain.n.01	0.988
115864943	mountain.n.01	0.986
115864982	mountain.n.01	0.987
115868415	mountain.n.01	0.994
115870495	mountain.n.01	0.989
115871834	mountain.n.01	0.987
115872621	mountain.n.01	0.995
115874730	mountain.n.01	0.987
115886314	hill.n.01	0.998
115886329	hill.n.01	0.993
115886347	hill.n.01	0.999
115893331	hill.n.01	0.999
115894047	hill.n.01	0.998
115894798	mountain.n.01	0.995
115897173	mountain.n.01	0.989
115907986	mountain.n.01	0.99
115908374	mountain.n.01	0.994
107526909	mountain.n.01	0.989
107530808	mountain.n.01	0.991
107531023	mountain.n.01	0.956
115921148	mountain.n.01	0.987
107533218	hill.n.01	0.997
107533689	mountain.n.01	0.986
115923089	mountain.n.01	0.983
107535972	region.n.03	0.714
115931981	mountain.n.01	0.99
107545113	mountain.n.01	0.99
107545317	mountain.n.01	0.975
115934506	mountain.n.01	0.992
107546036	mountain.n.01	0.991
115935828	mountain.n.01	0.995
115936487	mountain.n.01	0.996
107548298	mountain.n.01	0.985
107548301	mountain.n.01	0.985
107548511	mountain.n.01	0.982
107548560	mountain.n.01	0.985
107548605	mountain.n.01	0.936
107548643	mountain.n.01	0.982
107548706	mountain.n.01	0.97
107548872	mountain.n.01	0.964
107548923	mountain.n.01	0.975
115937986	hill.n.01	0.986
115938143	mountain.n.01	0.992
107549833	mountain.n.01	0.79
107550480	mountain.n.01	0.984
107550522	mountain.n.01	0.985
115939315	mountain.n.01	0.992
107550971	mountain.n.01	0.982
107552102	mountain.n.01	0.97
107552118	mountain.n.01	0.936
107552131	mountain.n.01	0.987
107552324	mountain.n.01	0.985
107552572	mountain.n.01	0.991
115941193	hill.n.01	0.998
107552649	mountain.n.01	0.982
107552849	mountain.n.01	0.979
107552867	mountain.n.01	0.988
107552874	mountain.n.01	0.981
107553148	mountain.n.01	0.994
107553792	mountain.n.01	0.986
107553848	mountain.n.01	0.973
107553907	mountain.n.01	0.977
107554069	mountain.n.01	0.985
107554115	mountain.n.01	0.986
107554287	mountain.n.01	0.993
107554428	mountain.n.01	0.985
107555654	mountain.n.01	0.988
107555945	mountain.n.01	0.968
115945191	mountain.n.01	0.993
107556618	mountain.n.01	0.978
107556743	mountain.n.01	0.953
107556887	mountain.n.01	0.966
107556908	mountain.n.01	0.928
107558950	mountain.n.01	0.988
107559797	mountain.n.01	0.976
107559810	mountain.n.01	0.982
107559866	mountain.n.01	0.958
115951289	mountain.n.01	0.973
115951304	mountain.n.01	0.966
107568707	mountain.n.01	0.99
107571213	rock.n.01	0.593
107571377	mountain.n.01	0.986
107571552	mountain.n.01	0.995
107571769	mountain.n.01	0.995
107572109	range.n.04	0.826
107572430	mountaineer.n.01	None
107572516	mountain.n.01	0.978
107572538	mountain.n.01	0.972
107572573	mountain.n.01	0.985
107572578	mountain.n.01	0.982
107574958	forest.n.01	0.606
107575103	mountain.n.01	0.992
107575566	mountain.n.01	0.982
107576153	mountain.n.01	0.989
115965284	mountain.n.01	0.982
107577114	mountain.n.01	0.992
107577171	mountain.n.01	0.994
107577211	mountain.n.01	0.988
107578809	mountain.n.01	0.991
107579041	mountain.n.01	0.974
107579528	mountain.n.01	0.995
107580865	mountain.n.01	0.992
107581246	mountain.n.01	0.975
115969858	mountain.n.01	0.987
107582337	mountain.n.01	0.98
107583414	mountain.n.01	0.995
107584234	mountain.n.01	0.985
107584244	range.n.04	None
107584347	mountain.n.01	0.995
107587837	mountain.n.01	0.99
107587887	mountain.n.01	0.996
107588055	mountain.n.01	0.989
107588347	mountain.n.01	0.994
107588475	mountain.n.01	0.99
107590216	mountain.n.01	0.964
107590647	mountain.n.01	0.982
115981513	mountain.n.01	0.986
115981647	mountain.n.01	0.996
107593378	mountain.n.01	0.991
107593488	mountain.n.01	0.986
107593833	mountain.n.01	0.983
107594237	mountain.n.01	0.99
107595297	mountain.n.01	0.976
107595819	mountain.n.01	0.994
107595886	mountain.n.01	0.987
107596569	mountain.n.01	0.993
107597809	mountain.n.01	0.971
107599131	mountain.n.01	0.995
107600148	mountain.n.01	0.991
107600245	range.n.04	0.999
107600278	mountain.n.01	0.988
107600625	mountain.n.01	0.976
107601068	mountain.n.01	0.99
107601244	mountain.n.01	0.992
107601268	mountain.n.01	0.99
107601420	mountain.n.01	0.982
107601493	mountain.n.01	0.988
107601648	mountain.n.01	0.974
107601657	mountain.n.01	0.982
107602063	mountain.n.01	0.977
107602084	mountain.n.01	0.984
107602211	mountain.n.01	0.99
107602511	mountain.n.01	0.983
107602757	mountain.n.01	0.964
107602862	mountain.n.01	0.974
107602936	mountain.n.01	0.986
107603485	mountain.n.01	0.988
107603571	mountain.n.01	0.965
107603884	mountain.n.01	0.986
107604917	mountain.n.01	0.985
107605022	mountain.n.01	0.988
115994080	mountain.n.01	0.994
107605892	mountain.n.01	0.986
107606098	mountain.n.01	0.991
107606631	mountain.n.01	0.983
107606651	mountain.n.01	0.986
107606689	mountain.n.01	0.978
107606697	mountain.n.01	0.987
115996089	mountain.n.01	0.989
107607683	mountain.n.01	0.971
107607796	mountain.n.01	0.992
107607899	mountain.n.01	0.993
107608057	mountain.n.01	0.993
107608277	mountain.n.01	0.991
107608690	mountaineer.n.01	None
107609503	mountain.n.01	0.988
107609650	mountain.n.01	0.981
107610041	mountain.n.01	0.974
107610066	mountain.n.01	0.987
115998796	mountain.n.01	0.991
115998828	mountain.n.01	0.965
116001342	mountain.n.01	0.994
107613668	mountain.n.01	0.993
107614074	mountain.n.01	0.979
107614405	mountain.n.01	0.953
107615062	mountain.n.01	0.985
107615083	mountain.n.01	0.984
107615100	mountain.n.01	0.988
107615178	mountain.n.01	0.985
107615217	mountain.n.01	0.978
107615368	mountain.n.01	0.983
107615784	mountain.n.01	0.981
116005285	mountain.n.01	0.992
107617181	mountain.n.01	0.988
107617212	mountain.n.01	0.983
116008289	mountain.n.01	0.991
107621538	range.n.04	0.948
116010359	hill.n.01	0.999
116010989	mountain.n.01	0.982
116011060	mountain.n.01	0.988
116011094	mountain.n.01	0.984
116011546	mountain.n.01	0.991
107625212	mountain.n.01	0.977
107626275	mountain.n.01	0.99
107626670	hill.n.01	0.997
107626976	mountain.n.01	0.98
107627330	mountain.n.01	0.995
107629225	altitude.n.01	0.883
116017885	mountain.n.01	0.992
107630544	mountain.n.01	0.99
107631538	mountain.n.01	0.983
116022091	mountain.n.01	0.988
116022469	mountain.n.01	0.996
107634909	mountain.n.01	0.975
107634940	mountain.n.01	0.99
116023982	mountain.n.01	0.985
107636060	mountain.n.01	0.983
116024687	mountain.n.01	0.992
107640227	hill.n.01	0.999
107640247	hill.n.01	0.994
107641605	mountain.n.01	0.977
107641631	mountain.n.01	0.979
107641728	mountain.n.01	0.993
107641987	mountain.n.01	0.99
107642063	mountain.n.01	0.993
107642576	mountain.n.01	0.998
107643091	mountain.n.01	0.991
107643240	mountain.n.01	0.99
107643440	mountain.n.01	0.987
107643820	mountain.n.01	0.975
107643860	mountain.n.01	0.987
107644051	mountain.n.01	0.995
107644626	mountain.n.01	0.993
107644685	mountain.n.01	0.956
116033435	mountain.n.01	0.98
107645457	mountain.n.01	0.997
107645541	mountain.n.01	0.986
107645597	mountain.n.01	0.99
107645867	mountain.n.01	0.992
107645939	mountain.n.01	0.988
107646677	mountain.n.01	0.993
107647099	mountain.n.01	0.989
107647179	mountain.n.01	0.991
107647244	mountain.n.01	0.984
107647572	mountain.n.01	0.995
107648118	mountain.n.01	0.986
107648198	mountain.n.01	0.972
107648240	mountain.n.01	0.991
107648484	mountain.n.01	0.992
107648496	mountain.n.01	0.979
107648957	mountain.n.01	0.992
107649004	mountain.n.01	0.991
116037680	mountain.n.01	0.993
116038041	mountain.n.01	0.99
116038149	mountain.n.01	0.991
116038193	mountain.n.01	0.988
116038203	mountain.n.01	0.984
107650228	mountain.n.01	0.996
116039188	mountain.n.01	0.982
116039516	mountain.n.01	0.983
107651408	mountain.n.01	0.989
107655391	mountain.n.01	0.993
107656827	mountain.n.01	0.996
107656841	mountain.n.01	0.987
107657575	mountain.n.01	0.992
107657744	mountain.n.01	0.997
107657780	mountain.n.01	0.994
107658629	mountain.n.01	0.975
107659046	mountain.n.01	0.993
107659068	mountain.n.01	0.992
107659441	mountain.n.01	0.993
107660127	mountain.n.01	0.988
107662687	mountain.n.01	0.994
107663499	mountain.n.01	0.993
107663933	mountain.n.01	0.996
107664303	mountain.n.01	0.997
107664775	mountain.n.01	0.996
107664841	mountain.n.01	0.964
107666137	mountain.n.01	0.989
116056409	mountain.n.01	0.992
116056428	mountain.n.01	0.983
107669209	mountain.n.01	0.99
107669793	mountain.n.01	0.995
107670632	mountain.n.01	0.994
107670705	mountain.n.01	0.972
107670714	mountain.n.01	0.984
107670754	mountain.n.01	0.989
107670810	mountain.n.01	0.993
107670891	mountain.n.01	0.978
107670969	mountain.n.01	0.993
107671011	mountain.n.01	0.984
107671947	mountain.n.01	0.994
107673878	mountain.n.01	0.995
107674067	mountain.n.01	0.986
107674299	mountain.n.01	0.992
107674327	mountain.n.01	0.976
107674547	mountain.n.01	0.992
107675252	mountain.n.01	0.983
107675330	mountain.n.01	0.982
107675962	mountain.n.01	0.986
107676541	mountain.n.01	0.995
107676659	mountain.n.01	0.996
107678276	mountain.n.01	0.973
107680369	hill.n.01	0.999
107680393	mountain.n.01	0.997
107680604	mountain.n.01	0.987
107680642	mountain.n.01	0.987
107681222	mountain.n.01	0.992
107682220	mountain.n.01	0.989
107682477	mountain.n.01	0.996
107682874	mountain.n.01	0.994
107683199	mountain.n.01	0.991
107683246	mountain.n.01	0.982
107683268	mountain.n.01	0.995
107683320	mountain.n.01	0.977
107683607	mountain.n.01	0.991
107684092	mountain.n.01	0.99
107684397	mountain.n.01	0.994
107684435	mountain.n.01	0.988
107684583	mountain.n.01	0.996
107684845	mountain.n.01	0.99
107685016	hill.n.01	0.999
107687419	mountain.n.01	0.995
107688567	mountain.n.01	0.988
107688686	mountain.n.01	0.983
107688989	mountain.n.01	0.991
107689285	mountain.n.01	0.991
107689415	mountain.n.01	0.989
107690509	mountain.n.01	0.989
107690750	mountain.n.01	0.994
107691173	mountain.n.01	0.984
107691964	mountain.n.01	0.969
107694429	mountain.n.01	0.998
107694461	mountain.n.01	0.986
107695326	mountain.n.01	0.99
107695362	mountain.n.01	0.995
107695672	mountain.n.01	0.996
107695683	mountain.n.01	0.996
116085495	mountain.n.01	0.985
107697332	mountain.n.01	0.978
107697342	mountain.n.01	0.988
107697398	mountain.n.01	0.987
107697413	mountain.n.01	0.973
107698516	mountain.n.01	0.994
107698527	mountain.n.01	0.916
107698536	mountain.n.01	0.994
107698618	mountain.n.01	0.983
107698633	mountain.n.01	0.993
107699554	mountain.n.01	0.983
107700686	mountain.n.01	0.994
107700728	mountain.n.01	0.993
107700771	mountain.n.01	0.983
107700821	mountain.n.01	0.985
107702839	mountain.n.01	0.996
107704352	mountain.n.01	0.993
107704487	mountain.n.01	0.962
107704849	mountain.n.01	0.979
107705316	mountain.n.01	0.993
107705393	mountain.n.01	0.996
107705408	mountain.n.01	0.994
107705688	mountain.n.01	0.887
107706416	mountain.n.01	0.992
107706460	mountain.n.01	0.992
116095344	mountain.n.01	0.991
116095392	mountain.n.01	0.975
107707902	mountain.n.01	0.981
107707929	mountain.n.01	0.997
107710217	mountain.n.01	0.995
107710859	mountain.n.01	0.993
107712093	mountain.n.01	0.991
107712148	mountain.n.01	0.962
107712243	mountain.n.01	0.971
107712860	mountain.n.01	0.991
107713039	mountain.n.01	0.986
107714602	mountain.n.01	0.995
107714689	mountain.n.01	0.978
107714946	mountain.n.01	0.981
107715577	mountain.n.01	0.985
107715817	mountain.n.01	0.983
107716155	mountain.n.01	0.984
107717110	mountain.n.01	0.988
107717189	mountain.n.01	0.992
107717288	mountain.n.01	0.993
107717365	mountain.n.01	0.985
107717646	mountain.n.01	0.988
107717781	mountain.n.01	0.983
107717796	mountain.n.01	0.984
107717870	mountain.n.01	0.964
107717888	mountain.n.01	0.978
107717929	mountain.n.01	0.975
107718779	mountain.n.01	0.984
107719454	mountain.n.01	0.989
107719710	mountain.n.01	0.987
107719842	mountain.n.01	0.989
107720466	mountain.n.01	0.991
107721648	mountain.n.01	0.986
107721661	mountain.n.01	0.989
107721690	mountain.n.01	0.988
107721753	mountain.n.01	0.979
107723179	range.n.04	0.963
107723500	mountain.n.01	0.978
107723598	mountain.n.01	0.952
107723711	mountain.n.01	0.98
107723892	mountain.n.01	0.979
107723986	mountain.n.01	0.981
107723999	mountain.n.01	0.992
107724044	mountain.n.01	0.991
107724067	mountain.n.01	0.992
107724108	mountain.n.01	0.976
107724162	mountain.n.01	0.99
107724211	mountain.n.01	0.973
107724915	mountain.n.01	0.985
107725003	mountain.n.01	0.984
107725233	mountain.n.01	0.981
107725787	mountain.n.01	0.991
107726039	mountain.n.01	0.982
107726064	mountain.n.01	0.985
107726406	mountain.n.01	0.981
107726523	mountain.n.01	0.989
107726537	mountain.n.01	0.988
107727636	mountain.n.01	0.988
107729015	mountain.n.01	0.987
107729379	mountain.n.01	0.992
107729511	mountain.n.01	0.985
107729667	mountain.n.01	0.986
107729936	mountain.n.01	0.986
107730065	mountain.n.01	0.996
107734166	mountain.n.01	0.989
107734171	mountain.n.01	0.965
107734376	hill.n.01	0.997
107736814	mountain.n.01	0.992
107736840	mountain.n.01	0.981
107738728	hill.n.01	0.997
107738799	mountain.n.01	0.992
107739035	mountain.n.01	0.963
107739231	mountain.n.01	0.995
107739240	mountain.n.01	0.985
107739359	mountain.n.01	0.996
107739983	mountain.n.01	0.995
116129376	mountain.n.01	0.993
107741477	mountain.n.01	0.996
107742257	mountain.n.01	0.976
107742765	mountain.n.01	0.992
107743959	mountain.n.01	0.996
107743994	mountain.n.01	0.987
107744466	mountain.n.01	0.993
107744601	hill.n.01	0.998
107744812	mountain.n.01	0.996
107745611	mountain.n.01	0.998
107745624	mountain.n.01	0.985
107746522	mountain.n.01	0.992
107746851	mountain.n.01	0.984
107746868	mountain.n.01	0.984
107747037	mountain.n.01	0.996
107748422	mountain.n.01	0.993
107749035	mountain.n.01	0.993
107749126	mountain.n.01	0.99
107749132	mountain.n.01	0.975
107750630	mountain.n.01	0.995
124529994	mountain.n.01	0.992
124530011	mountain.n.01	0.982
124530039	mountain.n.01	0.979
124530101	mountain.n.01	0.987
107755490	mountain.n.01	0.996
107755499	mountain.n.01	0.992
107755842	mountain.n.01	0.993
124535844	hill.n.01	0.996
107758968	mountain.n.01	0.984
107758983	mountain.n.01	0.993
107759389	mountain.n.01	0.996
124537050	range.n.04	None
107760421	mountain.n.01	0.997
107761140	mountain.n.01	0.992
107761206	mountain.n.01	0.972
107761290	mountain.n.01	0.989
107762095	mountain.n.01	0.992
107762969	mountain.n.01	0.995
107763087	mountain.n.01	0.994
107763500	mountain.n.01	0.992
107766442	mountain.n.01	0.967
107766457	mountain.n.01	0.964
107766467	mountain.n.01	0.977
124543763	mountain.n.01	0.989
107766683	mountain.n.01	0.993
124544016	mountain.n.01	0.991
107766807	mountain.n.01	0.996
107766862	mountain.n.01	0.989
107767058	mountain.n.01	0.981
116156210	mountain.n.01	0.989
124544843	mountain.n.01	0.995
107767939	mountain.n.01	0.994
116156561	mountain.n.01	0.992
124545251	mountain.n.01	0.993
124545265	mountain.n.01	0.98
124545377	mountain.n.01	0.991
107768389	mountain.n.01	0.99
116157012	mountain.n.01	0.984
107768928	mountain.n.01	0.994
107769292	mountain.n.01	0.996
107769673	mountain.n.01	0.997
107769822	mountain.n.01	0.997
107770008	mountain.n.01	0.993
116158655	mountain.n.01	0.992
107770218	hill.n.01	0.998
107770660	mountain.n.01	0.997
107770693	mountain.n.01	0.995
107770745	mountain.n.01	0.995
107771520	mountain.n.01	0.992
124548886	mountain.n.01	0.987
107772126	mountain.n.01	0.985
107772263	mountain.n.01	0.994
107772509	mountain.n.01	0.993
107772520	mountain.n.01	0.973
107773581	mountain.n.01	0.991
107773649	mountain.n.01	0.996
107775047	mountain.n.01	0.993
107775171	mountain.n.01	0.991
107775808	mountain.n.01	0.993
107777147	mountain.n.01	0.993
116165816	mountain.n.01	0.992
107777553	mountain.n.01	0.998
107777594	mountain.n.01	0.996
107777621	mountain.n.01	0.992
107777868	mountain.n.01	0.984
107777953	mountain.n.01	0.995
107777982	mountain.n.01	0.994
107778029	mountain.n.01	0.997
107778071	mountain.n.01	0.992
107779693	mountain.n.01	0.98
107779797	mountain.n.01	0.995
107779818	mountain.n.01	0.984
107781493	mountain.n.01	0.996
107784041	mountain.n.01	0.907
124561341	mountain.n.01	0.988
107784164	mountain.n.01	0.997
107785654	mountain.n.01	0.997
107785750	mountain.n.01	0.996
107786325	mountain.n.01	0.979
124563998	hill.n.01	0.994
107787159	mountain.n.01	0.991
107787188	mountain.n.01	0.989
116176515	mountain.n.01	0.972
116177222	mountain.n.01	0.987
107789395	mountain.n.01	0.989
107789794	mountain.n.01	0.979
107789889	mountain.n.01	0.996
107789924	mountain.n.01	0.984
107790407	mountain.n.01	0.982
107790425	mountain.n.01	0.988
116179282	mountain.n.01	0.989
116180910	mountain.n.01	0.996
107793106	mountain.n.01	0.985
116182237	mountain.n.01	0.971
124572364	mountain.n.01	0.99
107797738	mountain.n.01	0.99
107798074	mountain.n.01	0.986
107798498	mountain.n.01	0.973
107799310	mountain.n.01	0.985
107799409	mountain.n.01	0.993
107799578	mountain.n.01	0.996
116189383	mountain.n.01	0.995
116190029	mountain.n.01	0.99
116190268	mountain.n.01	0.994
116190427	mountain.n.01	0.991
107802529	mountain.n.01	0.995
107804826	mountain.n.01	0.996
116194048	mountain.n.01	0.992
124582834	mountain.n.01	0.994
124582883	mountain.n.01	0.993
116194796	mountain.n.01	0.986
107806503	mountain.n.01	0.933
107806537	mountain.n.01	0.984
107806624	mountain.n.01	0.988
107806695	country.n.02	0.833
107808271	mountain.n.01	0.971
107808723	mountain.n.01	0.992
107810290	mountain.n.01	0.987
107810348	mountain.n.01	0.992
107810418	mountain.n.01	0.993
107811490	mountain.n.01	0.996
107811502	mountain.n.01	0.985
107811553	mountain.n.01	0.983
107811565	hill.n.01	0.994
107811811	mountain.n.01	0.995
107811904	mountain.n.01	0.992
107812024	mountain.n.01	0.988
124589867	mountain.n.01	0.989
124590239	mountain.n.01	0.987
124590535	mountain.n.01	0.984
107817228	mountain.n.01	0.993
107817517	mountain.n.01	0.996
107817528	mountain.n.01	0.992
107818909	mountain.n.01	0.99
107818987	mountain.n.01	0.992
116208240	mountain.n.01	0.984
107820076	mountain.n.01	0.984
107820539	mountain.n.01	0.991
107820745	mountain.n.01	0.992
124599282	mountain.n.01	0.996
124599323	mountain.n.01	0.989
107824651	mountain.n.01	0.982
107824696	mountain.n.01	0.971
107824734	mountain.n.01	0.986
116214957	mountain.n.01	0.977
116217761	mountain.n.01	0.996
107831910	mountain.n.01	0.985
107832188	mountain.n.01	0.996
107832926	mountain.n.01	0.96
116222062	mountain.n.01	0.99
116222225	mountain.n.01	0.99
107836194	mountain.n.01	0.984
116227118	mountain.n.01	0.991
107838731	mountain.n.01	0.995
116227392	mountain.n.01	0.989
107838865	mountain.n.01	0.978
116227845	mountain.n.01	0.991
107839452	mountain.n.01	0.987
107839523	mountain.n.01	0.983
116228683	mule.n.01	0.999
124617608	mountain.n.01	0.992
124617618	mountain.n.01	0.993
124617665	mountain.n.01	0.98
124617684	mountain.n.01	0.987
124617715	mountain.n.01	0.987
124617783	mountain.n.01	0.992
124617801	mountain.n.01	0.994
107842505	mountain.n.01	0.986
124620628	mountain.n.01	0.993
116234035	mountain.n.01	0.989
124623616	mountain.n.01	0.994
124623628	mountain.n.01	0.985
124623758	mountain.n.01	0.983
124623776	mountain.n.01	0.989
124623794	mountain.n.01	0.988
124624700	mountain.n.01	0.991
124624864	mountain.n.01	0.995
124624905	mountain.n.01	0.992
124624971	mountain.n.01	0.991
124625032	mountain.n.01	0.963
124625322	mountain.n.01	0.992
124625337	mountain.n.01	0.992
124625445	mountain.n.01	0.989
124625631	mountain.n.01	0.992
116237516	mountain.n.01	0.989
116237542	mountain.n.01	0.983
116237613	mountain.n.01	0.991
124626489	mountain.n.01	0.986
124626630	mountain.n.01	0.992
124626670	mountain.n.01	0.983
107849748	desert.n.01	None
124627237	mountain.n.01	0.987
107850908	mountain.n.01	0.995
116240055	mountain.n.01	0.985
116241668	mountain.n.01	0.993
116241767	mountain.n.01	0.993
107854477	mountain.n.01	0.99
107856846	mountain.n.01	0.979
107857210	mountain.n.01	0.942
107857218	mountain.n.01	0.875
107857220	mountain.n.01	0.946
124634445	mountain.n.01	0.992
107857237	mountain.n.01	0.995
107857343	mountain.n.01	0.899
107857435	mountain.n.01	0.998
107857532	mountain.n.01	0.995
107857610	mountain.n.01	0.986
107857631	mountain.n.01	0.982
107857897	mountain.n.01	0.992
107858069	mountain.n.01	0.995
107858254	mountain.n.01	0.994
116246879	mountain.n.01	0.99
107858861	mountain.n.01	0.988
107859203	mountain.n.01	0.958
107859230	mountain.n.01	0.96
107859239	mountain.n.01	0.996
107859265	mountain.n.01	0.996
116248667	mountain.n.01	0.995
116248725	mountain.n.01	0.988
107860731	mountain.n.01	0.944
107861115	mountain.n.01	0.976
107861180	mountain.n.01	0.985
107861237	forest.n.02	0.702
116250328	mountain.n.01	0.96
107862116	mountain.n.01	0.979
107862235	mountain.n.01	0.997
107862490	mountain.n.01	0.998
107862497	mountain.n.01	0.998
107862511	mountain.n.01	0.939
107862854	mountain.n.01	0.975
107866978	mountain.n.01	0.962
107867432	mountain.n.01	0.99
107867450	mountain.n.01	0.921
107867748	mountain.n.01	0.998
107867753	mountain.n.01	0.957
107868223	mountain.n.01	0.987
107868869	mountain.n.01	0.994
107869816	mountain.n.01	0.967
107870401	mountain.n.01	0.99
107872349	mountain.n.01	0.988
116261929	mountain.n.01	0.985
116261971	mountain.n.01	0.992
107873994	mountain.n.01	0.986
107874302	mountain.n.01	0.969
107874313	mountain.n.01	0.992
107874583	mountain.n.01	0.996
107874881	mountain.n.01	0.997
107876311	mountain.n.01	0.988
107876782	mountain.n.01	0.998
124654602	range.n.04	0.997
107878830	mountain.n.01	0.989
107879829	mountain.n.01	0.985
107880044	mountain.n.01	0.993
107880255	mountain.n.01	0.996
107880567	mountain.n.01	0.994
116270194	mountain.n.01	0.999
116270653	mountain.n.01	0.994
124659749	hill.n.01	0.993
116275009	mountain.n.01	0.981
107886432	mountain.n.01	0.996
107892560	mountain.n.01	0.986
116284408	mountain.n.01	0.977
116284451	mountain.n.01	0.989
107898411	mountain.n.01	0.98
107898419	mountain.n.01	0.979
124676665	mountain.n.01	0.992
124676699	mountain.n.01	0.984
124676754	mountain.n.01	0.977
124676793	mountain.n.01	0.993
124676984	mountain.n.01	0.99
107904441	mountain.n.01	0.996
107904484	mountain.n.01	0.991
107904777	mountain.n.01	0.979
107904790	mountain.n.01	0.938
107906079	mountain.n.01	0.992
116295353	mountain.n.01	0.989
107907223	hill.n.01	0.999
107907483	mountain.n.01	0.974
124687037	mountain.n.01	0.99
124687199	mountain.n.01	0.985
107910058	mountain.n.01	0.986
107910281	mountain.n.01	0.966
107910897	mountain.n.01	0.932
124689061	mountain.n.01	0.987
124689133	mountain.n.01	0.986
124689293	mountain.n.01	0.985
124691795	mountain.n.01	0.987
116305677	mountain.n.01	0.984
107919964	mountain.n.01	0.994
107919990	mountain.n.01	0.983
116308784	mountain.n.01	0.991
107922877	hill.n.01	0.998
107927751	mountain.n.01	0.992
107935072	mountain.n.01	0.989
107936032	mountain.n.01	0.99
116325188	mountain.n.01	0.989
124719839	mountain.n.01	0.989
107942866	mountain.n.01	0.997
107943678	mountain.n.01	0.979
107943719	mountain.n.01	0.997
107944700	mountain.n.01	0.997
116336227	mountain.n.01	0.99
107948326	mountain.n.01	0.907
107948334	mountain.n.01	0.962
107948341	mountain.n.01	0.983
107948347	mountain.n.01	0.991
107948359	mountain.n.01	0.994
124727457	mountain.n.01	0.988
124727484	mountain.n.01	0.984
124727672	mountain.n.01	0.991
107951118	mountain.n.01	0.992
107951130	mountain.n.01	0.988
124728528	mountain.n.01	0.993
124728769	mountain.n.01	0.984
107952914	mountain.n.01	0.976
107953069	hill.n.01	0.998
107954077	mountain.n.01	0.99
107955309	mountain.n.01	0.99
107956260	mountain.n.01	0.987
107956489	mountain.n.01	0.995
107957898	mountain.n.01	0.955
107957957	mountain.n.01	0.983
107959773	mountain.n.01	0.982
124740213	range.n.04	None
124741328	hill.n.01	0.999
124741917	mountain.n.01	0.992
124742261	mountain.n.01	0.973
124742278	mountain.n.01	0.986
124742866	mountain.n.01	0.994
124743038	mountain.n.01	0.981
124743041	mountain.n.01	0.977
124743074	mountain.n.01	0.986
124743112	mountain.n.01	0.98
124743387	mountain.n.01	0.969
124743395	mountain.n.01	0.99
124743456	mountain.n.01	0.979
124743537	range.n.04	0.995
124743634	range.n.04	0.994
124743683	mountain.n.01	0.992
124743920	mountain.n.01	0.97
124743956	mountain.n.01	0.955
124744292	range.n.04	0.995
107968501	mountain.n.01	0.974
124746066	mountain.n.01	0.986
124746473	mountain.n.01	0.989
124746500	mountain.n.01	0.992
107969755	mountain.n.01	0.987
107971121	mountain.n.01	0.982
107971325	mountain.n.01	0.887
124750171	ridge.n.01	0.597
124750211	mountain.n.01	0.984
124750716	mountain.n.01	0.991
107973873	mountain.n.01	0.993
124752438	region.n.01	0.642
107978793	mountain.n.01	0.975
124756357	mountain.n.01	0.984
107979282	mountain.n.01	0.995
124756509	hill.n.01	0.996
124756606	mountain.n.01	0.988
124756661	mountain.n.01	0.989
124759264	mountain.n.01	0.984
124759571	mountain.n.01	0.992
124759700	mountain.n.01	0.983
124759805	mountain.n.01	0.987
124759855	mountain.n.01	0.993
124760253	mountain.n.01	0.988
107984249	mountain.n.01	0.991
124770651	mountain.n.01	0.978
107995421	mountain.n.01	0.989
107995998	mountain.n.01	0.997
124773724	mountain.n.01	0.99
108002251	mountain.n.01	0.997
108002258	mountain.n.01	0.998
124779615	mountain.n.01	0.996
124779666	mountain.n.01	0.988
124779733	mountain.n.01	0.981
124779758	mountain.n.01	0.984
124779794	mountain.n.01	0.988
124780155	mountain.n.01	0.996
108003340	mountain.n.01	0.997
108004875	mountain.n.01	0.989
108005463	mountain.n.01	0.995
108006326	mountain.n.01	0.998
108010703	mountain.n.01	0.98
108015375	mountain.n.01	0.983
108035610	mountain.n.01	0.987
108036156	mountain.n.01	0.983
108036716	mountain.n.01	0.985
108037078	hill.n.01	0.998
108037872	mountain.n.01	0.98
108038120	hill.n.01	0.997
108038135	hill.n.01	0.997
108038156	hill.n.01	0.934
108038167	hill.n.01	0.991
108038525	mountain.n.01	0.989
108038675	mountain.n.01	0.975
108038693	mountain.n.01	0.975
108038750	mountain.n.01	0.994
108038784	mountain.n.01	0.99
108041229	mountain.n.01	0.993
108043273	mountain.n.01	0.99
108044006	mountain.n.01	0.981
108044746	mountain.n.01	0.988
108045000	mountain.n.01	0.98
108045857	mountain.n.01	0.986
108061535	mountain.n.01	0.985
108063910	mountain.n.01	0.968
108063945	mountain.n.01	0.995
108064347	mountain.n.01	0.99
108064470	mountain.n.01	0.96
108067305	mountain.n.01	0.985
108067325	mountain.n.01	0.989
108070143	mountain.n.01	0.997
108070586	mountain.n.01	0.988
108070651	mountain.n.01	0.99
108074202	mountain.n.01	0.99
108074974	mountain.n.01	0.99
108077375	hill.n.01	0.652
108080121	mountain.n.01	0.972
108081147	mountain.n.01	0.991
108084644	mountain.n.01	0.992
108087562	mountain.n.01	0.989
108088061	mountain.n.01	0.979
108088246	mountain.n.01	0.987
108099461	mountain.n.01	0.985
108099642	mountain.n.01	0.531
108101468	mountain.n.01	0.989
108102074	mountain.n.01	0.984
108102813	mountain.n.01	0.984
108104822	mountain.n.01	0.976
108108352	mountain.n.01	0.903
108110495	hill.n.01	0.994
108110688	mountain.n.01	0.981
108111583	mountain.n.01	0.984
108111597	mountain.n.01	0.966
108111889	mountain.n.01	0.985
108112035	mountain.n.01	0.65
108112611	mountain.n.01	0.988
108116161	mountain.n.01	0.971
108116267	mountain.n.01	0.899
108117011	mountain.n.01	0.664
108117015	mountain.n.01	0.747
108117018	mountain.n.01	0.703
108117021	mountain.n.01	0.606
108117027	mountain.n.01	0.929
108117031	mountain.n.01	0.964
108118644	mountain.n.01	0.927
108118836	mountain.n.01	0.961
108119854	mountain.n.01	0.988
108119993	mountain.n.01	0.951
108121288	mountain.n.01	0.976
108121292	mountain.n.01	0.966
108121995	mountain.n.01	0.978
108122722	mountain.n.01	0.988
108123580	mountain.n.01	0.981
108124843	mountain.n.01	0.987
108126086	mountain.n.01	0.959
108126509	mountain.n.01	0.981
108126779	mountain.n.01	0.983
108126958	mountain.n.01	0.99
108128101	hill.n.01	0.985
108128117	mountain.n.01	0.988
108128151	mountain.n.01	0.978
108128184	mountain.n.01	0.974
108128259	mountain.n.01	0.99
108128481	mountain.n.01	0.99
108131665	mountain.n.01	0.986
108131697	mountain.n.01	0.875
108135209	mountain.n.01	0.973
108135644	saddle_horse.n.01	0.903
108135656	mountain.n.01	0.971
108136620	mountain.n.01	0.95
108139065	mountain.n.01	0.982
108139866	mountain.n.01	0.994
108140183	mountain.n.01	0.961
108148939	mountain.n.01	0.979
108164494	mountain.n.01	0.986
108164512	mountain.n.01	0.925
108164705	mountain.n.01	0.927
108165093	mountain.n.01	0.935
108165145	mountain.n.01	0.958
108166501	mountain.n.01	0.869
108168402	mountain.n.01	0.939
108169867	mountain.n.01	0.978
108171858	mountain.n.01	0.98
108175240	mountain.n.01	0.973
108176229	mountain.n.01	0.956
108176550	mountain.n.01	0.955
108180871	mountain.n.01	0.984
108181409	mountain.n.01	0.989
108185700	mountain.n.01	0.986
108189483	mountain.n.01	0.99
108196911	mountain.n.01	0.971
108200333	mountain.n.01	0.971
108208584	mountain.n.01	0.871
108208746	mountain.n.01	0.985
108208832	mountain.n.01	0.986
108211952	mountain.n.01	0.975
108219506	mountain.n.01	0.986
108221410	hill.n.01	0.6
108223732	mountain.n.01	0.978
108223918	mountain.n.01	0.989
108223980	mountain.n.01	0.988
108224881	mountain.n.01	0.933
108226375	mountain.n.01	0.977
108226524	mountain.n.01	0.973
108227040	mountain.n.01	0.971
108227472	mountain.n.01	0.879
108227487	mountain.n.01	0.876
108227495	mountain.n.01	0.971
108227521	mountain.n.01	0.983
108228268	mountain.n.01	0.966
108228277	mountain.n.01	0.95
108228957	mountain.n.01	0.976
108228960	mountain.n.01	0.965
108229578	mountain.n.01	0.991
108229613	mountain.n.01	0.982
108229692	mountain.n.01	0.988
108230845	mountain.n.01	0.989
108230870	mountain.n.01	0.976
108231140	mountain.n.01	0.824
108231156	mountain.n.01	0.656
108231329	mountain.n.01	0.977
108231418	mountain.n.01	0.984
108231431	mountain.n.01	0.986
108231481	mountain.n.01	0.821
108232076	mountain.n.01	0.986
108232825	mountain.n.01	0.991
108233022	mountain.n.01	0.98
108233778	mountain.n.01	0.992
108234733	mountain.n.01	0.998
108234801	mountain.n.01	0.968
108236257	mountain.n.01	0.974
108236681	mountain.n.01	0.993
108236767	mountain.n.01	0.986
108237825	mountain.n.01	0.993
108237876	mountain.n.01	0.992
108237902	mountain.n.01	0.985
108238918	mountain.n.01	0.906
108239399	mountain.n.01	0.984
108239403	mountain.n.01	0.958
108239405	mountain.n.01	0.925
108240113	mountain.n.01	0.944
108240116	mountain.n.01	0.97
108242651	mountain.n.01	0.997
108242663	mountain.n.01	0.995
108242687	mountain.n.01	0.969
108242703	mountain.n.01	0.971
108242709	mountain.n.01	0.937
108245591	mountain.n.01	0.91
108245601	mountain.n.01	0.979
108245628	mountain.n.01	0.983
108245908	mountain.n.01	0.993
108247354	mountain.n.01	0.969
108248443	mountain.n.01	0.962
108250271	mountain.n.01	0.918
108250494	mountain.n.01	0.989
108250859	mountain.n.01	0.983
108250912	mountain.n.01	0.991
108251627	mountain.n.01	0.986
108251632	mountain.n.01	0.99
108251720	mountain.n.01	0.991
108251873	mountain.n.01	0.982
108252286	saddle_horse.n.01	0.963
108253047	mountain.n.01	0.993
108254420	mountain.n.01	0.981
108255838	mountain.n.01	0.907
108255852	mountain.n.01	0.936
108255943	mountain.n.01	0.99
108256783	mountain.n.01	0.99
108256810	mountain.n.01	0.968
108256876	mountain.n.01	0.987
108257250	mountain.n.01	0.634
108257918	mountain.n.01	0.953
108258493	mountain.n.01	0.993
108258705	mountain.n.01	0.989
108258855	mountain.n.01	0.98
108259109	mountain.n.01	0.984
108259136	mountain.n.01	0.948
108260257	mountain.n.01	0.982
108261978	mountain.n.01	0.97
108263194	mountain.n.01	0.969
108263276	mountain.n.01	0.981
108263371	mountain.n.01	0.956
108264081	mountain.n.01	0.968
108264155	mountain.n.01	0.987
108264683	mountain.n.01	0.977
108264740	mountain.n.01	0.977
108266208	mountain.n.01	0.967
108266391	mountain.n.01	0.955
108268622	mountain.n.01	0.985
108268663	mountain.n.01	0.975
108270184	mountain.n.01	0.99
108270947	mountain.n.01	0.987
108271449	cypress.n.02	0.527
108271909	mountain.n.01	0.989
108272082	mountain.n.01	0.968
108274820	mountain.n.01	0.982
108274861	mountain.n.01	0.987
108274904	mountain.n.01	0.952
108275276	mountain.n.01	0.985
108275346	mountain.n.01	0.978
108275393	mountain.n.01	0.971
108275804	mountain.n.01	0.977
108278099	mountain.n.01	0.992
108278586	mountain.n.01	0.947
108279238	mountain.n.01	0.982
108282483	mountain.n.01	0.984
108284865	mountain.n.01	0.991
108286800	mountain.n.01	0.987
108287506	hill.n.01	0.998
108292365	mountain.n.01	0.979
108292756	mountain.n.01	0.991
108292761	mountain.n.01	0.983
108294320	mountain.n.01	0.961
108294347	mountain.n.01	0.958
108298010	mountain.n.01	0.829
108300058	mountain.n.01	0.964
108300071	mountain.n.01	0.976
108300230	mountain.n.01	0.96
108302123	mountain.n.01	0.984
108312640	hill.n.01	0.995
108315259	mountain.n.01	0.991
108315552	mountain.n.01	0.973
108316392	mountain.n.01	0.988
108319768	mountain.n.01	0.966
108319778	mountain.n.01	0.922
108320405	mountain.n.01	0.936
108322295	mountain.n.01	0.931
108322327	margin.n.01	0.857
108322637	mountain.n.01	0.987
108327126	mountain.n.01	0.964
108327133	mountain.n.01	0.979
108327304	mountain.n.01	0.992
108327442	mountain.n.01	0.981
108327531	mountain.n.01	0.988
108328221	mountain.n.01	0.968
108329489	mountain.n.01	0.984
108329495	mountain.n.01	0.976
108330772	mountain.n.01	0.975
108335250	mountain.n.01	0.971
108335295	mountain.n.01	0.74
108337033	mountain.n.01	0.989
108337422	mountain.n.01	0.985
108337444	mountain.n.01	0.985
108338820	mountain.n.01	0.949
108339095	mountain.n.01	0.984
108339327	mountain.n.01	0.978
108339348	mountain.n.01	0.986
108339373	mountain.n.01	0.923
108339627	mountain.n.01	0.962
108339821	mountain.n.01	0.781
108340030	mountain.n.01	0.976
108340067	mountain.n.01	0.967
108340094	mountain.n.01	0.95
108340099	mountain.n.01	0.915
108340169	mountain.n.01	0.778
108340180	mountain.n.01	0.982
108340265	mountain.n.01	0.978
108340323	mountain.n.01	0.927
108341664	mountain.n.01	0.984
108342436	mountain.n.01	0.974
108342565	mountain.n.01	0.943
108342595	mountain.n.01	0.97
108342987	mountain.n.01	0.978
108343344	mountain.n.01	0.994
108346253	mountain.n.01	0.983
108349944	mountain.n.01	0.959
108354319	mountain.n.01	0.993
108354382	mountain.n.01	0.947
108354651	mountain.n.01	0.993
108356524	mountain.n.01	0.962
108357300	mountain.n.01	0.982
108361378	mountain.n.01	0.972
108362290	mountain.n.01	0.982
108362347	mountain.n.01	0.979
108362480	mountain.n.01	0.984
108364523	mountain.n.01	0.925
108366355	mountain.n.01	0.992
108366424	mountain.n.01	0.934
108366697	mountain.n.01	0.991
108368481	mountain.n.01	0.944
108374212	mountain.n.01	0.99
108374400	mountain.n.01	0.983
108376451	mountain.n.01	0.945
116775285	mountain.n.01	0.989
100005554	mountain.n.01	0.966
100006268	mountain.n.01	0.993
116784779	mountain.n.01	0.99
116785835	mountain.n.01	0.984
108398436	mountain.n.01	0.987
108399615	mountain.n.01	0.973
100013197	mountain.n.01	0.993
116790876	mountain.n.01	0.989
100014302	mountain.n.01	0.989
100016024	mountain.n.01	0.992
100016306	mountain.n.01	0.992
100016453	mountain.n.01	0.992
100016637	mountain.n.01	0.993
116799577	range.n.04	0.798
100023830	hillside.n.01	None
100024976	mountain.n.01	0.987
116803391	mountain.n.01	0.988
100028896	mountain.n.01	0.982
100029142	mountain.n.01	0.987
116808594	mountain.n.01	0.987
100034799	mountain.n.01	0.993
116812322	mountain.n.01	0.994
116818507	mountain.n.01	0.985
100041712	altitude.n.01	0.924
100043658	peak.n.04	0.981
100052362	mountain.n.01	0.99
116830644	mountain.n.01	0.989
100056334	mountain.n.01	0.986
116833659	hill.n.01	0.997
100059567	mountain.n.01	0.974
100059608	clearing.n.01	None
100059722	mountain.n.01	0.992
116839234	mountain.n.01	0.992
100063647	mountain.n.01	0.991
100063750	mountain.n.01	0.988
100064600	mountain.n.01	0.985
100064828	mountain.n.01	0.992
100066552	mountain.n.01	0.99
100067847	mountain.n.01	0.99
100071059	mountain.n.01	0.975
100072536	mountain.n.01	0.975
100075608	mountain.n.01	0.99
116854840	mountain.n.01	0.994
100078200	altitude.n.01	0.948
100079548	peak.n.04	0.439
116857249	mountain.n.01	0.98
100082572	mountain.n.01	0.978
108472496	mountain.n.01	0.99
100086085	mountain.n.01	0.987
100086536	hillside.n.01	None
100086851	mountain.n.01	0.989
100087619	mountain.n.01	0.984
100089219	altitude.n.01	0.928
100089938	mountain.n.01	0.991
100093818	mountain.n.01	0.989
100096865	mountain.n.01	0.987
116874598	mountain.n.01	0.984
116874935	mountain.n.01	0.991
116877531	mountain.n.01	0.994
100105235	mountain.n.01	0.985
100106096	hill.n.01	0.996
116884464	mountain.n.01	0.989
100109693	mountain.n.01	0.991
100113906	mountain.n.01	0.99
116894182	mountain.n.01	0.974
108506835	hill.n.01	0.992
108510338	mountain.n.01	0.983
108510577	mountain.n.01	0.98
108510654	mountain.n.01	0.97
108510735	mountain.n.01	0.968
108511047	mountain.n.01	0.971
108511269	mountain.n.01	0.954
108511786	range.n.04	None
108511798	mountain.n.01	0.974
108511852	mountain.n.01	0.971
108511854	mountain.n.01	0.971
108512016	mountain.n.01	0.992
108512211	mountain.n.01	0.982
108512216	mountain.n.01	0.995
108512233	mountain.n.01	0.987
108512256	mountain.n.01	0.978
108512263	mountain.n.01	0.991
108512290	mountain.n.01	0.958
108512498	mountain.n.01	0.991
108512568	mountain.n.01	0.988
108512589	mountain.n.01	0.985
108512593	mountain.n.01	0.984
108512627	mountain.n.01	0.974
108512646	mountain.n.01	0.975
100132196	mountain.n.01	0.987
100132599	mountain.n.01	0.989
100138926	mountain.n.01	0.991
100143904	mountain.n.01	0.663
116921846	wood.n.01	0.561
116921945	tree.n.01	0.998
100150095	promontory.n.01	None
100155427	mountain.n.01	0.986
100155457	mountain.n.01	0.974
100158179	mountain.n.01	0.977
100162427	mountain.n.01	0.983
116944886	mountain.n.01	0.97
116945147	mountain.n.01	0.995
116945185	mountain.n.01	0.96
116945199	mountain.n.01	0.978
100167985	mountain.n.01	0.981
116945208	mountain.n.01	0.98
116945292	mountain.n.01	0.933
116945422	mountain.n.01	0.993
116945430	mountain.n.01	0.98
100168314	mountain.n.01	0.997
116945836	mountain.n.01	0.964
116945849	mountain.n.01	0.971
100169069	mountain.n.01	0.995
100169133	wilderness.n.03	0.926
100169725	mountain.n.01	0.991
100170788	mountain.n.01	0.994
100172239	mountain.n.01	0.99
116950576	mountain.n.01	0.994
100173837	mountain.n.01	0.994
100173908	mountain.n.01	0.971
116952916	mountain.n.01	0.992
116956125	mountain.n.01	0.994
116956212	mountain.n.01	0.989
116956433	mountain.n.01	0.991
116956804	mountain.n.01	0.99
116958369	mountain.n.01	0.99
100182750	mountain.n.01	0.992
116962585	mountain.n.01	0.991
116964043	mountain.n.01	0.994
100188411	mountain.n.01	0.967
100188461	mountain.n.01	0.969
100188681	mountain.n.01	0.98
116980488	mountain.n.01	0.978
116982317	mountain.n.01	0.974
108597851	mountain.n.01	0.984
116987984	mountain.n.01	0.997
108600742	mountain.n.01	0.989
100215416	mountain.n.01	0.989
100216559	range.n.04	0.988
100217354	slope.n.01	0.97
116995275	mountain.n.01	0.99
116995347	mountain.n.01	0.989
108606765	mountain.n.01	0.99
100218293	mountain.n.01	0.989
108608548	mountain.n.01	0.978
116998059	mountain.n.01	0.993
117006575	mountain.n.01	0.994
117006981	camp.n.01	0.944
108621976	mountain.n.01	0.984
117011048	hill.n.01	0.999
108622592	mountain.n.01	0.987
108622886	mountain.n.01	0.993
117014224	mountain.n.01	0.995
117014341	mountain.n.01	0.991
117014383	mountain.n.01	0.989
117015216	mountain.n.01	0.992
117015394	mountain.n.01	0.99
117015456	mountain.n.01	0.993
100238284	mountain.n.01	0.991
117015624	mountain.n.01	0.99
117015668	mountain.n.01	0.994
100238528	mountain.n.01	0.987
100238814	hill.n.01	0.994
100238929	mountain.n.01	0.977
100239161	mountain.n.01	0.993
117016377	mountain.n.01	0.99
100239674	mountain.n.01	0.985
117017394	hill.n.01	0.998
100240491	mountain.n.01	0.985
117017807	mountain.n.01	0.994
100240717	hill.n.01	0.998
100241700	hill.n.01	0.991
100242169	hill.n.01	0.992
100242739	mountain.n.01	0.929
100243737	hill.n.01	0.979
100243749	glen.n.01	None
100249297	mountain.n.01	0.992
100250690	mountain.n.01	0.982
100252789	mountain.n.01	0.991
100254491	mountain.n.01	0.992
100260781	mountain.n.01	0.989
100260874	mountain.n.01	0.996
108660719	hill.n.01	0.992
108667003	mountain.n.01	0.994
108667607	mountain.n.01	0.974
108669029	mountain.n.01	0.993
117061338	mountain.n.01	0.994
117063030	mountain.n.01	0.988
117063227	mountain.n.01	0.979
117067346	mountain.n.01	0.995
117067393	mountain.n.01	0.976
117067419	mountain.n.01	0.979
117067478	mountain.n.01	0.989
108679586	mountain.n.01	0.995
117073571	mountain.n.01	0.995
108692147	mountain.n.01	0.993
100304781	mountain.n.01	0.983
117082784	mountain.n.01	0.987
117093921	hill.n.01	0.998
117095237	mountain.n.01	0.994
117095374	hill.n.01	0.996
117095390	mountain.n.01	0.982
117096348	mountain.n.01	0.992
117096895	mountain.n.01	0.979
117096958	mountain.n.01	0.982
117096977	mountain.n.01	0.99
117097296	mountain.n.01	0.993
117097626	mountain.n.01	0.991
117107556	hill.n.01	0.991
108723137	mountain.n.01	0.986
108723263	mountain.n.01	0.985
108723663	mountain.n.01	0.987
100338800	hill.n.01	0.999
117117524	mountain.n.01	0.989
108733010	mountain.n.01	0.993
100348778	mountain.n.01	0.987
117130325	mountain.n.01	0.993
100353175	mountain.n.01	0.987
117130448	mountain.n.01	0.991
100353299	mountain.n.01	0.993
100353337	mountain.n.01	0.998
100353353	hill.n.01	0.999
100353366	hill.n.01	0.999
117130789	mountain.n.01	0.993
100353719	mountain.n.01	0.995
100354684	mountain.n.01	0.991
117132111	mountain.n.01	0.992
117132672	mountain.n.01	0.977
100358826	mountain.n.01	0.983
100358837	hill.n.01	0.996
108747650	hill.n.01	0.999
108754577	hill.n.01	0.995
100369926	hill.n.01	0.992
100373527	hill.n.01	0.998
100374430	mountain.n.01	0.982
100374511	mountain.n.01	0.986
100375323	mountain.n.01	0.978
100375329	mountain.n.01	0.978
100375613	mountain.n.01	0.981
100375625	mountain.n.01	0.989
108771420	crest.n.01	0.701
108771766	peak.n.04	0.647
100383281	hill.n.01	0.998
100383526	hill.n.01	0.997
108772438	hill.n.01	0.998
100383994	hill.n.01	0.956
100387649	hill.n.01	0.999
100392451	mountain.n.01	0.996
100394803	mountain.n.01	0.99
108789302	range.n.04	None
100401750	hill.n.01	0.995
108790903	hill.n.01	0.993
108794526	mountain.n.01	0.986
117191306	mountain.n.01	0.988
117191308	mountain.n.01	0.988
117191824	mountain.n.01	0.994
117199567	mountain.n.01	0.99
108815234	hill.n.01	0.998
108816208	mountain.n.01	0.992
117205115	hill.n.01	0.975
117205383	mountain.n.01	0.995
117206270	mountain.n.01	0.987
108818775	mountain.n.01	0.967
108819683	hill.n.01	0.997
117208819	mountain.n.01	0.993
117210644	mountain.n.01	0.983
117210742	mountain.n.01	0.995
117210925	mountain.n.01	0.99
108822975	hill.n.01	0.994
117212266	mountain.n.01	0.971
108830503	mountain.n.01	0.991
108833516	mountain.n.01	0.987
108836248	mountain.n.01	0.988
117229491	mountain.n.01	0.993
117229633	mountain.n.01	0.994
117229709	mountain.n.01	0.99
117230307	mountain.n.01	0.992
117230464	mountain.n.01	0.989
117232325	mountain.n.01	0.99
117233316	mountain.n.01	0.996
117233677	mountain.n.01	0.994
117234227	mountain.n.01	0.995
117234276	mountain.n.01	0.975
117234950	mountain.n.01	0.987
108850795	mountain.n.01	0.935
100463751	mountain.n.01	0.993
108860172	mountain.n.01	0.993
108860759	mountain.n.01	0.99
108861619	mountain.n.01	0.983
108861675	mountain.n.01	0.986
108861984	mountain.n.01	0.99
100476032	mountain.n.01	0.989
108881687	mountain.n.01	0.985
108885827	mountain.n.01	0.99
108897416	mountain.n.01	0.984
100509425	mountain.n.01	0.974
100509525	hill.n.01	0.993
100524080	mountain.n.01	0.992
108923769	mountain.n.01	0.993
108942028	mountain.n.01	0.995
117342233	mountain.n.01	0.993
117342393	mountain.n.01	0.978
100566858	hill.n.01	0.998
108956780	hill.n.01	0.994
117354582	hill.n.01	0.992
117354726	mountain.n.01	0.985
117358192	hill.n.01	0.99
117363964	mountain.n.01	0.992
117372213	hill.n.01	0.989
100595338	hill.n.01	0.992
100602174	mountain.n.01	0.98
117381220	mountain.n.01	0.981
117381238	mountain.n.01	0.986
100606980	hill.n.01	0.996
100607411	mountain.n.01	0.986
100617905	hill.n.01	0.985
100617917	hill.n.01	0.994
100628108	hill.n.01	0.992
109018207	hill.n.01	0.998
100630564	mountain.n.01	0.99
100630697	mountain.n.01	0.989
100630840	mountain.n.01	0.985
100630878	mountain.n.01	0.994
109019562	mountain.n.01	0.985
100630994	mountain.n.01	0.992
100630996	mountain.n.01	0.989
109019673	mountain.n.01	0.977
100631069	mountain.n.01	0.984
100631092	mountain.n.01	0.991
100631194	mountain.n.01	0.982
100631196	mountain.n.01	0.983
100631373	mountain.n.01	0.991
100631578	mountain.n.01	0.993
100634572	mountain.n.01	0.994
100634988	mountain.n.01	0.985
100635037	mountain.n.01	0.98
100635499	mountain.n.01	0.936
100635650	mountain.n.01	0.986
100636806	mountain.n.01	0.988
100636846	mountain.n.01	0.99
100636848	mountain.n.01	0.99
100638010	mountain.n.01	0.98
100638338	mountain.n.01	0.992
100640756	hill.n.01	0.993
100646990	hill.n.01	0.971
100648698	hill.n.01	0.996
