109052333	deity.n.01	0.834
109052591	deity.n.01	0.589
100664684	deity.n.01	0.809
100665749	deity.n.01	0.462
109056194	god.n.01	0.519
109061324	deity.n.01	0.926
100675518	deity.n.01	0.638
100675565	deity.n.01	0.785
100675712	deity.n.01	0.626
100676205	deity.n.01	0.774
100676979	deity.n.01	0.807
109065895	goddess.n.01	None
100677663	deity.n.01	0.583
100677985	deity.n.01	0.649
100678234	deity.n.01	0.528
100680573	deity.n.01	0.565
100681448	deity.n.01	0.822
100681547	deity.n.01	0.89
100682048	goddess.n.01	None
100682094	goddess.n.01	None
100682303	god.n.01	0.721
100682390	deity.n.01	0.918
100682435	deity.n.01	None
100682671	deity.n.01	0.878
100682971	deity.n.01	0.791
100683354	deity.n.01	0.907
100683403	deity.n.01	0.85
117461245	deity.n.01	0.702
100684716	deity.n.01	0.82
117462271	deity.n.01	0.893
117462327	god.n.01	0.514
100685176	deity.n.01	0.962
100685497	deity.n.01	0.642
109074177	deity.n.01	0.72
109074214	deity.n.01	0.656
100685751	deity.n.01	0.666
100686054	deity.n.01	0.541
100686181	deity.n.01	0.704
100686207	deity.n.01	0.519
100686251	deity.n.01	0.631
100686320	god.n.01	0.585
109075983	deity.n.01	0.762
100688596	god.n.01	0.575
100688622	deity.n.01	0.696
109077476	goddess.n.01	None
109077488	goddess.n.01	None
100688950	deity.n.01	0.811
100690331	deity.n.01	0.879
100691785	deity.n.01	0.668
100691813	deity.n.01	0.794
117469765	deity.n.01	0.992
109083290	deity.n.01	0.725
100695950	deity.n.01	0.6
100696266	deity.n.01	0.607
100696496	deity.n.01	0.804
100696557	deity.n.01	0.787
109085210	deity.n.01	0.724
117473949	deity.n.01	0.916
109086260	deity.n.01	0.867
117475497	deity.n.01	0.736
100700355	deity.n.01	0.718
100702196	deity.n.01	0.9
100703673	deity.n.01	0.869
100703713	god.n.01	0.573
100705895	deity.n.01	0.723
100706380	deity.n.01	0.778
100707495	deity.n.01	0.912
100707548	deity.n.01	0.897
100708594	deity.n.01	0.9
117485917	deity.n.01	0.934
100710502	deity.n.01	0.665
100710856	deity.n.01	0.687
100710970	deity.n.01	0.804
100711728	deity.n.01	0.639
100714569	deity.n.01	0.66
100716082	deity.n.01	0.955
100718799	deity.n.01	0.533
100722440	deity.n.01	0.528
117500749	deity.n.01	None
117500772	deity.n.01	0.529
100724168	deity.n.01	0.742
109113831	deity.n.01	0.593
109114554	deity.n.01	0.728
117503444	deity.n.01	0.947
117503449	deity.n.01	0.882
109115850	deity.n.01	0.529
109115860	deity.n.01	0.813
109117527	deity.n.01	0.834
100729535	deity.n.01	0.562
100729932	deity.n.01	0.609
100730344	deity.n.01	0.779
109119807	deity.n.01	0.531
109119900	deity.n.01	0.884
100732483	deity.n.01	0.835
100732594	deity.n.01	0.825
117510078	deity.n.01	0.502
117510503	god.n.01	0.515
109123574	deity.n.01	0.761
109124672	deity.n.01	0.671
100737010	deity.n.01	0.604
109126032	deity.n.01	0.852
117516981	deity.n.01	0.93
117517018	deity.n.01	0.752
117521962	deity.n.01	0.777
100746340	deity.n.01	0.662
109137165	god.n.01	0.623
117528138	deity.n.01	0.575
100751102	deity.n.01	0.73
100751271	deity.n.01	0.966
100751293	goddess.n.01	None
100753263	deity.n.01	0.752
100755697	deity.n.01	0.789
117533097	deity.n.01	0.58
100757813	deity.n.01	0.918
100760042	deity.n.01	0.632
100761556	deity.n.01	0.655
117539308	deity.n.01	0.86
100763135	deity.n.01	0.841
100763296	deity.n.01	0.814
100764244	deity.n.01	0.939
100765295	god.n.01	0.643
100765386	deity.n.01	0.797
100769682	god.n.01	0.505
100770768	deity.n.01	0.87
100770774	deity.n.01	0.87
117548431	deity.n.01	0.6
117548447	deity.n.01	0.645
117548470	deity.n.01	0.751
100771514	deity.n.01	None
117549245	god.n.03	0.546
117549283	deity.n.01	0.799
117549288	deity.n.01	0.807
100773518	deity.n.01	0.726
100773540	deity.n.01	0.692
117551664	deity.n.01	0.715
117553867	deity.n.01	0.663
109165643	goddess.n.01	None
100777785	deity.n.01	0.509
109167426	goddess.n.01	None
100778865	deity.n.01	0.841
100778983	deity.n.01	0.767
109167629	deity.n.01	0.869
109167980	deity.n.01	0.913
109168010	deity.n.01	0.625
117557290	deity.n.01	0.759
109169591	deity.n.01	0.889
100781444	deity.n.01	0.56
109170613	deity.n.01	0.926
100782560	deity.n.01	0.7
117559977	deity.n.01	0.644
117560072	deity.n.01	0.843
109171701	deity.n.01	0.892
117560585	deity.n.01	0.88
109172612	deity.n.01	0.888
109172743	deity.n.01	0.897
109173565	deity.n.01	0.86
109174343	deity.n.01	0.962
109174484	deity.n.01	0.829
109174818	deity.n.01	0.644
109175743	deity.n.01	0.731
117565543	deity.n.01	0.853
100788891	deity.n.01	0.638
117566528	deity.n.01	0.889
117566557	deity.n.01	0.851
117566649	god.n.01	0.654
117566736	deity.n.01	0.815
100790943	deity.n.01	0.628
117568255	deity.n.01	0.927
117568309	deity.n.01	0.711
100791373	deity.n.01	0.841
109179994	deity.n.01	0.921
100791856	deity.n.01	0.787
100792164	deity.n.01	0.694
100792253	deity.n.01	0.873
100792638	god.n.01	0.687
100792664	deity.n.01	0.901
117570485	deity.n.01	0.521
100793514	deity.n.01	0.932
117570755	deity.n.01	0.894
100794110	deity.n.01	0.519
100794220	deity.n.01	0.867
100794614	deity.n.01	0.655
117571870	deity.n.01	0.912
100794665	deity.n.01	0.947
117571987	deity.n.01	0.907
117571988	deity.n.01	0.91
117572116	deity.n.01	0.643
117572279	deity.n.01	0.745
109183832	deity.n.01	0.838
109183886	deity.n.01	0.835
100795400	deity.n.01	0.746
109184369	deity.n.01	0.775
117573059	deity.n.01	0.871
117573083	deity.n.01	0.802
117573131	deity.n.01	0.603
100796088	deity.n.01	0.902
117573604	deity.n.01	0.577
117574025	deity.n.01	0.849
117574051	deity.n.01	0.814
117574061	deity.n.01	0.697
117574667	god.n.01	0.913
109186242	deity.n.01	0.9
117575187	deity.n.01	0.916
117575291	deity.n.01	0.881
117575385	deity.n.01	0.771
117575600	god.n.01	0.564
117575625	deity.n.01	0.663
117575735	god.n.01	0.699
117575857	god.n.01	0.668
109188198	deity.n.01	0.808
100799698	deity.n.01	0.553
100799770	deity.n.01	0.724
100799780	deity.n.01	0.726
100799893	deity.n.01	0.724
117577231	deity.n.01	None
100800550	deity.n.01	0.804
100800960	deity.n.01	0.874
100801016	deity.n.01	0.775
100801266	deity.n.01	0.88
109190066	deity.n.01	0.87
117578736	deity.n.01	0.609
100801782	deity.n.01	0.539
100801954	deity.n.01	0.833
100802270	deity.n.01	0.638
100802297	deity.n.01	0.948
109190951	deity.n.01	0.695
117579561	god.n.01	0.596
100802414	deity.n.01	0.833
117579945	deity.n.01	0.666
117580091	deity.n.01	0.8
100802990	deity.n.01	0.802
100803011	deity.n.01	0.624
100803050	deity.n.01	0.75
117580472	god.n.01	0.613
117580494	deity.n.01	0.511
109192501	deity.n.01	0.667
100804119	deity.n.01	0.733
100804153	deity.n.01	0.932
100804233	god.n.01	0.48
100804643	god.n.01	0.808
100805134	deity.n.01	0.613
100805170	deity.n.01	0.909
100805400	deity.n.01	0.913
117582648	deity.n.01	0.929
117582798	deity.n.01	0.968
100805665	goddess.n.01	None
100805698	deity.n.01	0.675
100806180	deity.n.01	0.631
100806204	god.n.01	0.596
109194844	deity.n.01	0.729
117583460	deity.n.01	0.9
100806271	deity.n.01	0.917
100806391	deity.n.01	0.651
117583674	deity.n.01	0.948
100806483	deity.n.01	0.83
117583740	deity.n.01	0.761
100806716	deity.n.01	0.8
100806893	god.n.01	0.563
109195706	deity.n.01	0.72
100807102	deity.n.01	0.824
100807119	deity.n.01	0.78
100807134	deity.n.01	0.865
117584464	deity.n.01	0.89
100807345	god.n.01	0.516
100807899	goddess.n.01	None
100808011	deity.n.01	0.708
100808362	deity.n.01	0.729
109197109	deity.n.01	0.853
100808817	deity.n.01	0.715
100808936	deity.n.01	0.965
100809376	god.n.01	0.572
100809460	god.n.01	0.526
100809722	deity.n.01	0.66
100809793	deity.n.01	0.558
100809827	deity.n.01	0.642
109198697	deity.n.01	0.649
100810606	deity.n.01	0.543
100811254	deity.n.01	0.519
100811421	deity.n.01	0.752
100811439	goddess.n.01	None
109200211	deity.n.01	0.638
109200225	deity.n.01	0.587
100811760	deity.n.01	0.508
100811780	deity.n.01	0.822
100812009	god.n.01	0.562
100812158	deity.n.01	0.704
100812669	deity.n.01	0.851
100812796	god.n.01	0.495
100812811	deity.n.01	0.771
100812848	god.n.01	0.618
100813203	deity.n.01	0.866
100813330	deity.n.01	0.853
100813425	deity.n.01	0.876
100813492	deity.n.01	0.797
100813696	deity.n.01	0.597
100813802	god.n.01	0.593
100813858	deity.n.01	0.693
109202585	god.n.01	0.498
100815037	deity.n.01	0.801
100815045	god.n.01	0.728
100815162	deity.n.01	0.763
100815378	deity.n.01	0.789
109204089	deity.n.01	0.568
100815603	god.n.01	0.518
100815669	god.n.01	0.869
100815815	deity.n.01	0.739
100815843	deity.n.01	0.719
100816369	deity.n.01	0.697
100816381	deity.n.01	0.691
100816383	deity.n.01	0.675
109205354	deity.n.01	0.876
109205368	deity.n.01	0.876
109205449	deity.n.01	0.806
100817776	deity.n.01	0.556
100817856	deity.n.01	0.508
100818627	deity.n.01	0.807
109207255	deity.n.01	0.757
100818702	deity.n.01	0.778
100819001	deity.n.01	0.493
109207871	deity.n.01	0.864
100819456	deity.n.01	0.667
109208175	deity.n.01	0.909
109208198	deity.n.01	0.795
100819715	deity.n.01	0.654
100819886	deity.n.01	0.943
100819887	deity.n.01	0.901
100820108	deity.n.01	0.82
100820310	deity.n.01	0.689
100820356	deity.n.01	0.731
100820399	god.n.01	0.534
117597731	deity.n.01	0.607
100820783	god.n.01	0.692
109210403	deity.n.01	0.861
109210527	goddess.n.01	None
109210539	goddess.n.01	None
100822339	god.n.01	0.501
109211096	deity.n.01	0.514
109211106	god.n.01	0.605
100823250	deity.n.01	0.574
100823262	god.n.01	0.519
100823345	deity.n.01	0.898
100823346	deity.n.01	0.898
100823573	deity.n.01	0.658
100823777	deity.n.01	0.592
109212819	deity.n.01	0.754
109212845	deity.n.01	0.78
109212854	deity.n.01	0.648
100824618	deity.n.01	0.528
100824975	god.n.01	0.499
100825033	god.n.01	0.634
100825413	deity.n.01	0.805
100825928	deity.n.01	0.627
100826160	deity.n.01	0.541
109214817	deity.n.01	0.855
109214824	deity.n.01	0.837
100826354	god.n.01	0.696
117603676	deity.n.01	0.837
100826665	deity.n.01	0.901
109215287	god.n.01	0.595
109215315	deity.n.01	0.672
109215323	deity.n.01	0.594
100827056	god.n.01	0.549
100827165	god.n.01	0.616
117604822	deity.n.01	0.731
109216684	deity.n.01	0.845
109216717	deity.n.01	0.719
100828393	deity.n.01	0.67
100828627	deity.n.01	0.785
100828835	god.n.01	0.564
100828998	god.n.01	0.75
100829326	god.n.01	0.541
100829696	deity.n.01	0.814
100829850	deity.n.01	0.916
100830281	deity.n.01	0.947
100830556	deity.n.01	0.896
100830917	deity.n.01	0.893
100830937	deity.n.01	0.894
100831070	deity.n.01	0.503
100831502	deity.n.01	0.835
100831583	deity.n.01	0.879
117608944	deity.n.01	0.891
100832220	god.n.01	0.703
100832573	deity.n.01	0.595
100832699	deity.n.01	0.874
100833006	god.n.01	0.589
117610337	deity.n.01	0.768
100833327	deity.n.01	0.672
117610886	deity.n.01	0.729
100834636	god.n.01	0.517
117611859	deity.n.01	0.78
117612237	deity.n.01	0.922
117612417	god.n.01	0.56
117612460	goddess.n.01	None
100835884	god.n.01	0.546
100836059	deity.n.01	0.797
117613870	god.n.01	0.559
117613951	deity.n.01	0.581
117614016	deity.n.01	0.662
117614043	deity.n.01	0.869
100837543	god.n.01	0.504
117615070	deity.n.01	0.611
100838230	god.n.01	0.728
100838620	deity.n.01	0.837
100838634	deity.n.01	0.687
117616120	deity.n.01	0.864
117616122	deity.n.01	0.84
100839443	deity.n.01	0.874
100839505	deity.n.01	0.654
100840210	god.n.01	0.535
109229660	deity.n.01	None
109229722	goddess.n.01	None
109230069	deity.n.01	0.79
109230097	deity.n.01	0.524
100841733	god.n.01	0.514
100841824	god.n.01	0.532
109230748	deity.n.01	0.769
109230823	deity.n.01	0.756
100842238	deity.n.01	0.574
109230854	deity.n.01	0.717
109230888	deity.n.01	0.817
109230903	deity.n.01	0.787
109230966	deity.n.01	0.857
109231019	deity.n.01	0.941
109231139	deity.n.01	0.739
109231176	deity.n.01	0.797
109231273	deity.n.01	0.824
109231291	deity.n.01	0.781
100842699	deity.n.01	0.791
109231350	deity.n.01	0.885
109231531	goddess.n.01	None
117620161	deity.n.01	0.721
117620229	deity.n.01	0.806
117620238	deity.n.01	0.856
100843299	god.n.01	0.645
109232005	goddess.n.01	None
109232102	goddess.n.01	None
100843604	god.n.01	0.677
109232230	deity.n.01	0.919
100843762	deity.n.01	0.778
109232386	goddess.n.01	None
109232777	deity.n.01	0.912
109232832	deity.n.01	0.915
100844330	deity.n.01	0.632
109233058	deity.n.01	0.879
109233512	deity.n.01	0.981
100844916	god.n.01	0.567
100845124	god.n.01	0.764
109234272	deity.n.01	None
109234314	deity.n.01	0.896
100845757	deity.n.01	0.788
109234456	deity.n.01	0.897
109234473	deity.n.01	0.9
109234483	deity.n.01	0.795
100845897	god.n.01	0.646
109234505	deity.n.01	0.571
109234518	deity.n.01	0.679
100846092	god.n.01	0.549
109234702	deity.n.01	0.791
100846163	deity.n.01	0.529
109235131	deity.n.01	0.836
109235978	deity.n.01	0.822
100847373	deity.n.01	0.701
109236012	deity.n.01	0.673
109236092	goddess.n.01	None
109236123	goddess.n.01	None
109236271	deity.n.01	0.852
100847668	god.n.01	0.625
100847898	deity.n.01	0.808
100847901	deity.n.01	0.678
109236659	deity.n.01	0.535
100848137	deity.n.01	0.577
100848233	deity.n.01	0.712
100848275	god.n.01	0.651
100848311	deity.n.01	0.657
109237142	deity.n.01	0.875
100848627	deity.n.01	0.77
109237641	deity.n.01	None
100849052	deity.n.01	0.519
109237697	deity.n.01	0.881
109237703	deity.n.01	0.891
109237749	deity.n.01	0.816
109237771	deity.n.01	0.919
109237801	deity.n.01	0.919
109238011	deity.n.01	0.881
109238045	deity.n.01	0.664
100849508	god.n.01	0.502
100849999	deity.n.01	0.742
100850063	god.n.01	0.813
100850072	god.n.01	0.52
100850212	deity.n.01	0.584
100850659	deity.n.01	0.851
100850726	god.n.01	0.594
109239600	deity.n.01	None
100851189	deity.n.01	0.824
109239907	god.n.01	0.541
100851434	deity.n.01	0.89
100851665	deity.n.01	0.849
100851757	deity.n.01	0.494
100851819	deity.n.01	0.981
109240431	deity.n.01	0.917
100851888	deity.n.01	0.859
109240506	deity.n.01	0.777
117629651	deity.n.01	0.558
109241050	deity.n.01	0.921
109241350	deity.n.01	0.869
109241430	deity.n.01	0.921
109241445	deity.n.01	0.926
100853012	god.n.01	0.52
100853024	deity.n.01	0.651
100853049	god.n.01	0.526
100853200	deity.n.01	0.678
100853215	deity.n.01	0.806
100853219	deity.n.01	0.765
109242259	deity.n.01	0.853
109242273	deity.n.01	0.97
117631129	deity.n.01	0.751
100853946	deity.n.01	0.687
100854038	deity.n.01	0.739
100854051	deity.n.01	0.504
100854121	deity.n.01	0.693
100854196	deity.n.01	0.511
100854344	deity.n.01	0.804
109244216	deity.n.01	0.811
109244261	deity.n.01	0.568
100855771	deity.n.01	0.516
100855930	deity.n.01	0.661
109244622	deity.n.01	0.679
109244672	deity.n.01	0.808
100856286	deity.n.01	0.528
109245324	deity.n.01	0.818
100856768	deity.n.01	0.795
109245906	deity.n.01	0.766
100857377	deity.n.01	0.776
109246294	deity.n.01	0.693
100857712	deity.n.01	0.741
100857867	deity.n.01	0.914
100858134	deity.n.01	0.848
100858472	deity.n.01	0.746
109247133	deity.n.01	0.926
100858741	deity.n.01	0.773
100858809	deity.n.01	0.88
100858949	deity.n.01	0.593
109247660	deity.n.01	0.851
100859264	deity.n.01	0.905
100859343	deity.n.01	0.776
100859537	deity.n.01	0.577
100860256	deity.n.01	0.729
109249291	deity.n.01	0.637
100861066	deity.n.01	0.895
109249937	deity.n.01	0.893
109250121	deity.n.01	0.582
100861640	deity.n.01	0.661
109250388	deity.n.01	0.745
100861968	deity.n.01	0.606
109250804	goddess.n.01	None
100862263	deity.n.01	0.937
100862321	god.n.01	0.613
100862334	deity.n.01	0.504
100862378	deity.n.01	0.83
100862575	god.n.01	0.655
100862685	goddess.n.01	None
100863397	deity.n.01	0.892
100863429	deity.n.01	0.641
100863446	deity.n.01	0.838
100863650	deity.n.01	0.533
100864175	deity.n.01	0.879
100864221	deity.n.01	0.82
109252924	deity.n.01	0.759
100864517	deity.n.01	0.842
100865420	idol.n.01	0.737
100865657	deity.n.01	0.888
109254847	deity.n.01	0.929
100866292	deity.n.01	0.743
100866478	goddess.n.01	None
109255157	goddess.n.01	None
100866550	deity.n.01	0.831
100866681	deity.n.01	0.795
100866738	deity.n.01	0.94
100866890	deity.n.01	0.812
100866951	deity.n.01	0.897
109255568	deity.n.01	0.822
100867047	deity.n.01	0.767
100867198	deity.n.01	0.951
109255953	deity.n.01	0.779
100867638	god.n.01	0.529
109256762	deity.n.01	0.78
100868195	god.n.01	0.622
100868282	deity.n.01	0.499
100868386	deity.n.01	0.779
100868416	deity.n.01	0.511
100868552	deity.n.01	0.817
100868819	goddess.n.01	None
100869040	deity.n.01	0.824
100869069	deity.n.01	0.739
100869216	deity.n.01	0.759
100869287	deity.n.01	0.882
100869673	deity.n.01	0.769
100869997	deity.n.01	0.91
100870009	deity.n.01	0.842
109258650	deity.n.01	0.757
100870141	deity.n.01	0.907
100870153	deity.n.01	0.886
100870291	deity.n.01	0.635
100870333	deity.n.01	0.916
109258949	deity.n.01	0.957
109258997	deity.n.01	0.959
109259562	goddess.n.01	None
100871111	deity.n.01	0.789
100871137	deity.n.01	0.522
100871316	deity.n.01	0.959
100871948	deity.n.01	0.789
100871971	deity.n.01	0.664
100871982	deity.n.01	0.717
100872092	deity.n.01	0.858
100872354	deity.n.01	0.835
100872804	deity.n.01	0.79
109261509	goddess.n.01	None
100872917	deity.n.01	0.836
100872958	deity.n.01	0.904
100873066	deity.n.01	0.827
100873093	deity.n.01	0.787
100873101	deity.n.01	0.824
100873133	deity.n.01	0.954
100873147	deity.n.01	0.918
109261783	deity.n.01	0.791
100873271	deity.n.01	0.884
100874197	deity.n.01	0.826
100874205	deity.n.01	0.826
109263004	deity.n.01	0.869
100874467	deity.n.01	0.698
109263085	deity.n.01	0.91
100874590	deity.n.01	0.779
100874944	deity.n.01	0.915
100874972	deity.n.01	0.915
100875031	deity.n.01	0.881
100875452	deity.n.01	0.845
100876023	deity.n.01	0.927
100876107	deity.n.01	0.869
100876164	deity.n.01	0.832
100876895	deity.n.01	0.847
100877380	deity.n.01	0.909
100877574	deity.n.01	0.75
100877624	deity.n.01	0.838
100877872	deity.n.01	0.968
100877908	deity.n.01	0.887
100878383	deity.n.01	0.935
100878401	deity.n.01	0.956
100878425	deity.n.01	0.873
109267530	religion.n.01	0.847
100879144	deity.n.01	0.678
100879319	deity.n.01	0.816
100879399	god.n.01	0.535
100879428	deity.n.01	0.824
109268140	deity.n.01	0.903
109268335	deity.n.01	0.67
109268365	deity.n.01	0.962
109268383	deity.n.01	0.743
100879791	deity.n.01	0.823
100879819	god.n.01	0.508
100880053	deity.n.01	0.662
100880071	deity.n.01	0.974
100880100	deity.n.01	0.901
100880364	deity.n.01	0.903
109269184	deity.n.01	0.898
100880581	deity.n.01	0.949
109269615	deity.n.01	0.725
109269975	deity.n.01	0.748
109270463	deity.n.01	0.789
109270546	deity.n.01	0.614
109270663	deity.n.01	0.688
109270671	deity.n.01	0.657
109270852	deity.n.01	0.859
100884266	deity.n.01	0.7
109272962	eden.n.01	0.826
100884981	goddess.n.01	None
109274031	deity.n.01	0.901
109274780	deity.n.01	0.607
109274862	deity.n.01	0.847
109274943	deity.n.01	0.901
109274968	goddess.n.01	None
109275025	goddess.n.01	None
109275119	shrine.n.01	None
109275192	deity.n.01	0.823
109275220	deity.n.01	0.801
109275291	deity.n.01	0.908
100886746	deity.n.01	0.754
109275474	deity.n.01	0.722
100886885	deity.n.01	0.808
109275723	deity.n.01	0.792
109275802	deity.n.01	0.769
100887199	deity.n.01	0.819
109275810	deity.n.01	0.764
100887431	deity.n.01	0.937
109276480	deity.n.01	0.695
109276790	deity.n.01	0.942
109276853	deity.n.01	0.948
109276942	deity.n.01	0.929
109276971	deity.n.01	0.735
109277032	deity.n.01	0.843
109277069	deity.n.01	0.843
109277308	deity.n.01	0.915
100889072	goddess.n.01	None
109277727	deity.n.01	0.789
109278149	goddess.n.01	None
109278302	goddess.n.01	None
100889792	deity.n.01	0.925
109278627	deity.n.01	0.911
100890125	deity.n.01	0.9
109278740	deity.n.01	0.703
100890160	deity.n.01	0.802
109279046	deity.n.01	0.914
109279119	deity.n.01	0.923
109279180	deity.n.01	0.748
109279314	deity.n.01	0.863
109279380	deity.n.01	0.873
117668071	god.n.01	0.564
109279526	deity.n.01	0.893
109279587	deity.n.01	0.84
100891032	deity.n.01	0.653
109279651	deity.n.01	0.821
117668266	deity.n.01	0.833
109279817	deity.n.01	0.497
109279902	deity.n.01	0.895
109279942	deity.n.01	0.646
109280020	deity.n.01	0.823
109280224	deity.n.01	0.891
109280235	deity.n.01	0.926
109280407	deity.n.01	0.945
109280606	deity.n.01	0.921
109280740	deity.n.01	0.915
109280819	deity.n.01	0.953
109281057	deity.n.01	0.717
117669925	deity.n.01	0.896
117669996	deity.n.01	0.74
109282038	deity.n.01	0.855
109282227	deity.n.01	0.542
100893642	deity.n.01	0.924
117670890	god.n.01	0.681
100893708	god.n.01	0.665
109282400	god.n.01	0.496
100894091	deity.n.01	0.825
109282868	goddess.n.01	None
100894311	deity.n.01	0.76
109283037	goddess.n.01	None
100894484	deity.n.01	0.886
100894491	deity.n.01	0.886
109283178	deity.n.01	0.853
109283215	goddess.n.01	None
100894643	deity.n.01	0.878
100894667	deity.n.01	0.522
100894916	deity.n.01	0.551
109283838	deity.n.01	0.923
117672496	deity.n.01	0.609
109284653	deity.n.01	0.569
109284674	deity.n.01	0.871
109284835	deity.n.01	0.934
109284864	deity.n.01	0.95
109284955	deity.n.01	0.83
109285038	deity.n.01	0.843
109285111	deity.n.01	0.96
109285205	deity.n.01	0.801
100896965	goddess.n.01	None
117674761	deity.n.01	0.721
117674864	deity.n.01	0.526
109286702	deity.n.01	0.973
109287884	deity.n.01	0.957
100899286	deity.n.01	0.839
109287900	goddess.n.01	None
109288240	deity.n.01	0.759
117676979	deity.n.01	0.636
109288439	deity.n.01	0.562
117677092	deity.n.01	0.543
117677189	deity.n.01	0.549
109288816	deity.n.01	0.882
100900368	deity.n.01	0.727
117677590	deity.n.01	0.757
109288983	deity.n.01	0.946
109289015	deity.n.01	0.818
109289038	deity.n.01	0.979
117677783	deity.n.01	0.692
109289185	deity.n.01	0.748
109289193	deity.n.01	0.775
117677810	deity.n.01	0.694
109289224	deity.n.01	0.924
117677959	deity.n.01	0.564
117678040	deity.n.01	0.621
109289446	deity.n.01	0.925
117678061	deity.n.01	0.597
109289459	deity.n.01	0.886
117678094	deity.n.01	0.598
109289508	goddess.n.01	None
109289539	god.n.01	0.506
117678208	deity.n.01	0.677
109289614	deity.n.01	0.886
109289735	deity.n.01	0.769
109289784	deity.n.01	0.814
109289791	deity.n.01	0.824
109289875	deity.n.01	0.553
109289879	deity.n.01	0.664
109289903	deity.n.01	0.856
109289915	deity.n.01	0.878
109289954	deity.n.01	0.919
109289964	deity.n.01	0.885
109290054	deity.n.01	0.895
109290056	deity.n.01	0.584
100901451	deity.n.01	0.641
109290167	deity.n.01	0.916
100901581	deity.n.01	0.857
109290232	deity.n.01	0.866
109290442	deity.n.01	0.922
117679176	deity.n.01	0.743
109290807	deity.n.01	0.803
109291249	deity.n.01	0.892
117680115	deity.n.01	0.846
109291754	deity.n.01	0.953
100903241	deity.n.01	0.758
109291869	deity.n.01	0.729
109291921	deity.n.01	0.572
117680895	idol.n.01	0.901
117682006	deity.n.01	0.571
100904816	deity.n.01	0.84
100904864	deity.n.01	0.747
100905277	deity.n.01	0.967
117682510	deity.n.01	0.666
100906857	deity.n.01	0.951
100906882	deity.n.01	0.939
100908251	deity.n.01	0.764
100908266	deity.n.01	0.597
100908459	deity.n.01	0.772
109299298	deity.n.01	0.77
109299361	god.n.01	0.619
109299503	god.n.01	0.406
109299508	idol.n.01	0.493
109299802	god.n.01	0.638
109299834	god.n.01	0.654
109299849	deity.n.01	0.559
100911501	goddess.n.01	None
109300283	deity.n.01	0.697
109301353	god.n.01	0.612
100912933	deity.n.01	0.502
109301611	deity.n.01	0.927
109302117	deity.n.01	0.718
109302344	deity.n.01	0.712
109302407	deity.n.01	0.729
109302435	deity.n.01	0.734
109302457	deity.n.01	0.734
100913856	deity.n.01	0.927
109302480	deity.n.01	0.724
109302783	deity.n.01	0.556
100914406	deity.n.01	0.973
100914424	deity.n.01	0.728
109303234	deity.n.01	0.844
109303270	deity.n.01	0.603
100914743	deity.n.01	0.942
109304076	god.n.01	0.68
109304265	deity.n.01	0.841
109304359	deity.n.01	0.606
117693150	deity.n.01	0.781
109304860	deity.n.01	0.81
109304886	deity.n.01	0.845
109305102	god.n.01	0.71
100916580	deity.n.01	0.519
109305411	deity.n.01	0.591
109305434	deity.n.01	0.801
109305469	deity.n.01	0.598
109305606	deity.n.01	0.933
109305674	deity.n.01	0.846
109305770	god.n.01	0.759
100917236	deity.n.01	0.869
109305994	god.n.01	0.493
109306241	deity.n.01	0.706
117694955	god.n.01	0.585
109306369	deity.n.01	0.585
109306551	deity.n.01	0.655
109306563	deity.n.01	0.747
117695274	deity.n.01	None
100918101	deity.n.01	0.97
117695331	deity.n.01	0.559
117695334	deity.n.01	0.605
117695337	idol.n.01	0.659
100918304	deity.n.01	0.863
109307655	deity.n.01	0.662
109307666	deity.n.01	0.751
109307736	deity.n.01	0.795
109307770	deity.n.01	0.804
100919226	deity.n.01	0.933
100919261	deity.n.01	0.922
100919558	deity.n.01	0.548
109308205	deity.n.01	0.941
109308217	deity.n.01	0.941
109308252	deity.n.01	0.689
109308312	deity.n.01	0.543
100919873	deity.n.01	0.59
109308499	deity.n.01	0.626
109308509	god.n.01	0.604
109308575	deity.n.01	0.517
109308685	deity.n.01	0.664
109308823	god.n.01	0.452
100920409	deity.n.01	0.953
109309020	deity.n.01	0.616
109309021	deity.n.01	0.61
109309201	deity.n.01	0.851
100920650	deity.n.01	0.938
109309268	deity.n.01	0.879
109309286	deity.n.01	0.861
100920748	deity.n.01	0.986
100920753	deity.n.01	0.99
100920802	deity.n.01	0.922
100920815	deity.n.01	0.983
100920837	deity.n.01	0.974
100920840	deity.n.01	0.974
100920942	deity.n.01	0.814
100921017	deity.n.01	0.983
100921193	deity.n.01	0.782
100921220	deity.n.01	0.98
100921229	deity.n.01	0.969
100921234	deity.n.01	0.969
100921268	deity.n.01	0.939
109309988	deity.n.01	0.742
100921430	deity.n.01	0.972
109310082	deity.n.01	0.816
109310202	deity.n.01	0.831
109310295	deity.n.01	0.616
109310302	god.n.01	0.697
109310318	deity.n.01	0.722
109310327	deity.n.01	0.621
100921794	deity.n.01	0.754
100921866	deity.n.01	0.966
109310484	deity.n.01	0.754
109310506	deity.n.01	0.818
100921923	deity.n.01	0.957
100921945	deity.n.01	0.956
100921982	deity.n.01	0.939
109310659	deity.n.01	0.854
109310668	deity.n.01	0.817
109310695	deity.n.01	0.853
109310728	deity.n.01	0.553
100922147	deity.n.01	0.908
100922171	deity.n.01	0.847
100922203	deity.n.01	0.958
100922276	deity.n.01	0.842
100922291	deity.n.01	0.901
100922341	deity.n.01	0.97
109311080	deity.n.01	0.724
109311139	deity.n.01	0.776
109311151	deity.n.01	0.791
109311279	deity.n.01	0.729
109311901	deity.n.01	0.805
100923444	deity.n.01	0.71
109312579	deity.n.01	0.903
109312659	deity.n.01	0.929
109312690	deity.n.01	0.92
109312757	deity.n.01	0.867
109313340	deity.n.01	0.946
109313687	deity.n.01	0.796
109313704	deity.n.01	0.761
109313841	deity.n.01	0.561
109314039	deity.n.01	0.912
100925750	deity.n.01	0.976
109315034	deity.n.01	0.74
109315140	deity.n.01	0.713
109315166	deity.n.01	0.719
109315236	deity.n.01	0.823
109315341	deity.n.01	0.858
109315388	god.n.01	0.871
109315470	god.n.01	0.886
117704134	deity.n.01	0.807
117704177	deity.n.01	0.68
117704373	deity.n.01	0.681
117705290	deity.n.01	None
109317167	deity.n.01	0.972
109317777	deity.n.01	0.627
117706709	deity.n.01	0.875
100930077	deity.n.01	0.791
117707297	deity.n.01	0.514
109319148	deity.n.01	0.874
117707818	god.n.01	0.822
109319226	deity.n.01	0.809
100930673	deity.n.01	0.886
109319885	deity.n.01	0.978
109319911	deity.n.01	0.774
100931365	god.n.01	0.543
109319978	deity.n.01	0.861
109320023	deity.n.01	0.885
109320981	deity.n.01	0.761
117709998	deity.n.01	0.804
100933970	deity.n.01	0.847
100934058	deity.n.01	0.886
100934803	deity.n.01	0.913
100935248	deity.n.01	0.619
100935259	deity.n.01	0.526
100935529	god.n.01	0.553
100935754	deity.n.01	0.633
100935860	deity.n.01	0.902
100935940	deity.n.01	0.937
100935951	deity.n.01	0.858
100935985	deity.n.01	0.932
100936016	deity.n.01	0.6
100936027	deity.n.01	0.921
100936083	deity.n.01	0.981
100936105	deity.n.01	0.984
100936125	deity.n.01	0.986
100936314	deity.n.01	0.971
100936369	deity.n.01	0.965
100938183	deity.n.01	0.978
100939760	deity.n.01	0.792
100940580	deity.n.01	0.926
100941107	deity.n.01	0.824
100941535	goddess.n.01	None
109330550	deity.n.01	0.663
100942778	deity.n.01	0.955
109332051	deity.n.01	0.953
100944241	deity.n.01	0.897
100944265	deity.n.01	0.922
100944982	deity.n.01	0.829
100946032	deity.n.01	0.838
100946087	deity.n.01	0.85
100946235	deity.n.01	0.658
100946253	deity.n.01	0.77
100947320	god.n.01	0.738
117725498	deity.n.01	0.755
117725835	god.n.01	0.602
100951669	deity.n.01	0.971
100952033	deity.n.01	0.946
117730452	deity.n.01	0.735
117730464	god.n.01	0.541
117730604	deity.n.01	0.818
117730639	deity.n.01	0.818
109342440	deity.n.01	0.835
100953876	deity.n.01	0.839
109343371	god.n.01	0.567
109343665	deity.n.01	0.679
117732597	god.n.01	0.603
109343992	deity.n.01	0.768
109345879	deity.n.01	0.953
117734756	deity.n.01	0.773
109346311	deity.n.01	0.806
117735038	deity.n.01	0.807
109348201	deity.n.01	0.887
109348221	deity.n.01	0.763
109349714	deity.n.01	0.879
109351168	deity.n.01	0.895
109352352	deity.n.01	0.673
117741219	deity.n.01	0.823
109354293	deity.n.01	0.951
109356250	deity.n.01	0.61
109356352	deity.n.01	0.725
100970058	deity.n.01	0.908
109359233	deity.n.01	0.607
117748657	deity.n.01	0.605
109360685	deity.n.01	0.755
109360693	deity.n.01	0.755
100972914	deity.n.01	0.932
100973065	deity.n.01	0.799
100973256	deity.n.01	0.971
100973375	deity.n.01	0.578
100975182	goddess.n.01	None
100975597	deity.n.01	0.951
100975731	deity.n.01	0.517
100975768	deity.n.01	0.615
100975787	deity.n.01	0.869
100977560	deity.n.01	0.806
100977564	deity.n.01	0.846
100979078	deity.n.01	0.935
100980482	deity.n.01	0.523
100982766	deity.n.01	0.809
117760174	deity.n.01	0.819
117761475	deity.n.01	0.686
117761494	deity.n.01	0.606
117763413	god.n.01	0.83
100987976	goddess.n.01	None
100991126	deity.n.01	0.557
100991187	deity.n.01	0.7
100991686	deity.n.01	0.929
100991711	deity.n.01	0.957
109383569	god.n.01	0.672
109384639	deity.n.01	None
100997144	deity.n.01	0.951
100999704	deity.n.01	0.829
101000414	goddess.n.01	None
101002448	goddess.n.01	None
109391475	god.n.01	0.847
109391947	god.n.01	0.742
101004233	deity.n.01	0.902
101005390	goddess.n.01	None
101006123	deity.n.01	0.878
101009014	deity.n.01	0.62
101010833	deity.n.01	0.694
109400035	god.n.01	0.808
109401572	deity.n.01	0.53
109401740	deity.n.01	0.707
101013943	deity.n.01	0.84
109402902	god.n.01	0.669
109402914	god.n.01	0.86
101014940	goddess.n.01	None
101015834	deity.n.01	0.903
101015904	god.n.01	0.652
101016964	deity.n.01	0.946
101017471	deity.n.01	0.915
101017641	deity.n.01	0.763
101017664	deity.n.01	0.675
101017725	deity.n.01	0.526
101018628	deity.n.01	0.662
101018642	deity.n.01	0.771
101019073	goddess.n.01	None
101019718	deity.n.01	0.95
101021203	deity.n.01	0.949
101021544	deity.n.01	0.571
109411533	deity.n.01	0.632
101024423	goddess.n.01	None
101024570	goddess.n.01	None
101028723	deity.n.01	0.526
101028933	deity.n.01	0.76
101029451	deity.n.01	0.729
101029471	deity.n.01	0.604
101031700	deity.n.01	0.864
101033869	deity.n.01	0.93
101039704	deity.n.01	0.797
101040228	deity.n.01	0.767
101041387	deity.n.01	0.883
101042724	deity.n.01	0.82
101043159	deity.n.01	0.713
101043196	deity.n.01	0.72
101043360	deity.n.01	0.727
101043554	deity.n.01	0.839
101044152	deity.n.01	0.881
101044879	goddess.n.01	None
101044921	goddess.n.01	None
101044952	goddess.n.01	None
101047318	deity.n.01	0.851
101048519	deity.n.01	0.726
101050873	deity.n.01	0.565
101051424	deity.n.01	0.934
101057264	deity.n.01	0.81
101059634	deity.n.01	0.874
101060268	goddess.n.01	None
101062484	deity.n.01	0.888
101062504	deity.n.01	0.947
101062805	deity.n.01	0.678
101068129	deity.n.01	0.667
101068672	deity.n.01	0.874
101068710	deity.n.01	0.772
101069005	deity.n.01	0.94
101069039	deity.n.01	0.942
101069055	deity.n.01	0.948
101069075	deity.n.01	0.948
101070316	deity.n.01	0.819
101070402	deity.n.01	0.794
101073508	deity.n.01	0.861
101073654	deity.n.01	0.907
101073691	deity.n.01	0.856
101074437	deity.n.01	0.684
101075917	god.n.01	0.706
101082647	goddess.n.01	None
101083045	goddess.n.01	None
101084451	deity.n.01	0.972
101085080	deity.n.01	0.963
101085105	deity.n.01	0.963
101085119	deity.n.01	0.963
101086326	deity.n.01	0.856
101086408	god.n.01	0.503
101090145	deity.n.01	0.976
101093873	deity.n.01	0.876
101096857	deity.n.01	0.771
101107338	deity.n.01	0.648
101110656	deity.n.01	None
101111197	deity.n.01	0.707
109504322	deity.n.01	0.608
109504919	deity.n.01	0.744
109505584	god.n.01	0.565
101117226	deity.n.01	0.83
109506289	deity.n.01	0.873
109506995	deity.n.01	0.712
109506997	deity.n.01	0.712
101129262	god.n.01	0.511
101132509	deity.n.01	0.982
101135676	deity.n.01	0.655
101137688	god.n.01	0.528
101137913	deity.n.01	0.696
101137928	deity.n.01	0.741
101138778	deity.n.01	0.506
101138855	deity.n.01	0.961
101139093	god.n.01	0.688
101139207	deity.n.01	0.529
101139480	deity.n.01	0.718
101140265	deity.n.01	0.524
101140879	deity.n.01	0.58
101141070	goddess.n.01	None
101141931	deity.n.01	0.921
101142046	deity.n.01	0.962
101142605	goddess.n.01	None
109531366	deity.n.01	0.551
109533069	deity.n.01	0.833
109533081	deity.n.01	0.734
101144676	goddess.n.01	None
101146058	goddess.n.01	None
101146503	goddess.n.01	None
101146539	goddess.n.01	None
109535300	deity.n.01	0.88
109535358	deity.n.01	0.697
101146778	goddess.n.01	None
101147126	deity.n.01	0.774
101147582	god.n.01	0.532
101149391	deity.n.01	0.656
101150125	deity.n.01	0.578
101150284	god.n.01	0.636
101150287	deity.n.01	0.703
101150293	deity.n.01	0.542
101150685	deity.n.01	0.817
101150701	deity.n.01	0.67
101151289	deity.n.01	0.841
101151879	deity.n.01	0.594
101152254	god.n.01	0.63
101152949	deity.n.01	0.969
101152971	deity.n.01	0.943
101153007	deity.n.01	0.766
101153069	deity.n.01	0.627
101153153	goddess.n.01	None
101153267	deity.n.01	0.768
101153301	deity.n.01	0.764
101153330	deity.n.01	0.848
101154508	god.n.01	0.709
101154536	god.n.01	0.755
101154704	deity.n.01	0.818
101155429	deity.n.01	0.861
101156776	deity.n.01	0.612
101156896	deity.n.01	0.491
101156921	god.n.01	0.593
101157873	deity.n.01	0.652
101157911	god.n.01	0.519
101157920	deity.n.01	0.679
101157970	deity.n.01	0.781
101157976	deity.n.01	0.905
101158230	deity.n.01	0.547
101159754	god.n.01	0.494
101159857	deity.n.01	0.683
101159876	deity.n.01	0.557
101160087	deity.n.01	0.748
101160108	god.n.01	0.527
101160309	god.n.01	0.764
101161296	deity.n.01	0.856
101162984	goddess.n.01	None
101163082	deity.n.01	0.912
101163905	god.n.01	0.503
101164640	deity.n.01	0.581
101166132	deity.n.01	0.527
117943424	deity.n.01	0.631
101167127	deity.n.01	0.758
101167504	deity.n.01	0.503
101168146	deity.n.01	0.759
117946012	deity.n.01	0.788
101168824	deity.n.01	0.831
117946088	deity.n.01	0.841
117946107	deity.n.01	0.778
117946111	deity.n.01	0.743
117946126	deity.n.01	0.761
117947219	deity.n.01	0.703
101170892	deity.n.01	0.806
101171021	deity.n.01	0.503
101171251	deity.n.01	0.54
101172073	deity.n.01	0.533
117949639	deity.n.01	0.873
101172954	deity.n.01	0.552
101172981	deity.n.01	0.592
101173005	deity.n.01	0.718
101173283	deity.n.01	0.873
101173451	deity.n.01	0.491
101173504	deity.n.01	0.823
101174297	goddess.n.01	None
101174352	goddess.n.01	None
101174826	deity.n.01	0.55
101175019	deity.n.01	0.74
101175199	deity.n.01	0.888
101175231	deity.n.01	0.707
117952632	goddess.n.01	None
101175640	goddess.n.01	None
101176064	goddess.n.01	None
101176198	goddess.n.01	None
117953725	deity.n.01	0.628
117953742	deity.n.01	0.856
101177286	goddess.n.01	None
101177709	deity.n.01	0.809
101178076	deity.n.01	0.729
101178125	deity.n.01	0.621
101178566	deity.n.01	0.612
101178743	deity.n.01	0.663
101179467	deity.n.01	0.808
101179567	god.n.01	0.782
101179663	god.n.01	0.585
117958252	deity.n.01	0.699
101181554	deity.n.01	0.75
101182278	god.n.01	0.613
101182496	deity.n.01	0.851
101183215	deity.n.01	0.719
101183247	deity.n.01	0.857
101183256	deity.n.01	0.857
117962539	deity.n.01	0.853
117962548	deity.n.01	0.924
101185370	deity.n.01	0.844
101185408	deity.n.01	0.858
101185836	deity.n.01	0.762
101186088	deity.n.01	0.819
101186148	deity.n.01	0.687
101186156	deity.n.01	None
101186232	deity.n.01	0.875
101186253	deity.n.01	0.97
101186262	deity.n.01	0.938
101186311	deity.n.01	0.906
101186597	deity.n.01	0.643
117963887	goddess.n.01	None
101186803	deity.n.01	0.719
101186813	deity.n.01	0.719
101187047	deity.n.01	0.697
101187364	deity.n.01	0.779
117964633	deity.n.01	0.825
117964682	deity.n.01	0.918
101187583	deity.n.01	0.951
101188153	deity.n.01	0.84
101188270	deity.n.01	0.823
101188284	deity.n.01	0.743
101188310	deity.n.01	None
101188352	god.n.03	0.609
101188455	deity.n.01	0.814
101188484	deity.n.01	0.702
101188500	deity.n.01	0.617
101188537	deity.n.01	0.857
101188750	deity.n.01	0.881
101189399	god.n.01	0.549
101190601	god.n.01	0.52
101190648	deity.n.01	0.773
101190677	deity.n.01	0.42
101190771	deity.n.01	0.714
101190786	deity.n.01	0.863
101190842	deity.n.01	0.867
101190981	deity.n.01	0.609
117968234	deity.n.01	0.864
101191042	deity.n.01	0.746
117968273	deity.n.01	0.843
101191092	deity.n.01	0.691
101191100	deity.n.01	0.823
101191116	deity.n.01	0.877
101191133	deity.n.01	0.594
117968429	deity.n.01	0.822
101191291	deity.n.01	0.845
117969211	deity.n.01	0.942
117969359	deity.n.01	0.77
101192792	idol.n.01	0.708
101192913	god.n.01	0.572
101192962	deity.n.01	0.908
101192987	deity.n.01	0.919
101193014	deity.n.01	0.912
101193034	deity.n.01	0.833
101193184	deity.n.01	0.799
101193333	god.n.01	0.77
101193348	deity.n.01	0.74
101193407	deity.n.01	0.811
101193453	deity.n.01	0.603
101193596	deity.n.01	0.834
101193685	deity.n.01	0.907
101193693	deity.n.01	0.83
117971123	idol.n.01	0.862
101194459	deity.n.01	0.918
117972958	deity.n.01	0.706
101195807	goddess.n.01	None
117973679	deity.n.01	0.816
101196782	deity.n.01	0.89
101196937	god.n.01	0.584
117974522	deity.n.01	0.693
101198055	goddess.n.01	None
117976021	deity.n.01	0.866
101199616	deity.n.01	0.687
117976865	deity.n.01	0.973
101200042	goddess.n.01	None
117977433	god.n.01	0.651
101200392	goddess.n.01	None
117977663	deity.n.01	0.419
117978188	deity.n.01	0.845
101201156	deity.n.01	0.841
117978684	god.n.01	0.525
117978968	deity.n.01	0.974
117978982	deity.n.01	0.785
117980075	deity.n.01	0.85
117980377	deity.n.01	0.665
117980422	deity.n.01	0.536
117980739	deity.n.01	0.886
101204141	god.n.01	0.689
101205028	deity.n.01	0.627
117982526	deity.n.01	0.764
101205357	goddess.n.01	None
117982577	deity.n.01	0.673
101205721	god.n.01	0.883
117983023	deity.n.01	0.832
117983274	god.n.01	0.733
117983372	god.n.01	0.496
101206165	god.n.01	0.62
117983385	deity.n.01	0.544
117983514	deity.n.01	0.645
101206549	deity.n.01	0.805
117983825	deity.n.01	0.569
101206639	goddess.n.01	None
117983856	god.n.01	0.535
101206800	deity.n.01	0.565
101206875	deity.n.01	0.898
101206896	deity.n.01	0.898
101207006	deity.n.01	0.837
117984227	deity.n.01	0.704
117984236	deity.n.01	0.782
101207087	deity.n.01	0.748
101207181	goddess.n.01	None
101207649	deity.n.01	0.514
117985253	deity.n.01	0.662
117985466	deity.n.01	0.805
117985702	deity.n.01	None
117985869	god.n.01	0.599
117986248	deity.n.01	0.619
101209474	deity.n.01	0.781
101209544	deity.n.01	None
117986829	deity.n.01	0.777
117986894	deity.n.01	0.633
101209771	goddess.n.01	None
117987991	deity.n.01	0.654
101210998	goddess.n.01	None
101211311	goddess.n.01	None
101211557	goddess.n.01	None
101211619	deity.n.01	0.737
117988940	deity.n.01	0.561
101211874	deity.n.01	0.79
101212137	deity.n.01	0.598
101212386	deity.n.01	0.638
117989784	deity.n.01	0.601
117990825	deity.n.01	0.583
117992903	deity.n.01	0.568
117992908	deity.n.01	0.885
101215750	deity.n.01	0.562
117993139	deity.n.01	0.69
117993392	deity.n.01	0.782
101216244	goddess.n.01	None
101216267	goddess.n.01	None
101216718	deity.n.01	0.391
101216735	deity.n.01	0.832
101216888	goddess.n.01	None
101217087	deity.n.01	0.497
101217120	god.n.01	0.658
117994628	deity.n.01	0.649
117994650	deity.n.01	0.656
101217590	deity.n.01	0.59
117994952	deity.n.01	0.529
101217917	deity.n.01	0.745
101217932	deity.n.01	0.779
101217964	deity.n.01	0.671
117995252	deity.n.01	0.782
101218216	deity.n.01	0.895
117995679	deity.n.01	0.533
117995956	deity.n.01	0.615
117996169	god.n.01	0.551
117996176	deity.n.01	None
117996268	deity.n.01	0.617
101219422	goddess.n.01	None
101219762	deity.n.01	0.908
101220155	deity.n.01	0.675
117997375	god.n.01	0.898
117997761	god.n.01	0.541
117998593	deity.n.01	0.539
117998617	god.n.01	0.67
117999052	deity.n.01	0.728
101222332	god.n.01	0.757
117999745	god.n.01	0.536
101222724	god.n.01	0.498
118000000	god.n.01	0.515
101223613	deity.n.01	0.846
118001079	deity.n.01	0.789
118001185	deity.n.01	0.868
118001354	god.n.01	0.654
101224268	deity.n.01	0.782
101225775	goddess.n.01	None
101225779	goddess.n.01	None
101225805	goddess.n.01	None
101225901	deity.n.01	0.568
118003640	deity.n.01	0.793
118003650	deity.n.01	0.924
118004733	deity.n.01	0.724
118005293	deity.n.01	0.826
118005879	deity.n.01	0.826
101228693	goddess.n.01	None
118005997	deity.n.01	0.652
118006084	deity.n.01	0.891
101228928	god.n.01	0.635
118006161	deity.n.01	0.53
118006197	deity.n.01	0.521
118007806	deity.n.01	0.749
101230876	deity.n.01	0.696
101232138	deity.n.01	0.571
118010505	deity.n.01	0.607
118011098	deity.n.01	0.554
101233921	deity.n.01	0.753
101234493	deity.n.01	0.734
101234551	deity.n.01	0.923
101234957	deity.n.01	0.941
118013261	deity.n.01	0.706
118013311	god.n.01	0.662
118013438	deity.n.01	0.581
118013646	god.n.01	0.502
101236733	deity.n.01	0.735
101237045	god.n.01	0.641
101237143	god.n.01	0.541
118014448	deity.n.01	0.553
101237272	deity.n.01	0.738
118014589	god.n.01	0.545
118014611	deity.n.01	0.713
101237404	deity.n.01	0.7
118014644	deity.n.01	0.772
101239380	deity.n.01	None
101239516	god.n.01	0.633
101239680	deity.n.01	0.584
101239810	deity.n.01	0.786
101239874	god.n.03	0.495
101239890	deity.n.01	0.524
101239972	deity.n.01	0.696
101240746	deity.n.01	0.63
101240778	deity.n.01	0.886
101240805	deity.n.01	0.697
101241122	deity.n.01	0.574
101241504	god.n.03	0.541
101241605	deity.n.01	0.668
101242307	deity.n.01	0.908
101242837	deity.n.01	0.798
101242857	deity.n.01	0.91
101243079	deity.n.01	0.785
101251276	deity.n.01	0.677
101254285	deity.n.01	0.722
101254314	deity.n.01	0.564
101254434	deity.n.01	0.767
101254504	deity.n.01	0.69
101256554	deity.n.01	0.759
101263971	deity.n.01	0.762
101265424	deity.n.01	0.75
101265571	deity.n.01	0.796
101265824	deity.n.01	0.919
109655076	deity.n.01	0.911
101267095	deity.n.01	0.74
109655811	god.n.01	0.655
101271271	god.n.01	0.65
101280035	god.n.01	0.61
101280395	deity.n.01	0.536
101280894	deity.n.01	0.682
101281032	deity.n.01	0.552
101281181	god.n.01	0.61
101283785	eden.n.01	0.888
101290064	deity.n.01	0.735
101291844	goddess.n.01	None
101292144	deity.n.01	0.603
101292258	goddess.n.01	None
101292890	eden.n.01	0.613
109682251	deity.n.01	0.811
109683265	deity.n.01	0.832
109683699	god.n.01	0.52
109683922	deity.n.01	0.834
109685823	deity.n.01	0.745
101298350	god.n.01	0.584
109687128	deity.n.01	0.772
101298742	god.n.01	0.653
101298772	god.n.01	0.616
101298894	deity.n.01	0.779
101299910	deity.n.01	0.844
101300405	deity.n.01	0.879
101300425	deity.n.01	0.759
101300479	deity.n.01	0.543
109689111	deity.n.01	0.716
109689628	deity.n.01	0.858
109690842	deity.n.01	0.596
109693026	deity.n.01	0.794
101306769	deity.n.01	0.6
101306842	deity.n.01	0.665
109695891	deity.n.01	0.621
101307881	deity.n.01	0.81
101308515	deity.n.01	0.704
109697373	deity.n.01	0.714
109697426	deity.n.01	0.862
109697433	deity.n.01	0.817
101309117	deity.n.01	0.714
109697976	deity.n.01	0.682
109697984	deity.n.01	0.682
109698012	deity.n.01	0.524
101312161	god.n.01	0.659
101316227	deity.n.01	0.602
101316271	deity.n.01	0.762
101316680	deity.n.01	0.695
101317345	deity.n.01	0.907
101318302	deity.n.01	0.881
101320958	deity.n.01	0.844
101321086	deity.n.01	0.765
101321132	deity.n.01	0.656
101325522	god.n.01	0.583
109715380	deity.n.01	0.947
101328450	deity.n.01	None
109717309	deity.n.01	0.85
109718107	deity.n.01	0.708
109718743	deity.n.01	0.759
101332055	deity.n.01	0.607
109724772	deity.n.01	0.659
109726418	deity.n.01	0.565
109726622	god.n.01	0.64
109729087	god.n.01	0.51
101340808	god.n.01	0.819
109730611	deity.n.01	0.767
101342383	deity.n.01	0.831
109731565	deity.n.01	0.917
109731646	deity.n.01	0.747
101343577	deity.n.01	None
101344056	deity.n.01	0.773
101344116	deity.n.01	0.961
101347709	deity.n.01	0.795
101347748	god.n.01	0.512
101348896	deity.n.01	0.585
101348969	deity.n.01	None
101349167	deity.n.01	None
109740494	dame.n.01	0.57
109740800	god.n.01	0.849
109741859	temple.n.01	0.717
109742266	deity.n.01	0.695
101353772	deity.n.01	0.633
101353782	deity.n.01	0.501
109744229	deity.n.01	0.77
101355746	deity.n.01	None
109745582	god.n.01	0.647
109745618	deity.n.01	0.685
101357588	god.n.01	0.551
101357733	deity.n.01	0.643
101360188	deity.n.01	None
101360310	deity.n.01	0.931
101360338	deity.n.01	0.926
101360432	god.n.01	0.555
101360559	deity.n.01	0.379
101360563	deity.n.01	0.76
101360567	deity.n.01	0.723
101360659	deity.n.01	0.736
101360771	god.n.01	0.783
101360819	god.n.01	0.502
101360835	deity.n.01	0.587
101360852	deity.n.01	0.618
101360856	deity.n.01	0.553
101361460	god.n.01	0.504
101361475	deity.n.01	0.502
101361523	deity.n.01	0.759
101361534	deity.n.01	0.759
101361549	deity.n.01	0.759
109751311	deity.n.01	0.793
109751904	deity.n.01	0.871
101365364	deity.n.01	0.792
101365376	deity.n.01	0.792
101365472	religion.n.01	0.502
101365541	god.n.01	0.62
101365549	god.n.01	0.62
101365661	deity.n.01	0.654
101365694	deity.n.01	0.693
101365765	deity.n.01	0.569
101365787	god.n.01	0.521
109755513	deity.n.01	0.709
101367167	god.n.01	0.535
101367306	deity.n.01	None
101367332	god.n.01	0.684
101367349	deity.n.01	0.771
101367404	deity.n.01	0.672
101367458	god.n.01	0.646
101367535	deity.n.01	0.634
101367705	deity.n.01	0.696
101367784	deity.n.01	0.493
109756590	deity.n.01	0.801
101368100	deity.n.01	0.569
109757128	deity.n.01	0.641
109757179	deity.n.01	0.561
109757342	deity.n.01	0.756
101371128	deity.n.01	0.535
101371177	deity.n.01	0.731
109760059	deity.n.01	0.907
101371694	god.n.01	0.615
101371713	deity.n.01	0.601
101371721	deity.n.01	0.849
101371729	deity.n.01	0.832
101372044	deity.n.01	0.754
101372167	deity.n.01	0.787
101372194	deity.n.01	0.887
101372322	deity.n.01	0.687
101372635	god.n.01	0.53
109761666	deity.n.01	0.568
109761788	deity.n.01	0.852
101373190	deity.n.01	0.827
101373459	deity.n.01	0.797
109764181	deity.n.01	0.555
101375864	deity.n.01	0.818
101375885	deity.n.01	0.566
109764758	deity.n.01	0.683
109764790	deity.n.01	0.719
109765008	deity.n.01	0.674
109765017	deity.n.01	0.706
109765061	deity.n.01	0.799
109765860	deity.n.01	0.899
109766323	deity.n.01	0.763
109767440	deity.n.01	0.92
109769410	deity.n.01	0.708
109769473	deity.n.01	0.911
109771055	goddess.n.01	None
101383243	deity.n.01	0.788
109774556	deity.n.01	0.765
109774583	god.n.03	0.694
109774713	deity.n.01	0.896
109774739	deity.n.01	0.896
109775157	deity.n.01	0.828
109777176	deity.n.01	0.756
109777201	god.n.01	0.691
109777242	deity.n.01	0.559
109779726	deity.n.01	0.68
109779851	deity.n.01	0.716
109780250	deity.n.01	0.72
109780405	deity.n.01	0.882
109781569	deity.n.01	0.913
109781923	deity.n.01	0.803
109782528	deity.n.01	0.931
109782531	deity.n.01	0.848
109782562	deity.n.01	0.516
109782791	deity.n.01	0.815
109782814	deity.n.01	0.759
109782827	deity.n.01	0.62
109783391	deity.n.01	0.757
101395366	deity.n.01	0.608
101395411	god.n.01	0.568
101395445	deity.n.01	0.568
101395894	god.n.01	0.545
101396148	god.n.01	0.737
101396238	deity.n.01	0.792
101396252	deity.n.01	0.792
101396260	deity.n.01	0.513
101396366	deity.n.01	0.738
109785097	deity.n.01	0.567
101396505	deity.n.01	0.719
101396533	deity.n.01	0.892
101396542	deity.n.01	0.787
101396569	deity.n.01	0.723
101396599	deity.n.01	0.775
101396609	deity.n.01	0.868
109785631	deity.n.01	0.794
109785649	deity.n.01	0.76
118174655	deity.n.01	0.838
118174705	deity.n.01	0.894
101398232	god.n.01	0.743
101398248	god.n.01	0.587
101398322	deity.n.01	0.585
109787207	goddess.n.01	None
101398636	god.n.01	0.533
101398667	god.n.01	0.771
101398696	god.n.01	0.83
101398700	deity.n.01	0.761
118176460	deity.n.01	None
101399695	deity.n.01	0.777
101399706	deity.n.01	0.871
101399717	deity.n.01	0.822
101399731	deity.n.01	0.812
101399746	deity.n.01	0.774
101399784	deity.n.01	0.879
101399790	deity.n.01	0.723
101399830	deity.n.01	0.558
118177395	deity.n.01	0.864
118177791	deity.n.01	0.811
109789719	god.n.01	0.508
101401370	deity.n.01	0.55
118178839	deity.n.01	0.913
101401631	god.n.01	0.632
109790345	deity.n.01	None
109790542	god.n.01	0.593
109790585	god.n.01	0.587
109790818	god.n.01	0.496
109790884	deity.n.01	0.707
109790964	deity.n.01	0.721
109790977	deity.n.01	0.742
109790986	deity.n.01	0.7
101402400	deity.n.01	0.672
118180350	deity.n.01	0.714
109791829	deity.n.01	0.94
109791905	deity.n.01	0.941
109791939	deity.n.01	0.858
109791991	deity.n.01	0.913
101404137	deity.n.01	0.757
109793658	god.n.01	0.591
101407360	deity.n.01	0.843
101407624	deity.n.01	0.551
101408004	deity.n.01	0.506
101408036	deity.n.01	0.707
101408061	deity.n.01	0.811
101408113	god.n.01	0.612
101408120	god.n.01	0.64
101409653	god.n.01	0.551
101409714	god.n.01	0.606
101410313	god.n.01	0.504
109801025	deity.n.01	0.846
109801052	deity.n.01	0.715
109801660	deity.n.01	0.577
101413659	god.n.01	0.617
101414293	deity.n.01	0.711
101414335	deity.n.01	0.801
101414419	deity.n.01	0.743
101415009	deity.n.01	0.837
109803943	deity.n.01	0.901
109803975	deity.n.01	0.804
101415649	deity.n.01	0.636
109804665	deity.n.01	0.972
109805052	goddess.n.01	None
101417518	deity.n.01	0.85
109807226	deity.n.01	0.762
109807337	deity.n.01	0.875
109807546	deity.n.01	0.843
109807597	deity.n.01	0.944
109807970	deity.n.01	0.826
109810457	deity.n.01	0.802
109810717	deity.n.01	0.854
109810793	deity.n.01	0.87
109811707	deity.n.01	0.788
101423845	deity.n.01	0.798
101423910	deity.n.01	0.83
109812980	deity.n.01	0.536
109813435	deity.n.01	0.694
101427455	deity.n.01	0.776
101429400	deity.n.01	0.626
101429454	deity.n.01	0.69
101429474	deity.n.01	0.715
101429636	god.n.01	0.523
109818569	deity.n.01	0.51
101429968	deity.n.01	0.677
101431023	goddess.n.01	None
101431530	deity.n.01	0.518
101431556	deity.n.01	0.628
101432120	deity.n.01	0.631
101432264	deity.n.01	0.832
101432821	goddess.n.01	None
101433471	deity.n.01	0.755
101433604	deity.n.01	0.907
101434124	deity.n.01	0.786
101434375	deity.n.01	0.925
109823282	goddess.n.01	None
101435098	deity.n.01	0.568
101435177	deity.n.01	0.541
101435232	deity.n.01	0.904
101435271	deity.n.01	0.926
101435362	god.n.01	0.744
101435432	deity.n.01	0.672
101435485	god.n.01	0.632
101435568	deity.n.01	0.687
101435599	deity.n.01	0.816
101435849	deity.n.01	0.683
101436123	god.n.01	0.547
101436287	deity.n.01	0.967
101436301	deity.n.01	0.894
109827483	deity.n.01	0.884
109828845	deity.n.01	0.911
109828891	deity.n.01	0.805
109829126	deity.n.01	0.69
101440826	god.n.01	0.64
101440957	deity.n.01	0.903
109830059	deity.n.01	0.647
109830176	deity.n.01	0.671
101442856	god.n.01	0.507
109832772	goddess.n.01	None
109832807	goddess.n.01	None
109833617	deity.n.01	0.581
109834535	deity.n.01	0.677
109835287	deity.n.01	0.659
101448368	deity.n.01	0.504
109839161	god.n.01	0.89
101450631	deity.n.01	0.736
101450694	deity.n.01	0.75
109839897	oracle.n.03	0.68
101451298	deity.n.01	0.614
109840138	goddess.n.01	None
109840827	deity.n.01	0.833
109840869	deity.n.01	0.858
109840882	deity.n.01	0.71
109840932	deity.n.01	0.916
109840978	deity.n.01	0.833
109841031	deity.n.01	0.679
101452426	deity.n.01	0.596
101452449	deity.n.01	0.718
101452486	god.n.01	0.714
101452492	god.n.01	0.579
101452499	deity.n.01	0.698
109841279	deity.n.01	0.83
109841307	deity.n.01	0.745
109841351	deity.n.01	0.725
109841374	deity.n.01	0.723
101453088	god.n.01	0.578
101453118	god.n.01	0.548
101453815	deity.n.01	0.648
109843824	deity.n.01	0.629
101455469	deity.n.01	0.769
101455483	deity.n.01	0.907
101455505	deity.n.01	0.937
101455576	deity.n.01	0.943
109844654	deity.n.01	0.726
101456226	deity.n.01	0.645
101456256	deity.n.01	0.672
101456294	god.n.01	0.551
101456309	deity.n.01	0.64
101456328	deity.n.01	0.673
101457145	deity.n.01	0.633
101457535	god.n.01	0.506
101457642	deity.n.01	0.542
101457673	god.n.01	0.612
101457699	deity.n.01	0.544
101457720	deity.n.01	0.602
101457824	god.n.01	0.712
101457849	deity.n.01	0.655
101457876	deity.n.01	0.786
101457893	deity.n.01	0.903
101457950	deity.n.01	0.619
101457976	deity.n.01	0.736
101458030	deity.n.01	0.674
101458072	goddess.n.01	None
101458149	god.n.01	0.653
101458185	deity.n.01	0.662
109847611	deity.n.01	0.795
101460040	deity.n.01	0.736
109850301	god.n.01	0.66
109851417	deity.n.01	0.987
109854067	deity.n.01	0.89
109854075	deity.n.01	0.919
101465910	deity.n.01	0.836
101472260	deity.n.01	0.884
101474207	deity.n.01	0.887
101474705	deity.n.01	0.719
101474809	goddess.n.01	None
101474846	goddess.n.01	None
101474922	goddess.n.01	None
101474941	goddess.n.01	None
101475146	goddess.n.01	None
101476524	deity.n.01	0.589
101476610	deity.n.01	0.889
109865600	deity.n.01	0.581
109865900	deity.n.01	0.663
109866648	goddess.n.01	None
109866868	deity.n.01	0.778
109866890	deity.n.01	0.876
109867009	goddess.n.01	None
109867857	deity.n.01	0.875
101479349	deity.n.01	0.523
101479755	deity.n.01	0.666
109868506	deity.n.01	0.529
101480609	deity.n.01	0.502
101481485	deity.n.01	0.712
109870768	deity.n.01	0.744
101482211	deity.n.01	0.8
109871214	goddess.n.01	None
101482667	deity.n.01	0.67
101482777	deity.n.01	0.601
101482856	god.n.01	0.529
101483118	deity.n.01	0.785
101483151	deity.n.01	0.874
101483955	deity.n.01	0.784
101484718	deity.n.01	0.636
101484913	deity.n.01	0.859
109874630	deity.n.01	0.92
109874678	deity.n.01	0.891
109875125	deity.n.01	0.675
109875639	deity.n.01	0.845
101487404	deity.n.01	0.682
109876344	deity.n.01	None
101488553	deity.n.01	0.509
101489235	deity.n.01	0.807
101489255	deity.n.01	0.685
101489317	deity.n.01	0.738
101490738	god.n.01	0.508
101491887	deity.n.01	0.672
101492716	deity.n.01	0.777
101494211	deity.n.01	0.78
101494722	god.n.01	0.88
109885541	deity.n.01	0.798
101497524	deity.n.01	0.775
101498105	deity.n.01	0.636
101498121	deity.n.01	0.57
101498284	deity.n.01	0.568
101499003	deity.n.01	0.838
101499071	deity.n.01	0.783
101499629	deity.n.01	0.846
101500304	deity.n.01	0.514
101500360	deity.n.01	0.783
101501280	deity.n.01	0.847
101501971	deity.n.01	0.625
101503425	deity.n.01	0.721
109892988	deity.n.01	0.626
109893890	goddess.n.01	None
109894817	god.n.01	0.639
109898043	god.n.01	0.559
101509894	god.n.01	0.83
101510605	deity.n.01	0.728
101511229	deity.n.01	0.668
101511250	deity.n.01	0.576
101511328	deity.n.01	0.865
101511507	deity.n.01	0.681
101511535	deity.n.01	0.721
101511561	deity.n.01	0.688
101511592	deity.n.01	0.808
101511626	deity.n.01	0.673
101511649	deity.n.01	0.603
101511691	deity.n.01	0.665
101511729	deity.n.01	0.684
109900351	god.n.01	0.68
109900385	deity.n.01	0.573
101511799	deity.n.01	0.655
101513338	deity.n.01	0.642
101514046	deity.n.01	0.673
118292102	deity.n.01	0.841
109904679	deity.n.01	0.875
101516114	deity.n.01	0.52
109904766	deity.n.01	0.75
101516198	deity.n.01	0.953
101516222	deity.n.01	0.961
118293519	deity.n.01	0.685
101518794	deity.n.01	0.426
118296306	deity.n.01	0.903
109907973	deity.n.01	0.781
109908641	deity.n.01	0.594
109908698	deity.n.01	0.899
109909159	deity.n.01	0.636
101520961	deity.n.01	0.763
101521117	deity.n.01	0.799
101522013	god.n.01	0.537
101524079	deity.n.01	0.79
118301406	deity.n.01	0.946
118301652	deity.n.01	0.675
118302071	deity.n.01	0.506
109913558	deity.n.01	0.677
118302197	god.n.01	0.637
118303211	god.n.01	0.517
118303231	god.n.01	0.517
118303248	deity.n.01	0.522
118303265	deity.n.01	0.452
118303392	god.n.01	0.463
118303420	god.n.01	0.463
118303727	deity.n.01	0.663
118303820	deity.n.01	0.575
118304284	god.n.01	0.561
101527537	god.n.01	0.557
118304858	deity.n.01	0.714
118305222	deity.n.01	0.743
118305283	deity.n.01	0.853
118305309	deity.n.01	0.882
118305364	deity.n.01	0.625
101528174	eden.n.01	0.84
118305515	deity.n.01	0.591
118305633	deity.n.01	0.736
118305649	deity.n.01	0.883
118305675	deity.n.01	0.893
101528590	deity.n.01	0.83
109917406	goddess.n.01	None
109917420	goddess.n.01	None
109917454	goddess.n.01	None
118306881	deity.n.01	0.935
109919250	deity.n.01	0.916
109919955	deity.n.01	0.881
109920079	deity.n.01	0.845
118308753	deity.n.01	0.605
118309066	deity.n.01	0.552
118309222	deity.n.01	0.927
118309239	deity.n.01	0.662
101532245	deity.n.01	0.555
101532276	deity.n.01	0.804
101532347	deity.n.01	0.96
101532367	deity.n.01	0.986
118309871	god.n.01	0.565
118309903	god.n.01	0.508
118309917	deity.n.01	0.923
118309935	god.n.01	0.726
118310025	god.n.01	0.545
118310058	god.n.01	0.518
101532889	god.n.01	0.514
118310162	deity.n.01	0.534
101533077	deity.n.01	0.78
118310385	god.n.01	0.79
118310407	deity.n.01	0.907
118310415	deity.n.01	0.695
101534380	deity.n.01	0.851
118311668	deity.n.01	0.718
118312235	deity.n.01	0.923
118312260	god.n.01	0.701
118312268	god.n.01	0.745
118312291	deity.n.01	0.83
101535107	deity.n.01	0.648
101535136	deity.n.01	0.558
101535442	deity.n.01	0.677
101535658	deity.n.01	0.742
101535787	deity.n.01	0.836
118313157	god.n.01	0.612
118313465	deity.n.01	0.576
118313479	deity.n.01	0.966
118313553	deity.n.01	0.646
101536524	deity.n.01	0.657
109925155	deity.n.01	0.787
101536898	deity.n.01	0.783
118314124	deity.n.01	0.703
101537188	deity.n.01	0.777
118314527	god.n.01	0.524
118314542	god.n.01	0.51
101537338	god.n.01	0.747
118315165	deity.n.01	0.864
109926564	god.n.01	0.635
109926629	deity.n.01	0.748
109926653	god.n.01	0.51
118315485	deity.n.01	None
109927273	goddess.n.01	None
118316171	goddess.n.01	None
109927905	goddess.n.01	None
118318209	deity.n.01	0.725
101541996	deity.n.01	0.75
109930764	deity.n.01	0.812
101542177	deity.n.01	0.742
109931201	deity.n.01	0.607
109931257	deity.n.01	0.559
109931308	deity.n.01	0.655
109931549	deity.n.01	0.816
118320240	deity.n.01	0.817
118320329	deity.n.01	0.832
118320436	deity.n.01	0.801
101543867	deity.n.01	0.748
118321118	deity.n.01	0.797
118321330	deity.n.01	0.926
118321345	deity.n.01	0.902
109932757	goddess.n.01	None
109932981	deity.n.01	0.867
109933034	deity.n.01	0.908
118321838	deity.n.01	0.666
118321953	deity.n.01	0.825
101544875	deity.n.01	0.867
101545040	deity.n.01	0.689
101545106	deity.n.01	0.873
118323171	god.n.01	0.564
101546764	deity.n.01	0.683
118324297	deity.n.01	0.852
118324319	deity.n.01	0.552
101547127	deity.n.01	0.74
118324363	deity.n.01	0.528
118324410	deity.n.01	0.924
118324445	deity.n.01	0.565
118324471	god.n.01	0.599
118324477	deity.n.01	0.811
109935969	goddess.n.01	None
109936023	goddess.n.01	None
118324677	deity.n.01	0.906
109936102	goddess.n.01	None
118324866	deity.n.01	0.792
109936462	deity.n.01	0.917
101548045	deity.n.01	0.899
101548071	deity.n.01	0.708
118325551	deity.n.01	0.882
118326030	deity.n.01	0.579
118326682	deity.n.01	0.646
118326740	deity.n.01	0.808
118327158	deity.n.01	0.599
101549971	deity.n.01	0.724
109938864	deity.n.01	0.879
118327531	deity.n.01	0.563
101550756	deity.n.01	0.597
101550878	deity.n.01	0.72
101551500	eden.n.01	0.942
118329138	deity.n.01	0.868
118329608	deity.n.01	0.924
118329718	deity.n.01	0.949
118329749	deity.n.01	0.663
101553333	deity.n.01	0.514
101553409	god.n.01	0.523
101553534	deity.n.01	0.728
101554095	deity.n.01	0.695
118331362	deity.n.01	0.864
118331372	deity.n.01	0.839
101554603	god.n.01	0.599
101554729	god.n.01	0.68
101554893	deity.n.01	0.777
118333322	deity.n.01	0.926
118333584	goddess.n.01	None
101556437	deity.n.01	0.706
101556777	deity.n.01	0.784
118334179	goddess.n.01	None
118334187	goddess.n.01	None
101558322	deity.n.01	0.724
109947730	deity.n.01	None
109947771	goddess.n.01	None
109947961	deity.n.01	0.955
109947981	deity.n.01	0.508
109947995	deity.n.01	None
101560503	god.n.01	0.511
118338477	goddess.n.01	None
109950156	deity.n.01	0.662
109950343	deity.n.01	0.67
109950366	goddess.n.01	None
118339308	deity.n.01	0.759
118340121	deity.n.01	0.842
109952165	goddess.n.01	None
118340845	deity.n.01	0.634
101564054	deity.n.01	0.817
109952785	deity.n.01	0.647
109954258	deity.n.01	0.922
109954267	goddess.n.01	None
118343850	deity.n.01	0.75
101566873	deity.n.01	0.697
101567141	deity.n.01	0.592
101567167	deity.n.01	0.926
101567207	deity.n.01	0.851
109956164	goddess.n.01	None
101567928	deity.n.01	0.574
118345352	deity.n.01	0.724
101568272	deity.n.01	0.759
118346359	deity.n.01	0.729
109957829	deity.n.01	0.653
109957833	deity.n.01	0.653
101569480	deity.n.01	0.748
109958470	god.n.01	0.489
101571011	deity.n.01	0.484
101571374	deity.n.01	0.743
109960336	deity.n.01	0.835
101571730	deity.n.01	0.861
109960410	deity.n.01	0.691
109960438	deity.n.01	0.701
118349205	god.n.01	0.713
109960849	god.n.01	0.7
109960932	deity.n.01	0.785
118351024	deity.n.01	0.854
109962536	deity.n.01	0.925
109963008	deity.n.01	0.864
101574519	deity.n.01	0.871
101574590	deity.n.01	0.867
101574921	deity.n.01	0.854
101575066	deity.n.01	0.737
101575428	deity.n.01	0.63
109964254	goddess.n.01	None
101576299	deity.n.01	0.816
101576916	deity.n.01	0.814
101576987	deity.n.01	0.506
101577320	deity.n.01	0.63
101577422	god.n.01	0.527
109966601	deity.n.01	0.886
118355452	god.n.01	0.479
109967013	deity.n.01	0.917
109967035	deity.n.01	0.544
109967204	deity.n.01	0.555
109967606	god.n.03	0.77
101579258	deity.n.01	0.863
101579286	deity.n.01	0.87
101579295	deity.n.01	None
101579332	deity.n.01	0.888
118357288	deity.n.01	0.549
118357450	deity.n.01	0.503
118357480	deity.n.01	0.851
118357518	deity.n.01	0.873
118357588	god.n.01	0.48
118357610	deity.n.01	0.821
118357759	deity.n.01	0.513
118357793	god.n.01	0.541
101581888	deity.n.01	0.613
118359276	deity.n.01	None
118359517	deity.n.01	0.76
118359566	deity.n.01	0.792
118359606	deity.n.01	0.735
118359688	deity.n.01	0.869
118359703	deity.n.01	0.891
118359725	deity.n.01	None
101582548	deity.n.01	0.86
118359815	deity.n.01	0.771
118359842	deity.n.01	0.679
118359874	deity.n.01	0.781
118359954	deity.n.01	0.879
118359964	deity.n.01	0.879
118359998	deity.n.01	0.931
118360025	deity.n.01	0.937
118360043	deity.n.01	0.932
118360179	deity.n.01	0.6
118360246	deity.n.01	0.849
101583188	deity.n.01	0.784
118360857	deity.n.01	0.82
118360937	deity.n.01	0.865
118361075	deity.n.01	0.943
101584265	deity.n.01	0.549
101584921	deity.n.01	0.781
101584976	deity.n.01	0.619
101585753	god.n.01	0.65
101585844	god.n.01	0.652
101585937	eden.n.01	0.881
109974961	deity.n.01	0.531
109975126	deity.n.01	0.854
109975679	deity.n.01	0.699
109975839	deity.n.01	0.627
109977010	deity.n.01	0.797
118365798	deity.n.01	0.554
118365915	deity.n.01	0.673
101588710	deity.n.01	0.792
101588842	deity.n.01	0.915
101588992	deity.n.01	0.764
118367211	deity.n.01	0.915
101590559	deity.n.01	0.861
101590577	deity.n.01	0.819
109979561	deity.n.01	0.761
101590969	god.n.01	0.501
101591124	deity.n.01	0.872
101591394	deity.n.01	0.578
101591553	deity.n.01	0.768
101591845	god.n.01	0.709
101591894	deity.n.01	0.63
101591911	deity.n.01	0.585
109980522	deity.n.01	0.952
109980539	deity.n.01	0.87
118369203	deity.n.01	0.661
109980635	goddess.n.01	None
109980678	goddess.n.01	None
109980709	goddess.n.01	None
109980895	god.n.01	0.858
118369747	deity.n.01	0.76
101592733	deity.n.01	0.756
109981464	god.n.01	0.892
109982039	goddess.n.01	None
118370669	deity.n.01	0.826
101593782	deity.n.01	0.825
118371697	deity.n.01	0.97
118371715	goddess.n.01	None
118372013	deity.n.01	0.921
109983889	deity.n.01	0.88
109983938	deity.n.01	0.896
118372865	deity.n.01	0.863
118372987	deity.n.01	0.676
118373000	deity.n.01	0.833
118373386	deity.n.01	0.521
101596523	deity.n.01	0.652
118373851	god.n.01	0.578
101596733	deity.n.01	0.793
118374031	deity.n.01	0.727
118374268	deity.n.01	0.699
118374297	deity.n.01	0.699
118374330	deity.n.01	0.699
109985898	deity.n.01	0.815
118374852	deity.n.01	0.894
118375146	deity.n.01	0.765
118375294	deity.n.01	0.594
118375509	deity.n.01	0.556
118376044	deity.n.01	0.541
118376141	god.n.01	0.628
101598950	deity.n.01	0.674
118376211	deity.n.01	0.828
118376493	deity.n.01	0.576
118376519	deity.n.01	0.763
118376576	deity.n.01	0.691
118376605	deity.n.01	0.823
118376650	deity.n.01	0.905
118376681	eden.n.01	0.868
118376723	deity.n.01	0.909
118376758	deity.n.01	0.518
118377616	deity.n.01	0.828
118377621	deity.n.01	0.828
118377727	deity.n.01	0.929
118377800	deity.n.01	0.82
109989542	deity.n.01	0.952
118378299	deity.n.01	0.551
109989771	deity.n.01	0.747
118378380	deity.n.01	0.867
101601317	deity.n.01	0.657
109989989	god.n.01	0.52
109990016	deity.n.01	0.626
109990158	deity.n.01	0.592
118378939	goddess.n.01	None
109990548	deity.n.01	0.741
101602072	deity.n.01	0.662
118379361	god.n.01	0.659
109991087	eden.n.01	0.928
118379711	deity.n.01	0.427
101602555	deity.n.01	0.862
101602592	deity.n.01	0.779
101604076	deity.n.01	0.73
101605945	deity.n.01	0.585
101605972	deity.n.01	0.698
109996036	deity.n.01	0.509
118384879	deity.n.01	0.828
101608171	deity.n.01	0.733
101608187	deity.n.01	0.823
101608220	god.n.01	0.598
101608242	deity.n.01	0.776
101608779	deity.n.01	0.593
109998749	deity.n.01	0.966
118387373	deity.n.01	0.688
109998771	goddess.n.01	None
109998946	goddess.n.01	None
109998964	goddess.n.01	None
109999179	goddess.n.01	None
109999284	goddess.n.01	None
109999324	goddess.n.01	None
109999338	goddess.n.01	None
101611898	deity.n.01	0.778
118389406	deity.n.01	0.51
110000863	deity.n.01	0.531
118389900	deity.n.01	0.685
118389913	deity.n.01	0.738
110001716	deity.n.01	0.976
110001785	deity.n.01	0.913
110001799	deity.n.01	0.981
101613436	deity.n.01	0.873
101613558	deity.n.01	0.978
101613595	deity.n.01	None
101613639	deity.n.01	0.703
101614026	religion.n.02	0.578
101614209	deity.n.01	0.703
101614386	deity.n.01	0.728
101614703	deity.n.01	0.668
101614763	deity.n.01	0.702
118393963	deity.n.01	0.577
118393978	goddess.n.01	None
118394021	goddess.n.01	None
118394104	deity.n.01	0.89
101618788	deity.n.01	0.797
101618819	deity.n.01	0.823
110007436	deity.n.01	0.635
101618831	deity.n.01	0.916
101618863	deity.n.01	0.907
101618875	deity.n.01	0.742
101618894	deity.n.01	0.711
118396337	deity.n.01	0.641
118396810	deity.n.01	0.908
110008544	deity.n.01	0.692
118397226	deity.n.01	0.741
101620603	deity.n.01	0.891
101620678	deity.n.01	0.76
101620710	deity.n.01	0.76
101620722	deity.n.01	0.886
101620823	deity.n.01	0.668
118398503	deity.n.01	0.944
118398962	deity.n.01	0.927
101622810	deity.n.01	0.577
101623103	deity.n.01	0.652
101623141	deity.n.01	0.666
101623338	deity.n.01	0.514
101624125	deity.n.01	0.848
118401401	deity.n.01	0.633
118402088	deity.n.01	0.598
101624994	eden.n.01	0.707
101625254	god.n.01	0.739
101625308	deity.n.01	0.714
110014283	deity.n.01	0.801
110014551	deity.n.01	0.719
118403355	deity.n.01	0.762
118403365	deity.n.01	0.637
118404248	god.n.01	0.676
118404257	god.n.01	0.589
118404380	deity.n.01	0.637
118404438	god.n.01	0.59
101627932	deity.n.01	0.752
101628003	deity.n.01	0.819
118405240	god.n.01	0.523
118405617	deity.n.01	0.736
118405663	deity.n.01	0.548
118405715	deity.n.01	0.859
118405733	god.n.01	0.506
118405859	deity.n.01	0.59
118405877	deity.n.01	0.72
118405904	deity.n.01	0.806
118406016	god.n.01	0.641
118406036	deity.n.01	0.836
118406098	deity.n.01	0.558
118406235	deity.n.01	0.899
118406602	deity.n.01	0.549
101630458	god.n.01	0.537
118408037	deity.n.01	0.7
118408441	deity.n.01	0.714
118408504	deity.n.01	0.76
118408532	deity.n.01	0.673
118408557	deity.n.01	0.823
118408602	deity.n.01	0.966
118408651	deity.n.01	0.529
118408746	deity.n.01	0.582
118408922	deity.n.01	0.784
110020711	deity.n.01	0.931
101632243	deity.n.01	0.801
101633180	deity.n.01	0.92
101633264	deity.n.01	0.888
118410518	deity.n.01	0.64
118410583	god.n.01	0.755
101633392	god.n.03	0.499
110022051	deity.n.01	0.832
101633449	deity.n.01	0.905
101633458	deity.n.01	0.853
110022089	deity.n.01	0.913
101633524	goddess.n.01	None
101633593	deity.n.01	0.737
101633748	deity.n.01	0.753
110023207	deity.n.01	0.817
110023223	deity.n.01	0.849
118412094	deity.n.01	0.624
118413102	goddess.n.01	None
118413325	deity.n.01	0.711
118413376	deity.n.01	0.723
101636205	goddess.n.01	None
110025301	goddess.n.01	None
118414119	goddess.n.01	None
118415761	deity.n.01	0.668
118416376	deity.n.01	0.717
110027790	deity.n.01	0.649
110027843	deity.n.01	0.919
118416464	deity.n.01	0.735
118416492	deity.n.01	0.884
118416686	deity.n.01	0.927
118416696	deity.n.01	0.73
110029375	deity.n.01	0.906
110029437	deity.n.01	0.961
110029446	deity.n.01	0.95
110029497	deity.n.01	0.814
110029820	deity.n.01	0.72
110029877	deity.n.01	0.611
110029890	goddess.n.01	None
110029968	goddess.n.01	None
110029982	deity.n.01	0.531
110030006	deity.n.01	None
110030026	idol.n.01	0.469
110030061	deity.n.01	0.817
110030135	deity.n.01	0.806
110030158	deity.n.01	0.466
110030211	deity.n.01	0.866
110030237	deity.n.01	0.951
110030433	deity.n.01	0.687
110031573	deity.n.01	0.816
101643780	deity.n.01	0.736
101643809	deity.n.01	0.696
101643851	goddess.n.01	None
118421815	deity.n.01	0.625
118421956	deity.n.01	0.849
118423378	deity.n.01	0.891
118423960	deity.n.01	0.503
118424111	deity.n.01	0.729
118424941	deity.n.01	0.904
118424951	deity.n.01	None
118425080	deity.n.01	0.553
101647877	god.n.01	0.757
118425181	deity.n.01	0.553
101648185	deity.n.01	0.83
101648272	deity.n.01	0.784
118425695	deity.n.01	0.63
118425789	deity.n.01	0.924
101648726	deity.n.01	0.842
110037934	deity.n.01	0.886
110038068	deity.n.01	0.829
101649532	deity.n.01	0.919
101649708	god.n.03	0.652
101650015	deity.n.01	0.792
101650356	deity.n.01	0.965
118427695	deity.n.01	0.694
101650825	deity.n.01	0.952
101651022	god.n.03	0.504
101651062	deity.n.01	0.867
101651169	deity.n.01	0.769
101651400	deity.n.01	0.642
118428671	deity.n.01	0.512
118428680	deity.n.01	0.657
118428708	god.n.01	0.821
101651609	deity.n.01	0.57
101652068	god.n.01	0.524
118429306	deity.n.01	0.767
101652458	deity.n.01	0.727
101653180	god.n.01	0.509
101653519	deity.n.01	0.857
101653727	deity.n.01	0.742
118431122	deity.n.01	0.752
101653937	deity.n.01	0.824
101654083	god.n.01	0.509
118431308	deity.n.01	0.835
101654232	deity.n.01	0.624
101654269	deity.n.01	0.907
101654471	deity.n.01	0.958
101654684	deity.n.01	0.639
101654755	deity.n.01	0.542
101655301	deity.n.01	0.888
110044102	deity.n.01	0.622
101655555	deity.n.01	0.624
101655591	deity.n.01	0.725
101655598	deity.n.01	0.806
110044231	deity.n.01	0.9
110044291	deity.n.01	0.677
101655921	deity.n.01	0.508
118433879	deity.n.01	0.756
101656705	deity.n.01	0.942
101656846	deity.n.01	0.516
101656989	deity.n.01	0.791
101657041	deity.n.01	0.829
118434322	deity.n.01	0.567
118434349	deity.n.01	0.595
101657281	deity.n.01	0.692
101657366	deity.n.01	0.742
110046358	deity.n.01	0.847
110046495	deity.n.01	0.742
118435554	deity.n.01	0.515
101658845	deity.n.01	0.612
118436077	deity.n.01	0.863
118436123	deity.n.01	0.554
101659069	deity.n.01	0.883
101659175	deity.n.01	0.689
101659513	deity.n.01	0.654
110048156	god.n.01	0.655
101659772	deity.n.01	0.848
101659844	deity.n.01	0.927
118437723	deity.n.01	None
118437934	deity.n.01	None
101660736	deity.n.01	0.694
101660841	deity.n.01	0.742
101661337	deity.n.01	0.799
101661612	deity.n.01	0.531
101662186	deity.n.01	0.726
101662280	deity.n.01	0.663
101662384	deity.n.01	0.552
110051241	deity.n.01	0.716
101662937	deity.n.01	0.88
101663234	deity.n.01	0.69
101663453	deity.n.01	0.968
101663650	deity.n.01	0.843
110053565	deity.n.01	0.603
110053755	deity.n.01	0.914
101665156	goddess.n.01	None
110053806	deity.n.01	0.961
101665529	deity.n.01	0.799
101665691	deity.n.01	0.807
101666210	deity.n.01	0.652
101666311	deity.n.01	0.86
101666894	deity.n.01	0.768
101667482	deity.n.01	0.634
101667569	goddess.n.01	None
101667817	deity.n.01	0.933
101667905	goddess.n.01	None
118445396	deity.n.01	None
101668219	deity.n.01	0.768
101668253	deity.n.01	0.879
101668627	deity.n.01	0.903
101668965	deity.n.01	0.828
101669681	deity.n.01	0.674
101669883	deity.n.01	0.654
101669887	deity.n.01	0.632
101669910	deity.n.01	0.793
118448099	deity.n.01	0.916
118448113	deity.n.01	0.844
101670986	deity.n.01	0.887
101671409	deity.n.01	0.823
118448833	deity.n.01	0.84
118448856	deity.n.01	0.8
118448866	deity.n.01	0.769
101671669	deity.n.01	0.797
118448970	deity.n.01	0.809
101671799	deity.n.01	0.831
118449914	deity.n.01	0.935
101672909	deity.n.01	0.828
101672915	deity.n.01	0.841
118450152	deity.n.01	0.679
118450365	deity.n.01	0.584
110061870	deity.n.01	0.87
118450510	deity.n.01	0.646
118450538	deity.n.01	0.621
118450555	god.n.01	0.826
101674122	deity.n.01	0.937
101674173	deity.n.01	0.763
101674199	deity.n.01	0.747
101674295	deity.n.01	0.795
118451663	deity.n.01	0.412
101674595	deity.n.01	0.641
101674709	deity.n.01	0.932
118452148	deity.n.01	0.863
101674933	deity.n.01	0.804
101674954	deity.n.01	0.805
101675065	deity.n.01	0.728
110063781	deity.n.01	0.853
101675185	deity.n.01	0.913
101675208	deity.n.01	0.729
110063905	deity.n.01	0.799
101675377	deity.n.01	0.797
118452601	deity.n.01	0.87
101675415	deity.n.01	0.748
118452648	deity.n.01	0.887
101675461	deity.n.01	0.645
101675465	deity.n.01	0.562
101675510	deity.n.01	0.89
101675576	deity.n.01	0.702
101675638	deity.n.01	0.696
101675685	deity.n.01	0.83
101675759	deity.n.01	0.851
101675781	deity.n.01	0.761
118453074	deity.n.01	0.98
101675863	deity.n.01	0.826
101675873	deity.n.01	0.826
118453101	deity.n.01	0.906
118453149	deity.n.01	0.559
101675950	deity.n.01	0.725
118453167	deity.n.01	0.954
118453226	deity.n.01	0.623
118453278	deity.n.01	0.893
118453402	deity.n.01	0.805
101676218	deity.n.01	0.874
101676272	deity.n.01	0.847
101676345	deity.n.01	0.74
101676409	deity.n.01	0.55
101676498	deity.n.01	0.542
101676529	deity.n.01	0.523
101677296	god.n.01	0.579
101677356	deity.n.01	0.753
101677426	deity.n.01	0.691
101677530	deity.n.01	0.799
101677534	deity.n.01	0.797
101677538	deity.n.01	0.797
101677556	deity.n.01	0.795
118454786	god.n.01	0.495
101677593	deity.n.01	0.798
118454820	deity.n.01	0.834
118454827	deity.n.01	None
101677618	deity.n.01	0.745
101677646	deity.n.01	0.814
101677714	deity.n.01	0.725
101677760	deity.n.01	0.63
101677842	deity.n.01	0.606
101677885	deity.n.01	0.534
118455123	deity.n.01	0.906
101678023	deity.n.01	0.81
101678030	deity.n.01	0.81
101678095	deity.n.01	0.758
101678179	deity.n.01	0.635
101678212	deity.n.01	0.638
101678279	god.n.01	0.621
101678303	deity.n.01	0.597
101678340	deity.n.01	0.554
118455568	deity.n.01	0.88
101678362	deity.n.01	0.668
118455588	deity.n.01	0.495
101678452	deity.n.01	0.75
101678577	god.n.01	0.616
101679211	deity.n.01	0.772
110067994	deity.n.01	0.972
118457069	deity.n.01	0.857
101680246	deity.n.01	0.916
110068901	deity.n.01	0.798
110068921	deity.n.01	0.613
101680719	deity.n.01	0.566
118457970	god.n.01	0.501
118458009	deity.n.01	0.635
118458043	god.n.01	0.602
118458137	deity.n.01	0.728
118458203	deity.n.01	0.709
118458492	deity.n.01	0.863
101681392	deity.n.01	0.787
101681644	deity.n.01	0.845
101682480	deity.n.01	0.825
101682517	deity.n.01	0.765
101682546	deity.n.01	0.908
101682553	deity.n.01	0.893
101682592	deity.n.01	0.844
101682607	deity.n.01	0.849
101682626	deity.n.01	0.91
101682840	deity.n.01	0.617
101682845	deity.n.01	0.617
118460117	deity.n.01	0.677
118460133	deity.n.01	0.943
101683072	deity.n.01	0.924
101683076	deity.n.01	0.807
101683097	deity.n.01	0.876
101683114	deity.n.01	0.779
101683119	deity.n.01	0.779
101683134	deity.n.01	0.632
101683154	deity.n.01	0.81
101683160	deity.n.01	0.678
101683249	deity.n.01	0.883
118460476	deity.n.01	0.687
110071906	deity.n.01	0.744
118460635	deity.n.01	0.874
118460667	deity.n.01	0.885
101683480	goddess.n.01	None
101683735	deity.n.01	0.516
118461003	deity.n.01	0.737
101683872	god.n.01	0.545
118461162	deity.n.01	0.843
118461170	deity.n.01	0.768
118461212	deity.n.01	0.871
101684039	god.n.01	0.624
118461430	deity.n.01	0.54
118461517	god.n.01	0.514
118461806	deity.n.01	0.553
118461846	deity.n.01	0.735
118461882	deity.n.01	0.953
118462315	deity.n.01	0.887
118463029	deity.n.01	0.625
118463636	deity.n.01	0.862
101686482	deity.n.01	0.822
101686497	deity.n.01	0.822
110075850	deity.n.01	0.773
118465310	deity.n.01	0.55
118466469	deity.n.01	0.926
101689326	god.n.01	0.541
118466595	deity.n.01	0.768
118468257	deity.n.01	None
118468281	deity.n.01	0.872
118468391	deity.n.01	0.916
118468892	deity.n.01	0.535
101692436	deity.n.01	0.903
118469917	deity.n.01	0.701
118469994	god.n.01	0.51
118470088	deity.n.01	0.714
118470295	deity.n.01	0.724
110082571	deity.n.01	0.947
118471367	deity.n.01	0.721
101694223	deity.n.01	0.68
101695466	deity.n.01	0.884
110084157	deity.n.01	0.742
101695974	deity.n.01	0.793
101695987	deity.n.01	0.579
101696145	deity.n.01	0.597
118473469	deity.n.01	0.796
101696346	deity.n.01	0.786
101696412	deity.n.01	0.866
101696458	deity.n.01	0.724
118474200	deity.n.01	0.717
118475769	deity.n.01	0.751
118475845	deity.n.01	0.807
101699093	deity.n.01	0.678
118476526	deity.n.01	0.672
110088410	idol.n.01	0.648
110088580	deity.n.01	0.855
118477743	deity.n.01	0.775
118477763	deity.n.01	0.767
118478934	deity.n.01	0.692
101704388	deity.n.01	0.656
101704909	deity.n.01	0.553
118482239	deity.n.01	0.908
118482266	deity.n.01	0.846
118482295	deity.n.01	0.739
118482986	deity.n.01	0.615
118483111	deity.n.01	0.737
118483159	deity.n.01	0.895
101705959	god.n.01	0.675
101707459	god.n.01	0.609
118488205	deity.n.01	0.791
118488896	god.n.01	0.494
118490528	deity.n.01	0.651
118491047	deity.n.01	0.668
118491274	deity.n.01	0.908
118491724	deity.n.01	0.62
118491953	deity.n.01	0.588
101715484	god.n.01	0.857
101716177	deity.n.01	0.693
118494090	goddess.n.01	None
118494221	deity.n.01	None
118494452	deity.n.01	0.923
101717352	deity.n.01	0.861
101717365	deity.n.01	0.756
101717376	deity.n.01	0.709
118495578	deity.n.01	0.638
118495755	deity.n.01	0.597
118496323	goddess.n.01	None
101719885	deity.n.01	0.692
118500152	deity.n.01	0.762
101723241	deity.n.01	0.862
101723299	deity.n.01	0.879
101723347	deity.n.01	0.697
118501295	deity.n.01	0.939
118501448	deity.n.01	0.751
118501600	deity.n.01	0.648
118501713	deity.n.01	0.578
118501720	god.n.01	0.536
101724936	deity.n.01	0.831
101724977	deity.n.01	0.866
101725440	deity.n.01	0.898
101725452	deity.n.01	0.857
101725515	deity.n.01	0.891
101725882	deity.n.01	0.552
101726679	deity.n.01	0.871
101726808	deity.n.01	0.773
101727042	deity.n.01	0.916
101727241	deity.n.01	0.971
101727269	deity.n.01	0.95
118504487	deity.n.01	0.791
118504710	deity.n.01	0.709
101727845	deity.n.01	0.845
118505201	deity.n.01	0.564
101728140	goddess.n.01	None
101728171	goddess.n.01	None
101728231	deity.n.01	0.918
101728330	deity.n.01	0.819
101728400	deity.n.01	0.77
101728477	deity.n.01	0.94
101728664	deity.n.01	0.787
101728848	deity.n.01	None
101728871	deity.n.01	0.599
118506284	deity.n.01	0.722
101729183	goddess.n.01	None
101729312	deity.n.01	0.989
101729327	deity.n.01	0.764
101729329	deity.n.01	0.764
101729500	deity.n.01	0.759
101729633	deity.n.01	0.816
101729732	deity.n.01	0.556
118507381	deity.n.01	0.701
118508037	deity.n.01	0.865
118508096	deity.n.01	0.697
118508251	deity.n.01	0.823
118508256	deity.n.01	0.805
118508406	deity.n.01	0.854
118508668	deity.n.01	0.528
118508753	deity.n.01	0.681
118508766	deity.n.01	0.763
118509267	deity.n.01	0.761
118509570	deity.n.01	0.658
118509598	deity.n.01	0.897
118509734	deity.n.01	0.814
118509831	deity.n.01	0.578
101732767	deity.n.01	0.597
118510061	deity.n.01	0.884
118510799	deity.n.01	0.549
118510912	deity.n.01	0.827
118513064	deity.n.01	0.872
118513099	deity.n.01	0.854
101736327	deity.n.01	0.765
101736449	deity.n.01	0.641
101736463	deity.n.01	0.614
118516311	deity.n.01	0.964
118516337	deity.n.01	0.947
101739179	deity.n.01	0.731
118516970	deity.n.01	0.739
118517393	deity.n.01	0.937
101741541	deity.n.01	0.743
101746037	deity.n.01	0.527
101746576	deity.n.01	0.97
101746867	deity.n.01	0.633
101747663	god.n.01	0.706
101748751	deity.n.01	0.776
101749926	eden.n.01	0.894
101750104	deity.n.01	0.719
101750472	god.n.01	0.387
101750482	deity.n.01	0.547
101750567	deity.n.01	0.639
101753484	deity.n.01	0.677
101755745	deity.n.01	0.69
101755798	deity.n.01	0.857
110155589	deity.n.01	0.78
101769393	deity.n.01	0.695
101769405	deity.n.01	0.898
101769420	deity.n.01	0.912
101769453	deity.n.01	0.783
101769480	deity.n.01	0.687
101769521	deity.n.01	0.718
101775412	deity.n.01	0.888
101778741	eden.n.01	0.892
110169203	deity.n.01	0.66
110169292	deity.n.01	0.907
110173320	deity.n.01	0.709
110174610	deity.n.01	0.717
101787410	deity.n.01	0.523
101788439	deity.n.01	0.936
110178394	deity.n.01	0.729
110178633	goddess.n.01	None
101792884	deity.n.01	0.927
101793539	deity.n.01	0.826
101794020	deity.n.01	0.804
101794607	deity.n.01	0.916
101794653	deity.n.01	0.625
101794785	deity.n.01	0.787
110184504	deity.n.01	0.729
101800275	deity.n.01	0.551
101800298	deity.n.01	0.691
110196490	deity.n.01	0.815
110196502	deity.n.01	0.854
101811458	deity.n.01	0.589
110207985	deity.n.01	0.693
110213181	deity.n.01	0.669
101826807	goddess.n.01	None
101826853	goddess.n.01	None
101826884	god.n.01	0.549
101828419	god.n.01	0.555
101828451	deity.n.01	0.495
101828597	deity.n.01	0.794
101829879	deity.n.01	0.609
101830637	divinity.n.02	0.978
101831780	deity.n.01	0.599
101831791	deity.n.01	0.674
101832136	goddess.n.01	None
101832873	god.n.03	0.682
101834833	god.n.01	0.549
101845071	deity.n.01	0.861
101845088	deity.n.01	0.861
101845989	deity.n.01	0.741
101846447	deity.n.01	0.567
101846569	god.n.01	0.714
101848862	deity.n.01	0.717
101849308	deity.n.01	0.9
101849326	deity.n.01	0.906
101849421	deity.n.01	0.405
101849456	deity.n.01	0.529
101849666	deity.n.01	0.776
101849676	deity.n.01	0.838
101849697	deity.n.01	0.683
101849777	deity.n.01	0.863
101850084	deity.n.01	0.552
101850184	deity.n.01	0.693
101850199	deity.n.01	0.666
101850218	deity.n.01	0.604
101850347	deity.n.01	0.883
101850403	deity.n.01	0.754
101850461	deity.n.01	0.895
101850579	godhead.n.01	None
101850669	deity.n.01	0.83
101850857	goddess.n.01	None
101851537	deity.n.01	0.5
101851552	deity.n.01	0.685
101852605	deity.n.01	0.635
118629940	deity.n.01	0.827
101852886	deity.n.01	0.731
101853435	deity.n.01	0.684
101853492	deity.n.01	0.612
101853511	deity.n.01	0.5
101853583	deity.n.01	0.758
101853878	deity.n.01	0.884
101854191	deity.n.01	0.693
101854218	deity.n.01	0.528
101854226	deity.n.01	0.892
118631850	oracle.n.02	0.715
118631895	deity.n.01	0.626
118632309	prophet.n.01	0.815
118632327	deity.n.01	0.567
118632466	oracle.n.02	0.636
101855338	deity.n.01	0.766
101855375	god.n.01	0.527
101855490	deity.n.01	0.867
101855521	deity.n.01	0.778
101856067	deity.n.01	0.804
101856096	deity.n.01	0.919
101856183	deity.n.01	0.947
101856193	deity.n.01	0.876
101856245	deity.n.01	0.733
101856376	deity.n.01	0.887
101856500	deity.n.01	0.879
101856540	god.n.01	0.591
101856571	deity.n.01	0.643
101856574	deity.n.01	0.634
101856769	god.n.03	0.598
101856876	deity.n.01	0.503
101856930	deity.n.01	0.924
101856941	deity.n.01	0.873
101856969	deity.n.01	0.875
101856984	deity.n.01	0.692
101856997	deity.n.01	0.763
101857108	deity.n.01	0.812
101857241	god.n.01	0.462
101858527	god.n.01	0.646
101858893	deity.n.01	0.832
101859118	god.n.03	0.57
101859153	deity.n.01	0.616
101859163	deity.n.01	0.802
101859208	deity.n.01	0.729
101859225	deity.n.01	0.521
101859275	deity.n.01	0.679
101859301	deity.n.01	0.725
101859369	deity.n.01	0.811
101859455	deity.n.01	0.551
101859537	deity.n.01	0.949
101859823	deity.n.01	0.761
118639307	deity.n.01	0.768
101864221	deity.n.01	0.823
101864470	deity.n.01	0.65
101864590	deity.n.01	None
110253497	goddess.n.01	None
118642750	goddess.n.01	None
118642780	goddess.n.01	None
101866161	god.n.01	0.608
118647719	deity.n.01	0.783
118647748	deity.n.01	0.785
118648006	deity.n.01	0.734
101871319	god.n.01	0.487
101873518	deity.n.01	0.54
101873623	deity.n.01	0.665
101874360	deity.n.01	0.854
101874546	god.n.01	0.632
101874875	deity.n.01	0.782
101875041	god.n.01	0.571
101875110	deity.n.01	0.91
101875190	deity.n.01	0.942
101875204	deity.n.01	0.933
101875218	deity.n.01	0.918
101875240	deity.n.01	0.813
101875289	deity.n.01	0.531
101875579	deity.n.01	0.634
101876445	deity.n.01	0.859
101876688	deity.n.01	0.828
101876706	deity.n.01	0.744
101877109	deity.n.01	0.72
101877244	deity.n.01	0.917
101877301	deity.n.01	0.647
101877385	deity.n.01	0.734
101877451	deity.n.01	0.583
101877479	deity.n.01	0.908
101877483	deity.n.01	0.912
101877533	deity.n.01	0.837
101879695	deity.n.01	0.498
101880982	deity.n.01	0.801
101881918	deity.n.01	0.921
101885029	god.n.01	0.493
101885253	deity.n.01	0.942
101885322	deity.n.01	0.974
101887063	deity.n.01	None
101887107	deity.n.01	0.951
101887704	deity.n.01	0.591
101887833	deity.n.01	0.567
118665238	deity.n.01	0.906
101888066	god.n.01	0.726
118667203	deity.n.01	0.849
118668487	deity.n.01	0.919
118669660	deity.n.01	0.569
101894269	deity.n.01	0.852
110284700	deity.n.01	0.76
110285241	deity.n.01	0.702
110285487	deity.n.01	0.857
110285496	deity.n.01	0.857
118674126	deity.n.01	0.644
110287065	deity.n.01	0.547
110287192	deity.n.01	0.843
110287460	deity.n.01	0.909
110287546	deity.n.01	0.601
110287601	deity.n.01	0.977
110287686	deity.n.01	0.582
110287696	prophet.n.01	0.53
110287861	deity.n.01	0.718
101899646	god.n.01	0.702
101899703	deity.n.01	0.575
118677761	deity.n.01	0.814
118678138	deity.n.01	0.872
101901229	deity.n.01	0.614
118678537	goddess.n.01	None
118678544	goddess.n.01	None
118678786	deity.n.01	0.842
118679484	deity.n.01	0.86
118679501	deity.n.01	0.754
118679516	deity.n.01	0.898
101903252	deity.n.01	0.569
101903305	god.n.01	0.71
101903428	deity.n.01	0.6
101903476	deity.n.01	0.519
101903575	deity.n.01	0.755
101903613	deity.n.01	0.695
101903644	deity.n.01	0.728
101903695	god.n.01	0.581
101903777	deity.n.01	0.754
101903795	deity.n.01	0.732
101903898	deity.n.01	0.718
101903908	god.n.01	0.633
101903944	god.n.01	0.512
101903979	deity.n.01	0.695
101904020	deity.n.01	0.635
101904052	deity.n.01	0.77
101904088	god.n.01	0.517
118681378	god.n.01	0.673
118681398	deity.n.01	0.751
101904204	deity.n.01	0.752
101904266	deity.n.01	0.574
101904405	deity.n.01	0.834
101912025	deity.n.01	0.642
118689745	goddess.n.01	None
118689809	deity.n.01	0.852
101915722	deity.n.01	0.881
118693826	goddess.n.01	None
118693951	goddess.n.01	None
118694657	deity.n.01	0.944
101919136	deity.n.01	0.655
101919281	deity.n.01	0.695
101931267	deity.n.01	0.673
101932683	deity.n.01	0.8
101939844	deity.n.01	0.725
101942886	providence.n.03	0.758
101943332	deity.n.01	0.791
118720597	deity.n.01	None
118720812	deity.n.01	0.678
118720827	deity.n.01	0.684
118721027	deity.n.01	0.817
118721087	eden.n.01	0.684
118721429	deity.n.01	0.819
118721728	deity.n.01	0.801
118721759	deity.n.01	0.611
118721997	deity.n.01	0.79
118722000	deity.n.01	0.779
118722680	deity.n.01	0.828
118723431	deity.n.01	0.637
118723697	deity.n.01	0.573
118725212	deity.n.01	0.61
118725358	goddess.n.01	None
118725420	goddess.n.01	None
118725603	deity.n.01	0.79
118725609	deity.n.01	0.804
118725652	deity.n.01	0.677
118725831	goddess.n.01	None
118725907	goddess.n.01	None
101952059	good.n.02	0.808
101955733	deity.n.01	0.894
101955902	deity.n.01	0.824
101956056	deity.n.01	0.823
101956106	idol.n.01	0.582
101956119	deity.n.01	0.883
101956166	deity.n.01	0.896
101956205	deity.n.01	0.91
101958589	deity.n.01	0.493
101958642	deity.n.01	0.543
101962565	deity.n.01	0.695
101962586	god.n.01	0.566
101963076	deity.n.01	None
101963080	deity.n.01	0.705
118746364	deity.n.01	0.835
118746422	deity.n.01	0.934
118746908	deity.n.01	0.848
118747203	deity.n.01	0.986
118747436	deity.n.01	0.667
118747446	deity.n.01	0.667
118748199	deity.n.01	0.721
118748252	deity.n.01	0.825
118748506	deity.n.01	0.701
118748637	god.n.01	0.72
118748778	god.n.01	0.516
118748830	deity.n.01	0.595
118748918	deity.n.01	0.604
118749109	deity.n.01	0.653
118749134	god.n.01	0.593
118749155	deity.n.01	0.586
101972351	deity.n.01	0.594
101972443	god.n.01	0.695
118750880	deity.n.01	0.831
118750945	deity.n.01	0.713
118750950	deity.n.01	0.692
118751349	deity.n.01	0.787
118751803	deity.n.01	0.892
118751807	deity.n.01	0.828
118752645	deity.n.01	0.513
118753140	deity.n.01	0.693
118753165	deity.n.01	0.892
118753374	deity.n.01	0.786
118753953	deity.n.01	0.775
118754380	deity.n.01	0.748
118754436	deity.n.01	0.734
118755039	deity.n.01	0.889
118755825	deity.n.01	0.882
118755843	deity.n.01	0.882
118756220	deity.n.01	0.886
118756226	god.n.01	0.553
118758085	deity.n.01	0.844
118758091	deity.n.01	0.8
118758966	deity.n.01	0.872
118759579	deity.n.01	0.878
118760339	deity.n.01	0.891
118765007	deity.n.01	0.792
101989298	deity.n.01	0.614
118768013	deity.n.01	0.719
118768169	deity.n.01	0.703
118769410	deity.n.01	0.829
118770014	god.n.01	0.621
118770088	deity.n.01	0.682
101992880	deity.n.01	0.961
118770143	deity.n.01	0.803
118770155	deity.n.01	0.803
118770170	deity.n.01	0.679
118770653	deity.n.01	0.835
118771088	goddess.n.01	None
118771429	goddess.n.01	None
118772785	deity.n.01	0.94
118774720	deity.n.01	0.465
118775053	deity.n.01	0.906
118775416	deity.n.01	0.795
118776648	deity.n.01	0.526
118776659	deity.n.01	0.526
118779076	deity.n.01	0.73
118779504	deity.n.01	0.851
118779525	deity.n.01	0.757
102002599	deity.n.01	0.716
102002634	deity.n.01	0.521
102002943	deity.n.01	0.721
102003001	deity.n.01	0.808
118780386	deity.n.01	0.792
118780423	deity.n.01	0.906
110392653	deity.n.01	0.499
118781777	deity.n.01	0.832
118784295	deity.n.01	0.559
118784493	deity.n.01	0.917
102008566	deity.n.01	0.722
102008783	deity.n.01	0.94
118786796	deity.n.01	0.988
102009617	deity.n.01	0.544
118786866	deity.n.01	0.725
118786930	deity.n.01	0.727
118787635	goddess.n.01	None
118787668	goddess.n.01	None
118789772	deity.n.01	0.762
118789953	deity.n.01	0.896
118791310	deity.n.01	0.502
118791519	god.n.01	0.542
118791704	deity.n.01	0.826
118791722	deity.n.01	0.66
110403183	deity.n.01	0.569
118792507	deity.n.01	0.796
118792713	deity.n.01	0.534
118792726	deity.n.01	0.536
118792840	deity.n.01	0.89
118792909	deity.n.01	0.78
118792940	deity.n.01	0.815
118792953	deity.n.01	0.843
118792992	deity.n.01	0.502
118793004	deity.n.01	0.83
118793518	deity.n.01	0.838
118793561	deity.n.01	0.838
118793721	deity.n.01	0.668
118796725	deity.n.01	0.576
118797189	deity.n.01	0.874
118797874	deity.n.01	0.921
118797895	deity.n.01	0.907
118798382	deity.n.01	0.775
118798495	deity.n.01	0.634
118798518	deity.n.01	0.644
118798524	deity.n.01	0.674
118798543	idol.n.01	0.789
118798584	idol.n.01	0.5
118798616	idol.n.01	0.65
118798626	deity.n.01	0.497
118799587	deity.n.01	0.721
118799816	deity.n.01	0.691
118799900	deity.n.01	0.684
118800526	deity.n.01	0.753
118800649	deity.n.01	0.634
118801095	god.n.01	0.521
118801116	god.n.01	0.609
118801139	heaven.n.02	0.63
118801159	god.n.01	0.525
102025180	deity.n.01	0.408
102025499	deity.n.01	0.744
102025544	deity.n.01	0.512
102025565	god.n.01	0.464
102025660	deity.n.01	0.634
118803596	deity.n.01	0.612
118804213	deity.n.01	0.762
102027028	deity.n.01	0.61
102027212	deity.n.01	0.909
102027218	deity.n.01	0.719
102027305	deity.n.01	0.72
102027322	deity.n.01	0.71
118805464	deity.n.01	0.843
118806513	goddess.n.01	None
118806583	goddess.n.01	None
118806596	goddess.n.01	None
118806613	deity.n.01	0.925
118806631	deity.n.01	0.855
118808736	deity.n.01	0.924
118809735	deity.n.01	0.739
118809768	deity.n.01	0.832
118810118	deity.n.01	0.862
118810686	deity.n.01	0.696
118810817	deity.n.01	0.877
118811213	deity.n.01	0.92
118811239	deity.n.01	0.871
118811350	deity.n.01	0.927
102035340	deity.n.01	0.833
118812877	deity.n.01	0.834
118813296	deity.n.01	0.901
118813309	deity.n.01	0.906
118813343	deity.n.01	0.748
118813376	deity.n.01	0.616
118813466	deity.n.01	0.772
118813639	deity.n.01	0.843
118813671	deity.n.01	0.781
118813770	deity.n.01	0.858
118813831	deity.n.01	0.832
118813852	deity.n.01	0.813
118813891	deity.n.01	0.884
118813916	deity.n.01	0.757
118813921	deity.n.01	0.546
118814152	deity.n.01	0.862
118814211	goddess.n.01	None
102037750	deity.n.01	0.778
102038246	deity.n.01	0.834
102038271	deity.n.01	0.902
102039668	deity.n.01	0.592
102039679	deity.n.01	0.686
102039691	deity.n.01	0.528
102039739	god.n.01	0.514
102040293	deity.n.01	0.523
118817838	deity.n.01	0.766
118819449	goddess.n.01	None
118819505	deity.n.01	0.888
118819512	deity.n.01	0.888
118819557	deity.n.01	0.807
118819558	deity.n.01	0.825
118819638	deity.n.01	0.587
102043472	deity.n.01	0.945
102043480	deity.n.01	0.857
102043551	deity.n.01	0.591
102043717	deity.n.01	0.776
118822057	deity.n.01	0.549
118823765	deity.n.01	0.615
102046637	deity.n.01	0.804
102046964	deity.n.01	0.526
118825736	deity.n.01	0.903
118825835	deity.n.01	0.903
118826607	deity.n.01	0.679
118827715	goddess.n.01	None
118828072	deity.n.01	0.679
118830111	deity.n.01	0.87
118830121	deity.n.01	0.87
118830192	deity.n.01	0.806
118830216	deity.n.01	0.891
118830791	deity.n.01	0.52
118831014	eden.n.01	0.83
118831809	deity.n.01	0.601
118833881	deity.n.01	0.688
118834048	deity.n.01	0.474
118834062	deity.n.01	0.466
118835177	deity.n.01	0.804
118835308	deity.n.01	0.531
118835478	deity.n.01	0.971
118835706	deity.n.01	0.782
118835827	eden.n.01	0.562
118835863	deity.n.01	0.899
118836803	deity.n.01	0.799
118836866	deity.n.01	0.89
118836885	deity.n.01	0.785
118837145	deity.n.01	0.872
118837239	deity.n.01	0.71
102060123	god.n.01	0.496
102060130	deity.n.01	0.751
118837439	deity.n.01	0.853
118837462	deity.n.01	0.68
118837482	god.n.01	0.854
118837617	deity.n.01	0.924
118837843	deity.n.01	0.666
118837905	deity.n.01	0.662
118838504	deity.n.01	0.784
118838512	deity.n.01	0.508
118838672	deity.n.01	0.669
118838708	deity.n.01	0.96
118838924	deity.n.01	0.516
118839765	deity.n.01	0.731
118839780	deity.n.01	0.719
118839786	deity.n.01	0.718
102063051	deity.n.01	0.834
118840278	deity.n.01	0.661
102063070	deity.n.01	0.636
102063099	god.n.01	0.499
118840318	deity.n.01	0.776
118840361	deity.n.01	0.796
102063352	deity.n.01	0.743
102063444	god.n.01	0.511
102063486	deity.n.01	0.658
102063684	deity.n.01	0.817
102063695	deity.n.01	0.581
102063727	deity.n.01	0.742
102063771	deity.n.01	0.717
102063822	deity.n.01	0.594
102063840	deity.n.01	0.55
102063858	god.n.01	0.61
102063976	deity.n.01	0.842
102064213	deity.n.01	0.573
102064313	deity.n.01	0.685
102064373	deity.n.01	0.881
102064382	deity.n.01	0.891
102064388	deity.n.01	0.857
102064419	deity.n.01	0.814
118841820	deity.n.01	0.924
102064660	deity.n.01	0.548
118841904	deity.n.01	0.686
118841945	god.n.01	0.642
102065047	deity.n.01	0.517
118842525	deity.n.01	0.55
118842609	deity.n.01	0.962
118842775	deity.n.01	0.797
118842901	deity.n.01	0.809
118843957	goddess.n.01	None
118843972	goddess.n.01	None
118844005	deity.n.01	0.829
102066862	deity.n.01	0.782
118844874	deity.n.01	0.85
118845381	deity.n.01	0.527
118845491	deity.n.01	0.781
118846010	deity.n.01	0.855
118846058	deity.n.01	0.721
118846082	deity.n.01	0.712
102069149	deity.n.01	0.77
102069341	deity.n.01	0.748
102069377	deity.n.01	0.844
102069378	deity.n.01	0.83
102069422	deity.n.01	0.896
102069894	deity.n.01	0.782
102070009	deity.n.01	0.937
102070036	deity.n.01	0.668
102070254	deity.n.01	0.545
118847548	deity.n.01	0.887
102070623	deity.n.01	0.831
102070637	deity.n.01	0.715
102070690	deity.n.01	0.662
102070763	deity.n.01	0.872
102070778	deity.n.01	0.755
102070803	deity.n.01	0.81
102070833	god.n.01	0.617
102070871	deity.n.01	0.644
102071040	deity.n.01	0.577
102071441	deity.n.01	0.788
102071500	deity.n.01	0.872
102071521	deity.n.01	0.804
102071726	deity.n.01	0.686
102072251	deity.n.01	0.948
102072276	deity.n.01	0.789
102072295	deity.n.01	0.543
102072302	deity.n.01	0.543
102072496	deity.n.01	0.605
102072513	deity.n.01	0.826
102072522	deity.n.01	0.826
102072572	deity.n.01	0.591
102072984	deity.n.01	0.933
118850331	deity.n.01	0.827
102073154	deity.n.01	0.603
102073270	deity.n.01	0.901
102073292	deity.n.01	0.96
102073410	deity.n.01	0.572
102073454	deity.n.01	0.926
102073485	deity.n.01	0.766
102073502	deity.n.01	0.722
102073532	deity.n.01	0.53
102073569	deity.n.01	0.854
102073643	deity.n.01	0.767
102074016	deity.n.01	0.692
102074334	deity.n.01	0.826
102074351	deity.n.01	0.644
102074441	deity.n.01	0.847
102075134	eden.n.01	0.757
102076566	deity.n.01	0.541
118855291	deity.n.01	0.865
102080023	deity.n.01	0.766
102080039	deity.n.01	0.661
102081320	god.n.01	0.613
118858768	deity.n.01	0.918
118859074	deity.n.01	0.795
102083289	deity.n.01	0.533
102083552	deity.n.01	0.649
118862238	goddess.n.01	None
102086457	deity.n.01	0.944
118868723	deity.n.01	0.909
102093070	deity.n.01	0.644
118874605	deity.n.01	0.835
118875962	deity.n.01	0.514
118876533	deity.n.01	0.874
118876545	deity.n.01	0.767
102099857	deity.n.01	0.606
118879173	deity.n.01	0.877
102102293	god.n.01	0.503
102104202	deity.n.01	0.603
118882401	deity.n.01	0.756
118882549	deity.n.01	0.752
118886040	deity.n.01	0.756
118886047	deity.n.01	0.597
118889674	deity.n.01	0.946
118890031	deity.n.01	0.927
118890044	deity.n.01	0.882
102115422	deity.n.01	0.986
102115466	divinity.n.02	0.607
118893208	deity.n.01	0.745
118893374	goddess.n.01	None
118893478	goddess.n.01	None
118894305	deity.n.01	0.629
102119490	deity.n.01	0.729
118897653	deity.n.01	0.689
118899535	goddess.n.01	None
118899797	goddess.n.01	None
118902632	deity.n.01	0.819
118902712	deity.n.01	0.832
118902974	deity.n.01	0.854
118903064	deity.n.01	0.92
118904326	deity.n.01	0.738
118905686	deity.n.01	0.503
102137229	deity.n.01	0.813
102137871	deity.n.01	0.705
102139975	deity.n.01	0.821
102140654	deity.n.01	0.784
102145682	deity.n.01	0.807
102149892	deity.n.01	0.705
118927915	deity.n.01	0.782
118927931	goddess.n.01	None
118928812	deity.n.01	None
102152048	deity.n.01	0.739
118929282	deity.n.01	0.723
102152105	deity.n.01	0.691
102152157	deity.n.01	0.864
102152222	deity.n.01	0.691
102152268	god.n.01	0.725
102152334	god.n.01	0.612
102152383	god.n.01	0.533
102152666	deity.n.01	0.708
118930213	deity.n.01	0.773
102153210	deity.n.01	0.5
102155434	deity.n.01	0.713
118932718	deity.n.01	0.741
118932873	deity.n.01	0.835
118934251	deity.n.01	0.821
102157179	goddess.n.01	None
118935065	deity.n.01	0.574
102158249	deity.n.01	0.584
102159206	deity.n.01	0.718
102159283	deity.n.01	None
118936608	deity.n.01	0.848
118937686	deity.n.01	0.523
118938267	goddess.n.01	None
118938364	deity.n.01	0.697
118938497	deity.n.01	0.793
118938822	deity.n.01	0.696
118938975	goddess.n.01	None
102161923	deity.n.01	0.55
118939251	deity.n.01	0.822
118939276	deity.n.01	0.661
102162845	deity.n.01	0.865
102163044	deity.n.01	0.869
102163075	deity.n.01	0.791
118940326	deity.n.01	0.732
102163134	deity.n.01	0.811
102163166	deity.n.01	0.912
102163183	deity.n.01	0.658
102163216	deity.n.01	0.883
102163281	deity.n.01	0.865
102163296	deity.n.01	0.816
102163297	deity.n.01	0.925
102163429	deity.n.01	0.574
102163868	deity.n.01	0.713
102164628	deity.n.01	0.92
118943011	goddess.n.01	None
102167241	deity.n.01	0.612
118944607	deity.n.01	0.531
118944841	god.n.01	0.653
118945074	deity.n.01	0.78
118946197	deity.n.01	0.86
118946598	god.n.03	0.881
118946609	god.n.01	0.45
118946641	deity.n.01	0.721
118946757	god.n.01	0.805
118947006	deity.n.01	0.909
102181617	god.n.01	0.562
102181718	deity.n.01	0.72
102182360	deity.n.01	0.832
102182484	deity.n.01	0.525
102182530	deity.n.01	0.664
102182972	deity.n.01	0.932
102182995	goddess.n.01	None
102183190	deity.n.01	0.869
102183303	deity.n.01	0.956
102183576	goddess.n.01	None
102184917	deity.n.01	0.93
102186317	deity.n.01	0.831
102187718	divinity.n.02	0.952
102187784	deity.n.01	0.943
102187787	deity.n.01	0.943
102187816	deity.n.01	0.921
102188212	god.n.01	0.583
102189873	deity.n.01	0.578
102190094	deity.n.01	0.59
102191237	deity.n.01	0.799
102191242	deity.n.01	0.799
102197940	deity.n.01	0.858
102197949	deity.n.01	0.775
102198071	deity.n.01	0.942
102198860	deity.n.01	0.589
102200987	deity.n.01	0.658
102201008	deity.n.01	0.658
102201031	deity.n.01	0.71
102201124	deity.n.01	0.803
102202350	deity.n.01	0.769
118980684	deity.n.01	0.939
118980820	deity.n.01	0.803
118981215	deity.n.01	0.815
118981294	idol.n.01	0.745
118981358	idol.n.01	0.527
118981387	deity.n.01	0.657
102204252	deity.n.01	0.588
102204402	deity.n.01	0.626
102204483	deity.n.01	0.712
102204626	deity.n.01	0.798
102205155	deity.n.01	0.774
102205414	deity.n.01	0.674
102205855	deity.n.01	0.953
118984622	deity.n.01	0.584
118984635	deity.n.01	0.784
118984742	deity.n.01	0.522
118985109	deity.n.01	0.829
118985134	deity.n.01	0.871
118985204	deity.n.01	0.923
102208070	deity.n.01	0.98
118985304	deity.n.01	0.802
102208114	deity.n.01	None
118985348	deity.n.01	0.802
118985355	deity.n.01	0.802
118985396	deity.n.01	0.897
102208214	deity.n.01	0.961
118985775	deity.n.01	0.926
118985787	deity.n.01	0.833
118986114	deity.n.01	0.87
102210107	deity.n.01	0.803
102210658	deity.n.01	0.889
102211409	deity.n.01	0.667
118989173	deity.n.01	0.858
118989178	deity.n.01	0.723
102212991	deity.n.01	0.732
102214520	deity.n.01	0.668
118993171	deity.n.01	0.816
102216072	deity.n.01	0.668
118993310	deity.n.01	0.903
118993321	deity.n.01	0.906
118993583	deity.n.01	0.646
102217219	deity.n.01	0.724
102217533	deity.n.01	0.823
102218549	deity.n.01	None
118999071	deity.n.01	0.945
102222002	deity.n.01	0.652
118999502	deity.n.01	0.745
118999746	deity.n.01	0.927
118999838	deity.n.01	0.745
102222705	deity.n.01	0.569
119000137	deity.n.01	0.747
102223098	deity.n.01	0.664
102223105	deity.n.01	0.664
102223152	deity.n.01	0.623
102223163	deity.n.01	0.753
102223218	deity.n.01	0.938
102223223	deity.n.01	0.971
102223252	deity.n.01	0.944
102223275	deity.n.01	None
119000586	deity.n.01	0.714
102223514	deity.n.01	0.584
102223588	deity.n.01	0.551
102223818	deity.n.01	0.539
102225725	deity.n.01	0.899
102225765	deity.n.01	0.855
102225770	deity.n.01	0.819
102225876	deity.n.01	0.728
102225936	deity.n.01	0.765
102226055	deity.n.01	0.742
102226222	deity.n.01	0.855
102226902	deity.n.01	0.971
102226918	deity.n.01	0.966
102227039	deity.n.01	None
102227056	deity.n.01	0.792
102227074	deity.n.01	0.91
102227225	deity.n.01	0.773
102228122	deity.n.01	0.524
102230182	statue.n.01	None
102230285	deity.n.01	0.948
102230710	deity.n.01	0.813
102230713	deity.n.01	0.736
102230854	goddess.n.01	None
102230870	deity.n.01	0.932
102231355	deity.n.01	0.816
119008903	deity.n.01	0.897
119009145	deity.n.01	0.733
102232752	deity.n.01	0.841
102232792	deity.n.01	0.629
102233040	deity.n.01	0.946
102233053	deity.n.01	0.915
102234701	deity.n.01	0.733
102236878	deity.n.01	0.774
102237675	deity.n.01	0.811
102238175	deity.n.01	0.601
102241338	deity.n.01	0.856
102241347	deity.n.01	0.856
102241990	deity.n.01	None
102242192	goddess.n.01	None
102242400	deity.n.01	None
102242942	deity.n.01	0.748
102243814	deity.n.01	0.849
102245233	deity.n.01	0.886
102245260	deity.n.01	0.873
119022629	deity.n.01	0.648
119022671	deity.n.01	0.761
119022684	deity.n.01	0.817
119022717	deity.n.01	0.728
119022722	deity.n.01	0.858
119022730	deity.n.01	0.815
102247352	deity.n.01	0.845
102249348	goddess.n.01	None
102249376	deity.n.01	0.867
102249406	deity.n.01	0.822
102249409	deity.n.01	0.669
102250344	deity.n.01	0.945
102250391	deity.n.01	None
102250405	deity.n.01	0.93
102250416	deity.n.01	0.793
102251162	deity.n.01	0.905
102251184	deity.n.01	0.66
102251425	deity.n.01	0.866
102251436	deity.n.01	0.859
102252321	deity.n.01	0.848
102253350	deity.n.01	0.875
102254363	deity.n.01	0.847
119032588	deity.n.01	0.908
119032670	deity.n.01	0.894
119032675	deity.n.01	0.95
119033263	deity.n.01	0.843
102256630	deity.n.01	0.625
102256634	deity.n.01	0.721
102257841	deity.n.01	0.543
119035541	deity.n.01	0.929
102258791	deity.n.01	None
102258891	deity.n.01	0.732
102259226	deity.n.01	0.75
102259269	deity.n.01	0.572
119036963	deity.n.01	0.945
119036994	deity.n.01	0.906
102260060	deity.n.01	None
102260118	deity.n.01	0.875
102260176	deity.n.01	0.927
102260207	deity.n.01	0.801
102260239	deity.n.01	0.922
102260271	deity.n.01	0.865
102260689	deity.n.01	0.565
102262606	deity.n.01	0.889
102262611	deity.n.01	0.877
102262640	deity.n.01	0.727
119041191	deity.n.01	0.647
102266175	goddess.n.01	None
102267663	deity.n.01	0.951
102267668	deity.n.01	0.951
102268626	deity.n.01	0.802
102268640	deity.n.01	0.802
102268892	deity.n.01	None
102269083	deity.n.01	0.68
102269585	religion.n.01	0.69
119046975	deity.n.01	0.868
102272794	deity.n.01	0.804
102273161	prophet.n.01	0.7
102275235	deity.n.01	0.738
102275315	deity.n.01	0.867
102275336	deity.n.01	0.819
102276141	deity.n.01	0.642
119053596	deity.n.01	0.916
119053601	deity.n.01	0.873
119053653	deity.n.01	0.831
119053824	deity.n.01	0.727
102277817	deity.n.01	0.871
102278427	deity.n.01	0.844
102278513	deity.n.01	0.855
102279041	deity.n.01	0.608
102279743	god.n.01	0.616
102279762	deity.n.01	0.653
102279867	deity.n.01	0.907
102279899	deity.n.01	0.552
102279987	deity.n.01	0.597
102280029	deity.n.01	0.598
102280067	deity.n.01	0.835
102280203	deity.n.01	0.917
102280292	deity.n.01	0.629
102280328	god.n.01	0.509
102280343	deity.n.01	None
102280440	deity.n.01	0.633
102280571	deity.n.01	0.589
102280654	deity.n.01	0.546
102280749	deity.n.01	0.671
119057972	idol.n.01	0.746
119057989	deity.n.01	0.792
102280801	deity.n.01	0.883
102280843	deity.n.01	0.678
102280942	deity.n.01	0.718
102280982	deity.n.01	0.802
102281017	deity.n.01	0.817
102281037	deity.n.01	0.789
102281051	deity.n.01	0.659
102281127	deity.n.01	0.718
102281427	deity.n.01	0.678
102281550	deity.n.01	0.921
102281673	deity.n.01	0.836
102281764	deity.n.01	0.812
102281907	deity.n.01	0.625
102281996	god.n.01	0.563
102282135	deity.n.01	0.683
102284348	goddess.n.01	None
102284350	goddess.n.01	None
102285084	deity.n.01	0.624
102285146	deity.n.01	0.732
102285177	deity.n.01	0.786
102285197	deity.n.01	0.818
102285248	deity.n.01	0.731
102285264	deity.n.01	0.747
102285268	deity.n.01	0.747
102285296	deity.n.01	0.603
102285317	deity.n.01	0.79
102285439	deity.n.01	0.786
102285461	deity.n.01	0.786
102285523	deity.n.01	0.677
102285603	god.n.01	0.532
102285716	deity.n.01	0.59
102285892	deity.n.01	0.683
102285980	deity.n.01	0.735
102285998	god.n.01	0.797
102286115	deity.n.01	0.818
102286280	deity.n.01	0.54
102286517	deity.n.01	0.701
102286550	deity.n.01	0.698
102286806	god.n.01	0.684
102286917	deity.n.01	0.897
119064136	deity.n.01	0.757
102287174	deity.n.01	0.705
102287187	deity.n.01	0.653
102287352	deity.n.01	0.781
102287420	deity.n.01	0.758
102287430	deity.n.01	0.758
102287459	god.n.01	0.716
102287479	deity.n.01	0.638
102287510	deity.n.01	0.821
102287656	deity.n.01	0.729
102287666	deity.n.01	0.72
102287690	deity.n.01	0.709
102287825	deity.n.01	0.516
102287868	deity.n.01	0.626
102287883	deity.n.01	0.695
102287983	deity.n.01	0.832
102288063	deity.n.01	0.651
102288427	deity.n.01	0.586
102288474	deity.n.01	0.765
102288497	atheism.n.02	0.692
102288649	deity.n.01	0.692
102288761	deity.n.01	0.71
102288786	deity.n.01	0.664
102288923	deity.n.01	0.529
102289018	deity.n.01	0.899
102289072	deity.n.01	0.899
102289077	deity.n.01	0.857
102289160	deity.n.01	0.697
102289178	god.n.01	0.545
102289216	deity.n.01	0.86
102289300	deity.n.01	0.947
102289422	deity.n.01	0.753
102289614	deity.n.01	0.663
102289617	deity.n.01	0.663
102289783	divinity.n.02	0.714
119067437	deity.n.01	0.617
119067452	deity.n.01	0.567
102290849	deity.n.01	0.695
102290875	deity.n.01	0.664
102290980	deity.n.01	0.696
102291155	deity.n.01	0.827
102291166	deity.n.01	0.83
102292317	deity.n.01	None
102292378	deity.n.01	0.891
102292386	deity.n.01	0.771
102292397	deity.n.01	0.771
102292544	deity.n.01	0.748
119071902	deity.n.01	0.808
102294718	deity.n.01	0.805
119072753	deity.n.01	0.62
102296121	god.n.01	0.5
102296140	deity.n.01	0.74
102296150	deity.n.01	0.924
102296172	deity.n.01	0.888
102296299	god.n.01	0.684
102296351	god.n.01	0.509
102296379	deity.n.01	0.742
102296397	god.n.01	0.801
102297458	deity.n.01	0.5
102297460	deity.n.01	0.524
102297998	deity.n.01	0.887
102298379	deity.n.01	0.836
102299076	deity.n.01	0.613
102299096	deity.n.01	0.685
102299102	deity.n.01	0.647
102299795	deity.n.01	0.945
102300000	deity.n.01	0.794
102300234	deity.n.01	0.853
102300696	deity.n.01	0.585
119078289	deity.n.01	0.905
102301557	deity.n.01	0.794
102301569	deity.n.01	0.794
102301591	deity.n.01	0.481
102301631	deity.n.01	0.734
102301685	deity.n.01	0.659
119079192	deity.n.01	0.923
102302418	deity.n.01	0.853
119079678	deity.n.01	0.85
102302509	deity.n.01	0.852
119079785	deity.n.01	0.576
119080045	deity.n.01	0.874
119080067	deity.n.01	0.526
119080431	deity.n.01	0.829
119080494	deity.n.01	0.755
119080627	deity.n.01	0.867
102303676	deity.n.01	0.825
102304313	deity.n.01	0.887
102304333	deity.n.01	0.88
102304405	deity.n.01	0.591
119081990	deity.n.01	0.685
119082186	goddess.n.01	None
119082207	deity.n.01	0.94
119082232	goddess.n.01	None
119082259	goddess.n.01	None
119082271	deity.n.01	0.887
102305298	deity.n.01	0.967
102305523	deity.n.01	0.888
119082970	deity.n.01	0.938
119083157	deity.n.01	0.948
119083189	deity.n.01	0.816
119083330	deity.n.01	0.917
119083354	deity.n.01	0.651
119083481	deity.n.01	0.842
119083743	deity.n.01	0.87
119083772	deity.n.01	0.85
119084541	deity.n.01	0.831
119084622	deity.n.01	0.967
119084627	deity.n.01	0.993
119085254	deity.n.01	0.953
119085329	deity.n.01	0.953
119085510	deity.n.01	0.752
102308334	deity.n.01	0.615
102308394	deity.n.01	0.57
102308449	deity.n.01	0.822
119086154	deity.n.01	0.811
102309311	god.n.01	0.707
119087743	goddess.n.01	None
119087894	deity.n.01	0.94
119088009	deity.n.01	0.839
102310868	deity.n.01	0.893
119088739	deity.n.01	0.571
119088777	deity.n.01	0.769
102312061	deity.n.01	0.773
102312073	deity.n.01	0.729
102312102	deity.n.01	0.686
102312129	deity.n.01	0.735
102312162	deity.n.01	0.738
102312175	deity.n.01	0.845
102312235	deity.n.01	0.769
102312378	deity.n.01	0.772
119089811	deity.n.01	0.966
102312939	deity.n.01	0.807
102313490	deity.n.01	0.846
102313497	deity.n.01	0.666
102313504	deity.n.01	0.554
102313571	deity.n.01	0.781
102313707	deity.n.01	0.738
119090926	deity.n.01	0.897
102313719	deity.n.01	0.84
102313749	deity.n.01	0.833
119091036	deity.n.01	0.804
119091086	deity.n.01	0.804
102313924	deity.n.01	0.647
102314107	deity.n.01	0.818
102314127	deity.n.01	0.816
119091509	deity.n.01	0.935
102314338	deity.n.01	0.916
119091797	god.n.01	0.531
102314698	deity.n.01	0.849
119092000	deity.n.01	0.817
119092034	deity.n.01	0.507
102314927	deity.n.01	None
102314992	deity.n.01	0.932
102315127	deity.n.01	0.779
119092444	deity.n.01	0.865
102315567	deity.n.01	0.641
119092786	deity.n.01	0.792
102315583	deity.n.01	0.669
119092949	deity.n.01	0.906
119092991	deity.n.01	0.94
119093315	deity.n.01	0.812
102316308	deity.n.01	0.772
102316478	deity.n.01	0.853
102316598	deity.n.01	0.678
102316704	deity.n.01	0.875
119094510	deity.n.01	0.777
119095282	deity.n.01	0.721
119095337	deity.n.01	0.977
102318978	deity.n.01	0.635
102318985	deity.n.01	0.538
119096595	goddess.n.01	None
102319431	deity.n.01	0.869
119097992	goddess.n.01	None
102321245	deity.n.01	0.812
119098556	deity.n.01	0.969
119099520	deity.n.01	0.86
119099655	deity.n.01	0.962
119099893	god.n.01	0.611
119100582	deity.n.01	0.737
119101234	deity.n.01	None
119101774	deity.n.01	0.905
119101852	deity.n.01	0.899
102329174	god.n.01	0.518
119107416	deity.n.01	0.69
102332294	deity.n.01	0.508
102333342	deity.n.01	0.797
102333898	deity.n.01	0.806
102333911	deity.n.01	0.788
102334477	deity.n.01	0.768
102335964	god.n.01	0.586
102360123	deity.n.01	0.914
102360348	deity.n.01	0.675
102360539	deity.n.01	0.804
102360691	deity.n.01	0.888
102360759	deity.n.01	0.928
102360866	deity.n.01	0.812
102361045	deity.n.01	0.947
102361071	deity.n.01	0.623
102361237	deity.n.01	0.798
102361609	goddess.n.01	None
102361840	deity.n.01	0.855
102361985	deity.n.01	0.882
102362238	deity.n.01	0.625
102362356	deity.n.01	0.557
102362364	deity.n.01	0.557
102362557	deity.n.01	0.83
102362666	deity.n.01	0.629
102362856	deity.n.01	0.881
102362916	deity.n.01	0.87
102362928	deity.n.01	0.856
102363053	deity.n.01	0.962
102363365	deity.n.01	0.793
102363601	deity.n.01	0.761
102363688	god.n.01	0.501
102363876	deity.n.01	0.927
102364005	deity.n.01	0.729
102364060	deity.n.01	0.717
102364226	deity.n.01	0.646
102364327	deity.n.01	0.605
102364509	deity.n.01	0.61
102364779	deity.n.01	0.588
102365064	deity.n.01	0.749
102365115	deity.n.01	0.735
102365462	deity.n.01	0.923
102365681	deity.n.01	0.736
102365712	deity.n.01	0.876
102365797	goddess.n.01	None
102365921	deity.n.01	0.78
102365969	god.n.01	0.798
102366595	deity.n.01	0.732
102366634	deity.n.01	0.967
102366639	deity.n.01	0.951
102366701	deity.n.01	0.622
102367225	deity.n.01	0.881
102367638	eden.n.01	0.791
102367990	deity.n.01	0.979
102368100	deity.n.01	0.695
102368174	god.n.01	0.527
102368374	deity.n.01	0.849
102368727	deity.n.01	0.83
102369000	deity.n.01	0.598
102369012	deity.n.01	0.827
102369176	deity.n.01	0.91
102369584	deity.n.01	0.744
102369703	deity.n.01	0.77
102369809	deity.n.01	0.933
102370028	deity.n.01	0.908
102370184	deity.n.01	0.741
102370464	deity.n.01	0.72
102370525	deity.n.01	0.92
102370978	deity.n.01	0.808
102372286	deity.n.01	0.811
102372324	deity.n.01	0.801
102372419	deity.n.01	0.705
102372475	deity.n.01	0.853
102372479	deity.n.01	0.656
102372798	deity.n.01	0.72
102372863	deity.n.01	0.678
102372865	deity.n.01	0.678
102373030	deity.n.01	0.908
102373037	deity.n.01	0.908
102373248	deity.n.01	0.804
102373512	deity.n.01	0.933
102373627	deity.n.01	0.876
102374217	deity.n.01	0.921
102374529	deity.n.01	0.739
102374834	deity.n.01	0.938
102374927	deity.n.01	0.971
102374989	deity.n.01	0.855
102375581	deity.n.01	0.694
102376886	deity.n.01	0.81
102378043	deity.n.01	0.534
102378121	deity.n.01	0.867
102378326	deity.n.01	0.888
102378360	god.n.01	0.499
102378424	god.n.01	0.551
102378466	deity.n.01	0.697
102378571	deity.n.01	0.875
102378930	deity.n.01	0.739
102379407	deity.n.01	0.863
102379468	god.n.01	0.597
102379779	deity.n.01	0.911
102379883	deity.n.01	0.82
102379910	deity.n.01	0.834
102379982	deity.n.01	0.91
102380240	deity.n.01	0.984
102380319	deity.n.01	0.832
102380506	deity.n.01	0.79
102380544	deity.n.01	0.8
102380575	deity.n.01	0.672
102380625	deity.n.01	0.728
102380641	deity.n.01	0.553
102380880	deity.n.01	0.709
102380911	deity.n.01	0.936
102380936	deity.n.01	0.863
102380968	deity.n.01	0.712
102381072	deity.n.01	0.562
102381706	deity.n.01	0.717
102381729	deity.n.01	0.603
102381858	deity.n.01	0.802
102381920	deity.n.01	0.943
102382316	deity.n.01	0.581
102382410	deity.n.01	0.947
102382443	deity.n.01	0.799
102382588	god.n.01	0.519
102382665	deity.n.01	0.531
102382691	deity.n.01	0.708
102382782	deity.n.01	0.809
102382795	deity.n.01	0.958
102382893	deity.n.01	0.782
102382951	deity.n.01	0.564
102383083	god.n.01	0.869
102383162	deity.n.01	0.96
102383254	deity.n.01	0.679
102383578	deity.n.01	0.637
102383582	deity.n.01	0.61
102383699	deity.n.01	0.816
102383709	goddess.n.01	None
102383712	deity.n.01	0.974
102383927	deity.n.01	0.893
102385126	deity.n.01	0.853
102385139	deity.n.01	0.815
102385342	deity.n.01	0.93
102385371	deity.n.01	0.951
102385527	deity.n.01	0.729
102385987	deity.n.01	0.935
102386884	god.n.03	0.455
102387304	deity.n.01	0.917
102387309	deity.n.01	0.917
102387406	deity.n.01	0.55
102387499	deity.n.01	0.645
102387896	deity.n.01	0.751
102388195	deity.n.01	0.888
102388290	deity.n.01	0.931
102388369	god.n.01	0.598
102388480	deity.n.01	0.535
102388648	deity.n.01	0.854
102388771	deity.n.01	0.868
102389056	deity.n.01	0.909
102389128	deity.n.01	0.583
102389530	deity.n.01	0.682
102389863	deity.n.01	0.95
102389928	deity.n.01	0.826
102389969	deity.n.01	0.564
102390083	worship.n.01	0.98
102390127	deity.n.01	0.823
102390591	deity.n.01	0.578
102390615	deity.n.01	0.648
102390634	deity.n.01	0.593
102390674	deity.n.01	0.708
102390785	god.n.01	0.602
102390818	deity.n.01	0.728
102390880	deity.n.01	0.689
102391172	deity.n.01	0.669
102391493	deity.n.01	0.783
102391908	deity.n.01	0.878
102392236	deity.n.01	0.469
102392768	god.n.01	0.586
102392801	deity.n.01	0.68
102392834	god.n.01	0.676
102393774	god.n.01	0.561
102394576	deity.n.01	0.798
102395041	deity.n.01	0.825
102395587	deity.n.01	0.757
102395590	deity.n.01	0.744
102395668	deity.n.01	0.781
102395994	deity.n.01	0.561
102396187	deity.n.01	0.858
102396526	deity.n.01	0.628
102396604	deity.n.01	0.841
102397205	deity.n.01	0.5
102397999	god.n.01	0.622
102399057	deity.n.01	0.641
102399990	deity.n.01	0.788
102400009	deity.n.01	0.56
102400018	deity.n.01	0.977
102400111	deity.n.01	0.8
102400708	deity.n.01	0.747
102401411	god.n.01	0.551
102401566	deity.n.01	0.651
102401881	deity.n.01	0.895
102402016	deity.n.01	0.86
102402052	deity.n.01	0.904
102402356	deity.n.01	0.877
102402384	deity.n.01	0.848
102402640	deity.n.01	0.757
102402974	deity.n.01	0.928
102403013	deity.n.01	0.725
102403130	deity.n.01	0.753
102403426	deity.n.01	0.771
102403652	deity.n.01	0.775
102403728	deity.n.01	0.951
102403829	goddess.n.01	None
102404128	deity.n.01	0.625
102404280	deity.n.01	0.657
102404307	god.n.01	0.541
102404429	deity.n.01	0.869
102405880	deity.n.01	0.833
102406003	deity.n.01	0.675
102406039	goddess.n.01	None
102406419	deity.n.01	0.875
102406806	deity.n.01	0.928
102406973	deity.n.01	0.928
102407074	deity.n.01	0.827
102407185	deity.n.01	0.815
102407397	deity.n.01	0.815
102407417	goddess.n.01	None
102407674	deity.n.01	0.86
102407880	deity.n.01	0.956
102408587	deity.n.01	0.688
102408906	deity.n.01	0.685
102408996	deity.n.01	0.376
102409291	god.n.01	0.664
102409496	god.n.01	0.508
102409684	deity.n.01	0.552
102410037	deity.n.01	0.943
102410517	deity.n.01	0.576
102410574	deity.n.01	0.732
102410686	god.n.01	0.759
102411142	god.n.01	0.571
102411494	deity.n.01	0.826
102411949	deity.n.01	0.788
102412324	god.n.03	0.673
102412437	deity.n.01	0.786
102412839	god.n.01	0.502
102413187	deity.n.01	0.903
102413291	deity.n.01	0.792
102413505	god.n.01	0.596
102423940	deity.n.01	0.783
102423970	deity.n.01	0.825
102423995	deity.n.01	0.762
102424036	deity.n.01	0.673
102424054	deity.n.01	0.794
102424080	god.n.01	0.557
102424142	god.n.01	0.696
102424145	deity.n.01	0.863
102424325	deity.n.01	0.653
102430231	deity.n.01	0.911
102430322	deity.n.01	0.765
102432113	deity.n.01	None
102437911	deity.n.01	0.899
102438398	goddess.n.01	None
102438813	deity.n.01	0.827
102438822	deity.n.01	0.759
102438859	deity.n.01	0.835
102439000	deity.n.01	0.672
102439136	deity.n.01	0.715
102439309	deity.n.01	0.851
102439332	deity.n.01	None
102439367	deity.n.01	None
102439411	deity.n.01	None
102439427	deity.n.01	None
102439502	deity.n.01	0.565
102439651	deity.n.01	0.645
102439757	deity.n.01	0.941
102439925	deity.n.01	None
102440050	deity.n.01	0.47
102440073	god.n.01	0.562
102440709	deity.n.01	0.664
102441038	deity.n.01	None
102441155	deity.n.01	0.676
102441233	deity.n.01	0.649
102445583	deity.n.01	0.737
102448766	deity.n.01	0.743
102454065	deity.n.01	0.713
102459312	deity.n.01	0.61
102461975	deity.n.01	0.887
102465945	deity.n.01	0.804
102466390	deity.n.01	0.715
102468255	deity.n.01	0.563
102469382	deity.n.01	0.501
102471489	goddess.n.01	None
102479161	deity.n.01	0.6
102488172	deity.n.01	0.835
102489222	god.n.01	0.504
102489500	deity.n.01	0.54
102491489	deity.n.01	0.743
102494889	deity.n.01	0.878
102494907	goddess.n.01	None
102495508	goddess.n.01	None
102496275	deity.n.01	0.796
102501179	deity.n.01	0.827
102501611	deity.n.01	0.929
102502529	deity.n.01	0.743
102502847	deity.n.01	0.76
102506127	deity.n.01	0.603
102516657	deity.n.01	0.887
102516979	deity.n.01	0.78
102516999	deity.n.01	0.887
119295350	deity.n.01	0.555
119343658	deity.n.01	0.694
119346990	god.n.01	0.628
119354022	deity.n.01	0.731
119354033	god.n.01	0.616
119355118	deity.n.01	0.72
119362119	god.n.01	0.737
102653926	deity.n.01	0.875
102926922	deity.n.01	0.813
102951989	deity.n.01	0.937
102954166	god.n.01	0.565
102955537	deity.n.01	0.805
102955681	deity.n.01	0.725
102955829	deity.n.01	0.975
102956145	deity.n.01	0.776
102958654	deity.n.01	0.598
102958915	god.n.01	0.545
102960408	goddess.n.01	None
102963588	deity.n.01	0.841
102964142	deity.n.01	0.945
102964380	god.n.01	0.598
102964756	deity.n.01	0.918
102965096	deity.n.01	0.687
102965893	deity.n.01	0.902
102966453	deity.n.01	0.758
102967285	deity.n.01	0.592
102968752	deity.n.01	0.847
102969442	goddess.n.01	None
102972350	deity.n.01	0.934
102972378	deity.n.01	0.94
102975600	god.n.01	0.551
102976945	deity.n.01	0.797
102978167	deity.n.01	0.576
102978887	deity.n.01	0.839
102981022	deity.n.01	0.674
102981683	goddess.n.01	None
102982404	goddess.n.01	None
102984643	deity.n.01	0.726
102985068	deity.n.01	0.899
102985330	deity.n.01	0.8
102988271	deity.n.01	0.924
102988503	deity.n.01	0.849
102990151	deity.n.01	0.662
102990301	deity.n.01	0.697
102992043	heaven.n.02	0.644
102995205	deity.n.01	0.701
102995391	deity.n.01	0.835
102997603	god.n.01	0.514
102998122	deity.n.01	0.618
103000905	deity.n.01	0.461
103005506	deity.n.01	0.561
103010535	god.n.01	0.477
103015677	deity.n.01	0.711
103016478	deity.n.01	0.711
103016796	deity.n.01	0.603
103017511	deity.n.01	0.938
103017980	deity.n.01	0.782
103018269	deity.n.01	0.769
103019901	god.n.01	0.64
103021132	deity.n.01	0.683
103021693	deity.n.01	0.864
103021723	goddess.n.01	None
103022156	goddess.n.01	None
103024738	deity.n.01	0.576
103024867	deity.n.01	0.579
103026235	heaven.n.02	0.543
103027900	deity.n.01	0.616
103029816	deity.n.01	0.632
103030552	deity.n.01	0.827
103031988	deity.n.01	0.78
103034510	deity.n.01	0.716
103034754	deity.n.01	0.712
103039335	deity.n.01	0.662
103043461	god.n.01	0.617
103045254	deity.n.01	0.763
103045291	deity.n.01	0.853
103053113	deity.n.01	0.918
103053951	deity.n.01	0.769
103053988	deity.n.01	0.861
103057642	deity.n.01	0.663
103058546	heaven.n.02	0.583
103060608	deity.n.01	0.765
103066153	deity.n.01	0.881
103066420	deity.n.01	0.725
103073184	deity.n.01	0.615
103073614	deity.n.01	0.732
103073663	deity.n.01	0.772
103074068	eden.n.01	0.719
103080017	deity.n.01	0.74
103080268	deity.n.01	0.692
103084864	deity.n.01	0.965
103085756	deity.n.01	0.853
103085955	deity.n.01	0.66
103086128	deity.n.01	0.746
103088417	deity.n.01	0.957
103091165	deity.n.01	0.748
103091234	deity.n.01	0.709
103091249	god.n.01	0.552
103092713	deity.n.01	0.69
103093587	deity.n.01	0.582
103094934	god.n.01	0.656
103096685	god.n.01	0.584
103096704	deity.n.01	0.72
103096725	god.n.01	0.542
103096981	earth.n.04	0.342
103104808	deity.n.01	0.72
103104845	deity.n.01	0.652
103106004	deity.n.01	0.676
103117828	deity.n.01	0.534
103118207	divinity.n.02	0.911
103119531	deity.n.01	0.833
103119554	deity.n.01	0.856
103119596	deity.n.01	0.885
103121658	daemon.n.02	0.95
103122984	deity.n.01	0.611
103123120	deity.n.01	0.861
103125249	deity.n.01	0.731
103129869	deity.n.01	0.842
103136394	god.n.01	0.524
103136419	deity.n.01	0.519
103139847	deity.n.01	0.75
103140040	eden.n.01	0.839
103142735	deity.n.01	0.453
103144096	deity.n.01	0.654
103144219	deity.n.01	0.9
103144374	deity.n.01	0.935
103144529	deity.n.01	0.72
103144972	deity.n.01	0.486
103145931	deity.n.01	0.802
103150524	deity.n.01	0.849
103153999	eden.n.01	0.881
103158448	deity.n.01	0.816
103165023	eden.n.01	0.743
103169860	earth.n.01	0.41
103170407	god.n.01	0.516
103170439	deity.n.01	0.974
103170801	deity.n.01	0.902
103171173	deity.n.01	0.6
103171191	god.n.01	0.732
103171861	deity.n.01	0.692
103181715	god.n.01	0.844
103183785	deity.n.01	0.674
103183950	deity.n.01	0.761
103192849	deity.n.01	0.907
103192919	deity.n.01	0.609
103194029	deity.n.01	0.747
103194068	deity.n.01	0.921
103194073	deity.n.01	0.921
103198045	eden.n.01	0.76
103201493	god.n.01	0.513
103201923	deity.n.01	0.76
103202794	deity.n.01	0.792
103203076	deity.n.01	0.963
103203088	goddess.n.01	None
103203108	deity.n.01	0.956
103203265	deity.n.01	0.907
103205515	deity.n.01	0.674
103205599	deity.n.01	0.602
103207956	deity.n.01	0.969
103226179	deity.n.01	0.849
103227831	deity.n.01	0.818
103232847	deity.n.01	0.691
103237470	deity.n.01	0.722
103242566	deity.n.01	0.815
103242733	deity.n.01	0.536
103243367	deity.n.01	0.667
103244625	god.n.01	0.515
103250041	deity.n.01	0.61
103251661	deity.n.01	0.764
103253581	deity.n.01	0.599
103260649	deity.n.01	0.851
103261444	deity.n.01	0.721
103263442	deity.n.01	0.601
103267569	goddess.n.01	None
103267573	deity.n.01	0.912
103268180	deity.n.01	0.854
103268222	deity.n.01	0.793
103268288	deity.n.01	0.884
103268483	deity.n.01	0.651
103268788	goddess.n.01	None
103268862	goddess.n.01	None
103280367	deity.n.01	0.901
103280817	god.n.01	0.496
103280955	god.n.01	0.619
103290803	deity.n.01	0.883
103293590	deity.n.01	0.642
103298877	deity.n.01	0.611
103299163	god.n.01	0.662
103311231	god.n.01	0.754
103312185	god.n.01	0.571
103312969	god.n.01	0.829
103314102	deity.n.01	0.699
103315013	deity.n.01	0.786
103315658	god.n.01	0.576
103316433	eden.n.01	0.905
103316851	deity.n.01	0.759
103324598	deity.n.01	0.729
103325200	deity.n.01	0.694
103327162	deity.n.01	0.897
103332534	deity.n.01	0.75
103332626	deity.n.01	0.75
103332808	deity.n.01	0.637
103335052	deity.n.01	0.805
103335091	deity.n.01	0.635
103337491	deity.n.01	0.756
103337565	deity.n.01	0.737
103337687	deity.n.01	0.885
103337743	deity.n.01	0.901
103337753	deity.n.01	0.862
103337840	deity.n.01	0.683
103337864	deity.n.01	0.61
103338294	deity.n.01	0.527
103340228	goddess.n.01	None
103340291	deity.n.01	0.887
103340375	deity.n.01	0.81
103340600	deity.n.01	0.627
103341289	deity.n.01	0.602
103341998	deity.n.01	0.602
103342029	deity.n.01	0.758
103342051	deity.n.01	0.758
103344739	deity.n.01	0.818
103345676	deity.n.01	0.811
103345816	god.n.01	0.517
103345900	deity.n.01	0.835
103346819	deity.n.01	0.572
103347263	deity.n.01	0.861
103347294	deity.n.01	0.694
103353240	god.n.01	0.594
103353601	deity.n.01	0.534
103353933	deity.n.01	0.508
103354702	deity.n.01	0.527
103357587	deity.n.01	0.77
103358423	god.n.01	0.661
103359655	deity.n.01	0.554
103359719	deity.n.01	0.905
103359734	god.n.01	0.504
103360255	deity.n.01	0.582
103360264	deity.n.01	0.858
103360315	deity.n.01	0.585
103360797	deity.n.01	0.728
103360849	deity.n.01	0.515
103361253	deity.n.01	0.876
103362487	deity.n.01	0.925
103362588	deity.n.01	0.928
103364829	deity.n.01	0.777
103366209	deity.n.01	0.696
103366245	deity.n.01	0.681
103366279	deity.n.01	0.749
103366317	deity.n.01	0.78
103366363	deity.n.01	0.616
103366378	deity.n.01	0.759
103366629	deity.n.01	0.752
103366863	deity.n.01	0.906
103366972	god.n.01	0.544
103367228	deity.n.01	0.754
103367296	deity.n.01	0.548
103381646	deity.n.01	0.817
103383574	deity.n.01	0.494
103384901	deity.n.01	0.689
103385051	deity.n.01	0.822
103386319	deity.n.01	0.737
103388209	goddess.n.01	None
103388636	deity.n.01	0.779
103388771	deity.n.01	0.816
103389721	deity.n.01	0.907
103389794	goddess.n.01	None
103389864	deity.n.01	0.587
103391305	deity.n.01	0.792
103394526	deity.n.01	0.886
103394716	deity.n.01	0.543
103406248	deity.n.01	0.648
103406349	deity.n.01	0.752
103409166	deity.n.01	0.7
103409581	deity.n.01	0.782
103411104	eden.n.01	0.515
103414292	deity.n.01	0.572
103414320	deity.n.01	0.599
103415948	deity.n.01	0.774
103416800	deity.n.01	0.767
103418384	deity.n.01	0.801
103419215	deity.n.01	0.893
103419306	deity.n.01	0.817
103419693	deity.n.01	0.766
103420155	deity.n.01	0.884
103420194	deity.n.01	0.865
103420216	deity.n.01	0.515
103420236	deity.n.01	0.79
103420273	deity.n.01	0.819
103420853	deity.n.01	0.855
103422359	deity.n.01	0.754
103424789	deity.n.01	0.517
103426024	deity.n.01	0.765
103427030	deity.n.01	0.836
103428479	deity.n.01	0.695
103432240	god.n.01	0.649
103432402	god.n.01	0.643
103433413	god.n.01	0.694
103434546	deity.n.01	0.823
103434706	deity.n.01	0.853
103435215	deity.n.01	0.605
103435980	god.n.01	0.799
103438004	deity.n.01	0.699
103439481	deity.n.01	None
103440773	deity.n.01	0.949
103440867	prayer.n.02	0.68
103441160	deity.n.01	0.869
103442337	deity.n.01	0.747
103442468	deity.n.01	0.972
103442495	deity.n.01	0.616
103442504	deity.n.01	0.503
103443054	deity.n.01	0.883
103443223	goddess.n.01	None
103443338	deity.n.01	0.68
103447307	god.n.01	0.506
103447523	deity.n.01	0.672
103447953	deity.n.01	0.517
103448304	deity.n.01	0.66
103454550	god.n.01	0.499
103454696	deity.n.01	0.858
103455316	goddess.n.01	None
103455338	goddess.n.01	None
103455440	deity.n.01	0.588
103458716	deity.n.01	0.752
103460244	deity.n.01	0.851
103460268	deity.n.01	0.882
103461397	deity.n.01	0.834
103461555	deity.n.01	0.865
103461572	temple.n.01	0.819
103461714	deity.n.01	0.702
103462722	deity.n.01	0.601
103463641	goddess.n.01	None
103467651	deity.n.01	0.53
103467853	deity.n.01	0.617
103468030	deity.n.01	0.857
103468483	deity.n.01	0.714
103468544	deity.n.01	0.531
103468629	deity.n.01	0.885
103468649	deity.n.01	0.935
103468709	deity.n.01	0.599
103468939	deity.n.01	0.961
103469264	deity.n.01	0.819
103469924	deity.n.01	0.568
103471841	deity.n.01	0.744
103471979	deity.n.01	0.875
103473163	deity.n.01	0.701
103473494	deity.n.01	0.581
103473642	deity.n.01	0.535
103591147	deity.n.01	0.581
103592126	deity.n.01	0.741
103592986	goddess.n.01	None
103597710	deity.n.01	0.916
103597714	deity.n.01	0.916
103614049	deity.n.01	0.61
103614071	deity.n.01	0.681
103665111	deity.n.01	0.835
103667624	god.n.01	0.683
103681989	deity.n.01	None
103686191	deity.n.01	0.571
103689745	deity.n.01	0.745
103692431	deity.n.01	0.916
103693666	god.n.01	0.558
123998469	deity.n.01	0.647
120551844	deity.n.01	0.677
120554503	deity.n.01	0.965
103778369	goddess.n.01	None
120639525	deity.n.01	0.828
120639605	deity.n.01	0.947
120639625	deity.n.01	0.636
120639639	deity.n.01	0.931
120640849	deity.n.01	0.852
120641759	deity.n.01	0.602
120641787	deity.n.01	0.784
120641933	deity.n.01	0.662
103864861	deity.n.01	0.897
120642470	deity.n.01	0.683
120643418	deity.n.01	0.784
120643608	deity.n.01	0.897
120643635	deity.n.01	0.785
120643644	deity.n.01	0.917
120643731	deity.n.01	0.814
120643764	deity.n.01	0.839
120643775	deity.n.01	0.871
120643817	deity.n.01	0.792
120643925	deity.n.01	0.536
120644090	deity.n.01	0.848
120644465	deity.n.01	0.894
120644482	deity.n.01	0.782
120644556	deity.n.01	0.882
120644589	deity.n.01	0.976
120644749	idol.n.01	0.639
120644855	deity.n.01	0.866
120644900	deity.n.01	0.769
120644930	deity.n.01	0.596
120645064	deity.n.01	0.865
120645089	deity.n.01	0.981
120645129	deity.n.01	0.949
120645181	deity.n.01	0.903
120645311	deity.n.01	0.897
120645509	deity.n.01	0.772
120645591	deity.n.01	0.825
120645635	deity.n.01	0.957
120645859	deity.n.01	0.843
120645888	deity.n.01	0.542
120645938	deity.n.01	0.946
120645998	deity.n.01	0.83
120646062	god.n.01	0.634
120646146	deity.n.01	0.823
120646281	god.n.01	0.448
120646302	deity.n.01	0.769
120646344	deity.n.01	0.669
120646399	deity.n.01	0.78
120646410	deity.n.01	0.562
120646498	deity.n.01	0.503
120646517	deity.n.01	0.511
120646685	deity.n.01	0.914
120646747	deity.n.01	0.72
120646952	deity.n.01	0.74
120647342	deity.n.01	0.577
120647498	deity.n.01	0.836
120647551	deity.n.01	0.764
120647596	deity.n.01	0.726
120647733	deity.n.01	0.854
120647748	deity.n.01	0.711
120647782	deity.n.01	0.739
120647942	deity.n.01	0.803
120647988	deity.n.01	0.83
120648019	deity.n.01	0.917
120648806	deity.n.01	0.859
120649105	deity.n.01	0.8
120649188	god.n.01	0.556
120649364	deity.n.01	0.673
120649719	deity.n.01	0.85
120649730	deity.n.01	0.938
120649800	deity.n.01	0.971
120649855	deity.n.01	0.803
120649951	deity.n.01	0.941
120650027	deity.n.01	0.826
120650043	deity.n.01	0.924
120650068	deity.n.01	0.916
120650120	deity.n.01	0.883
120650319	deity.n.01	0.885
120650376	deity.n.01	0.862
120650458	deity.n.01	0.887
120650473	deity.n.01	0.887
120650502	deity.n.01	0.913
120650518	goddess.n.01	None
120650562	deity.n.01	0.867
120650676	deity.n.01	0.843
120650772	deity.n.01	0.798
120650848	deity.n.01	0.809
120651257	deity.n.01	0.733
120651879	deity.n.01	0.86
120651887	deity.n.01	0.752
120689825	savior.n.02	0.986
120691194	deity.n.01	0.931
120724728	deity.n.01	0.768
103947756	deity.n.01	0.89
120726315	deity.n.01	0.76
120726652	deity.n.01	0.902
120726675	deity.n.01	0.815
120726801	deity.n.01	0.827
120728758	deity.n.01	0.607
120748560	goddess.n.01	None
120751420	deity.n.01	0.963
120752974	deity.n.01	0.895
120753065	deity.n.01	0.938
120758111	deity.n.01	0.777
120758173	deity.n.01	0.85
120761097	goddess.n.01	None
120766698	deity.n.01	0.954
120768482	deity.n.01	0.759
120768721	deity.n.01	0.705
120770580	goddess.n.01	None
112384416	deity.n.01	0.938
120773393	deity.n.01	0.85
112385256	god.n.01	0.582
112385277	god.n.01	0.617
120778989	deity.n.01	0.879
120779343	goddess.n.01	None
120779349	deity.n.01	0.92
120781870	deity.n.01	0.849
112398668	deity.n.01	0.518
112398755	deity.n.01	0.698
120791118	goddess.n.01	None
104017459	deity.n.01	0.842
104018116	deity.n.01	0.865
112413608	deity.n.01	0.669
112413696	deity.n.01	0.607
112415419	deity.n.01	0.807
104029521	deity.n.01	0.628
104029741	god.n.01	0.633
112421448	deity.n.01	0.911
104048219	deity.n.01	0.667
104051716	deity.n.01	0.788
104090222	deity.n.01	0.78
104090288	deity.n.01	0.815
120877984	god.n.01	0.975
104148982	goddess.n.01	None
104149953	deity.n.01	0.832
104152278	deity.n.01	0.777
104155863	deity.n.01	0.558
104156716	deity.n.01	0.689
104160352	deity.n.01	None
104160523	deity.n.01	0.572
104162071	deity.n.01	0.923
120944064	deity.n.01	0.681
104166929	goddess.n.01	None
104166950	goddess.n.01	None
104166957	goddess.n.01	None
104168996	deity.n.01	0.549
120965473	deity.n.01	0.73
120966606	deity.n.01	0.892
120967199	deity.n.01	0.805
120967963	deity.n.01	0.827
120968112	deity.n.01	0.517
120968199	deity.n.01	0.739
120968340	deity.n.01	0.67
120968914	deity.n.01	0.785
120968923	deity.n.01	0.952
120971541	deity.n.01	0.849
120971911	deity.n.01	0.9
120974513	deity.n.01	0.85
120974544	deity.n.01	0.864
120975358	deity.n.01	0.894
120977259	deity.n.01	0.75
120978426	deity.n.01	0.936
120978461	deity.n.01	0.884
120978664	deity.n.01	0.921
120981026	goddess.n.01	None
120981260	deity.n.01	0.656
120986214	deity.n.01	0.861
120986254	deity.n.01	0.927
120986649	deity.n.01	0.851
120989663	deity.n.01	0.9
120989810	deity.n.01	0.832
120990292	deity.n.01	0.891
120990750	deity.n.01	0.669
120992351	deity.n.01	0.958
120992425	goddess.n.01	None
120993433	deity.n.01	0.713
120994604	goddess.n.01	None
104291250	god.n.01	0.551
104291976	goddess.n.01	None
104296175	deity.n.01	0.817
104296371	deity.n.01	0.972
104297941	deity.n.01	0.885
104297978	deity.n.01	0.808
104298382	deity.n.01	0.775
104299693	deity.n.01	0.748
104303640	deity.n.01	0.94
104307912	god.n.01	0.669
104310679	deity.n.01	0.946
121089569	god.n.01	0.907
104314249	deity.n.01	0.907
121091552	deity.n.01	0.807
104324220	god.n.03	0.625
104324981	religion.n.02	0.607
104349223	deity.n.01	0.778
104349233	deity.n.01	0.596
104355397	deity.n.01	0.693
121135729	idol.n.01	0.591
121137733	deity.n.01	0.794
121137899	deity.n.01	0.821
121137909	deity.n.01	0.869
104360876	deity.n.01	0.827
104360904	deity.n.01	0.808
121138160	deity.n.01	0.929
121138209	deity.n.01	0.815
121138296	deity.n.01	0.827
104361481	religion.n.02	0.731
104361526	religion.n.02	0.839
121139408	idol.n.01	0.792
121139465	deity.n.01	0.796
121139508	deity.n.01	0.784
121139524	deity.n.01	0.922
121139548	deity.n.01	0.916
121139580	deity.n.01	0.799
121139612	deity.n.01	0.748
121139631	deity.n.01	0.753
121139706	deity.n.01	0.814
121139719	deity.n.01	0.823
121139734	deity.n.01	0.827
104362771	deity.n.01	0.886
121140320	deity.n.01	0.75
121140400	deity.n.01	0.914
121140425	deity.n.01	0.937
121140547	deity.n.01	0.619
121140683	deity.n.01	0.897
121140689	deity.n.01	0.869
121140731	deity.n.01	0.745
104363635	deity.n.01	0.851
121140887	deity.n.01	0.952
121140898	deity.n.01	0.952
121141000	deity.n.01	0.759
121141416	deity.n.01	0.861
121142300	deity.n.01	0.807
104366080	deity.n.01	None
121143570	deity.n.01	0.926
104366881	deity.n.01	0.907
104366913	deity.n.01	0.891
121146196	deity.n.01	0.797
104369301	deity.n.01	0.633
121146760	deity.n.01	0.753
121147390	deity.n.01	0.867
104370979	goddess.n.01	None
121148265	deity.n.01	0.903
121148282	deity.n.01	0.792
121148298	deity.n.01	0.729
121148306	deity.n.01	0.819
121150238	deity.n.01	0.908
121150400	deity.n.01	0.922
121151643	deity.n.01	0.764
121151705	deity.n.01	0.913
121152383	deity.n.01	0.631
121152571	deity.n.01	0.866
121152713	deity.n.01	0.873
121152721	deity.n.01	0.881
121152992	deity.n.01	0.837
121153055	deity.n.01	0.801
121153086	deity.n.01	0.874
121153680	deity.n.01	0.876
121153720	deity.n.01	0.639
121153726	deity.n.01	0.826
121153741	deity.n.01	0.698
121153759	deity.n.01	0.732
121153789	deity.n.01	0.719
121153825	deity.n.01	0.806
121153834	deity.n.01	0.806
121153941	deity.n.01	0.665
121154237	deity.n.01	0.67
121154289	deity.n.01	0.979
121154323	deity.n.01	0.928
121154335	deity.n.01	0.919
121154385	deity.n.01	0.908
121154454	deity.n.01	0.87
121155960	deity.n.01	0.807
121156293	deity.n.01	0.604
121159971	deity.n.01	0.934
121177928	deity.n.01	0.856
121179193	deity.n.01	0.709
121180432	deity.n.01	0.986
121181523	deity.n.01	0.736
121183293	deity.n.01	0.882
121183775	deity.n.01	0.632
121192179	deity.n.01	0.708
121193067	deity.n.01	0.768
121198027	deity.n.01	0.775
121198031	deity.n.01	0.775
121199158	deity.n.01	0.809
121199326	deity.n.01	0.923
121211467	deity.n.01	0.775
121211837	deity.n.01	0.948
121213284	deity.n.01	0.91
121213382	deity.n.01	0.928
121213520	deity.n.01	0.85
121213713	deity.n.01	0.903
121223575	deity.n.01	0.895
121226043	deity.n.01	0.839
121233659	deity.n.01	0.825
121233791	deity.n.01	0.747
121236016	deity.n.01	0.808
121246710	deity.n.01	0.901
121248973	deity.n.01	0.883
121249195	deity.n.01	0.82
104473907	deity.n.01	0.788
104482492	deity.n.01	0.61
121261653	god.n.01	0.852
121262899	deity.n.01	0.916
121263274	deity.n.01	0.728
104487132	deity.n.01	0.678
121267519	deity.n.01	0.831
104496347	deity.n.01	0.638
104497223	god.n.01	0.827
104497653	deity.n.01	0.521
104497655	deity.n.01	0.671
104497661	god.n.01	0.605
104497669	deity.n.01	0.597
104498089	deity.n.01	0.691
104498130	god.n.01	0.573
104498177	deity.n.01	0.911
104498281	deity.n.01	0.921
104498446	deity.n.01	0.678
104498461	deity.n.01	0.697
104498660	deity.n.01	0.684
104499440	goddess.n.01	None
104499558	deity.n.01	0.868
104499950	deity.n.01	0.926
121283261	deity.n.01	0.616
121284057	deity.n.01	0.849
121289717	deity.n.01	0.658
121289761	deity.n.01	0.875
121289819	deity.n.01	0.945
121289933	deity.n.01	0.837
121289996	deity.n.01	0.881
121290007	deity.n.01	0.773
104513579	deity.n.01	0.926
104514085	deity.n.01	0.721
104514101	deity.n.01	0.502
104514119	deity.n.01	0.521
104514125	deity.n.01	0.514
121291683	deity.n.01	0.664
121292015	god.n.01	0.593
121292353	deity.n.01	0.505
121293141	deity.n.01	0.888
121327131	goddess.n.01	None
121327386	deity.n.01	0.915
121327431	deity.n.01	0.755
121327613	goddess.n.01	None
121327731	goddess.n.01	None
121327830	deity.n.01	0.693
121327917	god.n.01	0.546
121328203	deity.n.01	0.591
121328392	deity.n.01	0.824
121328656	deity.n.01	0.569
121328709	god.n.01	0.649
121329888	deity.n.01	0.729
121339717	deity.n.01	0.788
104564280	deity.n.01	0.851
121344742	deity.n.01	0.551
121344746	deity.n.01	0.633
104568104	god.n.01	0.674
104568121	god.n.01	0.529
121345731	deity.n.01	0.652
121346058	deity.n.01	0.87
121347561	deity.n.01	0.722
121347981	deity.n.01	0.719
121348313	deity.n.01	0.535
121349254	deity.n.01	0.899
121349632	deity.n.01	0.886
121349754	deity.n.01	0.734
121350002	deity.n.01	0.849
121350037	deity.n.01	0.709
121350061	deity.n.01	0.808
121350129	deity.n.01	0.75
104572960	deity.n.01	0.795
104573530	deity.n.01	0.738
121351291	deity.n.01	0.8
121352990	deity.n.01	0.873
121353279	deity.n.01	0.852
121353849	deity.n.01	0.833
121353889	deity.n.01	0.905
121354167	deity.n.01	0.875
121354889	deity.n.01	0.937
121355372	deity.n.01	0.973
121355401	deity.n.01	0.697
104578819	deity.n.01	0.639
121356787	deity.n.01	0.839
121369052	deity.n.01	0.675
121369068	deity.n.01	0.77
121369110	deity.n.01	0.696
121372315	deity.n.01	0.707
121372448	deity.n.01	0.871
121373354	deity.n.01	0.802
121373690	deity.n.01	0.923
121373700	deity.n.01	None
121373746	deity.n.01	0.822
121373755	deity.n.01	0.881
121374518	deity.n.01	0.902
121374831	deity.n.01	0.864
121378434	deity.n.01	0.962
121378973	deity.n.01	0.859
121379129	god.n.01	0.658
121379146	deity.n.01	0.6
121383403	deity.n.01	0.881
121388529	deity.n.01	0.776
121389801	god.n.01	0.486
121389860	deity.n.01	0.66
121389960	deity.n.01	0.708
121389988	deity.n.01	0.911
121390015	deity.n.01	0.976
121390029	deity.n.01	None
121390038	deity.n.01	0.578
121397252	deity.n.01	0.614
121402102	deity.n.01	0.718
121403708	deity.n.01	0.721
121406880	deity.n.01	0.914
121413076	deity.n.01	0.88
121413102	divinity.n.02	0.825
121414832	deity.n.01	0.719
121415683	deity.n.01	0.895
121415697	deity.n.01	0.898
121415701	deity.n.01	0.879
121415714	deity.n.01	0.947
121415757	deity.n.01	None
121419718	deity.n.01	0.973
121419785	deity.n.01	0.937
121419817	deity.n.01	0.809
121419836	deity.n.01	0.935
121419886	deity.n.01	0.852
121420020	deity.n.01	0.911
121420034	deity.n.01	0.668
121420132	deity.n.01	0.818
121420578	deity.n.01	0.696
121420777	deity.n.01	0.663
121420925	deity.n.01	0.901
121420935	deity.n.01	0.897
121421226	deity.n.01	0.836
121421361	deity.n.01	0.934
121421662	deity.n.01	0.912
121421694	deity.n.01	0.785
121422016	deity.n.01	0.92
121422044	deity.n.01	0.966
121422064	deity.n.01	0.938
121422107	deity.n.01	0.896
121422533	deity.n.01	0.97
121422548	deity.n.01	0.948
121422721	deity.n.01	0.74
121423609	deity.n.01	0.736
121423662	deity.n.01	0.887
121423697	deity.n.01	0.838
121424012	deity.n.01	0.918
121424085	deity.n.01	0.828
121424256	deity.n.01	0.951
121424432	deity.n.01	0.826
121424505	deity.n.01	0.697
121425101	deity.n.01	0.791
121425163	deity.n.01	0.728
121425211	deity.n.01	0.678
121425646	deity.n.01	0.507
121425729	deity.n.01	0.872
121434210	deity.n.01	0.893
121434356	deity.n.01	0.595
121434786	deity.n.01	0.968
121434804	deity.n.01	0.9
121435502	deity.n.01	0.704
121439759	deity.n.01	0.858
121439785	deity.n.01	0.752
121440710	bible.n.01	0.864
121441426	deity.n.01	0.549
121444030	deity.n.01	0.873
121444033	deity.n.01	0.809
121444046	deity.n.01	0.851
121444064	deity.n.01	0.854
121444067	deity.n.01	0.873
121444078	deity.n.01	0.807
121444092	deity.n.01	0.856
121445410	deity.n.01	0.702
121447732	deity.n.01	0.815
121447754	goddess.n.01	None
121447889	deity.n.01	0.77
121448232	deity.n.01	0.945
121449502	deity.n.01	0.913
121451155	deity.n.01	0.951
121451157	deity.n.01	0.94
121451161	deity.n.01	0.911
121451163	deity.n.01	0.911
121451176	deity.n.01	0.943
121451213	deity.n.01	0.938
121451270	deity.n.01	0.757
121451368	deity.n.01	0.72
121453181	deity.n.01	0.962
121453212	deity.n.01	0.893
121453234	deity.n.01	0.97
121455271	deity.n.01	0.875
121455318	deity.n.01	0.578
121456760	deity.n.01	0.83
121460234	deity.n.01	0.693
121462808	deity.n.01	0.957
121462909	deity.n.01	0.73
121463229	deity.n.01	0.967
121464545	deity.n.01	0.647
121466575	deity.n.01	0.88
121466696	deity.n.01	0.835
121466772	deity.n.01	0.926
121467141	deity.n.01	0.775
121467407	deity.n.01	0.55
121467462	deity.n.01	0.768
121467649	deity.n.01	0.817
121468137	deity.n.01	0.766
121468155	deity.n.01	0.969
121468168	deity.n.01	0.908
121468191	deity.n.01	0.547
121468801	deity.n.01	0.843
121474606	deity.n.01	None
121474657	deity.n.01	0.843
121474932	deity.n.01	0.943
121474948	deity.n.01	0.933
121476917	deity.n.01	0.842
121478142	deity.n.01	0.934
121478158	deity.n.01	0.956
121478164	deity.n.01	0.956
121478237	deity.n.01	0.77
121478348	deity.n.01	0.967
121478492	deity.n.01	None
121478627	deity.n.01	0.763
121478669	deity.n.01	0.601
121478745	deity.n.01	0.977
121480674	deity.n.01	0.775
121488925	deity.n.01	0.896
121488926	deity.n.01	0.896
121491960	god.n.01	0.69
121494351	deity.n.01	0.898
121494388	deity.n.01	0.938
121494503	deity.n.01	0.897
104718622	deity.n.01	0.478
121497641	deity.n.01	0.885
121497705	deity.n.01	0.937
121498732	deity.n.01	0.838
121498858	deity.n.01	0.965
121502345	god.n.01	0.46
121502583	god.n.01	0.595
121504298	deity.n.01	0.883
121512766	deity.n.01	0.973
121513627	deity.n.01	0.771
121513981	deity.n.01	0.904
121515982	divinity.n.02	0.993
121522673	deity.n.01	0.578
121522717	deity.n.01	0.847
121522743	deity.n.01	0.825
121522793	deity.n.01	0.766
121522865	deity.n.01	0.858
121523010	deity.n.01	0.823
121524373	deity.n.01	0.871
121525882	deity.n.01	0.655
121525884	god.n.01	0.533
121525904	deity.n.01	0.759
121527234	deity.n.01	0.832
121528544	god.n.01	0.689
121528590	deity.n.01	0.74
121528746	deity.n.01	0.733
121528773	deity.n.01	0.836
121528831	deity.n.01	0.556
121528905	god.n.01	0.652
121530855	deity.n.01	0.674
121530887	deity.n.01	0.742
121530923	deity.n.01	0.824
121530964	idol.n.01	0.579
121530980	deity.n.01	0.696
121530982	deity.n.01	0.741
121531052	deity.n.01	0.781
121531596	deity.n.01	0.806
121531887	deity.n.01	0.924
121531924	deity.n.01	0.914
121532031	deity.n.01	0.729
121532045	deity.n.01	0.774
121532083	deity.n.01	0.771
121532093	deity.n.01	0.804
121532106	deity.n.01	0.656
121532108	deity.n.01	0.823
121532127	deity.n.01	0.664
121532299	deity.n.01	0.674
121532463	deity.n.01	0.702
121533089	deity.n.01	0.703
121533097	deity.n.01	0.938
121533170	deity.n.01	0.714
121533881	deity.n.01	0.688
121533889	deity.n.01	0.89
121534006	deity.n.01	0.566
121534024	deity.n.01	0.898
121534030	deity.n.01	0.807
121534046	deity.n.01	0.807
121534054	deity.n.01	0.807
121534069	deity.n.01	0.771
121534089	deity.n.01	0.94
121534094	deity.n.01	0.883
121534103	deity.n.01	0.842
121534129	deity.n.01	0.871
121534183	deity.n.01	0.742
121534228	deity.n.01	0.818
121534266	deity.n.01	0.832
121534279	deity.n.01	0.875
121534292	deity.n.01	0.781
121534452	deity.n.01	0.812
121534546	deity.n.01	0.909
121534585	deity.n.01	0.903
121534601	deity.n.01	0.863
121534615	deity.n.01	0.773
121534671	deity.n.01	0.892
121535553	deity.n.01	0.935
121535619	deity.n.01	0.886
121536020	deity.n.01	0.872
121536021	deity.n.01	0.86
121536087	deity.n.01	0.891
121536102	deity.n.01	0.895
121536114	deity.n.01	0.79
121537727	deity.n.01	0.699
121538949	deity.n.01	0.694
121541601	deity.n.01	0.921
121544000	deity.n.01	0.793
121544021	deity.n.01	0.516
121544083	deity.n.01	0.659
121544421	deity.n.01	0.678
121544989	deity.n.01	0.927
104770739	deity.n.01	0.838
104770986	deity.n.01	0.73
121549076	deity.n.01	0.679
121549873	deity.n.01	0.959
104772941	eden.n.01	0.857
121550183	devil.n.02	0.994
121551154	deity.n.01	0.496
121551215	deity.n.01	0.908
121552670	goddess.n.01	None
121553130	deity.n.01	0.911
121553133	deity.n.01	0.929
121553334	deity.n.01	0.902
121553439	deity.n.01	0.883
121554853	deity.n.01	0.863
121554876	deity.n.01	0.782
121555145	deity.n.01	0.884
121555150	deity.n.01	0.87
104852950	deity.n.01	0.792
104852963	deity.n.01	0.718
104853154	deity.n.01	0.624
104853512	deity.n.01	0.899
104864414	goddess.n.01	None
104864933	deity.n.01	0.737
104865338	deity.n.01	0.976
104866204	deity.n.01	0.914
104866495	goddess.n.01	None
104867846	deity.n.01	0.859
104868129	deity.n.01	0.978
104869190	goddess.n.01	None
104869446	god.n.01	0.587
104869554	deity.n.01	0.862
104869601	deity.n.01	0.962
104871509	deity.n.01	0.79
104872025	deity.n.01	0.865
104874704	deity.n.01	0.833
104894982	idol.n.01	0.862
104897857	deity.n.01	0.924
104897911	deity.n.01	0.516
113301802	deity.n.01	0.854
104914483	deity.n.01	0.93
113304072	goddess.n.01	None
113304084	goddess.n.01	None
113304224	goddess.n.01	None
113304308	goddess.n.01	None
113304355	goddess.n.01	None
113304613	goddess.n.01	None
113304648	goddess.n.01	None
113304999	goddess.n.01	None
113305022	goddess.n.01	None
113305048	goddess.n.01	None
113305053	goddess.n.01	None
113305077	goddess.n.01	None
113305114	goddess.n.01	None
113305159	goddess.n.01	None
113305177	goddess.n.01	None
113305192	goddess.n.01	None
104918418	deity.n.01	0.961
113308314	deity.n.01	0.881
104921038	deity.n.01	0.919
104923054	deity.n.01	0.94
104924126	deity.n.01	0.894
104924581	deity.n.01	0.61
104924584	deity.n.01	0.673
104925892	deity.n.01	0.84
104926028	deity.n.01	0.897
104926343	deity.n.01	0.917
104926673	deity.n.01	0.845
104926880	deity.n.01	0.9
104926904	deity.n.01	0.837
104932751	deity.n.01	0.79
104932842	deity.n.01	0.891
104932944	deity.n.01	0.902
104933315	deity.n.01	0.699
104933560	idol.n.01	0.683
104934680	deity.n.01	0.744
104934690	deity.n.01	0.9
104934719	deity.n.01	0.916
104934724	deity.n.01	0.898
104934761	deity.n.01	0.878
104934771	deity.n.01	0.752
104934775	idol.n.01	0.875
113335284	deity.n.01	0.525
113335353	god.n.01	0.764
113336138	deity.n.01	0.557
113336279	deity.n.01	0.849
113336335	deity.n.01	0.769
113336638	deity.n.01	0.913
113338372	god.n.01	0.54
104953033	idol.n.01	0.86
113353321	deity.n.01	0.967
113353436	deity.n.01	0.614
113361522	god.n.01	0.931
113366585	god.n.01	0.848
113366611	god.n.01	0.804
113369238	god.n.01	0.581
113370203	idol.n.01	0.6
113370588	god.n.01	0.808
113370710	god.n.01	0.572
113370947	god.n.01	0.593
113371336	god.n.01	0.572
113371362	god.n.01	0.572
113371552	god.n.01	0.613
113372108	god.n.01	0.83
113374011	providence.n.02	0.747
113374072	god.n.01	0.938
113374745	deity.n.01	0.673
113374795	divinity.n.02	0.913
113374802	divinity.n.02	0.913
113374903	god.n.01	0.824
113374998	cult.n.01	0.579
113375061	god.n.01	0.643
104986608	deity.n.01	0.899
113375404	god.n.01	0.637
113376091	god.n.01	0.402
113376101	idol.n.01	0.469
113376646	deity.n.01	0.59
113376778	deity.n.01	0.609
113379161	deity.n.01	0.528
113380031	deity.n.01	0.544
104992738	deity.n.01	0.833
104993489	deity.n.01	0.894
104994578	deity.n.01	0.911
104994582	deity.n.01	0.913
104994956	deity.n.01	0.92
104994994	deity.n.01	0.717
113383900	god.n.01	0.663
104995345	deity.n.01	0.886
113384096	god.n.01	0.84
104995585	deity.n.01	0.581
113384495	god.n.01	0.866
113384526	deity.n.01	0.515
113384529	god.n.01	0.498
113384576	heaven.n.02	0.558
104996149	deity.n.01	0.86
113385041	deity.n.01	0.508
113385248	god.n.01	0.712
104996960	deity.n.01	0.866
104997553	deity.n.01	0.879
104997560	deity.n.01	0.879
104998125	deity.n.01	0.937
113386962	god.n.01	0.682
113386993	god.n.01	0.662
113387010	deity.n.01	0.474
104998466	deity.n.01	0.853
113387114	god.n.01	0.855
104998632	deity.n.01	0.876
104998673	deity.n.01	0.781
104999555	deity.n.01	0.803
104999580	deity.n.01	0.854
104999595	deity.n.01	0.699
104999653	deity.n.01	0.889
104999819	deity.n.01	0.933
104999833	deity.n.01	0.945
104999999	deity.n.01	0.917
113390141	deity.n.01	0.653
105002149	deity.n.01	0.936
113391425	godhead.n.01	None
105003160	deity.n.01	0.828
113392108	deity.n.01	None
105004323	deity.n.01	0.921
113392970	god.n.01	0.827
113395608	deity.n.01	0.507
105008988	deity.n.01	0.907
105009546	deity.n.01	0.852
105010347	deity.n.01	0.877
113399328	deity.n.01	0.49
105010929	deity.n.01	0.886
105011203	deity.n.01	0.913
105011832	deity.n.01	0.913
105012445	deity.n.01	0.95
105012547	deity.n.01	0.908
105012617	deity.n.01	0.922
105013157	deity.n.01	0.909
105013258	deity.n.01	0.895
105013532	deity.n.01	0.779
105013645	deity.n.01	0.821
105013687	deity.n.01	0.65
113405259	deity.n.01	0.584
113405473	deity.n.01	0.498
113411950	god.n.01	0.597
113415455	blessedness.n.01	None
113418547	god.n.01	0.914
113418682	god.n.01	0.901
113421307	deity.n.01	0.883
105032942	deity.n.01	0.599
105033481	deity.n.01	0.917
113422421	deity.n.01	0.784
105034567	deity.n.01	0.953
113423198	deity.n.01	0.927
105035002	deity.n.01	0.856
105035954	deity.n.01	0.939
105036216	deity.n.01	0.895
105036968	deity.n.01	0.851
105037886	goddess.n.01	None
113426781	god.n.01	0.919
105038236	deity.n.01	0.809
105038904	deity.n.01	0.633
105039062	deity.n.01	0.965
113427943	deity.n.01	0.775
105039509	goddess.n.01	None
105039628	goddess.n.01	None
113428465	deity.n.01	None
105040545	goddess.n.01	None
105040972	deity.n.01	0.904
105041622	goddess.n.01	None
105041689	goddess.n.01	None
105042112	god.n.01	0.529
113431490	god.n.01	0.889
113438889	god.n.01	0.888
105052648	deity.n.01	0.736
105052684	deity.n.01	0.892
105052693	deity.n.01	0.804
105052707	deity.n.01	0.8
105052718	deity.n.01	0.811
105053715	deity.n.01	0.603
105053835	deity.n.01	0.856
105053851	deity.n.01	0.684
105053864	god.n.01	0.513
105053951	god.n.03	0.594
105056457	deity.n.01	0.859
105062946	deity.n.01	0.659
105063049	deity.n.01	0.768
105063292	god.n.01	0.543
105063439	god.n.01	0.539
105063452	deity.n.01	0.89
105063604	deity.n.01	0.722
105063904	deity.n.01	0.952
105064530	god.n.01	0.647
105064862	deity.n.01	0.711
105065101	god.n.01	0.696
105065394	deity.n.01	0.661
105065430	deity.n.01	0.671
105065473	god.n.01	0.409
105065482	god.n.01	0.761
105065558	god.n.01	0.694
105065641	deity.n.01	0.791
105065839	god.n.01	0.69
105066191	god.n.01	0.495
105066598	god.n.01	0.47
105066666	deity.n.01	0.607
105066827	deity.n.01	0.779
105066973	deity.n.01	0.902
105067067	god.n.01	0.61
105067146	deity.n.01	0.906
105067213	god.n.01	0.714
105067692	god.n.01	0.68
105067839	god.n.01	0.75
105067850	god.n.01	0.672
105067943	deity.n.01	0.813
105068181	god.n.01	0.63
105068889	deity.n.01	0.508
105069173	god.n.01	0.73
105069395	deity.n.01	0.699
105069657	god.n.01	0.694
113462967	god.n.01	0.867
105081722	god.n.01	0.591
105082040	god.n.01	0.739
105082909	god.n.01	0.761
113474021	deity.n.01	0.626
113474149	deity.n.01	0.772
113474224	deity.n.01	0.826
113474718	deity.n.01	0.788
113474757	deity.n.01	0.529
113474870	deity.n.01	0.631
113474939	deity.n.01	0.856
113475061	god.n.01	0.557
113476310	deity.n.01	0.761
113476506	deity.n.01	0.608
113476683	deity.n.01	0.579
113477191	deity.n.01	0.9
113478555	deity.n.01	0.625
113484453	god.n.01	0.829
113486480	deity.n.01	None
113487339	god.n.01	0.653
113487349	god.n.01	0.653
113488006	deity.n.01	0.753
113488040	deity.n.01	0.879
113488785	deity.n.01	0.866
113488906	goddess.n.01	None
113489756	goddess.n.01	None
113491353	goddess.n.01	None
113492082	deity.n.01	0.888
113492913	deity.n.01	0.921
113493036	deity.n.01	None
113493136	deity.n.01	0.858
113493483	deity.n.01	None
113493486	deity.n.01	None
113493543	goddess.n.01	None
113496284	deity.n.01	0.959
113503545	deity.n.01	0.67
113503559	god.n.03	0.811
113503577	deity.n.01	0.527
113504849	god.n.01	0.496
113505401	god.n.01	0.52
113508000	god.n.01	0.562
113510151	deity.n.01	0.88
113510205	deity.n.01	0.684
105127677	deity.n.01	0.797
113517056	god.n.01	0.719
113517188	god.n.01	0.813
113519595	deity.n.01	0.531
113527062	deity.n.01	0.843
113530044	deity.n.01	0.852
113530312	deity.n.01	0.723
113530471	deity.n.01	0.709
113530856	deity.n.01	0.634
113532831	god.n.01	0.532
113533531	deity.n.01	0.566
113535216	deity.n.01	None
113535304	deity.n.01	0.521
113535466	divinity.n.02	0.935
113535514	divinity.n.02	0.932
113535561	gentleman.n.01	0.993
113536100	deity.n.01	None
113536212	deity.n.01	0.598
113536423	deification.n.03	0.582
113536453	god.n.01	0.719
121940670	deity.n.01	0.917
105168476	deity.n.01	0.879
105172379	deity.n.01	0.929
121949834	deity.n.01	0.669
113564582	god.n.01	0.711
105177926	deity.n.01	0.819
105178735	deity.n.01	0.754
105178737	deity.n.01	0.761
105178791	deity.n.01	0.814
105179055	deity.n.01	0.89
105179080	deity.n.01	0.89
113569716	god.n.01	0.683
121958751	goddess.n.01	None
105183186	deity.n.01	0.821
113573831	deification.n.03	0.41
121963194	deity.n.01	0.692
121963779	deity.n.01	0.851
121964092	deity.n.01	0.681
121964678	deity.n.01	0.725
121964909	goddess.n.01	None
121964925	deity.n.01	0.738
113576387	god.n.01	0.644
105191267	deity.n.01	0.866
121972381	deity.n.01	0.756
121972441	deity.n.01	0.665
121972488	deity.n.01	0.655
121972556	deity.n.01	0.557
121974490	deity.n.01	0.751
113585927	deity.n.01	0.52
105198192	deity.n.01	0.674
105198233	deity.n.01	0.494
105198429	god.n.01	0.643
105198732	deity.n.01	0.897
121977102	deity.n.01	0.956
121977526	deity.n.01	0.877
121978855	god.n.01	0.518
113590788	goddess.n.01	None
113591094	deity.n.01	0.569
105206323	goddess.n.01	None
105206982	deity.n.01	0.955
113597259	diviner.n.01	None
105210484	deity.n.01	0.825
105211162	goddess.n.01	None
121988955	deity.n.01	0.787
121989505	deity.n.01	0.945
121989521	deity.n.01	0.949
105212555	deity.n.01	0.93
113601289	deity.n.01	0.705
113601775	deity.n.01	0.62
113603749	god.n.01	0.733
113607186	deity.n.01	0.902
105218640	deity.n.01	0.666
105222183	deity.n.01	0.664
113611666	deity.n.01	0.635
122001162	deity.n.01	0.816
113614854	goddess.n.01	None
113614953	deity.n.01	0.914
113614991	deity.n.01	0.812
113615082	deity.n.01	0.873
113615682	deity.n.01	0.881
113616053	deity.n.01	0.844
105228884	deity.n.01	0.693
105229281	deity.n.01	0.902
105229340	deity.n.01	0.848
122007217	god.n.01	0.556
113618892	deity.n.01	0.615
105230532	deity.n.01	0.741
113619927	deity.n.01	0.762
113620238	deity.n.01	0.775
113620306	goddess.n.01	None
113620686	deity.n.01	0.932
113621482	deity.n.01	0.86
105233357	deity.n.01	0.88
113622995	deity.n.01	0.852
113623056	deity.n.01	0.89
113623096	deity.n.01	0.843
113626854	goddess.n.01	None
113627948	deity.n.01	0.914
113630194	goddess.n.01	None
113635075	deity.n.01	0.935
113635785	goddess.n.01	None
113636596	deity.n.01	0.78
113637053	deity.n.01	0.817
105255610	deity.n.01	0.529
113644537	goddess.n.01	None
105255956	deity.n.01	0.592
113645342	deity.n.01	0.84
105258752	deity.n.01	0.884
105261490	deity.n.01	0.758
113656397	deity.n.01	None
105274221	deity.n.01	0.816
113663331	deity.n.01	0.85
113664906	deity.n.01	None
105276942	deity.n.01	0.942
105276961	deity.n.01	0.964
105276967	deity.n.01	0.942
105276978	deity.n.01	0.965
105277289	deity.n.01	0.561
105277310	deity.n.01	0.814
105278618	deity.n.01	0.844
113668441	deity.n.01	0.83
113668733	deity.n.01	0.793
113669363	deity.n.01	0.975
113674028	deity.n.01	0.953
113674151	deity.n.01	0.945
113674536	deity.n.01	0.86
113675138	deity.n.01	0.763
113679871	deity.n.01	0.927
105292399	deity.n.01	0.764
113683844	deity.n.01	0.921
113685082	deity.n.01	0.952
105298272	deity.n.01	0.916
105299086	deity.n.01	0.623
113687753	deity.n.01	0.925
105299823	deity.n.01	0.824
105300517	deity.n.01	0.849
105301493	deity.n.01	0.813
113690952	deity.n.01	0.883
113691028	deity.n.01	0.827
113691127	deity.n.01	0.916
113691140	deity.n.01	0.916
113691191	deity.n.01	0.849
113691197	deity.n.01	0.849
113691209	deity.n.01	0.936
113691246	deity.n.01	0.769
113691288	deity.n.01	0.672
113691431	deity.n.01	0.879
113691437	deity.n.01	0.949
105303045	deity.n.01	0.519
105303569	deity.n.01	0.905
105303845	deity.n.01	0.64
105303926	deity.n.01	0.844
105304906	deity.n.01	0.824
105306637	deity.n.01	0.684
113700007	deity.n.01	0.69
113700640	deity.n.01	None
113700685	deity.n.01	None
113700694	deity.n.01	0.845
113700976	deity.n.01	0.916
105314542	deity.n.01	0.603
113707126	deity.n.01	0.868
105319332	deity.n.01	0.846
105319340	deity.n.01	0.833
105319492	deity.n.01	0.788
113710089	deity.n.01	0.798
113710105	deity.n.01	None
113711265	deity.n.01	0.873
113712108	deity.n.01	0.932
113712186	deity.n.01	0.953
105323868	deity.n.01	None
105325766	deity.n.01	0.786
113716541	deity.n.01	0.843
113718562	deity.n.01	0.915
113718602	deity.n.01	0.943
105333560	deity.n.01	0.882
113724184	deity.n.01	0.95
105336765	deity.n.01	0.881
105336820	god.n.01	0.757
113727163	deity.n.01	0.547
113727563	deity.n.01	0.922
105339735	deity.n.01	0.874
113728984	deity.n.01	0.966
113728988	deity.n.01	0.932
105340657	deity.n.01	0.749
105341176	deity.n.01	0.724
113729865	deity.n.01	0.94
113730193	deity.n.01	0.965
113730222	deity.n.01	0.738
113730231	deity.n.01	0.738
113731211	deity.n.01	0.909
113731269	deity.n.01	0.923
113733419	deity.n.01	0.84
105344994	deity.n.01	0.767
105345224	deity.n.01	0.785
105345248	deity.n.01	0.546
113734000	deity.n.01	0.85
113734010	deity.n.01	0.85
113734017	deity.n.01	0.85
113734025	deity.n.01	0.698
113734271	deity.n.01	0.522
113734279	deity.n.01	0.592
113734703	deity.n.01	0.512
105346668	god.n.01	0.551
105347051	deity.n.01	0.772
105350074	deity.n.01	0.888
105353969	goddess.n.01	None
105356001	deity.n.01	0.644
105356040	deity.n.01	0.844
105361999	deity.n.01	0.658
105364809	deity.n.01	0.716
105365864	deity.n.01	0.645
105380128	deity.n.01	0.525
105380175	deity.n.01	0.65
105383370	deity.n.01	0.91
105388502	god.n.01	0.602
105388626	deity.n.01	0.634
105393099	goddess.n.01	None
105398057	deity.n.01	0.785
105410493	deity.n.01	0.888
105412548	deity.n.01	0.587
105422753	deity.n.01	0.801
105424848	deity.n.01	0.898
105429888	deity.n.01	0.913
105432498	deity.n.01	0.767
105433795	deity.n.01	0.881
105439439	god.n.01	0.665
105441697	deity.n.01	0.882
105441860	deity.n.01	0.76
105441954	deity.n.01	0.761
105445624	deity.n.01	0.906
105452930	deity.n.01	0.578
105452975	deity.n.01	0.768
105454217	deity.n.01	0.71
105454286	deity.n.01	0.559
105454383	deity.n.01	0.692
105454521	deity.n.01	0.714
105456743	deity.n.01	0.76
105456772	deity.n.01	0.841
105456843	god.n.01	0.508
105457062	deity.n.01	0.908
105457707	god.n.01	0.816
105460320	deity.n.01	0.818
105462053	deity.n.01	0.881
113921732	deity.n.01	0.938
113923118	deity.n.01	0.837
113923486	deity.n.01	0.841
113924740	goddess.n.01	None
113928920	deity.n.01	0.77
113929003	deity.n.01	0.608
105679429	deity.n.01	0.767
105680166	deity.n.01	0.779
105687178	god.n.01	0.846
105687347	deity.n.01	0.574
105687356	deity.n.01	0.783
105687976	deity.n.01	0.703
105739293	deity.n.01	0.733
105739434	deity.n.01	0.913
105739468	goddess.n.01	None
105741582	deity.n.01	0.934
105741901	deity.n.01	0.638
105744491	deity.n.01	0.576
105744554	eden.n.01	0.934
105744568	deity.n.01	0.798
105751074	god.n.01	0.656
105768929	deity.n.01	0.863
105768976	deity.n.01	0.586
122733736	god.n.01	0.793
105814285	deity.n.01	0.926
105829412	goddess.n.01	None
105829443	goddess.n.01	None
122606775	deity.n.01	0.614
122606796	god.n.01	0.596
122606876	deity.n.01	0.85
122606912	deity.n.01	0.789
122606929	deity.n.01	0.853
122606953	deity.n.01	0.837
105829766	deity.n.01	0.816
122606993	deity.n.01	0.832
105829797	deity.n.01	0.861
105829831	deity.n.01	0.936
105829850	goddess.n.01	None
122607192	deity.n.01	0.919
122607251	deity.n.01	0.867
122607272	deity.n.01	0.907
122607298	deity.n.01	0.944
122607356	deity.n.01	None
122609167	deity.n.01	0.727
122609510	deity.n.01	0.914
122609976	god.n.01	0.607
122611624	deity.n.01	0.68
122612569	deity.n.01	0.806
122614460	deity.n.01	0.565
122615620	deity.n.01	0.738
122615775	deity.n.01	0.734
122615801	deity.n.01	0.801
122616046	god.n.01	0.659
122618471	deity.n.01	0.991
122618926	deity.n.01	0.805
122619116	deity.n.01	0.881
122622617	deity.n.01	0.563
122624755	deity.n.01	0.668
122625371	goddess.n.01	None
122625472	goddess.n.01	None
122627112	deity.n.01	0.766
122630403	deity.n.01	0.851
122630412	deity.n.01	0.63
122630737	deity.n.01	0.761
122631002	deity.n.01	0.745
122631021	deity.n.01	0.574
122632533	goddess.n.01	None
122632572	deity.n.01	0.685
122632595	deity.n.01	0.914
122632658	deity.n.01	0.601
122632690	deity.n.01	0.701
122636719	deity.n.01	0.769
122636745	deity.n.01	0.961
122639553	deity.n.01	0.67
122643057	deity.n.01	0.824
122643087	deity.n.01	0.84
122643454	deity.n.01	0.661
122643966	deity.n.01	0.888
122643992	deity.n.01	0.742
122644022	deity.n.01	0.577
122647505	god.n.01	0.582
122649485	deity.n.01	0.889
122649975	deity.n.01	0.88
122653047	deity.n.01	0.897
122653089	deity.n.01	0.87
122653105	deity.n.01	None
122653121	deity.n.01	0.71
122653179	deity.n.01	0.739
122664201	deity.n.01	0.661
122664685	deity.n.01	0.884
122667252	deity.n.01	0.76
122667648	deity.n.01	0.877
122668608	god.n.01	0.512
122668617	deity.n.01	0.752
122668636	deity.n.01	0.748
122668663	deity.n.01	0.786
122669232	deity.n.01	0.628
122669249	god.n.01	0.799
122669490	god.n.01	0.602
122670267	deity.n.01	0.635
122671809	deity.n.01	0.871
122672198	deity.n.01	0.61
122672353	deity.n.01	0.557
122672591	deity.n.01	0.631
122672943	god.n.01	0.512
122672951	deity.n.01	0.789
122676032	god.n.01	0.584
122676618	deity.n.01	0.727
122682035	god.n.01	0.516
122689674	deity.n.01	0.793
122689682	deity.n.01	0.717
122689690	deity.n.01	0.784
122689699	god.n.01	0.577
122689704	deity.n.01	0.885
122689738	deity.n.01	0.781
122689753	deity.n.01	0.768
122690197	deity.n.01	0.761
122691097	deity.n.01	0.81
122691848	god.n.01	0.51
122691894	deity.n.01	0.601
122692865	deity.n.01	None
122696603	deity.n.01	0.53
122699389	deity.n.01	0.938
122701253	deity.n.01	0.691
122701326	deity.n.01	0.869
122701381	deity.n.01	0.881
122701488	deity.n.01	0.815
122701795	deity.n.01	0.798
122701820	god.n.01	0.904
122702516	deity.n.01	0.928
122702526	deity.n.01	0.744
122702740	deity.n.01	0.791
122703095	deity.n.01	0.54
122705394	deity.n.01	0.701
122705811	deity.n.01	0.71
122706056	deity.n.01	0.834
122706115	deity.n.01	0.765
122706223	deity.n.01	0.768
122706306	deity.n.01	0.74
122707518	god.n.01	0.73
122708103	deity.n.01	0.784
122710083	deity.n.01	0.782
122710251	deity.n.01	0.727
122710989	deity.n.01	0.719
122712998	goddess.n.01	None
122713982	deity.n.01	0.777
122714259	deity.n.01	0.554
122714914	god.n.03	0.472
122714946	deity.n.01	0.659
122714974	deity.n.01	0.783
122715497	deity.n.01	0.626
122716296	deity.n.01	0.657
122716299	deity.n.01	0.618
122717412	deity.n.01	0.831
122717488	deity.n.01	0.897
122733554	god.n.01	0.563
122733804	deity.n.01	0.903
122733813	deity.n.01	0.871
122733828	deity.n.01	0.731
122733839	deity.n.01	0.569
122734840	deity.n.01	0.748
122734945	deity.n.01	0.748
122734961	deity.n.01	0.81
122734978	deity.n.01	0.811
122734990	deity.n.01	0.502
122735079	deity.n.01	0.575
122735510	deity.n.01	0.797
122739432	god.n.01	0.602
122740726	god.n.01	0.818
122754578	god.n.01	0.671
122754866	god.n.01	0.74
122758261	goddess.n.01	None
122759027	god.n.01	0.75
122760504	god.n.01	0.616
122764608	deity.n.01	0.75
122764618	deity.n.01	None
122764687	deity.n.01	0.566
122765395	deity.n.01	None
122765694	deity.n.01	None
122773476	mentor.n.01	None
122785805	deity.n.01	0.66
122786044	deity.n.01	0.485
122788405	deity.n.01	0.536
122789214	deity.n.01	0.574
122790501	deity.n.01	0.695
122791157	goddess.n.01	None
122791176	deity.n.01	0.918
122791257	goddess.n.01	None
122791357	deity.n.01	0.767
122791416	deity.n.01	0.774
106111399	god.n.01	0.72
106127755	deity.n.01	0.826
106127768	deity.n.01	0.889
106128585	idol.n.01	0.555
106128589	idol.n.01	0.627
106143150	deity.n.01	0.824
106143154	deity.n.01	0.824
106143194	idol.n.01	0.534
106143230	deity.n.01	0.615
106143485	deity.n.01	0.83
114557479	god.n.01	0.547
106170560	deity.n.01	0.687
106172780	deity.n.01	0.835
106177367	deity.n.01	0.813
106211114	deity.n.01	0.758
114603263	goddess.n.01	None
114604960	deity.n.01	0.553
114605635	deity.n.01	0.634
114605853	deity.n.01	0.684
106243115	deity.n.01	0.619
106243214	deity.n.01	0.805
106243234	deity.n.01	0.548
114634444	god.n.01	0.625
114634616	deity.n.01	0.929
114635757	deity.n.01	0.923
114636610	deity.n.01	0.751
114636619	deity.n.01	0.785
114637447	deity.n.01	None
114637615	deity.n.01	0.83
114637657	deity.n.01	0.911
114637671	deity.n.01	0.793
114637756	deity.n.01	0.882
114637996	deity.n.01	0.802
114638000	deity.n.01	0.739
114638019	deity.n.01	0.858
114638036	deity.n.01	0.858
114638135	deity.n.01	0.877
114638178	deity.n.01	0.853
114638392	goddess.n.01	None
114638398	goddess.n.01	None
114638418	deity.n.01	None
114638425	deity.n.01	0.848
114638445	deity.n.01	0.848
114638535	deity.n.01	0.678
114638554	deity.n.01	0.925
114638621	deity.n.01	0.84
114638688	deity.n.01	0.789
114638704	deity.n.01	0.608
114638758	goddess.n.01	None
114638772	deity.n.01	0.862
114638844	deity.n.01	0.68
114639008	god.n.03	0.618
114639022	deity.n.01	0.962
114639043	deity.n.01	0.752
114639049	deity.n.01	0.752
114641981	deity.n.01	0.833
114642154	deity.n.01	0.936
114642521	deity.n.01	0.785
114643502	deity.n.01	0.855
114643820	deity.n.01	0.857
114644538	deity.n.01	0.638
114644794	deity.n.01	0.876
114644798	deity.n.01	0.808
114645457	deity.n.01	0.792
114646206	deity.n.01	0.759
114648315	goddess.n.01	None
114648335	goddess.n.01	None
114648384	deity.n.01	0.676
114649438	deity.n.01	0.789
114651009	deity.n.01	0.886
114651053	deity.n.01	0.656
114651069	deity.n.01	0.744
106262588	deity.n.01	0.589
114651204	deity.n.01	0.827
114651320	deity.n.01	0.887
114651351	deity.n.01	0.807
114651417	deity.n.01	0.809
123041198	deity.n.01	0.959
123041209	deity.n.01	0.959
114653321	deity.n.01	0.927
106266310	deity.n.01	0.586
114656741	deity.n.01	0.698
106268454	deity.n.01	0.797
123047040	god.n.01	0.704
114658869	deity.n.01	0.87
114659142	deity.n.01	0.609
114659523	deity.n.01	0.784
114659950	deity.n.01	0.689
114661364	deity.n.01	0.839
114661521	god.n.01	0.548
114661593	deity.n.01	0.853
123050264	god.n.01	0.597
114662289	deity.n.01	0.808
114662295	deity.n.01	0.639
114662366	deity.n.01	0.854
114662368	deity.n.01	0.663
114662445	deity.n.01	0.75
114662458	deity.n.01	0.797
114663683	deity.n.01	None
114663703	deity.n.01	0.941
114663826	deity.n.01	0.89
114663859	deity.n.01	0.645
114664030	deity.n.01	0.608
114664495	deity.n.01	0.941
114664852	goddess.n.01	None
114666161	deity.n.01	0.853
114666208	deity.n.01	0.96
114666296	deity.n.01	0.759
123055598	god.n.01	0.842
106282073	deity.n.01	0.475
123060720	deity.n.01	0.726
123062407	deity.n.01	0.884
123067358	deity.n.01	0.925
114685471	deity.n.01	0.684
123083572	deity.n.01	0.756
123083636	deity.n.01	0.785
123083940	deity.n.01	0.67
123084057	deity.n.01	0.779
123084074	deity.n.01	0.762
123084282	deity.n.01	0.508
123086934	deity.n.01	0.608
106311875	deity.n.01	0.677
123092825	deity.n.01	0.517
123094551	deity.n.01	0.779
123095110	deity.n.01	0.843
123095551	deity.n.01	0.727
123095653	god.n.01	0.925
123095659	god.n.01	0.925
123099551	deity.n.01	0.526
123100713	god.n.01	0.666
106325888	deity.n.01	0.814
123105411	deity.n.01	0.606
123105503	god.n.01	0.599
123105876	deity.n.01	0.663
123105879	deity.n.01	0.663
123106923	deity.n.01	0.96
123107155	deity.n.01	0.714
123107377	deity.n.01	0.72
106333342	deity.n.01	0.436
106348405	sun.n.01	0.442
106354876	god.n.01	0.918
123134422	deity.n.01	0.72
123135614	deity.n.01	0.817
123135642	deity.n.01	0.98
123138861	deity.n.01	0.519
106365478	deity.n.01	0.926
123148036	deity.n.01	0.906
123148052	deity.n.01	0.488
123148154	deity.n.01	0.671
123149928	deity.n.01	0.65
123151748	deity.n.01	0.813
123152391	deity.n.01	0.747
106376211	deity.n.01	0.896
123155501	deity.n.01	0.794
123157365	deity.n.01	0.628
106381077	deity.n.01	0.474
123169896	deity.n.01	0.615
123171554	deity.n.01	0.803
123174839	deity.n.01	0.881
123174842	deity.n.01	0.881
123175247	deity.n.01	0.843
123176860	deity.n.01	0.673
123188675	deity.n.01	0.531
123188691	deity.n.01	0.665
123188697	deity.n.01	0.744
123191691	deity.n.01	0.833
123191711	deity.n.01	0.833
123191740	god.n.01	0.52
123195375	deity.n.01	0.804
123195381	deity.n.01	0.804
123195866	deity.n.01	0.879
123196483	god.n.01	0.676
123196534	deity.n.01	0.813
123196542	deity.n.01	0.818
123196547	god.n.03	0.675
123196590	deity.n.01	0.614
123198741	deity.n.01	0.644
123199106	deity.n.01	0.958
123199122	deity.n.01	0.927
123199273	deity.n.01	0.698
123199549	divinity.n.02	0.831
106429293	deity.n.01	0.822
106429295	deity.n.01	0.822
106429500	deity.n.01	0.803
106431250	deity.n.01	0.649
106431622	deity.n.01	0.793
106433433	deity.n.01	0.867
106438722	deity.n.01	0.898
106439813	deity.n.01	0.836
106440495	deity.n.01	0.661
106440778	deity.n.01	0.835
106443341	deity.n.01	0.768
106446668	deity.n.01	0.863
106446885	deity.n.01	0.89
106446973	deity.n.01	0.846
106447020	deity.n.01	0.889
106447079	deity.n.01	0.61
106447134	deity.n.01	0.559
106447267	deity.n.01	0.613
106448993	deity.n.01	0.727
123228449	deity.n.01	0.653
123240577	deity.n.01	0.789
106464522	deity.n.01	0.904
106464809	deity.n.01	0.8
106465004	deity.n.01	0.922
123242583	deity.n.01	0.653
123242616	deity.n.01	0.745
106467147	deity.n.01	0.765
123245699	deity.n.01	0.925
123245718	deity.n.01	0.882
123253841	god.n.01	0.576
123253843	god.n.01	0.576
106477304	deity.n.01	0.94
106477352	deity.n.01	0.957
106477395	deity.n.01	0.953
123256500	deity.n.01	0.729
123256519	deity.n.01	0.712
123257514	deity.n.01	0.888
106483291	deity.n.01	0.881
106483386	deity.n.01	0.661
123267584	deity.n.01	0.699
123270594	god.n.01	0.532
123270616	deity.n.01	0.624
123270779	deity.n.01	0.894
123271479	deity.n.01	0.741
123271693	deity.n.01	0.85
106500532	deity.n.01	0.566
123283754	deity.n.01	0.733
123283772	deity.n.01	0.733
123284944	deity.n.01	0.811
106514019	deity.n.01	0.535
106516231	deity.n.01	0.905
106520974	deity.n.01	0.838
106523103	deity.n.01	0.825
106536684	deity.n.01	0.754
123315825	deity.n.01	0.843
123315851	deity.n.01	0.938
123315864	deity.n.01	0.938
123315979	deity.n.01	0.954
123316152	deity.n.01	0.94
123316606	deity.n.01	0.964
123317106	deity.n.01	0.956
123317362	deity.n.01	0.784
106540368	deity.n.01	0.864
123318814	deity.n.01	0.727
106541673	deity.n.01	None
106541694	deity.n.01	0.913
123319202	divinity.n.02	0.898
123319614	deity.n.01	0.672
123319877	divinity.n.02	0.604
123320077	deity.n.01	0.942
106543773	deity.n.01	0.894
123321059	deity.n.01	0.98
123321401	deity.n.01	0.974
123321498	god.n.01	0.633
123321520	deity.n.01	0.986
123321803	deity.n.01	0.967
123325417	god.n.01	0.783
123325556	deity.n.01	0.982
123325763	deity.n.01	0.621
123326039	god.n.01	0.885
106549357	deity.n.01	0.881
106549364	deity.n.01	0.901
106549365	deity.n.01	0.901
123326811	deity.n.01	0.85
106551541	deity.n.01	0.86
106551556	deity.n.01	0.578
106551593	deity.n.01	0.517
106551621	deity.n.01	0.726
106551657	deity.n.01	0.714
123328967	deity.n.01	0.965
123331910	deity.n.01	0.894
123332520	deity.n.01	0.848
123333185	god.n.01	0.616
123333758	god.n.01	0.66
106556591	deity.n.01	0.718
123333930	deity.n.01	0.951
123334025	deity.n.01	0.991
123334505	god.n.01	0.713
123334944	god.n.01	0.795
123335065	deity.n.01	0.502
123337035	deity.n.01	0.957
123337052	deity.n.01	0.969
123338503	deity.n.01	0.821
123342714	deity.n.01	0.982
123344957	deity.n.01	0.654
106568280	deity.n.01	0.869
106573320	deity.n.01	0.503
106574166	deity.n.01	0.713
106574524	deity.n.01	0.736
106575281	deity.n.01	0.887
106575535	deity.n.01	0.593
106576732	deity.n.01	0.777
106577646	god.n.01	0.526
106578091	god.n.03	0.712
106578224	deity.n.01	0.751
106580024	deity.n.01	0.746
106583728	deity.n.01	0.839
106585023	deity.n.01	0.766
106587990	deity.n.01	0.872
106588316	deity.n.01	0.706
106588383	deity.n.01	0.874
106590289	deity.n.01	0.83
114982892	deity.n.01	0.747
114985465	idol.n.01	0.787
114985515	deity.n.01	0.898
114987001	deity.n.01	0.818
114987411	idol.n.01	0.786
106735040	deity.n.01	0.701
106738661	deity.n.01	0.8
106738686	deity.n.01	0.847
106738789	deity.n.01	0.906
106741824	deity.n.01	0.919
106743049	deity.n.01	0.813
106747537	deity.n.01	0.89
106747543	goddess.n.01	None
106747568	deity.n.01	0.643
123529056	deity.n.01	0.977
106751905	deity.n.01	0.875
106752752	deity.n.01	0.884
106758893	deity.n.01	0.941
106758901	deity.n.01	0.89
106759209	deity.n.01	0.753
123536704	deity.n.01	0.821
106759755	deity.n.01	0.704
106759789	deity.n.01	0.853
123538084	deity.n.01	0.968
106761239	deity.n.01	0.736
106761902	deity.n.01	0.813
106761936	deity.n.01	0.826
106762051	deity.n.01	0.827
106762671	deity.n.01	0.759
123540933	god.n.01	0.789
106764151	deity.n.01	0.893
106764173	deity.n.01	0.617
106764200	deity.n.01	0.638
106764227	god.n.01	0.523
106765367	deity.n.01	0.895
106766098	deity.n.01	0.749
106767285	deity.n.01	0.872
106767937	deity.n.01	0.68
123545164	god.n.01	0.747
106768001	deity.n.01	0.636
123545280	deity.n.01	0.643
106768345	deity.n.01	0.778
123545639	deity.n.01	0.854
106772798	deity.n.01	0.882
106772806	deity.n.01	0.845
106772815	deity.n.01	0.757
123551371	divinity.n.02	0.832
123552951	god.n.01	0.742
123553220	god.n.01	0.923
123554430	god.n.01	0.605
123554821	god.n.01	0.578
123554947	god.n.01	0.873
123556125	deity.n.01	0.476
123556176	deity.n.01	0.691
123556620	deity.n.01	0.992
123556958	god.n.01	0.615
123557851	god.n.01	0.843
123557977	god.n.01	0.891
123558024	god.n.01	0.77
123558162	deity.n.01	0.747
123558176	god.n.01	0.504
123558672	deity.n.01	0.732
123559438	god.n.01	0.56
123559496	deity.n.01	0.671
123559503	deity.n.01	0.945
123560939	deity.n.01	0.875
123561319	deity.n.01	0.717
106784612	deity.n.01	0.766
123562334	deity.n.01	None
106785310	deity.n.01	0.92
123562532	god.n.01	0.879
123562647	theology.n.01	0.598
106785694	god.n.01	0.567
106785789	deity.n.01	0.799
106787159	god.n.01	0.565
123564446	deity.n.01	0.614
123564469	deity.n.01	0.584
106787630	eden.n.01	0.635
123565359	god.n.01	0.602
123565373	god.n.01	0.602
106788386	deity.n.01	0.899
106788963	deity.n.01	0.79
123567660	deity.n.01	0.781
123568521	deity.n.01	None
123571870	divinity.n.02	0.732
123571976	divinity.n.02	0.858
106794784	deity.n.01	0.919
123572093	divinity.n.02	0.955
123572103	deity.n.01	None
106795190	deity.n.01	0.695
106796640	deity.n.01	0.814
106796936	deity.n.01	0.892
106796961	deity.n.01	0.781
123574917	deity.n.01	0.976
123576023	god.n.01	0.5
123576044	deity.n.01	0.962
123576730	deity.n.01	0.833
123580308	deity.n.01	None
123580503	deity.n.01	None
123580913	god.n.01	0.817
106805276	deity.n.01	0.919
106806428	deity.n.01	0.702
106806457	deity.n.01	0.679
123586895	deity.n.01	0.868
123587206	deity.n.01	0.845
123587364	deity.n.01	0.735
106810407	deity.n.01	0.825
123587628	deity.n.01	0.573
123587857	deity.n.01	0.876
123587870	eden.n.01	0.72
123587884	deity.n.01	0.554
123588566	god.n.01	0.491
123588839	deity.n.01	0.602
123589191	god.n.03	0.44
106812129	deity.n.01	0.912
123589472	deity.n.01	0.849
123589569	god.n.01	0.651
123589577	god.n.01	0.595
123589880	deity.n.01	0.905
123589885	deity.n.01	0.699
123590000	deity.n.01	0.812
123590009	deity.n.01	0.792
123590013	deity.n.01	0.792
123590020	god.n.01	0.663
123590042	god.n.01	0.542
123590089	god.n.01	0.674
123590094	god.n.01	0.519
123590099	god.n.01	0.519
123590116	god.n.01	0.567
123590118	god.n.01	0.567
123590124	god.n.01	0.59
123590128	deity.n.01	0.833
123590134	deity.n.01	0.833
123590143	deity.n.01	0.93
123590263	deity.n.01	0.554
106813410	god.n.01	0.542
123590891	god.n.01	0.518
123591637	deity.n.01	0.804
106815054	deity.n.01	0.622
106815070	deity.n.01	0.558
106816456	deity.n.01	0.791
123595385	deity.n.01	0.782
106818680	deity.n.01	0.814
123595989	deity.n.01	0.419
123597385	divinity.n.02	0.488
123597520	deity.n.01	0.688
106823203	deity.n.01	0.786
106833921	deity.n.01	0.814
106834134	deity.n.01	0.696
106834554	deity.n.01	0.885
106834604	deity.n.01	0.506
106835873	deity.n.01	0.814
106836534	deity.n.01	0.659
106836690	deity.n.01	0.79
106836734	deity.n.01	0.81
106836785	goddess.n.01	None
106850934	deity.n.01	0.931
106852070	deity.n.01	0.688
115247123	deity.n.01	0.966
115247784	deity.n.01	0.956
106860272	god.n.01	0.553
106860539	deity.n.01	0.944
106860579	deity.n.01	0.944
115249379	deity.n.01	0.904
106861648	deity.n.01	0.79
115250513	deity.n.01	0.928
106862000	deity.n.01	0.704
106867459	deity.n.01	0.841
106867498	deity.n.01	0.738
106870371	deity.n.01	0.739
106873942	deity.n.01	0.824
123651691	deity.n.01	0.607
123651814	deity.n.01	0.622
123651873	deity.n.01	0.874
115263461	deity.n.01	0.9
123652138	deity.n.01	0.633
123652224	deity.n.01	0.678
123652300	deity.n.01	0.787
123652302	deity.n.01	0.892
123652468	deity.n.01	0.906
115264713	deity.n.01	0.836
123653864	deity.n.01	None
106876995	deity.n.01	0.808
123654319	deity.n.01	0.86
123654331	deity.n.01	0.911
123654352	deity.n.01	0.811
123654970	deity.n.01	0.924
123654979	deity.n.01	0.838
123654986	deity.n.01	0.876
123654994	deity.n.01	0.876
106879032	deity.n.01	0.854
106879590	deity.n.01	0.888
106880261	deity.n.01	0.898
106880272	deity.n.01	0.809
106881707	deity.n.01	0.862
106881879	deity.n.01	0.874
106881889	deity.n.01	0.898
106882228	deity.n.01	0.726
106882235	deity.n.01	0.657
106882715	deity.n.01	0.727
106882944	deity.n.01	0.746
106887738	deity.n.01	0.838
106889208	deity.n.01	0.879
106889640	deity.n.01	0.633
106889861	deity.n.01	0.724
106889992	deity.n.01	0.679
106890013	deity.n.01	0.777
106890045	deity.n.01	0.868
106890062	deity.n.01	0.9
106890071	deity.n.01	0.902
106890319	deity.n.01	0.808
106890883	deity.n.01	0.571
106891682	deity.n.01	0.744
106892319	goddess.n.01	None
106895578	deity.n.01	0.7
106896093	deity.n.01	0.793
106896725	deity.n.01	0.836
106896834	deity.n.01	0.946
106897791	deity.n.01	0.863
106898605	deity.n.01	0.817
106898699	deity.n.01	0.781
106898717	deity.n.01	0.912
106898747	deity.n.01	0.862
106899161	deity.n.01	0.619
106899761	deity.n.01	0.833
106902482	deity.n.01	0.905
106902533	deity.n.01	0.69
106902666	deity.n.01	0.894
106902706	deity.n.01	0.816
106902891	deity.n.01	0.848
106904258	deity.n.01	0.935
106904411	deity.n.01	0.663
106904677	deity.n.01	0.886
106904711	goddess.n.01	None
106905285	god.n.01	0.741
106908676	god.n.01	0.704
106909578	deity.n.01	0.788
106910119	deity.n.01	0.686
106910794	deity.n.01	0.913
106911212	deity.n.01	0.72
106911402	deity.n.01	0.784
106912930	deity.n.01	0.913
106913587	deity.n.01	0.809
106913886	deity.n.01	0.866
106914102	idol.n.01	0.453
106914180	idol.n.01	0.764
106914249	idol.n.01	0.836
106914263	deity.n.01	0.678
106914363	deity.n.01	0.882
106919944	deity.n.01	0.883
106923103	deity.n.01	0.904
106923314	deity.n.01	0.765
106923633	deity.n.01	0.427
106924044	deity.n.01	0.92
106926250	deity.n.01	0.712
106926879	deity.n.01	0.792
106927488	deity.n.01	0.887
106932441	deity.n.01	0.906
106932460	deity.n.01	0.917
106932469	deity.n.01	0.737
106932660	deity.n.01	0.927
106932829	deity.n.01	0.883
115334959	goddess.n.01	None
115339846	deity.n.01	0.71
115340196	deity.n.01	0.945
115340500	deity.n.01	0.99
115340651	deity.n.01	0.824
115358427	deity.n.01	0.697
115363713	goddess.n.01	None
115380284	deity.n.01	0.913
115385759	deity.n.01	0.808
115395836	goddess.n.01	None
115405502	deity.n.01	0.956
115419556	deity.n.01	0.772
115422208	deity.n.01	0.803
115424029	deity.n.01	0.781
115425914	deity.n.01	0.865
115425998	deity.n.01	0.787
115428343	deity.n.01	0.562
115428672	deity.n.01	0.775
115428728	deity.n.01	0.797
115429195	deity.n.01	0.764
115430232	deity.n.01	0.687
115430253	deity.n.01	0.753
115436204	eden.n.01	0.719
115443242	deity.n.01	0.822
107063223	deity.n.01	0.903
107063367	deity.n.01	0.945
107064043	deity.n.01	0.771
107064703	deity.n.01	0.865
107064770	goddess.n.01	None
107065529	deity.n.01	0.883
107065603	deity.n.01	0.845
107065678	deity.n.01	0.75
107065706	deity.n.01	0.739
107065767	deity.n.01	0.665
107065898	deity.n.01	0.766
107067473	deity.n.01	0.921
107068200	deity.n.01	0.967
107068279	deity.n.01	0.766
107068461	deity.n.01	0.88
115457439	deity.n.01	0.918
115457512	deity.n.01	0.843
115457558	deity.n.01	0.915
107068956	deity.n.01	0.945
107068979	deity.n.01	0.91
107068991	deity.n.01	0.947
107069984	deity.n.01	0.933
107070067	deity.n.01	0.792
107070660	deity.n.01	0.854
107070930	deity.n.01	0.873
107071182	deity.n.01	0.895
107071207	deity.n.01	0.882
107071983	deity.n.01	0.893
107072777	deity.n.01	0.929
107073140	deity.n.01	0.814
107074242	oracle.n.03	0.507
107074528	goddess.n.01	None
107075703	deity.n.01	0.778
107075893	deity.n.01	0.751
107076087	deity.n.01	0.842
107076225	deity.n.01	0.762
107076268	deity.n.01	0.941
107076336	deity.n.01	0.946
107076371	deity.n.01	0.8
107076789	deity.n.01	0.674
107076910	deity.n.01	0.923
107078692	deity.n.01	0.827
107078721	deity.n.01	0.977
107078907	deity.n.01	0.808
107079436	deity.n.01	0.837
107079534	deity.n.01	0.934
107079602	deity.n.01	0.914
107079791	deity.n.01	0.925
107079844	deity.n.01	0.723
107079950	deity.n.01	0.953
107079990	deity.n.01	0.896
107080006	deity.n.01	0.825
107080038	deity.n.01	0.88
107080750	deity.n.01	0.751
107080774	deity.n.01	0.637
107082958	deity.n.01	0.826
107083026	deity.n.01	0.511
107083079	deity.n.01	0.74
107083130	deity.n.01	0.856
107083450	deity.n.01	0.719
107084038	deity.n.01	0.86
107084128	deity.n.01	0.651
107085855	deity.n.01	0.562
115475860	goddess.n.01	None
115475897	goddess.n.01	None
107087811	deity.n.01	0.905
107087842	deity.n.01	0.834
107087887	deity.n.01	0.749
107088015	deity.n.01	0.915
107088315	deity.n.01	0.899
107088642	deity.n.01	0.946
107089950	deity.n.01	0.947
107090275	deity.n.01	0.902
107090626	deity.n.01	0.644
107091714	deity.n.01	0.944
107092567	deity.n.01	0.956
115481510	deity.n.01	0.772
107093104	deity.n.01	0.642
107093162	deity.n.01	0.815
107093735	deity.n.01	0.695
107093872	deity.n.01	0.95
107093934	deity.n.01	0.806
107093951	deity.n.01	0.837
107094016	deity.n.01	0.844
107094035	deity.n.01	None
107094110	deity.n.01	0.689
107094144	deity.n.01	0.941
115482835	deity.n.01	0.82
107094268	deity.n.01	0.741
107094432	deity.n.01	0.804
107094447	deity.n.01	0.723
107094501	deity.n.01	0.869
107094887	deity.n.01	0.9
107094910	deity.n.01	0.894
107094925	deity.n.01	0.916
107095109	deity.n.01	0.888
107095140	deity.n.01	0.701
115484783	deity.n.01	0.889
107097474	deity.n.01	0.876
107097886	deity.n.01	0.969
107097919	deity.n.01	0.965
107097945	deity.n.01	0.989
107098425	deity.n.01	0.847
107098472	deity.n.01	0.797
107098709	deity.n.01	0.869
107098872	deity.n.01	0.585
107102635	deity.n.01	0.869
107103009	deity.n.01	0.848
115491848	deity.n.01	0.771
107103262	deity.n.01	0.946
107103291	deity.n.01	0.91
107103325	deity.n.01	0.971
107103830	deity.n.01	0.944
107105272	deity.n.01	0.747
107105299	deity.n.01	0.728
115494006	deity.n.01	0.744
107106411	deity.n.01	0.713
107106639	deity.n.01	0.648
107106741	deity.n.01	0.875
107107100	deity.n.01	0.768
107107118	deity.n.01	0.697
107107233	deity.n.01	0.931
107107390	deity.n.01	0.543
107107692	goddess.n.01	None
107107726	goddess.n.01	None
107107819	goddess.n.01	None
107107840	goddess.n.01	None
107107884	goddess.n.01	None
115496493	deity.n.01	0.867
107107899	goddess.n.01	None
107108149	goddess.n.01	None
107108445	deity.n.01	0.668
107108453	goddess.n.01	None
107108491	goddess.n.01	None
115497111	deity.n.01	0.76
107108604	goddess.n.01	None
107108858	deity.n.01	0.814
107108881	deity.n.01	0.83
107108894	god.n.01	0.586
107109177	goddess.n.01	None
107109362	deity.n.01	0.978
107110350	deity.n.01	0.935
107110521	deity.n.01	0.855
107110570	deity.n.01	0.567
107110694	deity.n.01	0.798
107111017	deity.n.01	0.955
107111111	deity.n.01	0.881
107111135	deity.n.01	0.685
107111178	deity.n.01	0.511
107111419	deity.n.01	0.852
115500517	goddess.n.01	None
107112250	deity.n.01	0.904
123889584	deity.n.01	0.779
107112935	deity.n.01	0.735
115501896	deity.n.01	0.831
107115191	deity.n.01	0.511
115504548	deity.n.01	0.856
115504657	deity.n.01	0.878
115505682	deity.n.01	0.865
107117685	deity.n.01	0.862
107118868	deity.n.01	0.681
107119034	deity.n.01	0.894
107119133	religion.n.01	0.538
115508041	deity.n.01	0.932
115509095	deity.n.01	0.603
115509099	deity.n.01	0.57
107120706	deity.n.01	0.889
107120809	deity.n.01	0.87
107120970	deity.n.01	0.808
107121164	deity.n.01	0.84
107121181	deity.n.01	0.853
107121215	deity.n.01	0.967
115510943	deity.n.01	0.718
107122730	deity.n.01	0.778
107122931	deity.n.01	0.527
107123000	deity.n.01	0.846
115512527	deity.n.01	0.563
107124500	deity.n.01	0.769
107125026	deity.n.01	0.783
107125141	deity.n.01	0.658
107125627	deity.n.01	0.835
107126571	deity.n.01	0.828
107126660	goddess.n.01	None
107126874	deity.n.01	0.822
107128135	deity.n.01	0.57
107128152	deity.n.01	0.833
107128172	deity.n.01	0.733
107128344	deity.n.01	0.905
115517193	deity.n.01	0.667
107129769	deity.n.01	0.858
115518744	deity.n.01	0.882
115518882	deity.n.01	0.753
107131376	deity.n.01	0.807
123912335	deity.n.01	0.6
123912403	god.n.01	0.693
123912597	deity.n.01	0.934
123912731	deity.n.01	0.568
123914554	deity.n.01	0.729
107137466	deity.n.01	0.939
107137656	deity.n.01	0.776
107137708	deity.n.01	0.784
107137728	deity.n.01	0.752
107137748	deity.n.01	0.857
107137757	deity.n.01	0.941
123914976	deity.n.01	0.58
107138084	deity.n.01	0.837
107139895	deity.n.01	0.955
115528761	deity.n.01	0.864
107142604	deity.n.01	0.661
107143995	deity.n.01	0.87
115533193	goddess.n.01	None
107145147	deity.n.01	0.949
107148908	deity.n.01	0.842
107149579	deity.n.01	0.726
115541784	deity.n.01	0.809
123930714	deity.n.01	0.597
123930948	deity.n.01	0.578
107153810	deity.n.01	0.774
123931215	deity.n.01	0.7
107154285	deity.n.01	0.735
123931582	goddess.n.01	None
123931779	deity.n.01	0.663
123931803	deity.n.01	0.618
123932382	deity.n.01	0.936
123932980	deity.n.01	0.667
123934850	deity.n.01	0.823
107157657	deity.n.01	0.726
123936673	deity.n.01	0.851
107159989	deity.n.01	0.876
123937595	deity.n.01	0.707
123937928	deity.n.01	None
107160813	deity.n.01	0.859
115549744	deity.n.01	0.893
115549797	deity.n.01	0.882
107161226	deity.n.01	0.711
107162403	deity.n.01	0.814
123940062	deity.n.01	0.984
123940122	goddess.n.01	None
107163011	deity.n.01	0.864
123940239	deity.n.01	0.862
107163053	deity.n.01	0.897
107163093	deity.n.01	0.653
107163149	deity.n.01	0.88
107163462	deity.n.01	0.937
123940995	deity.n.01	0.819
123941062	god.n.01	0.643
123941091	deity.n.01	0.877
123941445	deity.n.01	0.875
107164522	deity.n.01	0.745
107164688	deity.n.01	0.757
123942086	deity.n.01	0.875
123942093	deity.n.01	0.801
123942142	deity.n.01	0.53
123942172	deity.n.01	0.828
123942226	deity.n.01	None
123942290	deity.n.01	0.64
107165153	deity.n.01	0.695
123942439	deity.n.01	0.881
123942868	deity.n.01	0.841
107165740	god.n.01	0.675
115555486	goddess.n.01	None
115555556	deity.n.01	0.934
107166997	deity.n.01	0.791
107167260	deity.n.01	0.917
115556148	deity.n.01	0.897
115556248	deity.n.01	0.886
115556262	deity.n.01	0.924
115556279	deity.n.01	0.791
123945105	deity.n.01	0.634
115556586	deity.n.01	0.876
123945398	deity.n.01	0.552
115556836	deity.n.01	0.945
115556860	deity.n.01	0.969
115557272	deity.n.01	0.865
107169162	god.n.01	0.609
115557924	deity.n.01	None
115558032	deity.n.01	0.941
115558070	deity.n.01	0.919
123946786	deity.n.01	0.725
123946847	deity.n.01	0.698
107169826	deity.n.01	0.659
123947676	deity.n.01	0.691
123947816	deity.n.01	0.885
115559216	deity.n.01	0.928
123947857	deity.n.01	0.867
107171312	deity.n.01	0.775
123948785	god.n.01	0.505
123949062	deity.n.01	0.859
107172245	deity.n.01	0.837
123949509	deity.n.01	0.749
123950241	deity.n.01	0.775
107173237	deity.n.01	0.846
107173394	deity.n.01	0.896
115562874	eden.n.01	0.512
115563073	deity.n.01	0.747
115563930	deity.n.01	0.931
115564316	deity.n.01	0.971
115564691	deity.n.01	0.617
115565040	goddess.n.01	None
115565085	worship.n.01	0.995
107176882	deity.n.01	0.611
115565520	deity.n.01	0.95
115565858	deity.n.01	0.93
115566037	deity.n.01	None
115566411	deity.n.01	0.957
115567223	deity.n.01	0.822
123955896	deity.n.01	0.743
115567401	deity.n.01	0.968
107179059	deity.n.01	0.906
123956996	deity.n.01	0.692
115568587	deity.n.01	0.857
115568847	goddess.n.01	None
115569098	goddess.n.01	None
123957712	deity.n.01	0.897
115569162	deity.n.01	0.933
115569780	deity.n.01	0.936
123958793	deity.n.01	0.744
123959475	deity.n.01	0.713
115571043	deity.n.01	0.968
115571114	goddess.n.01	None
115571321	goddess.n.01	None
115571425	goddess.n.01	None
115572029	deity.n.01	0.885
115572063	deity.n.01	0.964
123960747	deity.n.01	0.851
115572190	goddess.n.01	None
115572513	deity.n.01	None
115572604	goddess.n.01	None
115572645	deity.n.01	None
123961600	deity.n.01	None
115573186	deity.n.01	0.874
123963073	deity.n.01	0.506
123963115	deity.n.01	0.782
115574915	deity.n.01	0.978
115574930	deity.n.01	0.952
123963586	deity.n.01	0.757
115575125	goddess.n.01	None
115575147	goddess.n.01	None
115575638	deity.n.01	0.964
115575675	deity.n.01	0.86
123964555	deity.n.01	0.963
115576074	deity.n.01	None
115576094	goddess.n.01	None
115576133	goddess.n.01	None
123964783	deity.n.01	0.57
115576509	goddess.n.01	None
115576775	deity.n.01	0.982
115576801	deity.n.01	0.944
115576994	deity.n.01	0.886
115577068	divinity.n.02	0.981
115577089	deity.n.01	0.732
123965898	deity.n.01	0.79
123966810	deity.n.01	0.577
115578378	goddess.n.01	None
123967703	deity.n.01	0.671
115579275	goddess.n.01	None
123968026	god.n.01	0.652
107191671	deity.n.01	0.68
115580376	deity.n.01	0.912
115580503	deity.n.01	0.745
115580762	deity.n.01	0.883
115581537	deity.n.01	0.959
123970403	deity.n.01	0.817
107193210	deity.n.01	0.905
115582404	deity.n.01	0.888
115582654	goddess.n.01	None
115582817	deity.n.01	0.823
107194634	deity.n.01	0.701
107194766	deity.n.01	0.646
115583421	prophet.n.01	0.562
107194892	deity.n.01	0.781
123972332	deity.n.01	0.684
123972744	deity.n.01	0.819
123972939	deity.n.01	0.739
107195977	deity.n.01	0.793
123973338	deity.n.01	None
115585244	deity.n.01	0.692
115585271	deity.n.01	0.863
115585559	deity.n.01	0.98
107197129	deity.n.01	0.908
107197184	deity.n.01	0.946
115585843	oracle.n.02	0.614
123974457	deity.n.01	0.734
107197392	deity.n.01	0.823
123974806	deity.n.01	0.848
115586215	deity.n.01	0.982
115586520	deity.n.01	0.862
123975230	deity.n.01	None
115586758	deity.n.01	0.94
115586805	goddess.n.01	None
107198359	deity.n.01	0.923
107198425	deity.n.01	0.919
107198515	deity.n.01	0.773
115587645	goddess.n.01	None
107199640	deity.n.01	0.878
115588436	idol.n.01	0.899
123977203	god.n.01	0.705
115588682	deity.n.01	None
115588725	deity.n.01	None
123977573	goddess.n.01	None
123978366	deity.n.01	0.726
115589900	deity.n.01	0.792
115590075	deity.n.01	0.84
115590229	idol.n.01	0.866
115590264	deity.n.01	0.846
107201726	deity.n.01	0.659
115590402	goddess.n.01	None
115590645	lightning.n.01	0.975
115590683	deity.n.01	0.802
115590754	goddess.n.01	None
123979362	deity.n.01	0.694
115590919	goddess.n.01	None
115591065	deity.n.01	0.859
115591152	goddess.n.01	None
115591203	deity.n.01	0.867
115591242	deity.n.01	0.75
123979916	deity.n.01	0.844
115591311	deity.n.01	0.979
123980278	deity.n.01	0.635
115592120	goddess.n.01	None
115592151	deity.n.01	0.867
107204081	deity.n.01	0.921
115592873	goddess.n.01	None
123982061	deity.n.01	0.868
123982083	deity.n.01	0.898
115593785	deity.n.01	0.88
123982415	deity.n.01	0.734
115594355	deity.n.01	0.94
115594533	deity.n.01	0.914
123983330	deity.n.01	0.882
107206685	deity.n.01	0.868
123984173	deity.n.01	0.797
123984955	deity.n.01	0.718
123985111	deity.n.01	0.896
123985331	deity.n.01	0.802
123985625	deity.n.01	0.591
123985811	goddess.n.01	None
123986070	goddess.n.01	None
123986193	deity.n.01	None
107208983	deity.n.01	0.658
115597646	goddess.n.01	None
123986410	deity.n.01	0.655
123986966	deity.n.01	0.727
123987034	god.n.01	0.51
115598471	deity.n.01	0.913
115598495	deity.n.01	0.829
123987273	deity.n.01	0.603
123987348	god.n.01	0.601
115599152	deity.n.01	0.512
115599179	goddess.n.01	None
115599449	deity.n.01	0.614
123988710	goddess.n.01	None
115600179	deity.n.01	0.959
123988967	deity.n.01	0.651
107212327	god.n.01	0.502
115600961	deity.n.01	0.912
115601033	deity.n.01	0.879
115601063	worship.n.01	0.987
115601091	cult.n.01	0.718
115601155	deity.n.01	0.964
115601199	deity.n.01	0.904
115601483	deity.n.01	0.761
115601549	goddess.n.01	None
115601686	deity.n.01	0.924
107213830	deity.n.01	0.98
115602445	deity.n.01	0.857
123991048	deity.n.01	0.56
107214710	deity.n.01	0.762
115603405	deity.n.01	0.968
115603560	goddess.n.01	None
123992230	deity.n.01	0.605
123992345	deity.n.01	0.533
123992554	goddess.n.01	None
107215557	deity.n.01	0.586
123992874	deity.n.01	0.906
115604324	deity.n.01	0.967
115604489	deity.n.01	0.956
123993331	deity.n.01	0.687
115605143	deity.n.01	0.825
123993916	deity.n.01	0.735
123993929	deity.n.01	0.73
115605381	goddess.n.01	None
107217171	deity.n.01	0.698
123994808	deity.n.01	None
107217758	deity.n.01	0.711
107217818	deity.n.01	0.719
123995471	deity.n.01	0.687
115607324	goddess.n.01	None
123995963	deity.n.01	0.719
115607379	goddess.n.01	None
123996032	deity.n.01	0.527
115607429	deity.n.01	0.939
107219107	deity.n.01	0.601
115607745	deity.n.01	0.955
107219179	god.n.01	0.561
115607886	goddess.n.01	None
107219510	deity.n.01	0.551
123996937	deity.n.01	0.689
123997006	deity.n.01	0.67
123997353	deity.n.01	0.797
123997514	deity.n.01	0.559
107220585	deity.n.01	0.656
107221008	deity.n.01	0.781
107221025	deity.n.01	0.549
107221119	deity.n.01	0.927
123998350	deity.n.01	0.899
123998866	deity.n.01	0.628
123998953	deity.n.01	0.67
107222640	deity.n.01	0.859
107222862	deity.n.01	0.859
115611752	deity.n.01	None
115612013	deity.n.01	0.866
115612040	deity.n.01	None
107224508	deity.n.01	0.895
107225409	deity.n.01	0.77
107225746	deity.n.01	0.846
107225775	deity.n.01	0.774
107225812	deity.n.01	0.712
115614734	deity.n.01	0.818
115614775	deity.n.01	0.69
107226295	deity.n.01	0.744
115615298	goddess.n.01	None
115615512	deity.n.01	None
107227264	deity.n.01	0.731
107227433	deity.n.01	0.591
115618493	deity.n.01	0.826
115618604	deity.n.01	0.817
115618739	goddess.n.01	None
115619138	goddess.n.01	None
115619340	deity.n.01	0.904
107230813	deity.n.01	0.685
107230994	deity.n.01	0.743
107231612	deity.n.01	0.765
115620294	goddess.n.01	None
115620332	goddess.n.01	None
115620467	goddess.n.01	None
115620503	goddess.n.01	None
115620844	heaven.n.02	0.696
115620885	deity.n.01	0.826
115621068	goddess.n.01	None
115621346	goddess.n.01	None
115621474	goddess.n.01	None
115621992	deity.n.01	0.704
115622169	deity.n.01	0.831
115622733	deity.n.01	0.894
115622768	deity.n.01	0.94
115623070	idol.n.01	0.58
115623333	deity.n.01	0.946
115623431	deity.n.01	0.941
115624996	deity.n.01	0.777
115625073	deity.n.01	0.836
107236520	deity.n.01	0.841
115625324	deity.n.01	0.953
107237008	deity.n.01	0.728
115625622	goddess.n.01	None
115625646	deity.n.01	0.964
115625837	deity.n.01	0.952
115625932	deity.n.01	0.723
115626336	goddess.n.01	None
115626431	deity.n.01	0.856
115626562	deity.n.01	0.698
115626597	deity.n.01	0.768
107238616	deity.n.01	0.777
115627850	deity.n.01	0.98
115627949	deity.n.01	0.926
115628010	deity.n.01	0.851
115628083	deity.n.01	0.854
115628467	goddess.n.01	None
107239941	god.n.01	0.587
115628698	deity.n.01	0.961
107240258	deity.n.01	0.519
107240282	god.n.01	0.559
107240377	deity.n.01	0.691
107240485	deity.n.01	0.931
115631163	deity.n.01	0.805
115632026	deity.n.01	0.729
115632443	deity.n.01	0.856
115632901	deity.n.01	0.864
115633037	deity.n.01	0.645
115633890	deity.n.01	0.95
107246039	deity.n.01	0.66
107246301	deity.n.01	0.695
107246378	deity.n.01	0.654
115635020	deity.n.01	0.844
107246621	deity.n.01	0.877
115635292	deity.n.01	0.916
107246685	deity.n.01	0.896
107246785	deity.n.01	0.839
115635406	deity.n.01	0.907
107248125	deity.n.01	0.777
115636768	deity.n.01	0.661
107248174	deity.n.01	0.955
107248186	deity.n.01	0.955
107248255	deity.n.01	0.932
107248287	deity.n.01	0.906
115637022	goddess.n.01	None
115637256	deity.n.01	0.758
115637370	god.n.01	0.513
107249023	deity.n.01	0.825
107249604	deity.n.01	0.53
115638310	deity.n.01	0.9
115638850	deity.n.01	0.588
107250593	god.n.01	0.532
115639808	goddess.n.01	None
107251225	deity.n.01	0.556
115639976	eden.n.01	0.561
115640854	deity.n.01	0.893
115641578	deity.n.01	0.676
115641862	deity.n.01	0.918
107253940	deity.n.01	0.897
115642808	deity.n.01	0.842
107254268	deity.n.01	0.912
115643049	deity.n.01	0.599
115644309	deity.n.01	0.812
107255732	deity.n.01	0.814
115644429	deity.n.01	0.945
115644522	deity.n.01	0.896
107256031	religion.n.01	0.638
115644813	deity.n.01	0.859
107256574	deity.n.01	0.942
107256635	deity.n.01	0.933
107256770	god.n.01	0.537
107257160	deity.n.01	0.7
107257482	god.n.01	0.634
115646548	deity.n.01	0.768
107258100	deity.n.01	0.54
107259844	deity.n.01	0.71
107259920	deity.n.01	0.552
107259998	deity.n.01	0.551
107260081	deity.n.01	0.808
115648715	goddess.n.01	None
115648719	deity.n.01	0.979
107260336	god.n.01	0.628
107260356	god.n.01	0.605
107260366	deity.n.01	0.61
107260467	deity.n.01	0.911
115649282	deity.n.01	0.972
115649340	deity.n.01	0.937
115649403	goddess.n.01	None
115649498	deity.n.01	0.863
115649715	deity.n.01	0.923
115649898	deity.n.01	0.913
115650096	deity.n.01	0.953
107261534	deity.n.01	0.885
107261708	deity.n.01	0.806
115650634	deity.n.01	0.949
107262037	deity.n.01	0.863
115651206	divinity.n.02	0.973
107262669	god.n.01	0.577
107262703	deity.n.01	0.936
115651352	deity.n.01	0.971
115651446	deity.n.01	0.947
115651597	deity.n.01	0.743
107263123	god.n.01	0.498
107263271	deity.n.01	0.843
107263459	deity.n.01	0.853
115652392	goddess.n.01	None
107264452	deity.n.01	0.89
107264477	deity.n.01	0.783
107264759	deity.n.01	0.645
115653726	deity.n.01	0.943
115653742	deity.n.01	0.894
107265920	god.n.01	0.524
107265954	god.n.01	0.547
107266702	god.n.01	0.519
107266731	deity.n.01	0.6
107266849	deity.n.01	0.845
115655517	deity.n.01	0.873
115656207	deity.n.01	None
107267627	goddess.n.01	None
107267823	deity.n.01	0.692
107267840	goddess.n.01	None
115657385	deity.n.01	0.849
115660072	idol.n.01	0.738
115660144	deity.n.01	0.749
107271895	deity.n.01	0.822
115660821	goddess.n.01	None
115660881	deity.n.01	0.752
115660905	deity.n.01	0.749
115661070	deity.n.01	0.748
115661369	deity.n.01	0.835
115662328	goddess.n.01	None
115663339	deity.n.01	0.927
115663396	deity.n.01	0.945
115663600	deity.n.01	0.857
115663775	goddess.n.01	None
115664255	deity.n.01	0.852
115664317	deity.n.01	0.986
115664375	deity.n.01	0.818
107276690	deity.n.01	0.54
115667281	deity.n.01	0.898
115667524	deity.n.01	0.978
115667681	deity.n.01	0.892
115667984	deity.n.01	0.95
115668528	deity.n.01	0.93
107280311	deity.n.01	0.875
107280426	deity.n.01	0.759
115669304	deity.n.01	0.907
115669573	deity.n.01	0.959
115669792	heaven.n.02	0.75
115670641	goddess.n.01	None
115670720	deity.n.01	0.884
115671109	deity.n.01	0.926
107282922	deity.n.01	0.806
107283017	deity.n.01	0.846
107283128	deity.n.01	0.717
107283147	deity.n.01	0.606
115671877	god.n.01	0.567
115672022	god.n.01	0.532
115672789	deity.n.01	None
107284854	deity.n.01	0.829
115673551	deity.n.01	0.805
115673691	deity.n.01	0.833
115673852	deity.n.01	0.872
115673973	deity.n.01	0.901
115674474	deity.n.01	0.722
115676336	goddess.n.01	None
115678179	deity.n.01	0.629
115678222	deity.n.01	0.797
107291977	deity.n.01	0.903
115681290	deity.n.01	0.865
115681640	deity.n.01	0.788
115681677	deity.n.01	0.67
115681740	deity.n.01	0.859
107293141	deity.n.01	0.572
115681840	deity.n.01	0.91
107293661	deity.n.01	0.554
107296938	deity.n.01	0.861
107297588	deity.n.01	0.82
115686245	deity.n.01	0.957
115686292	deity.n.01	0.838
107298479	deity.n.01	0.638
115687567	goddess.n.01	None
115687590	deity.n.01	0.79
115687641	idol.n.01	0.623
115687785	deity.n.01	0.893
115687819	goddess.n.01	None
107299373	deity.n.01	0.634
115689279	goddess.n.01	None
115689688	goddess.n.01	None
115690261	goddess.n.01	None
115690292	goddess.n.01	None
107301688	deity.n.01	0.802
115690371	goddess.n.01	None
115690418	goddess.n.01	None
115690601	deity.n.01	0.88
115690959	goddess.n.01	None
107303313	deity.n.01	0.838
115692117	deity.n.01	0.536
115692273	deity.n.01	0.971
115692283	deity.n.01	0.945
115694086	goddess.n.01	None
115694117	goddess.n.01	None
115694493	deity.n.01	0.77
115694624	deity.n.01	0.755
115695591	goddess.n.01	None
115696215	deity.n.01	0.739
115696256	goddess.n.01	None
115696409	deity.n.01	0.873
107309360	deity.n.01	0.832
107309395	deity.n.01	0.879
107309991	deity.n.01	0.712
107310008	deity.n.01	0.506
107311821	deity.n.01	0.63
107312163	deity.n.01	0.725
107312529	deity.n.01	0.746
115703065	deity.n.01	0.876
115703278	deity.n.01	0.906
107315418	deity.n.01	0.85
115704927	deity.n.01	0.891
115705115	deity.n.01	0.85
115705699	goddess.n.01	None
115705802	goddess.n.01	None
115705843	goddess.n.01	None
115706208	goddess.n.01	None
115706226	goddess.n.01	None
115706336	deity.n.01	0.889
107317816	deity.n.01	0.762
115706442	goddess.n.01	None
115706776	deity.n.01	0.548
115706909	deity.n.01	0.851
115707011	goddess.n.01	None
115707478	goddess.n.01	None
115707628	deity.n.01	0.83
115708109	deity.n.01	0.698
107319558	deity.n.01	0.848
115708265	deity.n.01	0.992
115708377	goddess.n.01	None
107319786	deity.n.01	0.706
107320036	deity.n.01	0.544
115708752	deity.n.01	0.645
115708790	deity.n.01	0.797
115708873	deity.n.01	0.9
107320275	deity.n.01	0.609
115708893	deity.n.01	0.914
115708907	deity.n.01	0.749
115709185	deity.n.01	0.949
115710149	idol.n.01	0.638
115710454	goddess.n.01	None
115711335	deity.n.01	0.813
115711491	goddess.n.01	None
115711539	goddess.n.01	None
115711931	deity.n.01	0.629
115712059	deity.n.01	0.466
115712691	deity.n.01	0.729
115714005	deity.n.01	0.855
107325403	deity.n.01	0.667
115714767	deity.n.01	0.816
115714780	deity.n.01	0.865
115714794	deity.n.01	0.886
115714865	deity.n.01	0.728
115714888	god.n.01	0.627
107326867	deity.n.01	0.659
115716391	goddess.n.01	None
115716921	deity.n.01	0.749
115716965	goddess.n.01	None
115717397	goddess.n.01	None
107328866	deity.n.01	0.842
107328879	deity.n.01	0.842
115717795	eden.n.01	0.674
107329278	deity.n.01	0.933
115718002	deity.n.01	0.685
107329481	deity.n.01	0.872
115719779	deity.n.01	0.908
107331350	deity.n.01	0.897
115720087	deity.n.01	0.882
115720103	deity.n.01	0.818
115720124	deity.n.01	0.813
115721832	goddess.n.01	None
115722001	goddess.n.01	None
115722456	goddess.n.01	None
115722749	deity.n.01	0.967
115722997	goddess.n.01	None
115723159	goddess.n.01	None
115723193	goddess.n.01	None
115723584	goddess.n.01	None
115724039	deity.n.01	0.869
107335984	deity.n.01	0.743
107336010	deity.n.01	0.654
115725009	deity.n.01	0.842
115725052	deity.n.01	0.853
107336705	deity.n.01	0.873
107336726	deity.n.01	0.845
115725832	goddess.n.01	None
115725883	goddess.n.01	None
115726478	deity.n.01	0.947
115726700	deity.n.01	0.975
115726874	goddess.n.01	None
115726979	goddess.n.01	None
115728035	deity.n.01	0.853
115728297	deity.n.01	0.959
115728331	goddess.n.01	None
115728380	goddess.n.01	None
115728464	goddess.n.01	None
115729297	deity.n.01	0.951
115729364	deity.n.01	0.946
115730666	godhead.n.01	None
115731048	goddess.n.01	None
115731072	goddess.n.01	None
115731116	goddess.n.01	None
115731302	deity.n.01	0.938
115731360	deity.n.01	0.721
115731540	deity.n.01	0.933
115731842	deity.n.01	0.759
115731933	deity.n.01	0.904
115732618	deity.n.01	0.953
115732834	goddess.n.01	None
115732903	goddess.n.01	None
115733261	deity.n.01	0.938
115733383	deity.n.01	0.648
115733904	goddess.n.01	None
107346323	deity.n.01	0.896
107346337	deity.n.01	0.814
115735151	goddess.n.01	None
115735219	deity.n.01	0.93
115735227	deity.n.01	0.958
115735273	goddess.n.01	None
107346671	deity.n.01	0.847
115735299	deity.n.01	0.965
115736070	deity.n.01	0.977
115736226	deity.n.01	0.817
115736304	deity.n.01	0.963
115736411	deity.n.01	0.956
115736421	deity.n.01	0.895
115736449	deity.n.01	0.922
115736491	deity.n.01	0.89
115737165	deity.n.01	0.896
107349037	deity.n.01	0.79
107350316	deity.n.01	0.759
115739050	deity.n.01	0.888
115739247	goddess.n.01	None
115739285	goddess.n.01	None
115739654	goddess.n.01	None
107351189	deity.n.01	0.554
115740673	deity.n.01	0.882
115740695	deity.n.01	0.913
115741077	goddess.n.01	None
115741364	deity.n.01	0.793
115741664	deity.n.01	0.912
115741817	goddess.n.01	None
115742002	goddess.n.01	None
107354911	god.n.01	0.569
107355428	deity.n.01	0.818
107355647	deity.n.01	0.949
107356069	deity.n.01	0.958
115744853	deity.n.01	0.987
107356317	deity.n.01	0.594
107356515	deity.n.01	0.885
107356648	deity.n.01	0.929
115745303	deity.n.01	0.903
107356846	deity.n.01	0.729
107357227	goddess.n.01	None
107357548	deity.n.01	0.9
107357662	deity.n.01	0.842
107357804	deity.n.01	0.874
115746772	goddess.n.01	None
115747106	goddess.n.01	None
107359324	deity.n.01	0.897
115748156	deity.n.01	0.977
115748740	deity.n.01	0.648
115749096	oracle.n.02	0.55
107360521	deity.n.01	0.649
107361085	deity.n.01	0.814
115749710	deity.n.01	0.772
115749848	deity.n.01	0.866
115749995	deity.n.01	0.886
115750036	deity.n.01	0.81
115750805	deity.n.01	0.943
115751026	deity.n.01	0.601
115751155	deity.n.01	0.804
115751699	deity.n.01	0.902
115751792	deity.n.01	0.834
115751866	deity.n.01	0.835
115752431	deity.n.01	0.918
107363842	deity.n.01	0.778
107364193	deity.n.01	0.669
107364213	god.n.01	0.499
107364239	deity.n.01	0.673
107364269	deity.n.01	0.726
115753132	deity.n.01	0.815
115754167	deity.n.01	0.847
115754661	deity.n.01	0.677
107366897	deity.n.01	0.727
115755591	goddess.n.01	None
115755995	deity.n.01	0.926
115756870	deity.n.01	0.931
115757440	deity.n.01	None
115757699	deity.n.01	0.868
115759251	deity.n.01	0.802
115759355	deity.n.01	0.925
115759379	deity.n.01	0.902
115759419	deity.n.01	0.972
115759606	god.n.01	0.658
115759683	goddess.n.01	None
115759862	deity.n.01	0.718
115759878	deity.n.01	0.809
115761262	deity.n.01	0.928
115761810	deity.n.01	0.562
115761847	deity.n.01	0.837
115762033	deity.n.01	0.947
115762055	deity.n.01	0.979
115763361	deity.n.01	0.857
115763413	deity.n.01	0.902
115763484	goddess.n.01	None
115763760	deity.n.01	0.943
115763798	goddess.n.01	None
115763947	goddess.n.01	None
115764634	goddess.n.01	None
115765825	deity.n.01	0.747
115766334	deity.n.01	0.906
115768117	goddess.n.01	None
115768532	deity.n.01	0.944
115769413	deity.n.01	0.732
115769564	deity.n.01	0.866
115770801	deity.n.01	0.909
115772158	deity.n.01	0.654
115772178	deity.n.01	0.825
115772608	deity.n.01	0.91
115772657	deity.n.01	0.979
115772834	deity.n.01	0.928
115773015	deity.n.01	0.895
115773134	deity.n.01	0.89
115773165	deity.n.01	0.829
115773190	deity.n.01	0.606
115775830	deity.n.01	0.791
115776063	deity.n.01	0.793
115776370	deity.n.01	0.796
115777152	deity.n.01	0.761
115777275	deity.n.01	0.614
115778376	deity.n.01	0.861
115778405	deity.n.01	0.911
115778480	deity.n.01	0.81
115778552	deity.n.01	0.766
115778646	deity.n.01	0.904
115779080	deity.n.01	0.748
115781302	deity.n.01	0.924
115781314	deity.n.01	0.903
115784480	deity.n.01	0.763
115784498	deity.n.01	0.774
115785163	deity.n.01	0.539
115786097	deity.n.01	0.855
115787061	deity.n.01	0.984
115788487	deity.n.01	0.823
115789562	deity.n.01	0.799
115789577	goddess.n.01	None
115791135	deity.n.01	0.823
115791967	deity.n.01	0.936
115792152	goddess.n.01	None
115792196	deity.n.01	0.974
115793502	deity.n.01	0.932
115793786	deity.n.01	0.92
115794121	goddess.n.01	None
115794203	deity.n.01	0.585
115794251	goddess.n.01	None
115794402	deity.n.01	0.888
115795036	goddess.n.01	None
115796062	deity.n.01	0.922
115796272	deity.n.01	0.914
115796460	deity.n.01	0.794
115796984	deity.n.01	0.966
115797406	goddess.n.01	None
115797439	deity.n.01	0.88
115798236	deity.n.01	0.86
115798516	deity.n.01	0.608
115802928	deity.n.01	0.758
115805037	deity.n.01	0.796
115812366	deity.n.01	0.833
115812414	deity.n.01	0.846
115812423	deity.n.01	0.85
115813896	idol.n.01	0.591
107455788	deity.n.01	0.756
115852223	deity.n.01	0.811
115852250	deity.n.01	0.811
115852266	deity.n.01	0.899
115852331	deity.n.01	0.891
115852774	deity.n.01	0.884
115855405	deity.n.01	0.831
115855423	deity.n.01	0.814
107468235	deity.n.01	0.876
107468492	deity.n.01	0.742
107470351	deity.n.01	0.88
107471968	deity.n.01	0.831
107472006	deity.n.01	0.834
115862545	priest.n.01	0.82
115865644	deity.n.01	0.871
115865935	deity.n.01	0.894
115877275	deity.n.01	0.852
115895104	deity.n.01	0.712
107524052	deity.n.01	0.717
124301773	deity.n.01	0.824
107524562	deity.n.01	0.975
107530254	deity.n.01	0.692
107530279	god.n.01	0.505
107530349	deity.n.01	0.6
107531910	deity.n.01	0.901
115924753	deity.n.01	0.902
115928633	deity.n.01	0.837
124318094	deity.n.01	0.549
124320409	deity.n.01	0.955
115932219	idol.n.01	0.836
124322180	deity.n.01	0.935
124322682	deity.n.01	0.626
124323322	deity.n.01	0.868
124323390	deity.n.01	0.966
115934799	deity.n.01	0.797
115934825	deity.n.01	0.914
115934844	deity.n.01	0.66
124323457	deity.n.01	0.872
115935758	deity.n.01	0.896
115935901	deity.n.01	0.869
115935938	deity.n.01	0.631
115935970	deity.n.01	0.815
115935995	deity.n.01	0.822
124324661	deity.n.01	0.95
115936539	deity.n.01	0.922
124326128	deity.n.01	0.925
124326342	deity.n.01	0.891
124327291	deity.n.01	0.663
107550730	deity.n.01	0.753
115941048	deity.n.01	0.964
115944904	deity.n.01	0.874
115945060	deity.n.01	0.914
115945196	deity.n.01	0.907
115946968	deity.n.01	0.572
115946989	deity.n.01	0.921
115947024	deity.n.01	0.876
115947168	deity.n.01	0.938
115947200	idol.n.01	0.774
115949857	deity.n.01	0.939
115952750	deity.n.01	0.916
115952771	deity.n.01	0.904
115953016	deity.n.01	0.683
115954293	deity.n.01	0.799
115956882	deity.n.01	0.627
115956986	deity.n.01	0.928
115957570	deity.n.01	0.79
115957625	deity.n.01	0.937
115957722	deity.n.01	0.887
115957781	deity.n.01	0.659
115961740	deity.n.01	0.858
107575412	deity.n.01	0.989
107575449	deity.n.01	0.892
115964559	deity.n.01	0.753
115964571	deity.n.01	0.753
115966558	deity.n.01	0.872
115966687	deity.n.01	0.859
107585502	deity.n.01	0.899
107587760	deity.n.01	0.867
107591222	goddess.n.01	None
107591237	goddess.n.01	None
107591282	goddess.n.01	None
107594537	deity.n.01	0.661
107598670	deity.n.01	0.892
115988377	deity.n.01	0.884
107611214	deity.n.01	0.95
107620994	oracle.n.03	0.824
107622754	deity.n.01	0.828
107628274	deity.n.01	0.987
107635782	deity.n.01	0.88
107635959	deity.n.01	0.61
107635974	deity.n.01	0.988
107635980	deity.n.01	0.884
107636025	deity.n.01	0.658
107636056	deity.n.01	0.841
107640447	deity.n.01	0.515
116033375	deity.n.01	0.7
116033445	deity.n.01	0.558
107646524	deity.n.01	0.887
107652224	deity.n.01	0.972
116042037	deity.n.01	0.717
107657486	goddess.n.01	None
107660973	deity.n.01	0.912
107667661	deity.n.01	0.755
107668897	deity.n.01	0.951
107668984	deity.n.01	0.873
107670529	goddess.n.01	None
116060389	deity.n.01	0.824
116060470	deity.n.01	0.708
107671916	deity.n.01	0.851
107677029	deity.n.01	0.908
107679365	deity.n.01	0.733
107683582	goddess.n.01	None
116073156	deity.n.01	0.852
107686077	deity.n.01	0.773
107692611	goddess.n.01	None
107696264	deity.n.01	0.922
124475370	goddess.n.01	None
124475384	goddess.n.01	None
124475397	goddess.n.01	None
124476705	deity.n.01	0.784
124476714	deity.n.01	0.788
124476734	deity.n.01	0.852
124477054	deity.n.01	0.528
124477068	deity.n.01	0.641
124477079	deity.n.01	0.763
124477133	deity.n.01	0.544
124477141	deity.n.01	0.568
124477218	idol.n.01	0.74
124477588	god.n.01	0.538
124477605	god.n.01	0.564
124477611	deity.n.01	0.568
124477615	deity.n.01	0.611
124477675	deity.n.01	0.737
124477763	god.n.01	0.624
124477783	deity.n.01	0.794
124478282	god.n.01	0.522
124478640	deity.n.01	0.849
124479346	deity.n.01	0.88
124479382	deity.n.01	0.982
124479400	deity.n.01	0.926
124479417	deity.n.01	0.837
124479431	deity.n.01	0.552
124479459	deity.n.01	0.651
124479467	deity.n.01	0.651
124479474	deity.n.01	0.866
124479490	deity.n.01	0.907
124479494	deity.n.01	0.848
124479499	deity.n.01	0.797
124479625	god.n.01	0.773
124479631	god.n.01	0.693
107703046	deity.n.01	0.874
107703081	deity.n.01	0.961
124480331	deity.n.01	0.809
124480633	deity.n.01	0.927
124480741	deity.n.01	0.891
124480753	deity.n.01	0.666
124480759	deity.n.01	0.722
107703615	deity.n.01	0.652
124480844	deity.n.01	0.669
124480901	deity.n.01	0.916
124480903	deity.n.01	0.838
107703712	god.n.01	0.56
107703749	deity.n.01	0.546
107703817	deity.n.01	0.95
107704000	goddess.n.01	None
124481297	deity.n.01	0.959
124481299	deity.n.01	0.842
107704095	deity.n.01	0.984
124481334	goddess.n.01	None
124481404	god.n.01	0.513
107704246	deity.n.01	0.938
107704613	deity.n.01	0.961
124482025	deity.n.01	0.931
124482137	deity.n.01	0.969
107704969	deity.n.01	0.575
107705057	deity.n.01	0.856
107705062	deity.n.01	0.862
107705094	deity.n.01	0.961
124482459	deity.n.01	0.885
124482471	deity.n.01	0.834
124482624	god.n.03	0.518
107705611	deity.n.01	0.896
124482982	deity.n.01	0.815
124482994	deity.n.01	0.739
107705804	deity.n.01	0.95
107705898	deity.n.01	0.803
107705974	deity.n.01	0.825
107705990	deity.n.01	0.867
124483345	deity.n.01	0.728
124483349	deity.n.01	0.733
116094776	deity.n.01	0.955
124483483	deity.n.01	0.718
107709258	deity.n.01	0.87
107710245	deity.n.01	0.987
116099912	deity.n.01	0.527
116100501	deity.n.01	0.889
116100572	deity.n.01	0.73
116101104	deity.n.01	0.833
116101532	deity.n.01	0.662
116101574	deity.n.01	0.761
116101635	god.n.01	0.711
107713822	goddess.n.01	None
116103311	deity.n.01	0.883
107715137	deity.n.01	0.856
107716820	deity.n.01	0.934
107716906	goddess.n.01	None
116106666	deity.n.01	0.876
116106960	deity.n.01	0.728
116107360	deity.n.01	0.653
107720197	deity.n.01	0.957
107720388	deity.n.01	0.913
107720397	goddess.n.01	None
107722456	deity.n.01	0.763
116112042	deity.n.01	0.506
116116525	deity.n.01	0.716
116118135	deity.n.01	0.532
116120692	deity.n.01	0.892
107733183	deity.n.01	0.869
116123043	deity.n.01	0.683
116123134	deity.n.01	0.815
107737478	goddess.n.01	None
107737522	goddess.n.01	None
107738121	goddess.n.01	None
107738148	goddess.n.01	None
107738387	deity.n.01	0.963
107741458	goddess.n.01	None
107744165	deity.n.01	0.972
107744234	goddess.n.01	None
107744484	deity.n.01	0.934
107748655	deity.n.01	0.974
107748699	deity.n.01	0.963
107748873	goddess.n.01	None
107749166	deity.n.01	0.974
107751662	deity.n.01	0.807
107755305	deity.n.01	0.789
107758671	deity.n.01	0.986
107760441	deity.n.01	0.938
107761610	deity.n.01	0.945
107763436	deity.n.01	0.898
124541557	deity.n.01	0.856
107765867	deity.n.01	0.697
107765959	deity.n.01	0.864
107766293	deity.n.01	None
116154939	deity.n.01	0.888
107767930	goddess.n.01	None
107768334	deity.n.01	0.642
107768335	deity.n.01	0.832
107768858	goddess.n.01	None
107768888	goddess.n.01	None
107770785	deity.n.01	0.98
107771167	god.n.01	0.545
107771651	deity.n.01	None
107771844	deity.n.01	None
116160866	deity.n.01	0.892
116160891	deity.n.01	0.752
116161183	deity.n.01	0.865
116161229	deity.n.01	0.658
116161325	deity.n.01	0.802
124550026	deity.n.01	0.936
116161460	deity.n.01	0.941
116161669	deity.n.01	0.845
116161866	deity.n.01	0.778
116161915	deity.n.01	0.973
116162110	deity.n.01	0.491
116162218	deity.n.01	0.783
116162298	deity.n.01	0.894
116162336	deity.n.01	0.831
116162611	deity.n.01	0.977
116162762	deity.n.01	0.807
116163751	deity.n.01	0.885
116164207	deity.n.01	0.906
116164332	deity.n.01	0.838
116164373	deity.n.01	0.897
116164634	deity.n.01	0.876
116166793	deity.n.01	0.944
116167092	deity.n.01	0.868
116167525	deity.n.01	0.794
116167585	deity.n.01	0.831
116167960	deity.n.01	0.897
116168006	deity.n.01	0.857
116168050	deity.n.01	0.897
116168081	deity.n.01	0.872
116172170	deity.n.01	0.806
116172245	deity.n.01	0.892
116172370	deity.n.01	0.936
116172468	deity.n.01	0.925
116172530	deity.n.01	0.707
116172576	deity.n.01	0.884
116172637	deity.n.01	0.671
116172760	deity.n.01	0.866
116172773	deity.n.01	0.925
116172852	deity.n.01	0.88
116173230	deity.n.01	0.685
116173323	deity.n.01	0.764
116173376	deity.n.01	0.854
116173411	deity.n.01	0.927
116173426	deity.n.01	0.576
116173443	deity.n.01	0.902
116173543	deity.n.01	0.811
116173749	deity.n.01	0.797
124564740	deity.n.01	0.708
124574129	deity.n.01	0.846
107797126	deity.n.01	0.843
107800659	deity.n.01	None
107802942	deity.n.01	0.716
107803122	deity.n.01	None
107803271	deity.n.01	0.772
107803398	deity.n.01	0.697
124581987	deity.n.01	0.886
107806280	deity.n.01	None
107808887	goddess.n.01	None
107814423	deity.n.01	0.621
107814452	deity.n.01	0.953
124592222	religion.n.01	0.585
107817004	egyptian_deity.n.01	None
116214824	deity.n.01	0.638
116215194	deity.n.01	0.78
107829958	deity.n.01	0.85
107829988	deity.n.01	0.867
107830650	deity.n.01	0.749
107831475	deity.n.01	0.794
107832617	deity.n.01	0.809
107832632	god.n.01	0.513
107834410	deity.n.01	0.734
107834415	deity.n.01	0.861
107837149	deity.n.01	0.711
107837499	deity.n.01	0.906
107837574	deity.n.01	None
107840301	deity.n.01	0.961
107848662	deity.n.01	0.976
107849183	deity.n.01	0.662
107849459	deity.n.01	0.865
107849477	deity.n.01	0.696
107849499	deity.n.01	0.52
107849639	deity.n.01	0.751
107849769	deity.n.01	0.8
116243516	divinity.n.02	0.895
107865020	deity.n.01	0.937
107865297	deity.n.01	0.937
107865368	deity.n.01	0.923
107865755	deity.n.01	0.894
107865796	deity.n.01	0.909
107865811	deity.n.01	0.923
107865851	deity.n.01	0.842
107865963	deity.n.01	0.896
107866015	deity.n.01	0.89
107866414	deity.n.01	0.949
107867575	deity.n.01	0.753
107867621	deity.n.01	0.848
107867823	deity.n.01	0.945
107867827	deity.n.01	0.947
107867944	deity.n.01	0.867
107868032	deity.n.01	0.888
107868297	deity.n.01	0.832
107869782	god.n.01	0.517
107869870	deity.n.01	0.769
107870590	deity.n.01	0.947
107873299	deity.n.01	0.886
107874053	deity.n.01	0.78
107874974	deity.n.01	0.94
107874978	deity.n.01	0.941
107874982	deity.n.01	0.937
107874986	deity.n.01	0.928
107874991	deity.n.01	0.924
107875145	deity.n.01	0.818
107875161	deity.n.01	0.839
107875208	deity.n.01	0.839
107875897	deity.n.01	0.843
107879495	deity.n.01	0.919
107879522	deity.n.01	0.873
107884404	deity.n.01	0.886
107889724	deity.n.01	0.795
107890076	deity.n.01	0.89
107890669	deity.n.01	0.888
124668207	deity.n.01	0.974
107891258	deity.n.01	0.917
107899580	deity.n.01	0.884
116290551	deity.n.01	0.915
107907451	deity.n.01	0.72
124685417	deity.n.01	0.933
107908347	deity.n.01	0.862
124687363	deity.n.01	0.925
124687421	deity.n.01	0.982
107914009	idol.n.01	0.533
116302926	deity.n.01	0.912
116304585	deity.n.01	0.826
116304741	deity.n.01	0.744
124700161	god.n.01	0.524
116314357	deity.n.01	0.57
116325387	deity.n.01	0.608
116325863	deity.n.01	0.922
107940320	deity.n.01	0.933
107940422	deity.n.01	0.945
107941761	deity.n.01	0.599
107941853	deity.n.01	0.923
107944790	deity.n.01	0.838
107950089	deity.n.01	0.891
107950157	deity.n.01	0.544
107950228	deity.n.01	0.737
107952919	deity.n.01	0.747
107955060	deity.n.01	0.952
107955591	deity.n.01	0.966
124734428	religion.n.01	0.687
107959032	deity.n.01	0.927
107968528	deity.n.01	0.948
107969126	deity.n.01	0.578
107969200	deity.n.01	0.957
107969259	deity.n.01	0.81
107969334	deity.n.01	0.945
107969403	deity.n.01	0.899
107969420	deity.n.01	0.928
107970440	idol.n.01	0.613
107970448	deity.n.01	0.861
107970466	deity.n.01	0.946
107970819	deity.n.01	0.942
107970906	deity.n.01	0.733
107970967	deity.n.01	0.82
107970975	deity.n.01	0.835
107971457	deity.n.01	0.93
107973239	deity.n.01	0.922
107979333	deity.n.01	0.933
124759413	deity.n.01	0.875
107983097	deity.n.01	0.813
107985484	idol.n.01	0.585
107986651	deity.n.01	0.878
107986656	deity.n.01	0.807
107995538	deity.n.01	0.907
107999311	deity.n.01	0.917
107999402	deity.n.01	0.923
108002374	idol.n.01	0.549
108002418	deity.n.01	0.791
108009531	deity.n.01	0.701
108009539	deity.n.01	0.837
108009567	deity.n.01	0.891
108009764	deity.n.01	0.871
108011463	deity.n.01	0.919
108011525	deity.n.01	0.897
108014332	deity.n.01	0.87
108014350	deity.n.01	0.935
108014406	deity.n.01	0.911
108014469	deity.n.01	0.913
108014529	deity.n.01	0.884
108014591	deity.n.01	0.805
108015358	deity.n.01	0.658
108016345	deity.n.01	0.926
108031607	deity.n.01	0.694
108031721	deity.n.01	0.892
108036528	deity.n.01	0.959
108036554	deity.n.01	0.928
108037251	deity.n.01	0.924
108037286	deity.n.01	0.845
108039963	deity.n.01	0.697
108095391	deity.n.01	0.774
108097906	deity.n.01	0.752
108098907	deity.n.01	0.603
108099936	deity.n.01	0.854
108111114	deity.n.01	0.734
108112454	deity.n.01	0.797
108122286	deity.n.01	0.863
108122292	deity.n.01	0.886
108122420	deity.n.01	0.885
108122425	deity.n.01	0.695
108122482	deity.n.01	0.846
108122928	deity.n.01	0.753
108123370	deity.n.01	0.876
108126288	deity.n.01	0.9
108126293	deity.n.01	0.928
108126596	deity.n.01	0.878
108136758	deity.n.01	0.868
108137013	deity.n.01	0.692
116544690	deity.n.01	0.966
116544701	deity.n.01	0.961
116544910	deity.n.01	0.904
116544932	deity.n.01	0.71
116545100	deity.n.01	0.742
116561715	god.n.01	0.587
116561727	deity.n.01	0.664
116571577	god.n.01	0.737
116571580	god.n.01	0.65
108187114	deity.n.01	0.893
108187163	deity.n.01	0.762
108187237	deity.n.01	0.866
108187247	deity.n.01	0.85
108187367	deity.n.01	0.785
108187829	deity.n.01	0.733
108188296	deity.n.01	0.541
108188454	deity.n.01	0.661
108188507	deity.n.01	0.339
116585569	deity.n.01	0.878
116587790	deity.n.01	0.834
116588400	deity.n.01	0.872
116588426	goddess.n.01	None
116588804	deity.n.01	0.941
116588817	deity.n.01	0.823
116588961	deity.n.01	0.983
116588971	goddess.n.01	None
116589006	theology.n.01	0.719
116589012	deity.n.01	0.695
116589041	deity.n.01	0.817
116589048	deity.n.01	0.896
116589132	deity.n.01	0.561
116589164	deity.n.01	0.889
116589175	worship.n.01	0.994
116589235	deity.n.01	0.964
116589237	deity.n.01	None
108219128	deity.n.01	0.894
108224844	deity.n.01	0.907
108225943	deity.n.01	0.651
108231598	deity.n.01	0.828
108235827	deity.n.01	0.904
108243988	deity.n.01	0.853
108253269	deity.n.01	0.735
108261310	deity.n.01	0.91
108261325	deity.n.01	0.548
108261333	idol.n.01	0.513
108261684	deity.n.01	0.947
108261835	deity.n.01	0.674
108264274	deity.n.01	0.545
108264822	god.n.03	0.651
108265860	deity.n.01	0.507
108265982	idol.n.01	0.513
108266028	idol.n.01	0.863
108266922	deity.n.01	0.843
108276892	deity.n.01	0.927
108277244	deity.n.01	0.797
108277688	idol.n.01	0.65
108277713	deity.n.01	0.785
108279630	deity.n.01	0.746
108279919	deity.n.01	0.941
108280978	deity.n.01	0.952
108281037	deity.n.01	0.947
108281293	deity.n.01	0.906
108283081	deity.n.01	0.844
108283625	deity.n.01	0.926
108283694	deity.n.01	0.918
108283719	deity.n.01	0.688
108284661	deity.n.01	0.931
108286635	deity.n.01	0.936
108286702	deity.n.01	0.926
108286914	idol.n.01	0.536
108286920	deity.n.01	0.826
108288247	deity.n.01	0.912
108288532	deity.n.01	0.889
108289723	deity.n.01	0.941
108291676	deity.n.01	0.943
108296799	deity.n.01	0.792
108301691	deity.n.01	0.925
108301959	deity.n.01	0.77
108303518	deity.n.01	0.909
108307876	deity.n.01	0.879
108307987	deity.n.01	0.903
108308039	deity.n.01	0.891
108308115	deity.n.01	0.951
108310281	deity.n.01	0.926
108315696	idol.n.01	0.517
108315795	deity.n.01	0.589
108315807	deity.n.01	0.71
108315835	deity.n.01	0.845
108315838	deity.n.01	0.845
108315912	deity.n.01	0.797
108316071	deity.n.01	0.682
108316224	deity.n.01	0.887
108316234	deity.n.01	0.9
108316239	deity.n.01	0.88
108316278	deity.n.01	0.662
108316418	deity.n.01	0.93
108316518	deity.n.01	0.863
108316597	deity.n.01	0.719
108316638	deity.n.01	0.838
108316661	deity.n.01	0.864
108316708	deity.n.01	0.649
108316759	deity.n.01	0.604
108316815	deity.n.01	0.881
108316829	deity.n.01	0.91
108316839	deity.n.01	0.784
108316930	deity.n.01	0.829
108316951	deity.n.01	0.886
108317014	deity.n.01	0.768
108317031	deity.n.01	0.505
108317064	idol.n.01	0.585
108317087	deity.n.01	0.893
108329160	deity.n.01	0.93
108343515	chamber.n.01	0.914
108343537	porch.n.01	None
108343597	chamber.n.01	0.935
108343653	chamber.n.01	0.891
108343857	chamber.n.01	0.919
108343978	chamber.n.01	0.958
108344154	chamber.n.01	0.951
108354734	deity.n.01	0.907
108355179	deity.n.01	0.768
108355242	deity.n.01	0.639
108356818	deity.n.01	0.774
108357041	deity.n.01	0.946
108357087	deity.n.01	0.863
108358103	deity.n.01	0.891
108358197	deity.n.01	0.853
108358284	deity.n.01	0.869
108358338	deity.n.01	0.844
108358671	deity.n.01	0.695
108359561	deity.n.01	0.852
108359703	deity.n.01	0.903
108363572	deity.n.01	0.852
108364307	deity.n.01	0.884
108364313	deity.n.01	0.72
108364334	deity.n.01	0.921
108364366	deity.n.01	0.88
108364396	deity.n.01	0.922
108364949	deity.n.01	0.721
108365765	deity.n.01	0.536
108366778	deity.n.01	0.94
108367182	deity.n.01	0.838
108367236	deity.n.01	0.858
108367391	deity.n.01	0.816
108368780	deity.n.01	0.786
108369015	deity.n.01	0.909
108370442	deity.n.01	0.888
108371125	deity.n.01	0.881
108371462	deity.n.01	0.9
108371604	deity.n.01	0.829
108375483	deity.n.01	0.729
108376217	deity.n.01	0.944
108376238	deity.n.01	0.903
108376251	deity.n.01	None
108376261	deity.n.01	0.958
108376268	deity.n.01	0.88
108376296	deity.n.01	0.939
116767282	deity.n.01	0.786
116768956	deity.n.01	0.592
116770351	goddess.n.01	None
116773005	deity.n.01	0.834
108386694	deity.n.01	0.937
108388312	deity.n.01	0.801
116778202	deity.n.01	0.892
116778420	deity.n.01	0.799
116780168	goddess.n.01	None
100004273	deity.n.01	0.795
100004352	deity.n.01	0.733
100004440	deity.n.01	0.734
116781937	deity.n.01	0.572
100005303	god.n.01	0.733
100006114	god.n.01	0.508
100006740	deity.n.01	0.614
100006917	deity.n.01	0.74
100007164	deity.n.01	0.734
100007704	deity.n.01	0.964
108396314	deity.n.01	0.96
100007892	deity.n.01	0.877
108396509	deity.n.01	0.566
116785277	deity.n.01	0.71
100008295	deity.n.01	0.692
100008478	deity.n.01	0.935
100008710	deity.n.01	0.814
100008822	deity.n.01	0.952
100008881	deity.n.01	0.81
100008917	deity.n.01	0.839
100009376	deity.n.01	0.924
100009392	deity.n.01	0.844
100009489	deity.n.01	0.953
108398235	deity.n.01	0.87
108399751	deity.n.01	0.779
116788378	goddess.n.01	None
116788456	goddess.n.01	None
116789065	goddess.n.01	None
116789079	goddess.n.01	None
100012094	deity.n.01	0.725
100012774	deity.n.01	0.77
108402530	prophet.n.01	0.666
100014797	deity.n.01	0.937
100016900	god.n.01	0.618
100017703	deity.n.01	0.792
100018259	deity.n.01	0.722
100018775	deity.n.01	0.637
100018793	deity.n.01	0.721
100018874	deity.n.01	0.987
100019320	god.n.03	0.535
100019451	deity.n.01	0.951
100019665	goddess.n.01	None
100019956	deity.n.01	0.533
100020142	deity.n.01	0.941
100020369	deity.n.01	0.904
100020615	deity.n.01	0.965
100020666	deity.n.01	0.863
100020706	deity.n.01	0.898
100021160	deity.n.01	0.879
100022754	deity.n.01	0.53
116800168	deity.n.01	0.756
116800208	deity.n.01	0.784
100023086	deity.n.01	0.673
100023442	deity.n.01	0.906
116800710	deity.n.01	0.941
100025069	heaven.n.02	0.611
116802372	deity.n.01	0.704
100025181	deity.n.01	0.925
100025604	deity.n.01	0.773
100025613	deity.n.01	0.84
100025622	deity.n.01	0.84
100026033	deity.n.01	0.752
100026073	deity.n.01	0.669
100026090	deity.n.01	0.841
100026139	deity.n.01	0.508
100027385	deity.n.01	0.628
100027393	deity.n.01	0.628
100027633	deity.n.01	0.645
100027939	deity.n.01	0.762
100028115	deity.n.01	0.918
100028181	deity.n.01	0.672
100028235	deity.n.01	0.653
100028247	deity.n.01	0.653
116805811	deity.n.01	0.766
116806054	deity.n.01	0.895
116806267	deity.n.01	0.773
100029557	deity.n.01	0.663
100030735	goddess.n.01	None
100030885	deity.n.01	0.729
116808326	deity.n.01	0.832
116808337	deity.n.01	0.832
116808428	heaven.n.02	0.643
116808443	deity.n.01	0.666
100031260	deity.n.01	0.663
116808578	deity.n.01	0.78
116808585	eden.n.01	0.591
100031655	deity.n.01	0.938
116808936	deity.n.01	0.987
100031729	deity.n.01	0.921
100031770	deity.n.01	0.744
100031836	deity.n.01	0.84
100033039	deity.n.01	0.844
100033091	deity.n.01	0.945
100033113	deity.n.01	0.958
100033120	deity.n.01	0.581
100033387	deity.n.01	0.807
100033548	deity.n.01	0.843
100033946	deity.n.01	0.664
100034820	deity.n.01	0.564
100034987	deity.n.01	0.779
100035082	goddess.n.01	None
100035124	goddess.n.01	None
116812442	deity.n.01	0.967
100035873	deity.n.01	0.75
100036317	deity.n.01	0.811
116813847	deity.n.01	0.755
116813864	deity.n.01	0.932
100036677	deity.n.01	0.789
100037147	deity.n.01	0.675
116815484	deity.n.01	0.931
100039710	deity.n.01	0.939
100039950	deity.n.01	0.907
100040009	deity.n.01	0.865
100040059	deity.n.01	0.837
108428830	deity.n.01	0.851
100040283	deity.n.01	0.935
100040297	deity.n.01	0.919
100040308	deity.n.01	0.774
100040327	deity.n.01	0.943
100040431	deity.n.01	0.793
100040494	deity.n.01	0.804
108429155	deity.n.01	0.887
100040679	deity.n.01	0.94
108429870	deity.n.01	0.929
100041382	deity.n.01	0.774
108430072	deity.n.01	0.721
108430090	deity.n.01	0.654
108430108	deity.n.01	0.954
116819162	deity.n.01	0.682
116819179	deity.n.01	0.806
108430578	deity.n.01	0.821
116819192	deity.n.01	0.899
116819201	deity.n.01	0.781
100043151	deity.n.01	0.885
100043885	deity.n.01	0.929
100043903	deity.n.01	0.921
100044012	deity.n.01	0.793
100044628	deity.n.01	0.828
116822472	deity.n.01	0.866
100046067	deity.n.01	0.763
100046214	deity.n.01	0.823
100046245	deity.n.01	0.951
100046737	deity.n.01	0.76
100047228	deity.n.01	0.793
100047376	deity.n.01	0.824
100047419	deity.n.01	0.884
100048213	deity.n.01	0.773
100049354	deity.n.01	0.955
100049595	deity.n.01	0.828
100049885	deity.n.01	0.851
100050171	deity.n.01	0.696
100051052	deity.n.01	0.931
116828406	deity.n.01	0.786
116828423	deity.n.01	0.603
116828473	deity.n.01	0.583
116828515	deity.n.01	0.806
116828752	deity.n.01	0.956
116831607	goddess.n.01	None
100054534	deity.n.01	0.599
100055125	deity.n.01	0.82
100055418	deity.n.01	0.876
100055458	deity.n.01	0.485
100056103	deity.n.01	0.841
116833434	deity.n.01	0.949
100056235	deity.n.01	0.887
116833451	deity.n.01	0.919
100056245	deity.n.01	0.887
116833895	deity.n.01	0.936
100057133	deity.n.01	0.907
116834396	deity.n.01	0.704
116834432	deity.n.01	0.724
116834861	goddess.n.01	None
116835412	deity.n.01	0.861
100058631	deity.n.01	0.703
116835914	goddess.n.01	None
116836633	deity.n.01	0.985
100061436	deity.n.01	0.91
116838783	goddess.n.01	None
116838910	goddess.n.01	None
116838995	goddess.n.01	None
100061858	deity.n.01	0.918
116839281	deity.n.01	0.655
116839346	deity.n.01	0.605
100062275	deity.n.01	0.87
116839950	deity.n.01	0.814
116840029	goddess.n.01	None
116840364	deity.n.01	0.856
116840646	deity.n.01	0.896
116840868	deity.n.01	0.728
100063987	god.n.01	0.489
100064010	deity.n.01	0.945
116841932	deity.n.01	0.52
116842346	deity.n.01	0.638
116842759	deity.n.01	0.952
116843349	deity.n.01	0.661
116843385	deity.n.01	0.676
100066365	deity.n.01	0.665
116843995	deity.n.01	0.854
100066846	deity.n.01	0.702
100066980	deity.n.01	0.451
116844214	deity.n.01	0.644
100067058	deity.n.01	0.715
116844355	deity.n.01	0.756
116844398	deity.n.01	0.76
116844427	deity.n.01	0.755
116844447	deity.n.01	0.771
116844472	deity.n.01	0.923
116845025	deity.n.01	0.779
116845122	deity.n.01	0.868
116845129	deity.n.01	0.849
116845168	deity.n.01	0.669
116845196	deity.n.01	0.556
116845279	goddess.n.01	None
100068142	deity.n.01	0.961
116845496	deity.n.01	0.961
116845735	deity.n.01	0.931
116846335	deity.n.01	0.924
116847164	goddess.n.01	None
100070692	deity.n.01	0.88
100071550	deity.n.01	0.894
116849398	deity.n.01	0.836
116849424	deity.n.01	0.895
116849442	deity.n.01	0.895
116849534	god.n.01	0.514
116850118	goddess.n.01	None
100073788	deity.n.01	0.904
100074197	deity.n.01	0.764
100074406	deity.n.01	0.644
100074593	deity.n.01	0.875
100074861	deity.n.01	0.968
116852177	deity.n.01	0.786
100075137	person.n.01	None
100075230	goddess.n.01	None
100075349	deity.n.01	0.801
100075475	deity.n.01	0.889
100075512	deity.n.01	0.964
100075611	deity.n.01	0.908
100075703	deity.n.01	0.956
100075837	deity.n.01	0.915
100075963	deity.n.01	0.745
100075968	deity.n.01	0.745
100077646	deity.n.01	0.886
100077865	deity.n.01	0.666
100077942	deity.n.01	0.862
100078003	deity.n.01	0.931
100078249	deity.n.01	0.922
100078339	deity.n.01	0.748
100078397	deity.n.01	0.931
100078583	deity.n.01	0.871
100078766	deity.n.01	0.912
100078905	deity.n.01	0.854
100079039	deity.n.01	0.844
100079443	deity.n.01	0.908
100079638	deity.n.01	0.788
100079980	deity.n.01	0.864
108471854	goddess.n.01	None
108472630	god.n.01	0.786
100084466	deity.n.01	0.856
116861850	goddess.n.01	None
100084689	heaven.n.02	0.692
108473727	goddess.n.01	None
100085122	deity.n.01	0.875
100085517	deity.n.01	0.915
108474660	deity.n.01	0.818
100086762	deity.n.01	0.951
100087298	deity.n.01	0.874
116864603	deity.n.01	0.958
100087405	deity.n.01	0.898
116864954	deity.n.01	0.614
100088015	deity.n.01	0.551
100088601	deity.n.01	0.868
100089350	deity.n.01	0.695
100090342	deity.n.01	0.825
100090765	deity.n.01	0.872
116868102	goddess.n.01	None
116868113	goddess.n.01	None
100091441	deity.n.01	0.961
100091589	deity.n.01	0.618
100092397	deity.n.01	0.875
116870074	deity.n.01	0.987
100093538	deity.n.01	0.86
100094601	deity.n.01	0.667
100095395	deity.n.01	0.942
100097084	deity.n.01	0.707
100097710	deity.n.01	0.95
100097915	deity.n.01	0.872
100097989	deity.n.01	0.816
100098524	deity.n.01	0.766
100100353	deity.n.01	0.859
100101352	deity.n.01	0.855
100102140	deity.n.01	0.726
100102932	deity.n.01	0.856
100102964	deity.n.01	0.938
100102971	deity.n.01	0.838
100104194	deity.n.01	0.753
100104257	deity.n.01	0.941
100105167	deity.n.01	0.846
100105531	deity.n.01	0.845
100105567	deity.n.01	0.623
100105671	deity.n.01	0.898
100105769	deity.n.01	0.893
100105904	deity.n.01	0.922
100105971	deity.n.01	0.735
100106069	deity.n.01	0.745
100106086	deity.n.01	0.884
100106152	deity.n.01	0.868
100106159	deity.n.01	0.784
100106211	deity.n.01	0.866
100106220	deity.n.01	0.878
100106398	deity.n.01	0.917
100106458	deity.n.01	0.572
100106475	goddess.n.01	None
100106541	deity.n.01	0.489
116883876	deity.n.01	0.837
100106663	deity.n.01	0.725
100106674	deity.n.01	0.725
100106681	deity.n.01	0.744
100106711	deity.n.01	0.884
116883946	deity.n.01	0.714
100106777	deity.n.01	0.876
100107197	deity.n.01	0.923
100107507	deity.n.01	0.934
100107759	deity.n.01	0.615
100108050	deity.n.01	0.802
100108278	deity.n.01	0.656
100108318	deity.n.01	0.744
116885906	goddess.n.01	None
100108748	deity.n.01	0.797
100109279	deity.n.01	0.943
100109363	deity.n.01	0.86
116887403	deity.n.01	0.942
100111905	deity.n.01	0.86
100112036	deity.n.01	0.764
116889459	deity.n.01	0.942
100112249	deity.n.01	0.922
100112339	deity.n.01	0.579
100112482	deity.n.01	0.762
116889999	deity.n.01	None
100112843	deity.n.01	0.846
116890067	deity.n.01	0.713
100113046	god.n.01	0.499
100113090	deity.n.01	0.933
100113136	deity.n.01	0.881
100113170	deity.n.01	0.649
100113578	deity.n.01	0.92
100113838	deity.n.01	0.939
116891105	deity.n.01	0.761
116891143	deity.n.01	0.882
116891147	deity.n.01	0.869
100114034	deity.n.01	0.927
100114184	deity.n.01	0.901
116891628	deity.n.01	0.814
100114833	god.n.01	0.8
116892124	deity.n.01	0.911
100115043	deity.n.01	0.5
100115100	deity.n.01	0.891
116892337	god.n.01	0.558
116892393	deity.n.01	0.783
100116367	deity.n.01	0.916
100116380	deity.n.01	0.891
100117348	deity.n.01	0.914
116894676	deity.n.01	0.699
116895248	deity.n.01	0.863
100118115	deity.n.01	0.754
100118352	deity.n.01	0.864
100118692	deity.n.01	0.662
108507929	deity.n.01	0.848
100119711	deity.n.01	0.892
100120021	deity.n.01	0.669
116897681	deity.n.01	0.684
100127011	deity.n.01	0.855
100127092	deity.n.01	0.637
116904330	deity.n.01	0.55
100127391	deity.n.01	0.875
100127681	deity.n.01	0.926
100127722	deity.n.01	0.891
100127986	deity.n.01	0.819
100128771	goddess.n.01	None
100129067	god.n.03	0.488
100129081	god.n.03	0.488
100130483	deity.n.01	0.611
100130537	deity.n.01	0.813
100130845	deity.n.01	0.502
100131040	deity.n.01	0.675
100131381	deity.n.01	0.884
100131453	deity.n.01	0.684
100131463	deity.n.01	0.658
100131739	deity.n.01	0.918
100132176	deity.n.01	0.783
100132218	eden.n.01	0.733
100132716	deity.n.01	0.841
100133967	deity.n.01	0.897
100133984	deity.n.01	0.952
100134058	deity.n.01	0.886
100134090	deity.n.01	0.734
100134388	deity.n.01	0.795
100134510	deity.n.01	0.784
100136050	deity.n.01	0.68
100136593	deity.n.01	0.769
100137103	deity.n.01	0.687
116914478	goddess.n.01	None
100137419	goddess.n.01	None
100139470	deity.n.01	0.896
100140222	goddess.n.01	None
108529675	deity.n.01	0.814
100141400	deity.n.01	0.863
108530169	deity.n.01	0.885
100141673	deity.n.01	0.761
108530371	deity.n.01	0.984
100141839	deity.n.01	0.732
100142538	eden.n.01	0.678
100142671	deity.n.01	0.52
100142767	deity.n.01	0.879
100143191	god.n.01	0.515
100143308	deity.n.01	0.907
100143377	god.n.01	0.543
100143450	deity.n.01	0.685
108532101	deity.n.01	0.823
100143765	deity.n.01	0.876
108532878	deity.n.01	0.896
108532902	goddess.n.01	None
100144390	deity.n.01	0.674
100144668	deity.n.01	0.739
100145032	goddess.n.01	None
108533704	deity.n.01	0.83
108533843	deity.n.01	0.912
100145752	deity.n.01	0.673
108534559	deity.n.01	0.548
108535251	deity.n.01	0.93
108535306	deity.n.01	0.891
116924891	god.n.01	0.527
100148305	deity.n.01	0.673
116925538	god.n.01	0.796
100148657	deity.n.01	0.774
100148673	deity.n.01	0.702
100148730	deity.n.01	0.809
100148765	goddess.n.01	None
100148906	god.n.01	0.76
108537843	deity.n.01	0.815
100149282	deity.n.01	0.845
100149366	eden.n.01	0.736
100149681	god.n.01	0.626
100149724	deity.n.01	0.818
100149776	deity.n.01	0.826
100150004	deity.n.01	0.742
100150139	deity.n.01	0.859
108538806	goddess.n.01	None
108538988	deity.n.01	0.903
108539000	deity.n.01	0.912
108539006	deity.n.01	0.887
108539021	deity.n.01	0.764
108539045	deity.n.01	0.822
108539075	deity.n.01	0.766
100150769	deity.n.01	0.585
108539675	deity.n.01	0.893
100151331	deity.n.01	0.645
100151836	deity.n.01	0.694
100152205	deity.n.01	0.667
100152877	deity.n.01	0.777
100152879	deity.n.01	0.777
100153036	deity.n.01	0.913
100153076	deity.n.01	0.793
100153328	deity.n.01	0.892
108542022	deity.n.01	0.827
108542033	deity.n.01	0.979
108542101	deity.n.01	0.861
100153680	deity.n.01	0.901
100153897	deity.n.01	0.938
100154052	deity.n.01	0.821
100154450	deity.n.01	0.533
100154619	deity.n.01	0.534
100154927	deity.n.01	0.854
100155488	deity.n.01	0.825
100155914	goddess.n.01	None
100156451	deity.n.01	0.664
100156881	deity.n.01	0.753
108545633	deity.n.01	0.976
108545916	deity.n.01	0.716
100157412	heaven.n.02	0.644
100157670	deity.n.01	0.928
100157705	deity.n.01	0.665
100158585	goddess.n.01	None
108547371	deity.n.01	0.67
100158807	deity.n.01	0.629
108547842	deity.n.01	0.76
108547921	deity.n.01	0.974
100159407	deity.n.01	0.747
100159430	deity.n.01	0.833
108548687	deity.n.01	0.623
108548703	god.n.01	0.593
108548742	god.n.01	0.436
100160293	deity.n.01	0.817
100160553	goddess.n.01	None
100160801	goddess.n.01	None
108549600	deity.n.01	0.852
108549670	deity.n.01	0.791
108549688	deity.n.01	0.549
100161285	deity.n.01	0.824
100161849	deity.n.01	0.836
100162242	goddess.n.01	None
100162307	deity.n.01	0.923
100162315	deity.n.01	0.923
108551054	deity.n.01	0.849
108551073	deity.n.01	0.673
108551086	deity.n.01	0.583
108551748	deity.n.01	0.705
100163845	deity.n.01	0.64
108553119	goddess.n.01	None
100165724	deity.n.01	0.801
100165732	deity.n.01	0.857
100165870	deity.n.01	0.962
100165912	deity.n.01	0.788
100165949	deity.n.01	0.953
100166035	deity.n.01	0.836
100166056	deity.n.01	0.85
100166098	deity.n.01	0.817
100166245	deity.n.01	0.673
100166642	deity.n.01	0.531
100166811	deity.n.01	0.806
100167001	deity.n.01	0.577
116944219	deity.n.01	0.924
116944272	goddess.n.01	None
100167119	goddess.n.01	None
116944478	deity.n.01	0.94
100167407	deity.n.01	0.719
100167492	deity.n.01	0.741
116944835	deity.n.01	0.92
116944990	deity.n.01	0.943
100168075	god.n.01	0.524
116945365	deity.n.01	0.854
116945814	deity.n.01	0.83
100169016	providence.n.02	0.664
116946374	deity.n.01	0.96
100169315	deity.n.01	0.853
108558537	deity.n.01	0.878
116947384	deity.n.01	0.823
100170377	deity.n.01	0.51
100170425	god.n.01	0.533
100170440	deity.n.01	0.858
108559077	deity.n.01	0.878
108559410	deity.n.01	0.69
108559486	deity.n.01	0.881
108559533	deity.n.01	0.763
116948623	goddess.n.01	None
116948720	deity.n.01	0.859
108560293	deity.n.01	0.806
100172221	deity.n.01	0.777
116949545	deity.n.01	0.883
108561100	deity.n.01	0.893
100172565	god.n.01	0.645
100172960	deity.n.01	0.836
108561593	deity.n.01	0.935
108561743	god.n.01	0.713
108561782	deity.n.01	0.968
108561808	god.n.01	0.487
108561870	deity.n.01	0.703
108561936	deity.n.01	None
108561983	god.n.01	0.633
108562336	deity.n.01	0.806
108562407	deity.n.01	0.71
116951090	deity.n.01	0.883
108562550	deity.n.01	0.69
108562697	deity.n.01	0.912
100174098	goddess.n.01	None
116951343	deity.n.01	0.962
100174133	deity.n.01	0.812
108562828	deity.n.01	0.783
100174266	deity.n.01	0.842
116951578	deity.n.01	0.568
108563131	deity.n.01	0.801
108563174	deity.n.01	0.801
100174867	goddess.n.01	None
108563675	deity.n.01	0.578
108563888	deity.n.01	0.884
100175562	deity.n.01	0.943
100175572	deity.n.01	0.703
116953225	deity.n.01	0.818
108564746	deity.n.01	0.965
108564769	deity.n.01	0.965
108564792	goddess.n.01	None
108564962	deity.n.01	0.84
108565728	deity.n.01	0.905
116954370	deity.n.01	0.938
108565906	deity.n.01	0.725
108565977	deity.n.01	0.862
108566066	deity.n.01	0.801
108566181	goddess.n.01	None
108566379	deity.n.01	None
108566446	deity.n.01	0.831
100177877	deity.n.01	0.79
108566583	deity.n.01	0.981
108566942	worship.n.01	0.995
116955561	deity.n.01	0.805
100178484	deity.n.01	0.625
108567401	goddess.n.01	None
116956184	goddess.n.01	None
100178992	deity.n.01	0.802
108567868	deity.n.01	0.878
108567997	deity.n.01	0.678
108568479	deity.n.01	0.903
100179956	deity.n.01	0.559
100179975	god.n.03	0.689
100180225	deity.n.01	0.849
100180453	deity.n.01	0.901
116957718	deity.n.01	0.541
116959577	deity.n.01	0.937
116959734	deity.n.01	0.932
116960045	deity.n.01	0.683
100182975	deity.n.01	0.885
116960302	deity.n.01	0.773
100183224	deity.n.01	0.706
100183799	deity.n.01	0.835
116961060	deity.n.01	0.929
116961330	deity.n.01	0.889
116961502	deity.n.01	0.95
108573420	deity.n.01	0.844
108573489	deity.n.01	0.774
100184932	deity.n.01	0.807
108573621	goddess.n.01	None
116962300	deity.n.01	0.703
116962534	deity.n.01	0.79
116962600	deity.n.01	0.932
116962669	deity.n.01	0.65
100185517	deity.n.01	0.889
100185747	god.n.01	0.568
116963053	deity.n.01	0.781
108574607	deity.n.01	0.875
116963268	deity.n.01	0.894
100186155	deity.n.01	0.834
100186256	deity.n.01	0.868
116963626	goddess.n.01	None
100186426	deity.n.01	0.718
100186437	deity.n.01	0.789
100186487	deity.n.01	0.847
100186627	deity.n.01	0.857
116963924	deity.n.01	0.864
116964022	deity.n.01	0.946
116964117	deity.n.01	0.873
116964156	deity.n.01	0.565
100187070	man.n.01	0.599
100187094	deity.n.01	0.872
100187102	goddess.n.01	None
116964720	oracle.n.02	0.609
100187575	deity.n.01	0.769
116964834	deity.n.01	0.823
100187870	deity.n.01	0.751
100188195	deity.n.01	0.894
100188313	deity.n.01	0.73
116965901	deity.n.01	0.8
116966810	deity.n.01	0.605
100189643	god.n.03	0.485
100189704	deity.n.01	0.84
100189872	heaven.n.02	0.512
100189910	deity.n.01	0.534
108579128	deity.n.01	0.897
116968343	deity.n.01	0.893
100191235	deity.n.01	0.735
100191363	deity.n.01	0.742
100191473	deity.n.01	0.596
108580090	deity.n.01	0.66
100191637	god.n.01	0.569
100191964	deity.n.01	0.858
116969467	deity.n.01	0.892
116969477	deity.n.01	0.877
116969511	goddess.n.01	None
116969647	deity.n.01	0.857
100193030	eden.n.01	0.687
100193092	deity.n.01	0.846
116970657	deity.n.01	0.809
108582414	deity.n.01	0.885
108582462	deity.n.01	0.933
100193907	deity.n.01	0.785
108582577	deity.n.01	0.912
100193980	deity.n.01	0.844
116971216	deity.n.01	0.891
100194311	deity.n.01	0.803
116971565	deity.n.01	0.855
116971649	deity.n.01	0.914
116971750	deity.n.01	0.953
100194564	deity.n.01	0.86
116971933	deity.n.01	0.75
116971938	deity.n.01	0.819
100194746	god.n.01	0.559
116971969	deity.n.01	0.935
100194772	deity.n.01	0.795
116972213	deity.n.01	0.963
116972583	deity.n.01	0.847
116973057	deity.n.01	0.813
116973272	deity.n.01	0.615
100197071	deity.n.01	0.683
116975161	deity.n.01	0.748
116975209	deity.n.01	0.935
108588290	deity.n.01	0.918
100200114	deity.n.01	0.706
116977432	deity.n.01	0.906
100201934	deity.n.01	0.66
100201969	deity.n.01	0.849
116979212	deity.n.01	0.919
100202008	god.n.03	0.457
108590710	deity.n.01	0.844
100202106	deity.n.01	0.554
108590787	goddess.n.01	None
100202230	deity.n.01	0.741
108590977	goddess.n.01	None
100202710	deity.n.01	0.868
100203482	deity.n.01	0.818
116980718	deity.n.01	0.812
116980731	deity.n.01	0.824
100203558	deity.n.01	0.517
116980808	deity.n.01	0.866
100203867	god.n.01	0.555
116981610	deity.n.01	0.739
100204980	deity.n.01	0.878
100205057	deity.n.01	0.895
108593843	deity.n.01	0.634
108593857	deity.n.01	0.923
100205559	heaven.n.02	0.71
108595400	deity.n.01	0.632
100206867	deity.n.01	0.72
108595476	deity.n.01	0.746
108595748	deity.n.01	0.878
108595816	deity.n.01	0.842
108596379	goddess.n.01	None
108596477	goddess.n.01	None
108596805	deity.n.01	0.881
100208675	deity.n.01	0.916
100208764	deity.n.01	0.712
100208769	deity.n.01	0.521
108598180	deity.n.01	0.775
108598206	deity.n.01	0.893
108598311	deity.n.01	0.87
108598612	deity.n.01	0.758
108598621	deity.n.01	0.788
100210047	deity.n.01	0.662
108598751	goddess.n.01	None
108598764	deity.n.01	0.964
108598788	goddess.n.01	None
108598936	deity.n.01	0.673
108599219	deity.n.01	0.92
108599278	deity.n.01	0.74
100210881	deity.n.01	0.743
100211066	deity.n.01	0.731
100211076	deity.n.01	0.588
100211100	deity.n.01	0.898
100211144	god.n.01	0.595
116988505	deity.n.01	0.71
108600029	deity.n.01	0.815
116988857	god.n.01	0.585
108600405	deity.n.01	0.799
108600548	deity.n.01	0.565
108601418	deity.n.01	0.804
100213601	deity.n.01	0.639
100213992	deity.n.01	0.605
108602804	deity.n.01	0.74
108602862	deity.n.01	0.936
108602893	deity.n.01	0.823
116991757	goddess.n.01	None
100215948	deity.n.01	0.437
100216058	deity.n.01	0.829
100216254	deity.n.01	0.897
108605390	deity.n.01	0.922
108605417	deity.n.01	0.826
108605426	deity.n.01	0.905
108605895	god.n.01	0.597
116995602	deity.n.01	0.93
100219263	goddess.n.01	None
100220550	deity.n.01	0.536
100220604	deity.n.01	0.896
108609231	deity.n.01	0.779
100220848	deity.n.01	0.901
108610176	deity.n.01	0.889
116998969	deity.n.01	None
116999218	god.n.01	0.662
116999883	deity.n.01	0.676
108611659	deity.n.01	0.671
108611768	deity.n.01	0.827
100223923	deity.n.01	0.727
117001148	deity.n.01	0.835
100223988	deity.n.01	0.879
100224639	deity.n.01	0.696
108613667	goddess.n.01	None
108613703	goddess.n.01	None
108613750	goddess.n.01	None
100225401	deity.n.01	0.851
108614895	deity.n.01	0.89
117004511	deity.n.01	0.809
117005427	deity.n.01	0.955
100228484	god.n.01	0.526
117005826	deity.n.01	0.776
100228959	deity.n.01	0.675
100228983	deity.n.01	0.627
100230372	deity.n.01	0.64
100230987	god.n.01	0.587
100231891	deity.n.01	0.832
108620552	god.n.01	0.502
108620595	deity.n.01	0.535
100232540	deity.n.01	0.698
100232733	deity.n.01	0.86
100232791	deity.n.01	0.707
108621851	deity.n.01	0.88
108621882	deity.n.01	0.881
108621900	deity.n.01	0.647
108621962	deity.n.01	0.882
100234059	deity.n.01	0.57
100234199	deity.n.01	0.796
100234252	deity.n.01	0.788
100234977	deity.n.01	0.848
100236455	deity.n.01	0.887
100236636	deity.n.01	0.883
100236885	deity.n.01	0.549
100237271	deity.n.01	0.799
108626188	deity.n.01	0.862
108626589	deity.n.01	0.851
100238268	deity.n.01	0.828
100238403	deity.n.01	0.817
108627084	deity.n.01	0.706
100238637	deity.n.01	0.915
100238644	goddess.n.01	None
100238668	deity.n.01	0.93
100238773	deity.n.01	0.864
100238782	deity.n.01	0.829
100238876	deity.n.01	0.729
100238993	deity.n.01	0.748
100239141	deity.n.01	0.787
100239249	goddess.n.01	None
108628037	deity.n.01	0.671
100239528	deity.n.01	0.669
100239722	deity.n.01	0.67
100239980	deity.n.01	0.565
100240051	deity.n.01	0.914
100240134	deity.n.01	0.869
100240398	deity.n.01	0.547
100240407	deity.n.01	0.907
100240757	god.n.01	0.523
100240873	deity.n.01	0.774
100241102	deity.n.01	0.901
117018631	deity.n.01	0.825
100241671	deity.n.01	0.903
100241845	deity.n.01	0.975
100241870	god.n.01	0.615
100241900	deity.n.01	0.93
100242292	goddess.n.01	None
100242435	deity.n.01	0.858
108631128	god.n.01	0.629
100242676	deity.n.01	0.959
100243050	deity.n.01	0.841
100243071	deity.n.01	0.845
100243080	deity.n.01	0.942
100243096	deity.n.01	0.894
100243422	deity.n.01	0.664
100243497	deity.n.01	0.883
100243562	deity.n.01	0.741
100243587	deity.n.01	0.935
100243666	deity.n.01	0.938
100243672	deity.n.01	0.821
100243730	god.n.01	0.611
100243846	deity.n.01	0.836
108632816	deity.n.01	0.669
100244272	goddess.n.01	None
100244292	deity.n.01	0.978
100244336	deity.n.01	0.895
100244355	deity.n.01	0.787
100244865	deity.n.01	0.931
100245055	deity.n.01	0.912
100245099	deity.n.01	0.882
100245108	god.n.01	0.514
100245635	god.n.01	0.563
100245689	deity.n.01	0.936
100245774	deity.n.01	0.976
100245786	deity.n.01	0.968
100245806	deity.n.01	0.973
100245856	deity.n.01	0.836
100245901	deity.n.01	0.916
100245915	deity.n.01	0.959
100245978	deity.n.01	0.907
100246060	deity.n.01	0.987
117023350	deity.n.01	0.558
100246214	goddess.n.01	None
100246333	deity.n.01	0.954
108634986	goddess.n.01	None
100246431	deity.n.01	0.943
100246575	deity.n.01	0.948
117023796	goddess.n.01	None
117023815	goddess.n.01	None
117023868	deity.n.01	0.975
117023905	deity.n.01	0.965
117024057	goddess.n.01	None
100246931	deity.n.01	0.892
100246988	deity.n.01	0.914
100247031	deity.n.01	0.79
100247339	deity.n.01	0.885
100247353	deity.n.01	0.862
108636037	goddess.n.01	None
100247640	deity.n.01	0.952
100247681	deity.n.01	0.974
100247706	deity.n.01	0.951
100247764	deity.n.01	0.642
100247790	deity.n.01	0.84
100247828	deity.n.01	0.968
100247955	deity.n.01	0.822
100247989	deity.n.01	0.978
100248475	deity.n.01	0.936
100248547	deity.n.01	0.615
100248584	deity.n.01	0.796
100248708	deity.n.01	0.936
100248766	deity.n.01	0.875
100248769	deity.n.01	0.958
100248834	goddess.n.01	None
100248898	deity.n.01	0.822
100248962	deity.n.01	0.641
100249028	deity.n.01	0.746
100249064	deity.n.01	0.735
100249102	deity.n.01	0.581
100249123	deity.n.01	0.955
100249203	deity.n.01	0.858
100249257	deity.n.01	0.84
100249325	deity.n.01	0.715
100249585	god.n.01	0.742
100249664	deity.n.01	0.885
100249696	deity.n.01	0.961
100249748	deity.n.01	0.869
100249979	deity.n.01	0.959
100250115	deity.n.01	0.935
100250139	deity.n.01	0.913
100250200	deity.n.01	0.784
100250270	god.n.03	0.498
100250386	deity.n.01	0.675
100250444	deity.n.01	0.803
100250589	deity.n.01	0.837
100250628	deity.n.01	0.667
100250814	deity.n.01	0.891
100251189	deity.n.01	0.523
108639850	goddess.n.01	None
108639895	goddess.n.01	None
108639983	deity.n.01	0.703
100251524	deity.n.01	0.857
100251715	deity.n.01	0.828
100251743	deity.n.01	0.674
100251814	deity.n.01	0.679
100251962	deity.n.01	0.898
117029351	deity.n.01	0.737
117029359	deity.n.01	0.737
100252320	deity.n.01	0.701
100252392	god.n.01	0.494
100252938	god.n.01	0.577
100252986	deity.n.01	0.92
100253269	god.n.01	0.582
100253579	deity.n.01	0.721
100253674	deity.n.01	0.778
100254228	god.n.01	0.61
117032110	deity.n.01	0.831
108643547	deity.n.01	0.74
108643876	deity.n.01	0.711
117033855	deity.n.01	0.765
117034104	deity.n.01	0.565
100257064	deity.n.01	0.726
100257075	deity.n.01	0.843
117034931	deity.n.01	0.756
117035082	deity.n.01	0.76
100257936	deity.n.01	0.823
117035203	deity.n.01	0.528
100257998	deity.n.01	0.843
100258008	deity.n.01	0.705
100258154	deity.n.01	0.696
100258223	deity.n.01	0.944
100258334	deity.n.01	0.851
100258594	deity.n.01	0.916
117035967	deity.n.01	0.738
117036265	god.n.01	0.496
117036275	deity.n.01	0.758
100259392	deity.n.01	0.878
108648105	deity.n.01	0.734
100259729	deity.n.01	0.724
100259836	goddess.n.01	None
108649038	deity.n.01	0.928
108649817	deity.n.01	0.914
108650026	god.n.01	0.528
100261588	deity.n.01	0.915
108650861	deity.n.01	0.673
108650882	deity.n.01	0.506
108651532	deity.n.01	0.77
117040699	deity.n.01	0.717
117040876	deity.n.01	0.855
117041149	deity.n.01	0.744
117041452	deity.n.01	0.768
117041478	deity.n.01	0.939
117041532	deity.n.01	None
117041641	deity.n.01	0.596
117041684	deity.n.01	0.877
117041794	deity.n.01	0.667
108654149	deity.n.01	0.827
117043359	deity.n.01	0.828
117043472	deity.n.01	0.71
108655328	deity.n.01	0.854
108655367	deity.n.01	0.526
108656344	deity.n.01	0.964
108656598	deity.n.01	0.76
108657680	deity.n.01	0.675
108660278	deity.n.01	0.72
108661228	deity.n.01	0.815
108661533	deity.n.01	0.763
108661581	deity.n.01	0.755
108662526	god.n.01	0.697
108662855	deity.n.01	0.75
117052526	deity.n.01	0.521
108664113	deity.n.01	0.83
117053257	deity.n.01	0.885
108668265	deity.n.01	0.784
117057030	deity.n.01	0.781
108668728	deity.n.01	0.541
108668744	deity.n.01	0.748
117058180	deity.n.01	0.866
117058769	deity.n.01	0.807
117058934	deity.n.01	0.533
108670572	deity.n.01	0.778
108671366	deity.n.01	0.927
108672229	deity.n.01	0.927
108672250	deity.n.01	0.846
108673508	deity.n.01	0.786
108677809	deity.n.01	0.84
108678698	deity.n.01	0.878
108679634	goddess.n.01	None
108679686	deity.n.01	0.967
108680518	goddess.n.01	None
108681128	goddess.n.01	None
108681192	deity.n.01	0.905
117069905	deity.n.01	None
108683522	deity.n.01	0.837
117072284	deity.n.01	0.698
108685455	deity.n.01	0.848
108686636	deity.n.01	0.613
108687371	deity.n.01	0.622
100298786	god.n.01	0.894
100298846	god.n.01	0.465
108687654	deity.n.01	0.614
100299068	god.n.01	0.893
117076797	deity.n.01	0.974
100300330	god.n.01	0.839
117077618	deity.n.01	0.918
100302121	god.n.01	0.909
100302223	god.n.01	0.82
108691451	goddess.n.01	None
108691726	deity.n.01	0.942
108692003	deity.n.01	0.653
108692027	deity.n.01	0.875
100303590	god.n.01	0.639
108692311	deity.n.01	0.929
108692885	deity.n.01	0.844
108694166	deity.n.01	None
108694267	deity.n.01	0.776
100306140	god.n.01	0.9
108695101	deity.n.01	0.962
117083947	deity.n.01	0.896
100306791	deity.n.01	0.725
100307338	god.n.01	0.898
108699857	deity.n.01	0.824
117088594	deity.n.01	0.924
108700054	deity.n.01	0.862
117088755	deity.n.01	0.967
100313291	oracle.n.03	0.478
108702039	deity.n.01	0.797
108702149	deity.n.01	0.963
108702389	deity.n.01	0.928
108702548	deity.n.01	0.655
117093008	deity.n.01	0.891
117095861	deity.n.01	0.933
100322413	deity.n.01	0.835
117106145	deity.n.01	0.894
100329793	goddess.n.01	None
100330086	goddess.n.01	None
100330169	deity.n.01	0.885
117108282	deity.n.01	0.768
100331603	oracle.n.02	0.618
117110086	deity.n.01	0.745
117110843	deity.n.01	0.557
100336961	goddess.n.01	None
100337431	deity.n.01	0.949
108730225	deity.n.01	0.776
100343862	deity.n.01	0.734
108733141	goddess.n.01	None
117122067	deity.n.01	0.812
100347585	deity.n.01	0.869
108736375	deity.n.01	0.663
108737599	deity.n.01	0.842
108739292	deity.n.01	0.844
117131111	deity.n.01	0.711
108746764	goddess.n.01	None
108746783	goddess.n.01	None
108749403	deity.n.01	0.782
108749976	deity.n.01	0.82
117140215	deity.n.01	0.844
117140749	deity.n.01	0.847
100363553	deity.n.01	0.795
100364949	deity.n.01	0.779
108753663	deity.n.01	0.725
100365300	deity.n.01	0.938
117143386	god.n.01	0.583
117143470	deity.n.01	0.687
117143493	deity.n.01	0.707
117145772	deity.n.01	0.648
117145900	deity.n.01	0.759
108758243	deity.n.01	0.67
100371047	oracle.n.02	0.842
108761345	deity.n.01	0.852
117150541	deity.n.01	0.689
108762145	deity.n.01	0.714
108762182	deity.n.01	0.765
108762192	deity.n.01	0.808
108762207	deity.n.01	0.666
117153998	goddess.n.01	None
117154270	deity.n.01	0.78
117154903	deity.n.01	0.901
108768064	god.n.01	0.619
108768674	goddess.n.01	None
108769715	deity.n.01	0.855
108769823	deity.n.01	0.685
108770242	goddess.n.01	None
108771787	deity.n.01	0.904
117160872	deity.n.01	0.852
117160919	deity.n.01	0.562
108772699	deity.n.01	0.877
117162378	deity.n.01	0.814
117163200	deity.n.01	0.935
117163353	deity.n.01	None
117163836	deity.n.01	0.636
117167800	deity.n.01	0.826
100390673	deity.n.01	0.957
117168662	deity.n.01	0.856
108781066	deity.n.01	0.708
108781337	goddess.n.01	None
108781375	goddess.n.01	None
108782490	deity.n.01	0.684
117172930	deity.n.01	0.719
100395854	goddess.n.01	None
117173478	deity.n.01	0.751
117173565	deity.n.01	0.891
117173867	deity.n.01	0.769
108786089	deity.n.01	0.763
108786169	deity.n.01	0.824
108786404	deity.n.01	0.637
108789657	goddess.n.01	None
117179197	deity.n.01	0.627
117180649	deity.n.01	0.634
100405210	deity.n.01	0.862
100405325	deity.n.01	0.74
100405690	oracle.n.02	0.513
108794734	goddess.n.01	None
108794769	goddess.n.01	None
117184315	deity.n.01	0.745
108796529	deity.n.01	0.716
108797593	deity.n.01	0.772
117187452	deity.n.01	0.746
117187680	god.n.01	0.652
117188769	deity.n.01	None
117189511	deity.n.01	0.82
108802588	deity.n.01	0.747
100414126	deity.n.01	0.756
108803397	deity.n.01	0.783
108803521	deity.n.01	0.704
108803553	deity.n.01	0.793
108803576	deity.n.01	0.823
108803678	deity.n.01	0.892
108804992	deity.n.01	0.797
108808493	deity.n.01	0.58
108808516	deity.n.01	0.823
117198776	deity.n.01	0.552
117198783	deity.n.01	0.536
117198820	god.n.01	0.535
108811697	deity.n.01	0.666
117204379	deity.n.01	0.605
117204560	deity.n.01	0.651
117204907	deity.n.01	0.74
117204938	deity.n.01	0.675
100427865	deity.n.01	0.846
117205910	deity.n.01	0.661
108817916	deity.n.01	0.886
108818294	goddess.n.01	None
108818329	goddess.n.01	None
117207945	deity.n.01	0.785
117208604	god.n.01	0.541
117211125	deity.n.01	0.513
117211887	deity.n.01	0.899
117213380	goddess.n.01	None
108831339	deity.n.01	0.949
117221492	deity.n.01	0.669
117222290	deity.n.01	None
108834683	deity.n.01	0.836
108834708	deity.n.01	0.508
108837348	deity.n.01	0.607
108840419	deity.n.01	0.839
100452091	deity.n.01	0.828
108841218	goddess.n.01	None
100452774	deity.n.01	0.796
108842050	deity.n.01	0.636
100454181	deity.n.01	0.855
100454228	deity.n.01	0.695
100454260	deity.n.01	0.707
108845126	deity.n.01	0.834
117233740	deity.n.01	0.958
108845712	deity.n.01	0.826
117237712	deity.n.01	0.916
108849739	deity.n.01	0.899
108850284	deity.n.01	0.715
117239294	deity.n.01	0.638
100469319	deity.n.01	0.835
108859342	deity.n.01	0.93
100477743	deity.n.01	0.935
108867140	deity.n.01	0.635
100478545	deity.n.01	0.57
100479243	deity.n.01	0.749
100479246	deity.n.01	0.661
100479879	deity.n.01	0.693
100479921	deity.n.01	0.837
100480025	deity.n.01	0.677
100480115	deity.n.01	0.823
100480999	deity.n.01	0.616
100481282	deity.n.01	0.938
100481305	deity.n.01	0.557
100481324	deity.n.01	0.662
108870139	deity.n.01	0.799
100483173	deity.n.01	0.817
100483276	deity.n.01	0.874
100484190	god.n.01	0.594
100484359	deity.n.01	0.574
100484390	deity.n.01	0.562
100484732	deity.n.01	0.537
100485769	deity.n.01	0.882
108874790	deity.n.01	0.678
108876459	deity.n.01	0.916
108876482	deity.n.01	0.852
100488260	deity.n.01	0.913
100489520	deity.n.01	0.856
100489560	deity.n.01	0.841
100489672	deity.n.01	0.822
108878335	deity.n.01	0.833
100490529	deity.n.01	0.563
100490705	deity.n.01	0.911
100490812	deity.n.01	0.681
108879671	deity.n.01	0.751
100493307	eden.n.01	0.596
100493990	deity.n.01	0.74
108882750	deity.n.01	0.822
100494174	deity.n.01	0.838
100494439	deity.n.01	0.901
108883191	deity.n.01	0.721
108883734	deity.n.01	0.692
100495217	goddess.n.01	None
108884342	deity.n.01	0.685
108884402	deity.n.01	0.662
108884415	deity.n.01	0.662
108884513	deity.n.01	0.715
100495997	deity.n.01	0.802
100496008	deity.n.01	0.836
108884676	deity.n.01	0.639
108884824	deity.n.01	0.927
100496567	deity.n.01	0.839
100497101	deity.n.01	0.837
100497449	deity.n.01	0.537
100497746	deity.n.01	0.679
108886435	deity.n.01	0.696
108886826	deity.n.01	0.922
100498428	god.n.01	0.737
100498832	deity.n.01	0.775
100499409	deity.n.01	0.787
100499582	deity.n.01	0.807
100499879	god.n.01	0.495
100499956	deity.n.01	0.652
100500385	deity.n.01	0.637
100500540	god.n.01	0.523
100500794	deity.n.01	0.838
108889485	deity.n.01	0.703
100501078	deity.n.01	0.754
100501128	deity.n.01	0.643
100501273	deity.n.01	0.637
100501344	deity.n.01	0.739
108890480	deity.n.01	0.915
100502164	deity.n.01	0.828
100502496	god.n.01	0.6
108891527	deity.n.01	0.716
100503098	deity.n.01	0.885
100503129	deity.n.01	None
100503189	deity.n.01	0.806
100503427	deity.n.01	0.927
100503722	god.n.01	0.441
100506060	god.n.01	0.743
108894788	deity.n.01	0.809
100506294	deity.n.01	0.74
108895197	deity.n.01	0.897
108895436	deity.n.01	0.75
100506830	deity.n.01	0.664
100506862	deity.n.01	0.942
100507033	deity.n.01	0.73
108895816	deity.n.01	0.937
100507781	deity.n.01	0.721
100508159	deity.n.01	0.79
100508422	deity.n.01	0.902
100508677	deity.n.01	0.7
100508814	deity.n.01	0.913
100508935	deity.n.01	0.618
100509150	eden.n.01	0.805
100509443	deity.n.01	0.646
100509548	deity.n.01	0.719
108898194	deity.n.01	0.866
108898386	deity.n.01	0.867
100510068	god.n.01	0.653
100510490	goddess.n.01	None
100511214	eden.n.01	0.711
100511228	deity.n.01	0.587
100511254	deity.n.01	0.79
108900752	goddess.n.01	None
108900801	goddess.n.01	None
108901025	goddess.n.01	None
108901105	deity.n.01	0.705
100512745	deity.n.01	0.732
100514556	god.n.01	0.725
100514612	deity.n.01	0.761
100514632	deity.n.01	0.61
100515460	god.n.01	0.5
108904156	deity.n.01	0.911
100515797	deity.n.01	0.635
100515981	deity.n.01	0.661
100516130	deity.n.01	0.814
100516277	deity.n.01	0.627
100516816	deity.n.01	0.879
100517206	deity.n.01	0.761
100517393	god.n.01	0.527
100517906	deity.n.01	0.556
100519087	goddess.n.01	None
108908363	god.n.01	0.61
100520008	goddess.n.01	None
100520058	deity.n.01	0.689
100520149	deity.n.01	0.597
108909707	deity.n.01	0.723
108909824	deity.n.01	0.832
108912737	deity.n.01	0.708
100524418	deity.n.01	0.811
100524440	deity.n.01	0.691
100525292	deity.n.01	0.785
100525313	deity.n.01	0.809
100525779	god.n.01	0.471
100526438	deity.n.01	0.941
100526553	deity.n.01	0.609
100526808	deity.n.01	None
100527044	deity.n.01	0.91
100527534	deity.n.01	0.891
108916404	deity.n.01	0.581
100527887	deity.n.01	0.773
100527982	deity.n.01	0.684
108918402	deity.n.01	0.977
108918413	goddess.n.01	None
100530676	deity.n.01	0.553
100532388	deity.n.01	0.866
100532423	deity.n.01	0.871
100532686	deity.n.01	0.793
100533474	deity.n.01	0.707
100534407	deity.n.01	0.586
100534627	god.n.01	0.506
108923458	deity.n.01	0.632
117312737	goddess.n.01	None
100536202	god.n.01	0.54
100537341	deity.n.01	0.829
100537389	deity.n.01	0.658
100537480	deity.n.01	0.704
100537513	deity.n.01	None
100537543	deity.n.01	0.754
100537782	deity.n.01	0.866
100537830	deity.n.01	0.884
100538314	deity.n.01	None
100538571	deity.n.01	0.833
117316422	deity.n.01	0.605
100539548	deity.n.01	0.698
100539585	deity.n.01	0.755
100540283	deity.n.01	0.92
100540430	god.n.01	0.628
100540457	goddess.n.01	None
100540494	deity.n.01	0.785
100541223	deity.n.01	0.816
117319020	god.n.03	0.492
117319550	goddess.n.01	None
117319581	goddess.n.01	None
100542518	deity.n.01	0.783
117320080	deity.n.01	0.634
117320103	deity.n.01	0.623
117320125	goddess.n.01	None
100544092	deity.n.01	0.874
100544299	deity.n.01	0.933
100545740	deity.n.01	0.833
117323095	deity.n.01	0.928
108935204	goddess.n.01	None
100546709	god.n.01	0.584
100547009	god.n.03	0.405
100547247	deity.n.01	0.732
117324827	deity.n.01	0.661
117325251	goddess.n.01	None
108936980	eden.n.01	0.874
117325778	deity.n.01	0.874
100548664	deity.n.01	0.829
100548978	deity.n.01	0.708
100549042	deity.n.01	0.591
117326474	god.n.01	0.886
100549309	deity.n.01	0.661
100549542	deity.n.01	0.659
100549559	deity.n.01	0.659
100549626	deity.n.01	0.882
100549627	deity.n.01	0.882
100549812	eden.n.01	0.64
100549868	deity.n.01	0.624
100549998	deity.n.01	0.755
100550088	deity.n.01	0.806
108939299	deity.n.01	0.81
117328152	goddess.n.01	None
117328189	goddess.n.01	None
117328231	goddess.n.01	None
108940366	deity.n.01	0.767
100551818	deity.n.01	0.734
100551945	goddess.n.01	None
100551995	deity.n.01	0.733
117329473	deity.n.01	0.726
100552326	deity.n.01	0.723
100552406	deity.n.01	0.904
117329751	deity.n.01	0.657
100552661	deity.n.01	0.707
100552745	deity.n.01	0.792
100553209	goddess.n.01	None
100553259	deity.n.01	0.738
100553307	deity.n.01	0.751
117330546	goddess.n.01	None
100553424	deity.n.01	0.784
100553454	deity.n.01	0.776
100553486	deity.n.01	None
100554158	deity.n.01	0.963
100554163	deity.n.01	0.963
100554241	god.n.01	0.587
100554267	deity.n.01	0.689
100554435	deity.n.01	0.741
100554451	deity.n.01	0.78
100554522	deity.n.01	0.774
100554943	deity.n.01	0.639
100555193	deity.n.01	0.909
100555312	goddess.n.01	None
100555607	deity.n.01	0.484
117333003	deity.n.01	0.828
117333043	deity.n.01	0.544
100556229	deity.n.01	0.744
100556321	goddess.n.01	None
100556369	deity.n.01	0.605
100556750	deity.n.01	0.591
100557002	deity.n.01	0.826
100557039	god.n.03	0.588
100557135	god.n.01	0.702
100557200	deity.n.01	0.691
108947171	deity.n.01	0.89
100558594	deity.n.01	0.824
100559071	deity.n.01	0.642
100559177	deity.n.01	0.568
117336820	deity.n.01	0.904
100560305	deity.n.01	0.764
108949159	deity.n.01	0.74
117338028	deity.n.01	0.892
100560853	deity.n.01	0.755
100560984	deity.n.01	0.795
100560999	deity.n.01	0.77
100561050	deity.n.01	0.786
100561356	deity.n.01	0.869
117338690	deity.n.01	None
100561580	deity.n.01	0.92
100561785	deity.n.01	0.868
100561817	deity.n.01	0.876
100561833	deity.n.01	0.908
100561842	deity.n.01	0.908
100561873	deity.n.01	0.914
100561975	deity.n.01	0.789
117339367	goddess.n.01	None
100562622	deity.n.01	0.656
100563176	deity.n.01	None
100563200	deity.n.01	0.748
117340857	deity.n.01	0.549
117341030	deity.n.01	0.648
117341052	deity.n.01	0.917
117341514	deity.n.01	0.681
117341610	deity.n.01	0.592
117341628	deity.n.01	0.87
117341807	goddess.n.01	None
117341826	goddess.n.01	None
117342071	deity.n.01	0.517
117342335	deity.n.01	0.812
100565409	deity.n.01	0.664
100565611	deity.n.01	0.913
100565664	goddess.n.01	None
117342895	deity.n.01	0.756
100565691	deity.n.01	0.932
117342989	deity.n.01	0.775
100565800	deity.n.01	0.788
100565850	god.n.01	0.678
100565894	deity.n.01	0.79
100566141	deity.n.01	None
100566493	deity.n.01	0.772
117344209	deity.n.01	0.61
117344403	deity.n.01	0.804
108956804	goddess.n.01	None
108956815	goddess.n.01	None
117346009	deity.n.01	None
100568829	deity.n.01	0.612
108957675	deity.n.01	0.941
117346783	eden.n.01	0.531
100570056	deity.n.01	0.765
117347307	goddess.n.01	None
100570667	deity.n.01	0.635
100571017	deity.n.01	None
100571067	deity.n.01	0.825
100571127	god.n.01	0.625
100571293	deity.n.01	0.774
100571576	goddess.n.01	None
108960210	deity.n.01	0.747
100571692	goddess.n.01	None
117348930	goddess.n.01	None
100571756	goddess.n.01	None
100571887	deity.n.01	0.742
117349154	deity.n.01	0.641
100571989	deity.n.01	0.912
100572460	heaven.n.02	0.625
100572651	deity.n.01	0.912
117350284	deity.n.01	0.834
117350395	deity.n.01	0.709
100573722	deity.n.01	0.752
117350989	deity.n.01	0.919
117350999	deity.n.01	0.784
100573983	deity.n.01	0.697
100574188	deity.n.01	0.914
117351409	deity.n.01	0.943
117351903	deity.n.01	0.785
100574697	deity.n.01	0.875
100574763	deity.n.01	0.6
100574862	deity.n.01	0.679
100574917	deity.n.01	0.825
100575458	goddess.n.01	None
100575485	deity.n.01	0.736
100575495	deity.n.01	0.718
100575504	deity.n.01	0.592
108964277	deity.n.01	0.625
108964282	deity.n.01	0.562
108964340	deity.n.01	0.787
117353200	deity.n.01	0.694
100576376	deity.n.01	0.85
100576776	god.n.01	0.686
100577166	deity.n.01	0.758
100578134	deity.n.01	0.581
100578151	deity.n.01	0.654
100578156	deity.n.01	0.651
100578308	deity.n.01	0.806
100578343	deity.n.01	0.514
100578345	deity.n.01	0.514
100578363	deity.n.01	0.905
100578724	god.n.01	0.537
117355941	deity.n.01	0.935
100578939	deity.n.01	0.867
100579389	deity.n.01	0.709
117356742	deity.n.01	0.61
100579544	deity.n.01	0.76
100579605	god.n.01	0.682
117357497	deity.n.01	0.795
100580446	deity.n.01	0.9
108969592	deity.n.01	0.801
100581171	deity.n.01	0.574
117358420	deity.n.01	0.969
117358442	deity.n.01	0.912
108969896	goddess.n.01	None
100581315	deity.n.01	0.907
117358833	goddess.n.01	None
108970389	deity.n.01	0.763
117359318	deity.n.01	0.546
117359485	deity.n.01	0.724
117359526	deity.n.01	0.904
117359545	deity.n.01	0.923
100582362	deity.n.01	0.801
100582397	deity.n.01	0.763
117359669	deity.n.01	0.831
100582570	god.n.01	0.556
117359816	deity.n.01	0.911
117359977	deity.n.01	0.78
117359983	deity.n.01	0.78
117360066	deity.n.01	0.707
100582958	deity.n.01	0.893
117360221	deity.n.01	0.891
117360300	deity.n.01	0.833
100583135	deity.n.01	0.896
100583168	deity.n.01	0.764
100583400	deity.n.01	0.933
117360707	deity.n.01	0.88
100583558	god.n.01	0.539
100583697	deity.n.01	0.651
117361102	deity.n.01	0.816
117361263	deity.n.01	0.938
117361404	deity.n.01	0.735
117361482	deity.n.01	0.73
117361512	deity.n.01	0.666
117361530	deity.n.01	0.483
117361550	deity.n.01	0.718
117361559	deity.n.01	0.716
117361999	deity.n.01	0.916
117362113	deity.n.01	0.928
117362167	deity.n.01	0.719
117362372	deity.n.01	0.873
117362489	deity.n.01	0.867
100585397	goddess.n.01	None
117362656	deity.n.01	0.788
117362926	deity.n.01	0.924
100585743	goddess.n.01	None
117362961	deity.n.01	0.929
117363257	deity.n.01	0.941
100586116	goddess.n.01	None
100586167	deity.n.01	0.947
100586186	goddess.n.01	None
117363520	deity.n.01	0.94
117363551	deity.n.01	0.93
117363589	deity.n.01	0.833
100586492	goddess.n.01	None
100586565	deity.n.01	0.77
117364021	deity.n.01	0.901
100586829	god.n.01	0.775
117364237	deity.n.01	0.855
117364251	deity.n.01	0.956
100587170	god.n.01	0.745
100587283	deity.n.01	0.743
100587507	goddess.n.01	None
117364875	goddess.n.01	None
100588033	god.n.01	0.694
117365503	deity.n.01	0.912
100588303	deity.n.01	0.627
117365550	deity.n.01	0.826
117365679	deity.n.01	0.686
100588518	deity.n.01	0.67
117365862	deity.n.01	0.778
117365878	deity.n.01	0.885
117365904	deity.n.01	None
100588891	deity.n.01	0.763
117366167	deity.n.01	0.867
100589011	deity.n.01	0.673
117366275	deity.n.01	0.717
100589146	goddess.n.01	None
117366448	deity.n.01	0.878
117366763	deity.n.01	0.9
117366931	deity.n.01	0.768
100589717	deity.n.01	0.864
117367019	goddess.n.01	None
117367085	deity.n.01	0.882
117367190	deity.n.01	0.888
117367208	deity.n.01	0.832
117367257	deity.n.01	None
117367279	deity.n.01	0.898
117367326	deity.n.01	0.916
100590120	deity.n.01	0.812
117367422	deity.n.01	0.89
117367425	deity.n.01	0.89
117367507	deity.n.01	0.899
117367674	deity.n.01	0.869
100590468	goddess.n.01	None
108979111	deity.n.01	0.716
108979145	goddess.n.01	None
117368134	deity.n.01	0.827
108979619	deity.n.01	0.833
117368464	deity.n.01	0.695
117368535	deity.n.01	0.829
117368753	deity.n.01	0.954
100591600	goddess.n.01	None
117368818	deity.n.01	0.745
117368867	deity.n.01	0.687
100591768	goddess.n.01	None
100591830	goddess.n.01	None
100591874	goddess.n.01	None
117369098	deity.n.01	0.757
108980524	deity.n.01	0.892
117369156	deity.n.01	0.975
117369171	deity.n.01	0.941
100592026	goddess.n.01	None
100592079	goddess.n.01	None
100592146	deity.n.01	0.797
117369388	divinity.n.02	0.768
100592201	deity.n.01	0.831
117369423	divinity.n.02	0.805
117369649	deity.n.01	0.762
117369670	deity.n.01	0.841
117369956	deity.n.01	0.754
117369959	deity.n.01	0.754
117370188	deity.n.01	0.9
117370196	deity.n.01	0.883
100593801	deity.n.01	0.638
100593832	deity.n.01	0.526
100593888	deity.n.01	0.825
117371257	deity.n.01	0.605
117371534	deity.n.01	0.724
117371564	deity.n.01	0.708
100594365	deity.n.01	0.948
117371597	deity.n.01	0.829
117371601	deity.n.01	0.516
117371676	deity.n.01	0.789
100594480	god.n.01	0.644
100594499	deity.n.01	0.531
117371841	deity.n.01	0.374
100594874	deity.n.01	0.619
100595039	deity.n.01	0.807
117372375	deity.n.01	0.525
100595177	deity.n.01	0.735
117372512	deity.n.01	0.817
108984264	goddess.n.01	None
100595753	deity.n.01	0.799
100595794	deity.n.01	0.839
108984476	goddess.n.01	None
100596541	deity.n.01	0.877
100596546	deity.n.01	0.515
100596645	deity.n.01	0.635
117375036	deity.n.01	0.838
100598043	god.n.01	0.753
100598469	deity.n.01	0.714
100598550	goddess.n.01	None
100598593	god.n.01	0.562
100598917	deity.n.01	0.812
100598943	goddess.n.01	None
117376306	deity.n.01	0.806
117376341	deity.n.01	0.759
117376358	deity.n.01	0.796
117376365	deity.n.01	0.844
117376432	goddess.n.01	None
100599288	deity.n.01	0.819
100599332	deity.n.01	0.664
100599675	deity.n.01	0.892
100599826	deity.n.01	0.679
117377279	deity.n.01	0.675
117377286	deity.n.01	0.675
117377302	deity.n.01	0.752
100600088	deity.n.01	0.764
100600111	deity.n.01	0.694
117377349	deity.n.01	0.592
117377374	deity.n.01	0.833
117377408	deity.n.01	0.867
117377442	deity.n.01	0.931
100600231	deity.n.01	0.815
117377463	deity.n.01	0.746
117377471	deity.n.01	0.746
117377490	deity.n.01	0.823
117377496	deity.n.01	0.798
100600286	deity.n.01	0.912
117377505	deity.n.01	0.742
100600700	deity.n.01	0.73
100601431	deity.n.01	0.964
100602051	deity.n.01	0.647
100602208	god.n.01	0.535
100602276	deity.n.01	0.585
108991493	deity.n.01	0.796
100603450	deity.n.01	0.963
100603579	deity.n.01	0.763
100603602	deity.n.01	0.872
100603670	deity.n.01	0.823
100603988	deity.n.01	0.59
100604289	deity.n.01	0.967
100604331	deity.n.01	0.658
117382108	deity.n.01	0.873
108994062	deity.n.01	0.637
100605647	deity.n.01	0.722
100605677	deity.n.01	0.73
100605727	deity.n.01	0.896
100605738	deity.n.01	0.502
100605784	goddess.n.01	None
100605854	deity.n.01	0.73
100605907	god.n.01	0.537
100605945	deity.n.01	0.88
100605958	deity.n.01	0.487
100606134	deity.n.01	0.803
108994753	deity.n.01	None
100606459	deity.n.01	0.843
108995427	deity.n.01	0.815
100607014	deity.n.01	0.739
100607408	deity.n.01	0.763
100607416	deity.n.01	0.763
108996587	deity.n.01	0.876
100608153	deity.n.01	0.822
100608236	deity.n.01	0.803
100608268	deity.n.01	0.637
108997070	deity.n.01	0.782
100608709	deity.n.01	0.732
100609072	deity.n.01	0.825
100609263	deity.n.01	0.879
100609478	goddess.n.01	None
100609656	god.n.01	0.596
100609785	deity.n.01	0.498
100609814	deity.n.01	0.821
100609897	deity.n.01	0.663
100610070	deity.n.01	0.654
100610091	deity.n.01	0.859
100610112	deity.n.01	0.547
100610119	deity.n.01	0.941
100610315	deity.n.01	0.933
100610378	deity.n.01	0.849
100610402	deity.n.01	0.838
100610745	deity.n.01	0.542
100611338	goddess.n.01	None
108999994	deity.n.01	0.646
100611430	goddess.n.01	None
100611901	deity.n.01	0.595
100611914	deity.n.01	0.857
100611929	deity.n.01	0.491
100612597	deity.n.01	0.508
109001346	deity.n.01	0.621
100613117	deity.n.01	0.502
100613389	god.n.01	0.608
100614152	deity.n.01	0.731
100614171	deity.n.01	0.661
100614182	deity.n.01	0.832
100614995	deity.n.01	0.89
109005137	deity.n.01	0.897
100616897	god.n.01	0.622
100617663	deity.n.01	0.99
100617923	deity.n.01	0.739
100617973	god.n.01	0.695
100618050	deity.n.01	0.64
100618135	deity.n.01	0.761
100618673	god.n.01	0.57
100618912	deity.n.01	0.619
100618977	deity.n.01	0.697
100619444	goddess.n.01	None
100620503	deity.n.01	0.973
100620650	god.n.01	0.536
100620781	goddess.n.01	None
100620928	deity.n.01	0.823
100620935	deity.n.01	0.846
100621811	deity.n.01	0.855
100621842	deity.n.01	0.595
100622187	god.n.01	0.69
100622194	god.n.01	0.634
100623044	deity.n.01	0.517
100623193	deity.n.01	0.695
100623520	god.n.01	0.628
100625540	god.n.01	0.573
100626399	deity.n.01	0.731
100626643	deity.n.01	0.514
100627994	deity.n.01	0.607
100629473	deity.n.01	0.475
100629974	deity.n.01	0.753
100630045	deity.n.01	0.787
100630292	goddess.n.01	None
100630316	goddess.n.01	None
100630371	deity.n.01	0.73
109019081	deity.n.01	0.684
100630666	deity.n.01	0.728
100630832	deity.n.01	0.847
100630872	deity.n.01	0.961
100630873	deity.n.01	0.972
100630935	deity.n.01	0.805
100631176	deity.n.01	0.925
100631434	deity.n.01	0.594
100631733	deity.n.01	0.941
100631883	deity.n.01	0.896
100632045	deity.n.01	0.816
100632047	deity.n.01	0.801
100632087	deity.n.01	0.951
100632101	deity.n.01	0.874
100632136	deity.n.01	0.868
100632401	deity.n.01	0.959
100632435	deity.n.01	0.827
100632456	deity.n.01	0.701
100632718	deity.n.01	0.938
100632773	deity.n.01	0.672
100633087	deity.n.01	0.826
100633262	deity.n.01	0.892
100633809	deity.n.01	0.755
100634376	deity.n.01	0.667
100634540	deity.n.01	0.819
100634912	deity.n.01	0.716
100634944	deity.n.01	0.64
100635302	deity.n.01	0.71
100635401	deity.n.01	0.927
100635487	deity.n.01	0.642
100635530	deity.n.01	0.77
100636044	deity.n.01	0.909
100636119	god.n.01	0.535
100636159	deity.n.01	0.586
100636222	god.n.01	0.535
100636926	deity.n.01	0.545
100636972	deity.n.01	0.722
100637079	god.n.03	0.528
100637615	deity.n.01	0.739
100637753	god.n.01	0.486
100637915	deity.n.01	0.741
109026533	god.n.03	0.46
100637997	deity.n.01	0.831
100638509	deity.n.01	0.828
100638859	deity.n.01	0.586
100639124	deity.n.01	0.611
100639281	deity.n.01	0.603
100639287	god.n.01	0.786
100639585	deity.n.01	0.876
109028365	deity.n.01	0.924
100640198	deity.n.01	0.849
100640248	god.n.01	0.589
100641386	deity.n.01	0.38
100641634	deity.n.01	0.785
100642000	eden.n.01	0.685
100642024	goddess.n.01	None
100642204	god.n.01	0.552
109031120	god.n.01	0.588
100643178	deity.n.01	0.517
100643226	goddess.n.01	None
100644294	deity.n.01	0.796
100644324	deity.n.01	0.62
100644329	god.n.01	0.552
100644366	deity.n.01	0.958
100644477	deity.n.01	0.855
100644676	goddess.n.01	None
100644742	deity.n.01	0.769
100644963	deity.n.01	0.645
100646421	deity.n.01	0.764
100646449	goddess.n.01	None
109035506	deity.n.01	0.857
100646928	deity.n.01	0.729
100646968	deity.n.01	0.923
100647041	deity.n.01	0.937
100647192	god.n.01	0.549
109035800	deity.n.01	0.851
109036330	deity.n.01	0.769
109036425	deity.n.01	0.798
100647874	god.n.01	0.737
100647932	deity.n.01	0.531
109036645	deity.n.01	0.795
100649532	goddess.n.01	None
100649613	deity.n.01	0.656
100650405	deity.n.01	0.912
109039837	deity.n.01	0.839
109039892	deity.n.01	0.852
109040397	deity.n.01	0.9
109040429	deity.n.01	0.885
100653588	deity.n.01	0.902
100653593	deity.n.01	0.902
100654167	deity.n.01	0.848
100654211	deity.n.01	0.779
109042836	goddess.n.01	None
109042858	goddess.n.01	None
109042865	goddess.n.01	None
109042881	goddess.n.01	None
109043110	deity.n.01	0.87
109043163	deity.n.01	0.805
100655009	god.n.01	0.563
100656817	deity.n.01	0.664
100657060	deity.n.01	None
109046218	deity.n.01	0.792
100657623	deity.n.01	0.873
100657630	goddess.n.01	None
100659232	deity.n.01	0.621
