109052331	deity.n.01	0.834
109052484	man.n.01	0.489
109052563	homo.n.02	0.494
100663960	man.n.01	0.895
109053050	world.n.08	None
100665736	man.n.01	0.886
109054437	man.n.01	0.875
100666346	populace.n.01	0.666
109055491	man.n.01	0.954
100669244	man.n.01	0.974
100669965	foreigner.n.01	0.946
100671556	man.n.01	0.97
109060419	man.n.01	0.846
117449758	posterity.n.02	0.616
117450147	man.n.01	0.928
117450530	man.n.01	0.776
100674647	man.n.01	0.946
109063511	multitude.n.02	0.838
100675044	man.n.01	0.93
117452656	man.n.01	0.69
117452666	man.n.01	0.506
100675508	man.n.01	0.758
117452811	man.n.03	0.476
117453106	homo.n.02	0.506
117453743	man.n.03	0.498
109065920	world.n.08	None
109066136	man.n.01	0.808
100678006	man.n.01	0.352
100678254	world.n.08	None
117456400	homo.n.02	0.504
117456500	man.n.01	0.391
117457244	man.n.01	0.928
100680053	world.n.08	None
117457443	man.n.01	0.801
109068946	man.n.01	0.96
117457974	man.n.01	0.811
100681168	homo.n.02	0.474
117459269	man.n.01	0.456
117459337	man.n.01	0.634
100682167	man.n.01	0.947
117459666	man.n.01	0.75
109071452	wife.n.01	None
117460329	man.n.01	0.611
109072025	man.n.01	0.98
100684037	victim.n.01	0.869
117461285	homo.n.02	0.609
117461380	man.n.01	0.876
117461388	man.n.01	0.854
117462303	man.n.01	0.414
117462320	homo.n.02	0.433
100685236	man.n.01	0.612
109073873	man.n.01	0.975
117462623	man.n.01	0.962
117462642	man.n.01	0.962
100685504	man.n.03	0.53
109074204	man.n.01	0.968
117462885	man.n.01	0.516
100685736	homo.n.02	None
109074601	man.n.01	0.519
100686044	person.n.01	None
100686074	man.n.01	0.935
109074758	man.n.01	0.984
109074810	man.n.01	0.984
100686272	human_nature.n.01	None
117463526	homo.n.02	0.445
100686353	homo.n.02	None
109075300	man.n.01	0.887
109075333	man.n.01	0.967
117464795	homo.n.02	0.378
100687990	man.n.03	0.391
117465374	man.n.01	0.684
100688203	man.n.01	0.465
109076862	world.n.08	None
100688944	world.n.08	None
117466172	man.n.01	0.782
117466505	man.n.01	0.716
100689497	world.n.08	None
117466754	homo.n.02	0.343
100689745	world.n.08	None
100690127	world.n.08	None
117467931	man.n.01	0.785
109079446	prince.n.01	None
109079997	populace.n.01	0.492
100691432	man.n.01	0.548
109080517	man.n.01	0.898
117469192	man.n.01	0.572
117469208	man.n.01	0.738
100692605	world.n.08	None
100693366	populace.n.01	0.493
109083123	man.n.01	0.949
117471798	man.n.01	0.956
100694640	homo.n.02	None
109083292	man.n.01	0.78
109084617	populace.n.01	0.805
100696270	man.n.01	0.879
117473942	man.n.01	0.974
109085652	man.n.01	0.981
100697145	people.n.01	0.894
100697304	homo.n.02	0.475
100697714	populace.n.01	0.608
100698175	man.n.01	0.493
117475589	man.n.01	0.981
100698438	man.n.03	0.464
117475690	man.n.01	0.742
100698938	populace.n.01	0.625
117477964	man.n.01	0.544
100701403	world.n.08	None
109090858	man.n.01	0.97
117479815	man.n.01	0.889
117479989	man.n.01	0.605
117480006	humanness.n.01	0.766
117480023	man.n.01	0.875
117480653	man.n.01	0.991
117481335	man.n.01	0.524
117482105	homo.n.02	0.415
100704935	man.n.03	0.432
100705566	man.n.01	0.488
100705942	man.n.01	0.909
100706051	man.n.01	0.737
100706113	homo.n.02	0.412
100706786	man.n.01	0.853
117484238	man.n.03	0.66
117484789	man.n.01	0.514
100707787	man.n.03	0.442
100708161	man.n.01	0.932
117485849	homo.n.02	0.371
117485985	man.n.01	0.973
117486254	man.n.01	0.702
100710231	world.n.08	None
100710504	man.n.01	0.627
100710824	person.n.01	0.998
100710892	man.n.01	0.661
117489822	man.n.01	0.618
117489846	man.n.03	0.614
117489948	man.n.03	0.412
117490850	man.n.01	0.503
100714055	man.n.01	0.61
117491386	man.n.01	0.873
117491397	man.n.01	0.873
117491426	man.n.03	0.486
100714571	man.n.01	0.728
117492283	world.n.08	None
117492330	man.n.03	0.589
117492614	man.n.03	0.515
117492634	man.n.03	0.68
117493059	man.n.01	0.924
100715948	world.n.08	None
100716185	man.n.03	0.414
100717269	man.n.03	0.485
100717647	world.n.08	None
117495149	man.n.01	0.397
117495295	man.n.03	0.452
117495296	man.n.03	0.469
117495302	man.n.01	0.447
117495310	man.n.03	0.512
117495331	man.n.01	0.476
100718851	people.n.01	0.986
117497162	man.n.01	0.65
100719947	universe.n.01	0.862
100720268	inhabitant.n.01	None
117498199	man.n.01	0.521
117498302	man.n.03	0.405
117498384	man.n.01	0.744
117498420	homo.n.02	0.497
117498547	homo.n.02	0.598
100721491	man.n.01	0.859
100721856	populace.n.01	0.607
109110531	homo.n.02	0.446
100722124	man.n.03	0.499
117499346	man.n.01	0.921
100722367	world.n.08	None
100722631	man.n.03	0.485
117499933	man.n.01	0.767
117499945	man.n.01	0.691
100723029	world.n.08	None
109111799	fool.n.01	0.653
117500438	man.n.03	0.478
100723415	world.n.08	None
100724171	man.n.03	0.56
100724368	man.n.01	0.916
117501646	man.n.01	0.383
117501712	man.n.01	0.597
117501865	man.n.01	0.952
100724879	man.n.03	0.444
100725005	world.n.08	None
117503564	man.n.01	0.933
100726743	universe.n.01	0.956
117504227	man.n.03	0.492
100727200	world.n.08	None
109115853	man.n.03	0.479
117504645	man.n.01	0.932
100727451	earth.n.01	0.708
117504802	man.n.03	0.429
117505100	man.n.01	0.448
117505518	man.n.01	0.622
117505631	man.n.03	0.687
100728694	world.n.08	None
109117320	person.n.01	0.999
109117481	man.n.01	0.983
100729008	hireling.n.01	None
100729077	man.n.01	0.478
117506337	homo.n.02	0.412
109117776	man.n.01	0.942
109117899	man.n.01	0.94
109117927	man.n.01	0.959
100729530	man.n.03	0.373
117506906	man.n.03	0.394
100730533	man.n.01	0.559
100731124	world.n.08	None
117508592	man.n.01	0.894
100731411	man.n.01	0.608
109120177	man.n.01	0.984
109120400	person.n.01	0.999
100731833	world.n.08	None
109121071	man.n.01	0.907
109121096	man.n.01	0.859
117509746	homo.n.02	0.41
117509858	man.n.01	0.465
117510192	man.n.01	0.713
109121619	man.n.01	0.987
117510282	man.n.01	0.641
117510325	man.n.01	0.606
109121849	man.n.01	0.919
117510497	man.n.01	0.663
117510508	world.n.08	None
117510808	man.n.01	0.924
117510949	man.n.01	0.969
117511421	man.n.01	0.997
117511573	man.n.01	0.775
117511593	man.n.01	0.67
117512389	man.n.01	0.45
117512455	man.n.01	0.737
100735358	man.n.01	0.587
100735400	world.n.08	None
117513158	man.n.01	0.713
117514204	man.n.01	0.495
117514316	man.n.03	0.647
100737426	man.n.01	0.969
109126319	person.n.01	0.999
117515139	man.n.01	0.961
117515179	man.n.03	0.804
117515218	man.n.01	0.555
117515237	man.n.03	0.552
117515320	man.n.01	0.98
109126737	world.n.08	None
109126845	man.n.01	0.974
100738340	man.n.01	0.953
100738458	people.n.01	0.978
117515742	man.n.01	0.993
109127554	people.n.01	0.901
109127569	man.n.01	0.874
109127729	man.n.01	0.976
109128409	man.n.01	0.992
109128475	man.n.01	0.76
117517519	homo.n.02	0.349
117517581	man.n.01	0.848
117517597	man.n.01	0.306
100740869	world.n.08	0.764
100741020	world.n.08	None
117518369	man.n.01	0.922
117518403	man.n.03	0.72
117518428	man.n.03	0.483
117518484	man.n.01	0.477
100741871	man.n.01	0.833
117519141	man.n.01	0.747
117519190	man.n.01	0.669
117519444	man.n.01	0.823
117520283	man.n.01	0.974
117520823	man.n.01	0.692
117520894	man.n.03	0.661
100744052	world.n.08	None
100744153	man.n.01	0.976
100744582	people.n.01	0.93
100744846	man.n.01	0.849
117522134	man.n.01	0.915
117522393	man.n.01	0.716
100745389	man.n.01	0.827
117522822	man.n.01	0.609
117522891	homo.n.02	0.62
117522999	man.n.01	0.982
100746782	man.n.01	0.857
117524123	homo.n.02	0.692
117524320	man.n.03	0.357
109136238	person.n.01	1.0
117525032	man.n.01	0.91
109136638	man.n.01	0.97
109137169	man.n.03	0.383
109137715	man.n.01	0.967
109137811	human_nature.n.01	None
100749268	people.n.01	0.994
100749341	man.n.01	0.893
117526622	homo.n.02	0.49
117526702	homo.n.02	0.417
100749518	man.n.01	0.873
117526854	homo.n.02	0.374
100749697	man.n.01	0.978
109138445	man.n.01	0.989
100749891	man.n.01	0.938
100750104	man.n.01	0.636
117527388	man.n.01	0.875
100750521	man.n.01	0.874
117527773	man.n.01	0.553
109139419	man.n.01	0.773
117528094	man.n.01	0.413
117528155	homo.n.02	0.405
100751561	man.n.03	0.396
109140245	man.n.03	0.464
100751872	man.n.01	0.818
117529106	man.n.01	0.833
100752083	man.n.01	0.982
109140816	world.n.08	None
109141164	man.n.01	0.561
109141174	man.n.01	0.751
109141183	homo.n.02	0.529
109141203	man.n.01	0.389
100752611	man.n.03	0.626
109141227	man.n.03	0.45
117529998	man.n.01	0.847
117530184	man.n.03	0.574
117530424	man.n.01	0.82
100753279	man.n.01	0.693
109141912	man.n.01	0.963
109141945	man.n.01	0.965
117530615	man.n.01	0.777
109142012	man.n.03	0.495
117530632	man.n.01	0.518
100753999	man.n.03	0.544
117531788	man.n.01	0.491
117531806	man.n.01	0.49
117532211	man.n.01	0.89
117532409	man.n.01	0.886
100755369	man.n.01	0.938
100755772	man.n.01	0.898
117533266	homo.n.02	0.634
117533347	man.n.01	0.664
117533405	man.n.03	0.325
117534482	homo.n.02	None
117535288	man.n.03	0.76
100758098	man.n.01	0.661
117535978	man.n.01	0.425
117535984	man.n.01	0.718
117536000	man.n.03	0.473
117536031	man.n.03	0.466
117536059	man.n.03	0.687
117536378	man.n.03	0.68
117536453	man.n.03	0.732
117536909	man.n.01	0.854
117536991	man.n.01	0.873
117537508	man.n.03	0.561
117537810	man.n.03	0.563
117537871	man.n.01	0.66
117537875	man.n.03	0.602
117538073	man.n.01	0.857
117538572	man.n.03	0.687
117539624	man.n.03	0.616
117539629	man.n.01	0.667
100762674	earth.n.01	0.754
117539923	man.n.01	0.578
117540094	man.n.01	0.696
100763285	homo.n.02	0.697
117541391	man.n.03	0.483
100764657	man.n.01	0.844
117542215	man.n.01	0.834
100765298	person.n.01	None
117542677	man.n.01	0.93
117543048	man.n.03	0.485
100766096	man.n.01	0.69
100767085	man.n.01	0.967
117545141	man.n.01	0.417
117545152	humanness.n.01	0.759
117545276	man.n.01	0.657
117545412	man.n.03	0.833
117545425	man.n.01	0.928
117546246	man.n.01	0.504
117546305	man.n.03	0.476
117546544	man.n.03	0.697
117547323	man.n.01	0.629
117547632	homo.n.02	0.546
117547636	homo.n.02	0.49
117548300	homo.n.02	0.529
117548464	man.n.01	0.779
117548503	man.n.03	0.48
117548519	man.n.01	0.437
117548549	man.n.03	0.65
117548612	man.n.01	0.404
117548725	man.n.03	0.566
117548779	homo.n.02	0.482
117549005	man.n.01	0.73
117549247	man.n.01	0.548
117549268	man.n.03	0.328
117550302	homo.n.02	0.41
117550320	man.n.01	0.506
117550448	man.n.01	0.42
117550570	man.n.03	0.445
117550627	man.n.03	0.48
100773545	world.n.08	None
117551219	man.n.01	0.782
117551614	man.n.01	0.893
117551767	man.n.01	0.918
100775344	man.n.01	0.478
117552883	man.n.03	0.538
100776261	world.n.08	None
117553501	man.n.01	0.78
117553695	man.n.03	0.505
100776561	people.n.01	0.919
100776721	man.n.01	0.433
117554118	homo.n.02	0.45
109165668	people.n.01	0.992
117554658	man.n.01	0.864
117554659	man.n.01	0.881
117554696	man.n.01	0.338
109166236	man.n.01	0.595
100777773	man.n.01	0.81
117555310	man.n.01	0.655
109167168	man.n.01	0.969
100778872	world.n.08	None
117556371	man.n.03	0.532
117556616	man.n.01	0.497
117556673	man.n.01	0.552
117556765	man.n.01	0.81
117556774	man.n.01	0.733
117556930	man.n.01	0.975
109168409	people.n.01	0.74
100780006	man.n.01	0.56
117557397	homo.n.02	0.475
100780262	people.n.01	0.96
117557546	man.n.01	0.651
117558018	man.n.01	0.988
109169547	person.n.01	0.999
100781179	homo.n.02	0.447
117559657	man.n.01	0.599
117560040	man.n.01	0.987
117560054	man.n.01	0.901
109171898	man.n.01	0.941
109172664	man.n.01	0.37
117561357	man.n.01	0.469
109172856	man.n.03	0.452
117561898	man.n.01	0.916
100785380	man.n.01	0.593
109174105	organism.n.01	0.998
117563432	man.n.01	0.67
117563657	man.n.01	0.699
117563665	man.n.01	0.495
117563677	man.n.01	0.78
117563703	man.n.01	0.627
117563711	man.n.01	0.586
109175441	people.n.01	0.971
100786904	man.n.01	0.533
100787146	man.n.01	0.949
117565056	man.n.01	0.854
117565850	man.n.03	0.646
117565897	man.n.01	0.601
117566525	man.n.03	0.558
117567103	man.n.01	0.938
117567127	man.n.01	0.808
117567283	homo.n.02	0.54
100790121	man.n.01	0.9
100790230	foreigner.n.01	0.942
117567640	man.n.03	0.524
100791032	man.n.01	0.662
117568613	man.n.03	0.436
117568807	man.n.01	0.596
109180263	man.n.01	0.587
117568889	homo.n.02	0.424
117568908	homo.n.02	0.444
117568939	homo.n.02	0.717
109180816	man.n.01	0.987
109181151	man.n.01	0.639
100792896	man.n.01	0.94
117570210	man.n.03	0.383
117570223	man.n.03	0.656
109181797	man.n.01	0.981
117570483	homo.n.02	0.418
109181884	man.n.01	0.978
109181971	man.n.01	0.976
117570596	man.n.01	0.696
109182352	man.n.01	0.984
109182479	man.n.01	0.989
117571328	homo.n.02	0.625
100794149	creature.n.03	0.508
100794192	humanness.n.01	0.625
117571448	man.n.01	0.365
109182872	man.n.01	0.903
117571646	man.n.01	0.95
117571679	man.n.03	0.372
117571736	homo.n.02	0.471
109183130	sirrah.n.01	None
117571816	man.n.01	0.932
117572282	man.n.03	0.465
117572435	man.n.03	0.657
117573024	man.n.01	0.59
117573061	man.n.01	0.587
109184695	man.n.01	0.979
117573317	man.n.01	0.982
117573434	man.n.03	0.435
109184844	person.n.01	0.999
117574142	man.n.01	0.441
117574166	person.n.01	None
117574178	man.n.03	0.495
117574218	man.n.03	0.449
117574232	man.n.03	0.499
117574404	man.n.01	0.964
109186555	people.n.01	0.907
117575454	man.n.03	0.432
117575783	man.n.01	0.669
117575813	man.n.03	0.485
109187306	chap.n.01	0.942
109187333	man.n.01	0.993
117576384	man.n.01	0.528
109187854	chap.n.01	0.823
117576800	man.n.01	0.878
117576961	man.n.03	0.631
109188419	man.n.01	0.979
117578080	man.n.03	0.33
109189684	man.n.01	0.926
117578538	homo.n.02	0.499
117578713	homo.n.02	0.455
117579056	man.n.01	0.937
100801998	homo.n.02	0.34
100802279	man.n.03	0.508
117579706	person.n.01	None
117579811	man.n.01	0.778
117579843	homo.n.02	0.551
100802994	homo.n.02	0.369
109191739	man.n.01	0.991
117580650	man.n.01	0.413
117580684	man.n.01	0.812
109192418	man.n.01	0.883
117581266	man.n.01	0.554
100804645	homo.n.02	0.378
109193870	world.n.08	None
109193878	world.n.08	None
109194008	man.n.01	0.921
100805461	man.n.01	0.467
117582839	man.n.01	0.693
117582854	homo.n.02	0.316
109194310	serviceman.n.01	0.769
109194841	man.n.01	0.679
109195025	man.n.03	0.443
117583943	homo.n.02	0.432
117584032	man.n.01	0.745
117584043	man.n.01	0.407
117584075	man.n.01	0.817
100806896	person.n.01	None
100806927	man.n.01	0.745
100808173	world.n.08	None
117585649	man.n.03	0.39
117585852	man.n.01	0.394
117586369	man.n.01	0.757
117586761	man.n.01	0.762
117587312	man.n.01	0.424
117587469	man.n.01	0.598
117587507	man.n.01	0.513
109199001	man.n.01	0.931
117587756	man.n.01	0.912
117588348	man.n.01	0.712
117588595	person.n.01	0.998
100811432	man.n.03	0.394
117588944	man.n.03	0.374
117589359	man.n.01	0.502
117589642	man.n.01	0.799
117590169	man.n.03	0.555
117590202	man.n.03	0.86
109201772	man.n.01	0.645
100813809	man.n.03	0.601
100813815	homo.n.02	0.386
117591128	man.n.03	0.355
100813930	man.n.01	0.423
100814037	man.n.01	0.894
109203498	man.n.01	0.758
109203546	man.n.01	0.692
117592273	man.n.01	0.718
109204156	people.n.01	0.95
100815667	man.n.03	0.401
117593651	man.n.03	0.479
109205074	man.n.01	0.914
117593829	man.n.01	0.533
100816852	world.n.08	0.69
109205462	man.n.01	0.881
117594182	man.n.01	0.99
117594262	man.n.03	0.359
117594325	man.n.03	0.597
117594508	homo.n.02	0.406
117594592	man.n.01	0.585
117594602	man.n.01	0.596
117594733	man.n.01	0.816
117595345	man.n.03	0.648
109207258	man.n.03	0.53
117596163	man.n.01	0.796
117597406	man.n.03	0.533
117597675	man.n.03	0.475
109210500	person.n.01	0.996
109210534	woman.n.01	0.987
117599932	man.n.03	0.438
117599947	man.n.03	0.5
117601325	man.n.01	0.579
109212837	man.n.01	0.812
117601447	man.n.01	0.354
117601530	homo.n.02	0.418
100824325	man.n.01	0.41
117601567	homo.n.02	0.441
117601576	man.n.03	0.467
117601690	man.n.03	0.42
117601702	man.n.03	0.489
109213121	man.n.01	0.997
117601787	man.n.01	0.725
117601802	man.n.03	0.522
117601824	man.n.03	0.522
117602633	man.n.01	0.971
117602727	man.n.03	0.378
117602757	man.n.03	0.58
100825661	man.n.03	0.54
109214863	man.n.01	0.937
109215606	man.n.01	0.809
117604526	man.n.03	0.43
100828116	man.n.01	0.427
117605831	man.n.01	0.761
117605871	man.n.01	0.913
100828707	man.n.03	0.39
100828817	man.n.01	0.415
117606320	homo.n.02	0.393
117606427	man.n.03	0.474
117606579	man.n.03	0.5
117606624	man.n.01	0.748
117606742	man.n.03	0.514
117607390	man.n.01	0.558
117607426	man.n.01	0.472
117607429	man.n.01	0.472
117607435	man.n.03	0.451
117607485	man.n.03	0.434
117607597	man.n.01	0.516
117607636	man.n.03	0.694
117607839	man.n.01	0.788
117608442	man.n.01	0.706
100831228	person.n.01	None
117608517	man.n.03	0.654
117608533	man.n.03	0.432
117608574	man.n.03	0.4
117608588	man.n.01	0.788
117608758	man.n.01	0.572
117608800	man.n.01	0.912
117608964	man.n.03	0.42
117609129	man.n.03	0.467
117609291	man.n.03	0.475
117609401	man.n.03	0.33
117609512	man.n.03	0.432
117609537	man.n.03	0.42
117609554	man.n.03	0.443
117609671	man.n.03	0.669
117610153	man.n.03	0.6
117610448	man.n.03	0.588
117610564	man.n.01	0.482
117610575	man.n.01	0.607
117611054	man.n.01	0.77
117611282	man.n.03	0.672
117611429	man.n.01	0.383
117611497	homo.n.02	None
117612068	man.n.03	0.354
117612098	man.n.03	0.521
117612405	man.n.01	0.781
117612414	man.n.01	0.703
117612421	man.n.01	0.493
117613318	man.n.03	0.543
117613435	man.n.03	0.662
117613569	man.n.03	0.357
117613873	man.n.01	0.316
100836842	person.n.01	None
117614110	homo.n.02	0.44
117614458	man.n.01	0.623
117614612	man.n.01	0.771
117615458	man.n.01	0.886
117616195	man.n.01	0.468
100839498	homo.n.02	None
117616828	man.n.03	0.553
117617080	homo.n.02	0.471
117617232	man.n.01	0.826
117617809	man.n.01	0.708
109229809	man.n.01	0.994
109229981	man.n.01	0.994
117619287	man.n.01	0.574
117619319	man.n.01	0.65
117619328	man.n.01	0.679
109230756	man.n.01	0.942
109230866	man.n.01	0.971
117619817	man.n.03	0.439
117619819	man.n.03	0.614
100842624	man.n.01	0.926
117620289	man.n.03	0.629
117621160	man.n.03	0.752
100844050	world.n.08	None
109234015	man.n.01	0.989
117623339	man.n.03	0.474
117623418	man.n.03	0.824
109234955	homo.n.02	None
117623749	man.n.03	0.75
117623780	man.n.03	0.375
117623885	man.n.03	0.408
109235589	man.n.01	0.476
117625117	man.n.03	0.57
117625245	man.n.03	0.611
109236669	man.n.01	0.572
109237163	freedman.n.01	None
117626164	man.n.03	0.406
109237769	world.n.08	None
117626489	man.n.01	0.923
109238824	man.n.01	0.969
117627500	homo.n.02	0.448
117628018	man.n.01	0.951
117628155	man.n.03	0.548
109240429	man.n.01	0.971
109240508	man.n.01	0.934
117629138	homo.n.02	0.467
117629185	homo.n.02	0.398
117629484	man.n.01	0.464
117629595	man.n.01	0.702
117629607	man.n.01	0.753
117629650	man.n.01	0.747
117629726	man.n.03	0.542
117629792	man.n.03	0.47
117629821	man.n.01	0.625
109241464	earth.n.04	0.727
117630102	man.n.03	0.562
109241644	man.n.01	0.526
117631160	man.n.01	0.436
100854083	man.n.01	0.891
109244002	man.n.01	0.973
109244381	homo.n.02	0.636
100856671	man.n.01	0.93
117634090	man.n.03	0.581
117634153	man.n.01	0.717
117634157	man.n.01	0.717
117634184	man.n.01	0.905
109246009	chap.n.01	0.943
109246379	man.n.01	0.988
117636601	man.n.01	0.823
100859557	world.n.08	None
100859781	man.n.03	0.573
109248449	man.n.01	0.959
117637210	homo.n.02	0.647
117637333	homo.n.02	0.763
117637343	homo.n.02	0.403
117637561	man.n.01	0.555
117637583	man.n.01	0.605
117637601	man.n.01	0.572
100860558	man.n.01	0.901
117637815	homo.n.02	0.417
117638410	man.n.01	0.856
117638423	man.n.01	0.856
117638565	man.n.01	0.561
117638712	homo.n.02	0.663
117638749	man.n.03	0.409
100862463	man.n.01	0.853
109251285	man.n.01	0.988
117640333	man.n.01	0.785
100866553	man.n.01	0.571
100866642	man.n.01	0.827
100866692	man.n.01	0.879
100866815	man.n.01	0.55
100866894	man.n.03	0.555
109255567	person.n.01	None
100867051	man.n.01	0.666
100867205	man.n.01	0.905
100867358	folk.n.01	0.577
100867646	person.n.01	None
100868203	person.n.01	None
100868529	person.n.01	None
109257223	world.n.08	None
109257353	homo.n.02	0.464
100868916	world.n.08	None
100868956	homo.n.02	0.49
100869267	man.n.01	0.448
109257944	family.n.01	0.94
100869676	man.n.01	0.454
100870212	homo.n.02	0.391
100870358	homo.n.02	0.328
100870371	man.n.01	0.783
100870883	man.n.01	0.571
100871085	man.n.03	0.385
100871098	world.n.08	0.299
100871512	man.n.03	0.505
100871750	man.n.01	0.953
100871754	man.n.01	0.682
100871797	man.n.01	0.474
100871852	man.n.03	0.556
100871975	man.n.03	0.529
100872155	man.n.03	0.439
100872431	man.n.01	0.648
100872512	man.n.01	0.827
100872736	man.n.01	0.387
100872812	man.n.01	0.737
100872847	homo.n.02	0.461
100873308	man.n.01	0.583
109261970	world.n.08	None
100873579	man.n.01	0.925
100873649	man.n.01	0.872
109262572	universe.n.01	0.551
100874318	man.n.01	0.884
100874354	man.n.03	0.5
100874677	man.n.01	0.938
109263334	man.n.03	0.45
100874751	man.n.01	0.532
100874763	person.n.01	None
100874820	homo.n.02	0.395
100874862	man.n.01	0.755
100874975	man.n.01	0.91
109263861	man.n.01	0.951
109264043	man.n.03	0.418
109264069	world.n.08	None
109264113	man.n.03	0.326
100876028	man.n.01	0.931
100876161	man.n.01	0.846
109265366	man.n.01	0.893
109265444	man.n.03	0.562
109265717	man.n.01	0.988
109266005	man.n.01	0.986
100878501	man.n.01	0.699
109267691	man.n.01	0.856
100879134	homo.n.02	0.382
100879357	man.n.01	0.478
100879664	man.n.01	0.66
100879822	man.n.03	0.599
100880263	man.n.01	0.792
109269161	man.n.01	0.865
109269242	person.n.01	0.998
100880654	man.n.01	0.53
100880766	man.n.03	0.444
109270063	man.n.01	0.363
100881480	man.n.01	0.683
100881854	man.n.01	0.989
109270947	man.n.01	0.804
109272003	man.n.01	0.811
100883489	citizen.n.01	None
100883834	universe.n.01	0.949
100884004	man.n.01	0.989
100884063	man.n.01	0.932
109273246	man.n.01	0.932
100884646	man.n.01	0.652
100884923	homo.n.02	None
100884984	homo.n.02	0.451
100885113	man.n.01	0.834
100885213	homo.n.02	0.496
100885278	man.n.01	0.984
100885434	homo.n.02	None
100885552	man.n.01	0.756
109274227	world.n.08	None
100885671	man.n.01	0.775
100885773	friend.n.01	0.9
109274441	man.n.01	0.992
109274499	person.n.01	0.999
109274791	man.n.01	0.467
109274801	man.n.03	0.715
109274815	man.n.03	0.391
100886934	man.n.01	0.946
100886941	man.n.01	0.946
109275987	companion.n.01	0.573
100887964	homo.n.02	0.47
100889032	man.n.01	0.87
109277734	man.n.01	0.776
109278199	cadaver.n.01	None
100890391	man.n.01	0.98
100890479	world.n.08	None
109279182	man.n.03	0.589
109279223	man.n.01	0.931
109279304	man.n.01	0.628
109279655	man.n.01	0.506
109279678	man.n.01	0.735
109279732	man.n.01	0.619
109279995	person.n.01	None
109280022	man.n.03	0.469
109280029	man.n.01	0.492
109280339	man.n.01	0.983
117669256	man.n.01	0.859
109280858	man.n.01	0.992
109281066	man.n.01	0.8
109281118	man.n.01	0.986
117669749	man.n.01	0.871
117669922	man.n.01	0.66
117670150	man.n.01	0.842
117670203	man.n.03	0.479
109281791	man.n.01	0.978
100893546	man.n.01	0.773
117670904	man.n.01	0.99
117670947	man.n.01	0.756
117671060	man.n.01	0.504
100893889	homo.n.02	None
100893892	homo.n.02	None
100894051	man.n.01	0.72
117671976	man.n.03	0.557
117672002	man.n.03	0.47
117672310	man.n.01	0.968
100895111	man.n.01	0.967
100895210	man.n.01	0.982
100895342	man.n.01	0.976
109285014	people.n.01	0.764
109285092	man.n.01	0.914
109285209	person.n.01	None
117673862	man.n.01	0.533
117673910	man.n.01	0.608
117673959	man.n.03	0.589
117673983	man.n.03	0.513
117673993	man.n.03	0.48
117674104	man.n.03	0.394
117674183	man.n.01	0.656
117675145	man.n.01	0.991
117675606	man.n.01	0.853
117677125	man.n.03	0.619
117677490	man.n.03	0.522
117677558	man.n.01	0.943
109289018	world.n.08	None
109289177	man.n.01	0.576
109289461	world.n.08	None
100901201	man.n.01	0.711
117678778	man.n.01	0.761
117678986	man.n.01	0.888
100901954	man.n.01	0.607
109290588	man.n.01	0.975
100902547	man.n.01	0.597
100902576	man.n.01	0.899
100902842	man.n.01	0.882
117680175	man.n.01	0.493
109291824	man.n.03	0.411
117680430	man.n.03	0.551
109291886	man.n.03	0.562
117680660	man.n.03	0.749
117680834	man.n.01	0.818
117680861	person.n.01	0.999
117681421	man.n.01	0.868
117681437	man.n.01	0.933
100904351	man.n.01	0.744
117681824	man.n.01	0.857
117682026	man.n.01	0.756
100905068	man.n.01	0.885
117682596	man.n.01	0.588
117682680	man.n.03	0.692
117682772	man.n.01	0.57
100906085	man.n.01	0.969
117683684	man.n.01	0.974
100906814	man.n.01	0.617
117684419	man.n.03	0.574
117685188	man.n.01	0.539
117686212	man.n.01	0.714
117686290	man.n.03	0.505
117687052	man.n.01	0.349
117687099	man.n.01	0.544
117687108	man.n.01	0.762
117687125	man.n.01	0.904
117687138	man.n.01	0.588
117687172	man.n.01	0.449
117687228	man.n.03	0.396
109299750	man.n.01	0.942
100911711	man.n.01	0.91
117689005	man.n.01	0.762
100911853	man.n.01	0.789
117689290	man.n.03	0.676
117689420	homo.n.02	0.585
117689489	man.n.03	0.625
117689490	homo.n.02	0.39
109301060	person.n.01	None
100912465	man.n.01	0.662
117689852	man.n.01	0.948
109301471	man.n.03	0.522
117690678	man.n.01	0.795
109302304	woman.n.01	0.936
117691074	man.n.01	0.521
100914302	man.n.01	0.483
100914332	man.n.01	0.632
109303361	man.n.01	0.935
117692014	man.n.01	0.803
109303465	man.n.01	0.985
117692180	man.n.01	0.43
117692192	man.n.01	0.736
117692279	man.n.01	0.915
117692329	man.n.01	0.93
117692381	man.n.01	0.959
117692578	man.n.01	0.931
117692939	man.n.01	0.672
100915862	man.n.01	0.991
117693148	deity.n.01	0.781
109304605	man.n.01	0.869
100916046	earth.n.01	0.9
117693456	man.n.01	0.653
117693507	man.n.01	0.858
117693512	man.n.01	0.59
117693523	homo.n.02	0.378
117694017	man.n.01	0.419
109305443	man.n.01	0.569
109305465	man.n.01	0.897
117694131	man.n.01	0.872
100917065	man.n.01	0.977
109305915	man.n.01	0.598
109307264	people.n.01	0.905
117695899	man.n.01	0.824
117695906	man.n.01	0.59
117695956	man.n.01	0.387
117695977	man.n.03	0.426
117696065	man.n.01	0.901
117696113	homo.n.02	0.456
100919122	world.n.08	None
100919274	man.n.01	0.859
117696548	man.n.01	0.835
117696580	man.n.01	0.79
100919485	people.n.01	0.92
109308247	man.n.01	0.59
109308260	man.n.01	0.988
109308354	people.n.01	0.962
117696972	man.n.01	0.83
117697005	man.n.01	0.589
109308404	man.n.01	0.929
109308785	people.n.01	0.86
109309011	world.n.08	None
109309203	man.n.03	0.515
117697852	man.n.01	0.898
109309295	man.n.03	0.434
109309354	man.n.01	0.845
117698006	homo.n.02	0.433
117698275	man.n.01	0.977
100921170	man.n.01	0.957
109309787	homo.n.02	0.442
109309870	homo.n.02	0.45
109309990	man.n.03	0.596
109310204	man.n.03	0.539
109310375	man.n.01	0.45
117698990	man.n.01	0.979
117699180	man.n.01	0.973
109310916	man.n.01	0.847
117699582	man.n.01	0.795
117699593	man.n.01	0.863
109311185	man.n.01	0.474
109311613	person.n.01	0.993
117700493	man.n.01	0.814
117700606	man.n.03	0.812
100923535	man.n.01	0.923
117700772	man.n.01	0.995
100923587	people.n.01	0.852
100923607	man.n.01	0.708
117700851	man.n.01	0.995
109312354	homo.n.02	None
109312385	man.n.01	0.991
117701072	man.n.01	0.925
117701173	man.n.01	0.945
100924009	man.n.01	0.926
117701274	man.n.01	0.912
117701298	man.n.01	0.94
117701505	man.n.01	0.842
100924928	man.n.01	0.764
109313827	man.n.01	0.828
100925247	man.n.01	0.722
100925289	man.n.01	0.724
100925302	man.n.01	0.784
117702528	man.n.01	0.947
100925320	man.n.01	0.617
117702717	man.n.01	0.959
100925943	man.n.01	0.96
109314565	man.n.01	0.822
109314645	man.n.01	0.865
100926576	people.n.01	0.694
109315343	man.n.03	0.432
117704188	man.n.01	0.881
100928215	generation.n.03	0.551
117706344	man.n.01	0.937
117706431	man.n.01	0.94
109317919	man.n.03	0.502
109317923	man.n.03	0.518
117706639	man.n.01	0.996
117706682	man.n.03	0.649
117706711	man.n.01	0.847
109318143	person.n.01	None
117707118	man.n.01	0.737
117707154	man.n.01	0.676
117707179	world.n.08	None
117707196	man.n.01	0.588
109318629	man.n.03	0.539
100930032	man.n.01	0.872
117707268	man.n.03	0.673
117707300	man.n.03	0.387
117707391	man.n.01	0.905
117707512	man.n.01	0.862
117707636	man.n.01	0.931
117707830	man.n.03	0.619
117707848	man.n.01	0.713
117707853	man.n.01	0.713
109319571	person.n.01	0.999
117708322	world.n.08	None
109319728	man.n.01	0.986
117708490	man.n.01	0.98
100931351	world.n.08	None
117708705	man.n.01	0.915
117709354	man.n.01	0.844
100932428	man.n.01	0.973
100932472	man.n.01	0.964
100932855	man.n.01	0.874
117710385	man.n.01	0.895
117710435	man.n.01	0.708
117710464	man.n.01	0.965
109322049	man.n.01	0.702
117710846	man.n.01	0.942
109322333	man.n.01	0.93
117710948	man.n.03	0.874
100934064	homo.n.02	0.381
117711459	homo.n.02	0.361
117711480	man.n.01	0.399
117711839	man.n.01	0.867
117711845	man.n.01	0.893
117712277	man.n.03	0.679
100935262	man.n.01	0.499
117712858	man.n.03	0.556
117712965	man.n.01	0.805
117713056	man.n.01	0.921
100935953	man.n.01	0.883
117713247	world.n.08	None
117713339	man.n.01	0.652
117713717	man.n.01	0.991
117714058	man.n.01	0.99
117714231	man.n.01	0.968
117714271	man.n.01	0.956
117714278	man.n.01	0.828
117715562	man.n.01	0.799
117715666	man.n.01	0.993
117715669	man.n.01	0.987
117715674	man.n.01	0.982
100938708	man.n.01	0.738
100938719	man.n.01	0.738
117716338	man.n.01	0.583
117716738	man.n.03	0.527
117717583	man.n.01	0.622
100940461	man.n.03	0.471
100940856	man.n.01	0.993
100940999	people.n.01	0.65
109329730	man.n.01	0.91
117718353	man.n.03	0.912
117718675	man.n.01	0.59
117718840	man.n.03	0.594
117718866	man.n.01	0.558
117719606	man.n.03	0.646
117719835	man.n.01	0.46
117719867	man.n.01	0.821
100942672	man.n.01	0.907
117720706	man.n.01	0.839
100944272	man.n.01	0.895
117721529	man.n.03	0.702
100944383	man.n.01	0.981
100944425	man.n.01	0.874
100944766	man.n.01	0.954
100944932	man.n.01	0.928
100945041	man.n.01	0.992
117722287	man.n.01	0.707
117722562	man.n.01	0.94
117722787	man.n.01	0.877
109334348	man.n.01	0.986
109334371	man.n.01	0.992
109334867	man.n.01	0.509
109334870	man.n.01	0.743
117723524	man.n.03	0.629
117723660	man.n.01	0.705
117723809	man.n.01	0.914
117723843	man.n.01	0.755
100946888	man.n.01	0.365
117724142	man.n.03	0.703
117724293	man.n.01	0.529
117724464	man.n.01	0.848
100947293	man.n.01	0.683
117725007	man.n.01	0.624
100947795	state.n.04	0.883
100947846	man.n.01	0.647
100948277	man.n.03	0.421
117725763	man.n.01	0.861
100948617	man.n.01	0.616
100948618	man.n.01	0.616
117725966	man.n.01	0.559
117726078	man.n.01	0.623
117726381	man.n.01	0.979
117726385	man.n.01	0.983
117726619	man.n.01	0.906
117727242	man.n.01	0.725
117727672	man.n.01	0.707
117727813	man.n.03	0.712
100951404	chap.n.01	0.696
117728895	man.n.03	0.847
100951909	man.n.01	0.913
117729264	man.n.01	0.55
117729627	man.n.03	0.406
100952468	man.n.01	0.944
100952573	man.n.01	0.896
117729958	man.n.01	0.894
117729975	world.n.08	None
117730108	man.n.03	0.64
117730111	man.n.01	0.84
117730188	man.n.01	0.478
117730390	man.n.01	0.953
117730580	world.n.08	None
109342576	man.n.01	0.889
117731228	man.n.03	0.595
109342727	homo.n.02	0.795
109342903	man.n.01	0.608
117731597	man.n.01	0.964
117731715	man.n.01	0.974
117731734	man.n.01	0.948
100954607	man.n.01	0.427
117731878	man.n.01	0.902
109343369	man.n.01	0.633
117732456	man.n.01	0.978
117732730	man.n.03	0.393
109344206	man.n.03	0.552
109344207	man.n.03	0.552
117733081	man.n.01	0.696
117733257	man.n.01	0.717
109344650	stranger.n.02	0.581
117733283	man.n.01	0.682
117734144	man.n.01	0.422
117734421	world.n.08	None
100957474	man.n.01	0.993
117734974	man.n.03	0.776
117735130	world.n.08	None
117735330	man.n.01	0.928
100958313	homo.n.02	0.455
117735545	man.n.03	0.703
100958456	homo.n.02	0.459
100958538	homo.n.02	0.728
117735802	man.n.01	0.838
100958735	homo.n.02	0.443
100959186	man.n.01	0.94
117736469	homo.n.02	0.426
117736517	man.n.01	0.538
100959376	world.n.08	None
117736900	world.n.08	None
117736951	man.n.01	0.78
109348828	person.n.01	0.999
109348968	man.n.01	0.963
117738178	man.n.01	0.574
109350128	homo.n.02	0.544
109350271	homo.n.02	0.475
117739000	homo.n.02	0.598
117739041	man.n.01	0.379
109350989	man.n.01	0.731
109350991	man.n.01	0.731
109351090	man.n.01	0.525
109351154	homo.n.02	0.571
117740116	man.n.01	0.941
109351601	homo.n.02	0.602
117740287	man.n.03	0.579
117740448	man.n.01	0.536
109351911	homo.n.02	0.531
109352167	man.n.01	0.674
109352175	world.n.08	None
109352247	homo.n.02	0.482
109352276	homo.n.02	0.371
109352330	man.n.01	0.677
117741279	man.n.01	0.636
109353482	homo.n.02	0.5
109353491	man.n.03	0.463
109353644	man.n.01	0.877
117742308	man.n.01	0.455
117742316	man.n.01	0.782
117742317	man.n.01	0.782
109353884	man.n.01	0.968
109354141	man.n.03	0.576
109354191	man.n.01	0.918
109354381	person.n.01	0.995
109354450	man.n.01	0.846
109354517	man.n.01	0.964
109355134	man.n.01	0.737
117743786	man.n.01	0.355
117743815	man.n.01	0.532
117743972	homo.n.02	0.597
117743982	man.n.03	0.417
117744039	man.n.01	0.926
117744055	man.n.01	0.887
109355635	man.n.01	0.659
117744625	man.n.01	0.755
109356104	man.n.01	0.936
109356154	man.n.01	0.961
109356348	man.n.01	0.665
100968402	man.n.03	0.315
117745640	man.n.03	0.473
117745688	man.n.01	0.399
117745701	man.n.03	0.512
100968637	man.n.01	0.97
100968786	man.n.03	0.501
100968937	man.n.01	0.983
117746258	chap.n.01	0.889
100969094	man.n.01	0.989
109357938	man.n.01	0.984
109358229	man.n.01	0.919
117746989	man.n.01	0.871
100970023	people.n.01	0.789
100970199	man.n.01	0.779
117747672	man.n.01	0.937
117747834	man.n.01	0.918
117747844	man.n.01	0.872
100971010	man.n.01	0.944
100971411	man.n.03	0.447
109360377	inquirer.n.01	None
117749179	man.n.01	0.838
117749263	man.n.01	0.876
117749419	man.n.01	0.917
117749460	man.n.01	0.747
117749618	man.n.03	0.509
109361071	man.n.01	0.691
117749710	man.n.01	0.815
109361174	man.n.01	0.974
109361477	man.n.01	0.848
117750426	man.n.03	0.471
100973410	man.n.01	0.961
100974117	man.n.01	0.867
109363108	man.n.01	0.969
100975737	man.n.01	0.406
109364733	man.n.01	0.975
109365582	man.n.01	0.988
109365818	man.n.01	0.618
100977282	man.n.01	0.872
117754557	friend.n.01	0.993
117754667	man.n.03	0.473
109366166	patient.n.01	1.0
100977588	man.n.01	0.989
117754820	man.n.01	0.47
109366234	man.n.01	0.532
100977805	man.n.01	0.89
117755390	man.n.01	0.86
109366882	man.n.01	0.678
117755507	man.n.01	0.814
117755819	man.n.03	0.378
117756114	man.n.01	0.854
100978908	people.n.01	0.955
117756133	man.n.01	0.473
100978965	homo.n.02	0.493
109367993	person.n.01	None
109368025	man.n.03	0.603
117757101	man.n.03	0.414
117757147	man.n.01	0.868
117757176	man.n.03	0.473
117757199	man.n.03	0.639
117757374	man.n.01	0.72
117757464	man.n.01	0.8
117757580	man.n.01	0.91
117757711	man.n.01	0.992
117757892	man.n.01	0.919
117757947	man.n.01	0.945
117758230	homo.n.02	0.716
117758270	man.n.01	0.891
117758278	homo.n.02	0.469
109369780	chap.n.01	0.824
100981460	man.n.01	0.876
109370370	man.n.01	0.884
109370663	man.n.01	0.794
117759277	man.n.01	0.648
100982066	man.n.01	0.681
109370686	person.n.01	0.999
117759522	man.n.01	0.877
117759660	man.n.01	0.973
100982540	serviceman.n.01	0.497
117759913	man.n.01	0.938
117759959	man.n.01	0.963
117760176	man.n.03	0.498
100983278	universe.n.01	0.906
117760546	homo.n.02	None
100983349	universe.n.01	0.827
109372043	man.n.01	0.956
109372166	man.n.01	0.966
109372601	homo.n.02	0.432
109372602	homo.n.02	0.432
109372914	person.n.01	0.999
117763057	man.n.01	0.633
117763202	man.n.03	0.532
117763898	man.n.01	0.886
117763956	man.n.01	0.866
100987478	man.n.01	0.5
100988219	man.n.01	0.898
100988382	man.n.01	0.754
100988432	man.n.01	0.92
100988549	man.n.01	0.915
100988602	man.n.01	0.884
100988615	man.n.01	0.884
100988657	people.n.01	0.888
100988676	man.n.01	0.926
100988742	man.n.01	0.592
100988811	man.n.01	0.937
100989079	man.n.01	0.922
109378097	man.n.01	0.993
100990008	man.n.01	0.902
109378969	man.n.01	0.599
109379150	man.n.01	0.428
109379457	man.n.03	0.574
100991797	man.n.01	0.449
100991822	man.n.01	0.566
109382082	man.n.01	0.883
109382159	homo.n.02	0.401
109382477	man.n.01	0.844
109382520	man.n.03	0.697
109382722	people.n.01	0.963
109383078	people.n.01	0.947
109383906	man.n.01	0.955
109384012	man.n.01	0.953
100998372	homo.n.02	0.344
109387738	populace.n.01	0.525
109387786	man.n.01	0.423
101000576	man.n.01	0.857
109389314	man.n.01	0.721
109389916	man.n.03	0.398
109390275	man.n.03	0.416
109390290	man.n.03	0.544
109390295	man.n.03	0.56
109391332	man.n.01	0.415
109391363	man.n.03	0.447
101003024	man.n.01	0.455
101003033	man.n.01	0.465
109392104	man.n.01	0.543
109392543	people.n.01	0.982
109393638	man.n.01	0.925
109394516	man.n.01	0.981
109396491	man.n.01	0.919
109398460	man.n.01	0.898
109398788	man.n.03	0.478
109399058	coward.n.01	0.976
109399699	man.n.01	0.821
101011274	people.n.01	0.966
109400419	man.n.03	0.438
109400465	man.n.01	0.574
109400630	man.n.01	0.578
109400770	man.n.01	0.895
109400780	man.n.01	0.801
101012865	serviceman.n.01	0.82
109401957	man.n.01	0.978
109402081	man.n.01	0.936
109402662	man.n.01	0.976
109402727	man.n.01	0.46
101014877	people.n.01	0.484
109405229	servant.n.01	0.998
109405552	chap.n.01	0.981
101017210	man.n.01	0.906
101020281	town.n.02	None
101023574	man.n.01	0.811
109412198	man.n.01	0.807
101026034	man.n.03	0.411
101027262	man.n.03	0.645
101028959	man.n.01	0.948
101029348	man.n.01	0.959
101029413	man.n.03	0.513
101029540	man.n.01	0.338
101029919	man.n.01	0.563
101030579	man.n.01	0.971
101031936	man.n.01	0.929
101032672	man.n.01	0.885
101032785	homo.n.02	None
101032840	homo.n.02	None
101033164	man.n.01	0.4
101034197	earth.n.01	0.417
101034640	man.n.01	0.743
101035493	man.n.01	0.986
101036471	nomad.n.01	None
101036557	man.n.01	0.88
101038031	man.n.01	0.593
101038730	man.n.01	0.509
101039394	man.n.01	0.448
101040801	man.n.01	0.923
101042141	man.n.01	0.732
101044713	man.n.01	0.774
101045955	man.n.01	0.949
101052326	man.n.01	0.433
101055582	man.n.03	0.65
101058406	man.n.01	0.683
101061091	people.n.01	0.787
101061297	man.n.01	0.92
101061687	man.n.01	0.736
101062594	man.n.01	0.719
101062792	man.n.01	0.894
101069601	people.n.01	0.975
101070656	man.n.01	0.959
101070752	man.n.01	0.974
101072359	man.n.01	0.872
101075452	serviceman.n.01	0.685
101075920	man.n.01	0.492
101079555	man.n.01	0.706
101079579	man.n.01	0.641
101080207	serviceman.n.01	0.711
101080257	horseman.n.01	0.98
101080790	people.n.01	0.777
101082183	earth.n.01	0.747
101083122	serviceman.n.01	0.839
101086801	man.n.01	0.938
101090512	man.n.01	0.682
101095318	man.n.01	0.62
101097906	man.n.01	0.986
101100892	man.n.01	0.598
101106691	man.n.01	0.97
101108952	woman.n.01	0.949
101109008	woman.n.01	0.947
101109970	woman.n.01	0.942
101110091	woman.n.01	0.925
109503272	man.n.01	0.883
109504404	people.n.01	0.957
101116030	man.n.01	0.931
109505510	man.n.01	0.963
109507540	chap.n.01	0.93
101127996	foreigner.n.01	0.968
101129219	man.n.01	0.626
101132979	man.n.01	0.99
101134873	chap.n.01	0.511
101135015	man.n.01	0.956
101136888	friend.n.01	0.982
101136896	friend.n.01	0.982
101138352	man.n.01	0.933
109534891	man.n.01	0.846
101149246	man.n.01	0.903
101151774	person.n.01	None
101152077	man.n.03	0.517
101152487	man.n.01	0.771
101154961	man.n.01	0.468
101158786	man.n.06	0.679
101160315	man.n.01	0.633
101161363	friend.n.01	0.932
101164005	man.n.01	0.964
117943796	man.n.01	0.524
101168389	man.n.01	0.878
117946100	man.n.01	0.925
117946113	man.n.01	0.823
101172726	man.n.01	0.855
117950785	man.n.01	0.966
117951573	man.n.01	0.724
117953115	man.n.01	0.667
117953382	homo.n.02	0.353
117954742	homo.n.02	0.458
117955001	man.n.03	0.471
117955181	homo.n.02	0.692
117955190	man.n.01	0.957
101178552	world.n.08	None
117955781	man.n.01	0.423
117957150	homo.n.02	0.641
117957583	human_nature.n.01	None
117957809	man.n.01	0.596
117958213	companion.n.01	0.605
101182236	man.n.01	0.851
101182322	man.n.01	0.955
101182512	man.n.01	0.549
101182646	man.n.01	0.939
101183075	man.n.01	0.887
101183207	world.n.08	None
101183246	man.n.01	0.758
101184153	man.n.01	0.994
101185412	homo.n.02	0.51
117963125	man.n.01	0.799
101186131	world.n.08	None
101186233	world.n.08	None
101186613	man.n.01	0.48
117964518	person.n.01	None
117966499	man.n.01	0.979
101191068	world.n.08	None
101191113	man.n.01	0.652
117968580	man.n.01	0.886
101191384	man.n.01	0.479
101191406	man.n.01	0.935
101191631	man.n.01	0.977
101192509	man.n.01	0.583
101192734	man.n.01	0.902
101192960	man.n.01	0.896
101193167	man.n.01	0.594
101193682	man.n.01	0.833
117972960	man.n.01	0.939
117973943	man.n.01	0.97
117976208	man.n.01	0.994
117976712	man.n.01	0.985
117977202	slave.n.01	0.942
109590416	man.n.01	0.947
109590452	humanness.n.01	0.754
101201896	woman.n.01	0.784
109590523	man.n.01	0.768
109590789	man.n.01	0.837
101202200	man.n.01	0.815
109590961	man.n.01	0.662
109591206	man.n.01	0.801
109591312	man.n.01	0.895
109591349	man.n.01	0.733
109591501	man.n.01	0.409
109591502	man.n.03	0.403
109591513	homo.n.02	0.45
109592288	person.n.01	None
109592320	man.n.01	0.918
101204513	chap.n.01	0.954
109593240	man.n.01	0.364
109593334	man.n.01	0.924
109593500	man.n.03	0.405
117982361	man.n.01	0.755
109593892	homo.n.02	0.656
109593955	man.n.01	0.975
109594070	homo.n.02	0.51
109594224	homo.n.02	0.739
109594225	homo.n.02	0.739
117983820	man.n.01	0.433
117983879	man.n.03	0.732
117983914	man.n.01	0.783
117983920	man.n.01	0.914
117983999	man.n.01	0.726
117984150	man.n.03	0.719
117984163	man.n.01	0.475
117984229	man.n.03	0.48
117984244	man.n.03	0.528
117984473	man.n.03	0.511
117984517	man.n.01	0.732
117985478	man.n.01	0.796
117985596	homo.n.02	0.435
117985600	man.n.03	0.501
117985737	man.n.01	0.767
117985874	world.n.08	None
117986243	man.n.03	0.428
117986431	man.n.03	0.555
101209481	man.n.03	0.486
117986915	man.n.01	0.729
117987098	man.n.01	0.869
117987171	man.n.01	0.718
117987380	homo.n.02	None
101210280	man.n.01	0.981
117987531	world.n.08	None
117987727	man.n.01	0.514
117987875	man.n.01	0.693
117988652	man.n.01	0.827
117988951	man.n.01	0.675
117990076	man.n.01	0.523
117990085	man.n.01	0.582
117990092	man.n.03	0.54
117990147	man.n.03	0.631
117990320	homo.n.02	None
117990937	man.n.01	0.872
117992109	man.n.01	0.946
117992112	man.n.01	0.944
117992115	man.n.01	0.667
117992124	man.n.01	0.524
117992131	man.n.03	0.487
117992139	man.n.03	0.508
117992152	man.n.03	0.65
117992172	man.n.03	0.631
117992475	man.n.03	0.491
117992502	man.n.03	0.528
117992981	man.n.01	0.806
117993398	man.n.03	0.372
117993456	man.n.03	0.443
117993605	man.n.01	0.979
101216738	man.n.01	0.702
117994756	man.n.03	0.426
117994763	homo.n.02	0.402
117994940	homo.n.02	None
117995116	man.n.01	0.48
117995255	man.n.03	0.384
117995583	man.n.01	0.925
117995585	man.n.01	0.84
117995597	man.n.01	0.831
117995669	man.n.03	0.725
117995852	man.n.01	0.963
117995958	man.n.03	0.565
117996004	man.n.03	0.524
117996328	man.n.01	0.868
117996364	man.n.01	0.694
117996368	man.n.01	0.826
117996431	man.n.01	0.826
117996520	homo.n.02	0.406
117997517	man.n.01	0.5
117997903	man.n.01	0.497
101220701	citizen.n.01	None
117997923	man.n.03	0.568
117997953	man.n.03	0.689
101221462	chap.n.01	0.982
117998860	homo.n.02	0.462
117999054	man.n.03	0.444
117999187	man.n.03	0.609
117999659	man.n.03	0.379
117999740	man.n.03	0.465
117999950	man.n.03	0.592
117999960	man.n.03	0.765
118000321	man.n.03	0.569
118000353	homo.n.02	0.552
118000509	man.n.01	0.943
118000515	man.n.01	0.579
118000669	homo.n.02	0.464
118001343	world.n.08	None
118001503	man.n.01	0.604
118001507	man.n.01	0.764
118001511	man.n.01	0.655
118001715	man.n.01	0.916
118001942	man.n.03	0.457
118002424	man.n.01	0.624
118002430	man.n.01	0.72
118002787	homo.n.02	0.589
118002917	man.n.01	0.9
118003211	man.n.01	0.979
118003220	man.n.01	0.955
118003988	world.n.08	None
118004050	man.n.01	0.566
118004053	man.n.01	0.615
118004126	man.n.01	0.86
118004232	man.n.01	0.733
118004653	man.n.01	0.775
118004654	man.n.01	0.775
118004660	homo.n.02	0.696
101228472	man.n.01	0.744
118006144	man.n.01	0.766
118006492	homo.n.02	0.444
118006690	man.n.01	0.747
118006746	man.n.03	0.487
118006921	man.n.01	0.431
118007843	man.n.01	0.946
118007845	man.n.01	0.946
118008028	man.n.01	0.608
101231136	man.n.01	0.983
118008356	man.n.01	0.77
118008357	man.n.06	0.464
118009456	man.n.01	0.819
101232370	man.n.01	0.956
118009986	man.n.03	0.751
118010432	homo.n.02	0.382
118010660	man.n.01	0.964
118010662	man.n.01	0.852
101233600	man.n.01	0.963
118011100	man.n.01	0.726
118011133	homo.n.02	None
118011172	man.n.01	0.95
101234006	man.n.01	0.954
101234604	world.n.08	None
118011911	man.n.01	0.69
101234853	chap.n.01	0.959
101235096	world.n.08	None
118012970	man.n.01	0.816
101235838	chap.n.01	0.681
118013319	man.n.01	0.814
118013619	man.n.03	0.695
118013658	man.n.01	0.856
118014422	man.n.01	0.453
101237275	deity.n.01	0.738
101237574	man.n.03	0.285
101237605	world.n.08	None
101237870	man.n.01	0.886
101237986	world.n.08	None
101237996	man.n.01	0.995
101238396	world.n.08	None
101240211	world.n.08	None
101240787	man.n.01	0.843
101244091	man.n.01	0.98
101246704	man.n.01	0.981
101246739	man.n.01	0.913
101254126	chap.n.01	0.898
101254340	man.n.03	0.504
101254522	man.n.01	0.507
101255515	world.n.08	None
101255711	man.n.01	0.988
101255832	world.n.08	0.503
101255979	man.n.01	0.877
101256074	man.n.01	0.903
101256561	man.n.01	0.797
101257280	man.n.01	0.842
109647150	man.n.01	0.873
109647395	man.n.01	0.812
101259959	man.n.01	0.651
101260076	serviceman.n.01	0.866
109652305	man.n.01	0.587
109652378	man.n.03	0.748
109652759	man.n.01	0.822
109653065	man.n.01	0.505
109653380	man.n.01	0.983
101264880	woman.n.01	0.99
101265427	man.n.03	0.535
101265577	homo.n.02	None
109654296	person.n.01	None
109654366	man.n.01	0.911
109654888	world.n.02	0.408
101266444	man.n.01	0.885
101266488	man.n.01	0.981
109655444	man.n.01	0.788
109656054	friend.n.01	0.99
109656310	world.n.08	None
109656718	man.n.01	0.555
101268218	homo.n.02	None
109657942	person.n.01	0.999
101271278	man.n.03	0.725
101274392	world.n.08	None
101275442	man.n.01	0.908
101275617	man.n.01	0.978
101276260	slave.n.01	0.995
101276402	man.n.01	0.991
101276661	homo.n.02	None
101277151	slave.n.01	0.989
101277910	man.n.03	0.692
101279434	man.n.01	0.969
101280827	world.n.08	None
101281018	man.n.03	0.403
101281993	man.n.01	0.964
101282795	man.n.03	0.662
101289726	serviceman.n.01	0.826
101290384	people.n.01	0.937
101291143	serviceman.n.01	0.918
101291706	people.n.01	0.916
101292532	man.n.01	0.883
101292921	man.n.01	0.864
101293189	soldier.n.01	0.999
101293231	man.n.01	0.99
101293251	man.n.01	0.977
109682157	man.n.01	0.523
101294321	serviceman.n.01	0.939
109683933	man.n.01	0.79
109685174	homo.n.02	0.531
109685234	man.n.01	0.836
109685312	man.n.01	0.489
109685362	man.n.03	0.384
101297171	man.n.01	0.67
109686001	man.n.01	0.7
101298766	man.n.03	0.484
101298897	man.n.03	0.427
109688474	man.n.01	0.784
101300427	man.n.03	0.599
101300481	man.n.03	0.455
109689114	man.n.01	0.519
109691410	world.n.08	None
109692082	man.n.01	0.43
101306590	homo.n.02	0.367
101307206	man.n.01	0.969
109695881	man.n.01	0.889
109696366	man.n.01	0.829
109696478	man.n.03	0.544
109697124	man.n.01	0.982
109697467	man.n.01	0.954
109697876	man.n.01	0.368
109697905	man.n.01	0.967
109699806	man.n.01	0.764
109699942	man.n.01	0.982
109700122	man.n.01	0.989
101312573	man.n.01	0.697
101313214	man.n.01	0.97
101316720	man.n.01	0.93
101317582	man.n.01	0.91
109713544	homo.n.02	0.537
101325732	man.n.01	0.383
101326105	people.n.01	0.961
109715415	homo.n.02	0.667
109715635	man.n.01	0.972
101327711	man.n.01	0.691
101327783	man.n.01	0.447
101328461	man.n.01	0.381
118106083	homo.n.02	0.796
118106111	homo.n.02	0.458
109718736	man.n.01	0.753
118107523	man.n.01	0.95
101330688	serviceman.n.01	0.686
101330705	man.n.01	0.922
101331276	person.n.01	0.88
118108597	man.n.01	0.989
101332101	people.n.01	0.536
118110096	homo.n.02	None
118111731	man.n.03	0.632
118111820	animal.n.01	None
109724114	person.n.01	0.997
109724259	man.n.01	0.826
109724289	man.n.01	0.984
109724592	man.n.01	0.99
101337516	person.n.01	None
101338135	populace.n.01	0.479
109727051	man.n.01	0.887
109727059	man.n.01	0.755
109727238	man.n.01	0.537
109727258	man.n.03	0.575
101338977	serviceman.n.01	0.769
101339847	serviceman.n.01	0.904
109729121	man.n.01	0.988
101340813	homo.n.02	0.449
101341137	universe.n.01	0.729
101341149	man.n.01	0.821
109732785	man.n.01	0.825
109734785	man.n.01	0.882
101349048	people.n.01	0.937
109738277	man.n.01	0.99
101354457	world.n.08	None
101354672	world.n.08	None
109744634	man.n.01	0.793
101359228	people.n.01	0.847
109748353	homo.n.02	0.391
101360153	man.n.01	0.446
101360668	man.n.03	0.46
101360768	man.n.03	0.696
101360844	person.n.01	None
101361026	man.n.03	0.452
101361094	man.n.01	0.736
101361323	statesman.n.01	None
101361462	world.n.08	None
101361509	man.n.03	0.542
101361587	man.n.01	0.928
109751036	man.n.01	0.913
101362794	man.n.01	0.969
101362829	man.n.01	0.985
101363524	man.n.01	0.909
101364622	man.n.01	0.876
109753415	man.n.01	0.988
101364862	man.n.01	0.73
101365294	man.n.01	0.806
101365330	man.n.01	0.907
101365380	man.n.01	0.904
109754088	man.n.01	0.955
101365647	homo.n.02	0.444
101365774	man.n.01	0.617
109754418	man.n.01	0.855
109754487	man.n.01	0.951
101366042	person.n.01	0.999
101366489	man.n.01	0.491
109755194	man.n.01	0.941
101366707	homo.n.02	0.542
101367168	man.n.03	0.751
101367188	homo.n.02	0.645
101367230	homo.n.02	0.544
101367257	homo.n.02	0.656
101367348	homo.n.02	0.52
101367405	man.n.01	0.356
101367425	man.n.01	0.616
101367521	populace.n.01	0.562
101367537	man.n.03	0.75
101367554	man.n.03	0.549
101367686	man.n.01	0.788
101367717	man.n.03	0.728
101367758	man.n.01	0.895
101369887	man.n.01	0.68
101370444	world.n.02	0.41
101370728	man.n.01	0.965
101371715	man.n.03	0.505
109760514	man.n.01	0.966
101372050	man.n.01	0.847
101372171	man.n.03	0.583
101372197	man.n.01	0.452
101372437	man.n.01	0.98
109761098	man.n.01	0.934
101372638	man.n.03	0.442
101372687	man.n.01	0.966
101373485	man.n.01	0.891
101373742	man.n.01	0.767
101376041	folk.n.01	0.867
101376321	chap.n.01	0.881
101376497	homo.n.02	0.467
101377064	man.n.01	0.923
109765677	people.n.01	0.771
101377139	man.n.01	0.899
109765795	man.n.01	0.92
109766319	man.n.03	0.563
101377799	man.n.01	0.455
101378352	slave.n.01	0.987
101378428	man.n.01	0.763
101378519	man.n.01	0.584
101379768	man.n.01	0.977
109770051	world.n.08	0.372
101381560	organism.n.01	0.983
109770449	serviceman.n.01	0.536
101382657	man.n.01	0.916
101382665	man.n.01	0.937
101383305	man.n.01	0.912
101383380	man.n.01	0.942
101383639	populace.n.01	0.645
109773584	man.n.01	0.816
101385774	man.n.01	0.963
101386364	man.n.01	0.861
101386386	man.n.01	0.954
101386402	man.n.01	0.958
109775277	man.n.01	0.862
101386851	homo.n.02	None
101387968	homo.n.02	None
109776995	man.n.01	0.893
109777122	man.n.01	0.736
101389537	man.n.01	0.936
109778912	man.n.03	0.481
101390328	man.n.01	0.719
109779272	man.n.01	0.932
101391100	man.n.01	0.884
109779853	chap.n.01	0.914
101391601	man.n.01	0.822
101391632	man.n.01	0.833
101391852	man.n.01	0.455
101392116	man.n.01	0.871
101392644	man.n.01	0.52
101392860	world.n.08	None
109781694	man.n.01	0.966
101393110	man.n.01	0.724
101394152	man.n.01	0.471
101394213	man.n.01	0.611
101394246	man.n.01	0.713
109783063	man.n.01	0.593
101394900	world.n.08	None
101395414	man.n.03	0.536
101395708	man.n.03	0.432
101395719	homo.n.02	0.562
101395827	world.n.08	None
101395897	man.n.03	0.445
101395927	man.n.03	0.493
101395983	world.n.08	None
101396044	homo.n.02	0.755
101396070	homo.n.02	0.511
101396151	man.n.03	0.462
101396343	man.n.03	0.456
101396423	man.n.03	0.624
109786356	man.n.01	0.993
101398193	man.n.01	0.813
101398238	man.n.03	0.338
101398245	man.n.03	0.547
118175468	girl.n.01	0.835
101398330	man.n.01	0.426
101398336	man.n.03	0.775
101398387	man.n.01	0.853
118175690	girl.n.01	0.778
101398654	man.n.03	0.608
118175901	girl.n.01	0.794
101398997	man.n.01	0.469
118176268	girl.n.01	0.696
101399122	man.n.01	0.866
118176425	girl.n.01	0.845
101399213	man.n.01	0.927
118176610	woman.n.01	0.987
101399446	man.n.01	0.767
101399912	man.n.01	0.508
101400043	man.n.03	0.348
101400084	man.n.03	0.429
101400194	man.n.01	0.724
101400218	man.n.03	0.474
101400718	man.n.03	0.364
101401363	man.n.03	0.52
101401423	man.n.01	0.634
101401633	man.n.03	0.424
101401822	man.n.01	0.93
101402052	man.n.01	0.838
109790714	man.n.01	0.911
101402304	man.n.01	0.897
101402328	man.n.01	0.863
109791175	man.n.01	0.971
101402920	man.n.01	0.966
118180380	homo.n.02	None
118180864	person.n.01	0.999
101403716	man.n.01	0.795
101403825	man.n.01	0.932
101404140	man.n.01	0.473
101404578	man.n.01	0.979
109793591	man.n.01	0.993
109793643	man.n.01	0.978
109794707	people.n.01	0.948
109794826	man.n.01	0.979
101407299	homo.n.02	0.461
101407655	man.n.01	0.643
101407780	serviceman.n.01	0.828
101407788	serviceman.n.01	0.498
101407946	man.n.01	0.611
101408257	man.n.01	0.898
101408410	man.n.01	0.846
109797506	man.n.01	0.875
101409778	homo.n.02	None
109798445	man.n.01	0.933
109798534	man.n.01	0.882
101411131	homo.n.02	None
101411382	serviceman.n.01	0.9
101411658	serviceman.n.01	0.836
109800521	man.n.01	0.829
109800926	man.n.01	0.479
109801226	man.n.01	0.934
101414295	man.n.03	0.538
101414670	man.n.01	0.885
109803731	man.n.01	0.719
101415718	man.n.01	0.653
109804681	man.n.01	0.472
109804863	man.n.01	0.988
109804931	man.n.01	0.992
101416497	man.n.01	0.588
101416536	man.n.01	0.825
101416645	man.n.01	0.737
101416684	man.n.01	0.834
101416765	man.n.01	0.853
101417521	man.n.03	0.533
101417553	man.n.01	0.497
101418128	owner.n.01	None
101418566	man.n.01	0.964
109807273	homo.n.02	0.65
101418688	man.n.01	0.662
101418721	man.n.01	0.787
101420137	man.n.01	0.991
101421933	man.n.01	0.837
101422026	homo.n.02	0.587
101422138	man.n.01	0.932
101422162	traveler.n.01	None
101422710	people.n.01	0.95
101422910	serviceman.n.01	0.753
101423346	man.n.01	0.925
101424175	universe.n.01	0.521
101424320	man.n.01	0.985
101424925	world.n.08	None
101425697	man.n.01	0.911
101426670	universe.n.01	0.817
101426708	man.n.01	0.912
101426815	man.n.01	0.63
101426845	man.n.01	0.885
101427480	universe.n.01	0.914
101427639	man.n.01	0.752
101427722	man.n.01	0.581
101428701	people.n.01	0.97
109817673	man.n.01	0.529
101429273	people.n.01	0.92
101430127	man.n.01	0.871
101432270	person.n.01	None
101433468	world.n.08	None
109823277	world.n.08	None
101434907	man.n.01	0.729
101435180	man.n.03	0.634
101435329	man.n.01	0.903
109824125	man.n.01	0.737
101435530	man.n.01	0.755
101435595	man.n.03	0.722
101435604	world.n.08	None
101435852	man.n.03	0.524
101435959	man.n.01	0.982
101436068	man.n.03	0.581
101436128	man.n.03	0.593
109825217	man.n.01	0.946
109825767	man.n.01	0.743
109827946	man.n.01	0.778
101439991	person.n.01	0.999
109829965	man.n.01	0.992
101442097	inhabitant.n.01	None
101442859	man.n.03	0.514
109831871	man.n.01	0.733
101443381	savage.n.01	0.96
101443475	people.n.01	0.535
101443598	man.n.01	0.593
101444104	man.n.01	0.723
101445950	people.n.01	0.935
109835158	man.n.01	0.948
109835266	man.n.01	0.985
101446813	property.n.01	0.989
109835760	man.n.01	0.619
109835877	man.n.01	0.985
109835965	homo.n.02	0.567
109836284	man.n.01	0.815
109836318	man.n.01	0.568
109836352	man.n.01	0.923
101448122	man.n.01	0.772
101450633	man.n.03	0.512
101451648	man.n.01	0.987
109840326	man.n.01	0.98
101451866	man.n.01	0.896
109840850	man.n.01	0.419
109840941	man.n.01	0.978
101452368	man.n.01	0.964
101453094	man.n.03	0.548
101453122	man.n.01	0.432
109842292	friend.n.01	0.984
101453801	man.n.01	0.971
101453818	man.n.03	0.632
109842562	man.n.01	0.994
109843813	man.n.01	0.962
101456063	world.n.08	None
101456457	chap.n.01	0.944
101456590	chap.n.01	0.957
101457209	world.n.08	None
101458360	serviceman.n.01	0.666
101459716	serviceman.n.01	0.844
109848547	man.n.01	0.959
101460628	inhabitant.n.01	None
109850242	man.n.03	0.555
101463444	people.n.01	0.54
101463664	man.n.01	0.527
109852458	man.n.01	0.967
101463949	people.n.01	0.971
109852635	world.n.08	None
101464040	man.n.01	0.993
109852785	man.n.01	0.83
109854127	man.n.01	0.856
101467132	man.n.01	0.616
101467431	man.n.01	0.932
101467645	serviceman.n.01	0.676
101467793	serviceman.n.01	0.663
101467804	serviceman.n.01	0.824
109857397	bird.n.01	0.99
101469463	serviceman.n.01	0.784
101470281	man.n.01	0.711
101470440	man.n.01	0.818
101470692	homo.n.02	None
101471674	serviceman.n.01	0.548
101473347	inhabitant.n.01	None
101473463	serviceman.n.01	0.819
101473981	serviceman.n.01	0.536
109863539	man.n.01	0.983
109863829	man.n.01	0.654
101476383	people.n.01	0.979
109865811	man.n.01	0.929
101477693	man.n.01	0.768
109866404	man.n.01	0.478
109866421	homo.n.02	0.379
101479758	world.n.08	None
101479929	people.n.01	0.953
101480590	homo.n.02	None
109869323	man.n.01	0.903
109869608	man.n.01	0.846
101481085	chap.n.01	0.876
101481108	man.n.01	0.651
109870198	man.n.01	0.798
101482639	man.n.01	0.577
101482845	homo.n.02	None
101484497	man.n.01	0.963
109874647	man.n.01	0.604
101486223	soldier.n.01	0.999
101486275	serviceman.n.01	0.542
109876138	man.n.01	0.774
109876197	world.n.08	None
109876774	man.n.01	0.997
109876910	man.n.01	0.987
109877923	man.n.01	0.527
109878460	man.n.01	0.888
109878712	man.n.01	0.363
109878988	man.n.01	0.867
101491713	serviceman.n.01	0.959
109881514	man.n.01	0.938
109881798	man.n.01	0.969
109882299	man.n.01	0.981
101494399	prisoner.n.01	0.981
101494727	people.n.01	0.859
101497162	homo.n.02	None
109886840	man.n.01	0.954
109887539	man.n.03	0.471
101499688	man.n.01	0.786
101499798	man.n.01	0.784
101502284	man.n.01	0.802
101502376	man.n.01	0.426
101502404	man.n.03	0.6
101502413	man.n.01	0.366
101502427	man.n.01	0.919
101502457	homo.n.02	0.399
101502804	man.n.01	0.447
109894770	man.n.01	0.712
101508000	chap.n.01	0.894
109897995	homo.n.02	0.592
109898208	man.n.01	0.613
109898420	world.n.08	None
109899313	man.n.03	0.603
101510740	man.n.01	0.619
101510803	man.n.01	0.53
109899796	man.n.01	0.965
101511541	man.n.01	0.807
101511651	people.n.01	0.973
101511804	man.n.01	0.557
101511865	people.n.01	0.977
101511940	people.n.01	0.953
101512043	man.n.01	0.604
109900892	man.n.01	0.857
101513249	man.n.01	0.903
101513449	serviceman.n.01	0.508
101513748	people.n.01	0.9
101514032	man.n.03	0.643
101514680	people.n.01	0.971
101514707	man.n.01	0.751
101514717	homo.n.02	0.381
101514764	man.n.01	0.422
101514772	man.n.01	0.544
118292093	man.n.01	0.583
118292109	man.n.01	0.786
118292192	man.n.01	0.996
118292234	man.n.01	0.994
101515396	man.n.01	0.576
101515627	man.n.01	0.575
118292998	man.n.01	0.964
101515969	man.n.01	0.636
101516141	man.n.03	0.578
118293521	man.n.01	0.959
109905113	man.n.01	0.789
118293894	homo.n.02	None
109906283	man.n.01	0.554
118295035	homo.n.02	None
101517891	people.n.01	0.986
109907017	man.n.01	0.462
118296293	homo.n.02	None
118296781	people.n.01	0.986
109908452	homo.n.02	0.359
109908478	man.n.01	0.6
101520105	universe.n.01	0.881
109908754	man.n.01	0.937
109908800	man.n.01	0.684
101520516	chap.n.01	0.882
109909239	state.n.04	0.916
101520728	serviceman.n.01	0.718
101521216	man.n.01	0.806
109910029	man.n.01	0.786
101521703	man.n.01	0.612
101522110	man.n.01	0.518
109911762	man.n.01	0.92
109911764	man.n.01	0.92
109911824	man.n.01	0.934
109911826	man.n.01	0.862
118300512	homo.n.02	0.474
109912246	man.n.01	0.518
118301617	savage.n.01	0.883
118301750	man.n.01	0.989
118302567	man.n.01	0.644
109914150	man.n.01	0.861
109914162	man.n.01	0.944
101526019	man.n.01	0.801
118303811	man.n.01	0.663
101526627	man.n.01	0.743
109915294	man.n.01	0.716
109915506	man.n.01	0.809
101526958	man.n.01	0.893
109915593	inhabitant.n.01	None
118304285	man.n.01	0.586
101527157	man.n.01	0.731
101527186	people.n.01	0.975
101527210	man.n.01	0.585
118304862	man.n.01	0.886
118304870	man.n.01	0.963
109916542	man.n.01	0.384
118305210	man.n.01	0.817
118305456	homo.n.02	None
118305457	man.n.01	0.983
118305510	man.n.01	0.812
109917029	man.n.01	0.699
109917965	people.n.01	0.939
101529855	person.n.01	None
101530904	man.n.01	0.559
101531209	citizenry.n.01	0.578
118309090	man.n.01	0.479
118309533	homo.n.02	None
118309927	world.n.08	None
101533212	people.n.01	0.979
118310591	world.n.08	None
101534097	man.n.01	0.574
101534233	universe.n.01	0.92
118311671	man.n.03	0.44
101534515	man.n.01	0.913
109923476	man.n.01	0.673
118312154	man.n.01	0.915
118312174	man.n.01	0.873
118312292	man.n.01	0.678
118312351	man.n.01	0.841
118312358	man.n.01	0.736
118312377	man.n.01	0.531
118312455	man.n.01	0.876
109923854	man.n.01	0.613
118312622	man.n.03	0.294
118312821	man.n.01	0.722
101535930	man.n.03	0.65
118313556	homo.n.02	0.563
118313565	homo.n.02	0.343
118313618	homo.n.02	None
109925153	man.n.01	0.591
118314007	world.n.08	None
118314443	world.n.08	None
118314515	man.n.01	0.82
118314539	man.n.03	0.449
118314558	man.n.03	0.386
118314729	people.n.01	0.864
118314751	man.n.01	0.937
118314918	man.n.01	0.911
118314989	world.n.08	None
118315048	homo.n.02	0.599
101537929	homo.n.02	None
109926555	man.n.01	0.914
109926705	man.n.01	0.65
109927202	man.n.01	0.978
118316260	world.n.08	None
118316290	man.n.01	0.848
118316665	earth.n.01	0.946
118316882	man.n.01	0.852
109928387	man.n.01	0.963
118317128	man.n.01	0.973
118317414	person.n.01	None
101540241	man.n.01	0.951
101540257	man.n.01	0.929
101540346	man.n.01	0.754
101540438	homo.n.02	0.738
101540487	homo.n.02	None
101540634	people.n.01	0.965
109929327	man.n.01	0.952
101540869	people.n.01	0.716
101541532	serviceman.n.01	0.728
118319058	people.n.01	0.936
109930767	man.n.03	0.474
109931137	man.n.03	0.643
109931236	man.n.01	0.972
109931655	man.n.01	0.985
118320957	homo.n.02	0.398
118320992	homo.n.02	0.51
118321048	homo.n.02	0.498
118321115	world.n.08	None
118321343	man.n.01	0.41
118321350	man.n.01	0.41
118321720	homo.n.02	None
118321792	man.n.01	0.979
118321982	man.n.01	0.924
118322020	man.n.01	0.616
118322032	homo.n.02	0.301
118322255	man.n.03	0.374
109934327	man.n.01	0.78
118323163	man.n.01	0.509
101545996	man.n.01	0.527
101546242	people.n.01	0.987
101546339	man.n.01	0.973
118323943	man.n.01	0.646
118323947	man.n.01	0.782
118323974	homo.n.02	0.422
118324023	man.n.01	0.836
118324509	national.n.01	0.944
118324549	man.n.01	0.494
118324685	homo.n.02	0.441
118324861	man.n.03	0.54
118324881	man.n.03	0.501
101547844	man.n.01	0.935
101547915	populace.n.01	0.656
101547955	man.n.01	0.673
118325233	serviceman.n.01	0.889
109936768	damsel.n.01	None
118325441	man.n.01	0.922
118325548	man.n.03	0.637
118325583	man.n.03	0.639
118325800	homo.n.02	0.453
118326041	man.n.03	0.532
118326046	man.n.03	0.594
118326151	man.n.01	0.935
101549422	man.n.01	0.707
118326706	man.n.01	0.943
118326829	man.n.01	0.548
118326987	man.n.01	0.75
109938460	foreigner.n.01	0.914
118327094	universe.n.01	0.796
118327640	man.n.01	0.968
118328085	man.n.01	0.924
118328169	man.n.01	0.877
118328290	man.n.01	0.913
118328573	man.n.01	0.971
118328583	man.n.01	0.454
118328671	man.n.01	0.952
118328698	world.n.08	None
118329151	man.n.03	0.569
118329610	daemon.n.02	0.955
118329752	man.n.01	0.797
118329876	man.n.01	0.883
118330301	man.n.01	0.824
101553835	man.n.03	0.422
118331388	man.n.01	0.511
118331878	man.n.01	0.845
101554896	man.n.03	0.499
118332146	man.n.01	0.927
118332370	man.n.01	0.955
118332396	chap.n.01	0.97
118332794	man.n.01	0.968
118332989	man.n.01	0.609
118333142	man.n.03	0.377
118333178	man.n.03	0.456
101556145	man.n.03	0.59
101557476	man.n.01	0.899
118335111	people.n.01	0.975
118335402	man.n.01	0.898
109947324	man.n.01	0.954
118336179	man.n.01	0.907
118336449	man.n.01	0.72
109947994	state.n.04	0.682
118336753	homo.n.02	0.575
101560509	person.n.01	None
101560593	man.n.01	0.966
118338389	man.n.01	0.875
118338423	man.n.01	0.689
118338505	man.n.01	0.873
118338568	homo.n.02	0.548
118338587	man.n.01	0.956
118338940	homo.n.02	0.498
109950334	man.n.01	0.974
118338952	man.n.01	0.342
118338969	homo.n.02	0.495
109950410	man.n.01	0.762
118339052	homo.n.02	0.632
118339081	man.n.01	0.582
118339165	man.n.01	0.76
109950609	man.n.01	0.978
101562012	people.n.01	0.901
118339322	homo.n.02	0.39
109950725	man.n.01	0.761
118339430	man.n.01	0.919
109951057	woman.n.01	0.993
118340524	man.n.01	0.59
101563562	people.n.01	0.967
101563590	man.n.01	0.928
101564364	serviceman.n.01	0.556
101564545	people.n.01	0.935
109953492	man.n.01	0.933
118342376	man.n.01	0.905
109954085	man.n.01	0.581
118342912	man.n.01	0.935
118342954	man.n.01	0.989
118343249	chap.n.01	0.957
118343446	man.n.01	0.994
101566814	people.n.01	0.844
118344830	people.n.01	0.987
109956495	man.n.01	0.974
118345808	people.n.01	0.993
101569733	man.n.01	0.752
101570622	man.n.01	0.911
118348110	sir.n.01	0.971
109959553	man.n.01	0.412
101571015	man.n.01	0.833
109959802	man.n.01	0.493
101571311	people.n.01	0.781
101571331	man.n.01	0.883
118349637	man.n.01	0.587
101573885	man.n.01	0.522
101574265	man.n.01	0.508
101574297	man.n.01	0.958
118351627	world.n.08	None
118351889	man.n.01	0.812
118351996	man.n.01	0.914
118352287	man.n.01	0.963
101575208	people.n.01	0.934
101575368	people.n.01	0.982
118352599	people.n.01	0.902
118352942	man.n.01	0.875
118353037	man.n.01	0.919
118353111	person.n.01	None
101575959	populace.n.01	0.645
118353189	man.n.01	0.977
101576211	earth.n.01	0.766
101576323	people.n.01	0.952
101576361	man.n.01	0.93
101576393	man.n.01	0.934
101576470	world.n.08	None
118353711	man.n.01	0.904
118353812	world.n.08	None
101576598	man.n.01	0.893
118353964	man.n.01	0.985
101577038	man.n.03	0.353
101577098	man.n.01	0.896
118354634	man.n.01	0.907
101577424	man.n.03	0.389
101577533	man.n.03	0.55
118354830	man.n.01	0.943
118355074	man.n.01	0.923
118355109	man.n.01	0.98
118355111	man.n.01	0.975
118355176	man.n.01	0.99
118355200	world.n.08	None
101578033	man.n.01	0.539
118355386	man.n.01	0.971
118355584	man.n.01	0.872
118355661	man.n.01	0.983
118355762	man.n.01	0.997
118355889	man.n.01	0.624
118356195	man.n.01	0.785
109967608	man.n.01	0.918
118356229	man.n.01	0.965
118356261	man.n.01	0.946
118356301	person.n.01	0.993
101579227	man.n.01	0.767
101579235	man.n.03	0.419
118356551	slave.n.01	0.974
118356606	man.n.01	0.55
118356692	homo.n.02	0.457
118356841	man.n.03	0.795
109968577	homo.n.02	0.383
118357286	man.n.01	0.526
118357329	man.n.03	0.862
118357332	man.n.03	0.68
118357432	man.n.03	0.754
118357435	man.n.03	0.774
118357440	man.n.03	0.537
118357445	man.n.03	0.469
118357478	homo.n.02	0.395
101580626	people.n.01	0.969
101580868	man.n.01	0.77
118358091	man.n.01	0.959
118358129	man.n.03	0.417
118358277	man.n.01	0.902
101581074	man.n.01	0.931
101581249	man.n.01	0.918
118358720	man.n.01	0.933
101581515	city.n.01	0.82
101581534	man.n.01	0.972
118358923	man.n.01	0.945
101582164	people.n.01	0.919
109970784	man.n.01	0.955
118359558	man.n.01	0.938
118359594	man.n.03	0.439
118359849	man.n.01	0.537
118360004	man.n.01	0.613
118360018	man.n.01	0.511
109971563	homo.n.02	None
118360254	homo.n.02	0.447
101583568	people.n.01	0.963
118360845	people.n.01	0.979
101583653	people.n.01	0.639
101583738	chap.n.01	0.974
101583829	man.n.01	0.978
118361259	man.n.01	0.68
109972916	man.n.01	0.923
118361632	man.n.01	0.571
118362380	universe.n.01	0.945
101585212	homo.n.02	0.472
101585279	man.n.03	0.477
101585533	people.n.01	0.975
101585746	man.n.01	0.918
101585801	homo.n.02	0.437
118363830	people.n.01	0.642
118363994	man.n.01	0.752
118364179	people.n.01	0.832
109975619	man.n.01	0.91
109975637	man.n.01	0.815
101587260	chap.n.01	0.839
118365047	reader.n.01	0.614
101588720	man.n.01	0.562
101589118	serviceman.n.01	0.743
118366983	man.n.01	0.923
118367314	man.n.01	0.943
101590113	rider.n.01	0.977
101591187	man.n.03	0.55
101591275	man.n.01	0.543
101591782	man.n.03	0.542
101591896	homo.n.02	0.334
118369125	serviceman.n.01	0.741
101591938	world.n.08	None
101591951	man.n.03	0.491
118369177	people.n.01	0.991
109980602	world.n.08	None
101592738	man.n.03	0.661
118370037	man.n.01	0.542
118370468	people.n.01	0.94
101593339	people.n.01	0.982
101593914	man.n.03	0.748
118371353	people.n.01	0.913
101594483	populace.n.01	0.458
118371799	man.n.01	0.972
101594706	man.n.01	0.818
118372998	man.n.01	0.58
101595861	world.n.08	None
101596374	world.n.08	None
101596445	man.n.01	0.607
101596526	man.n.03	0.473
101596760	man.n.01	0.376
118374208	man.n.01	0.948
118374357	man.n.01	0.916
101597169	man.n.01	0.54
118374505	world.n.08	None
118374724	world.n.08	None
118374983	man.n.03	0.73
118375298	man.n.03	0.511
101598123	man.n.01	0.835
101598282	homo.n.02	None
101598305	man.n.01	0.773
101598462	man.n.01	0.863
118375734	man.n.01	0.616
101598574	man.n.03	0.398
101598763	world.n.08	None
101599103	man.n.01	0.565
118376496	man.n.03	0.507
118376535	man.n.03	0.642
118376577	man.n.01	0.589
118376942	man.n.01	0.499
101599736	homo.n.02	None
101600291	universe.n.01	0.868
101600327	populace.n.01	0.377
118377688	world.n.08	None
118377802	homo.n.02	0.512
118377811	man.n.03	0.346
101600635	universe.n.01	0.918
118377860	man.n.03	0.429
118378071	man.n.01	0.816
118378081	man.n.01	0.786
118378233	man.n.01	0.364
118378520	homo.n.02	0.397
118379125	man.n.01	0.681
118379354	man.n.03	0.621
118379387	people.n.01	0.929
118379432	man.n.01	0.994
118379551	man.n.03	0.448
118379811	person.n.01	0.999
118379831	man.n.01	0.886
118380056	people.n.01	0.972
118380287	character.n.04	0.554
101603432	man.n.01	0.711
118380731	man.n.01	0.894
118380790	man.n.01	0.993
118380905	world.n.08	None
118381490	man.n.01	0.992
118381793	homo.n.02	None
118381837	man.n.03	0.555
118382484	man.n.03	0.581
109994219	man.n.01	0.556
101605653	man.n.01	0.956
118382932	world.n.08	None
118382972	man.n.01	0.397
118382979	man.n.01	0.966
101605960	man.n.01	0.954
101606030	man.n.01	0.797
118383433	people.n.01	0.939
118383467	homo.n.02	0.489
118383655	people.n.01	0.915
101606516	populace.n.01	0.617
109995643	man.n.01	0.679
109996005	man.n.01	0.781
118384707	homo.n.02	None
118384812	man.n.01	0.713
118384848	man.n.01	0.691
118384921	man.n.01	0.699
118384932	man.n.03	0.519
101607951	man.n.03	0.483
101608577	man.n.01	0.95
118386071	homo.n.02	None
109997766	man.n.01	0.958
118386568	man.n.01	0.879
118386666	man.n.01	0.968
118386777	man.n.01	0.448
118386826	man.n.01	0.831
101609845	man.n.01	0.921
118387685	man.n.01	0.902
109999430	man.n.01	0.77
118388159	man.n.01	0.743
109999555	man.n.01	0.975
118388379	homo.n.02	0.526
118388452	man.n.03	0.713
118389085	world.n.08	None
110000792	man.n.01	0.798
110000860	man.n.01	0.485
118389515	guest.n.01	0.972
118389625	man.n.01	0.701
118389835	man.n.01	0.775
101612852	man.n.03	0.566
110001965	man.n.01	0.93
118391180	man.n.01	0.786
101614034	serviceman.n.01	0.678
110002781	man.n.01	0.974
101614525	man.n.01	0.964
101614570	man.n.01	0.809
118392066	man.n.01	0.996
110003813	man.n.01	0.417
118392488	man.n.01	0.984
118392554	man.n.03	0.566
118392984	people.n.01	0.99
118393406	man.n.01	0.95
118393527	man.n.01	0.982
118393599	man.n.01	0.685
101616459	man.n.01	0.857
101616537	man.n.01	0.949
101616593	serviceman.n.01	0.805
118393826	earth.n.01	0.475
101616748	man.n.01	0.547
101616955	man.n.01	0.964
110005729	homo.n.02	0.375
118394434	man.n.01	0.649
118394521	man.n.01	0.798
101617472	man.n.01	0.952
101617558	population.n.01	0.776
101617621	man.n.01	0.393
118395022	homo.n.02	None
118395394	man.n.01	0.89
110007109	people.n.01	0.608
118396751	man.n.03	0.644
118396768	man.n.03	0.591
118396774	man.n.03	0.617
118396891	world.n.08	None
118396950	homo.n.02	None
110008344	man.n.01	0.925
110008441	man.n.01	0.956
118397081	world.n.08	None
118397097	man.n.01	0.383
118397107	man.n.03	0.566
118397182	man.n.03	0.517
118397217	man.n.01	0.651
118397303	man.n.01	0.624
118397370	man.n.01	0.964
118397414	man.n.01	0.877
118397572	man.n.01	0.761
118397798	man.n.01	0.843
118397811	man.n.03	0.638
110009293	man.n.01	0.892
101620826	man.n.01	0.462
118398109	person.n.01	1.0
118398230	man.n.01	0.717
118398250	man.n.01	0.795
118398256	person.n.01	0.991
118398262	person.n.01	0.999
101621067	people.n.01	0.971
118398759	people.n.01	0.72
118398988	population.n.01	0.798
118399164	man.n.01	0.664
101622091	homo.n.02	0.788
101622188	man.n.01	0.592
101622200	man.n.01	0.459
110010842	man.n.01	0.96
118399725	man.n.01	0.888
110011337	man.n.01	0.98
118400825	man.n.01	0.956
118401347	man.n.01	0.892
118401772	man.n.01	0.926
118402013	world.n.08	None
110013454	man.n.01	0.754
118402092	man.n.01	0.422
118402673	man.n.01	0.859
101625581	man.n.01	0.978
118403079	people.n.01	0.98
118403139	man.n.03	0.506
118403235	world.n.08	None
118403252	homo.n.02	0.523
118403269	homo.n.02	0.481
118403382	world.n.08	None
118403652	man.n.01	0.993
101626573	man.n.01	0.833
101626587	man.n.01	0.946
118403821	people.n.01	0.912
118404246	man.n.03	0.574
101627082	man.n.01	0.946
118404372	homo.n.02	None
118404522	man.n.01	0.961
101627362	man.n.01	0.834
110015986	man.n.01	0.812
118404918	man.n.01	0.796
118405237	man.n.03	0.488
118405321	homo.n.02	0.553
118405394	man.n.01	0.576
101628397	man.n.01	0.981
118405737	man.n.01	0.377
118405766	world.n.08	None
118405852	man.n.01	0.589
118405853	man.n.01	0.473
118405995	world.n.08	None
118406027	world.n.08	None
110017560	man.n.01	0.712
110018320	man.n.01	0.984
101629754	people.n.01	0.993
118407017	gentleman.n.01	0.996
118407358	man.n.01	0.906
101630455	man.n.01	0.435
101630633	man.n.01	0.911
101630637	man.n.01	0.949
101630729	man.n.01	0.899
101630853	man.n.01	0.982
118408656	man.n.03	0.483
118408758	man.n.01	0.575
101631753	man.n.01	0.529
118408984	man.n.01	0.586
101632186	man.n.01	0.504
118409808	man.n.01	0.903
118410586	man.n.01	0.92
101633395	homo.n.02	0.404
110022094	world.n.08	None
101633598	person.n.01	None
110022352	man.n.01	0.987
118410996	man.n.01	0.829
118411042	man.n.01	0.941
118411604	man.n.01	0.509
118413008	person.n.01	0.999
110024769	man.n.01	0.36
118414152	person.n.01	1.0
110025800	man.n.01	0.822
110026036	man.n.03	0.533
110027960	native.n.01	0.875
110029608	man.n.01	0.987
110029991	man.n.01	0.95
118419114	chap.n.01	0.894
101642857	world.n.08	None
101642954	man.n.01	0.986
118421250	man.n.01	0.943
118422820	man.n.01	0.982
110035044	man.n.01	0.97
118424392	man.n.01	0.78
118425014	man.n.03	0.556
118425152	man.n.03	0.742
118425640	homo.n.02	None
118425811	man.n.01	0.538
101649046	man.n.01	0.563
118427330	man.n.01	0.837
118427347	people.n.01	0.905
118427533	world.n.08	None
101650894	man.n.01	0.925
101650979	man.n.01	0.584
101651048	man.n.01	0.537
101651343	man.n.01	0.547
110040018	civilian.n.01	None
101651452	man.n.01	0.947
118428673	homo.n.02	None
118428753	homo.n.02	None
101651647	man.n.01	0.458
118429180	man.n.01	0.983
118429271	man.n.01	0.619
101652450	man.n.01	0.923
101653130	man.n.03	0.531
101653318	man.n.01	0.564
110042762	people.n.01	0.997
118431476	man.n.03	0.768
118431653	man.n.01	0.914
110043153	man.n.01	0.722
118432088	man.n.01	0.799
101654926	man.n.01	0.598
118432145	citizen.n.01	None
118432150	creature.n.02	0.454
101655048	man.n.01	0.703
118432309	man.n.01	0.916
118432398	man.n.01	0.9
110044295	man.n.01	0.814
101656135	man.n.01	0.461
118433387	man.n.01	0.537
101656330	man.n.01	0.865
118433622	person.n.01	0.999
110045240	man.n.01	0.548
118433855	man.n.01	0.965
101656648	man.n.01	0.509
118433874	homo.n.02	None
101656863	man.n.01	0.869
118434546	man.n.01	0.784
101657662	person.n.01	None
110046631	man.n.01	0.904
118435372	homo.n.02	None
118435692	man.n.03	0.443
101658709	homo.n.02	0.614
118436733	man.n.01	0.834
118436802	person.n.01	None
118437332	man.n.01	0.972
118437503	man.n.01	0.696
101661272	person.n.01	None
101661340	man.n.01	0.866
118438609	brow.n.01	0.832
118438682	man.n.01	0.96
118438968	man.n.01	0.79
118439016	organism.n.01	0.992
118439237	man.n.01	0.936
118439908	world.n.08	None
101663148	man.n.01	0.4
110053649	man.n.01	0.39
118442387	man.n.01	0.99
101665206	man.n.01	0.86
110054705	man.n.01	0.986
118443677	populace.n.01	0.676
101666899	man.n.01	0.442
118444527	world.n.08	None
101667613	man.n.03	0.679
118444844	man.n.01	0.843
118445005	man.n.01	0.992
118445088	man.n.01	0.959
101667924	man.n.01	0.787
118445196	fool.n.01	0.509
118445399	homo.n.02	None
118445516	homo.n.02	None
101668380	man.n.01	0.736
118445788	people.n.01	0.924
118445855	people.n.01	0.97
118445941	people.n.01	0.836
118445979	people.n.01	0.838
101668887	person.n.01	None
118446240	man.n.01	0.42
118446439	people.n.01	0.985
101669246	man.n.01	0.785
118446555	person.n.01	None
118446641	people.n.01	0.952
101669663	man.n.01	0.764
101669921	man.n.01	0.712
101669943	man.n.01	0.629
101670152	earth.n.01	0.541
101670422	man.n.01	0.447
118448054	man.n.01	0.914
101670877	man.n.01	0.861
118448541	man.n.01	0.883
110060285	man.n.01	0.407
118448968	world.n.08	None
118449658	homo.n.02	None
118449916	man.n.01	0.381
118450168	man.n.01	0.779
118450305	man.n.03	0.487
118450682	world.n.08	None
118450878	man.n.01	0.521
101673688	man.n.01	0.826
118450995	man.n.01	0.703
118451294	world.n.08	None
101674116	man.n.01	0.422
101674657	person.n.01	0.997
118452020	man.n.03	0.423
101674914	people.n.01	0.991
118452180	man.n.01	0.55
101675418	man.n.03	0.538
101675459	man.n.01	0.659
101677304	man.n.01	0.514
118454727	man.n.01	0.87
118454780	man.n.01	0.372
101677737	man.n.01	0.77
118455073	person.n.01	0.999
101678181	man.n.03	0.492
118455411	man.n.01	0.896
118455584	man.n.01	0.525
118455630	creature.n.02	0.673
101678589	man.n.01	0.58
118456841	person.n.01	1.0
101679691	people.n.01	0.986
101679716	people.n.01	0.958
118457031	world.n.08	None
118457299	homo.n.02	None
118457478	world.n.08	None
110068873	man.n.03	0.445
101680510	people.n.01	0.962
101680554	man.n.01	0.971
118457917	homo.n.02	None
118457936	homo.n.02	None
118458035	man.n.01	0.566
118458064	person.n.01	None
101680908	man.n.01	0.925
118458144	world.n.08	None
118458194	homo.n.02	None
101681178	homo.n.02	None
101681293	people.n.01	0.952
101681316	people.n.01	0.965
110070142	man.n.01	0.961
118458876	man.n.01	0.618
101681701	people.n.01	0.907
118458947	homo.n.02	None
101681854	man.n.03	0.65
101682025	world.n.08	None
101682344	universe.n.01	0.924
101682632	world.n.08	None
101682909	homo.n.02	None
101683153	man.n.03	0.51
101683227	man.n.01	0.673
110071943	man.n.01	0.704
101683788	homo.n.02	0.461
101683836	man.n.01	0.877
101683874	man.n.03	0.54
118461237	inhabitant.n.01	None
110072682	man.n.01	0.577
118461470	population.n.01	0.525
101684281	man.n.03	0.482
118461534	man.n.01	0.85
118461714	population.n.01	0.556
101684944	man.n.01	0.837
101685349	homo.n.02	0.458
101685589	man.n.01	0.544
110074279	homo.n.02	0.448
118463043	person.n.01	0.999
118463282	man.n.01	0.848
101686194	man.n.01	0.888
118463455	person.n.01	1.0
118463770	man.n.01	0.618
118463791	man.n.03	0.484
118463794	man.n.03	0.509
118463894	man.n.01	0.906
118464194	man.n.01	0.434
110075600	man.n.01	0.793
101687015	people.n.01	0.943
110075796	man.n.01	0.801
118464492	man.n.01	0.972
118464564	man.n.01	0.879
101687359	man.n.03	0.487
101687390	man.n.03	0.487
118464647	man.n.01	0.967
118464735	world.n.08	None
101687927	man.n.01	0.809
101688016	man.n.01	0.809
118465450	person.n.01	None
110077224	man.n.01	0.861
118466399	world.n.08	None
118466568	man.n.01	0.865
118467120	world.n.08	None
118467145	homo.n.02	None
118467609	man.n.01	0.975
101690543	man.n.01	0.81
101690609	man.n.01	0.809
110079329	man.n.01	0.827
118467970	chap.n.01	0.907
118468236	chap.n.01	0.975
110079936	man.n.01	0.837
118468699	homo.n.02	None
118468749	man.n.01	0.411
101691665	people.n.01	0.99
118469187	homo.n.02	None
118469364	man.n.01	0.881
110080768	man.n.01	0.475
118469419	world.n.02	0.581
101692439	man.n.01	0.739
118469789	man.n.01	0.497
101692952	people.n.01	0.939
118470409	man.n.01	0.92
101693408	man.n.01	0.907
101693460	man.n.03	0.41
110082371	man.n.01	0.441
101693815	man.n.01	0.611
118471211	inhabitant.n.01	None
118471286	people.n.01	0.954
110083272	man.n.01	0.566
110083344	man.n.01	0.98
101695037	man.n.01	0.542
101695060	man.n.01	0.751
118472359	person.n.01	0.999
118472710	person.n.01	None
101695838	world.n.08	None
101695867	homo.n.02	None
101695936	man.n.01	0.469
101695982	man.n.03	0.422
101696166	man.n.01	0.976
118473458	people.n.01	0.741
101696422	man.n.01	0.832
118473911	chap.n.01	0.848
101696838	people.n.01	0.687
118474095	folk.n.01	0.961
101697158	man.n.01	0.687
101697172	man.n.01	0.926
101697250	man.n.01	0.721
110086004	man.n.01	0.526
118475126	man.n.01	0.97
118475242	man.n.01	0.99
101698394	man.n.01	0.725
118475723	earth.n.01	0.298
101699275	man.n.01	0.72
101699298	man.n.01	0.806
101699374	man.n.01	0.667
118476594	man.n.01	0.941
101699486	man.n.01	0.49
101699598	homo.n.02	0.47
118477045	homo.n.02	None
118477147	man.n.01	0.683
118477157	man.n.01	0.953
118477188	world.n.08	None
118477282	homo.n.02	0.407
118477354	world.n.08	None
118477377	world.n.08	None
118477624	man.n.01	0.415
118477798	man.n.01	0.823
118477906	homo.n.02	0.439
101700724	people.n.01	0.956
118478084	populace.n.01	0.622
101700966	man.n.10	0.493
118478272	man.n.01	0.878
101701098	man.n.01	0.96
118478667	earth.n.01	0.559
101702199	man.n.01	0.75
118479723	person.n.01	0.999
118479769	people.n.01	0.977
110091230	man.n.03	0.515
101702641	man.n.01	0.825
110091521	man.n.01	0.666
110091842	man.n.01	0.687
110091889	man.n.03	0.698
101703345	man.n.01	0.89
110091968	man.n.03	0.596
101703565	man.n.03	0.446
110092613	man.n.03	0.578
110092660	man.n.03	0.413
101704078	man.n.01	0.874
110092734	man.n.01	0.83
101704253	man.n.01	0.904
110092893	man.n.03	0.936
110092912	man.n.03	0.874
110092943	man.n.01	0.491
110092972	man.n.01	0.774
110093512	man.n.01	0.796
110093573	man.n.03	0.627
118482249	world.n.08	None
118482374	world.n.08	None
101705367	man.n.01	0.638
110094083	man.n.01	0.876
118482769	man.n.01	0.833
110094338	man.n.01	0.571
110094453	man.n.01	0.987
101705887	people.n.01	0.987
118483180	man.n.03	0.445
101705967	man.n.01	0.828
118483196	man.n.03	0.638
110094770	man.n.01	0.4
110094778	man.n.01	0.997
110095253	man.n.01	0.995
101706893	man.n.01	0.635
101706948	man.n.01	0.954
101706961	man.n.01	0.954
101706995	man.n.01	0.977
101707012	man.n.01	0.93
101707022	man.n.01	0.958
110095686	man.n.01	0.783
101707091	man.n.01	0.87
101707167	man.n.01	0.907
118484407	man.n.01	0.966
118484461	homo.n.02	None
118484489	world.n.08	None
118484551	homo.n.02	None
118484591	man.n.01	0.987
110095991	man.n.03	0.587
110096013	man.n.03	0.678
118484633	man.n.01	0.802
110096047	man.n.01	0.966
110096068	man.n.01	0.964
110096500	man.n.01	0.842
110096509	man.n.01	0.994
101707972	man.n.01	0.935
118485259	man.n.01	0.994
101708059	man.n.01	0.969
118485321	man.n.01	0.978
101708119	man.n.01	0.959
101708209	man.n.01	0.886
118485467	homo.n.02	0.389
110096936	man.n.01	0.996
118485562	man.n.01	0.497
110096965	man.n.01	0.963
110096989	man.n.01	0.733
110097002	man.n.01	0.934
118485645	man.n.01	0.541
118485682	man.n.01	0.915
118485770	homo.n.02	None
110097339	man.n.03	0.5
110097358	man.n.01	0.632
110097440	man.n.01	0.936
110097452	man.n.01	0.958
110097470	man.n.01	0.777
110097557	man.n.01	0.637
110097636	man.n.01	0.983
101709050	man.n.01	0.82
110097691	man.n.01	0.871
101709197	man.n.01	0.966
118486848	man.n.01	0.945
110098289	man.n.01	0.972
110098303	serviceman.n.01	0.685
118486915	man.n.01	0.961
118487034	person.n.01	0.999
110098452	man.n.01	0.992
118487085	patient.n.01	0.999
118487152	man.n.01	0.945
101709937	man.n.01	0.865
118487202	man.n.01	0.786
110098596	man.n.03	0.541
110098742	man.n.01	0.987
118487360	man.n.01	0.931
110098769	man.n.01	0.958
118487471	man.n.01	0.922
110098892	man.n.01	0.991
118487611	world.n.08	None
118487665	person.n.01	0.999
101710482	man.n.01	0.917
101710958	homo.n.02	0.521
101711023	man.n.01	0.966
101711056	man.n.01	0.998
110099804	man.n.01	0.422
110099825	man.n.01	0.927
110099837	man.n.01	0.93
110099946	man.n.01	0.919
110099973	man.n.01	0.767
110099983	man.n.01	0.845
101711439	man.n.01	0.59
110100605	man.n.03	0.401
110100845	man.n.03	0.529
110100899	man.n.01	0.762
110100915	man.n.01	0.677
110100926	man.n.03	0.518
110101162	man.n.03	0.468
110101248	man.n.01	0.995
110101414	man.n.01	0.509
110101418	man.n.01	0.912
118490279	world.n.08	None
110101686	man.n.01	0.894
110101808	man.n.01	0.989
118490776	man.n.01	0.976
110102383	man.n.01	0.988
110102416	man.n.03	0.866
110102486	man.n.01	0.865
110102528	man.n.01	0.961
118491168	man.n.01	0.835
118491360	population.n.01	0.671
110102801	man.n.03	0.71
110102856	man.n.01	0.551
110102920	man.n.01	0.986
110103215	man.n.01	0.725
118492212	man.n.01	0.418
118492530	man.n.01	0.568
110104075	man.n.01	0.592
101715472	man.n.01	0.737
110104105	man.n.01	0.558
101715517	man.n.01	0.79
118492823	world.n.08	None
118492877	man.n.01	0.674
101715728	man.n.03	0.407
110104722	man.n.01	0.985
118493414	man.n.01	0.945
110104834	man.n.01	0.601
118493528	man.n.01	0.467
118493573	man.n.01	0.659
110105353	man.n.01	0.935
110105375	man.n.01	0.517
110105410	man.n.01	0.928
110105502	man.n.01	0.509
118494193	man.n.03	0.395
118494283	man.n.01	0.755
110105817	man.n.03	0.736
118494448	man.n.01	0.644
101717239	man.n.01	0.77
110106562	man.n.01	0.48
110106578	man.n.01	0.636
118495269	homo.n.02	None
110106730	man.n.01	0.482
110106778	man.n.01	0.5
118495648	man.n.01	0.931
118495752	world.n.08	None
110107182	man.n.01	0.982
118495832	man.n.03	0.527
118495962	man.n.01	0.946
110107401	man.n.01	0.972
118496138	man.n.01	0.981
110107536	man.n.03	0.557
118496459	person.n.01	0.999
101719539	man.n.01	0.95
101719588	man.n.05	0.575
118496841	man.n.01	0.923
110108241	man.n.01	0.897
118496864	world.n.08	None
110108258	man.n.01	0.904
118497002	man.n.01	0.913
101719840	man.n.01	0.994
118497142	man.n.01	0.517
110108691	man.n.03	0.569
101720098	man.n.01	0.981
118497437	world.n.08	None
118497491	homo.n.02	None
101720396	man.n.01	0.791
101720432	world.n.08	None
110109075	man.n.01	0.716
110109218	man.n.01	0.922
110109255	man.n.01	0.936
118498007	man.n.01	0.967
101720838	man.n.03	0.526
101720851	man.n.01	0.757
101720857	man.n.03	0.573
101721184	man.n.03	0.77
110109839	man.n.01	0.987
101721262	man.n.01	0.752
101721283	man.n.01	0.977
118498815	man.n.01	0.928
110110253	man.n.01	0.995
101722271	man.n.01	0.699
118499555	guest.n.01	0.95
110111117	man.n.01	0.655
110111213	man.n.01	0.997
118500074	person.n.01	0.999
118500135	person.n.01	0.997
118500376	person.n.01	None
118500487	man.n.01	0.962
118500798	world.n.08	None
110112195	man.n.01	0.31
110112225	man.n.01	0.996
110112248	man.n.01	0.994
110112297	man.n.01	0.977
101723866	homo.n.02	None
101723879	homo.n.02	None
118501237	people.n.01	0.988
110112701	man.n.01	0.756
118501669	man.n.01	0.937
118501772	man.n.01	0.647
118501818	homo.n.02	0.498
118501870	people.n.01	0.919
110113336	man.n.01	0.964
118502185	world.n.08	None
118502257	man.n.01	0.989
110113662	man.n.01	0.99
118502357	chap.n.01	0.778
110113778	man.n.01	0.951
101725330	man.n.06	0.514
101725423	homo.n.02	0.409
101725470	man.n.01	0.773
101725614	homo.n.02	0.466
101725649	man.n.01	0.379
118502889	world.n.08	None
118503002	man.n.01	0.664
118503193	man.n.01	0.987
101725995	man.n.01	0.949
101726001	man.n.01	0.861
101726162	man.n.01	0.387
101726198	homo.n.02	0.557
101726218	man.n.03	0.427
101726245	homo.n.02	0.605
101726247	man.n.03	0.661
101726292	man.n.03	0.598
118503930	man.n.03	0.412
101726828	man.n.03	0.586
118504072	man.n.01	0.854
118504129	earth.n.01	0.475
101726924	man.n.01	0.962
118504153	chap.n.01	0.846
110115710	man.n.01	0.422
118504319	person.n.01	0.99
110115721	man.n.01	0.479
118504420	person.n.01	0.999
110115834	man.n.01	0.768
110115892	man.n.01	0.885
110115927	man.n.01	0.98
110115933	man.n.01	0.962
110115941	man.n.01	0.805
110115982	man.n.01	0.666
101727590	people.n.01	0.93
118504840	man.n.01	0.628
118505032	person.n.01	1.0
101727892	man.n.01	0.783
118505141	world.n.08	None
118505187	world.n.08	None
118505256	world.n.08	None
110116670	man.n.01	0.879
110116743	man.n.01	0.918
110116809	man.n.01	0.592
118505467	man.n.01	0.856
110116875	man.n.03	0.435
110116936	man.n.01	0.778
110116950	man.n.01	0.722
110116978	man.n.01	0.527
101728380	man.n.01	0.93
118506122	man.n.01	0.716
110117615	man.n.01	0.593
110117619	man.n.01	0.931
118506685	world.n.08	None
110118097	man.n.01	0.985
110118128	man.n.03	0.866
101729643	man.n.01	0.81
101729845	man.n.01	0.765
110118473	man.n.03	0.709
110118623	man.n.01	0.69
118507532	homo.n.02	None
110119070	man.n.01	0.916
101730735	man.n.01	0.951
118508150	man.n.01	0.909
118508209	world.n.08	None
110119614	man.n.01	0.717
110119644	man.n.01	0.466
110119694	man.n.01	0.987
118508534	homo.n.02	None
110119942	man.n.01	0.569
118508557	man.n.01	0.728
118508621	man.n.01	0.894
101731534	man.n.01	0.396
118508850	world.n.08	None
118509084	man.n.03	0.526
118509160	homo.n.02	None
101732055	homo.n.02	None
118509294	man.n.01	0.432
118509596	man.n.01	0.503
110121244	man.n.01	0.978
101732769	man.n.03	0.423
110121570	man.n.01	0.989
110121716	man.n.01	0.897
110121732	man.n.01	0.904
101733543	homo.n.02	0.356
118510910	man.n.01	0.468
110122468	man.n.01	0.783
110122650	man.n.01	0.976
118511410	passenger.n.01	None
110123285	man.n.01	0.988
118512329	world.n.08	None
110124274	man.n.01	0.418
118513343	homo.n.02	None
118513861	homo.n.02	None
110125371	man.n.03	0.437
118513989	person.n.01	0.999
110125580	man.n.01	0.995
110125590	man.n.01	0.989
118514228	homo.n.02	None
118514489	world.n.08	None
110126094	man.n.03	0.382
118514958	inhabitant.n.01	None
101737754	man.n.01	0.525
110126821	man.n.03	0.642
118515571	homo.n.02	None
110127355	man.n.01	0.996
110127845	man.n.01	0.704
118516589	homo.n.02	None
110128024	man.n.01	0.99
110128074	man.n.03	0.668
110128612	man.n.01	0.994
110128934	man.n.01	0.504
110128953	man.n.01	0.552
110129024	man.n.01	0.744
110129110	man.n.01	0.512
110129427	man.n.01	0.916
110129493	man.n.01	0.993
110129537	man.n.01	0.99
110129705	man.n.01	0.926
110130203	man.n.01	0.949
110130269	man.n.01	0.994
101742353	man.n.01	0.805
101742399	people.n.01	0.991
110131280	man.n.01	0.991
110131375	man.n.01	0.98
110131427	man.n.01	0.99
110132308	man.n.01	0.637
110132383	man.n.01	0.752
110132409	man.n.01	0.53
110132824	man.n.01	0.789
110133093	man.n.01	0.554
101745104	man.n.01	0.945
110133840	man.n.01	0.994
110134599	man.n.01	0.967
101746039	person.n.01	None
110134649	man.n.01	0.907
110134740	man.n.01	0.488
101746211	man.n.03	0.68
110135052	man.n.01	0.946
110135088	man.n.01	0.903
110135421	man.n.01	0.656
110135427	man.n.01	0.652
110135443	man.n.01	0.631
110135460	man.n.01	0.692
101746870	man.n.03	0.591
101747051	man.n.01	0.831
110135959	man.n.01	0.931
101747837	person.n.01	None
110136551	man.n.01	0.969
110136871	man.n.01	0.986
101748425	world.n.08	None
110137262	man.n.01	0.994
110137540	man.n.01	0.995
110137835	man.n.01	0.966
110137980	man.n.01	0.945
101749790	man.n.03	0.551
110138585	man.n.01	0.997
101750125	man.n.01	0.823
110138905	man.n.03	0.604
110138918	man.n.03	0.416
101750469	man.n.01	0.558
101750485	man.n.01	0.387
101750614	man.n.01	0.539
110139754	man.n.01	0.593
110139973	man.n.03	0.498
110140019	man.n.03	0.748
110140123	man.n.01	0.999
110140157	man.n.01	0.884
110140471	man.n.03	0.768
110140561	man.n.01	0.673
110140902	man.n.03	0.436
110141110	man.n.01	0.968
110141141	man.n.01	0.944
110141290	man.n.01	0.925
110141695	man.n.01	0.796
110141723	man.n.01	0.685
110141771	man.n.01	0.993
101753438	man.n.01	0.743
101753443	man.n.01	0.693
101753546	man.n.03	0.523
101753590	man.n.01	0.512
101753663	man.n.03	0.695
101753748	universe.n.01	0.965
101753795	man.n.03	0.735
101753982	man.n.01	0.806
110142882	man.n.01	0.552
110143068	man.n.01	0.656
110143233	man.n.01	0.991
110143460	man.n.01	0.902
101755104	homo.n.02	None
101755115	homo.n.02	None
110144315	man.n.01	0.564
101755772	world.n.08	None
110144443	man.n.01	0.936
110144474	man.n.01	0.985
110144620	man.n.01	0.986
110144637	man.n.01	0.979
110145188	man.n.01	0.942
110145444	man.n.01	0.476
110145450	man.n.01	0.962
110146268	homo.n.02	0.478
110146286	man.n.01	0.984
110146335	man.n.01	0.555
110147193	man.n.01	0.747
110147372	man.n.01	0.96
101758971	man.n.01	0.909
110147685	man.n.01	0.446
110147694	man.n.03	0.439
110147698	man.n.01	0.993
110147781	man.n.01	0.914
110147965	man.n.01	0.534
110147988	man.n.03	0.576
110148092	man.n.01	0.364
110148255	man.n.03	0.63
110149004	man.n.01	0.983
101760767	homo.n.02	None
110149419	man.n.01	0.993
110149562	man.n.01	0.995
110149602	man.n.01	0.46
110149644	man.n.01	0.98
110149705	man.n.01	0.986
110149761	man.n.01	0.993
110150047	man.n.01	0.473
110150167	man.n.03	0.618
110150311	man.n.03	0.556
110150575	people.n.01	0.922
110150657	people.n.01	0.913
110151492	man.n.01	0.608
101763542	man.n.01	0.829
110152245	man.n.01	0.991
110152250	man.n.01	0.987
110152265	man.n.01	0.988
101763676	man.n.01	0.982
101763713	universe.n.01	0.958
110152714	man.n.01	0.489
110152720	man.n.01	0.489
110152773	man.n.01	0.893
110153166	man.n.01	0.987
110153414	man.n.01	0.588
110153644	man.n.01	0.956
110154106	man.n.01	0.997
110154293	man.n.01	0.983
110154401	man.n.01	0.933
110154414	man.n.01	0.932
110154586	man.n.01	0.996
110154607	man.n.01	0.932
110154702	man.n.01	0.997
110155561	man.n.01	0.952
110156609	man.n.01	0.565
110156667	man.n.01	0.873
110157272	man.n.01	0.469
101768790	man.n.01	0.97
110157506	man.n.01	0.601
110157697	man.n.03	0.611
101769407	man.n.01	0.46
101769428	world.n.08	None
110158461	man.n.01	0.566
101771512	man.n.03	0.453
101771522	man.n.03	0.453
101771524	homo.n.02	0.459
101771555	homo.n.02	0.553
110160297	man.n.01	0.818
110160671	man.n.01	0.88
110161419	man.n.01	0.959
110161500	man.n.01	0.965
110161764	man.n.01	0.97
110162146	man.n.01	0.681
101775067	man.n.01	0.586
110166571	man.n.01	0.987
110166654	man.n.03	0.525
110166673	man.n.01	0.97
110166691	man.n.01	0.99
110166717	man.n.01	0.931
110166758	man.n.01	0.774
110166844	man.n.01	0.996
110167772	man.n.01	0.895
110167788	man.n.03	0.645
110167875	man.n.01	0.913
110167890	man.n.01	0.95
110167967	man.n.01	0.892
110167977	man.n.01	0.638
110168310	man.n.01	0.976
101781692	man.n.03	0.729
101781721	man.n.03	0.745
101781794	man.n.01	0.536
101781804	man.n.01	0.724
101781805	man.n.01	0.508
101781824	man.n.01	0.994
110171056	man.n.01	0.993
110171782	man.n.01	0.868
110171822	man.n.01	0.688
110173324	man.n.01	0.963
110174612	man.n.01	0.697
110174691	man.n.01	0.855
101786116	man.n.01	0.67
110175292	man.n.01	0.483
110175468	man.n.01	0.943
101787335	man.n.03	0.473
110176061	man.n.01	0.983
110176142	man.n.01	0.987
110176414	man.n.01	0.726
110176454	man.n.01	0.978
110177095	man.n.01	0.592
110177174	homo.n.02	0.395
110177194	man.n.03	0.657
110177535	man.n.01	0.484
110178159	man.n.01	0.995
110178591	man.n.01	0.917
101789985	man.n.01	0.475
101790068	man.n.03	0.416
101790290	world.n.08	None
101790614	man.n.01	0.467
110180047	man.n.01	0.926
101791491	world.n.08	None
110180669	man.n.03	0.389
101792064	man.n.01	0.708
110180869	man.n.01	0.977
110180893	man.n.01	0.712
110181198	man.n.01	0.925
110182028	man.n.03	0.707
101793501	man.n.01	0.462
101793613	world.n.08	None
101793631	homo.n.02	0.467
110182581	man.n.01	0.886
110182702	man.n.01	0.937
101794521	world.n.08	None
101794662	man.n.03	0.494
110183504	man.n.01	0.957
110183516	man.n.01	0.972
101795279	world.n.08	None
110184450	man.n.01	0.97
110185352	man.n.01	0.5
110185442	man.n.01	0.674
110185655	man.n.01	0.814
110185698	man.n.01	0.662
110185809	man.n.03	0.453
110185938	man.n.03	0.597
110186152	man.n.03	0.42
110186214	man.n.01	0.679
110186256	man.n.01	0.971
110186609	man.n.03	0.818
110186742	man.n.01	0.853
110187317	man.n.01	0.811
110187335	homo.n.02	0.315
110187421	man.n.01	0.796
110187499	man.n.03	0.407
110187510	man.n.03	0.426
110187522	man.n.01	0.625
110187678	man.n.01	0.581
110188019	man.n.01	0.842
101799714	man.n.03	0.578
110188469	man.n.01	0.579
110188502	man.n.01	0.688
101800276	homo.n.02	0.439
110189638	man.n.03	0.492
101801031	man.n.01	0.385
110189978	man.n.01	0.833
101801689	man.n.01	0.938
101802233	man.n.01	0.715
110191278	man.n.03	0.543
110191288	man.n.03	0.453
110192019	man.n.03	0.628
110192051	man.n.01	0.859
101804292	man.n.03	0.558
101804931	man.n.03	0.676
110193675	man.n.03	0.51
110193685	man.n.01	0.565
110193879	man.n.01	0.595
110194001	man.n.01	0.64
110194004	man.n.01	0.867
110194010	man.n.01	0.499
110194074	man.n.01	0.586
110194200	man.n.01	0.803
110194504	man.n.01	0.427
110194550	man.n.01	0.567
110194745	man.n.01	0.495
101806875	man.n.01	0.597
110195551	man.n.01	0.914
110195610	man.n.01	0.988
110195719	man.n.01	0.552
110196041	man.n.01	0.966
110196087	man.n.01	0.83
101807875	man.n.01	0.904
110196805	man.n.01	0.784
101808781	man.n.01	0.807
101809230	man.n.01	0.956
101809547	man.n.03	0.472
101809561	man.n.03	0.472
110198268	man.n.01	0.75
101809755	people.n.01	0.958
101809958	person.n.01	0.975
110198937	man.n.01	0.874
110199203	man.n.03	0.548
110199220	man.n.03	0.514
101811004	man.n.01	0.838
101811006	man.n.01	0.9
110200228	man.n.03	0.508
110200245	man.n.03	0.632
110200250	man.n.03	0.665
110200435	man.n.01	0.87
110200557	man.n.01	0.669
110200671	man.n.01	0.8
110200699	man.n.01	0.582
110200706	man.n.01	0.678
110202213	man.n.01	0.435
110202553	man.n.01	0.509
110202827	man.n.01	0.458
110203054	man.n.03	0.663
110204372	man.n.03	0.497
110205722	man.n.01	0.921
110205757	man.n.01	0.958
110205785	man.n.01	0.902
110206475	man.n.03	0.573
110206479	man.n.01	0.453
110206628	man.n.01	0.706
110206636	man.n.01	0.54
110206641	man.n.01	0.948
110206666	man.n.03	0.555
110206673	man.n.03	0.72
110206996	man.n.03	0.584
110207194	man.n.01	0.559
110207571	man.n.01	0.804
110207575	man.n.01	0.86
110208415	man.n.01	0.922
110208775	man.n.01	0.832
110208874	man.n.01	0.755
110209817	man.n.01	0.865
110209986	man.n.01	0.493
110210178	man.n.01	0.552
110210382	homo.n.02	0.439
110210499	man.n.01	0.701
110210648	man.n.01	0.606
110210669	man.n.01	0.632
110211281	man.n.01	0.988
110211445	man.n.03	0.546
110212456	man.n.01	0.864
110212463	man.n.01	0.942
110213318	man.n.03	0.465
110214223	man.n.01	0.76
110214227	man.n.01	0.763
110214235	man.n.01	0.591
110214402	man.n.01	0.583
110214665	man.n.01	0.496
101826652	homo.n.02	None
101826964	man.n.01	0.489
110215767	man.n.03	0.78
110215802	man.n.03	0.542
110215962	man.n.03	0.507
110216036	man.n.03	0.586
101827656	man.n.01	0.47
101827890	homo.n.02	0.381
110216546	man.n.03	0.803
101828244	homo.n.02	None
101828422	homo.n.02	0.673
101828616	man.n.01	0.834
110217469	man.n.01	0.543
110217780	man.n.01	0.689
110218442	man.n.03	0.419
110218477	man.n.03	0.415
110218495	man.n.03	0.492
110218497	man.n.01	0.723
101830339	man.n.01	0.837
110219060	man.n.03	0.484
101830558	homo.n.02	0.445
110219523	man.n.01	0.904
110219658	man.n.01	0.84
110219723	man.n.01	0.412
110219755	man.n.01	0.858
110219864	man.n.03	0.52
110220347	man.n.01	0.895
110220765	man.n.01	0.784
110220864	man.n.01	0.667
110220963	man.n.01	0.92
110221036	man.n.03	0.685
110221680	man.n.01	0.816
110221878	man.n.03	0.67
110221981	man.n.01	0.501
110222098	man.n.01	0.607
110222119	man.n.01	0.97
110222986	man.n.03	0.453
110223914	man.n.01	0.607
110223917	man.n.03	0.549
101835939	man.n.01	0.492
110224673	man.n.01	0.948
110225017	man.n.01	0.972
110225075	man.n.01	0.654
101836879	man.n.01	0.961
110225890	man.n.03	0.399
101837380	man.n.01	0.686
101837521	man.n.01	0.497
101838935	world.n.08	None
110227925	man.n.03	0.567
110228375	man.n.01	0.767
110228578	man.n.01	0.809
101840098	people.n.01	0.919
110229110	man.n.03	0.581
110229185	man.n.03	0.619
101840764	world.n.08	None
110229389	man.n.01	0.79
110229412	man.n.01	0.299
110230245	man.n.01	0.96
110230824	man.n.03	0.751
110231049	man.n.01	0.732
110231283	man.n.01	0.453
110231677	man.n.01	0.448
110231752	man.n.03	0.759
101844043	man.n.03	0.424
110232665	man.n.03	0.554
110232678	man.n.01	0.62
110232976	man.n.01	0.881
110233246	man.n.01	0.452
101844995	man.n.01	0.975
101845293	man.n.01	0.515
101846034	man.n.03	0.482
101846443	man.n.01	0.415
110235631	man.n.03	0.715
110236530	man.n.01	0.92
110237333	man.n.01	0.97
101849100	world.n.08	None
101849408	man.n.01	0.879
101849673	man.n.01	0.485
101850005	universe.n.01	0.396
101850181	deity.n.01	0.693
110239025	man.n.01	0.992
101850474	man.n.03	0.409
101850788	man.n.01	0.956
101851555	man.n.03	0.526
110240938	man.n.01	0.955
110240974	man.n.01	0.974
110240983	man.n.01	0.604
110241029	man.n.01	0.977
110241086	man.n.01	0.975
110241194	man.n.01	0.702
110241263	man.n.01	0.875
101852691	man.n.01	0.873
110241316	world.n.08	None
101853168	man.n.01	0.86
101853334	man.n.01	0.377
101853438	man.n.03	0.653
110242075	person.n.01	0.998
101853513	man.n.03	0.464
101853836	humanness.n.01	0.579
101853885	homo.n.02	0.412
101854015	person.n.01	0.937
101854260	man.n.03	0.382
101854291	homo.n.02	0.395
101854365	homo.n.02	None
110243108	homo.n.02	0.374
110243257	man.n.01	0.926
101854706	world.n.08	None
101854729	man.n.01	0.737
110243392	man.n.01	0.754
110243686	man.n.01	0.934
101855101	person.n.01	None
110244166	man.n.01	0.982
110244305	world.n.08	0.347
110244312	man.n.01	0.825
101855754	chap.n.01	0.788
110244554	homo.n.02	0.636
101856002	humanness.n.01	0.453
110244627	man.n.01	0.691
101856378	man.n.01	0.499
101856579	man.n.03	0.529
101856582	man.n.01	0.496
110245528	man.n.01	0.868
101856933	man.n.01	0.633
101856999	man.n.03	0.411
101858305	sir.n.01	0.991
110246963	man.n.01	0.435
110247355	man.n.01	0.979
101859374	man.n.03	0.469
101859441	man.n.03	0.69
101859457	man.n.01	0.713
118636986	man.n.01	0.751
101860096	world.n.08	None
101860316	world.n.08	None
101860670	man.n.01	0.874
101860712	man.n.01	0.589
110249346	man.n.01	0.93
101860743	man.n.03	0.556
101860930	man.n.01	0.915
101861293	man.n.01	0.301
110250375	man.n.01	0.983
110250569	man.n.01	0.913
101862090	person.n.01	0.999
118639459	cattle.n.01	None
101862567	man.n.01	0.953
101862979	man.n.01	0.835
101863101	man.n.01	0.909
101863161	man.n.01	0.354
110252746	man.n.01	0.981
110252867	man.n.01	0.377
101864543	world.n.08	None
110253289	man.n.01	0.869
101864865	man.n.01	0.984
101864960	chap.n.01	0.883
101865139	man.n.01	0.898
101866208	man.n.01	0.973
101866374	man.n.01	0.823
101866528	man.n.01	0.994
101869119	people.n.01	0.95
101869597	world.n.08	None
118646915	man.n.01	0.939
101873523	man.n.03	0.383
118653112	man.n.01	0.903
101876066	man.n.01	0.725
101876084	homo.n.02	None
101876286	man.n.03	0.361
101877104	man.n.01	0.538
101877416	man.n.01	0.451
101878651	man.n.03	0.568
118656014	world.n.08	None
118656032	man.n.01	0.415
101879697	homo.n.02	0.455
101879738	man.n.01	0.909
101883035	man.n.01	0.987
101884576	man.n.01	0.654
101885021	man.n.01	0.627
101887298	man.n.01	0.685
101887885	earth.n.01	0.634
118665807	man.n.01	0.968
101890327	man.n.01	0.91
101890385	man.n.01	0.923
101890434	man.n.03	0.499
101890477	people.n.01	0.971
101891101	world.n.08	None
101893383	man.n.01	0.692
101895288	man.n.01	0.887
101895551	man.n.01	0.748
101895605	man.n.01	0.913
101895608	man.n.01	0.856
101895630	man.n.01	0.963
101895635	man.n.01	0.963
101895659	man.n.01	0.927
101895660	man.n.01	0.927
110284503	man.n.01	0.567
110284684	homo.n.02	0.66
118673375	man.n.01	0.913
101896553	man.n.01	0.858
101896573	man.n.01	0.996
101896602	man.n.01	0.993
101897238	man.n.01	0.956
101897257	man.n.03	0.49
101897270	man.n.03	0.633
101897327	man.n.03	0.419
101897353	man.n.03	0.625
101897398	man.n.03	0.633
101897431	man.n.03	0.802
101897468	man.n.03	0.829
101898268	man.n.01	0.973
101898411	man.n.03	0.465
101898925	man.n.01	0.909
110287595	man.n.01	0.982
110287680	man.n.03	0.534
101899777	lunatic.n.01	None
101899809	man.n.01	0.964
101899888	homo.n.02	None
101899939	man.n.01	0.797
101899983	man.n.01	0.626
110289699	man.n.01	0.456
110289718	man.n.01	0.711
101901230	man.n.03	0.523
101901388	man.n.03	0.621
101904023	man.n.01	0.704
101904055	man.n.03	0.49
101904207	man.n.03	0.471
101904233	man.n.01	0.588
101904338	man.n.01	0.573
101904993	man.n.01	0.734
101905113	world.n.08	None
101905228	world.n.08	None
101905403	man.n.01	0.625
101905925	people.n.01	0.956
101905974	people.n.01	0.958
101906125	man.n.01	0.577
101906344	man.n.01	0.906
101906358	man.n.03	0.531
101907123	man.n.01	0.876
101907160	man.n.01	0.639
101907604	man.n.01	0.605
101908014	man.n.01	0.96
101908113	man.n.01	0.952
101908189	man.n.01	0.928
118685803	man.n.01	0.88
101909240	world.n.08	None
101909395	man.n.01	0.863
101909401	man.n.01	0.759
101909583	man.n.01	0.893
101909591	man.n.01	0.92
101909606	man.n.01	0.831
101910190	homo.n.02	0.679
101910246	man.n.01	0.581
101910523	person.n.01	None
118687824	people.n.01	0.798
101910911	man.n.01	0.96
101911140	man.n.01	0.593
101911538	man.n.01	0.929
101912000	man.n.01	0.526
101912326	universe.n.01	0.8
101912481	man.n.01	0.906
101912841	people.n.01	0.929
101913921	people.n.01	0.973
101914165	world.n.08	None
101915802	man.n.01	0.42
101915944	world.n.08	None
101917450	man.n.01	0.977
101918852	man.n.01	0.87
101919094	man.n.01	0.839
101919179	man.n.01	0.833
101919983	man.n.03	0.453
101922683	world.n.08	None
101926543	man.n.01	0.916
101927459	man.n.01	0.74
101931574	man.n.01	0.89
101932686	man.n.03	0.515
101935104	man.n.01	0.801
101936985	universe.n.01	0.931
101939847	man.n.01	0.73
101941185	homo.n.02	0.621
118720654	humanness.n.01	0.597
118720813	deity.n.01	0.678
101943730	earth.n.01	0.499
118721030	man.n.01	0.612
118721106	man.n.01	0.466
118721161	homo.n.02	0.368
101944000	man.n.01	0.978
118721456	homo.n.02	0.64
118721635	world.n.08	0.732
101945028	people.n.01	0.97
101945058	people.n.01	0.989
101945116	people.n.01	0.967
101945299	homo.n.02	None
101945328	man.n.03	0.425
118722673	man.n.01	0.9
118722767	man.n.03	0.31
118722818	man.n.01	0.622
118722907	man.n.03	0.497
101945916	man.n.03	0.445
118723264	man.n.01	0.531
101946443	world.n.08	None
101946479	man.n.01	0.775
101946879	man.n.01	0.941
101946938	world.n.08	None
101947015	man.n.03	0.686
118724615	world.n.08	None
118724653	homo.n.02	None
101948039	man.n.01	0.917
101948208	people.n.01	0.944
101948270	man.n.01	0.914
118725945	man.n.01	0.835
101948868	man.n.01	0.575
101948925	man.n.01	0.832
101949113	man.n.01	0.888
101950417	man.n.01	0.482
101951268	man.n.01	0.714
101952006	world.n.08	None
101953214	person.n.01	1.0
101954009	man.n.01	0.814
101954012	man.n.01	0.87
101954053	world.n.08	0.361
101954389	man.n.01	0.542
101954462	man.n.01	0.963
101954803	man.n.01	0.712
101956370	people.n.01	0.983
101956471	person.n.01	1.0
101956546	man.n.01	0.905
101957082	person.n.01	0.999
101957122	people.n.01	0.987
101957286	world.n.08	None
101957311	follower.n.01	0.998
101957444	people.n.01	0.975
101957784	people.n.01	0.949
101960391	chap.n.01	0.97
101961236	man.n.01	0.835
101961293	people.n.01	0.945
101961322	man.n.01	0.781
101962091	man.n.01	0.969
101962093	man.n.01	0.949
101962860	homo.n.02	0.462
101962889	man.n.01	0.39
101962911	homo.n.02	0.406
101962926	homo.n.02	0.622
101962955	homo.n.02	0.434
101962964	homo.n.02	0.416
101963038	man.n.03	0.495
101963045	man.n.03	0.506
101963066	man.n.03	0.395
101963121	homo.n.02	0.509
101963213	homo.n.02	0.414
101963240	man.n.01	0.301
101963279	man.n.01	0.471
101963441	man.n.01	0.51
101963636	man.n.03	0.6
101963691	people.n.01	0.963
101963712	people.n.01	0.977
101963798	man.n.03	0.575
101964563	man.n.01	0.384
101965031	man.n.01	0.869
101965053	people.n.01	0.942
101965094	people.n.01	0.967
101965120	people.n.01	0.899
101965263	man.n.01	0.886
101965710	world.n.08	None
101965883	man.n.01	0.83
101966973	man.n.01	0.943
101967556	man.n.01	0.955
101967580	people.n.01	0.968
101967769	man.n.01	0.741
101967783	man.n.01	0.738
101967832	homo.n.02	None
101967861	man.n.01	0.804
101967883	man.n.01	0.683
101967972	homo.n.02	0.549
101967977	man.n.01	0.784
101968005	man.n.01	0.709
101968081	person.n.01	0.999
118746372	man.n.01	0.524
118746433	man.n.03	0.612
118746599	man.n.03	0.646
118746700	world.n.08	None
101969492	chap.n.01	0.937
118747726	man.n.01	0.583
101970513	man.n.01	0.465
118747819	man.n.01	0.857
118747855	world.n.08	None
118748075	man.n.01	0.514
101971372	man.n.01	0.841
118748609	chap.n.01	0.966
101971542	man.n.01	0.852
118748811	man.n.01	0.538
118748832	world.n.08	None
101972397	man.n.01	0.728
118749700	man.n.01	0.799
118749712	man.n.01	0.513
101972617	neighbor.n.01	0.999
101972811	man.n.01	0.892
118750721	man.n.01	0.854
118750818	people.n.01	0.937
118751016	man.n.01	0.927
118751261	people.n.01	0.908
118751754	chap.n.01	0.944
101974553	man.n.01	0.833
101974586	man.n.01	0.939
101974602	man.n.01	0.677
101974956	man.n.01	0.986
101975053	people.n.01	0.899
101975089	man.n.01	0.907
101975155	man.n.03	0.476
101975188	world.n.08	None
101975243	people.n.01	0.94
101975314	world.n.08	None
101975323	populace.n.01	0.782
101975363	people.n.01	0.962
101975417	world.n.08	None
101975549	people.n.01	0.979
101975745	friend.n.01	0.992
118753199	man.n.01	0.971
101976147	friend.n.01	0.992
101976277	man.n.01	0.885
101976304	man.n.01	0.683
101976376	man.n.01	0.616
118753613	inhabitant.n.01	None
101976860	friend.n.01	0.985
101977049	man.n.03	0.571
118754419	humanness.n.01	0.62
101977323	man.n.01	0.553
118754720	man.n.01	0.926
101977926	man.n.01	0.727
101978848	people.n.01	0.966
118756917	man.n.01	0.949
101979810	world.n.08	None
101981181	people.n.01	0.949
101981279	man.n.03	0.619
101981340	man.n.01	0.463
101981420	man.n.01	0.978
101981496	homo.n.02	0.407
101981580	homo.n.02	0.482
101981604	world.n.08	None
118759019	man.n.01	0.988
118759243	man.n.01	0.987
118759560	population.n.01	0.709
118760381	man.n.01	0.94
101983535	chap.n.01	0.789
101983597	person.n.01	0.999
101983674	man.n.03	0.523
118761750	man.n.01	0.703
118761757	man.n.01	0.791
118761832	man.n.01	0.98
118762236	man.n.01	0.83
118762496	man.n.01	0.53
118762664	homo.n.02	0.42
118762679	homo.n.02	0.447
101985494	world.n.08	None
118763147	man.n.01	0.878
118763355	man.n.01	0.841
118763960	inhabitant.n.01	None
101987066	people.n.01	0.969
118764832	man.n.01	0.938
101987624	man.n.01	0.83
101987730	people.n.01	0.955
118764968	man.n.01	0.978
101987968	people.n.01	0.958
118765380	homo.n.02	0.504
101988201	people.n.01	0.968
118765492	people.n.01	0.985
118765984	man.n.01	0.887
101989301	man.n.01	0.419
101989466	man.n.01	0.942
101989650	universe.n.01	0.934
101989788	populace.n.01	0.629
118767365	man.n.01	0.951
118767413	people.n.01	0.978
101990339	world.n.08	None
101990944	man.n.03	0.599
101991411	man.n.01	0.742
118768751	man.n.01	0.4
101991888	person.n.01	1.0
101991902	man.n.01	0.402
101992534	homo.n.02	None
101992556	man.n.01	0.939
101992922	people.n.01	0.978
101993007	people.n.01	0.933
101993282	man.n.01	0.971
101993312	folk.n.01	0.98
101993419	man.n.01	0.383
118770727	man.n.01	0.755
101993733	man.n.01	0.601
101993939	man.n.01	0.927
118771198	homo.n.02	0.377
101994124	person.n.01	0.996
118771585	man.n.01	0.875
118771727	world.n.08	None
101995626	chap.n.01	0.935
101996568	man.n.01	0.692
101996669	world.n.08	None
101996832	world.n.08	None
118774738	man.n.01	0.944
118775172	man.n.01	0.939
101998128	man.n.01	0.914
101998153	man.n.01	0.973
101998280	man.n.01	0.51
118775824	humanness.n.01	0.455
118776296	serviceman.n.01	0.772
118776640	world.n.08	None
101999916	person.n.01	0.999
118778357	man.n.01	0.867
102001169	man.n.03	0.604
118778744	man.n.01	0.984
102001735	man.n.01	0.825
118779270	man.n.01	0.396
102002602	man.n.01	0.422
102002624	man.n.03	0.355
102002905	man.n.01	0.773
102002945	man.n.03	0.464
102003004	man.n.03	0.545
118780565	world.n.08	None
102003484	man.n.01	0.672
102003601	man.n.01	0.806
118780888	world.n.08	None
118781003	man.n.01	0.62
118781033	man.n.01	0.86
118781110	man.n.01	0.99
118781166	man.n.01	0.968
118781464	man.n.01	0.877
102004275	man.n.01	0.59
102004350	man.n.01	0.609
110392977	people.n.01	0.974
102004617	man.n.01	0.936
118781879	man.n.01	0.986
102004998	universe.n.01	0.913
102005645	man.n.01	0.701
102005791	homo.n.02	None
110394625	man.n.01	0.555
102006194	homo.n.02	0.606
102006207	serviceman.n.01	0.41
110395260	man.n.01	0.95
102006922	man.n.01	0.965
102006942	man.n.01	0.954
102007051	man.n.01	0.95
102007150	man.n.01	0.863
102007406	man.n.01	0.388
102007524	man.n.01	0.933
102007534	people.n.01	0.958
102007746	man.n.01	0.724
118785288	man.n.01	0.862
110396711	people.n.01	0.961
102008109	rogue.n.01	0.866
102008170	person.n.01	0.999
102008287	person.n.01	0.999
118785621	world.n.08	None
102008528	man.n.01	0.936
102008562	man.n.01	0.513
102008772	world.n.08	None
102008786	man.n.01	0.651
102008881	man.n.01	0.714
102009192	world.n.08	None
102009265	man.n.01	0.897
118786622	man.n.01	0.974
102009620	man.n.03	0.73
118786955	man.n.01	0.932
102009852	man.n.01	0.954
118787080	man.n.01	0.877
102010128	man.n.01	0.929
102010154	man.n.01	0.731
118787665	man.n.01	0.931
102010646	world.n.08	None
102011793	world.n.08	None
102011863	world.n.08	None
118789096	world.n.08	None
102012481	sir.n.01	0.98
118789696	man.n.01	0.99
118789737	people.n.01	0.905
118789770	man.n.01	0.41
118789805	man.n.03	0.493
118789981	man.n.01	0.927
118791314	man.n.03	0.686
118791325	man.n.03	0.497
118791826	man.n.01	0.546
102014793	man.n.01	0.869
102014944	man.n.01	0.401
102015020	world.n.08	None
118792247	chap.n.01	0.974
102015099	man.n.03	0.832
118792699	man.n.01	0.929
118792943	man.n.03	0.463
118792950	man.n.01	0.471
118793010	man.n.01	0.964
118793769	man.n.01	0.955
118793966	man.n.01	0.378
102016814	homo.n.02	None
102016830	homo.n.02	None
102016864	homo.n.02	None
102017067	world.n.08	None
118794425	inhabitant.n.01	None
102017402	man.n.01	0.653
102017746	man.n.01	0.892
110406482	man.n.01	0.919
102017965	man.n.03	0.637
110407070	man.n.01	0.8
118795717	people.n.01	0.799
102018765	man.n.01	0.933
118796072	man.n.01	0.974
102018857	people.n.01	0.889
118796159	people.n.01	0.91
102019142	world.n.08	None
118796661	world.n.08	None
110408502	homo.n.02	None
118797369	world.n.08	None
102020231	people.n.01	0.979
118797707	man.n.01	0.968
102021322	slave.n.01	0.994
102021623	world.n.08	None
102021791	man.n.01	0.736
102021809	man.n.01	0.622
118799291	man.n.01	0.879
102022278	world.n.08	None
102023007	man.n.01	0.907
118800233	man.n.01	0.939
102023394	man.n.01	0.858
102023678	man.n.01	0.931
102023726	man.n.03	0.559
118800972	world.n.08	0.648
118800998	man.n.01	0.639
118801008	man.n.01	0.91
102023981	man.n.01	0.824
102024035	man.n.01	0.866
110412872	homo.n.02	0.814
118801539	world.n.08	None
118801697	world.n.08	None
102024613	universe.n.01	0.964
118802112	humanness.n.01	0.477
118802391	chap.n.01	0.885
102025251	chap.n.01	0.494
102025441	man.n.01	0.541
118802697	populace.n.01	0.588
102025540	man.n.01	0.813
102025771	chap.n.01	0.93
118803248	man.n.01	0.899
102026215	chap.n.01	0.8
118803478	man.n.01	0.729
102026357	chap.n.01	0.845
102026428	chap.n.01	0.778
118803875	man.n.01	0.985
102026806	chap.n.01	0.884
118804171	man.n.01	0.77
102027026	man.n.01	0.499
102027041	man.n.01	0.543
118805619	man.n.03	0.415
118805738	man.n.01	0.974
118806017	man.n.01	0.53
102029506	homo.n.02	None
118806731	man.n.01	0.565
102029556	chap.n.01	0.936
102029640	man.n.01	0.665
118806906	man.n.01	0.971
102030041	people.n.01	0.912
102031053	people.n.01	0.916
110420395	man.n.01	0.428
118809363	world.n.08	None
102032431	man.n.01	0.835
102032536	man.n.01	0.979
118809782	man.n.01	0.951
118810106	man.n.01	0.813
118810821	man.n.01	0.929
102034184	man.n.01	0.703
102034592	man.n.01	0.954
118811960	man.n.03	0.432
118812677	man.n.01	0.97
118812746	world.n.08	None
102036177	people.n.01	0.987
118813696	friend.n.01	0.99
118813951	man.n.01	0.96
118814061	man.n.01	0.957
118815059	man.n.01	0.965
118815240	man.n.01	0.672
118815305	man.n.01	0.671
102038234	man.n.01	0.812
102038251	man.n.01	0.421
102038807	layman.n.01	None
118816060	man.n.01	0.921
102039104	man.n.01	0.889
102039437	man.n.01	0.481
102039663	man.n.01	0.82
102039936	person.n.01	0.999
102039963	people.n.01	0.957
102040112	man.n.01	0.491
118818456	homo.n.02	None
102041428	world.n.08	None
118818681	man.n.01	0.976
118819813	world.n.08	None
118819828	world.n.08	None
102043440	man.n.03	0.495
102043486	world.n.08	None
102043540	homo.n.02	0.418
102043619	man.n.01	0.394
102043785	man.n.01	0.539
102043975	people.n.01	0.66
102044078	man.n.03	0.489
102044362	world.n.08	0.321
102045051	man.n.01	0.731
102045645	man.n.03	0.403
102045914	man.n.01	0.897
118823652	man.n.01	0.534
102046634	man.n.03	0.684
102047091	man.n.01	0.875
102047254	man.n.01	0.519
118824711	world.n.08	None
102047950	man.n.01	0.88
102047957	world.n.08	None
102047973	man.n.01	0.845
102048443	man.n.01	0.727
102048657	man.n.01	0.636
102049176	man.n.01	0.823
102049347	man.n.01	0.842
118826601	man.n.01	0.85
102049386	world.n.08	None
102049592	man.n.01	0.832
118826844	man.n.01	0.917
102050467	man.n.01	0.962
102050559	man.n.01	0.79
118828288	man.n.01	0.685
118828318	humanness.n.01	0.714
102051205	man.n.01	0.776
102052464	man.n.01	0.613
102052583	man.n.01	0.837
102052708	man.n.03	0.432
118830100	man.n.01	0.759
102053029	man.n.01	0.84
118830345	man.n.01	0.963
118830440	homo.n.02	0.384
102053764	chap.n.01	0.736
118831970	people.n.01	0.74
118833880	world.n.08	None
118834047	man.n.01	0.62
118834059	man.n.01	0.383
118835301	organism.n.01	0.992
102058496	man.n.01	0.842
118835911	world.n.08	None
102058889	man.n.01	0.891
118836686	man.n.01	0.823
118837147	humanness.n.01	0.852
118837181	man.n.01	0.966
118837238	man.n.01	0.475
118837272	man.n.01	0.754
118837473	man.n.03	0.531
118837563	man.n.03	0.435
118837619	man.n.01	0.938
118837756	man.n.01	0.674
118837784	man.n.03	0.455
118838187	inhabitant.n.01	None
118838517	man.n.01	0.721
118838719	man.n.01	0.398
118838764	world.n.08	None
118838798	homo.n.02	0.479
118838826	world.n.08	None
102062341	world.n.08	None
118839684	chap.n.01	0.938
118840183	man.n.01	0.944
102063073	man.n.01	0.759
102063102	man.n.01	0.491
118840468	people.n.01	0.933
118841001	homo.n.02	None
102063842	man.n.01	0.651
102063875	man.n.01	0.524
102063974	man.n.01	0.572
102064422	man.n.03	0.521
102064621	man.n.01	0.872
102064663	man.n.03	0.482
118841966	man.n.01	0.741
118841973	man.n.03	0.515
118842033	man.n.03	0.443
102065050	man.n.01	0.475
118842866	man.n.01	0.978
118844168	homo.n.02	0.4
118844238	man.n.01	0.935
118844399	man.n.01	0.544
118844522	man.n.01	0.759
118844903	man.n.01	0.514
118845496	world.n.08	None
102068552	man.n.03	0.419
102069094	world.n.08	None
118846830	man.n.03	0.371
118847035	world.n.08	None
102069827	world.n.08	None
118847417	world.n.08	None
102070625	man.n.03	0.615
102070874	man.n.03	0.46
102071044	man.n.03	0.56
102071474	humanness.n.01	0.496
102072378	man.n.01	0.893
102072479	man.n.01	0.854
102072577	man.n.03	0.639
102073413	man.n.01	0.573
102073508	man.n.01	0.796
102073667	man.n.01	0.763
102073705	man.n.01	0.628
118850922	man.n.01	0.885
102073792	man.n.03	0.445
118852146	world.n.08	None
118853578	man.n.01	0.729
102076571	man.n.01	0.829
118854228	man.n.03	0.346
118855142	man.n.01	0.559
118855275	man.n.01	0.965
118856521	man.n.01	0.507
102079776	man.n.01	0.693
118857724	man.n.01	0.908
102081327	world.n.08	None
102081811	man.n.01	0.443
102082806	world.n.08	None
118861701	man.n.01	0.574
118861725	man.n.01	0.934
118862170	universe.n.01	0.966
102085319	man.n.01	0.524
118862959	man.n.01	0.869
118863540	man.n.01	0.976
102086516	world.n.08	None
102088042	man.n.01	0.796
118866220	man.n.01	0.846
102089529	man.n.03	0.49
102089583	man.n.01	0.465
118867054	man.n.01	0.986
118867447	man.n.01	0.963
102090280	man.n.01	0.994
118868104	man.n.01	0.783
118870630	person.n.01	0.999
118872327	man.n.01	0.93
102096605	world.n.08	None
118874571	man.n.01	0.681
102099391	man.n.01	0.69
102099437	man.n.01	0.941
102099448	man.n.01	0.475
102099861	man.n.01	0.498
102100310	man.n.01	0.56
102101024	homo.n.02	0.651
102101923	person.n.01	None
102103344	man.n.01	0.962
118881057	homo.n.02	None
118882575	person.n.01	None
118882719	person.n.01	None
118882862	homo.n.02	None
118882962	homo.n.02	None
118883034	person.n.01	0.969
118885087	person.n.01	None
118886053	homo.n.02	None
102109034	man.n.01	0.686
118886824	organism.n.01	0.996
118886934	homo.n.02	None
118887522	people.n.01	0.977
102111131	man.n.01	0.852
102112444	person.n.01	0.997
102112481	man.n.03	0.465
102112565	homo.n.02	0.53
102112697	man.n.01	0.736
102112793	world.n.08	None
102112817	man.n.01	0.371
118890033	person.n.01	None
118890037	person.n.01	None
118890481	homo.n.02	None
118890841	person.n.01	None
118892245	person.n.01	None
118892370	person.n.01	None
118892827	person.n.01	None
118893601	person.n.01	None
118893710	homo.n.02	None
102116904	man.n.01	0.92
102116991	man.n.01	0.947
102117013	man.n.01	0.988
118894333	homo.n.02	None
118894488	person.n.01	None
102117484	man.n.01	0.918
102118075	man.n.03	0.43
118895720	person.n.01	None
102118686	man.n.01	0.669
118896386	person.n.01	0.999
102120046	serviceman.n.01	0.627
118897418	person.n.01	None
118897912	person.n.01	None
118898516	person.n.01	None
118898951	person.n.01	None
118899585	person.n.01	None
102124093	man.n.03	0.531
118902206	person.n.01	None
118903470	people.n.01	0.986
118904331	person.n.01	None
102127633	man.n.01	0.653
102131596	man.n.01	0.91
102132234	man.n.01	0.433
102134520	man.n.01	0.529
102135581	man.n.01	0.914
102137113	man.n.01	0.62
102137227	man.n.01	0.607
102137868	man.n.01	0.674
102140651	man.n.03	0.284
102140756	man.n.01	0.742
102141002	man.n.01	0.815
102141045	man.n.01	0.859
102141949	man.n.01	0.827
102143896	man.n.01	0.95
102143944	man.n.01	0.983
102143965	man.n.01	0.953
102143980	man.n.01	0.953
102144012	man.n.01	0.902
102144079	man.n.03	0.376
102144082	man.n.01	0.45
102146554	man.n.01	0.987
102146603	man.n.01	0.962
102146631	man.n.01	0.962
102146991	man.n.01	0.921
102147035	man.n.01	0.474
102147300	man.n.01	0.82
102147404	man.n.01	0.734
102148134	man.n.03	0.518
102148534	homo.n.02	None
102148579	man.n.01	0.784
102148841	man.n.01	0.895
118927914	girlfriend.n.02	0.483
102150848	man.n.01	0.745
102152045	man.n.01	0.522
102152054	man.n.01	0.625
102152107	man.n.03	0.703
102152160	man.n.03	0.559
102152349	man.n.03	0.392
102152407	man.n.01	0.845
102152508	man.n.01	0.577
118929869	man.n.01	0.89
102152669	man.n.03	0.603
118930047	man.n.01	0.977
118930415	man.n.01	0.995
118930714	chap.n.01	0.949
118930955	people.n.01	0.97
118931103	chap.n.01	0.929
118931296	man.n.01	0.895
102154321	man.n.01	0.833
102154585	homo.n.02	0.428
102154964	man.n.01	0.922
102155102	man.n.01	0.734
102157396	world.n.08	None
102157766	homo.n.02	0.464
102158240	man.n.01	0.531
102159100	world.n.08	None
102159113	world.n.08	None
102162655	man.n.03	0.568
102164745	man.n.01	0.648
118942663	man.n.01	0.915
118944239	man.n.01	0.784
102167243	man.n.01	0.594
102173529	man.n.03	0.503
102175916	world.n.08	None
102176478	man.n.01	0.815
102180009	man.n.01	0.854
102180682	homo.n.02	0.438
102181615	man.n.03	0.524
102182493	man.n.01	0.529
102184896	man.n.01	0.422
102185006	man.n.01	0.909
102186969	man.n.01	0.724
102188617	man.n.01	0.426
102188731	people.n.01	0.635
102188834	world.n.08	None
102189433	people.n.01	0.916
102189797	man.n.01	0.372
102190106	man.n.01	0.874
102190178	man.n.01	0.628
102190187	man.n.01	0.73
102190216	man.n.01	0.964
102190218	man.n.01	0.961
102190233	man.n.01	0.835
102190501	man.n.01	0.587
102190574	person.n.01	0.998
102190753	folk.n.01	0.803
102190850	man.n.01	0.663
102192868	man.n.01	0.837
102192893	man.n.01	0.924
102194009	man.n.03	0.384
102195293	people.n.01	0.985
102195526	man.n.01	0.526
102195659	man.n.01	0.829
102195794	man.n.01	0.71
102196019	world.n.08	None
102197460	man.n.01	0.61
102199205	man.n.01	0.74
102199773	homo.n.02	0.508
102199812	man.n.01	0.91
102200130	man.n.01	0.756
102200171	man.n.03	0.469
102200229	person.n.01	0.998
102200603	people.n.01	0.959
102200837	man.n.06	0.609
102200978	man.n.01	0.541
102202006	man.n.01	0.96
118980121	man.n.01	0.846
118980661	man.n.01	0.694
118980716	man.n.03	0.583
118980727	man.n.01	0.726
118980770	man.n.01	0.793
118980803	man.n.01	0.746
118981209	man.n.03	0.575
118981356	man.n.01	0.975
118981386	man.n.01	0.956
118981396	man.n.03	0.691
118981455	man.n.03	0.577
102204327	man.n.01	0.851
118981543	man.n.03	0.41
102204370	world.n.08	None
118981697	man.n.01	0.566
118981733	man.n.03	0.5
118981791	man.n.01	0.834
102204623	man.n.01	0.736
118982286	man.n.01	0.85
102205375	homo.n.02	0.516
118982638	man.n.01	0.977
118982740	man.n.01	0.61
102205717	people.n.01	0.967
118982947	man.n.01	0.803
118983083	man.n.01	0.922
102205872	world.n.08	None
118983097	man.n.01	0.852
118983182	man.n.03	0.772
118983685	man.n.03	0.453
102206906	man.n.01	0.909
118984180	man.n.03	0.563
118984204	man.n.03	0.512
102207133	man.n.01	0.973
118984544	person.n.01	None
118984729	man.n.01	0.961
118984971	man.n.01	0.787
118984986	man.n.01	0.789
118984989	man.n.01	0.86
118985157	man.n.01	0.74
118985299	man.n.01	0.961
102208200	man.n.03	0.374
102208245	man.n.01	0.84
118985868	man.n.01	0.71
118985930	man.n.03	0.306
118985980	man.n.03	0.675
118986145	man.n.01	0.984
118986147	man.n.01	0.952
102209016	man.n.01	0.373
118986275	man.n.01	0.499
118986338	man.n.01	0.813
102209171	homo.n.02	0.55
102209241	world.n.08	None
118986486	man.n.01	0.513
118986494	man.n.01	0.513
118986716	man.n.01	0.524
118986862	man.n.01	0.861
118986921	man.n.01	0.839
118986937	man.n.03	0.441
102209807	homo.n.02	0.391
118987116	man.n.03	0.65
102209972	homo.n.02	0.655
102209988	world.n.08	None
102210110	man.n.01	0.439
118987511	man.n.01	0.682
102211081	world.n.08	None
118988446	homo.n.02	0.375
118988691	man.n.03	0.57
118988734	man.n.01	0.663
118989320	man.n.01	0.985
118989517	man.n.03	0.468
118989650	man.n.03	0.357
118989712	man.n.01	0.578
102212531	man.n.01	0.844
118990026	man.n.03	0.428
118990043	man.n.03	0.435
102212870	man.n.01	0.453
118990109	man.n.01	0.746
118990441	man.n.01	0.762
118990463	homo.n.02	0.424
118990574	man.n.01	0.991
118991150	man.n.01	0.69
118991220	man.n.03	0.555
118991230	man.n.03	0.555
118991313	man.n.01	0.89
118991315	man.n.01	0.986
118991389	man.n.01	0.635
118991502	man.n.01	0.416
102214455	earth.n.01	0.559
118991754	man.n.01	0.623
118991874	man.n.01	0.418
118992163	man.n.01	0.964
118992190	man.n.01	0.957
118992211	man.n.01	0.769
118992573	man.n.03	0.45
118992589	man.n.01	0.434
118992823	man.n.01	0.392
118992833	man.n.01	0.965
118992835	man.n.01	0.921
118993234	man.n.01	0.52
118993635	homo.n.02	0.314
102216680	serviceman.n.01	0.576
102216687	foreigner.n.01	0.884
118995058	man.n.01	0.648
118995382	man.n.01	0.69
118995389	man.n.01	0.637
102219709	man.n.03	0.52
118997039	man.n.01	0.98
118997163	man.n.01	0.978
102220176	man.n.03	0.51
118997711	man.n.03	0.556
118997734	homo.n.02	0.504
118997741	man.n.03	0.344
118998035	homo.n.02	0.403
118998041	man.n.01	0.589
118998052	man.n.01	0.589
118998069	man.n.03	0.445
118998101	man.n.01	0.975
118998143	man.n.01	0.974
118998169	man.n.01	0.6
118998297	man.n.01	0.608
118998371	homo.n.02	0.411
118998434	man.n.01	0.802
102221245	man.n.01	0.743
102221323	man.n.03	0.577
118998570	man.n.01	0.405
118998669	man.n.01	0.567
118998753	man.n.03	0.699
118998782	man.n.03	0.705
118998839	man.n.03	0.617
118998847	man.n.03	0.617
118998894	man.n.01	0.683
118999102	man.n.03	0.5
102221889	man.n.01	0.739
102221982	homo.n.02	0.431
118999249	man.n.01	0.911
118999258	man.n.01	0.501
102222060	man.n.01	0.501
118999456	man.n.01	0.66
118999611	man.n.01	0.92
102222730	man.n.01	0.92
118999996	man.n.01	0.795
119000097	man.n.03	0.682
119000107	man.n.03	0.596
119000143	man.n.03	0.61
102223016	man.n.03	0.7
119000284	man.n.03	0.51
119000839	homo.n.02	0.416
119001299	man.n.01	0.566
119001552	man.n.01	0.588
119001775	man.n.03	0.726
119001966	man.n.03	0.734
102224790	world.n.08	None
119002144	man.n.01	0.743
119002188	man.n.01	0.863
119002341	man.n.01	0.83
119002377	man.n.01	0.683
119002665	man.n.01	0.605
119003164	man.n.01	0.805
119003194	man.n.01	0.737
102226010	manhood.n.01	0.635
102226062	man.n.01	0.865
119003297	man.n.03	0.525
119003442	man.n.03	0.485
102226379	man.n.01	0.928
119003689	man.n.01	0.889
119003717	man.n.03	0.843
102226532	man.n.03	0.454
119003838	friend.n.01	0.984
119003893	man.n.03	0.56
119004158	man.n.01	0.916
102227005	man.n.01	0.881
102227054	man.n.01	0.621
119004299	man.n.01	0.915
102227230	man.n.03	0.694
119004548	man.n.03	0.456
102227732	man.n.01	0.919
102227759	man.n.01	0.709
102227897	man.n.01	0.68
119005389	man.n.01	0.841
102228527	man.n.03	0.464
102229166	homo.n.02	0.843
119006531	man.n.01	0.816
119006933	man.n.01	0.918
119007255	man.n.01	0.763
119007637	man.n.01	0.751
119008237	homo.n.02	0.601
119008550	man.n.01	0.855
119008763	man.n.01	0.982
102232306	man.n.01	0.485
119009655	world.n.08	None
119009672	man.n.01	0.497
102233750	man.n.01	0.946
102233850	man.n.01	0.546
119012050	man.n.01	0.675
119012316	man.n.01	0.558
119012909	sir.n.01	0.953
119012929	man.n.03	0.44
119013243	man.n.01	0.617
102236172	man.n.03	0.609
119013696	man.n.01	0.971
119013870	man.n.01	0.943
102236783	man.n.01	0.71
102237533	man.n.01	0.846
119014809	man.n.01	0.472
102238142	man.n.01	0.54
119015743	man.n.01	0.952
119015911	man.n.01	0.965
102238842	man.n.01	0.964
102239095	man.n.01	0.977
119016449	man.n.01	0.704
102239287	man.n.03	0.518
119017128	man.n.03	0.58
119017571	person.n.01	0.894
119017802	man.n.03	0.498
119017873	man.n.01	0.792
119017940	man.n.01	0.762
102240938	man.n.03	0.604
102241046	man.n.03	0.402
119018362	man.n.01	0.957
119018543	sir.n.01	0.908
119019864	man.n.01	0.892
119019871	man.n.01	0.553
119019873	man.n.01	0.44
119019967	man.n.01	0.993
119019997	man.n.01	0.958
102242807	person.n.01	None
119020031	man.n.01	0.929
119020033	man.n.01	0.884
119020064	man.n.01	0.501
119020067	man.n.01	0.583
119020120	man.n.01	0.951
119020146	man.n.01	0.978
119020148	man.n.01	0.978
119020167	man.n.01	0.599
119020170	man.n.01	0.789
119020657	man.n.01	0.438
119021049	homo.n.02	0.451
102244049	man.n.01	0.365
119021282	sir.n.01	0.958
119021334	man.n.03	0.546
102244712	humanness.n.01	0.674
102244822	world.n.08	None
102245204	man.n.01	0.983
119022498	man.n.01	0.534
119022516	man.n.03	0.729
102245340	man.n.01	0.442
119022556	man.n.01	0.872
119022558	man.n.01	0.748
119022564	humanness.n.01	0.934
102245428	man.n.01	0.673
102245691	people.n.01	0.989
119023117	man.n.03	0.604
102246388	man.n.01	0.772
119024834	person.n.01	None
119024973	man.n.01	0.745
119025556	man.n.01	0.403
119026141	man.n.01	0.736
119026577	man.n.03	0.59
119027148	man.n.01	0.531
119027165	person.n.01	None
102250008	man.n.01	0.723
119027246	homo.n.02	0.455
119027252	homo.n.02	0.48
119027293	man.n.01	0.581
119027386	homo.n.02	0.562
102250245	man.n.01	0.889
119027605	man.n.01	0.988
119027745	man.n.01	0.935
119027840	homo.n.02	0.43
119028821	man.n.01	0.451
119028823	man.n.01	0.527
102252079	man.n.03	0.574
119029573	man.n.01	0.868
102252361	world.n.08	None
119029848	man.n.01	0.904
119029850	man.n.01	0.931
119029913	man.n.01	0.419
119030084	incarnation.n.03	0.83
119030386	man.n.01	0.747
102253249	homo.n.02	0.383
102253281	man.n.01	0.879
119030623	man.n.01	0.831
119031569	man.n.01	0.865
102254371	citizen.n.01	None
119032088	man.n.01	0.64
102256084	world.n.08	None
119033521	man.n.01	0.94
119033554	man.n.03	0.494
119033572	man.n.01	0.668
119033579	man.n.01	0.878
119033651	man.n.01	0.562
119033654	man.n.01	0.651
119033698	man.n.01	0.772
119033707	man.n.01	0.589
119033756	man.n.01	0.619
102256696	man.n.01	0.781
119033965	man.n.03	0.474
102257713	man.n.01	0.465
119035249	sir.n.01	0.954
119035278	man.n.01	0.497
119035304	sir.n.01	0.959
102258147	man.n.01	0.676
119035563	sir.n.01	0.95
119035765	man.n.03	0.529
102259219	man.n.01	0.916
102259582	man.n.01	0.692
102259798	man.n.03	0.471
102260268	man.n.01	0.88
102260280	world.n.08	None
119037511	man.n.01	0.712
102260341	person.n.01	0.88
102261147	man.n.01	0.867
102261458	man.n.01	0.888
119038688	man.n.01	0.915
119038928	man.n.03	0.457
119039007	man.n.01	0.748
119039130	man.n.01	0.941
119039267	world.n.08	None
119039305	man.n.03	0.515
119039369	man.n.03	0.793
119039387	man.n.03	0.652
119039428	man.n.01	0.677
119039503	man.n.01	0.881
119039530	man.n.03	0.742
102262807	man.n.01	0.883
102262847	man.n.01	0.559
102263071	man.n.01	0.976
102263332	man.n.03	0.494
119040934	man.n.01	0.793
102263797	man.n.01	0.969
119041023	world.n.08	None
102264012	man.n.01	0.916
119041280	man.n.03	0.597
102264417	man.n.03	0.57
119041699	person.n.01	0.989
119041726	world.n.08	None
119041928	world.n.08	None
119042598	man.n.03	0.484
102265411	man.n.01	0.697
119042694	man.n.01	0.884
119042697	man.n.01	0.852
119043153	man.n.01	0.714
119043245	person.n.01	None
119043406	man.n.01	0.978
119043437	man.n.03	0.488
119043459	man.n.01	0.465
119043615	man.n.01	0.799
119043731	man.n.01	0.795
119043785	man.n.01	0.873
119043788	man.n.01	0.854
119043820	man.n.01	0.825
119043890	man.n.01	0.766
119043893	man.n.01	0.613
119044268	man.n.01	0.577
119044286	man.n.03	0.407
119044534	man.n.01	0.427
119044849	man.n.01	0.953
102267691	man.n.01	0.847
119045587	man.n.01	0.852
102268650	man.n.01	0.963
102268653	man.n.01	0.894
119045937	man.n.03	0.461
102268858	man.n.01	0.767
119046332	man.n.01	0.757
119046682	man.n.03	0.615
119046709	man.n.03	0.615
102269597	man.n.01	0.935
119047176	man.n.01	0.639
119047454	man.n.01	0.698
119047865	world.n.08	None
102270867	man.n.01	0.467
102270890	man.n.01	0.885
119048318	people.n.01	0.72
119048630	man.n.01	0.84
102272611	world.n.08	None
119049948	man.n.03	0.57
119050158	person.n.01	0.874
119050395	man.n.01	0.582
119051211	man.n.01	0.815
119052144	man.n.01	0.914
119053119	man.n.01	0.711
119053236	man.n.01	0.799
102276276	man.n.01	0.6
119053574	man.n.03	0.406
119053663	man.n.01	0.881
119053701	man.n.01	0.895
119053772	man.n.03	0.5
102276703	man.n.03	0.413
102276726	man.n.03	0.601
102276735	man.n.01	0.502
119054097	man.n.01	0.862
119054105	man.n.01	0.637
119054323	man.n.01	0.778
119054514	man.n.01	0.994
119054937	man.n.01	0.952
119055144	man.n.01	0.785
119055184	man.n.01	0.913
119055422	man.n.03	0.417
119055433	man.n.03	0.431
119055477	homo.n.02	0.3
102278430	man.n.01	0.819
119056162	man.n.01	0.355
102278958	man.n.01	0.845
119056737	state.n.04	0.671
119056941	man.n.03	0.348
119057013	man.n.01	0.909
102279804	man.n.03	0.535
119057591	man.n.03	0.442
102280426	man.n.01	0.899
102280580	man.n.03	0.613
119057943	world.n.08	None
119058017	man.n.03	0.384
102281646	man.n.01	0.923
102281666	people.n.01	0.938
102281757	people.n.01	0.792
119059084	homo.n.02	0.417
119059097	person.n.01	None
102282125	man.n.03	0.467
102282148	man.n.01	0.786
102282236	man.n.01	0.927
119059699	man.n.01	0.369
119059860	man.n.01	0.581
119060078	angel.n.01	0.995
119060140	angel.n.01	0.997
119060192	man.n.01	0.565
119060217	man.n.01	0.488
119060469	man.n.01	0.786
119060690	man.n.01	0.619
119062120	man.n.01	0.941
119062467	man.n.01	0.565
102285335	man.n.01	0.838
102285378	man.n.01	0.967
119063049	serviceman.n.01	0.911
102285895	man.n.03	0.661
102286199	man.n.01	0.56
102286244	man.n.03	0.594
119063565	man.n.01	0.609
119064144	serviceman.n.01	0.497
102287463	man.n.03	0.339
102287764	man.n.03	0.333
102287828	man.n.01	0.818
102288005	man.n.01	0.839
102288460	man.n.01	0.795
102288508	people.n.01	0.956
102288773	man.n.03	0.524
119066929	serviceman.n.01	0.795
119066958	serviceman.n.01	0.857
119067659	man.n.01	0.548
102290976	man.n.03	0.707
102291477	man.n.01	0.951
102291523	world.n.08	None
102291782	man.n.01	0.461
102291821	man.n.01	0.938
102292756	man.n.03	0.469
102292914	man.n.01	0.952
102295343	man.n.01	0.958
102296731	man.n.01	0.523
102296858	world.n.08	None
102296943	man.n.01	0.773
102297026	man.n.01	0.916
102297042	man.n.01	0.916
102297879	people.n.01	0.858
119075101	man.n.01	0.957
102298674	man.n.03	0.482
102299479	world.n.08	None
102299484	man.n.03	0.4
119078758	world.n.08	None
102301553	man.n.01	0.922
119078770	world.n.08	None
102301626	world.n.08	None
102301671	man.n.03	0.627
102301689	man.n.03	0.547
119079196	person.n.01	None
119079476	man.n.01	0.846
119079496	man.n.01	0.846
119079511	man.n.01	0.846
102302326	man.n.01	0.765
102302388	populace.n.01	0.654
119079651	world.n.08	None
102302602	man.n.01	0.752
102302640	man.n.01	0.872
119081094	world.n.08	None
119081332	people.n.01	0.983
119082194	people.n.01	0.923
102305360	world.n.08	None
119083484	homo.n.02	None
119083622	man.n.03	0.781
119083720	world.n.08	None
119083746	homo.n.02	0.492
119083776	world.n.08	None
119083872	world.n.08	None
102306722	man.n.03	0.532
102307099	man.n.03	0.511
119084544	world.n.08	None
119084578	world.n.08	None
119084756	man.n.01	0.437
102308357	man.n.01	0.468
119085788	person.n.01	None
102308775	man.n.03	0.646
119086379	world.n.08	None
102309531	homo.n.02	0.383
102309562	man.n.03	0.617
102309667	man.n.01	0.477
102310760	world.n.08	None
102311496	homo.n.02	0.452
102311738	man.n.03	0.401
119089813	homo.n.02	0.507
119089983	man.n.01	0.395
102312943	man.n.03	0.389
119090252	homo.n.02	0.515
102313045	man.n.03	0.658
102313315	man.n.03	0.502
119090669	man.n.03	0.413
102313543	world.n.08	None
102313716	man.n.03	0.462
119091496	man.n.01	0.799
119091801	homo.n.02	0.541
102314771	world.n.08	None
119092009	man.n.03	0.497
102315129	man.n.03	0.578
119092439	man.n.03	0.36
119092613	homo.n.02	0.436
119092663	man.n.01	0.883
102315586	man.n.03	0.504
102316151	homo.n.02	0.46
102316202	man.n.03	0.57
102316250	man.n.01	0.393
119093782	homo.n.02	0.454
119093815	man.n.01	0.352
102316618	man.n.01	0.491
119093862	man.n.01	0.582
102317015	man.n.01	0.743
119094400	man.n.01	0.424
102317324	people.n.01	0.982
102317349	man.n.01	0.99
102317437	man.n.01	0.791
119095258	homo.n.02	0.462
119095379	homo.n.02	0.501
102318505	people.n.01	0.863
102318563	man.n.01	0.973
119095963	man.n.01	0.678
102318973	man.n.01	0.742
102319003	man.n.01	0.815
102319428	man.n.01	0.834
102319470	man.n.01	0.985
102319483	man.n.01	0.962
119097619	homo.n.02	0.45
102320800	world.n.08	None
119098037	people.n.01	0.974
119098331	man.n.01	0.627
102321248	man.n.03	0.478
102321885	man.n.01	0.574
102322450	man.n.01	0.973
102322765	man.n.01	0.545
102322945	world.n.08	None
119100219	man.n.01	0.968
119100338	people.n.01	0.973
102323542	man.n.01	0.962
102323594	world.n.08	None
102323688	man.n.01	0.512
119101518	man.n.01	0.572
102325901	world.n.08	None
102325939	world.n.08	None
102326031	man.n.01	0.874
102326032	man.n.01	0.875
102326324	man.n.01	0.791
102326689	man.n.01	0.629
102327462	man.n.01	0.983
102328124	man.n.03	0.482
102328139	man.n.03	0.36
102329486	person.n.01	1.0
102331869	man.n.01	0.913
102332820	man.n.01	0.578
102332824	man.n.01	0.828
102332849	man.n.01	0.865
102332871	citizen.n.01	None
102333007	man.n.01	0.514
102333011	man.n.01	0.883
102334118	man.n.01	0.951
102334886	man.n.01	0.773
119134598	man.n.01	0.954
102361804	world.n.08	None
102368571	man.n.01	0.867
102375036	world.n.08	None
102375400	man.n.03	0.429
102381751	homo.n.02	None
119161424	inhabitant.n.01	None
119162681	homo.n.02	None
119178331	person.n.01	0.997
119178748	people.n.01	0.99
102402360	man.n.01	0.673
102403081	person.n.01	None
102403913	homo.n.02	0.325
102406293	man.n.01	0.484
102407716	person.n.01	None
102407825	world.n.08	None
102409411	man.n.01	0.488
102410220	man.n.01	0.673
102410371	man.n.01	0.761
102410680	man.n.01	0.813
102410784	man.n.01	0.836
102410969	people.n.01	0.957
102412250	man.n.01	0.414
102412540	man.n.01	0.456
102423979	person.n.01	None
102424147	man.n.03	0.469
102427037	man.n.01	0.69
102427315	man.n.01	0.937
119204848	people.n.01	0.982
102427706	female.n.02	0.984
102428124	universe.n.01	0.882
102428332	girl.n.01	0.966
102428516	person.n.01	0.998
102428800	adult.n.01	0.991
102429531	man.n.01	0.981
102429775	world.n.08	None
102429928	man.n.03	0.502
102430360	man.n.03	0.47
102430438	man.n.03	0.353
102430893	man.n.03	0.403
102431384	world.n.08	None
102432124	man.n.01	0.893
102432146	world.n.08	None
102432185	man.n.03	0.627
102432968	world.n.08	None
119210236	people.n.01	0.976
102433456	world.n.08	None
102433566	man.n.01	0.459
102434231	man.n.01	0.765
102434298	man.n.03	0.342
102434527	world.n.08	None
102435162	people.n.01	0.963
102435717	people.n.01	0.983
102435800	people.n.01	0.983
102436920	woman.n.01	0.785
102437094	woman.n.01	0.959
102437218	woman.n.01	0.817
102437224	woman.n.01	0.949
102437291	dame.n.01	None
102437318	woman.n.01	0.969
102437458	woman.n.01	0.972
102437609	woman.n.01	0.987
102438408	man.n.03	0.543
102440724	world.n.08	None
102441219	world.n.08	None
102442814	universe.n.01	0.937
102443232	serviceman.n.01	0.798
102448645	people.n.01	0.978
102448769	man.n.03	0.423
102449876	people.n.01	0.922
102452023	people.n.01	0.941
102454068	world.n.08	None
102459488	populace.n.01	0.681
102461452	populace.n.01	0.732
110850162	man.n.01	0.758
110850207	man.n.01	0.945
110851009	man.n.01	0.972
110851283	man.n.01	0.729
110851336	man.n.01	0.663
110851478	homo.n.02	None
110851811	man.n.01	0.964
110852335	man.n.01	0.994
110853239	man.n.01	0.97
110853531	homo.n.02	None
110853570	man.n.01	0.599
110853577	man.n.01	0.958
110853611	man.n.01	0.945
110853631	man.n.01	0.918
110853706	man.n.01	0.934
110853721	man.n.01	0.755
102465173	man.n.01	0.896
110854391	man.n.01	0.928
110854564	man.n.01	0.68
102468181	man.n.03	0.498
102468211	homo.n.02	None
110857074	man.n.01	0.776
110857249	man.n.01	0.848
110857777	man.n.01	0.758
102469239	companion.n.01	0.471
110858785	man.n.01	0.908
110858991	man.n.01	0.984
110859101	man.n.01	0.945
102471758	man.n.01	0.847
102478074	homo.n.02	None
102480997	man.n.01	0.955
102482937	people.n.01	0.956
102483057	man.n.03	0.508
102483625	man.n.01	0.867
102483853	earth.n.01	0.766
102484164	man.n.01	0.646
102484804	man.n.01	0.961
102486013	person.n.01	0.999
102487020	world.n.08	None
102489218	man.n.01	0.785
102489659	homo.n.02	0.357
102500879	man.n.01	0.451
102500920	man.n.01	0.947
102500944	man.n.01	0.623
102501126	man.n.01	0.598
102501182	man.n.03	0.503
102501615	man.n.01	0.863
102501738	man.n.01	0.51
102501904	man.n.03	0.773
102502089	homo.n.02	0.349
102502532	homo.n.02	0.359
102502577	man.n.01	0.47
102502826	man.n.01	0.829
102502893	man.n.01	0.927
102502990	world.n.08	None
102503456	man.n.01	0.758
102503498	homo.n.02	0.417
102503543	man.n.03	0.495
102503556	homo.n.02	0.431
102503804	homo.n.02	0.54
102503879	homo.n.02	0.67
102504299	person.n.01	1.0
102504388	homo.n.02	0.449
102504429	world.n.08	None
102504772	man.n.01	0.917
102504968	man.n.01	0.925
102504995	man.n.01	0.84
102505056	man.n.01	0.668
102505121	world.n.08	None
102505468	man.n.01	0.967
102505478	man.n.01	0.944
102505673	homo.n.02	0.619
102505711	man.n.01	0.836
102506054	man.n.01	0.87
102506068	man.n.01	0.775
102506114	man.n.03	0.435
102506169	man.n.03	0.529
102506231	homo.n.02	0.378
102506240	man.n.03	0.494
102506284	man.n.01	0.629
102506305	man.n.01	0.844
102506319	homo.n.02	0.681
102506363	man.n.01	0.655
102506393	man.n.03	0.384
102506419	body.n.01	0.97
102506499	man.n.01	0.547
102506691	homo.n.02	0.506
102506706	man.n.03	0.386
102506737	man.n.01	0.557
102506742	man.n.01	0.53
102507248	man.n.01	0.594
102507751	man.n.03	0.538
102507974	man.n.03	0.478
102507990	man.n.01	0.387
102508032	man.n.03	0.522
102508066	man.n.03	0.513
102508146	man.n.03	0.639
102508190	man.n.03	0.507
102508260	homo.n.02	0.526
102508281	man.n.01	0.948
102508335	man.n.01	0.704
102508584	man.n.01	0.73
102508610	homo.n.02	0.518
102508644	man.n.03	0.441
102508833	man.n.01	0.801
102509345	man.n.03	0.467
102509503	state.n.04	0.834
102509908	man.n.01	0.757
102509995	inhabitant.n.01	None
102510288	man.n.01	0.945
102510787	inhabitant.n.01	None
102512061	man.n.01	0.977
102512524	man.n.01	0.931
102514083	inhabitant.n.01	None
102514789	man.n.01	0.987
102514949	man.n.01	0.819
102514988	man.n.01	0.939
102515100	inhabitant.n.01	None
102515193	world.n.08	None
102515233	man.n.01	0.718
102515858	nation.n.02	0.567
102516983	man.n.01	0.424
102517087	man.n.01	0.725
119294328	man.n.01	0.478
102517122	man.n.01	0.924
102517898	world.n.08	None
102517941	man.n.01	0.971
102518153	man.n.01	0.816
102518197	man.n.01	0.958
102519017	man.n.01	0.972
102519191	man.n.01	0.972
102520188	man.n.01	0.875
102520235	person.n.01	0.993
102520415	man.n.01	0.982
102520424	man.n.01	0.982
102520895	man.n.01	0.926
102521340	man.n.01	0.969
102521533	patient.n.01	1.0
102521800	patient.n.01	1.0
102522249	man.n.01	0.878
102522313	man.n.01	0.941
102522571	man.n.01	0.912
102523001	man.n.01	0.881
102523032	person.n.01	1.0
102523433	patient.n.01	0.999
102523468	man.n.01	0.964
102524545	world.n.08	None
102526881	person.n.01	0.996
102527872	man.n.01	0.879
102528633	world.n.08	None
119332852	person.n.01	0.958
119333430	patient.n.01	1.0
119333828	patient.n.01	1.0
119334157	man.n.01	0.856
119334397	person.n.01	0.996
119334423	man.n.01	0.927
119334442	man.n.01	0.386
119334498	person.n.01	1.0
119336297	patient.n.01	0.999
119336336	patient.n.01	1.0
119338963	patient.n.01	1.0
119339119	man.n.01	0.661
119339564	man.n.01	0.489
119342146	patient.n.01	0.999
119343149	woman.n.01	0.995
119348569	man.n.01	0.988
119349142	man.n.01	0.987
119351199	patient.n.01	1.0
119352797	man.n.01	0.793
119354965	person.n.01	0.874
119355111	person.n.01	0.679
119355193	woman.n.01	0.973
119355367	man.n.01	0.939
119355709	man.n.01	0.945
119356061	man.n.01	0.739
119361193	woman.n.01	0.984
119361531	woman.n.01	0.992
119363726	man.n.01	0.941
119364990	man.n.01	0.45
119365057	man.n.03	0.401
119367579	patient.n.01	1.0
119367689	patient.n.01	0.999
102591639	man.n.01	0.948
102592167	man.n.01	0.945
102592434	man.n.01	0.866
119369910	patient.n.01	1.0
119370081	person.n.02	0.673
102593302	person.n.01	0.99
102595121	man.n.01	0.965
102595588	man.n.01	0.993
102596877	man.n.01	0.939
102600983	people.n.01	0.971
102601170	people.n.01	0.951
102601360	man.n.01	0.965
119378616	patient.n.01	0.999
102603031	man.n.01	0.997
102603055	man.n.01	0.996
119383524	woman.n.01	0.989
102606671	man.n.01	0.99
119383977	woman.n.01	0.956
102607363	patient.n.01	0.999
119387587	man.n.01	0.811
119387609	man.n.01	0.781
102610427	man.n.01	0.79
102610466	man.n.01	0.599
119387806	patient.n.01	1.0
119388123	man.n.01	0.988
119388169	man.n.01	0.968
102611883	patient.n.01	1.0
119390339	man.n.01	0.714
102614513	patient.n.01	0.997
119391775	patient.n.01	0.997
102615250	man.n.01	0.967
119393255	person.n.01	0.899
102616098	man.n.01	0.962
111004931	man.n.01	0.848
119393887	homo.n.02	0.738
102617510	homo.n.02	0.691
102620266	man.n.01	0.983
102620459	patient.n.01	1.0
102620483	patient.n.01	1.0
102622396	man.n.01	0.83
102623618	person.n.01	0.994
102624800	man.n.01	0.832
102625244	patient.n.01	1.0
102625355	homo.n.02	0.651
102626116	man.n.01	0.981
102626533	man.n.01	0.89
102626578	man.n.01	0.988
102626590	man.n.01	0.988
102635263	man.n.01	0.696
102637493	man.n.01	0.969
102637730	patient.n.01	1.0
102639087	homo.n.02	0.589
102639616	patient.n.01	1.0
102639759	man.n.01	0.887
102654156	man.n.01	0.612
102654194	man.n.03	0.435
111149820	man.n.01	0.99
111150144	man.n.01	0.55
111158672	people.n.01	0.978
102779714	man.n.01	0.972
102780798	man.n.01	0.991
102780907	patient.n.01	1.0
111172894	person.n.01	0.993
111174354	person.n.01	0.999
111181217	woman.n.01	0.993
111187420	people.n.01	0.988
111188965	people.n.01	0.986
111189585	man.n.01	0.967
111191135	people.n.01	0.974
111191801	man.n.01	0.978
111192017	man.n.01	0.954
111193746	person.n.01	0.999
111198732	person.n.01	0.97
111200492	people.n.01	0.923
111203360	man.n.01	0.947
111205614	person.n.01	0.995
111205716	person.n.01	0.995
102952485	person.n.01	None
102957140	homo.n.02	0.348
102964369	man.n.01	0.584
102964791	man.n.03	0.434
102964937	man.n.03	0.72
102966709	man.n.01	0.758
102976007	man.n.03	0.531
102981398	homo.n.02	0.569
102987431	world.n.08	None
102991817	person.n.01	None
102992544	man.n.03	0.642
102993017	person.n.01	None
102996092	man.n.01	0.747
102996754	man.n.01	0.959
102997786	man.n.01	0.644
103009871	person.n.01	0.916
103010599	man.n.01	0.567
103010791	universe.n.01	0.485
103010842	man.n.01	0.788
103010903	man.n.01	0.896
103012090	man.n.01	0.933
103013870	man.n.01	0.919
103016810	man.n.03	0.682
103017984	man.n.01	0.549
103019099	man.n.01	0.975
103021864	man.n.03	0.643
103024240	man.n.01	0.918
103024917	serviceman.n.01	0.602
103025429	state.n.04	0.95
103026898	man.n.03	0.453
103027565	man.n.01	0.991
103027604	chap.n.01	0.739
103027799	man.n.01	0.949
103030026	person.n.01	None
103030115	man.n.01	0.577
103030417	world.n.08	None
103030957	man.n.01	0.544
103032028	man.n.01	0.691
103035090	man.n.01	0.868
103035352	people.n.01	0.993
103035575	man.n.01	0.862
103035995	universe.n.01	0.96
103038882	chap.n.01	0.971
103039853	populace.n.01	0.784
103040771	chap.n.01	0.627
103043140	animal.n.01	0.646
103044063	citizen.n.01	None
103044430	man.n.01	0.932
103044706	man.n.01	0.89
103044809	world.n.08	None
103044850	world.n.08	None
103045258	person.n.01	None
103045439	man.n.01	0.607
103046025	populace.n.01	0.477
103048229	man.n.01	0.852
103048832	man.n.01	0.757
103049261	chap.n.01	0.704
103049323	man.n.01	0.671
103051225	man.n.01	0.97
103051278	chap.n.01	0.76
103052410	man.n.01	0.812
103052733	man.n.01	0.969
103053268	world.n.08	None
103053308	world.n.08	None
103053955	person.n.01	None
103054331	world.n.08	None
103056559	populace.n.01	0.371
103062455	world.n.08	None
103062541	man.n.01	0.675
103067659	earth.n.01	0.335
103067826	man.n.03	0.476
103069761	world.n.08	None
103070214	man.n.01	0.943
103073108	people.n.01	0.884
103073344	world.n.08	None
103075038	man.n.01	0.937
103075704	man.n.01	0.972
103077951	politician.n.01	0.591
103078801	world.n.08	None
103080650	world.n.08	None
103080995	man.n.01	0.649
103081089	people.n.01	0.544
103083593	man.n.01	0.874
103084101	man.n.01	0.882
103084657	serviceman.n.01	0.409
103085465	man.n.01	0.988
103086139	religion.n.01	0.637
103086298	man.n.01	0.946
103088567	man.n.01	0.785
103089567	citizen.n.01	None
103089787	world.n.08	0.74
103092843	man.n.01	0.947
103093016	friend.n.01	0.989
103093821	homo.n.02	None
103093823	homo.n.02	None
103093916	world.n.08	None
103093985	world.n.08	None
103095113	homo.n.02	None
103095190	world.n.08	None
103095351	people.n.01	0.964
103095439	world.n.08	None
103097192	man.n.01	0.918
103097282	populace.n.01	0.864
103101491	man.n.01	0.881
103104329	man.n.01	0.997
103104688	man.n.01	0.866
103105932	man.n.01	0.932
103106674	sir.n.01	0.965
103107069	homo.n.02	None
103107441	man.n.01	0.856
103107584	man.n.01	0.968
103107822	man.n.01	0.978
103107980	man.n.01	0.939
103111398	person.n.01	0.999
103112048	man.n.01	0.872
103112415	man.n.01	0.961
103112523	animal.n.01	0.723
103114120	man.n.01	0.952
103114505	girl.n.01	0.793
103114632	girl.n.01	0.734
103114714	believer.n.02	0.992
103114932	person.n.01	0.999
103119155	people.n.01	0.937
103119523	man.n.01	0.777
103119584	man.n.01	0.896
103119731	world.n.08	None
103120799	man.n.03	0.39
103122436	man.n.01	0.919
103123568	man.n.01	0.987
103123760	chap.n.01	0.947
103123873	organism.n.01	0.993
103123990	man.n.01	0.948
103124733	universe.n.01	0.742
103125118	man.n.01	0.418
103126638	person.n.01	0.999
103128207	man.n.01	0.756
103129598	state.n.04	0.847
103129876	man.n.01	0.565
103130036	person.n.01	0.856
103130387	man.n.01	0.854
103130697	man.n.01	0.918
103131581	world.n.08	None
103132996	man.n.03	0.673
103137599	world.n.08	None
103138001	people.n.01	0.929
103139293	person.n.01	None
103139408	man.n.01	0.462
103141316	chap.n.01	0.912
103143936	man.n.01	0.904
103145885	man.n.01	0.936
103146284	homo.n.02	None
103146450	man.n.01	0.979
103146794	man.n.01	0.983
103147369	chap.n.01	0.935
103148200	man.n.01	0.781
103148257	man.n.01	0.92
103148973	man.n.01	0.935
103152230	person.n.01	None
103154078	poor_devil.n.01	0.94
103154305	chap.n.01	0.581
103154546	chap.n.01	0.555
103155033	man.n.01	0.88
103155105	cipher.n.04	None
103155887	man.n.01	0.623
103156161	man.n.01	0.986
103156182	man.n.01	0.953
103157638	chap.n.01	0.918
103160226	homo.n.02	None
103161142	man.n.01	0.97
103162770	man.n.01	0.986
103162916	citizen.n.01	None
103163106	people.n.01	0.945
103163172	man.n.01	0.978
103163620	man.n.01	0.955
103163675	man.n.01	0.958
103165360	man.n.01	0.866
103165414	man.n.01	0.954
103165945	man.n.01	0.886
103165999	man.n.01	0.848
103169463	man.n.01	0.697
103170255	universe.n.01	0.831
103170767	man.n.01	0.804
103171426	homo.n.02	None
103171841	person.n.01	0.999
103171866	world.n.08	None
103172204	world.n.08	None
103174146	man.n.01	0.789
103174500	man.n.01	0.773
103174839	man.n.01	0.816
103175166	man.n.01	0.812
103175420	man.n.01	0.926
103175896	world.n.08	None
103176718	man.n.01	0.949
103176736	man.n.01	0.989
103177040	chap.n.01	0.792
103177769	man.n.01	0.946
103177869	man.n.01	0.777
103178087	man.n.01	0.993
103181135	man.n.01	0.735
103181423	man.n.01	0.682
103181660	populace.n.01	0.842
103181800	man.n.01	0.98
103181885	universe.n.01	0.843
103182047	serviceman.n.01	0.723
103182426	person.n.01	0.877
103182532	state.n.04	0.834
103185419	man.n.01	0.61
103189037	man.n.01	0.759
103190038	man.n.01	0.812
103191744	world.n.08	None
103192133	man.n.01	0.984
103193017	man.n.01	0.937
103193899	person.n.01	0.999
103196338	man.n.01	0.988
103196468	man.n.01	0.945
103198840	man.n.01	0.924
103201081	man.n.01	0.499
103201375	man.n.01	0.732
103201497	man.n.01	0.865
103202474	man.n.01	0.749
103202869	poor_devil.n.01	0.672
103203041	man.n.01	0.407
103203063	world.n.08	None
103203131	man.n.03	0.448
103203434	man.n.01	0.946
103204605	homo.n.02	None
103204937	woman.n.01	0.987
103205157	man.n.01	0.955
103205223	man.n.01	0.967
103205302	man.n.01	0.975
103205534	homo.n.02	0.541
103205604	man.n.01	0.456
103207148	folk.n.01	0.982
103207644	man.n.01	0.874
103207710	man.n.01	0.694
103207930	man.n.01	0.954
103209285	man.n.01	0.904
103211763	man.n.01	0.887
103212143	slave.n.01	0.987
103216351	man.n.01	0.957
103216612	man.n.01	0.928
103216930	man.n.01	0.978
103218589	man.n.01	0.931
103218797	man.n.01	0.974
103219267	man.n.01	0.972
103219426	man.n.01	0.96
103219672	man.n.01	0.457
103220210	man.n.01	0.961
103220341	man.n.01	0.879
103221184	man.n.01	0.977
103221276	world.n.08	None
103224323	man.n.01	0.936
103224757	man.n.01	0.498
103225233	man.n.01	0.483
103225607	man.n.01	0.804
103225796	man.n.01	0.926
103226386	rogue.n.01	0.893
103226650	chap.n.01	0.763
103229410	man.n.01	0.976
103230326	chap.n.01	0.644
103230488	man.n.01	0.966
103230505	man.n.01	0.966
103230532	man.n.01	0.95
103230616	man.n.01	0.715
103231898	chap.n.01	0.644
103232557	man.n.01	0.879
103232869	man.n.01	0.85
103234671	man.n.01	0.843
103234888	man.n.01	0.952
103234974	man.n.01	0.957
103235007	man.n.01	0.952
103236145	man.n.01	0.971
103236817	man.n.01	0.965
103237163	man.n.01	0.986
103237376	man.n.01	0.934
103237458	man.n.01	0.935
103237512	man.n.01	0.742
103237643	man.n.01	0.934
103238214	man.n.01	0.768
103238453	world.n.08	None
103238657	man.n.01	0.957
103238774	man.n.01	0.877
103238888	people.n.01	0.99
103241946	man.n.01	0.828
103241997	people.n.01	0.956
103243132	chap.n.01	0.924
103243551	man.n.01	0.877
103244223	man.n.01	0.969
103245694	man.n.01	0.896
103246552	man.n.01	0.97
103246964	man.n.01	0.986
103247421	man.n.01	0.897
103248696	man.n.01	0.788
103250403	person.n.01	0.999
103253979	world.n.08	None
103255666	man.n.01	0.917
103256139	man.n.01	0.971
103257096	chap.n.01	0.958
103259537	man.n.01	0.955
103262802	man.n.01	0.939
103263900	homo.n.02	None
103264415	man.n.01	0.966
103264791	man.n.01	0.878
103265256	man.n.01	0.915
103265908	man.n.01	0.448
103267323	person.n.01	0.999
103267699	man.n.01	0.947
103268453	man.n.01	0.916
103269333	people.n.01	0.886
103269567	people.n.01	0.969
103270176	man.n.01	0.927
103271249	world.n.08	None
103272067	man.n.01	0.96
103274253	people.n.01	0.954
103275224	world.n.08	None
103275339	man.n.01	0.917
103284107	woman.n.01	0.969
103284174	woman.n.01	0.964
103284257	woman.n.01	0.994
103284296	woman.n.01	0.992
103284328	woman.n.01	0.992
103284332	woman.n.01	0.994
103284398	woman.n.01	0.991
103284447	woman.n.01	0.957
103284473	woman.n.01	0.949
103284497	woman.n.01	0.949
103284582	woman.n.01	0.969
103284618	woman.n.01	0.951
103284721	woman.n.01	0.842
103284751	woman.n.01	0.936
103284774	woman.n.01	0.91
103284791	woman.n.01	0.922
103284806	woman.n.01	0.985
103284845	woman.n.01	0.984
103284871	woman.n.01	0.942
103284895	woman.n.01	0.98
103284964	woman.n.01	0.944
103284987	woman.n.01	0.959
103285026	woman.n.01	0.872
103286351	woman.n.01	0.994
103286394	woman.n.01	0.955
103286510	woman.n.01	0.986
103286530	woman.n.01	0.993
103286609	woman.n.01	0.97
103286667	woman.n.01	0.987
103286687	woman.n.01	0.983
103286701	woman.n.01	0.935
103287154	woman.n.01	0.935
103287216	woman.n.01	0.992
103287246	woman.n.01	0.922
103287504	woman.n.01	0.886
103288334	woman.n.01	0.996
103288730	woman.n.01	0.991
103288770	woman.n.01	0.996
103288850	woman.n.01	0.936
103289000	woman.n.01	0.91
103289186	woman.n.01	0.892
103289628	woman.n.01	0.993
103289694	woman.n.01	0.969
103289705	woman.n.01	0.984
103290117	chap.n.01	0.937
103291027	man.n.01	0.978
103291157	man.n.01	0.79
103291161	chap.n.01	0.908
103291220	man.n.01	0.931
103291275	man.n.01	0.983
103291298	chap.n.01	0.796
103291339	man.n.01	0.94
103291844	man.n.01	0.944
103292206	slave.n.01	0.99
103292320	slave.n.01	0.985
103292354	man.n.01	0.964
103292391	slave.n.01	0.991
103292485	man.n.01	0.871
103292504	slave.n.01	0.963
103292517	slave.n.01	0.993
103292791	homo.n.02	None
103292986	homo.n.02	None
103293090	man.n.01	0.769
103293374	chap.n.01	0.807
103293553	world.n.08	None
103293896	person.n.01	0.999
103293929	man.n.01	0.813
103294146	world.n.08	None
103303914	man.n.01	0.652
103305227	man.n.01	0.91
103305924	man.n.01	0.95
103306078	man.n.01	0.963
103306215	person.n.01	0.999
103306247	person.n.01	0.999
103306667	man.n.01	0.947
103308492	man.n.01	0.672
103308630	world.n.08	None
103309393	man.n.01	0.992
103310193	man.n.01	0.924
103310384	man.n.01	0.942
103310410	man.n.01	0.942
103310432	man.n.01	0.721
103311993	man.n.01	0.988
103312042	man.n.01	0.985
103312149	man.n.01	0.437
103312595	man.n.01	0.99
103313282	people.n.01	0.917
103314766	man.n.03	0.646
103315117	man.n.01	0.991
103316362	people.n.01	0.962
103316828	man.n.01	0.966
103318485	man.n.01	0.968
103322470	people.n.01	0.904
103322702	man.n.03	0.269
103323480	people.n.01	0.908
103325171	man.n.01	0.991
103325239	foreigner.n.01	0.933
103326375	person.n.01	1.0
103327003	man.n.01	0.851
103327230	person.n.01	0.999
103328652	people.n.01	0.757
103332338	slave.n.01	0.993
103332505	world.n.08	None
103333233	girl.n.01	0.571
103334641	universe.n.01	0.929
103335280	woman.n.01	0.963
103335738	woman.n.01	0.91
103335982	woman.n.01	0.959
103336145	man.n.01	0.994
103336393	woman.n.01	0.972
103337110	girl.n.01	0.785
103337139	woman.n.01	0.911
103337359	man.n.01	0.99
103338245	woman.n.01	0.936
103338347	woman.n.01	0.964
103338431	woman.n.01	0.946
103341897	woman.n.01	0.934
103342344	world.n.08	None
103342381	world.n.08	None
103342437	homo.n.02	0.484
103343346	man.n.03	0.3
103343778	homo.n.02	None
103343841	man.n.01	0.531
103344473	man.n.01	0.93
103344921	animal.n.01	0.853
103345683	man.n.03	0.36
103346918	man.n.01	0.658
103347156	man.n.01	0.849
103347681	homo.n.02	None
103349575	man.n.01	0.449
103349734	person.n.01	0.999
103351751	man.n.01	0.843
103353372	man.n.03	0.615
103353518	homo.n.02	None
103353835	man.n.03	0.578
103355694	man.n.01	0.658
103357171	man.n.01	0.697
103357286	man.n.01	0.947
103357625	man.n.01	0.951
103357943	man.n.01	0.965
103357983	people.n.01	0.983
103359759	man.n.01	0.89
103361703	man.n.01	0.963
103363580	homo.n.02	None
103363604	man.n.01	0.942
103364633	man.n.01	0.892
103364687	man.n.01	0.94
103365238	man.n.01	0.914
103366048	people.n.01	0.936
103366308	person.n.01	0.999
103366381	man.n.03	0.658
103366432	world.n.08	None
103366481	organism.n.01	0.995
103379530	universe.n.01	0.472
103380130	male_child.n.01	0.967
103381705	man.n.03	0.691
103381814	man.n.01	0.964
103381870	man.n.01	0.985
103381930	man.n.01	0.914
103382068	man.n.01	0.979
103383013	man.n.01	0.965
103383414	man.n.01	0.887
103383896	chap.n.01	0.904
103384308	man.n.01	0.986
103384440	chap.n.01	0.918
103384483	chap.n.01	0.86
103384892	man.n.01	0.764
103385225	man.n.01	0.762
103385382	chap.n.01	0.899
103385410	man.n.01	0.99
103385458	man.n.01	0.989
103385650	man.n.01	0.963
103386923	man.n.01	0.986
103387850	man.n.01	0.965
103388012	man.n.01	0.989
103389667	man.n.01	0.873
103391557	man.n.01	0.934
103391889	man.n.01	0.978
103392896	person.n.01	0.999
103393129	chap.n.01	0.614
103393338	friend.n.01	0.698
103394063	coward.n.01	0.98
103394693	man.n.01	0.905
103394721	man.n.01	0.757
103395908	man.n.01	0.876
103396833	man.n.01	0.892
103398251	man.n.01	0.966
103398305	man.n.01	0.984
103400415	vagrant.n.01	0.929
103401092	man.n.01	0.498
103404787	man.n.01	0.984
103405127	man.n.01	0.884
103405594	man.n.01	0.931
103407013	world.n.08	None
103407170	man.n.01	0.949
103407589	world.n.08	None
103407938	man.n.01	0.786
103408616	man.n.01	0.903
103408888	man.n.01	0.927
103409154	animal.n.01	0.527
103409936	earth.n.01	0.687
103410067	man.n.01	0.69
103411399	man.n.01	0.95
103412259	man.n.01	0.904
103416150	chap.n.01	0.909
103418293	man.n.01	0.863
103418395	man.n.01	0.917
103418995	man.n.01	0.976
103419769	chap.n.01	0.846
103420467	man.n.01	0.411
103420857	man.n.03	0.489
103421796	man.n.01	0.895
103422034	world.n.08	None
103422465	man.n.01	0.985
103422508	man.n.03	0.432
103422653	man.n.01	0.905
103423575	man.n.01	0.814
103427382	animal.n.01	0.855
103428637	man.n.01	0.89
103428809	man.n.01	0.802
103429684	man.n.01	0.965
103430090	man.n.01	0.983
103430363	man.n.01	0.948
103430591	chap.n.01	0.84
103431247	man.n.01	0.978
103431910	coevals.n.01	0.625
103432640	person.n.01	1.0
103432871	man.n.03	0.363
103435304	man.n.01	0.71
103436233	man.n.01	0.948
103437352	poor_devil.n.01	0.779
103437693	world.n.08	None
103439690	man.n.01	0.976
103440964	man.n.01	0.47
103441547	man.n.01	0.87
103441558	man.n.01	0.981
103442343	populace.n.01	0.339
103442611	man.n.01	0.647
103443151	man.n.01	0.988
103444651	universe.n.01	0.705
103444912	man.n.01	0.931
103445329	populace.n.01	0.553
103445751	man.n.01	0.968
103446613	man.n.01	0.908
103446643	man.n.01	0.937
103447020	man.n.01	0.883
103447793	man.n.01	0.889
103447832	man.n.01	0.872
103447919	populace.n.01	0.818
103447977	man.n.01	0.864
103448766	people.n.01	0.96
103449399	man.n.01	0.969
103449423	man.n.01	0.972
103450643	man.n.01	0.951
103450938	man.n.01	0.946
103451024	man.n.01	0.856
103451740	crowd.n.01	0.981
103452963	man.n.01	0.968
103459344	man.n.01	0.753
103459451	man.n.01	0.94
103459979	earth.n.01	0.722
103460232	man.n.01	0.677
103460280	man.n.03	0.436
103462716	world.n.08	None
103465716	man.n.01	0.713
103466202	man.n.01	0.677
103466350	man.n.01	0.528
103466372	man.n.01	0.924
103466592	society.n.01	0.974
103467208	man.n.01	0.772
103467461	man.n.01	0.89
103468085	foreigner.n.01	0.584
103468389	world.n.08	None
103468551	man.n.01	0.638
103469728	man.n.01	0.595
103472078	people.n.01	0.502
103472221	man.n.01	0.334
103472366	man.n.01	0.928
103476215	man.n.01	0.647
103477131	man.n.01	0.59
103477843	inhabitant.n.01	None
103480558	man.n.01	0.762
103481002	inhabitant.n.01	None
103483594	man.n.01	0.777
103484964	man.n.01	0.985
103486853	man.n.01	0.969
103488280	man.n.01	0.73
103488481	serviceman.n.01	0.75
103488512	man.n.01	0.88
103489261	people.n.01	0.922
103489559	man.n.01	0.993
103491055	man.n.01	0.982
103491213	man.n.01	0.975
103491574	serviceman.n.01	0.855
103491640	serviceman.n.01	0.866
103494945	savage.n.01	0.953
103495277	savage.n.01	0.925
103495933	man.n.03	0.411
103495944	man.n.01	0.566
103496109	homo.n.02	0.607
103496121	man.n.01	0.687
103496348	man.n.01	0.445
103496385	man.n.01	0.806
103496389	man.n.01	0.928
103496826	homo.n.02	0.583
103496834	man.n.01	0.695
103497305	animal.n.01	None
103497316	man.n.03	0.42
103497376	man.n.03	0.688
103497931	homo.n.02	0.573
103497968	man.n.03	0.408
103498657	man.n.03	0.66
103499054	man.n.03	0.396
103499063	man.n.01	0.562
103499091	man.n.01	0.387
103499446	homo.n.02	0.636
103499613	homo.n.02	0.701
103499666	homo.n.02	0.731
103499782	homo.n.02	0.549
103500889	homo.n.02	0.438
103500905	man.n.01	0.541
103501413	man.n.01	0.549
103501451	homo.n.02	0.658
103502494	man.n.01	0.404
103502497	man.n.01	0.404
103502973	homo.n.02	0.517
103502999	homo.n.02	0.488
103503003	homo.n.02	0.488
103503088	man.n.01	0.981
103504885	homo.n.02	0.394
103504906	man.n.03	0.579
103505096	man.n.01	0.524
103505121	man.n.01	0.414
103505163	man.n.03	0.425
103505194	man.n.01	0.816
103505847	man.n.03	0.387
103506622	man.n.01	0.575
103506721	man.n.03	0.454
103507061	man.n.01	0.811
103507071	man.n.01	0.798
103507491	man.n.01	0.852
103507541	man.n.01	0.531
103507554	man.n.01	0.825
103507840	homo.n.02	0.431
103507850	man.n.01	0.548
103508221	man.n.01	0.765
103508239	man.n.01	0.529
103508245	man.n.01	0.398
103508568	man.n.01	0.707
103509250	homo.n.02	0.351
103509259	man.n.01	0.75
103510006	man.n.01	0.866
103510015	man.n.01	0.932
103512465	homo.n.02	0.359
103512499	homo.n.02	0.617
103512502	homo.n.02	0.828
103512762	man.n.01	0.856
103512766	man.n.01	0.769
103512817	homo.n.02	0.796
103512844	man.n.03	0.328
103512951	homo.n.02	0.689
103512957	homo.n.02	0.43
103512972	man.n.03	0.619
103515452	man.n.03	0.824
103515492	homo.n.02	0.476
103515525	homo.n.02	0.513
103515574	homo.n.02	0.451
103515613	man.n.03	0.489
103515629	homo.n.02	0.481
103515678	man.n.03	0.596
103516155	animal.n.01	None
103516164	man.n.03	0.444
103516749	man.n.03	0.486
103516782	homo.n.02	0.571
103516792	man.n.01	0.668
103516871	man.n.01	0.59
103516891	man.n.01	0.586
103516899	man.n.01	0.767
103517612	man.n.03	0.841
103517619	man.n.03	0.743
103517667	animal.n.01	None
103517890	homo.n.02	0.671
103520870	homo.n.02	0.575
103520904	man.n.01	0.394
103522300	homo.n.02	0.462
103522334	homo.n.02	0.625
103522374	man.n.03	0.486
103522383	man.n.01	0.415
103522387	man.n.01	0.584
103522846	homo.n.02	0.637
103522852	man.n.01	0.583
103523015	homo.n.02	0.511
103523022	man.n.01	0.49
103523316	man.n.01	0.488
103523329	man.n.01	0.559
103523339	man.n.03	0.64
103524162	man.n.01	0.652
103524166	man.n.01	0.832
103524516	man.n.01	0.422
103524521	man.n.01	0.545
103524782	homo.n.02	0.49
103524788	man.n.01	0.379
103524931	homo.n.02	0.383
103524941	man.n.01	0.541
103525052	man.n.01	0.479
103525060	man.n.01	0.597
103525597	man.n.01	0.809
103532921	homo.n.02	0.429
103536670	homo.n.02	0.816
103538468	homo.n.02	0.498
103540605	man.n.03	0.518
103540612	man.n.01	0.477
103544087	man.n.03	0.743
103544094	man.n.03	0.743
103544100	man.n.03	0.905
103546055	homo.n.02	0.748
103548376	man.n.01	0.931
103548383	man.n.01	0.836
103548403	humanness.n.01	0.884
103549524	man.n.01	0.951
103549622	man.n.01	0.98
103549800	homo.n.02	0.667
103549808	homo.n.02	0.616
103549953	homo.n.02	0.472
103549968	homo.n.02	0.633
103551564	man.n.01	0.847
103554290	man.n.01	0.568
103555188	homo.n.02	0.659
103555193	homo.n.02	0.549
103555199	homo.n.02	0.549
103555278	man.n.03	0.422
103555622	man.n.03	0.613
103556932	man.n.03	0.583
103556937	man.n.01	0.463
103556981	man.n.03	0.492
103556996	man.n.03	0.58
103557031	man.n.03	0.773
103557149	man.n.01	0.655
103557279	homo.n.02	0.572
103557306	man.n.03	0.468
103557366	man.n.03	0.599
103557882	homo.n.02	0.647
103557908	man.n.03	0.69
103558015	homo.n.02	None
103558092	man.n.03	0.539
103558701	homo.n.02	0.634
103561245	man.n.01	0.974
103561943	homo.n.02	0.538
103562965	homo.n.02	0.672
103564900	homo.n.02	0.367
103564905	man.n.01	0.719
103565437	dog.n.01	0.984
103566745	homo.n.02	0.485
103567837	man.n.01	0.407
103569757	man.n.01	0.508
103570698	man.n.03	0.6
103570820	man.n.03	0.5
103574005	homo.n.02	0.617
103574171	man.n.01	0.532
103575919	man.n.01	0.466
103575924	man.n.03	0.391
103578863	homo.n.02	0.726
103579156	homo.n.02	0.713
103579211	homo.n.02	0.68
103579265	homo.n.02	0.456
103579287	homo.n.02	0.637
103583294	man.n.01	0.66
103583838	man.n.01	0.945
103584441	homo.n.02	0.562
103585812	man.n.03	0.408
103592052	man.n.01	0.917
103593505	man.n.01	0.994
103596837	man.n.01	0.983
103614047	man.n.03	0.635
103619962	man.n.01	0.57
103619978	man.n.01	0.828
103619989	man.n.01	0.638
103622254	man.n.01	0.61
103629506	man.n.01	0.953
103630724	man.n.03	0.482
103646310	man.n.01	0.569
103646378	man.n.01	0.716
103646465	man.n.01	0.945
103646468	man.n.01	0.839
103646476	man.n.01	0.772
103646500	man.n.03	0.668
103646635	man.n.01	0.909
103646715	homo.n.02	0.462
103646719	man.n.01	0.504
103646727	man.n.01	0.504
103646734	man.n.01	0.34
103646742	man.n.03	0.368
103646744	man.n.03	0.449
103646997	man.n.01	0.534
103647033	man.n.01	0.796
103647065	man.n.03	0.496
103647071	man.n.03	0.586
103647090	homo.n.02	0.772
103647134	man.n.03	0.801
103647137	man.n.01	0.516
103647146	man.n.03	0.549
103647150	man.n.01	0.816
103647156	homo.n.02	0.404
103647158	man.n.01	0.473
103647274	man.n.03	0.52
103647282	homo.n.02	0.466
103647293	homo.n.02	0.47
103647298	homo.n.02	0.47
103647416	man.n.03	0.542
103647541	man.n.01	0.505
103647543	man.n.03	0.584
103647571	man.n.01	0.576
103647608	homo.n.02	0.443
103647627	man.n.03	0.451
103647716	man.n.01	0.663
103647722	man.n.01	0.441
103647778	man.n.03	0.695
103647784	man.n.01	0.684
103647814	man.n.01	0.439
103647824	man.n.01	0.525
103647865	man.n.03	0.723
103647870	man.n.01	0.602
103647929	homo.n.02	0.508
103647976	man.n.03	0.574
103648232	man.n.03	0.402
103648262	homo.n.02	0.501
103648329	homo.n.02	0.532
103648354	homo.n.02	0.441
103648369	homo.n.02	0.581
103648495	man.n.03	0.719
103648502	man.n.03	0.572
103648519	man.n.01	0.555
103648586	man.n.03	0.439
103648589	man.n.03	0.636
103648713	man.n.01	0.495
103650006	man.n.01	0.959
103651333	man.n.01	0.51
103651413	man.n.01	0.955
103651469	man.n.03	0.444
103651478	man.n.01	0.587
103652015	man.n.01	0.936
103652020	man.n.01	0.803
103652078	man.n.01	0.899
103652082	man.n.01	0.83
103652687	man.n.01	0.858
103655080	man.n.03	0.485
103655396	man.n.01	0.902
103656838	homo.n.02	0.387
103657182	man.n.03	0.494
103657199	man.n.03	0.733
103657208	man.n.03	0.606
103657223	man.n.03	0.722
103657226	man.n.03	0.67
103664433	person.n.01	0.999
103665056	man.n.01	0.967
103665374	man.n.03	0.493
103665595	man.n.03	0.565
103666161	man.n.03	0.413
103666536	homo.n.02	None
103666565	man.n.01	0.848
103667003	world.n.08	None
103667268	world.n.08	None
103667637	homo.n.02	0.893
103667711	homo.n.02	None
103668836	homo.n.02	0.787
103668984	homo.n.02	0.478
103670008	man.n.01	0.708
103670015	man.n.01	0.614
103672255	man.n.01	0.507
103672256	man.n.01	0.806
103672271	homo.n.02	0.756
103672378	man.n.03	0.564
103672568	man.n.03	0.448
103672585	man.n.01	0.513
103673743	man.n.03	0.405
103675165	world.n.08	None
103675522	homo.n.02	None
103675907	homo.n.02	0.784
103677118	man.n.01	0.934
103677773	homo.n.02	None
103678553	homo.n.02	None
103678560	homo.n.02	None
103679585	person.n.01	0.92
103683169	earth.n.01	0.362
103683781	homo.n.02	None
103684240	homo.n.02	0.736
103684269	homo.n.02	0.583
103684814	man.n.03	0.508
103684953	man.n.03	0.414
103684955	man.n.03	0.617
103685744	organism.n.01	0.987
103685802	man.n.01	0.713
103685829	man.n.01	0.754
103686194	man.n.01	0.805
103686672	man.n.01	0.9
103688116	homo.n.02	0.89
103689363	man.n.03	0.44
103689394	man.n.03	0.431
103689478	man.n.03	0.487
103691374	homo.n.02	None
103695436	people.n.01	0.942
103763671	man.n.01	0.65
103764065	homo.n.02	0.582
103764514	man.n.01	0.74
103764649	homo.n.02	0.905
103764865	woman.n.01	0.973
103764898	woman.n.01	0.976
103765195	man.n.01	0.745
103765909	man.n.01	0.879
103770490	man.n.01	0.654
103770492	man.n.01	0.886
103772483	homo.n.02	0.957
103772525	woman.n.01	0.913
103774313	homo.n.02	0.829
103775064	man.n.01	0.528
103775425	man.n.01	0.707
120552762	serviceman.n.01	0.567
103775624	homo.n.02	0.86
103775716	homo.n.02	0.566
103777607	man.n.03	0.506
103777608	homo.n.02	0.565
103778568	man.n.01	0.857
103779610	homo.n.02	0.622
103780109	man.n.01	0.549
103780138	man.n.01	0.534
103784695	homo.n.02	0.851
103784728	homo.n.02	0.6
103784765	homo.n.02	0.789
103785741	homo.n.02	0.746
103785788	homo.n.02	0.467
103786988	homo.n.02	0.462
103788614	homo.n.02	0.611
103791149	people.n.01	0.89
103791393	homo.n.02	0.611
120574905	serviceman.n.01	0.698
103798703	homo.n.02	0.603
120578543	serviceman.n.01	0.665
103802439	man.n.01	0.923
103802489	man.n.01	0.805
103802499	manhood.n.01	0.606
103802706	homo.n.02	0.588
120579928	person.n.01	0.995
103803114	homo.n.02	None
103803806	homo.n.02	None
103803820	homo.n.02	None
103803975	homo.n.02	0.728
103804842	man.n.01	0.778
103805671	homo.n.02	0.643
103806137	homo.n.02	0.787
103806885	homo.n.02	0.487
103807033	homo.n.02	0.812
103807549	man.n.01	0.94
103807946	homo.n.02	0.887
103807964	homo.n.02	0.824
103808161	homo.n.02	0.924
103808220	homo.n.02	0.931
103809285	homo.n.02	0.586
103810305	homo.n.02	0.816
103810348	homo.n.02	0.776
103811177	man.n.01	0.979
103811246	homo.n.02	0.897
103811966	man.n.01	0.926
103811978	man.n.01	0.662
103812851	homo.n.02	0.505
103812976	man.n.01	0.9
103813137	organism.n.01	0.995
103813481	man.n.01	0.857
103813551	man.n.01	0.707
103813884	homo.n.02	0.874
103814256	homo.n.02	None
103814376	homo.n.02	0.85
103814512	man.n.01	0.519
103814536	homo.n.02	0.413
103814678	homo.n.02	0.414
103814746	homo.n.02	0.596
103814893	man.n.01	0.628
103815303	homo.n.02	0.598
103815677	homo.n.02	0.509
103815698	homo.n.02	0.585
103816337	man.n.01	0.967
103816548	homo.n.02	0.757
103823005	man.n.01	0.933
103823008	man.n.01	0.927
103823015	man.n.01	0.829
103823046	man.n.03	0.628
103823051	man.n.03	0.504
103823055	man.n.03	0.542
103824857	homo.n.02	0.452
103833813	homo.n.02	0.373
103833814	homo.n.02	0.505
103837672	homo.n.02	0.541
103837953	man.n.01	0.955
103837957	man.n.01	0.982
103838650	homo.n.02	0.784
103839183	homo.n.02	0.87
103839395	homo.n.02	0.719
103839747	homo.n.02	0.818
103839766	homo.n.02	0.802
103840214	homo.n.02	0.853
103840267	homo.n.02	0.813
103840409	homo.n.02	0.847
103840505	man.n.01	0.809
103840976	homo.n.02	0.788
103841259	homo.n.02	0.732
103841427	homo.n.02	0.461
103841668	homo.n.02	0.609
103841897	man.n.01	0.708
103842233	animal.n.01	0.984
103842437	homo.n.02	0.848
103843928	animal.n.01	None
103844014	man.n.03	0.477
103844147	man.n.01	0.835
103844209	homo.n.02	0.851
103844267	homo.n.02	0.494
103844331	homo.n.02	0.619
103844770	homo.n.02	0.871
103844778	homo.n.02	0.475
103845026	man.n.01	0.735
103845308	homo.n.02	0.781
103845687	homo.n.02	0.581
103845755	man.n.01	0.778
103845791	man.n.01	0.728
103846164	man.n.01	0.939
103846313	man.n.01	0.621
103846508	homo.n.02	0.532
103846607	homo.n.02	0.94
103846614	homo.n.02	0.726
103846773	man.n.01	0.993
103846836	man.n.01	0.979
103846916	homo.n.02	0.735
103847110	man.n.01	0.94
103847172	homo.n.02	0.781
103847212	homo.n.02	0.418
103847704	homo.n.02	0.816
103847722	man.n.01	0.363
103847767	homo.n.02	0.541
103847959	man.n.01	0.593
103848204	homo.n.02	0.831
103848239	homo.n.02	0.733
103848436	homo.n.02	0.792
103848479	man.n.01	0.927
103848729	homo.n.02	0.694
103848814	homo.n.02	0.531
103848921	homo.n.02	0.897
103849193	homo.n.02	0.714
103849216	homo.n.02	0.511
103849393	man.n.01	0.836
103849438	man.n.01	0.49
103849609	homo.n.02	0.844
103849701	homo.n.02	0.937
103849820	man.n.01	0.854
103849834	man.n.01	0.876
103849893	man.n.01	0.983
103849906	man.n.01	0.976
103849925	man.n.01	0.867
103850158	man.n.01	0.958
103850177	homo.n.02	0.712
103850953	homo.n.02	0.574
103851394	homo.n.02	0.961
103852454	homo.n.02	0.82
103852524	homo.n.02	0.725
103853297	man.n.01	0.425
103853865	homo.n.02	0.743
103853941	man.n.01	0.747
103855428	man.n.01	0.486
103856218	homo.n.02	0.786
103857055	man.n.01	0.739
103857164	man.n.01	0.743
103858665	man.n.01	0.852
103860371	homo.n.02	0.875
103861196	man.n.01	0.973
103861367	man.n.01	0.481
103861555	man.n.01	0.907
103861645	homo.n.02	0.791
103861795	homo.n.02	0.709
103861891	man.n.01	0.967
103861921	homo.n.02	0.806
120639588	man.n.01	0.684
103863943	man.n.01	0.469
103864528	homo.n.02	0.742
103864793	homo.n.02	0.79
120642467	man.n.01	0.491
103865533	homo.n.02	0.565
120643520	homo.n.02	0.501
120643564	person.n.01	None
120644477	man.n.01	0.858
120644850	man.n.03	0.41
120644877	homo.n.02	0.393
120645881	man.n.01	0.587
120646129	man.n.01	0.952
120646503	man.n.01	0.925
120647011	homo.n.02	None
120647647	man.n.01	0.751
120648438	man.n.01	0.772
120648905	man.n.03	0.55
120648997	man.n.03	0.617
120649120	man.n.01	0.941
120649590	man.n.03	0.592
120649697	man.n.01	0.799
120649741	man.n.01	0.674
120649938	man.n.01	0.879
120649954	man.n.01	0.592
120650032	man.n.01	0.847
120650052	man.n.01	0.846
120650135	man.n.03	0.482
120650453	man.n.01	0.926
120650455	man.n.01	0.926
120650579	man.n.01	0.852
120650605	man.n.01	0.663
120650619	man.n.01	0.472
103874995	homo.n.02	0.757
103875217	man.n.01	0.975
103875272	man.n.01	0.933
103875793	homo.n.02	0.842
120653150	man.n.01	0.782
120653194	homo.n.02	0.559
120653262	person.n.01	0.977
120653453	man.n.03	0.685
120653484	man.n.01	0.546
103876378	homo.n.02	0.549
120653612	man.n.01	0.459
120653669	man.n.01	0.419
103876670	man.n.03	0.485
120653952	man.n.01	0.863
120653959	man.n.01	0.863
103876760	homo.n.02	0.667
120653981	man.n.01	0.866
120653993	man.n.01	0.905
120654011	man.n.01	0.93
120654999	man.n.01	0.68
120655209	man.n.01	0.829
120655259	man.n.01	0.766
120655333	man.n.01	0.77
120655334	man.n.01	0.587
120655392	man.n.01	0.808
120655393	man.n.01	0.548
120655447	man.n.01	0.623
120655623	man.n.01	0.455
120655629	man.n.01	0.455
120655737	man.n.03	0.694
120655828	homo.n.02	0.459
120655849	homo.n.02	0.676
120655907	man.n.01	0.37
120655965	homo.n.02	0.512
120656023	man.n.01	0.775
103878996	homo.n.02	0.745
120656367	man.n.03	0.606
120656603	man.n.01	0.475
120656623	man.n.01	0.641
120656625	man.n.01	0.459
120656673	homo.n.02	0.493
120656792	man.n.01	0.943
120656915	homo.n.02	0.52
120656967	homo.n.02	0.513
120657013	man.n.03	0.417
120657026	man.n.03	0.504
120657046	man.n.03	0.415
120657094	man.n.03	0.704
120657153	man.n.03	0.508
120657518	man.n.03	0.489
120657541	man.n.01	0.403
120657602	homo.n.02	0.438
120657659	man.n.03	0.501
120657694	homo.n.02	0.476
120657756	man.n.03	0.366
103880625	homo.n.02	0.724
103880684	homo.n.02	0.42
120657959	homo.n.02	0.527
120657971	homo.n.02	0.527
120657980	man.n.01	0.5
120658056	man.n.01	0.415
120658107	homo.n.02	None
120658201	homo.n.02	0.514
120658250	homo.n.02	0.444
120658273	man.n.03	0.527
120658324	man.n.03	0.535
120658398	man.n.03	0.606
120658401	man.n.03	0.542
120658404	man.n.03	0.552
120658407	man.n.03	0.592
120658518	homo.n.02	0.308
120658552	homo.n.02	0.419
120658564	man.n.03	0.538
120658627	man.n.03	0.82
120658634	man.n.03	0.673
103881433	male.n.01	0.755
120658662	man.n.01	0.514
120658664	man.n.03	0.375
120658671	homo.n.02	0.461
120658742	man.n.01	0.489
120658745	man.n.03	0.507
120658753	man.n.01	0.386
120658877	man.n.03	0.395
120658905	man.n.03	0.356
120658983	man.n.03	0.481
120659016	man.n.01	0.557
120659152	homo.n.02	0.356
120659208	homo.n.02	0.433
120659368	man.n.01	0.423
120659453	homo.n.02	0.517
120659540	homo.n.02	0.618
120659569	man.n.03	0.45
120659593	homo.n.02	0.401
120659599	homo.n.02	0.412
120659622	man.n.03	0.419
120659667	man.n.01	0.459
120659832	man.n.03	0.581
120659862	homo.n.02	0.466
120659923	man.n.03	0.605
120659928	man.n.03	0.538
120660012	man.n.03	0.802
120660274	man.n.01	0.371
120660297	man.n.01	0.447
120660337	man.n.01	0.413
120660347	man.n.03	0.53
120660439	homo.n.02	0.571
120660735	man.n.03	0.379
120660741	man.n.03	0.379
120660867	man.n.03	0.747
120661225	man.n.03	0.622
120661235	man.n.03	0.59
120661437	man.n.03	0.72
120661705	man.n.01	0.498
120661742	man.n.03	0.596
120661749	man.n.03	0.606
120661837	man.n.01	0.766
120661838	man.n.01	0.766
120662249	homo.n.02	0.544
120662351	man.n.01	0.506
120662378	man.n.03	0.512
120662398	man.n.03	0.378
120662452	man.n.03	0.572
120662483	man.n.03	0.519
120662507	man.n.01	0.404
120662523	man.n.01	0.56
120662544	man.n.01	0.665
120663658	man.n.01	0.932
120664591	man.n.01	0.645
120664636	homo.n.02	0.559
120664649	man.n.03	0.391
120664786	man.n.03	0.451
120665360	homo.n.02	0.646
103888906	man.n.01	0.99
120666905	man.n.01	0.95
120666977	man.n.01	0.921
120667063	man.n.01	0.937
120668391	man.n.01	0.897
120669939	man.n.01	0.657
120671395	man.n.03	0.327
120671740	homo.n.02	None
103895315	world.n.08	None
120672799	man.n.01	0.948
120675091	man.n.01	0.836
120675535	man.n.01	0.5
120675867	man.n.03	0.426
103898800	homo.n.02	0.851
103898978	man.n.01	0.993
120676453	man.n.01	0.407
120679482	man.n.03	0.436
120681760	man.n.01	0.691
120681851	man.n.01	0.464
120682121	man.n.01	0.868
103905274	man.n.03	0.397
120683147	man.n.01	0.438
120683229	homo.n.02	0.342
120683283	homo.n.02	0.583
120683425	man.n.01	0.769
120683627	man.n.01	0.801
103906708	homo.n.02	0.606
103906762	man.n.01	0.819
103906770	man.n.01	0.469
120684599	man.n.01	0.996
120685133	man.n.03	0.404
120685153	homo.n.02	0.552
120685166	man.n.01	0.653
103908077	world.n.08	None
103908207	world.n.08	None
120685428	man.n.01	0.628
120686615	layman.n.01	None
120687614	man.n.01	0.904
103910620	homo.n.02	0.605
103910624	man.n.01	0.634
103910637	homo.n.02	0.518
103910657	homo.n.02	0.708
120688384	man.n.03	0.666
120690263	man.n.01	0.523
120690442	man.n.03	0.458
120690924	man.n.01	0.456
120691237	man.n.01	0.695
120691416	man.n.03	0.817
103914711	man.n.01	0.994
103914721	man.n.01	0.987
103915041	man.n.01	0.98
120692431	man.n.01	0.433
120692672	man.n.01	0.444
120693149	man.n.01	0.529
103916248	man.n.01	0.757
120693572	man.n.01	0.603
103919628	homo.n.02	0.783
103920141	homo.n.02	0.728
103921093	homo.n.02	0.699
103921197	cattle.n.01	None
103923073	homo.n.02	0.434
103923206	homo.n.02	0.715
103923779	homo.n.02	0.551
103924012	man.n.03	0.436
103924252	homo.n.02	0.527
103925103	homo.n.02	0.634
103925967	homo.n.02	0.378
103926389	homo.n.02	0.548
103927138	homo.n.02	0.685
103927890	man.n.01	0.99
103931159	man.n.01	0.745
103932560	man.n.01	0.969
103932862	homo.n.02	None
103933703	man.n.01	0.98
103937063	man.n.01	0.906
103939378	homo.n.02	None
103939553	man.n.01	0.945
103940809	man.n.01	0.964
103941293	man.n.01	0.668
120723976	man.n.01	0.675
120725181	man.n.03	0.378
103948641	man.n.01	0.755
103948645	man.n.01	0.83
103948656	man.n.01	0.908
103948660	man.n.01	0.871
103948800	man.n.01	0.806
103948804	man.n.01	0.959
120726126	world.n.08	None
120726423	man.n.01	0.582
120726620	man.n.01	0.489
120726761	homo.n.02	None
120727043	homo.n.02	0.401
120727190	person.n.01	None
120727208	man.n.03	0.52
120727236	man.n.01	0.827
120727721	man.n.03	0.544
120727736	homo.n.02	0.406
120727908	homo.n.02	0.424
120727910	homo.n.02	0.424
120727983	man.n.01	0.419
120728003	man.n.03	0.598
103951102	man.n.01	0.988
103951142	man.n.01	0.995
120728587	world.n.08	None
120728678	man.n.01	0.723
103953197	homo.n.02	None
103953913	man.n.03	0.413
103954088	man.n.01	0.509
103954440	man.n.03	0.609
103954609	man.n.03	0.705
103954912	homo.n.02	0.477
103954973	man.n.01	0.666
103954977	man.n.01	0.787
103955018	man.n.03	0.516
103955023	man.n.01	0.65
103955029	man.n.03	0.711
103955078	homo.n.02	0.56
103955101	man.n.01	0.72
103955106	man.n.01	0.883
103955110	man.n.01	0.869
103955115	man.n.01	0.914
103955132	man.n.01	0.556
103955136	man.n.01	0.788
103955140	man.n.01	0.618
103955144	man.n.01	0.702
103955173	man.n.01	0.876
103955178	man.n.01	0.939
103955242	man.n.03	0.496
103955248	man.n.03	0.443
103955253	man.n.01	0.865
103955258	man.n.01	0.788
103955291	man.n.03	0.434
103955297	man.n.01	0.681
103955392	man.n.01	0.932
103955397	man.n.01	0.989
103955403	man.n.01	0.943
103955407	man.n.01	0.943
103955418	man.n.01	0.789
103955492	man.n.01	0.754
103955499	man.n.01	0.894
103955503	man.n.01	0.76
103955508	man.n.01	0.76
103955512	man.n.01	0.86
103955517	man.n.01	0.93
103955555	man.n.01	0.978
103955622	man.n.01	0.638
103956792	man.n.03	0.587
103956880	man.n.03	0.626
103956884	man.n.03	0.626
103956889	man.n.03	0.589
103956894	man.n.03	0.589
103956899	man.n.03	0.557
103956904	man.n.03	0.557
103956909	man.n.03	0.557
103956915	man.n.03	0.543
103956945	man.n.01	0.55
103957034	man.n.03	0.647
103957103	man.n.03	0.537
103957110	man.n.01	0.67
103957139	man.n.03	0.427
103957148	man.n.03	0.723
103957154	man.n.03	0.661
103957160	man.n.03	0.677
103957167	man.n.03	0.757
103957224	man.n.01	0.645
103957229	man.n.01	0.808
103957234	man.n.01	0.778
103957240	man.n.01	0.776
103957248	man.n.01	0.817
103957259	man.n.01	0.532
103957280	man.n.01	0.894
103957284	man.n.01	0.919
103957288	man.n.01	0.727
103957293	man.n.01	0.717
103957389	man.n.01	0.537
103957396	man.n.01	0.762
103957403	man.n.01	0.787
103957410	man.n.01	0.761
103957472	man.n.01	0.645
103957492	man.n.01	0.844
103957553	man.n.03	0.538
103957558	man.n.03	0.665
103957577	man.n.03	0.529
103957594	man.n.03	0.529
103957603	man.n.01	0.482
103957608	man.n.01	0.681
103957627	man.n.01	0.981
103957630	man.n.01	0.987
103957705	man.n.01	0.959
103957714	man.n.01	0.992
103957791	man.n.03	0.45
103957815	man.n.01	0.646
103957978	man.n.03	0.468
103957994	man.n.01	0.55
103958036	man.n.01	0.509
103958039	man.n.01	0.43
103958062	man.n.01	0.4
103958090	man.n.01	0.775
103958095	man.n.01	0.839
103958165	man.n.01	0.86
103958255	man.n.01	0.83
103958256	man.n.01	0.81
103958322	man.n.01	0.956
103958323	man.n.01	0.832
103958563	man.n.01	0.719
103958608	man.n.01	0.888
103958611	man.n.01	0.96
103958825	man.n.01	0.352
103960115	man.n.01	0.536
103960119	man.n.01	0.664
103960125	man.n.01	0.726
103960129	man.n.01	0.662
103960630	man.n.01	0.921
103960632	man.n.01	0.933
103960919	man.n.01	0.763
103961333	homo.n.02	0.685
103962911	homo.n.02	0.557
103966684	homo.n.02	0.588
103966692	world.n.08	None
103966703	homo.n.02	0.426
103966705	homo.n.02	0.431
103967320	homo.n.02	0.685
103967456	homo.n.02	0.93
103967676	homo.n.02	0.731
103968681	homo.n.02	0.681
103968698	man.n.01	0.776
103968712	man.n.01	0.854
103968729	quadruped.n.01	None
103969887	homo.n.02	0.821
103969912	homo.n.02	0.753
103969945	homo.n.02	0.411
103969967	homo.n.02	0.857
103970157	homo.n.02	0.583
103970915	man.n.01	0.993
103972358	man.n.01	0.927
120749986	man.n.01	0.984
103972869	homo.n.02	0.784
103973045	man.n.01	0.884
103973111	homo.n.02	0.767
103973150	homo.n.02	None
103973242	man.n.01	0.47
103973263	man.n.01	0.898
103973268	man.n.01	0.984
103973535	man.n.01	0.825
120754814	people.n.01	0.993
120756687	people.n.01	0.951
120758564	person.n.01	0.996
120762611	person.n.01	0.994
120767736	man.n.03	0.419
112384263	world.n.08	None
112384323	man.n.01	0.984
112384760	man.n.03	0.458
112384861	man.n.01	0.388
112385176	man.n.01	0.402
112386328	man.n.01	0.535
112387031	homo.n.02	None
112387070	homo.n.02	None
112387497	homo.n.02	None
112387606	man.n.01	0.711
112387646	world.n.08	None
112387699	man.n.01	0.957
112387755	man.n.01	0.859
112389387	homo.n.02	0.678
112389606	people.n.01	0.972
112389851	man.n.01	0.725
112389922	man.n.01	0.693
112389945	man.n.01	0.416
112390638	man.n.01	0.903
112390780	man.n.01	0.446
112391751	world.n.08	None
120781221	homo.n.02	None
112394763	man.n.01	0.95
112396361	man.n.01	0.642
112396475	man.n.01	0.717
112397157	man.n.01	0.985
112397437	man.n.01	0.947
120786732	man.n.01	0.712
112400250	homo.n.02	None
120789102	people.n.01	0.955
112400857	man.n.01	0.97
112400870	man.n.01	0.868
112400911	man.n.01	0.416
112400960	man.n.01	0.47
112400989	man.n.01	0.406
112401020	man.n.01	0.861
112401031	man.n.01	0.765
112401105	man.n.01	0.86
120790844	man.n.01	0.952
104014963	homo.n.02	0.543
104015300	man.n.01	0.397
104015458	world.n.08	None
104015472	man.n.01	0.719
104015506	homo.n.02	0.379
104015650	man.n.01	0.829
104015672	man.n.01	0.955
104015950	man.n.01	0.875
104016338	man.n.03	0.515
104016553	man.n.01	0.41
104016685	man.n.03	0.581
112405652	homo.n.02	0.381
112405698	man.n.03	0.477
112408784	man.n.01	0.536
112409252	man.n.03	0.577
104022733	man.n.03	0.441
104022961	man.n.03	0.513
112413005	man.n.01	0.942
112413459	man.n.01	0.977
104024878	homo.n.02	0.458
112413572	world.n.08	None
112413612	man.n.01	0.704
112413626	man.n.01	0.704
112413634	populace.n.01	0.326
112414446	man.n.01	0.995
112414468	man.n.01	0.981
104026251	homo.n.02	0.52
104027590	man.n.03	0.433
112416859	criminal.n.01	None
112417165	servant.n.01	0.997
104028648	man.n.01	0.768
104029237	homo.n.02	0.475
104032279	man.n.03	0.458
104032281	man.n.03	0.473
104032285	man.n.01	0.608
104032287	man.n.03	0.515
104032300	man.n.01	0.744
104032304	man.n.01	0.733
104034247	homo.n.02	0.52
104034267	man.n.03	0.787
104034272	man.n.03	0.787
104034277	man.n.03	0.787
104034311	man.n.03	0.431
104034434	man.n.03	0.543
104034438	man.n.01	0.584
104034444	man.n.03	0.804
104034478	man.n.03	0.566
104034510	man.n.01	0.598
104034515	man.n.01	0.814
104034534	man.n.03	0.551
104034548	man.n.03	0.555
104034552	man.n.01	0.676
104034560	man.n.01	0.938
104034563	man.n.01	0.953
104034568	man.n.01	0.934
104034572	man.n.01	0.934
104034609	man.n.01	0.76
104034626	man.n.03	0.56
104034638	man.n.03	0.694
104034685	man.n.03	0.507
104034696	man.n.01	0.503
104034700	man.n.01	0.677
104034705	man.n.01	0.848
104034717	man.n.01	0.861
104034813	man.n.01	0.465
104034857	man.n.03	0.652
104034860	man.n.01	0.519
104034868	man.n.03	0.578
104034875	man.n.03	0.497
104034923	man.n.03	0.581
104034936	man.n.03	0.666
104034943	man.n.03	0.576
104034948	man.n.03	0.579
104035030	homo.n.02	0.52
104035109	man.n.01	0.557
104035276	man.n.01	0.631
104035304	man.n.01	0.63
104035406	man.n.01	0.797
104035409	man.n.01	0.597
104035493	man.n.01	0.728
104035504	man.n.01	0.728
104035723	man.n.03	0.749
112424411	man.n.01	0.991
104036086	man.n.03	0.614
104036090	man.n.03	0.529
104036120	man.n.01	0.886
112425142	man.n.01	0.982
104036889	man.n.01	0.694
104036934	man.n.01	0.451
104038378	man.n.03	0.695
104038385	man.n.03	0.651
104038621	man.n.01	0.612
112427364	man.n.01	0.704
112428579	people.n.01	0.99
104040231	man.n.01	0.964
104040243	man.n.01	0.941
104040246	man.n.01	0.728
104040277	man.n.01	0.842
112429246	man.n.01	0.559
104041007	homo.n.02	0.357
112429673	man.n.03	0.659
112429702	man.n.03	0.452
112429766	man.n.03	0.447
112429943	man.n.03	0.523
112430211	homo.n.02	0.477
104041695	man.n.01	0.783
104041700	man.n.01	0.869
104041706	homo.n.02	0.442
112430323	man.n.03	0.371
112430351	man.n.03	0.47
112430369	man.n.03	0.523
112430419	man.n.03	0.597
112430537	man.n.03	0.63
104042080	man.n.01	0.66
112430761	man.n.01	0.952
112430803	homo.n.02	0.483
104042257	man.n.01	0.689
104042263	man.n.01	0.689
112431075	man.n.03	0.512
112431295	man.n.03	0.402
112431361	man.n.03	0.536
104042759	man.n.01	0.737
104042764	man.n.01	0.912
104042804	man.n.01	0.895
104042811	man.n.01	0.968
104042839	man.n.01	0.947
112431537	man.n.01	0.977
104042966	man.n.01	0.964
104042971	man.n.01	0.975
104042977	man.n.01	0.968
104042983	man.n.01	0.975
112431598	man.n.01	0.991
112431785	man.n.03	0.509
112431811	man.n.03	0.687
112431954	man.n.03	0.361
104043355	man.n.03	0.62
104043368	man.n.01	0.566
104043371	man.n.01	0.523
104043416	man.n.01	0.609
104043469	man.n.01	0.544
112432254	man.n.03	0.808
112432294	man.n.03	0.401
112432470	man.n.01	0.547
104043924	man.n.01	0.385
112432544	man.n.03	0.512
112432602	man.n.03	0.438
104044261	man.n.01	0.894
112432933	man.n.01	0.654
112432977	man.n.03	0.525
112433001	man.n.03	0.526
112433081	man.n.03	0.519
112433309	man.n.03	0.657
104045022	man.n.01	0.967
112433855	man.n.03	0.732
112433883	man.n.01	0.855
112433924	man.n.03	0.505
112433942	man.n.03	0.501
112433970	man.n.01	0.968
112434040	man.n.03	0.637
104045464	man.n.01	0.718
112434075	homo.n.02	0.412
112434162	man.n.01	0.637
104046345	man.n.01	0.894
112435321	man.n.03	0.552
112435327	man.n.03	0.552
112435380	homo.n.02	0.698
112435425	homo.n.02	0.53
104046982	surface.n.02	0.644
104046992	man.n.01	0.527
104047023	man.n.03	0.735
104047025	man.n.03	0.703
112435652	man.n.01	0.448
112435768	man.n.01	0.795
112435803	man.n.01	0.612
104047307	man.n.01	0.831
112436005	homo.n.02	0.469
112436067	homo.n.02	0.364
104047545	man.n.01	0.873
104047610	man.n.01	0.575
112436441	man.n.01	0.874
112436463	homo.n.02	0.604
112436629	man.n.03	0.837
112436733	man.n.03	0.556
112436774	homo.n.02	0.418
104048217	man.n.01	0.753
120825640	man.n.01	0.933
104048589	man.n.01	0.951
104048641	world.n.08	None
112437497	man.n.03	0.521
112437518	people.n.01	0.973
104049158	man.n.03	0.688
120826431	man.n.01	0.957
112437993	man.n.03	0.553
112438132	homo.n.02	0.494
112438298	man.n.01	0.963
112438418	man.n.01	0.607
112438434	homo.n.02	None
112438442	homo.n.02	None
112438472	man.n.03	0.427
112438573	man.n.03	0.726
112438599	man.n.01	0.871
112438610	man.n.01	0.871
112438670	man.n.01	0.822
112438977	man.n.01	0.851
112438996	man.n.01	0.604
104050725	man.n.01	0.856
112439393	man.n.03	0.539
112439428	man.n.03	0.526
112439444	man.n.03	0.712
112439453	man.n.01	0.975
112439468	man.n.01	0.699
112439490	man.n.03	0.599
112439518	homo.n.02	0.724
112439561	homo.n.02	0.405
112439768	man.n.03	0.411
120828422	man.n.01	0.942
112440024	homo.n.02	0.57
112440140	homo.n.02	0.681
112440243	man.n.01	0.986
104051714	man.n.01	0.924
112440413	man.n.01	0.966
104051941	man.n.03	0.655
112440686	man.n.01	0.983
112440760	man.n.01	0.988
112440784	man.n.01	0.994
112440912	homo.n.02	0.351
112440925	man.n.03	0.461
112441002	man.n.03	0.44
120830149	man.n.01	0.944
104053105	man.n.01	0.757
104053173	man.n.01	0.958
104053188	man.n.01	0.882
104053200	man.n.03	0.532
104053255	man.n.01	0.781
112441894	man.n.01	0.713
112441938	man.n.01	0.529
112442039	man.n.01	0.608
104053784	man.n.03	0.53
104053878	man.n.01	0.968
104053885	man.n.01	0.986
104053936	homo.n.02	0.635
112442641	homo.n.02	0.351
112442652	man.n.01	0.389
104054307	man.n.01	0.455
104054312	man.n.01	0.835
104054322	man.n.01	0.456
104054327	man.n.01	0.764
104054334	man.n.03	0.648
104054337	man.n.01	0.539
104054346	man.n.01	0.578
104054349	man.n.03	0.552
112443095	homo.n.02	0.741
112443192	man.n.01	0.973
112443254	man.n.01	0.956
104054795	man.n.03	0.449
104055095	man.n.01	0.564
104055182	man.n.03	0.442
120832648	man.n.01	0.409
104055733	man.n.01	0.907
104055761	man.n.01	0.875
104055783	man.n.01	0.975
104055793	man.n.01	0.907
104055798	man.n.01	0.927
120833061	man.n.01	0.848
104056378	man.n.01	0.366
104056466	homo.n.02	0.646
104056468	homo.n.02	0.402
120834024	man.n.01	0.542
120834107	man.n.01	0.896
112445527	man.n.01	0.722
104056929	man.n.03	0.464
104056930	man.n.03	0.636
112445550	man.n.03	0.423
112445652	man.n.01	0.944
120834451	man.n.01	0.616
104057256	man.n.01	0.621
112446053	man.n.01	0.931
120834729	man.n.01	0.972
120834738	man.n.01	0.976
104057529	man.n.01	0.721
112446148	man.n.01	0.825
112446309	man.n.01	0.502
112446336	man.n.01	0.923
120834949	man.n.01	0.927
120834965	man.n.01	0.968
120834973	man.n.01	0.926
112446439	man.n.01	0.888
104057856	man.n.01	0.93
112446514	man.n.01	0.766
112446567	man.n.01	0.767
104058056	man.n.01	0.517
120835304	man.n.01	0.655
112446765	man.n.01	0.828
104058598	man.n.01	0.436
104058680	man.n.01	0.699
104058863	man.n.01	0.597
104058906	man.n.01	0.871
120836204	man.n.01	0.412
104059035	man.n.03	0.58
120836437	man.n.03	0.371
120836499	man.n.01	0.327
104059304	man.n.01	0.81
112448003	man.n.01	0.726
104059501	man.n.03	0.759
120836737	man.n.01	0.618
104059530	man.n.03	0.539
104059555	man.n.03	0.62
104059565	man.n.03	0.62
120837162	man.n.01	0.746
120837191	man.n.03	0.568
120837309	man.n.01	0.739
104060106	man.n.03	0.808
120837457	man.n.03	0.458
120837475	man.n.01	0.955
120837492	man.n.01	0.96
104060376	man.n.01	0.455
104060413	man.n.03	0.65
104060415	man.n.01	0.727
120837672	homo.n.02	0.344
104060533	man.n.03	0.506
120837821	man.n.01	0.996
120837824	man.n.01	0.998
104060615	man.n.01	0.508
120837952	man.n.03	0.537
120838081	man.n.03	0.482
104060884	man.n.01	0.442
120838107	man.n.01	0.879
120838146	man.n.01	0.503
104060969	man.n.01	0.873
120838185	man.n.01	0.493
120838201	man.n.01	0.636
120838225	man.n.01	0.923
120838265	man.n.01	0.975
120838270	man.n.01	0.974
104061074	man.n.03	0.578
104061105	man.n.03	0.687
120838331	man.n.01	0.968
104061119	homo.n.02	0.6
120838476	man.n.01	0.87
120838494	man.n.01	0.931
120838573	man.n.01	0.894
120838716	man.n.01	0.904
104061599	man.n.03	0.714
120838832	homo.n.02	0.36
120838892	man.n.01	0.577
120839290	man.n.01	0.49
120839306	man.n.01	0.383
120839347	man.n.03	0.432
120839392	man.n.03	0.371
120839419	man.n.01	0.946
120839468	man.n.03	0.519
120839476	man.n.03	0.379
120839498	man.n.03	0.533
104062298	man.n.01	0.965
104062300	man.n.01	0.892
104062312	man.n.01	0.939
120839529	man.n.01	0.716
104062368	man.n.01	0.567
104062369	man.n.03	0.539
104062408	man.n.01	0.548
104062425	man.n.01	0.898
104062426	man.n.01	0.878
120839696	man.n.01	0.458
112451101	man.n.03	0.488
104062569	man.n.03	0.812
120839795	man.n.01	0.992
104062638	man.n.03	0.635
120840237	man.n.01	0.668
112452030	man.n.01	0.416
112452060	homo.n.02	0.41
112452431	man.n.01	0.86
120841146	man.n.01	0.403
112452570	patient.n.01	0.996
104064233	man.n.03	0.82
104064236	man.n.03	0.808
104064246	man.n.03	0.867
104064330	man.n.03	0.721
104065084	man.n.01	0.502
112453908	man.n.01	0.993
112453981	man.n.01	0.921
112454004	man.n.01	0.98
104065424	man.n.01	0.968
104065427	man.n.01	0.977
104065715	man.n.03	0.627
104065758	man.n.03	0.753
104065766	man.n.03	0.715
104065768	man.n.03	0.652
104065786	man.n.03	0.823
120843312	man.n.01	0.578
120843767	man.n.01	0.968
120843859	man.n.01	0.447
120845141	man.n.01	0.756
120845175	man.n.01	0.925
120845260	man.n.03	0.648
120845286	man.n.01	0.838
104068824	homo.n.02	0.537
120846270	man.n.01	0.978
104069149	man.n.03	0.474
104069177	man.n.03	0.462
104069432	man.n.01	0.696
104069460	man.n.01	0.644
104069498	homo.n.02	0.697
104069500	man.n.03	0.457
104069671	man.n.01	0.637
120849387	homo.n.02	0.461
104072471	man.n.03	0.436
104073118	man.n.03	0.623
104073120	man.n.03	0.623
104074492	man.n.01	0.795
104074610	man.n.01	0.963
120852948	man.n.01	0.805
120853152	man.n.01	0.932
120853579	man.n.01	0.981
104076434	humanness.n.01	0.74
104076464	man.n.01	0.858
120853791	man.n.03	0.478
104076868	man.n.01	0.968
104076880	man.n.01	0.99
104076887	man.n.01	0.989
104076911	man.n.03	0.395
104076916	man.n.01	0.827
120854180	man.n.01	0.988
120854184	man.n.01	0.97
104076973	man.n.01	0.8
104076983	man.n.03	0.493
104077042	man.n.01	0.879
104077067	man.n.01	0.718
120854320	man.n.01	0.941
104077419	man.n.03	0.52
104077810	man.n.01	0.476
120855164	man.n.01	0.932
120855269	man.n.01	0.865
104078314	man.n.01	0.801
120855955	man.n.03	0.558
120855961	man.n.03	0.531
120856102	man.n.01	0.891
120856110	man.n.01	0.903
120856300	man.n.01	0.5
120856429	man.n.01	0.85
120856559	homo.n.02	0.672
120856567	man.n.01	0.957
120856572	man.n.03	0.435
104080094	man.n.03	0.589
104080097	man.n.03	0.505
104080111	man.n.01	0.956
104080120	man.n.01	0.963
104080143	man.n.01	0.95
104080346	man.n.03	0.693
104084657	man.n.01	0.563
104084946	man.n.01	0.833
104084996	man.n.01	0.868
104086471	homo.n.02	0.471
104086473	man.n.03	0.411
104086648	man.n.01	0.494
104086713	man.n.03	0.448
104086715	man.n.03	0.321
104087190	man.n.03	0.464
104087191	man.n.03	0.464
104087228	man.n.03	0.536
104087229	man.n.03	0.414
104087405	homo.n.02	0.496
104087501	man.n.03	0.701
104087504	man.n.03	0.701
104089014	man.n.01	0.793
104090130	homo.n.02	0.508
104090162	man.n.03	0.457
104092908	man.n.01	0.583
104092936	man.n.01	0.717
104093226	man.n.03	0.582
104093227	man.n.03	0.582
104093477	man.n.03	0.575
104093492	man.n.03	0.711
104093503	man.n.03	0.695
104094418	man.n.03	0.431
104094736	man.n.03	0.569
104096610	man.n.01	0.549
104096614	man.n.01	0.522
104096633	homo.n.02	0.368
104096670	man.n.01	0.877
120874129	man.n.01	0.936
104097036	man.n.01	0.771
120874378	man.n.01	0.768
120875272	man.n.01	0.795
104098301	man.n.01	0.602
104098311	man.n.01	0.69
104098318	man.n.01	0.648
104098355	man.n.01	0.464
104098363	man.n.03	0.485
120876814	man.n.01	0.407
104100607	man.n.01	0.59
104100613	man.n.01	0.787
120878576	man.n.01	0.907
120878755	man.n.01	0.782
104101558	man.n.01	0.909
104101560	man.n.01	0.986
104101582	man.n.03	0.472
120879114	man.n.03	0.566
120879535	man.n.01	0.702
104102511	man.n.01	0.376
120879746	man.n.01	0.852
104102667	man.n.01	0.588
104102670	man.n.01	0.553
104102671	man.n.01	0.553
120880638	man.n.01	0.688
104105036	man.n.03	0.415
104105402	homo.n.02	0.54
104105440	homo.n.02	0.547
104107194	man.n.01	0.674
104116957	man.n.01	0.486
104121709	man.n.01	0.879
104144425	man.n.01	0.527
104144939	homo.n.02	0.666
104147411	man.n.01	0.903
104147611	man.n.01	0.948
104151562	man.n.01	0.739
104151835	man.n.01	0.902
104151868	man.n.01	0.873
104151912	man.n.01	0.854
104153960	man.n.01	0.951
104154138	man.n.01	0.979
104154162	man.n.01	0.97
104155259	man.n.01	0.98
104155599	world.n.08	None
104156141	man.n.03	0.553
104156505	homo.n.02	0.439
104160196	world.n.08	None
104161690	world.n.08	None
104162955	homo.n.02	None
104163111	world.n.08	None
120942869	man.n.01	0.478
120942881	man.n.01	0.702
120944485	man.n.01	0.876
104170084	homo.n.02	0.618
104170173	homo.n.02	0.671
104170620	man.n.01	0.854
104170855	homo.n.02	0.419
104170955	man.n.01	0.923
104171183	homo.n.02	0.455
104171356	man.n.01	0.797
104171384	man.n.01	0.762
104173508	man.n.01	0.609
104173913	homo.n.02	0.409
104173985	world.n.08	None
104174259	world.n.08	None
104174366	man.n.01	0.717
104180998	man.n.01	0.824
104181872	homo.n.02	0.41
104184743	homo.n.02	0.603
104184762	homo.n.02	0.609
104186706	homo.n.02	0.69
104186935	homo.n.02	0.807
104188415	animal.n.01	None
104188446	man.n.01	0.949
104189080	man.n.01	0.886
104189531	homo.n.02	0.511
104190446	homo.n.02	0.64
120967799	world.n.08	None
120969075	man.n.01	0.55
104192374	homo.n.02	0.857
120969682	man.n.01	0.95
120970307	man.n.01	0.577
120971016	man.n.01	0.891
120972437	man.n.01	0.487
120974342	man.n.01	0.99
104198525	homo.n.02	0.821
120976427	man.n.01	0.986
120976466	man.n.01	0.792
120976476	man.n.01	0.515
104199661	homo.n.02	0.672
104199791	homo.n.02	0.867
104199830	man.n.01	0.944
104199888	man.n.01	0.966
120977159	man.n.01	0.695
104200021	homo.n.02	0.907
104200027	man.n.01	0.472
104200214	homo.n.02	0.685
104200249	homo.n.02	0.761
104200336	homo.n.02	0.55
104200402	homo.n.02	0.55
104200474	man.n.03	0.557
104200736	animal.n.01	None
104200919	man.n.01	0.549
104200935	man.n.01	0.59
120978231	man.n.01	0.65
120978499	homo.n.02	0.349
120978569	man.n.01	0.966
104201512	homo.n.02	0.857
104201953	homo.n.02	0.826
104201997	man.n.01	0.803
104202068	homo.n.02	0.694
104202144	homo.n.02	0.445
104202162	homo.n.02	0.551
120979721	man.n.01	0.466
104202587	homo.n.02	0.897
104202722	homo.n.02	0.585
120980007	people.n.01	0.837
104203297	homo.n.02	0.834
104204528	man.n.01	0.727
104204540	man.n.01	0.696
104204724	homo.n.02	0.654
104205447	homo.n.02	0.785
104205472	homo.n.02	0.554
104208091	man.n.01	0.81
104208512	man.n.01	0.854
104208577	man.n.01	0.874
104208876	homo.n.02	0.526
104209251	homo.n.02	0.562
104209283	man.n.01	0.45
104209379	homo.n.02	0.418
104209387	man.n.01	0.813
104209461	man.n.03	0.617
120986805	man.n.01	0.952
120987057	man.n.01	0.881
120988317	homo.n.02	0.336
104211955	man.n.01	0.701
104211969	man.n.01	0.961
104211970	man.n.01	0.969
104212007	man.n.01	0.94
104212011	man.n.01	0.963
120989251	man.n.01	0.917
104212043	man.n.01	0.977
104212048	man.n.01	0.955
104212073	man.n.03	0.468
104212077	man.n.03	0.633
104212150	man.n.01	0.431
104212228	man.n.03	0.49
104212295	man.n.01	0.979
104212299	man.n.01	0.959
104212522	man.n.03	0.476
104212594	man.n.03	0.866
104212801	man.n.01	0.458
120990498	man.n.01	0.897
104214923	homo.n.02	0.649
104214948	man.n.03	0.619
104214950	man.n.01	0.426
104214997	homo.n.02	0.579
104214998	man.n.03	0.6
104215329	bone.n.01	0.977
104215841	homo.n.02	0.491
120993058	man.n.01	0.979
104215843	homo.n.02	0.475
120993249	man.n.01	0.988
104216505	man.n.01	0.778
120993833	man.n.01	0.676
104216747	man.n.01	0.588
120994091	man.n.01	0.926
104217264	homo.n.02	0.469
104222037	man.n.03	0.531
104222043	man.n.03	0.556
104222044	man.n.03	0.485
104225495	homo.n.02	0.468
104225551	man.n.01	0.873
104225605	man.n.01	0.346
104226060	man.n.01	0.463
104226413	man.n.01	0.926
104226415	man.n.01	0.945
104228599	homo.n.02	0.859
104228842	man.n.01	0.914
104228874	man.n.01	0.377
104231233	people.n.01	0.904
104231279	people.n.01	0.877
104237091	man.n.01	0.744
104237102	man.n.01	0.767
104240810	man.n.01	0.845
104241128	man.n.01	0.911
104241180	man.n.01	0.933
104242862	man.n.01	0.436
104249750	man.n.01	0.798
104249761	man.n.03	0.359
104252919	man.n.01	0.346
104252921	man.n.01	0.864
121031358	man.n.01	0.956
121031598	man.n.03	0.6
121031780	man.n.03	0.824
121031908	man.n.01	0.625
104256030	man.n.01	0.484
104258109	man.n.01	0.934
104260007	man.n.01	0.367
104262985	man.n.01	0.847
104263049	man.n.01	0.855
104263180	man.n.01	0.982
104286481	man.n.01	0.641
104287734	man.n.01	0.56
121068247	man.n.01	0.77
121068386	stranger.n.02	0.599
121068433	man.n.01	0.759
121068568	man.n.01	0.994
121068670	stranger.n.01	0.644
121068828	man.n.01	0.98
121068913	man.n.01	0.872
121069015	man.n.01	0.959
121069414	man.n.01	0.973
104293282	man.n.03	0.508
104293334	man.n.01	0.859
104293336	man.n.01	0.81
104293390	man.n.03	0.747
104293443	man.n.03	0.817
121071353	man.n.01	0.994
121071597	man.n.01	0.989
121072418	man.n.01	0.68
121072420	man.n.01	0.568
121072463	man.n.01	0.391
121072671	man.n.03	0.33
121073572	man.n.01	0.845
121073585	man.n.01	0.925
121073791	man.n.01	0.902
121073994	man.n.01	0.806
121075118	man.n.01	0.951
104297971	man.n.01	0.401
121075238	man.n.01	0.943
121075251	man.n.01	0.875
104298050	man.n.01	0.834
121075292	man.n.01	0.883
104298085	man.n.03	0.56
121075326	man.n.01	0.985
121075329	man.n.01	0.975
104298140	man.n.03	0.58
104298166	homo.n.02	0.975
121075385	man.n.01	0.934
104298237	homo.n.02	0.646
104298412	man.n.03	0.488
104298432	man.n.03	0.475
121076126	man.n.01	0.944
104299054	homo.n.02	None
104299065	homo.n.02	None
104299070	man.n.01	0.77
121076401	man.n.01	0.914
121076435	stranger.n.01	0.553
104299313	man.n.01	0.47
121076530	man.n.01	0.782
104299444	homo.n.02	0.373
104299483	world.n.08	None
104299494	homo.n.02	None
121076736	homo.n.02	0.303
121076836	man.n.01	0.939
121076888	man.n.01	0.968
121077067	man.n.01	0.473
121077090	man.n.01	0.892
121077121	man.n.01	0.828
121077175	man.n.01	0.958
121077255	man.n.01	0.674
104300163	man.n.01	0.804
104300164	man.n.06	0.552
121077881	man.n.01	0.898
121078006	man.n.01	0.996
104300799	homo.n.02	0.678
104300900	world.n.08	None
104300994	man.n.01	0.929
104301183	homo.n.02	0.538
104301242	homo.n.02	0.626
104301275	world.n.08	None
121078780	man.n.01	0.992
104301609	man.n.03	0.459
121078841	man.n.01	0.993
121079336	man.n.01	0.684
104306313	man.n.01	0.895
104309924	man.n.01	0.634
104312941	man.n.01	0.98
104313431	world.n.08	None
104314536	person.n.01	0.905
104317488	people.n.01	0.855
104317498	people.n.01	0.979
104317538	man.n.01	0.943
104317686	people.n.01	0.839
104317752	person.n.01	0.999
104317825	person.n.01	0.998
104319548	world.n.08	None
104319575	man.n.01	0.529
104321974	man.n.01	0.778
104324222	man.n.01	0.679
104326822	homo.n.02	None
104326877	homo.n.02	0.543
104327245	homo.n.02	None
104331903	man.n.01	0.616
104333515	world.n.08	None
104349523	people.n.01	0.45
104352442	man.n.01	0.656
104352706	people.n.01	0.813
104355953	man.n.03	0.739
104356304	homo.n.02	None
104356412	man.n.01	0.562
104356664	man.n.01	0.941
104356712	homo.n.02	None
104357189	people.n.01	0.875
104357293	man.n.01	0.565
104357907	homo.n.02	None
104357945	homo.n.02	None
104357952	world.n.08	None
104358188	homo.n.02	None
121135689	man.n.01	0.95
121135759	man.n.01	0.585
121136025	man.n.01	0.704
121136051	man.n.03	0.613
121136070	man.n.01	0.991
121136082	man.n.01	0.784
121136088	man.n.01	0.785
104358900	population.n.01	0.562
121136221	man.n.03	0.929
121136254	man.n.01	0.577
121136605	homo.n.02	0.42
121136638	man.n.01	0.326
121136668	man.n.03	0.476
121136674	man.n.03	0.391
121136769	man.n.01	0.627
121136787	man.n.01	0.519
121136867	man.n.03	0.414
121136923	man.n.03	0.88
121137007	homo.n.02	0.618
121137314	man.n.01	0.535
121137442	man.n.01	0.745
121137730	man.n.01	0.85
121137762	man.n.01	0.928
121138064	man.n.01	0.924
121138092	friend.n.01	0.982
121138219	man.n.01	0.662
121138302	man.n.01	0.696
121138370	man.n.01	0.611
121138482	man.n.01	0.793
121138666	man.n.01	0.611
121138789	world.n.08	0.353
121138845	man.n.03	0.485
121139180	man.n.03	0.456
121139518	man.n.01	0.929
121139624	man.n.01	0.564
121139635	man.n.03	0.477
121139669	man.n.01	0.907
121139688	man.n.01	0.778
121140226	man.n.03	0.479
121140270	man.n.03	0.504
104363287	man.n.01	0.523
104363445	homo.n.02	None
121140692	man.n.01	0.452
104363513	man.n.01	0.605
121140837	man.n.01	0.398
104363641	world.n.08	None
121140894	man.n.01	0.845
121140917	man.n.01	0.91
121141418	man.n.01	0.922
121141546	world.n.08	None
121141656	man.n.01	0.517
104364464	world.n.08	None
121141872	man.n.03	0.589
121141889	man.n.01	0.832
104364684	world.n.08	None
104364815	man.n.03	0.421
121142055	man.n.03	0.363
121143025	homo.n.02	0.512
121143066	man.n.01	0.666
121143303	man.n.01	0.707
121143394	homo.n.02	0.463
121143515	world.n.08	0.377
121143572	man.n.01	0.395
121143599	man.n.01	0.824
121143635	man.n.01	0.625
121143684	man.n.03	0.735
121143781	homo.n.02	0.552
121143947	man.n.03	0.453
121144142	man.n.03	0.29
121144503	man.n.03	0.473
121144570	man.n.03	0.36
121144612	man.n.03	0.601
121144626	man.n.03	0.569
121144718	man.n.01	0.78
121144790	man.n.03	0.524
121144971	homo.n.02	0.429
121144994	man.n.01	0.716
121145064	man.n.01	0.802
121145120	man.n.03	0.482
121145126	homo.n.02	0.487
121145167	man.n.01	0.446
121145181	man.n.03	0.41
121145203	homo.n.02	0.492
121145210	man.n.03	0.667
121145236	homo.n.02	0.477
121145251	homo.n.02	0.47
121145273	man.n.03	0.485
121145288	homo.n.02	0.561
121145365	homo.n.02	0.49
104368232	man.n.01	0.934
121145468	man.n.01	0.959
121145499	man.n.03	0.363
121145520	man.n.01	0.414
121145536	homo.n.02	0.405
121145547	homo.n.02	0.404
121145582	man.n.01	0.673
121145600	man.n.01	0.623
121145621	homo.n.02	0.512
121145647	homo.n.02	0.465
121145676	man.n.01	0.846
121145811	man.n.01	0.903
121145879	man.n.01	0.815
121146038	man.n.01	0.987
121146612	man.n.03	0.494
104369506	man.n.01	0.692
104369540	man.n.01	0.754
121146938	man.n.03	0.478
121147024	man.n.01	0.437
121147180	man.n.01	0.516
121147317	man.n.03	0.392
121147402	man.n.03	0.54
121147627	man.n.03	0.58
121147642	man.n.03	0.566
121147800	homo.n.02	0.419
121147824	man.n.03	0.409
121147868	man.n.03	0.389
121147935	homo.n.02	0.562
121148000	homo.n.02	0.756
121148140	man.n.03	0.37
121148166	man.n.03	0.453
121148172	homo.n.02	0.422
121148263	man.n.01	0.609
121148412	man.n.01	0.989
121148530	man.n.01	0.921
121148606	man.n.01	0.522
121148738	homo.n.02	0.493
121148923	man.n.01	0.391
121149473	homo.n.02	0.47
121149986	man.n.01	0.549
121150126	earth.n.01	0.847
121150152	man.n.01	0.401
121150276	homo.n.02	0.592
121150405	man.n.01	0.895
121150438	man.n.01	0.703
121150448	man.n.01	0.858
121150501	man.n.03	0.421
121150550	man.n.01	0.688
121150935	homo.n.02	0.544
121150949	man.n.01	0.472
121150975	man.n.01	0.64
121151151	man.n.01	0.627
121151619	man.n.01	0.461
121151852	man.n.03	0.459
121152089	man.n.03	0.329
121152123	man.n.01	0.474
121152760	man.n.03	0.485
121153200	man.n.01	0.883
121153717	man.n.01	0.414
121153760	man.n.03	0.524
121153854	man.n.03	0.484
121153876	man.n.01	0.445
121153902	man.n.01	0.872
121155175	man.n.03	0.386
121155956	man.n.01	0.846
121156573	man.n.01	0.93
121156585	man.n.01	0.938
121156758	man.n.01	0.949
121156893	man.n.01	0.428
121158183	homo.n.02	0.495
121158249	man.n.01	0.629
121178027	homo.n.02	0.354
121182466	man.n.01	0.954
121182801	man.n.01	0.807
121182994	man.n.01	0.97
121183016	man.n.01	0.47
121183296	man.n.01	0.322
121183319	man.n.01	0.861
121183428	man.n.01	0.5
121183595	brother.n.01	0.94
121183708	man.n.01	0.984
121198891	man.n.01	0.939
121217726	man.n.03	0.529
121225996	man.n.01	0.86
121229277	man.n.01	0.586
121234334	homo.n.02	0.371
104457738	man.n.01	0.726
104457766	man.n.01	0.499
104461459	homo.n.02	0.515
104464912	man.n.01	0.394
104465177	man.n.01	0.536
121244286	man.n.03	0.475
121246196	man.n.03	0.567
104471126	man.n.01	0.84
121249396	man.n.03	0.438
104473905	man.n.01	0.779
121251306	man.n.01	0.419
121251824	man.n.03	0.523
104476279	man.n.01	0.866
104477787	man.n.01	0.671
104477889	man.n.01	0.582
104478008	man.n.01	0.535
104478259	man.n.01	0.688
121255572	man.n.03	0.405
121256198	man.n.01	0.547
104480322	person.n.01	0.999
121258551	man.n.01	0.955
121258764	man.n.01	0.481
104481915	man.n.01	0.457
121259186	man.n.01	0.796
104483230	man.n.01	0.958
121261587	man.n.03	0.632
121262935	man.n.01	0.828
104486425	man.n.01	0.883
104487009	man.n.01	0.527
121265734	man.n.03	0.436
121266231	world.n.08	None
121266259	man.n.03	0.571
104492501	man.n.01	0.847
104493473	man.n.01	0.84
104494588	man.n.01	0.995
104494623	man.n.01	0.993
121271934	man.n.01	0.99
104496345	man.n.01	0.787
104496565	man.n.01	0.921
104497230	man.n.03	0.768
104498436	man.n.01	0.767
104498471	man.n.03	0.591
104499212	man.n.01	0.817
121276433	person.n.01	0.996
121276651	man.n.01	0.984
104499448	person.n.01	None
104499596	man.n.01	0.933
104500836	man.n.01	0.508
104505121	man.n.03	0.469
121284269	man.n.01	0.569
121284633	man.n.01	0.604
121284887	man.n.03	0.399
104508234	man.n.01	0.767
121287320	man.n.01	0.757
121287327	man.n.01	0.773
121288948	man.n.01	0.692
121289495	man.n.03	0.44
121289532	homo.n.02	0.416
121289577	man.n.03	0.501
121289651	man.n.01	0.393
121289720	man.n.03	0.473
121290024	homo.n.02	0.404
121290879	homo.n.02	0.707
121291376	man.n.01	0.971
121292176	man.n.03	0.531
121292212	man.n.03	0.823
121292356	man.n.01	0.495
121292545	man.n.01	0.477
121292589	man.n.03	0.461
104518367	animal.n.01	None
104529579	homo.n.02	0.555
104529587	man.n.01	0.952
104529597	man.n.01	0.785
104529600	man.n.01	0.656
104529614	man.n.01	0.796
104529683	man.n.01	0.364
104530565	man.n.01	0.982
104530575	man.n.01	0.935
104530578	man.n.01	0.938
104531458	man.n.03	0.333
104531462	man.n.01	0.519
104533812	man.n.01	0.974
104537671	homo.n.02	0.54
104537687	man.n.03	0.442
104539502	man.n.03	0.439
104539731	man.n.01	0.547
104539741	homo.n.02	0.496
104539803	man.n.03	0.481
104539824	man.n.03	0.446
104539857	man.n.03	0.516
104540754	homo.n.02	0.503
104540843	man.n.03	0.521
104547092	man.n.01	0.774
104547101	world.n.08	None
104547102	man.n.01	0.638
104549429	homo.n.02	0.816
104549487	homo.n.02	0.714
104549542	homo.n.02	None
104549613	homo.n.02	0.796
104549704	homo.n.02	0.427
104549736	homo.n.02	0.709
104549804	homo.n.02	None
121327101	man.n.01	0.981
104550068	homo.n.02	None
121327633	man.n.01	0.957
121327874	man.n.01	0.956
121328205	man.n.01	0.425
121328299	man.n.01	0.936
121328783	man.n.01	0.691
121328930	sir.n.01	0.964
121330724	man.n.01	0.964
104554939	homo.n.02	0.741
121332676	homo.n.02	0.316
121332702	man.n.01	0.923
121332759	man.n.01	0.536
104556276	man.n.01	0.807
121334044	gentleman.n.01	0.884
121334951	man.n.01	0.847
121336406	man.n.01	0.899
121336471	man.n.01	0.981
121336500	man.n.01	0.927
121336527	man.n.01	0.951
121336570	man.n.01	0.996
121336577	man.n.01	0.996
121336710	man.n.01	0.968
121337327	man.n.01	0.987
121337651	people.n.01	0.966
121337828	man.n.01	0.966
121337872	man.n.01	0.967
121337917	man.n.01	0.993
121337936	man.n.01	0.965
121337937	man.n.01	0.817
121338071	man.n.01	0.984
121338175	man.n.01	0.747
121338275	homo.n.02	0.43
121338287	man.n.01	0.588
121338312	man.n.01	0.83
104561676	man.n.03	0.451
104561686	homo.n.02	0.656
104561983	man.n.03	0.528
104561996	man.n.01	0.72
104562011	homo.n.02	0.614
104562064	homo.n.02	0.707
104562089	man.n.01	0.764
104562130	homo.n.02	0.616
104562177	homo.n.02	0.495
104562700	man.n.01	0.818
104562737	man.n.01	0.838
104562873	man.n.01	0.94
104562885	man.n.01	0.771
104563329	man.n.03	0.638
104563333	man.n.01	0.75
121340966	man.n.01	0.96
121340991	man.n.01	0.946
121341577	homo.n.02	0.548
121341927	homo.n.02	0.864
121342112	man.n.01	0.941
121342121	man.n.01	0.861
121342237	man.n.01	0.888
121342256	homo.n.02	0.586
121342330	man.n.01	0.981
104566779	man.n.01	0.854
121344174	man.n.01	0.925
121344404	man.n.01	0.913
121344416	man.n.01	0.851
121344421	man.n.01	0.965
104567874	man.n.01	0.945
121345332	man.n.01	0.989
121345415	man.n.01	0.978
121345755	man.n.01	0.741
104568563	homo.n.02	0.383
121346092	man.n.01	0.998
121346097	man.n.01	0.997
104569241	man.n.03	0.476
104569912	man.n.01	0.92
104569978	man.n.01	0.663
104570258	man.n.01	0.899
104571112	man.n.01	0.474
104571119	man.n.01	0.695
104571145	man.n.01	0.754
104571158	man.n.01	0.766
121348704	man.n.03	0.397
121348913	man.n.03	0.581
121348930	man.n.03	0.468
121348979	homo.n.02	0.344
121349020	man.n.01	0.566
121349087	man.n.01	0.466
121349176	man.n.01	0.702
121349299	man.n.03	0.615
121349333	man.n.01	0.524
121349851	man.n.01	0.753
104572705	man.n.01	0.737
121349993	man.n.01	0.625
104573260	man.n.01	0.835
121350525	homo.n.02	0.8
104573532	man.n.01	0.814
104573556	man.n.03	0.335
121350911	man.n.01	0.737
121350954	man.n.01	0.57
121351467	man.n.01	0.704
121351553	man.n.01	0.635
121351571	man.n.01	0.5
104574383	man.n.01	0.963
104574400	man.n.01	0.975
121351697	man.n.03	0.456
104574489	man.n.01	0.94
104574558	man.n.01	0.775
104574564	man.n.01	0.914
121351781	man.n.03	0.733
104574588	man.n.01	0.924
121351945	homo.n.02	0.428
121351950	man.n.03	0.336
121352005	man.n.01	0.685
121352013	world.n.08	0.327
121352019	man.n.01	0.64
121352038	man.n.03	0.495
121352094	man.n.03	0.416
121352151	man.n.01	0.777
121352334	man.n.01	0.865
121352492	man.n.03	0.535
121352553	man.n.01	0.824
121352606	man.n.03	0.453
121352627	man.n.03	0.795
121352956	man.n.01	0.695
104576207	man.n.03	0.379
121353556	man.n.03	0.821
121353595	man.n.01	0.449
121353719	man.n.01	0.971
121353803	homo.n.02	0.73
121353818	man.n.01	0.559
121354043	personage.n.01	0.588
121354096	man.n.03	0.406
121354213	man.n.01	0.792
121354504	man.n.01	0.789
121354695	man.n.01	0.476
104577516	homo.n.02	0.437
104577518	man.n.01	0.367
121355103	man.n.01	0.695
121355130	man.n.01	0.927
121355230	man.n.03	0.724
121357649	man.n.01	0.746
121357653	man.n.01	0.883
104581389	man.n.01	0.493
104581628	man.n.01	0.566
104583333	man.n.03	0.45
104583651	homo.n.02	0.714
104583687	man.n.01	0.779
104583727	man.n.01	0.621
104583738	homo.n.02	0.55
104583774	man.n.01	0.693
104583791	man.n.01	0.532
104583838	homo.n.02	0.611
104583922	man.n.01	0.92
104583962	homo.n.02	0.716
104583969	homo.n.02	0.471
104584045	man.n.01	0.791
104584899	man.n.03	0.665
104585094	homo.n.02	0.483
104585113	man.n.03	0.618
104585474	homo.n.02	0.643
104585934	man.n.01	0.973
104585988	man.n.01	0.983
104586227	homo.n.02	0.404
104586239	man.n.03	0.566
104586247	man.n.03	0.524
104586282	man.n.03	0.579
104586310	man.n.03	0.629
104586425	man.n.03	0.643
104586611	man.n.01	0.507
104586615	man.n.03	0.462
104586619	man.n.03	0.565
104586742	man.n.03	0.696
104587028	man.n.03	0.58
104587043	man.n.03	0.506
104587167	man.n.03	0.537
104587178	man.n.03	0.605
104587331	man.n.01	0.644
104587334	man.n.01	0.681
104587423	man.n.01	0.907
104587443	man.n.01	0.915
104587495	homo.n.02	0.852
104587620	man.n.03	0.363
104587623	man.n.01	0.949
104587629	man.n.01	0.912
104587635	man.n.01	0.906
104587666	man.n.03	0.545
104587672	man.n.01	0.727
104587778	man.n.01	0.959
104587782	man.n.01	0.866
104587785	man.n.01	0.985
104587788	man.n.01	0.978
104587874	man.n.03	0.446
104587896	man.n.03	0.512
104587904	man.n.01	0.795
104587965	man.n.03	0.477
104588095	homo.n.02	0.483
104588104	homo.n.02	0.483
104588199	homo.n.02	0.668
104588240	man.n.01	0.962
104588269	man.n.01	0.914
104589598	man.n.03	0.725
104589611	man.n.01	0.421
104589622	animal.n.01	None
121367203	universe.n.01	0.419
121367660	man.n.03	0.393
104590455	man.n.01	0.685
104590467	animal.n.01	None
104590556	man.n.03	0.445
104590566	man.n.01	0.622
104590576	person.n.01	None
121367834	man.n.01	0.845
121368013	man.n.01	0.646
104590949	man.n.03	0.691
104591116	homo.n.02	0.608
104591127	homo.n.02	0.466
104591499	homo.n.02	0.486
104591509	homo.n.02	0.354
104591517	homo.n.02	0.354
121368935	world.n.08	0.395
121368945	man.n.01	0.589
121369074	man.n.01	0.932
121369128	man.n.01	0.761
121369214	man.n.01	0.467
121369281	man.n.01	0.736
104592072	man.n.01	0.422
121369695	man.n.01	0.706
121369777	man.n.03	0.618
121369837	man.n.01	0.719
121369959	man.n.01	0.966
121370109	man.n.01	0.432
121370242	man.n.01	0.495
104593310	biped.n.01	None
104593320	man.n.01	0.454
104593329	homo.n.02	0.679
104593572	homo.n.02	0.637
121370805	homo.n.02	0.379
104594067	homo.n.02	0.668
121371446	man.n.03	0.554
121372415	man.n.01	0.361
104595921	homo.n.02	0.654
104596039	world.n.08	None
121373478	man.n.01	0.891
104596657	man.n.01	0.793
121374101	man.n.01	0.519
121374779	homo.n.02	0.357
121375287	man.n.01	0.586
121375892	man.n.03	0.43
121375935	man.n.01	0.828
121376147	earth.n.01	0.489
121376207	man.n.01	0.946
121376282	man.n.01	0.853
121376357	man.n.01	0.932
121376529	homo.n.02	None
104599424	man.n.01	0.73
121376655	man.n.03	0.559
121376697	man.n.01	0.76
121376715	man.n.01	0.311
121377003	man.n.01	0.56
121377021	man.n.01	0.563
121377039	earth.n.01	0.307
121377097	man.n.01	0.883
121377102	man.n.01	0.883
121377224	man.n.01	0.447
121377323	world.n.08	None
121377368	homo.n.02	0.332
121377484	man.n.01	0.569
121377645	man.n.01	0.991
121377683	man.n.01	0.989
121377705	man.n.01	0.993
121377714	man.n.01	0.986
121377721	man.n.01	0.987
121378575	homo.n.02	0.423
121378625	world.n.08	None
121378657	man.n.01	0.821
121378705	man.n.01	0.944
121379710	man.n.01	0.994
121380581	world.n.08	None
121382048	man.n.01	0.747
121382186	man.n.03	0.466
121383281	man.n.01	0.855
104606518	man.n.03	0.633
121383936	world.n.08	None
121383978	man.n.01	0.379
121384014	man.n.01	0.481
121384025	man.n.01	0.659
121384111	man.n.01	0.862
121384329	man.n.01	0.529
121384346	man.n.01	0.736
121384652	man.n.03	0.521
121384669	man.n.03	0.47
121385043	man.n.01	0.713
121385370	man.n.01	0.785
121386009	man.n.03	0.77
121386145	man.n.01	0.814
121386212	man.n.01	0.924
121386259	man.n.03	0.443
121386266	world.n.08	None
121386474	man.n.03	0.561
104609275	people.n.01	0.979
121386689	world.n.08	None
121386699	homo.n.02	0.331
121386733	person.n.01	1.0
121386928	man.n.01	0.976
121387052	man.n.01	0.511
121387152	man.n.01	0.43
121387210	man.n.01	0.61
121387441	man.n.01	0.923
121388093	man.n.03	0.383
121388583	man.n.01	0.869
121388605	homo.n.02	None
121388883	man.n.01	0.81
121388894	man.n.03	0.542
121389162	man.n.01	0.591
121389311	man.n.01	0.823
121389369	man.n.01	0.943
121389487	man.n.01	0.674
121389551	man.n.03	0.439
121389697	man.n.01	0.862
121389705	man.n.01	0.803
121390094	man.n.03	0.637
121392149	world.n.08	None
121392363	man.n.03	0.638
121392940	man.n.03	0.605
121392951	man.n.03	0.553
121393004	man.n.03	0.372
121393660	homo.n.02	0.45
121394353	man.n.01	0.573
121395790	man.n.03	0.446
121396005	man.n.03	0.688
121396029	man.n.03	0.521
121396196	man.n.01	0.373
121396210	homo.n.02	0.367
121396649	man.n.01	0.886
121396674	man.n.01	0.493
121396758	man.n.03	0.48
121396782	man.n.03	0.427
121396860	man.n.03	0.416
121396995	man.n.03	0.605
121397256	man.n.01	0.473
121397690	man.n.01	0.947
121397875	man.n.01	0.396
121398253	man.n.01	0.789
121398744	man.n.01	0.636
121398806	man.n.01	0.974
121398818	man.n.01	0.779
121399180	man.n.01	0.52
121399198	homo.n.02	0.429
121399716	man.n.03	0.852
121399728	man.n.01	0.931
121400382	person.n.01	0.827
121400646	man.n.01	0.406
121401016	man.n.01	0.897
121401309	homo.n.02	0.554
121401825	man.n.01	0.574
121401947	man.n.03	0.5
121402323	man.n.01	0.889
121402511	world.n.08	None
121402589	world.n.08	None
121402676	man.n.01	0.472
121402924	homo.n.02	0.399
121403107	man.n.01	0.904
121403369	man.n.01	0.982
121403378	man.n.03	0.54
121403668	man.n.01	0.418
121403824	man.n.01	0.559
121403902	world.n.08	0.35
121404928	man.n.01	0.755
121405550	man.n.01	0.688
121406160	man.n.03	0.482
121406281	man.n.03	0.619
121406379	man.n.01	0.571
121407373	world.n.08	None
121407898	man.n.01	0.444
121407972	man.n.01	0.648
121408122	man.n.01	0.501
121410969	man.n.01	0.589
121411790	man.n.01	0.835
121411794	man.n.01	0.916
121411797	man.n.01	0.892
121413187	homo.n.02	0.555
121413498	man.n.01	0.871
121413927	man.n.01	0.55
121413938	man.n.01	0.813
121414113	man.n.03	0.482
121414871	man.n.01	0.682
121414891	man.n.01	0.843
121414940	man.n.01	0.755
121415064	man.n.01	0.902
121415391	world.n.08	None
121416651	man.n.01	0.701
121416661	man.n.01	0.701
121416684	person.n.01	0.89
121417300	man.n.01	0.701
121417498	man.n.03	0.486
121417794	world.n.08	None
121417913	man.n.01	0.641
121418338	world.n.08	None
121418682	man.n.03	0.433
121418739	person.n.01	0.896
121418768	world.n.08	None
121418786	man.n.01	0.456
121419713	world.n.08	None
121419856	man.n.01	0.556
121420486	man.n.01	0.563
121420902	man.n.01	0.379
121421234	man.n.01	0.922
121421615	world.n.08	None
121421692	person.n.01	None
121421749	man.n.03	0.407
121422030	man.n.01	0.947
121422182	man.n.03	0.42
121422723	man.n.01	0.457
121423064	man.n.01	0.905
121423616	man.n.03	0.585
121424112	man.n.01	0.803
121424518	man.n.03	0.528
121424747	man.n.01	0.509
121424780	man.n.01	0.852
121425138	man.n.03	0.454
121427782	man.n.03	0.458
121428056	person.n.01	0.998
121428573	people.n.01	0.905
121428830	person.n.01	0.945
121429108	person.n.01	0.998
121429492	world.n.08	None
121430348	man.n.03	0.505
121431074	man.n.01	0.655
121431086	man.n.01	0.595
121431142	man.n.01	0.714
121431159	man.n.01	0.478
121431293	person.n.01	1.0
121431420	man.n.01	0.786
121431444	man.n.01	0.802
121431519	world.n.08	0.306
121431684	man.n.01	0.945
121432049	man.n.01	0.66
121432069	man.n.01	0.715
121432176	man.n.01	0.525
121432275	man.n.01	0.882
121432341	world.n.08	None
121432938	man.n.03	0.424
121433027	man.n.01	0.669
121433778	man.n.03	0.485
121433902	man.n.01	0.437
121433949	man.n.01	0.474
121434032	man.n.01	0.709
121434561	man.n.01	0.562
121434887	man.n.03	0.549
121435033	man.n.01	0.676
121435138	homo.n.02	0.364
121436736	man.n.01	0.836
121436748	man.n.01	0.381
121436765	man.n.01	0.793
121436899	man.n.01	0.463
121437009	man.n.01	0.429
121437149	man.n.01	0.413
121437219	man.n.03	0.404
121437332	world.n.08	0.457
121437353	homo.n.02	0.474
121437607	man.n.03	0.554
121437655	man.n.03	0.373
121437711	man.n.03	0.546
121437733	world.n.08	None
121437754	man.n.03	0.493
121437850	world.n.08	None
121437979	man.n.01	0.404
121437999	homo.n.02	0.364
121438366	man.n.01	0.709
121439071	man.n.03	0.456
121439581	man.n.01	0.454
121439840	homo.n.02	0.508
121439858	homo.n.02	0.421
121440268	man.n.01	0.907
121440853	world.n.08	None
121440945	man.n.01	0.983
121441008	man.n.01	0.612
121441127	world.n.08	None
121441298	man.n.01	0.336
121442053	world.n.08	None
121442362	man.n.03	0.465
121442400	man.n.01	0.691
121442438	man.n.01	0.381
121442452	man.n.03	0.379
121442514	homo.n.02	0.413
121442594	man.n.03	0.591
121442614	man.n.03	0.551
121442807	man.n.03	0.532
121442949	world.n.08	None
121442959	man.n.01	0.573
121443004	man.n.01	0.676
121443009	man.n.01	0.723
121443237	world.n.08	None
121443354	man.n.03	0.475
121443808	man.n.03	0.541
121443823	man.n.03	0.506
121444018	man.n.03	0.527
121444137	man.n.03	0.458
121444142	man.n.01	0.528
121444206	man.n.03	0.479
121444325	man.n.03	0.636
121444389	homo.n.02	0.69
121444442	homo.n.02	0.364
121444455	man.n.01	0.473
121444877	man.n.01	0.572
121444880	man.n.01	0.838
121444887	man.n.03	0.52
121444998	man.n.01	0.621
121445123	man.n.01	0.786
121445183	man.n.01	0.802
104668202	man.n.01	0.97
121445493	nation.n.02	0.59
121445534	man.n.03	0.513
121445729	man.n.01	0.944
121445788	world.n.08	None
121446648	man.n.01	0.933
121446848	state.n.04	0.64
121446905	man.n.01	0.806
121446954	man.n.01	0.806
121447036	homo.n.02	0.456
121447168	man.n.03	0.37
121447181	man.n.01	0.731
121447337	man.n.01	0.726
121447353	man.n.01	0.873
121447386	man.n.01	0.873
121447429	man.n.01	0.405
121447746	man.n.01	0.784
121447928	man.n.01	0.765
121448092	man.n.01	0.831
121448636	man.n.01	0.861
121448815	person.n.01	0.82
121448826	man.n.01	0.757
121448871	man.n.03	0.534
121448888	man.n.03	0.519
121448973	man.n.01	0.768
121448992	man.n.01	0.474
121450421	world.n.08	None
121450504	man.n.03	0.313
121451641	man.n.01	0.974
121452571	man.n.01	0.953
121453146	homo.n.02	0.532
121453149	man.n.03	0.539
121453494	land.n.04	0.623
121454206	man.n.01	0.982
121454386	man.n.03	0.466
121454515	man.n.01	0.948
121454567	world.n.08	None
121454656	man.n.01	0.967
121455265	man.n.03	0.471
121455368	homo.n.02	0.357
121455702	person.n.01	0.896
104678815	man.n.01	0.946
121456908	man.n.03	0.522
121456984	man.n.01	0.894
121457669	man.n.01	0.993
121457676	man.n.01	0.877
121457680	man.n.01	0.91
121457900	man.n.01	0.567
121458280	man.n.01	0.958
121458374	man.n.03	0.496
121458479	homo.n.02	0.446
121458503	homo.n.02	0.603
121458582	homo.n.02	0.64
121458681	man.n.03	0.463
121458695	man.n.01	0.548
121458885	man.n.01	0.735
121458904	homo.n.02	0.46
121459019	man.n.01	0.512
121459033	man.n.01	0.655
121459045	man.n.01	0.521
121459193	man.n.03	0.429
121459547	organism.n.01	0.993
121459638	homo.n.02	0.468
121459660	man.n.03	0.389
121459675	homo.n.02	0.664
121459735	person.n.01	0.999
121460004	man.n.01	0.684
121460028	man.n.01	0.863
121460032	man.n.01	0.811
121460158	homo.n.02	0.674
121460170	homo.n.02	0.47
121460194	world.n.08	None
121460214	homo.n.02	0.543
121460237	man.n.01	0.775
121460276	human_nature.n.01	None
121460325	man.n.01	0.474
121460336	man.n.01	0.623
121460360	homo.n.02	0.696
121460370	homo.n.02	0.533
121460380	homo.n.02	0.445
121460402	homo.n.02	0.479
121460466	man.n.01	0.701
121460478	man.n.03	0.416
121460811	man.n.01	0.717
121460841	man.n.01	0.483
121460897	man.n.03	0.719
121460948	world.n.08	None
121461119	man.n.01	0.489
121461126	man.n.01	0.862
121461201	man.n.03	0.442
121461217	world.n.08	None
121461305	man.n.01	0.698
104684142	man.n.01	0.659
121461433	homo.n.02	0.389
121461638	homo.n.02	0.472
121461648	homo.n.02	0.472
121461693	man.n.01	0.636
121461734	homo.n.02	0.665
121461784	man.n.03	0.45
121461872	man.n.03	0.465
121461896	man.n.01	0.777
121461927	man.n.01	0.852
121461994	man.n.01	0.816
121462016	man.n.01	0.53
121462097	man.n.01	0.542
121462188	homo.n.02	0.523
121462483	man.n.01	0.706
121462508	world.n.08	None
121462532	world.n.08	None
121462546	homo.n.02	0.495
121462643	man.n.01	0.539
121462752	man.n.01	0.521
121462961	homo.n.02	0.584
121463006	man.n.03	0.444
121463032	homo.n.02	None
121463147	man.n.01	0.379
121463183	man.n.01	0.953
121463243	world.n.08	None
121463359	homo.n.02	0.654
121463402	man.n.01	0.51
121463433	man.n.01	0.838
121463476	man.n.01	0.87
121463894	world.n.08	None
121464193	world.n.08	None
121464278	man.n.01	0.92
121464279	man.n.01	0.92
121464280	man.n.01	0.92
121464311	homo.n.02	0.465
121464437	man.n.03	0.591
121464552	man.n.01	0.831
121465002	man.n.01	0.783
121465089	world.n.08	None
121465101	man.n.01	0.948
121465115	world.n.08	None
121465172	homo.n.02	0.463
121465263	man.n.01	0.685
121465335	man.n.01	0.404
121465416	man.n.03	0.494
121465428	man.n.03	0.581
121465508	man.n.03	0.444
121465543	man.n.01	0.533
121465573	homo.n.02	None
121465620	homo.n.02	0.502
121465726	homo.n.02	None
121465772	man.n.03	0.408
121465853	man.n.03	0.37
121465897	man.n.03	0.504
121466076	world.n.08	None
121466339	man.n.03	0.725
121466650	homo.n.02	0.413
121466793	world.n.08	None
121466849	man.n.01	0.45
121466911	world.n.08	None
121466940	world.n.08	None
121467089	man.n.03	0.669
121467229	man.n.03	0.583
121467414	world.n.08	None
121467442	man.n.03	0.45
121468087	homo.n.02	None
121469235	man.n.03	0.578
121469537	man.n.03	0.392
121469871	world.n.08	None
121471711	man.n.01	0.869
121473555	man.n.03	0.595
121473608	man.n.03	0.687
121473723	man.n.01	0.836
121473933	man.n.01	0.66
121475170	man.n.01	0.71
121475859	person.n.01	None
121476522	man.n.01	0.787
121477083	homo.n.02	None
121477125	man.n.03	0.377
121477177	man.n.03	0.558
121477300	man.n.01	0.496
121477782	man.n.03	0.435
121478093	man.n.03	0.543
121478305	homo.n.02	0.411
121478311	homo.n.02	0.458
121478580	man.n.03	0.32
121478728	homo.n.02	0.71
121478765	homo.n.02	None
121479508	person.n.01	None
121479672	man.n.01	0.525
121480213	man.n.01	0.619
121480219	man.n.01	0.582
121480284	man.n.01	0.783
121480746	man.n.03	0.506
121481551	man.n.01	0.945
121482605	man.n.03	0.586
121482664	homo.n.02	0.524
121482701	world.n.08	None
121482773	world.n.08	None
121482811	world.n.08	None
121482828	homo.n.02	0.476
121482906	man.n.01	0.415
121482986	man.n.01	0.901
121483055	man.n.01	0.815
121483074	world.n.08	None
121483612	man.n.03	0.527
121483813	world.n.08	None
121483861	homo.n.02	0.392
121484021	world.n.08	None
121484258	homo.n.02	0.471
121484595	man.n.03	0.498
121485017	man.n.01	0.831
121485361	man.n.01	0.873
121486295	man.n.01	0.364
121486340	man.n.01	0.526
121486626	man.n.03	0.499
121486717	man.n.01	0.498
121486938	man.n.01	0.729
121487242	homo.n.02	0.471
121487253	man.n.01	0.615
121487729	man.n.01	0.981
121489574	man.n.03	0.383
121489962	man.n.01	0.723
121490968	world.n.08	None
121491451	man.n.03	0.578
121493527	man.n.01	0.977
121494587	homo.n.02	None
121494668	man.n.01	0.971
121494746	homo.n.02	None
121495346	man.n.03	0.531
121497099	man.n.01	0.783
121498376	man.n.03	0.453
121498636	man.n.01	0.931
121498950	homo.n.02	None
121499021	homo.n.02	0.454
121499824	man.n.01	0.682
121499897	man.n.03	0.447
121499913	man.n.01	0.615
121499963	world.n.08	None
104722788	man.n.01	0.943
121500071	homo.n.02	0.372
121500214	man.n.01	0.675
121500980	man.n.03	0.579
121500998	man.n.01	0.531
121501331	man.n.01	0.723
121501452	homo.n.02	0.362
121501471	homo.n.02	0.483
121501621	homo.n.02	0.387
121501645	homo.n.02	0.555
121501672	homo.n.02	0.61
121501822	homo.n.02	0.384
121502928	man.n.01	0.6
121503815	man.n.01	0.873
121504158	homo.n.02	0.435
121504176	world.n.08	0.434
121504187	man.n.01	0.552
121504258	man.n.03	0.422
121504277	homo.n.02	0.372
121504452	man.n.01	0.433
121505507	man.n.03	0.501
121505658	homo.n.02	0.391
121505692	humanness.n.01	0.871
121505718	homo.n.02	0.36
121505765	man.n.01	0.456
121505921	man.n.03	0.582
121507352	man.n.03	0.711
121508611	world.n.08	None
121508666	homo.n.02	0.463
121508701	man.n.03	0.393
121508972	man.n.01	0.761
121509021	homo.n.02	0.397
121509786	man.n.01	0.887
121510041	man.n.01	0.943
121510351	man.n.01	0.795
121510361	man.n.01	0.905
121510378	man.n.01	0.887
121511303	homo.n.02	0.337
121511397	man.n.03	0.449
121511454	man.n.03	0.526
121511850	homo.n.02	0.344
121512095	man.n.01	0.711
121512145	man.n.01	0.651
121512729	man.n.01	0.959
121512785	world.n.08	None
121512890	man.n.01	0.809
121513184	person.n.01	0.999
121513219	man.n.01	0.448
121513399	man.n.03	0.523
121513456	man.n.01	0.952
121513649	man.n.01	0.57
121515353	man.n.01	0.984
121516031	man.n.01	0.718
121516612	man.n.01	0.854
121516630	man.n.01	0.744
121516644	man.n.01	0.983
121516660	man.n.01	0.935
121516684	man.n.01	0.951
121516766	man.n.01	0.59
121516811	man.n.01	0.989
121516991	man.n.01	0.958
121517057	man.n.03	0.667
121517062	man.n.03	0.459
121517086	world.n.08	None
121517100	man.n.01	0.819
121517265	man.n.01	0.957
121518570	man.n.01	0.781
121518618	man.n.01	0.47
121519014	man.n.01	0.957
121520650	man.n.01	0.714
121520711	man.n.01	0.751
121521896	man.n.01	0.66
121522933	man.n.01	0.886
121523401	man.n.03	0.356
121523457	man.n.01	0.899
121523597	man.n.03	0.61
121523610	man.n.03	0.623
121523631	man.n.03	0.728
121523688	man.n.01	0.598
121523951	homo.n.02	0.366
121525218	man.n.03	0.576
121525220	man.n.03	0.576
121525338	man.n.01	0.95
121525720	man.n.03	0.645
121526508	man.n.03	0.603
121526564	man.n.01	0.661
121526582	man.n.03	0.565
121527020	man.n.01	0.434
121527242	man.n.01	0.958
121527809	man.n.03	0.405
121528065	homo.n.02	0.552
121528821	man.n.01	0.953
121529484	man.n.03	0.484
121529550	man.n.03	0.397
121529770	man.n.01	0.635
121530214	person.n.01	0.998
121530331	man.n.01	0.861
121531021	man.n.01	0.342
121531240	man.n.01	0.951
121532116	man.n.03	0.432
121532133	man.n.01	0.798
121532186	homo.n.02	0.426
121532255	homo.n.02	0.429
121532653	man.n.01	0.451
121532880	man.n.01	0.75
121533601	man.n.03	0.644
121533800	man.n.01	0.367
121534900	man.n.01	0.955
121535125	man.n.01	0.717
121535202	man.n.01	0.79
121535261	man.n.01	0.923
121536633	man.n.03	0.423
121537043	man.n.01	0.659
121537239	man.n.03	0.432
121537318	man.n.01	0.435
121537484	man.n.01	0.755
121537540	man.n.01	0.59
121537578	homo.n.02	0.482
121538044	man.n.01	0.484
121539007	man.n.01	0.589
121539666	man.n.03	0.426
121539863	man.n.03	0.509
121540313	man.n.01	0.753
121540315	man.n.03	0.567
121540381	man.n.01	0.914
121540382	man.n.01	0.793
121540394	man.n.01	0.532
121540479	angel.n.01	0.998
121540568	man.n.03	0.363
121540644	man.n.03	0.68
121540729	man.n.01	0.8
121541251	man.n.03	0.636
121541286	man.n.01	0.775
121541475	man.n.01	0.724
121542103	homo.n.02	0.596
121543276	man.n.01	0.887
104766854	man.n.01	0.719
104767329	person.n.01	0.998
104767716	man.n.01	0.921
121544967	man.n.01	0.43
121545720	man.n.03	0.444
121546286	man.n.01	0.634
104769323	man.n.01	0.959
121546705	man.n.01	0.688
121547447	homo.n.02	0.604
121547454	homo.n.02	0.604
121547527	world.n.08	None
121547972	man.n.03	0.557
121548093	man.n.03	0.508
121548135	homo.n.02	0.588
121548142	world.n.08	None
121548200	man.n.03	0.611
121548257	man.n.01	0.533
121549001	world.n.08	None
121549037	man.n.01	0.812
104771829	man.n.01	0.906
121549274	man.n.01	0.324
121549567	man.n.03	0.615
121550174	man.n.01	0.774
104773110	man.n.01	0.67
121550591	man.n.03	0.404
121550706	man.n.01	0.69
121550920	world.n.08	None
104773894	man.n.01	0.964
121551164	man.n.01	0.646
104774007	man.n.01	0.808
121551428	homo.n.02	0.325
121551883	man.n.03	0.468
121551938	man.n.03	0.524
121551990	man.n.01	0.828
121552320	man.n.01	0.934
121552651	woman.n.01	0.99
121552779	man.n.03	0.4
121552900	man.n.03	0.438
121552913	man.n.01	0.598
121553020	man.n.03	0.509
121553337	man.n.03	0.739
121553445	man.n.03	0.613
121553702	man.n.01	0.69
121553747	man.n.01	0.694
121554779	man.n.01	0.372
121554839	man.n.01	0.797
121555051	man.n.01	0.988
121555162	man.n.01	0.892
121555331	man.n.03	0.549
121555488	man.n.03	0.572
104870692	man.n.03	0.453
104873781	homo.n.02	0.655
104873822	man.n.01	0.725
104874131	man.n.01	0.882
104874150	man.n.01	0.836
104874169	man.n.01	0.799
104874307	man.n.01	0.875
104874379	man.n.01	0.801
104874542	man.n.01	0.989
104875266	man.n.03	0.472
104875869	man.n.01	0.839
104876409	man.n.01	0.832
104876430	man.n.01	0.935
104876458	man.n.01	0.922
104876504	man.n.01	0.732
104876519	man.n.01	0.86
104876534	man.n.01	0.568
104876561	homo.n.02	0.524
104876576	homo.n.02	0.387
104876586	homo.n.02	0.322
104876620	man.n.01	0.847
104876696	man.n.01	0.44
104877486	man.n.01	0.584
104877522	man.n.01	0.668
104878104	man.n.01	0.48
104878111	man.n.01	0.551
104878271	man.n.01	0.43
104878277	man.n.01	0.43
104878282	man.n.03	0.565
104878296	man.n.01	0.616
104879347	man.n.01	0.998
104879420	man.n.01	0.89
104880791	man.n.01	0.988
104882245	man.n.01	0.838
104885017	man.n.01	0.965
104885069	man.n.01	0.98
104887789	man.n.01	0.991
104887818	man.n.01	0.983
104887895	man.n.01	0.995
104887965	man.n.01	0.967
104888001	man.n.01	0.993
104888007	man.n.01	0.984
104888044	man.n.01	0.984
104888344	man.n.01	0.986
104888756	man.n.01	0.952
104888830	man.n.01	0.993
104888901	man.n.01	0.99
104889544	man.n.01	0.971
104889553	man.n.01	0.991
104889997	man.n.01	0.962
104890032	man.n.01	0.967
104894246	man.n.01	0.989
104896316	man.n.01	0.994
104896421	man.n.01	0.494
104897341	man.n.01	0.975
104897481	man.n.01	0.885
104897523	man.n.01	0.851
104899701	man.n.01	0.993
104899711	man.n.01	0.988
104900007	man.n.01	0.992
104900236	man.n.01	0.989
104900249	man.n.01	0.994
104900766	man.n.01	0.987
104900845	man.n.01	0.889
104902919	man.n.01	0.977
104903034	man.n.01	0.932
104903060	man.n.01	0.894
104903704	man.n.01	0.843
104904167	man.n.01	0.968
104904226	man.n.01	0.981
104904483	man.n.01	0.941
104904539	man.n.01	0.981
104904572	man.n.01	0.982
104904586	man.n.01	0.941
104904726	man.n.01	0.57
104904781	man.n.01	0.891
104904792	man.n.01	0.967
104904864	man.n.01	0.843
104904879	serviceman.n.01	0.525
104904887	man.n.01	0.992
104904896	man.n.01	0.988
104904949	man.n.01	0.982
104905179	man.n.01	0.652
104905322	man.n.01	0.988
104905374	man.n.01	0.715
104905427	man.n.01	0.752
104905459	man.n.01	0.958
104905725	man.n.01	0.947
104905786	man.n.01	0.973
104906014	man.n.01	0.966
113297348	man.n.01	0.962
113297872	man.n.01	0.985
104909468	man.n.01	0.957
113298429	man.n.01	0.451
113299937	homo.n.02	None
113300087	man.n.01	0.969
113300093	man.n.01	0.977
104911596	man.n.01	0.854
104911611	man.n.01	0.976
113300451	man.n.01	0.976
113300469	man.n.01	0.933
104912732	homo.n.02	0.559
104913482	man.n.01	0.906
113303518	man.n.01	0.986
113304162	man.n.01	0.625
104915572	man.n.01	0.727
104915603	man.n.01	0.956
104915642	man.n.01	0.949
113304640	man.n.01	0.991
104916298	man.n.01	0.942
104916311	man.n.01	0.942
104916349	man.n.01	0.885
113305026	homo.n.02	None
113305060	pauper.n.01	None
104916569	man.n.01	0.962
113305211	foreigner.n.01	0.952
104916654	man.n.01	0.981
104916742	man.n.01	0.768
113305842	man.n.01	0.832
104917243	man.n.01	0.51
113305951	man.n.01	0.938
104917924	man.n.01	0.985
113306575	homo.n.02	None
104918023	man.n.01	0.899
113306666	man.n.01	0.934
104918411	man.n.01	0.781
113307128	homo.n.02	None
113307585	people.n.01	0.967
113307608	epicure.n.01	None
104919405	man.n.01	0.549
104919699	man.n.01	0.888
104919754	man.n.01	0.753
104923784	homo.n.02	0.721
104925034	man.n.01	0.988
104925616	man.n.01	0.979
113315758	man.n.01	0.76
113316979	man.n.01	0.889
113320277	man.n.01	0.975
113320595	man.n.01	0.91
104932213	man.n.01	0.441
104932762	man.n.01	0.983
104933326	man.n.01	0.966
113322056	man.n.01	0.619
113322594	man.n.03	0.419
113322688	maid.n.02	1.0
104934235	man.n.01	0.599
113325448	world.n.08	None
113326342	man.n.01	0.788
113326840	man.n.01	0.778
113327007	poor_devil.n.01	0.983
104938807	man.n.01	0.971
113329350	world.n.08	None
104941106	man.n.01	0.927
104941150	man.n.01	0.857
113330233	man.n.01	0.996
104941688	man.n.01	0.909
104942536	man.n.01	0.968
104942852	man.n.01	0.92
113334980	man.n.03	0.707
113335363	man.n.03	0.692
113335467	man.n.01	0.663
104947010	man.n.01	0.989
113336463	world.n.08	None
104947958	man.n.01	0.952
104948756	man.n.01	0.864
113338678	animal.n.01	0.995
104950082	man.n.01	0.987
113338895	people.n.01	0.951
104950364	man.n.01	0.986
113339828	person.n.01	None
104951343	man.n.01	0.962
104951511	man.n.01	0.988
104951911	man.n.01	0.979
104951912	man.n.01	0.979
104951997	man.n.01	0.977
104952110	man.n.01	0.967
104952111	man.n.01	0.967
104952149	man.n.01	0.851
104952157	man.n.01	0.954
104952158	man.n.01	0.954
104952254	man.n.01	0.973
104952255	man.n.01	0.973
113340929	man.n.01	0.986
104952471	man.n.01	0.946
104952483	man.n.01	0.83
104952888	man.n.01	0.894
113341565	man.n.01	0.899
113341577	man.n.01	0.978
113341621	man.n.01	0.836
113341653	man.n.01	0.773
104953403	man.n.01	0.987
104953850	man.n.01	0.882
104953893	man.n.01	0.961
104953917	man.n.01	0.971
104954002	man.n.01	0.849
104954030	man.n.01	0.972
113343177	person.n.01	None
113343185	man.n.01	0.875
113343227	man.n.01	0.968
104954852	man.n.01	0.985
104954879	man.n.01	0.975
104954890	man.n.01	0.991
104954899	man.n.01	0.994
104954921	man.n.01	0.995
104955084	man.n.01	0.903
104955129	man.n.01	0.98
104955182	man.n.01	0.922
104955380	man.n.01	0.987
104955461	man.n.01	0.982
104955462	man.n.01	0.982
104955538	man.n.01	0.574
113344465	man.n.01	0.932
113345395	man.n.01	0.985
104957004	man.n.01	0.993
104957139	man.n.01	0.963
104957144	man.n.01	0.963
104957197	man.n.01	0.902
104957206	man.n.01	0.967
104957601	man.n.01	0.923
104957656	man.n.01	0.943
104957885	man.n.01	0.955
113348333	man.n.01	0.435
104960038	man.n.01	0.971
104960107	man.n.01	0.945
104960215	man.n.01	0.968
104960305	man.n.01	0.978
104960404	man.n.01	0.931
104960415	man.n.01	0.736
104960447	man.n.03	0.421
104960482	man.n.01	0.899
113350413	man.n.01	0.993
113350473	man.n.01	0.935
113351170	homo.n.02	None
104962608	man.n.01	0.579
113351635	man.n.01	0.963
113352007	man.n.01	0.937
113352372	person.n.01	0.999
104964780	man.n.01	0.866
104964955	man.n.01	0.991
104965396	man.n.01	0.988
104965433	man.n.01	0.931
113354391	man.n.01	0.735
113355772	man.n.01	0.737
113355804	man.n.01	0.439
113355913	world.n.08	None
113355961	man.n.01	0.953
104968024	man.n.01	0.661
104968399	man.n.01	0.982
104968447	man.n.01	0.544
104968523	man.n.01	0.835
104968565	man.n.01	0.885
104970514	man.n.01	0.991
104970521	man.n.01	0.882
104971380	serviceman.n.01	0.511
104971842	man.n.01	0.469
104972362	man.n.01	0.949
104972388	man.n.01	0.965
104972412	man.n.01	0.965
104973310	man.n.01	0.858
104973775	man.n.01	0.95
104973962	man.n.01	0.628
104974023	man.n.01	0.552
104974106	man.n.01	0.422
104974115	man.n.01	0.506
104974168	man.n.01	0.928
104974202	man.n.01	0.948
104974714	man.n.01	0.925
104975373	man.n.01	0.624
104975387	man.n.01	0.848
104976039	man.n.01	0.982
104976104	man.n.01	0.919
104976150	man.n.01	0.952
104976195	man.n.01	0.973
104976366	man.n.01	0.852
104977417	man.n.01	0.959
104977442	man.n.01	0.977
113366424	man.n.01	0.852
113366767	man.n.01	0.526
104978282	man.n.01	0.966
104978539	man.n.01	0.948
113367227	man.n.01	0.931
104978966	man.n.01	0.73
113367645	man.n.01	0.597
104979594	man.n.03	0.671
104979603	man.n.01	0.713
104979898	man.n.01	0.959
104979955	man.n.01	0.816
113368571	man.n.01	0.71
104980174	man.n.01	0.957
104980218	man.n.01	0.901
104980474	man.n.01	0.992
104980529	man.n.01	0.998
104980541	man.n.01	0.997
104980653	man.n.01	0.991
104981862	man.n.01	0.98
104982086	man.n.01	0.995
104982289	man.n.01	0.937
113371352	world.n.08	None
113371795	people.n.01	0.959
113372022	man.n.01	0.42
104983976	man.n.01	0.666
104984680	man.n.01	0.81
104984996	man.n.01	0.614
104985039	warrior.n.01	None
104985054	man.n.01	0.649
104985101	man.n.01	0.985
104985184	person.n.01	0.974
104985271	person.n.01	0.992
104985353	person.n.01	0.994
104985376	man.n.01	0.966
113374046	gentleman.n.01	0.996
104985784	man.n.01	0.948
104985873	man.n.01	0.986
113374898	man.n.01	0.378
113376357	people.n.01	0.988
113376902	man.n.01	0.981
113377214	man.n.01	0.718
104989443	man.n.01	0.933
104989822	man.n.01	0.955
104992019	man.n.01	0.946
104992743	man.n.01	0.788
104992865	homo.n.02	0.487
104993958	man.n.03	0.369
113382976	man.n.01	0.714
113383238	homo.n.02	None
113383640	man.n.01	0.448
113383712	man.n.01	0.89
113384078	person.n.01	None
113384181	world.n.08	None
113384213	man.n.01	0.755
113384262	world.n.08	None
104995743	man.n.03	0.403
104995756	homo.n.02	0.513
104995793	man.n.01	0.953
113384477	homo.n.02	0.428
113384555	world.n.08	None
113384792	world.n.08	None
113385056	man.n.01	0.608
113385193	homo.n.02	0.539
113385310	man.n.03	0.452
113387818	man.n.01	0.947
113388439	man.n.01	0.877
113388905	man.n.03	0.516
113389821	world.n.08	None
113390118	man.n.01	0.79
105002199	man.n.01	0.992
105002398	man.n.01	0.927
113391025	man.n.01	0.953
105002435	man.n.01	0.869
113391511	world.n.08	None
105003113	man.n.01	0.747
105003559	man.n.01	0.954
105003668	man.n.01	0.973
105003704	man.n.01	0.967
105003713	man.n.01	0.982
105003945	man.n.01	0.804
105003969	man.n.01	0.882
105003977	man.n.01	0.782
105004002	man.n.01	0.943
105004011	man.n.01	0.81
105004035	man.n.01	0.981
105004053	man.n.01	0.725
105004370	man.n.01	0.649
105004775	man.n.01	0.981
105005407	man.n.01	0.952
105005455	man.n.01	0.987
105005554	man.n.01	0.993
105005592	man.n.01	0.977
105005626	man.n.01	0.966
105005648	man.n.01	0.991
105005682	man.n.01	0.981
105005739	man.n.01	0.991
105005772	man.n.01	0.988
113394399	chap.n.01	0.944
105005962	man.n.01	0.947
105006529	man.n.01	0.987
105006635	man.n.01	0.959
105006653	man.n.01	0.916
105006944	man.n.01	0.719
113395570	man.n.01	0.953
113395618	man.n.03	0.636
113395651	man.n.01	0.963
105007091	man.n.01	0.985
105007190	man.n.01	0.969
105007219	man.n.01	0.938
105007224	man.n.01	0.988
113395942	man.n.01	0.534
105008340	man.n.01	0.937
113396976	man.n.01	0.598
105008562	man.n.01	0.752
113398596	man.n.01	0.871
105011004	man.n.01	0.926
113400152	world.n.08	None
113400445	world.n.08	None
113400788	man.n.01	0.935
113401138	man.n.01	0.965
113401407	man.n.01	0.63
105013444	homo.n.02	0.473
105014088	man.n.01	0.985
113403142	man.n.01	0.691
113404318	humanness.n.01	0.652
113405252	man.n.01	0.536
113406785	human_body.n.01	0.966
113407088	homo.n.02	0.407
113408183	world.n.08	None
113408718	people.n.01	0.948
113411779	people.n.01	0.915
113414814	man.n.03	0.499
113415498	man.n.03	0.463
113419096	human_body.n.01	0.788
113421375	man.n.03	0.404
113422495	person.n.01	None
105034251	man.n.01	0.901
113422985	man.n.01	0.843
113424382	animal.n.01	0.687
105036028	man.n.01	0.573
113426775	gentleman.n.01	0.989
113427855	man.n.01	0.976
113429400	man.n.01	0.987
113429735	people.n.01	0.923
113430535	man.n.01	0.597
113430548	man.n.01	0.493
105043492	man.n.01	0.647
113435052	man.n.01	0.95
113435820	person.n.01	0.998
105048284	homo.n.02	0.801
113439097	man.n.01	0.948
105050589	homo.n.02	0.575
105053885	man.n.03	0.527
105053953	man.n.01	0.428
105053961	man.n.03	0.458
105054420	homo.n.02	None
105054442	homo.n.02	None
105055051	person.n.01	0.999
113443795	man.n.01	0.973
113443886	man.n.01	0.986
113444144	man.n.01	0.658
105055542	man.n.01	0.96
105055608	man.n.01	0.862
105055851	man.n.03	0.369
105055887	man.n.03	0.473
113447956	animal.n.01	0.462
105061905	man.n.01	0.994
113451248	world.n.02	0.497
105063527	person.n.01	0.998
105063985	man.n.03	0.439
105064401	homo.n.02	None
105064462	homo.n.02	None
105065539	man.n.01	0.893
105065645	man.n.01	0.964
105066212	man.n.01	0.945
105067154	person.n.01	0.993
113456303	people.n.01	0.989
113457569	wanderer.n.01	1.0
105069339	man.n.01	0.903
113464921	man.n.03	0.481
113465223	world.n.08	None
113467280	sir.n.01	0.948
113469527	personage.n.01	0.591
105081299	chap.n.01	0.954
105081724	sir.n.01	0.96
113472309	man.n.01	0.945
113472814	man.n.01	0.969
113473007	man.n.01	0.556
113473309	man.n.01	0.623
113473463	man.n.01	0.97
113474062	animal.n.01	0.888
113474272	man.n.01	0.97
113474326	people.n.01	0.971
113474454	humanness.n.01	0.638
113474597	chap.n.01	0.949
113474730	man.n.01	0.982
113474782	person.n.01	None
113475471	man.n.01	0.9
113477638	man.n.01	0.961
113485025	person.n.01	None
113487351	person.n.01	None
113487399	man.n.01	0.793
113487469	man.n.01	0.793
113487733	man.n.03	0.517
113487999	homo.n.02	0.446
113488889	world.n.08	None
113488996	man.n.03	0.322
113489029	man.n.01	0.798
113489096	world.n.08	0.343
113489648	man.n.01	0.872
113492112	man.n.01	0.849
113493637	world.n.08	None
113493720	man.n.01	0.995
113494249	man.n.01	0.977
113495617	world.n.08	None
113496026	man.n.01	0.963
113496330	chap.n.01	0.913
113496468	man.n.01	0.91
113496591	folk.n.01	0.917
113497353	man.n.01	0.911
113498482	world.n.08	None
113498496	universe.n.01	0.518
113499858	man.n.01	0.984
113500399	world.n.08	None
113504533	man.n.01	0.799
105116098	man.n.03	0.413
105117113	man.n.01	0.823
113508606	man.n.01	0.986
113510158	world.n.08	None
113511532	human_body.n.01	0.93
113513884	man.n.01	0.992
113514504	humanness.n.01	0.507
113514828	animal.n.01	0.505
105127502	man.n.01	0.672
105127550	man.n.01	0.495
105128198	man.n.01	0.398
113518560	world.n.08	None
113518619	world.n.08	None
113520707	man.n.01	0.857
113521664	people.n.01	0.556
113521991	man.n.01	0.887
105137278	man.n.01	0.502
105137998	people.n.01	0.833
105138752	world.n.08	None
113527576	man.n.03	0.445
105139079	peasantry.n.01	None
113527730	homo.n.02	0.594
113528000	homo.n.02	None
113528328	man.n.01	0.963
113528865	homo.n.02	0.546
113529068	man.n.01	0.544
113529092	man.n.01	0.544
113529540	world.n.08	None
113529944	man.n.01	0.825
113530174	man.n.01	0.992
113530408	man.n.01	0.433
105142017	man.n.01	0.962
105142100	man.n.03	0.416
113531884	chap.n.01	0.88
105145134	man.n.01	0.588
105145204	man.n.03	0.456
105145907	man.n.01	0.677
113534867	man.n.01	0.682
113535262	person.n.01	None
113536069	humanness.n.01	0.644
113541091	woman.n.01	0.971
113543803	man.n.01	0.77
113544537	person.n.01	1.0
113545520	man.n.01	0.474
105161244	man.n.01	0.84
105161422	state.n.04	0.969
105161442	world.n.08	None
105161717	man.n.01	0.818
105162499	man.n.01	0.506
121940590	world.n.08	None
121940905	man.n.03	0.56
121941429	man.n.01	0.872
121941708	man.n.01	0.761
121942194	man.n.03	0.591
121942205	man.n.01	0.661
121942211	man.n.03	0.626
121942221	man.n.01	0.491
121942800	man.n.01	0.761
113554229	tribe.n.01	0.982
121943099	man.n.01	0.907
113554770	man.n.01	0.987
121943528	man.n.03	0.581
121943546	man.n.03	0.457
113554964	man.n.01	0.927
105167012	man.n.01	0.82
113556012	man.n.03	0.543
121944761	man.n.03	0.417
121944791	man.n.01	0.88
113556278	man.n.01	0.525
113556420	person.n.01	None
121945259	farmer.n.01	None
121945481	man.n.01	0.35
121945661	homo.n.02	0.46
113557097	chap.n.01	0.841
121946954	man.n.01	0.738
113558373	man.n.01	0.462
113558423	man.n.01	0.973
121947126	man.n.01	0.517
121947559	man.n.01	0.976
105170364	troop.n.01	0.981
121947605	man.n.01	0.765
121948175	man.n.01	0.9
121949140	man.n.01	0.978
121949662	man.n.03	0.576
121950019	man.n.03	0.488
121950337	man.n.01	0.463
121950369	man.n.01	0.507
113562188	person.n.01	0.999
113562338	man.n.03	0.517
113562374	stranger.n.02	0.59
105175351	world.n.08	None
113564033	person.n.01	None
113564587	man.n.01	0.89
113565769	person.n.01	0.999
113565806	man.n.01	0.972
113567538	man.n.01	0.947
105179013	population.n.01	0.73
121958198	man.n.01	0.494
121958586	man.n.01	0.483
121958676	man.n.01	0.68
121958872	man.n.01	0.825
121959140	homo.n.02	0.389
121959147	man.n.01	0.535
121959840	man.n.01	0.892
121959963	man.n.01	0.836
121959995	man.n.01	0.834
121960025	world.n.08	None
113571427	man.n.01	0.953
105183366	world.n.08	None
121960628	man.n.01	0.935
121960881	man.n.01	0.865
121961152	man.n.01	0.995
121961438	man.n.01	0.925
121961462	man.n.03	0.543
121961557	man.n.01	0.922
121961566	man.n.01	0.914
121961581	man.n.01	0.771
121962025	man.n.01	0.738
121963135	man.n.01	0.853
121963346	homo.n.02	0.626
121964028	world.n.08	None
121964046	homo.n.02	0.436
121964219	man.n.01	0.749
121964225	man.n.01	0.642
121964289	homo.n.02	0.488
113576071	man.n.01	0.889
113576104	man.n.01	0.814
121964746	man.n.03	0.683
113576148	man.n.01	0.973
121965016	man.n.01	0.955
121965341	homo.n.02	0.476
121965861	man.n.03	0.52
121965891	man.n.03	0.361
121966781	man.n.03	0.512
113578291	man.n.01	0.914
113578316	man.n.01	0.943
121966961	man.n.03	0.359
121967245	man.n.01	0.494
121967468	man.n.01	0.965
121967641	world.n.08	None
121967905	man.n.03	0.464
105190754	people.n.01	0.973
121968005	man.n.01	0.449
121968022	world.n.08	None
121968190	man.n.01	0.967
121968210	man.n.01	0.911
121968373	man.n.01	0.584
121968384	man.n.01	0.451
121969087	man.n.01	0.655
121969530	man.n.01	0.803
113581120	man.n.01	0.981
113581142	man.n.01	0.968
113581323	man.n.01	0.98
113581328	world.n.08	None
113581340	man.n.01	0.858
121970090	man.n.03	0.38
105193108	people.n.01	0.688
113582245	man.n.01	0.951
121971152	fool.n.01	0.763
113582807	man.n.01	0.985
113582820	man.n.01	0.986
121971428	man.n.03	0.391
121971550	man.n.03	0.531
113582948	man.n.01	0.986
113582955	man.n.01	0.986
113582963	man.n.01	0.983
113583028	lion.n.01	0.999
121971671	man.n.01	0.958
121971919	homo.n.02	None
121972062	man.n.01	0.789
121972419	man.n.03	0.535
121972964	man.n.03	0.448
121972989	man.n.03	0.437
121973071	homo.n.02	0.487
121973139	man.n.01	0.624
121973170	man.n.03	0.456
121973184	man.n.01	0.929
121973221	man.n.03	0.403
121973276	man.n.03	0.369
121973389	man.n.01	0.599
121973408	man.n.01	0.396
121973527	man.n.01	0.569
121973541	man.n.01	0.682
121973553	man.n.01	0.616
121973703	homo.n.02	0.506
121973913	homo.n.02	0.533
121973974	man.n.01	0.9
121974207	world.n.08	None
121974254	man.n.01	0.844
121974265	man.n.01	0.685
121974278	man.n.01	0.893
121974282	man.n.01	0.942
121974414	man.n.01	0.479
121974426	man.n.01	0.636
121974470	homo.n.02	0.458
121974493	man.n.01	0.786
121974585	man.n.01	0.521
121974596	man.n.01	0.615
121974622	homo.n.02	0.592
121974633	homo.n.02	0.444
121974643	homo.n.02	0.383
121974666	homo.n.02	0.733
113586115	humanness.n.01	0.648
121974889	man.n.01	0.428
105197731	man.n.03	0.459
113586434	person.n.01	0.999
121975078	homo.n.02	0.456
121975108	man.n.01	0.572
121975166	man.n.03	0.827
121975219	world.n.08	None
113586619	man.n.01	0.967
121975251	homo.n.02	0.677
121975395	homo.n.02	0.445
121975402	man.n.01	0.694
121975492	world.n.08	None
121975578	homo.n.02	0.354
121975710	man.n.03	0.508
105198610	man.n.01	0.459
121975919	man.n.01	0.683
121975930	man.n.01	0.805
105198735	man.n.01	0.586
121975976	man.n.01	0.609
121976016	homo.n.02	0.68
121976067	man.n.03	0.453
121976153	homo.n.02	0.386
121976179	man.n.01	0.705
121976280	man.n.01	0.862
121976302	homo.n.02	0.399
121976325	man.n.01	0.551
121976384	man.n.01	0.476
121976475	homo.n.02	0.519
113587921	person.n.01	0.999
121976772	man.n.01	0.74
121976797	man.n.03	0.696
121976836	man.n.03	0.485
121976878	man.n.01	0.705
121976936	man.n.01	0.754
113588471	man.n.01	0.982
121977164	homo.n.02	0.623
113588603	man.n.01	0.993
113588690	man.n.01	0.941
121977305	man.n.03	0.407
121977331	homo.n.02	0.491
121977429	man.n.03	0.72
121977448	homo.n.02	0.449
121977658	man.n.03	0.511
121977702	man.n.01	0.67
121977733	man.n.01	0.912
121977776	man.n.01	0.846
121977810	homo.n.02	0.387
121977814	homo.n.02	0.344
113589521	man.n.01	0.944
121978198	man.n.01	0.871
113589613	man.n.01	0.981
113589676	man.n.01	0.906
121978297	world.n.08	None
113589703	man.n.01	0.723
121978503	world.n.08	None
121978590	man.n.01	0.926
121978591	man.n.01	0.926
121978592	man.n.01	0.926
121978624	man.n.03	0.425
121978708	man.n.01	0.626
121978710	man.n.01	0.626
121978749	man.n.03	0.641
121978935	man.n.01	0.536
121978939	man.n.01	0.604
105201859	chap.n.01	0.934
121979307	man.n.01	0.823
121979393	man.n.03	0.472
121979407	man.n.01	0.871
121979438	man.n.03	0.359
121979477	homo.n.02	0.357
121979488	man.n.01	0.437
121979570	man.n.01	0.647
121979644	man.n.01	0.437
121979725	man.n.03	0.577
121979738	man.n.03	0.576
121979819	homo.n.02	0.441
121979857	man.n.01	0.851
121979890	man.n.01	0.512
121979938	man.n.01	0.346
121979970	man.n.01	0.706
121980048	man.n.03	0.582
121980218	man.n.03	0.43
121980243	homo.n.02	0.416
105203137	man.n.01	0.743
121981469	man.n.01	0.586
121981932	man.n.01	0.69
121982309	man.n.01	0.648
121982372	man.n.03	0.599
105205954	world.n.08	None
105206739	man.n.01	0.823
105206848	man.n.03	0.432
105206884	man.n.01	0.621
105207181	man.n.01	0.745
113595864	world.n.08	0.834
121985173	man.n.01	0.484
113597087	person.n.01	None
113597240	man.n.03	0.849
121986252	man.n.01	0.496
121986804	man.n.03	0.462
121986978	man.n.03	0.492
121987615	man.n.01	0.542
121987733	man.n.01	0.578
121988225	man.n.01	0.694
105211255	man.n.01	0.947
121989151	man.n.01	0.588
105212052	man.n.03	0.387
121989740	man.n.01	0.667
113601778	man.n.01	0.9
121990392	man.n.01	0.59
113602066	person.n.01	None
121991982	man.n.01	0.982
121992050	man.n.01	0.808
121992114	man.n.01	0.923
113604045	man.n.01	0.943
121992692	man.n.01	0.588
121992745	man.n.03	0.627
121992846	man.n.03	0.733
121992858	man.n.03	0.597
121993367	man.n.01	0.591
121993581	man.n.01	0.742
121993609	man.n.01	0.538
113605081	man.n.01	0.871
121994173	society.n.01	0.97
121994534	man.n.01	0.854
121995025	man.n.01	0.706
121995175	man.n.01	0.623
121995781	man.n.01	0.849
121995795	homo.n.02	0.397
105218635	homo.n.02	0.44
121996091	man.n.03	0.477
121996198	man.n.03	0.397
121996651	man.n.03	0.495
121996702	man.n.01	0.445
121996802	man.n.01	0.674
121996872	man.n.03	0.523
121996876	man.n.03	0.496
121997348	man.n.01	0.905
105220138	world.n.08	None
121997384	man.n.01	0.874
113609032	man.n.01	0.943
121997844	man.n.01	0.45
121998169	man.n.01	0.898
121998190	man.n.01	0.543
121998981	man.n.01	0.685
121999122	man.n.01	0.877
121999161	man.n.03	0.583
121999176	man.n.03	0.468
121999198	man.n.03	0.44
105222202	man.n.03	0.591
121999698	man.n.01	0.96
121999722	man.n.01	0.933
121999868	man.n.01	0.629
121999980	man.n.01	0.791
121999985	man.n.01	0.719
113611521	villain.n.01	0.97
113611866	man.n.01	0.904
113611870	man.n.01	0.913
122000998	man.n.01	0.371
122001030	man.n.01	0.95
113614245	homo.n.02	None
122003460	man.n.01	0.9
122003474	man.n.01	0.794
113614905	man.n.01	0.924
113614938	man.n.01	0.871
113615386	man.n.01	0.826
122004352	man.n.03	0.479
122004440	man.n.03	0.511
113616417	man.n.01	0.965
113616530	man.n.01	0.841
113616791	homo.n.02	None
122005482	man.n.01	0.859
122005940	man.n.01	0.932
122006331	man.n.01	0.453
122006371	man.n.01	0.933
105229328	man.n.01	0.583
113618174	man.n.01	0.87
113618244	man.n.01	0.486
113618538	man.n.01	0.678
113618882	man.n.01	0.988
113618995	man.n.01	0.676
122008707	homo.n.02	0.411
122008737	man.n.01	0.459
122009062	man.n.01	0.914
122009195	man.n.03	0.489
122009207	homo.n.02	0.392
105232470	world.n.08	None
113622458	world.n.08	None
105234029	man.n.01	0.829
113623098	man.n.01	0.554
113623188	chap.n.01	0.711
113623409	chap.n.01	0.933
113630303	homo.n.02	None
113631079	man.n.01	0.531
113632402	chap.n.01	0.938
113632427	chap.n.01	0.975
113632494	chap.n.01	0.891
113635118	man.n.01	0.744
113635232	world.n.08	None
113635924	man.n.01	0.463
113636031	man.n.01	0.509
105248119	homo.n.02	0.422
113639880	man.n.01	0.926
113639968	man.n.01	0.975
105251597	person.n.01	0.805
113640295	man.n.01	0.987
113640384	people.n.01	0.941
113640434	man.n.01	0.992
113641566	inhabitant.n.01	None
113644868	man.n.01	0.981
105256404	man.n.03	0.602
105259128	man.n.03	0.33
105259221	homo.n.02	0.747
105259275	man.n.01	0.812
105259371	homo.n.02	0.616
105259673	homo.n.02	0.449
113648798	serviceman.n.01	0.51
113653879	world.n.08	None
113653970	man.n.01	0.411
113654041	man.n.03	0.555
113654068	man.n.03	0.574
113654410	citizenry.n.01	0.542
105271507	universe.n.01	0.72
105271785	man.n.01	0.599
113661186	people.n.01	0.783
105273014	people.n.01	0.64
105274109	people.n.01	0.878
113664705	serviceman.n.01	0.895
113664984	man.n.01	0.922
105278521	man.n.01	0.961
105278630	man.n.03	0.636
105280475	people.n.01	0.933
105282129	man.n.01	0.724
105285131	people.n.01	0.6
105286482	man.n.01	0.689
105290242	world.n.08	None
105290760	serviceman.n.01	0.509
113681249	man.n.01	0.881
105295943	people.n.01	0.97
105296854	man.n.01	0.865
105297793	people.n.01	0.745
105297983	people.n.01	0.662
113687105	serviceman.n.01	0.89
113687546	serviceman.n.01	0.605
105298978	man.n.01	0.407
105299389	man.n.03	0.49
113689588	man.n.01	0.895
113689599	man.n.01	0.895
105301041	man.n.01	0.797
113690486	man.n.01	0.904
113690566	man.n.01	0.553
113690805	world.n.08	None
113691026	man.n.03	0.548
113691097	man.n.01	0.655
113691103	deity.n.01	0.875
113691146	man.n.01	0.627
113691160	man.n.01	0.957
113691235	man.n.01	0.701
113691259	man.n.01	0.679
113691291	person.n.01	None
113691553	man.n.01	0.893
105303099	man.n.01	0.763
113694267	man.n.01	0.724
113694499	man.n.01	0.887
113694678	man.n.01	0.985
113694859	homo.n.02	0.353
105306938	homo.n.02	None
105307414	man.n.01	0.776
113697166	man.n.01	0.627
113698392	man.n.01	0.718
113698488	man.n.01	0.955
113701388	man.n.01	0.911
105313212	man.n.01	0.867
113702200	man.n.01	0.547
105314534	man.n.01	0.876
105316630	man.n.01	0.986
105316768	man.n.03	0.474
105319345	man.n.01	0.489
105319580	man.n.01	0.413
113709404	man.n.01	0.924
113709447	man.n.01	0.923
105324829	serviceman.n.01	0.614
105325311	man.n.03	0.345
113715813	man.n.01	0.67
105327269	inhabitant.n.01	None
113716973	man.n.01	0.408
113721470	man.n.01	0.892
105333888	man.n.01	0.963
105333906	man.n.01	0.952
113722877	man.n.01	0.557
113723615	man.n.01	0.498
105336744	man.n.01	0.748
105337042	man.n.01	0.924
113727158	man.n.03	0.467
105339737	man.n.03	0.453
105339775	man.n.01	0.94
113728687	universe.n.01	0.945
105340517	serviceman.n.01	0.773
105341179	man.n.01	0.482
113729978	man.n.01	0.823
113730003	man.n.01	0.668
113731864	man.n.01	0.404
113733190	people.n.01	0.862
113733284	man.n.01	0.974
105345006	man.n.01	0.634
105345063	world.n.08	None
105345251	man.n.03	0.626
113734260	man.n.03	0.472
113734757	man.n.01	0.936
113734950	man.n.01	0.803
113734963	person.n.01	0.936
113734985	homo.n.02	None
113735014	man.n.01	0.788
113735077	world.n.08	None
105350245	man.n.03	0.466
105350523	man.n.01	0.598
105350591	man.n.03	0.516
105352215	man.n.01	0.952
105354202	people.n.01	0.984
105355769	world.n.08	None
105355996	man.n.01	0.376
105358194	life.n.10	0.667
105358995	man.n.01	0.858
105363188	man.n.01	0.76
105363204	man.n.01	0.674
105369728	man.n.01	0.455
105369828	homo.n.02	0.713
113758458	man.n.01	0.577
105369865	man.n.01	0.453
113759443	person.n.01	1.0
105373088	man.n.01	0.832
113761832	inhabitant.n.01	None
105378066	man.n.01	0.927
105378169	crowd.n.01	0.988
105378363	man.n.01	0.965
105380133	man.n.03	0.33
105380178	man.n.03	0.528
105380229	man.n.01	0.973
105384530	man.n.01	0.959
105385951	man.n.01	0.888
105388226	man.n.01	0.435
105388466	people.n.01	0.981
105388539	man.n.01	0.483
105388614	man.n.03	0.419
105393211	man.n.01	0.992
105395744	serviceman.n.01	0.647
105398051	man.n.03	0.409
105399891	man.n.01	0.98
105403434	man.n.03	0.464
105403448	man.n.01	0.69
105403520	man.n.01	0.912
105404178	homo.n.02	None
105404746	serviceman.n.01	0.628
105405443	man.n.01	0.93
105406418	man.n.01	0.981
105407566	man.n.01	0.766
105410186	people.n.01	0.812
105411697	citizen.n.01	None
105412179	man.n.01	0.976
105412551	man.n.03	0.507
105413928	man.n.01	0.949
105414486	man.n.01	0.946
105415001	inhabitant.n.01	None
105417650	man.n.01	0.474
105418986	man.n.03	0.394
105422301	man.n.01	0.824
105422679	man.n.03	0.628
105422831	man.n.03	0.548
105422920	man.n.01	0.943
105424710	man.n.01	0.928
105425386	man.n.01	0.935
105426993	man.n.01	0.528
105427212	man.n.01	0.805
105427660	people.n.01	0.736
105427688	man.n.01	0.939
105428055	person.n.01	0.998
105428487	man.n.01	0.941
105429884	homo.n.02	0.377
105430313	people.n.01	0.969
105431249	man.n.01	0.947
105432423	man.n.01	0.987
105432455	man.n.01	0.786
105436663	man.n.01	0.964
105439227	man.n.01	0.984
105439297	inhabitant.n.01	None
105439523	man.n.01	0.956
105439808	man.n.01	0.963
105439822	man.n.03	0.408
105440081	character.n.05	0.83
105440123	man.n.01	0.997
105440134	man.n.01	0.985
105440721	man.n.01	0.924
105441076	man.n.01	0.984
105441263	man.n.01	0.943
105441864	man.n.01	0.7
105441950	man.n.01	0.413
105443809	inhabitant.n.01	None
105446522	man.n.01	0.92
105447686	animal.n.01	None
105448053	miner.n.01	None
105452568	man.n.01	0.894
105453582	homo.n.02	0.496
105453613	man.n.01	0.993
105454206	man.n.03	0.502
105454420	man.n.01	0.836
105454534	man.n.01	0.818
105456852	man.n.03	0.492
105457652	majority.n.01	0.931
105458260	man.n.01	0.947
105459010	people.n.01	0.974
105460122	man.n.01	0.844
105460187	man.n.01	0.899
105460637	man.n.01	0.553
105461604	people.n.01	0.893
105461628	people.n.01	0.668
105462076	man.n.01	0.589
113920398	man.n.01	0.808
113922068	man.n.01	0.468
113923559	man.n.03	0.406
113923588	man.n.01	0.687
113924143	people.n.01	0.981
113924330	man.n.01	0.619
113925105	man.n.01	0.942
113925464	man.n.01	0.663
113926751	man.n.01	0.428
113929087	homo.n.02	0.578
105675035	serviceman.n.01	0.798
105677631	man.n.01	0.97
105677705	man.n.01	0.933
105681211	man.n.01	0.98
105681237	man.n.01	0.981
105683054	homo.n.02	None
105683804	homo.n.02	0.865
105685575	homo.n.02	None
105686202	man.n.01	0.634
105687346	man.n.01	0.61
105688100	woman.n.01	0.98
105688214	woman.n.01	0.981
105739295	man.n.01	0.861
105741776	man.n.01	0.714
105742054	man.n.01	0.995
105742108	man.n.01	0.981
105742502	man.n.01	0.711
105742907	man.n.01	0.918
105745002	man.n.01	0.929
105745299	man.n.01	0.9
105745406	homo.n.02	0.388
105746102	man.n.01	0.86
105746112	man.n.01	0.933
105746299	man.n.03	0.432
105746375	man.n.01	0.891
105746567	man.n.01	0.901
105747334	man.n.01	0.902
105747916	man.n.01	0.709
105748506	man.n.03	0.424
105748978	man.n.03	0.671
105751360	person.n.01	None
105753435	man.n.01	0.651
105753927	person.n.01	None
105754094	man.n.01	0.494
105762385	man.n.03	0.408
105762548	man.n.01	0.792
105763217	world.n.08	None
105763295	man.n.01	0.914
105763319	man.n.01	0.723
105763694	man.n.03	0.47
105767125	man.n.01	0.9
105767559	man.n.01	0.64
105767811	man.n.01	0.825
105768540	man.n.01	0.935
105768594	serviceman.n.01	0.703
105768763	man.n.01	0.926
105768861	man.n.01	0.462
105768927	world.n.08	None
105769022	man.n.01	0.954
105769160	man.n.01	0.861
105769182	man.n.01	0.683
105769410	homo.n.02	None
105769609	world.n.08	None
105769617	man.n.01	0.974
105770067	homo.n.02	0.817
105770112	man.n.01	0.646
105770191	man.n.03	0.598
105770252	man.n.03	0.647
105770277	homo.n.02	0.393
105770874	man.n.01	0.964
105771622	man.n.01	0.619
105771636	man.n.01	0.748
105771818	homo.n.02	0.469
105772002	man.n.01	0.556
105772097	man.n.03	0.484
105772134	world.n.08	None
105772153	man.n.01	0.575
105772268	man.n.01	0.677
105772347	man.n.01	0.727
105772732	guest.n.01	0.983
105772804	man.n.01	0.518
105772953	man.n.01	0.561
105772969	man.n.01	0.57
105773159	man.n.03	0.361
105773730	man.n.01	0.513
105774642	world.n.08	None
105774884	man.n.01	0.948
105774886	man.n.01	0.917
105775145	man.n.01	0.61
105775576	man.n.01	0.96
105775664	man.n.01	0.54
105775823	man.n.01	0.874
105776182	man.n.01	0.593
105776247	man.n.01	0.698
105777161	man.n.01	0.798
105821484	people.n.01	0.947
105822351	person.n.01	0.998
105823017	homo.n.02	None
105823305	people.n.01	0.96
105823377	man.n.01	0.915
105823457	homo.n.02	None
105823622	homo.n.02	None
105823750	people.n.01	0.958
105823833	man.n.01	0.902
105824183	people.n.01	0.947
105824328	man.n.01	0.988
105824611	people.n.01	0.911
105824811	people.n.01	0.965
105825456	homo.n.02	0.56
105825616	man.n.01	0.944
105825646	people.n.01	0.941
105826120	people.n.01	0.993
105827097	people.n.01	0.988
105827318	people.n.01	0.983
105827438	man.n.01	0.702
105827450	homo.n.02	None
105827620	people.n.01	0.832
105827842	man.n.01	0.926
105828260	people.n.01	0.802
105828589	people.n.01	0.796
105828621	people.n.01	0.9
105828812	world.n.08	None
105828853	people.n.01	0.99
122606562	world.n.08	None
105829448	man.n.01	0.994
122606804	world.n.08	None
122607166	man.n.01	0.889
122609977	man.n.01	0.656
122611736	man.n.03	0.615
122612508	man.n.03	0.369
122612791	man.n.01	0.691
122614525	man.n.01	0.773
122615284	man.n.01	0.929
122615640	man.n.01	0.99
122615675	man.n.01	0.939
122615711	man.n.01	0.965
122617791	man.n.01	0.503
122618828	man.n.01	0.898
122619573	man.n.01	0.475
122621625	homo.n.02	0.688
122622990	man.n.01	0.778
122623379	universe.n.01	0.585
122623847	world.n.02	0.714
122624425	man.n.01	0.797
122625007	man.n.01	0.939
122625037	populace.n.01	0.825
122625082	universe.n.01	0.894
122627063	man.n.01	0.981
122628054	homo.n.02	0.592
122628268	world.n.08	None
122631071	man.n.01	0.962
122632505	man.n.03	0.46
122632909	man.n.01	0.925
122636341	man.n.01	0.375
122640019	man.n.01	0.629
122640889	homo.n.02	0.488
122640934	man.n.01	0.41
122643971	homo.n.02	0.468
122644003	man.n.01	0.415
122644028	man.n.03	0.433
122644992	homo.n.02	0.651
122645812	man.n.01	0.835
122646690	serviceman.n.01	0.858
122646784	homo.n.02	0.644
122646972	homo.n.02	0.871
122649875	man.n.01	0.894
122650018	man.n.03	0.501
122652356	man.n.01	0.945
122653638	man.n.01	0.948
122655886	man.n.01	0.988
122655901	man.n.01	0.96
122656224	world.n.08	None
122656357	man.n.01	0.948
122660285	man.n.01	0.804
122663745	man.n.01	0.973
122667175	homo.n.02	0.655
122667198	animal.n.01	None
122667534	man.n.01	0.963
122668075	man.n.01	0.976
122668088	man.n.01	0.951
122668984	man.n.01	0.993
122669027	man.n.01	0.556
122669139	man.n.01	0.94
122669293	man.n.01	0.634
122669485	man.n.03	0.474
122670901	man.n.01	0.965
122670939	friend.n.01	0.987
122671422	man.n.01	0.94
122671438	man.n.01	0.578
122672568	universe.n.01	0.944
122673230	man.n.01	0.821
122673345	man.n.01	0.808
122674151	man.n.01	0.989
122676816	homo.n.02	None
122682330	homo.n.02	0.478
122682661	man.n.01	0.588
122691850	man.n.03	0.426
122693420	world.n.08	None
122695072	homo.n.02	0.635
122695834	man.n.01	0.978
122695876	man.n.01	0.979
122697394	man.n.01	0.832
122699686	man.n.01	0.671
122700083	man.n.01	0.528
122700475	people.n.01	0.917
122701388	man.n.01	0.883
122701390	man.n.01	0.83
122701441	homo.n.02	0.464
122701817	homo.n.02	0.47
122701826	man.n.03	0.474
122702157	man.n.03	0.421
122702186	homo.n.02	0.741
122702392	man.n.01	0.799
122702407	man.n.01	0.622
122702456	man.n.01	0.965
122702742	man.n.03	0.459
122705184	man.n.01	0.563
122705925	woman.n.01	0.991
122706376	man.n.01	0.808
122707523	man.n.03	0.568
122710017	man.n.01	0.853
122710355	man.n.03	0.475
122710646	homo.n.02	0.695
122711470	man.n.03	0.465
122714354	world.n.08	None
122715496	man.n.03	0.393
122715717	man.n.01	0.666
122715758	man.n.03	0.472
122715894	man.n.01	0.712
122716149	man.n.03	0.678
122717122	homo.n.02	0.541
122717133	homo.n.02	0.66
122717153	man.n.01	0.768
122718698	man.n.03	0.515
122718720	man.n.03	0.773
122724340	man.n.01	0.492
122724347	man.n.01	0.852
122724445	man.n.01	0.954
122728792	homo.n.02	0.794
122731113	homo.n.02	0.539
122733044	man.n.01	0.494
122734652	man.n.01	0.735
122735011	man.n.03	0.48
122735081	homo.n.02	0.407
122735089	man.n.03	0.475
122735687	man.n.01	0.528
122735716	man.n.01	0.871
122735939	man.n.01	0.468
122735961	man.n.01	0.487
122736571	man.n.01	0.612
122738982	man.n.01	0.746
122739238	man.n.03	0.526
122741927	chap.n.01	0.911
122742522	people.n.01	0.933
122742951	man.n.01	0.911
122743266	man.n.01	0.946
122745087	people.n.01	0.93
122762881	person.n.01	0.998
122762895	man.n.03	0.666
122763992	man.n.03	0.628
122764753	homo.n.02	0.522
122764942	man.n.03	0.711
122765060	man.n.03	0.483
122767232	person.n.01	None
122770760	man.n.01	0.948
122777883	man.n.01	0.897
122778348	homo.n.02	0.42
122778629	man.n.01	0.965
122791044	serviceman.n.01	0.501
106111178	homo.n.02	0.57
106112312	man.n.01	0.793
106112762	man.n.01	0.418
106113580	homo.n.02	0.432
106113992	man.n.01	0.71
106114612	homo.n.02	0.494
106114661	world.n.08	None
106114686	world.n.08	None
106114767	homo.n.02	0.449
106114972	homo.n.02	0.569
106115011	homo.n.02	0.695
106115044	man.n.03	0.368
106115061	man.n.03	0.436
106115144	man.n.03	0.408
106115346	homo.n.02	0.548
106115372	homo.n.02	0.488
106115413	homo.n.02	0.553
106115558	man.n.03	0.53
106115662	homo.n.02	0.459
106115689	man.n.03	0.395
106115729	man.n.03	0.57
106115777	man.n.03	0.524
106115829	homo.n.02	0.536
106115914	man.n.03	0.576
106115974	man.n.01	0.94
106116074	world.n.08	None
106116097	homo.n.02	0.76
106116121	homo.n.02	0.482
106116228	man.n.01	0.639
106116485	man.n.03	0.524
106116558	homo.n.02	0.534
106116577	homo.n.02	0.674
106116635	man.n.01	0.46
106116757	man.n.01	0.988
106116945	man.n.01	0.4
106116968	homo.n.02	0.504
106117063	homo.n.02	0.469
106118427	man.n.01	0.885
106118746	homo.n.02	0.451
106119661	world.n.08	None
106121185	man.n.01	0.607
106121215	man.n.03	0.418
106121279	man.n.03	0.508
106121412	homo.n.02	0.445
106121644	man.n.01	0.885
106121686	man.n.01	0.823
106121788	homo.n.02	0.513
106121815	man.n.01	0.606
106121871	homo.n.02	0.472
106122013	world.n.08	None
106122039	homo.n.02	0.453
106122166	homo.n.02	0.559
106122289	homo.n.02	0.364
106122347	man.n.01	0.553
106122437	man.n.03	0.637
106122583	man.n.01	0.372
106122806	homo.n.02	0.58
106123006	man.n.01	0.651
106123248	man.n.01	0.922
106123800	homo.n.02	0.666
106123816	homo.n.02	0.658
106124418	world.n.08	None
106124560	man.n.01	0.849
106125325	homo.n.02	0.502
106125410	homo.n.02	0.426
106125476	homo.n.02	0.499
106126191	homo.n.02	0.52
106126552	homo.n.02	0.515
106126711	homo.n.02	0.473
106127031	man.n.01	0.669
106127050	man.n.01	0.668
106127056	man.n.01	0.453
106127064	man.n.01	0.47
106127191	man.n.03	0.347
106127958	man.n.01	0.87
106128260	man.n.01	0.896
106128703	man.n.01	0.852
106128727	man.n.01	0.831
106128746	man.n.01	0.85
106128760	man.n.01	0.91
106131774	man.n.01	0.863
106131796	man.n.01	0.439
106131981	man.n.01	0.962
106132530	man.n.03	0.647
106133172	man.n.01	0.449
106133182	man.n.01	0.604
106133398	homo.n.02	0.398
106133410	man.n.03	0.475
106133474	man.n.03	0.462
106133674	man.n.01	0.753
106133682	man.n.01	0.82
106133773	man.n.01	0.847
106134358	homo.n.02	0.527
106134501	man.n.01	0.414
106135009	homo.n.02	None
106135143	man.n.01	0.979
106136928	man.n.01	0.974
106136988	man.n.01	0.977
106138721	man.n.01	0.535
106141412	man.n.01	0.732
106141590	man.n.01	0.914
106143735	homo.n.02	0.413
106144285	man.n.01	0.959
106146808	man.n.01	0.985
106147293	man.n.01	0.398
106148999	man.n.01	0.536
106149015	man.n.01	0.479
106151258	man.n.01	0.521
106153764	man.n.01	0.509
106154812	man.n.03	0.355
106154962	man.n.03	0.673
106157096	man.n.01	0.989
106157114	man.n.01	0.936
106159900	man.n.01	0.975
114549127	homo.n.02	0.338
114549268	man.n.03	0.466
114551540	man.n.01	0.845
106163761	homo.n.02	0.453
106163802	man.n.01	0.899
106164022	homo.n.02	None
106164025	homo.n.02	None
106164822	man.n.01	0.952
114553968	homo.n.02	0.421
106166563	sheep.n.01	0.997
106167097	man.n.03	0.457
106167342	man.n.03	0.607
106168525	man.n.01	0.672
106168527	man.n.01	0.904
106169504	man.n.01	0.544
106171128	man.n.01	0.985
106172644	homo.n.02	0.498
106176366	man.n.01	0.562
106177441	man.n.01	0.917
106177532	man.n.03	0.821
106178048	man.n.03	0.452
106179744	man.n.01	0.628
106181223	man.n.01	0.992
106181233	man.n.01	0.989
106181254	man.n.01	0.991
106181680	man.n.03	0.499
106181867	man.n.01	0.635
106182204	man.n.01	0.854
106182503	man.n.01	0.993
106182563	man.n.03	0.733
106183031	man.n.01	0.989
106186463	man.n.01	0.36
106186780	homo.n.02	0.43
106186798	man.n.01	0.559
106186879	man.n.01	0.455
106186992	man.n.03	0.529
106187041	man.n.01	0.49
106187047	man.n.03	0.887
106187090	homo.n.02	0.351
106187107	man.n.01	0.524
106187176	man.n.03	0.763
106188388	world.n.08	None
106189154	man.n.01	0.974
106189842	world.n.08	None
106190221	world.n.08	None
106190811	world.n.08	None
106191032	man.n.03	0.42
106191094	man.n.01	0.607
106191111	man.n.03	0.793
106191903	animal.n.01	None
106191940	man.n.01	0.934
106192634	man.n.03	0.497
106192759	man.n.01	0.688
106192766	man.n.01	0.895
106193544	man.n.01	0.349
106196049	man.n.03	0.679
106196155	man.n.03	0.349
106196778	man.n.01	0.861
106197379	man.n.03	0.438
106197939	man.n.01	0.95
106198626	man.n.01	0.978
106198743	homo.n.02	0.553
106200279	man.n.01	0.831
106200657	man.n.01	0.396
106201573	man.n.01	0.43
106204312	man.n.01	0.813
106204491	man.n.01	0.806
106204553	man.n.01	0.845
106204600	man.n.01	0.557
106204648	homo.n.02	0.437
106205495	world.n.08	None
106206397	world.n.08	None
106206430	man.n.01	0.811
106206627	man.n.01	0.99
106206686	man.n.01	0.934
106207094	man.n.01	0.701
106207208	man.n.03	0.725
106207214	man.n.03	0.59
106207299	man.n.01	0.657
106207434	man.n.03	0.394
106208088	man.n.01	0.463
106208089	man.n.01	0.463
106208134	man.n.01	0.387
106209134	man.n.01	0.349
106209289	man.n.01	0.377
106209638	man.n.01	0.771
106209771	man.n.01	0.947
106209846	man.n.01	0.909
106210165	man.n.01	0.97
106210231	man.n.01	0.845
106210291	man.n.01	0.913
106211281	man.n.03	0.446
106211322	world.n.08	0.403
106211345	homo.n.02	0.597
106211401	man.n.01	0.809
106211577	man.n.03	0.383
106211748	man.n.01	0.485
106212030	homo.n.02	0.515
106212184	man.n.01	0.443
106212815	man.n.03	0.446
106212880	man.n.03	0.379
106212952	man.n.01	0.357
106213062	man.n.03	0.592
106213111	homo.n.02	0.308
106213120	man.n.01	0.554
106213238	man.n.01	0.908
106213247	man.n.01	0.92
106213275	man.n.01	0.992
106213298	man.n.01	0.708
106213755	man.n.03	0.534
106214087	man.n.01	0.905
106214094	man.n.01	0.931
106214141	man.n.03	0.498
106214234	homo.n.02	0.547
106214361	world.n.08	None
106214449	man.n.01	0.585
106214834	homo.n.02	0.478
106216717	man.n.01	0.821
114605642	man.n.03	0.499
106217154	man.n.03	0.447
114605855	man.n.01	0.798
106217999	man.n.01	0.851
106218087	man.n.01	0.605
106218704	man.n.01	0.524
106218999	man.n.03	0.537
106219835	man.n.01	0.926
106219993	man.n.01	0.495
106220429	man.n.01	0.753
106220729	man.n.01	0.914
106220815	man.n.01	0.869
106221486	man.n.01	0.916
106221598	man.n.01	0.924
106221653	man.n.01	0.939
106221725	man.n.01	0.67
106222465	man.n.01	0.902
106222710	man.n.01	0.7
106222906	man.n.03	0.47
106223005	man.n.01	0.632
106223925	man.n.01	0.895
106224150	man.n.01	0.989
106225072	man.n.01	0.969
106225843	man.n.01	0.974
106225935	homo.n.02	0.565
106226223	man.n.01	0.9
106226259	man.n.01	0.786
106226420	man.n.01	0.498
106226460	man.n.01	0.948
106226476	man.n.03	0.456
106226800	people.n.01	0.913
106226947	man.n.01	0.835
106228400	person.n.01	0.964
106228631	man.n.01	0.956
106228655	man.n.01	0.883
106228685	man.n.01	0.929
106228714	man.n.01	0.957
106229820	man.n.01	0.916
106229857	person.n.01	0.995
106231619	man.n.03	0.567
106231636	homo.n.02	0.443
106231673	homo.n.02	0.597
106231746	man.n.03	0.503
106231761	man.n.03	0.484
106232194	homo.n.02	0.47
106232411	man.n.01	0.832
106232763	man.n.03	0.379
106232904	man.n.03	0.646
106232933	man.n.01	0.752
106232975	man.n.03	0.417
106233084	man.n.01	0.732
106234572	man.n.01	0.753
106236195	man.n.01	0.733
106238275	man.n.03	0.552
106239116	man.n.01	0.956
106239365	man.n.01	0.94
106240690	man.n.01	0.745
106241370	homo.n.02	0.74
106242193	man.n.01	0.62
106242436	man.n.01	0.87
106242861	man.n.01	0.884
106243381	man.n.01	0.59
106244074	man.n.01	0.574
106244360	man.n.01	0.839
106244394	man.n.01	0.635
106244449	man.n.01	0.873
106244743	man.n.03	0.421
106244775	man.n.03	0.477
106245340	man.n.01	0.504
106245404	man.n.03	0.545
106245420	man.n.03	0.736
106245987	man.n.01	0.372
114634936	world.n.08	None
106246707	man.n.01	0.687
106247926	man.n.03	0.506
106248012	man.n.03	0.736
114636935	homo.n.02	0.559
114636940	homo.n.02	0.501
114636960	homo.n.02	0.453
114636974	homo.n.02	0.335
114637469	man.n.01	0.601
114637547	man.n.03	0.435
114637668	world.n.08	None
114637750	world.n.08	None
106249349	man.n.01	0.84
114638011	man.n.03	0.39
114638046	world.n.08	None
114638466	man.n.03	0.376
114638576	world.n.08	None
114638866	world.n.08	None
106250288	man.n.01	0.928
114638985	man.n.01	0.454
114639065	world.n.08	None
114639202	man.n.01	0.441
114639292	world.n.08	None
106251124	man.n.01	0.472
114640523	man.n.01	0.562
106253305	world.n.08	None
114642535	man.n.01	0.703
114643678	world.n.08	None
114643744	world.n.08	None
106255253	man.n.01	0.979
106255453	man.n.01	0.967
106255599	homo.n.02	0.35
114644264	world.n.08	None
114644350	man.n.01	0.736
114644657	man.n.03	0.624
114644776	world.n.08	None
114644935	world.n.08	None
114645464	world.n.08	None
114646317	world.n.08	None
114646443	man.n.01	0.696
106258175	man.n.01	0.995
106258247	man.n.01	0.918
114646972	man.n.03	0.586
106258531	man.n.01	0.969
106258625	homo.n.02	0.546
106258821	homo.n.02	0.59
106258973	man.n.01	0.818
106259093	homo.n.02	0.692
106259206	man.n.01	0.603
106259726	man.n.01	0.419
106259747	man.n.03	0.359
114648360	man.n.03	0.543
114648419	world.n.08	None
106260671	man.n.01	0.635
106260712	man.n.01	0.856
114649441	man.n.03	0.467
106260879	man.n.01	0.889
106260882	man.n.01	0.927
106260943	man.n.01	0.392
106261198	man.n.01	0.883
114650495	serviceman.n.01	0.767
106262126	man.n.03	0.447
123039569	man.n.03	0.588
123039588	man.n.03	0.566
114651310	man.n.01	0.46
123040270	man.n.03	0.665
114651945	world.n.08	None
123040594	man.n.03	0.553
106263658	man.n.01	0.647
114652344	man.n.01	0.881
106263973	man.n.01	0.379
106264552	man.n.01	0.799
106265083	man.n.01	0.777
106265403	man.n.03	0.489
114654136	world.n.08	None
106266374	man.n.01	0.661
106266508	man.n.01	0.947
106266539	man.n.01	0.957
123043775	man.n.01	0.748
106266811	man.n.01	0.364
106266835	man.n.01	0.795
106267010	man.n.01	0.916
114656092	world.n.08	None
114656145	man.n.01	0.833
114656221	world.n.08	None
114656284	world.n.08	None
106268218	man.n.01	0.345
106268318	man.n.01	0.541
106268674	world.n.08	None
106268741	man.n.03	0.402
106269041	homo.n.02	0.578
114657781	homo.n.02	None
114657892	man.n.01	0.905
123046543	man.n.03	0.445
123046577	homo.n.02	None
123046615	man.n.01	0.858
123047049	man.n.01	0.377
106270104	man.n.03	0.483
106270310	man.n.03	0.45
114659534	man.n.01	0.463
114659550	man.n.01	0.964
114659649	world.n.08	None
106271320	man.n.01	0.819
123048963	man.n.01	0.423
123048966	man.n.01	0.734
123049018	man.n.01	0.566
123049318	man.n.03	0.572
114660741	man.n.01	0.316
123049411	man.n.01	0.658
114660826	man.n.03	0.59
123049435	man.n.01	0.479
123049446	man.n.01	0.606
114660844	man.n.03	0.342
123049456	world.n.08	None
106272325	man.n.01	0.465
106272434	man.n.03	0.57
123049909	man.n.01	0.879
114661444	man.n.01	0.443
114661486	man.n.03	0.545
114661524	homo.n.02	0.46
106273493	man.n.01	0.791
106273607	man.n.03	0.373
114662526	world.n.08	None
106273953	man.n.01	0.758
123051203	man.n.01	0.89
114662949	man.n.01	0.512
106275008	man.n.03	0.37
106275408	man.n.01	0.752
114664136	man.n.03	0.279
106275566	man.n.01	0.929
114664505	man.n.01	0.98
114665153	world.n.08	None
106276700	man.n.03	0.479
106276939	man.n.01	0.936
114666114	world.n.08	None
106277603	man.n.03	0.775
106277609	world.n.08	None
114666233	man.n.01	0.833
106277762	man.n.03	0.48
106278056	man.n.01	0.846
106278572	man.n.01	0.919
106278724	man.n.03	0.515
123057379	man.n.01	0.553
123057416	man.n.01	0.771
123057606	man.n.01	0.428
123057639	man.n.03	0.602
106280601	world.n.08	None
106280982	man.n.01	0.483
106281188	homo.n.02	0.489
106281972	man.n.01	0.669
106282094	man.n.03	0.463
123060723	man.n.03	0.611
106283654	world.n.08	None
106283710	man.n.03	0.491
106283862	organism.n.01	0.699
123061217	man.n.01	0.384
106284571	world.n.08	None
106284828	man.n.01	0.741
106287017	man.n.01	0.979
106287420	man.n.01	0.451
106287440	world.n.08	None
123064724	man.n.01	0.536
106288469	man.n.01	0.616
123065696	man.n.01	0.743
106288928	man.n.01	0.87
106289518	man.n.01	0.506
106290259	man.n.01	0.92
106290733	homo.n.02	0.759
123068072	man.n.01	0.453
123068073	man.n.03	0.449
106290918	homo.n.02	0.422
106291062	world.n.08	None
106291478	man.n.01	0.445
123069103	man.n.01	0.592
106292268	man.n.01	0.517
106292882	homo.n.02	0.483
106293108	homo.n.02	0.512
106293129	man.n.03	0.493
106293133	man.n.01	0.433
106293666	world.n.08	None
106293703	man.n.01	0.587
106293973	man.n.03	0.539
106294111	homo.n.02	0.331
106295275	man.n.01	0.96
114684562	homo.n.02	0.533
114684747	man.n.01	0.894
106296985	man.n.01	0.463
106297494	man.n.01	0.509
106297519	man.n.03	0.588
106297627	homo.n.02	None
106297646	man.n.03	0.506
106298554	man.n.03	0.677
106299411	man.n.01	0.963
106299570	homo.n.02	0.659
106301572	man.n.01	0.606
106301922	homo.n.02	0.698
106302022	man.n.01	0.852
106303297	homo.n.02	0.486
106303634	homo.n.02	0.509
106304292	man.n.01	0.778
123081829	man.n.01	0.832
123081902	world.n.08	None
106305418	man.n.01	0.81
123082727	humanness.n.01	0.686
106305754	man.n.01	0.963
123084015	man.n.01	0.484
123084142	man.n.03	0.517
123084263	idiot.n.01	None
123084278	man.n.01	0.638
123084287	man.n.01	0.984
106308227	man.n.03	0.499
106308230	man.n.03	0.508
123085926	man.n.01	0.396
106309666	man.n.01	0.552
106310160	man.n.01	0.573
106312521	man.n.03	0.403
106312684	homo.n.02	0.484
123090155	man.n.01	0.509
106313212	man.n.01	0.979
123090593	man.n.01	0.879
106313656	homo.n.02	0.418
106313722	man.n.01	0.471
106314274	man.n.01	0.917
106315292	man.n.03	0.441
123092631	organism.n.01	0.962
123092658	world.n.08	0.614
123092726	man.n.01	0.425
106316485	man.n.01	0.605
106316982	world.n.08	None
106317195	man.n.03	0.417
106317293	man.n.03	0.393
123094533	humanness.n.01	0.696
106317334	man.n.01	0.334
106317353	homo.n.02	0.587
106317361	man.n.03	0.582
106317391	man.n.03	0.368
106317405	homo.n.02	0.515
106317428	man.n.03	0.597
123095270	man.n.03	0.665
123095318	man.n.01	0.55
123095369	serviceman.n.01	0.692
123095388	man.n.01	0.657
123095544	man.n.03	0.672
123095669	homo.n.02	0.609
123096366	man.n.01	0.462
123096458	man.n.03	0.509
106319402	world.n.08	None
123096679	animal.n.01	0.917
106319631	man.n.01	0.945
123096852	man.n.01	0.808
123096992	man.n.01	0.581
123097013	man.n.03	0.538
123097045	man.n.01	0.883
106320642	man.n.01	0.999
106320889	man.n.03	0.667
106321931	man.n.01	0.492
123099160	humanness.n.01	0.641
106322015	man.n.01	0.973
123099548	homo.n.02	0.549
123099569	homo.n.02	0.459
123099875	man.n.03	0.595
123099911	man.n.03	0.566
123100012	man.n.01	0.712
123100131	homo.n.02	0.4
106323212	man.n.01	0.7
106323356	man.n.03	0.687
123100742	man.n.03	0.404
106324314	man.n.01	0.789
123101990	humanness.n.01	0.762
123102107	man.n.03	0.487
123102235	man.n.01	0.38
106326218	man.n.03	0.493
106326268	homo.n.02	None
106326456	man.n.03	0.737
106326545	world.n.08	None
123104334	man.n.03	0.558
106327446	man.n.01	0.429
106327469	man.n.01	0.976
106327491	man.n.01	0.712
106327495	man.n.01	0.81
106327763	homo.n.02	0.502
106328017	world.n.08	None
106328230	man.n.03	0.507
123105571	earth.n.01	0.462
106328799	man.n.01	0.461
106328889	man.n.03	0.691
106329560	man.n.01	0.485
106329615	world.n.08	None
106331855	man.n.01	0.545
106332585	man.n.01	0.974
106332667	man.n.01	0.636
106332696	man.n.10	0.422
106333096	man.n.01	0.752
106333296	man.n.01	0.917
106334494	man.n.01	0.959
106336302	man.n.03	0.445
106336316	man.n.03	0.643
106336373	man.n.03	0.564
106336419	man.n.03	0.545
106336506	man.n.01	0.728
123114517	man.n.01	0.976
106338005	man.n.03	0.428
106338436	man.n.03	0.687
106339985	world.n.08	None
106340532	man.n.03	0.58
106340646	world.n.08	None
106340666	man.n.01	0.663
106340896	world.n.08	None
106343181	homo.n.02	0.706
106343423	homo.n.02	0.433
106343474	homo.n.02	0.373
106343499	man.n.01	0.582
106344571	homo.n.02	0.554
106344778	man.n.01	0.831
106344963	man.n.01	0.764
123122678	man.n.01	0.981
106345912	man.n.01	0.556
106345932	man.n.03	0.573
123124016	homo.n.02	None
106347622	homo.n.02	0.629
106347660	homo.n.02	0.611
106347911	man.n.01	0.806
106347950	man.n.01	0.405
106348035	man.n.01	0.766
106348266	man.n.03	0.536
123125496	man.n.01	0.71
123126129	homo.n.02	None
106350084	man.n.01	0.556
106350503	world.n.08	None
106351429	man.n.01	0.873
106351430	man.n.01	0.873
106351542	man.n.01	0.778
106351722	man.n.01	0.853
106354238	man.n.03	0.691
106354270	man.n.01	0.477
106354274	man.n.03	0.465
106355054	man.n.03	0.576
106355277	man.n.01	0.96
106355382	man.n.01	0.991
106355397	man.n.01	0.463
106356164	world.n.08	None
123134427	man.n.01	0.494
123134872	man.n.01	0.566
123135258	man.n.01	0.489
106358525	homo.n.02	0.503
106358731	man.n.01	0.657
106359295	man.n.01	0.501
106360413	man.n.01	0.908
106360894	man.n.01	0.813
106361681	man.n.01	0.517
106361742	man.n.03	0.412
106361817	man.n.03	0.502
106362553	man.n.01	0.648
123140161	man.n.01	0.88
106365403	world.n.08	None
106365419	world.n.08	None
106365426	man.n.03	0.579
106365451	man.n.01	0.85
106365482	man.n.01	0.546
123143268	man.n.01	0.458
106367442	man.n.03	0.52
106367485	man.n.03	0.509
106367523	man.n.01	0.524
106367536	man.n.01	0.772
106367653	man.n.01	0.763
106367682	man.n.03	0.759
106368170	man.n.01	0.593
106369126	homo.n.02	0.692
106369347	man.n.01	0.589
123146581	humanness.n.01	0.757
106369367	man.n.01	0.469
123147268	homo.n.02	None
123147275	homo.n.02	None
123147281	man.n.01	0.98
123147289	man.n.01	0.98
123148593	man.n.03	0.443
123148598	man.n.03	0.499
123148608	man.n.03	0.482
123148611	man.n.03	0.561
106371480	man.n.01	0.546
106371489	man.n.01	0.546
106371507	man.n.01	0.643
106371719	man.n.01	0.85
106372112	man.n.01	0.912
106372292	world.n.08	None
106372836	man.n.01	0.984
106372858	man.n.03	0.71
106372897	man.n.03	0.815
106372906	man.n.01	0.91
106372915	man.n.01	0.837
106373672	world.n.08	None
106374028	world.n.08	None
106374207	man.n.03	0.538
106374252	man.n.01	0.895
106374302	homo.n.02	0.446
123151531	man.n.01	0.696
106374333	man.n.01	0.357
123151649	man.n.01	0.896
123151671	world.n.08	None
123151786	man.n.03	0.64
123152357	homo.n.02	None
123152396	man.n.01	0.591
106376437	woman.n.01	0.972
106376658	world.n.08	None
123154479	homo.n.02	0.393
106377543	man.n.01	0.497
123155651	man.n.01	0.778
123155872	homo.n.02	None
106378774	man.n.01	0.423
106381319	man.n.01	0.524
106381422	man.n.01	0.768
106382417	man.n.01	0.632
106382446	man.n.03	0.599
106382892	man.n.01	0.826
106383255	man.n.03	0.42
106384603	woman.n.01	0.885
106385301	man.n.03	0.547
106385467	man.n.01	0.881
106385528	man.n.01	0.567
123162904	people.n.01	0.908
123163004	man.n.03	0.68
123163192	man.n.03	0.841
106385990	man.n.01	0.419
106386115	man.n.03	0.69
106386266	man.n.01	0.496
106387562	world.n.08	0.318
106387590	man.n.01	0.927
106388257	man.n.01	0.83
106389242	man.n.01	0.97
106389596	man.n.01	0.912
106390187	man.n.01	0.52
106390720	man.n.01	0.954
106391661	man.n.01	0.789
123169327	man.n.03	0.548
123169436	world.n.08	None
123169447	man.n.01	0.716
106392609	man.n.01	0.877
106393032	man.n.03	0.374
106394764	man.n.01	0.685
106395701	man.n.01	0.865
106395794	man.n.03	0.612
106397291	man.n.01	0.985
106397643	man.n.01	0.691
106399408	man.n.01	0.724
123177779	man.n.03	0.475
106401463	homo.n.02	None
123178762	homo.n.02	0.428
123179629	man.n.01	0.785
123180200	man.n.03	0.479
106404277	world.n.08	None
106405208	man.n.01	0.411
123182550	man.n.01	0.536
106405564	man.n.01	0.713
106405779	state.n.04	0.874
106406121	man.n.01	0.851
106406500	man.n.01	0.961
106406588	homo.n.02	0.354
106408163	man.n.01	0.863
106408320	man.n.03	0.672
106408519	homo.n.02	None
106409547	world.n.08	None
106409823	man.n.03	0.457
106409937	man.n.01	0.554
106410649	man.n.01	0.97
106410903	man.n.03	0.96
106411553	man.n.03	0.344
106412080	world.n.08	None
106412137	man.n.01	0.44
106412318	world.n.08	None
106412528	man.n.01	0.663
106413322	man.n.01	0.882
106413504	man.n.01	0.495
106413855	man.n.01	0.912
106416543	man.n.01	0.957
123194381	man.n.03	0.596
106417282	man.n.01	0.88
106417291	man.n.01	0.872
123194623	man.n.03	0.494
106417416	man.n.01	0.704
123194685	man.n.01	0.412
123194688	man.n.01	0.412
123194694	man.n.01	0.685
123194712	homo.n.02	None
123194717	homo.n.02	None
106417648	man.n.01	0.984
106417694	man.n.01	0.924
123195379	man.n.01	0.523
123195388	man.n.01	0.523
106418528	man.n.01	0.477
123195863	homo.n.02	None
106419079	man.n.01	0.762
123196654	man.n.01	0.352
123196670	man.n.03	0.451
123198134	man.n.03	0.847
106421377	homo.n.02	0.514
106421646	world.n.08	None
123199234	man.n.01	0.643
106422128	world.n.08	None
123199370	man.n.01	0.904
106423016	world.n.08	None
123200529	homo.n.02	None
106423387	man.n.01	0.851
123200675	man.n.01	0.859
123200727	man.n.01	0.971
106423748	man.n.03	0.378
123201216	homo.n.02	None
106424601	homo.n.02	0.576
106424814	homo.n.02	0.54
123203346	humanness.n.01	0.773
123203450	man.n.03	0.723
123203554	man.n.03	0.619
123203589	man.n.03	0.496
123203626	homo.n.02	0.727
106427057	world.n.08	None
106427104	man.n.03	0.564
106427173	man.n.03	0.446
106428811	man.n.01	0.891
106428858	man.n.01	0.742
123207665	man.n.01	0.542
123207667	man.n.03	0.738
106430526	world.n.08	None
106430722	man.n.03	0.393
106430797	man.n.01	0.66
106430922	man.n.01	0.982
106431160	man.n.01	0.974
106431175	man.n.03	0.547
106431620	man.n.03	0.517
106432271	man.n.01	0.91
106432538	homo.n.02	0.468
106432625	man.n.01	0.886
106433435	man.n.03	0.362
106434054	man.n.01	0.886
106434223	homo.n.02	0.392
106434972	man.n.03	0.588
106436437	man.n.03	0.45
106436679	man.n.01	0.98
106436935	man.n.01	0.981
106437167	man.n.03	0.47
106438121	man.n.01	0.959
106438265	man.n.01	0.958
106438353	man.n.01	0.877
106438790	man.n.01	0.397
106438841	man.n.01	0.855
106439125	man.n.03	0.557
106439466	world.n.08	None
123217547	man.n.01	0.941
123217961	man.n.01	0.929
106440777	man.n.01	0.77
106440973	homo.n.02	0.703
106441138	world.n.08	None
106441271	man.n.03	0.512
106441726	man.n.01	0.759
106441747	man.n.01	0.774
106442189	man.n.01	0.613
106442533	man.n.01	0.638
106442640	animal.n.01	0.721
106442666	homo.n.02	0.648
106442733	man.n.01	0.553
106442741	man.n.03	0.42
106442896	man.n.03	0.43
106442971	homo.n.02	0.446
106443034	man.n.01	0.861
106443090	man.n.01	0.942
106443231	man.n.01	0.963
106443401	man.n.01	0.796
106443836	homo.n.02	0.692
106443892	man.n.03	0.433
106443913	man.n.03	0.545
123221417	man.n.03	0.561
106444904	world.n.08	None
106444976	man.n.01	0.702
106445248	world.n.08	None
106446565	homo.n.02	0.493
106447595	world.n.08	None
123225470	man.n.01	0.954
123225474	man.n.01	0.908
106448446	man.n.01	0.519
123225662	man.n.01	0.418
106448470	world.n.08	None
123225877	man.n.03	0.761
123225882	man.n.03	0.482
123225923	man.n.01	0.615
123225926	man.n.01	0.871
123225935	manhood.n.01	0.594
106449631	man.n.03	0.642
106449857	man.n.01	0.845
106450318	animal.n.01	None
106450442	world.n.08	None
123227716	man.n.03	0.74
123227734	man.n.03	0.787
106451112	man.n.01	0.563
123228446	homo.n.02	0.585
106451588	world.n.08	None
106451815	man.n.03	0.652
123229927	man.n.01	0.939
106452755	homo.n.02	0.462
106452776	man.n.03	0.566
106452785	world.n.08	None
106453773	world.n.08	None
106454759	man.n.03	0.467
106455112	homo.n.02	None
106455687	world.n.08	None
106455787	man.n.01	0.358
106455984	homo.n.02	0.47
106456402	homo.n.02	None
106456659	homo.n.02	None
106457045	world.n.08	0.834
106457406	homo.n.02	0.701
106458073	world.n.08	None
106458410	man.n.01	0.669
106460065	man.n.01	0.778
106460079	man.n.01	0.756
106461070	man.n.01	0.819
106461920	man.n.03	0.508
106462115	man.n.01	0.979
106462383	man.n.01	0.817
106462667	man.n.01	0.896
106462669	person.n.01	1.0
123240571	man.n.01	0.569
106463636	man.n.01	0.495
106463718	man.n.03	0.412
123241040	man.n.03	0.598
123241057	man.n.01	0.476
106464276	world.n.08	None
106464281	man.n.03	0.451
106464518	man.n.01	0.407
106464671	man.n.03	0.564
106465232	man.n.01	0.965
106465346	man.n.01	0.474
123242708	man.n.03	0.551
106465524	homo.n.02	0.327
123243147	man.n.01	0.557
123243164	man.n.03	0.777
123243173	man.n.03	0.444
106465985	homo.n.02	0.394
106466068	man.n.01	0.389
106467766	stranger.n.01	0.565
106468105	man.n.01	0.63
106468754	man.n.01	0.473
106468803	man.n.01	0.923
123246215	man.n.01	0.588
106469262	homo.n.02	0.699
106469508	man.n.03	0.537
123246893	homo.n.02	0.71
123247036	man.n.01	0.916
123247039	man.n.01	0.92
106469890	man.n.01	0.331
106470046	man.n.01	0.958
123247348	man.n.03	0.732
123247351	man.n.03	0.732
123247358	man.n.03	0.64
123247375	man.n.03	0.659
123247384	man.n.03	0.659
123247486	homo.n.02	0.65
106471258	man.n.03	0.568
123248666	man.n.01	0.871
123248700	homo.n.02	0.481
106471585	world.n.08	None
106471631	man.n.01	0.541
106471646	homo.n.02	0.625
106472092	man.n.01	0.541
106472269	man.n.01	0.793
106472277	man.n.01	0.887
106472729	man.n.01	0.53
106472758	man.n.03	0.405
106473125	man.n.01	0.929
123250357	animal.n.01	None
106473479	man.n.01	0.478
123251730	homo.n.02	0.503
123251755	man.n.03	0.535
123252271	man.n.01	0.992
123252274	man.n.01	0.98
123252282	man.n.01	0.98
123252446	man.n.01	0.708
106475684	man.n.03	0.522
123253905	homo.n.02	0.449
106476928	world.n.08	None
106477159	world.n.08	None
123254533	manor.n.02	0.503
106477325	homo.n.02	None
106477398	homo.n.02	None
106477442	people.n.01	0.975
106477569	homo.n.02	None
106477596	homo.n.02	None
106477960	homo.n.02	None
106477976	homo.n.02	0.415
106478056	homo.n.02	None
123255440	man.n.03	0.58
123255526	man.n.03	0.837
123255566	man.n.03	0.601
123255608	man.n.03	0.738
123255640	man.n.03	0.589
123255861	man.n.03	0.644
123255881	man.n.03	0.871
123255892	man.n.03	0.738
123255902	man.n.03	0.657
123255915	man.n.03	0.496
123255999	man.n.03	0.568
106478805	man.n.03	0.447
123256044	man.n.03	0.733
123256132	humanness.n.01	0.573
106478973	world.n.08	None
106479047	homo.n.02	0.421
123256300	man.n.03	0.881
123256315	man.n.03	0.881
123256335	man.n.01	0.446
123256465	man.n.03	0.622
123256468	man.n.03	0.531
123256512	man.n.01	0.828
123256524	homo.n.02	0.649
123256777	homo.n.02	0.594
123256812	man.n.03	0.635
123257270	man.n.03	0.496
123257356	homo.n.02	0.618
123257455	homo.n.02	0.395
123257661	homo.n.02	0.427
106480650	people.n.01	0.986
123257949	man.n.01	0.351
106480907	man.n.03	0.348
106482988	man.n.01	0.93
106483039	man.n.01	0.967
106483087	man.n.01	0.488
106483963	man.n.01	0.789
106484350	world.n.08	None
123261795	homo.n.02	0.768
106485149	man.n.01	0.907
106486108	world.n.08	None
106486390	homo.n.02	None
106486524	man.n.01	0.775
106486564	man.n.03	0.358
106486696	man.n.01	0.823
106486726	man.n.01	0.988
106486967	man.n.01	0.797
106486978	man.n.03	0.511
106487249	man.n.01	0.643
106488805	man.n.01	0.947
106488834	man.n.03	0.521
106489782	world.n.08	None
123267141	man.n.03	0.401
106490076	man.n.01	0.713
123267572	man.n.01	0.966
106490387	homo.n.02	None
106490500	world.n.08	None
106490931	homo.n.02	0.481
106492556	man.n.01	0.452
106492561	man.n.01	0.883
106492646	man.n.01	0.982
123270604	man.n.03	0.454
106493832	man.n.01	0.859
106495439	homo.n.02	0.482
106496262	man.n.01	0.814
106498889	man.n.03	0.544
106499037	man.n.01	0.565
123276459	man.n.03	0.422
123276484	man.n.03	0.756
123276488	man.n.03	0.756
123276501	man.n.03	0.857
123276506	man.n.03	0.857
123276525	man.n.03	0.803
123276543	man.n.03	0.593
123276549	man.n.03	0.593
123276565	man.n.03	0.63
123276727	homo.n.02	0.611
106499890	man.n.01	0.921
106500531	man.n.01	0.8
106502278	man.n.01	0.685
123279850	man.n.03	0.637
123279855	man.n.03	0.608
123280188	man.n.01	0.443
106503202	homo.n.02	0.816
106503297	man.n.03	0.427
106503629	man.n.01	0.533
106505931	man.n.01	0.671
123283211	man.n.03	0.684
106506961	man.n.01	0.64
106506992	world.n.08	None
123284946	homo.n.02	0.406
106508109	man.n.01	0.555
106508160	world.n.08	None
106508284	man.n.01	0.595
106509214	man.n.01	0.865
106509511	man.n.01	0.679
106509667	man.n.01	0.438
106509702	man.n.01	0.826
106510830	man.n.01	0.953
106512346	man.n.01	0.638
106513182	man.n.01	0.39
106513350	man.n.01	0.413
106513382	man.n.01	0.498
106513593	man.n.01	0.929
106513873	homo.n.02	None
106514454	man.n.03	0.463
106514495	homo.n.02	None
106514889	man.n.01	0.524
106514930	man.n.01	0.352
106515208	man.n.01	0.911
106515905	man.n.01	0.816
106517563	man.n.01	0.916
106517976	world.n.08	None
106518538	homo.n.02	None
106518758	man.n.01	0.815
106519185	homo.n.02	0.592
106519227	world.n.08	None
106519254	homo.n.02	0.5
106519301	man.n.01	0.458
106519549	world.n.08	None
106519842	homo.n.02	0.508
106519951	man.n.01	0.829
106521460	man.n.01	0.585
106522593	man.n.01	0.918
106522719	man.n.01	0.474
106523393	man.n.01	0.947
106524126	homo.n.02	0.466
106524559	world.n.08	None
106524845	man.n.01	0.931
106524864	man.n.01	0.611
106525008	man.n.03	0.539
106525324	man.n.01	0.625
106527711	man.n.01	0.648
106527785	man.n.01	0.581
106528063	homo.n.02	0.463
106528396	world.n.08	None
106529030	man.n.01	0.341
106529073	world.n.08	None
106529096	man.n.01	0.779
106529142	animal.n.01	0.999
106529327	man.n.01	0.891
106529466	man.n.01	0.659
106529521	homo.n.02	0.402
106529676	man.n.01	0.777
106529737	man.n.01	0.678
106530577	homo.n.02	0.555
106530959	homo.n.02	0.323
106531530	man.n.01	0.898
106531785	homo.n.02	0.611
106531940	homo.n.02	0.483
106532970	man.n.01	0.785
106533019	man.n.01	0.427
106533186	man.n.01	0.516
106533281	homo.n.02	0.567
106533331	man.n.01	0.889
106533368	man.n.01	0.622
106533871	world.n.08	None
106534388	man.n.01	0.693
106534687	man.n.01	0.974
106534909	man.n.01	0.749
106534988	man.n.03	0.4
106535191	man.n.01	0.814
106535212	man.n.01	0.92
106535238	man.n.01	0.612
106536742	man.n.01	0.486
106536861	man.n.01	0.541
106538391	world.n.08	None
106538739	man.n.01	0.383
123316454	world.n.08	None
123316963	man.n.01	0.86
106540614	man.n.01	0.495
106541203	homo.n.02	0.597
106541303	man.n.01	0.597
123318538	man.n.01	0.968
123318818	man.n.01	0.797
123319627	man.n.01	0.868
106542995	man.n.01	0.818
123320308	man.n.01	0.826
106543116	man.n.01	0.571
123320345	man.n.01	0.702
123321051	man.n.01	0.582
106544078	world.n.08	None
123321785	man.n.01	0.967
123322002	man.n.01	0.819
123322086	man.n.01	0.741
123322118	man.n.01	0.906
123322513	man.n.01	0.614
123322556	homo.n.02	0.535
123322782	homo.n.02	0.47
123323222	man.n.01	0.868
123323367	world.n.08	None
106546773	man.n.01	0.921
106547232	man.n.01	0.954
123325400	man.n.01	0.793
123325426	man.n.03	0.598
123325785	homo.n.02	0.712
123326640	man.n.01	0.716
106550468	homo.n.02	0.49
106551565	homo.n.02	0.51
106551600	world.n.08	None
123329012	man.n.01	0.663
106552413	man.n.01	0.952
106552494	homo.n.02	0.638
106552612	man.n.01	0.746
106552688	man.n.01	0.71
106553029	man.n.01	0.605
106553055	man.n.01	0.537
106553352	man.n.01	0.74
106553354	man.n.01	0.408
106553423	man.n.03	0.524
106553616	man.n.01	0.539
123330838	woman.n.01	0.991
106553892	animal.n.01	None
123331817	man.n.01	0.974
123331882	world.n.08	None
123332370	man.n.01	0.754
106555495	man.n.01	0.738
123333101	man.n.01	0.939
123333137	homo.n.02	0.517
123333257	man.n.01	0.944
123334621	man.n.01	0.976
106557754	homo.n.02	0.463
106557778	homo.n.02	0.564
106558766	world.n.08	None
106558999	world.n.08	None
123336238	world.n.08	0.603
106559190	man.n.01	0.977
123336422	people.n.01	0.986
123336445	homo.n.02	0.51
123336497	homo.n.02	0.696
106559353	man.n.01	0.986
106559466	man.n.01	0.983
106559873	world.n.08	None
123337272	world.n.08	None
123337627	man.n.01	0.576
123337684	man.n.01	0.918
123338547	man.n.01	0.871
123338608	man.n.01	0.412
106561705	man.n.03	0.388
123340403	man.n.01	0.719
123341069	man.n.01	0.934
106564603	man.n.01	0.838
106564754	man.n.03	0.467
106564992	man.n.01	0.807
123342368	homo.n.02	0.651
106565403	man.n.01	0.97
123342732	world.n.08	None
123342747	homo.n.02	0.453
123342751	homo.n.02	0.453
106565783	man.n.01	0.836
106566228	man.n.01	0.969
123343496	homo.n.02	0.504
123343527	man.n.01	0.364
106566453	man.n.01	0.904
123344403	man.n.01	0.872
106568282	man.n.03	0.577
123345498	man.n.01	0.842
106569091	homo.n.02	0.669
123346510	world.n.08	None
106571151	man.n.01	0.919
106572017	world.n.08	None
106572900	world.n.08	None
106573361	man.n.01	0.938
106573376	world.n.08	None
106573647	world.n.08	None
106573702	man.n.01	0.58
106574485	world.n.08	None
106574853	man.n.01	0.395
106575021	world.n.08	None
106575510	man.n.01	0.721
106575534	man.n.01	0.828
106575539	man.n.01	0.91
106576744	man.n.01	0.763
106576829	world.n.08	None
106577110	world.n.08	None
106578777	man.n.01	0.975
106579552	man.n.01	0.792
106579602	man.n.01	0.982
106579827	man.n.01	0.832
106580022	man.n.03	0.429
106580778	man.n.03	0.394
106582917	man.n.01	0.881
106583671	man.n.01	0.963
106583726	earth.n.01	0.915
106584258	man.n.01	0.649
106584372	man.n.03	0.518
106585712	man.n.01	0.961
106585938	world.n.08	None
106586879	world.n.08	None
106586968	man.n.01	0.783
106587179	man.n.01	0.809
106587961	man.n.01	0.884
106588431	man.n.01	0.886
106589051	man.n.01	0.943
114982270	man.n.01	0.93
114982392	man.n.01	0.961
114982419	man.n.01	0.984
114982894	man.n.01	0.967
114983628	man.n.03	0.61
114983920	man.n.01	0.99
106595559	man.n.03	0.492
114988391	man.n.01	0.824
114988576	man.n.03	0.475
114989159	man.n.01	0.988
114989874	believer.n.02	0.656
114991061	man.n.01	0.932
114991155	man.n.01	0.546
114991208	man.n.01	0.944
114991445	homo.n.02	0.464
114991941	people.n.01	0.956
114992716	man.n.01	0.996
114992812	man.n.01	0.927
114992889	man.n.01	0.983
114992930	man.n.01	0.997
114993674	manhood.n.01	0.66
114993959	man.n.01	0.681
114994112	man.n.01	0.472
114994316	man.n.03	0.473
114994587	manhood.n.01	0.511
114994603	man.n.01	0.681
114994659	man.n.03	0.387
114994708	man.n.01	0.778
114994803	man.n.03	0.693
114995001	man.n.03	0.559
114995479	man.n.01	0.426
114995566	man.n.01	0.694
106752086	man.n.01	0.55
123533018	man.n.03	0.505
123533873	homo.n.02	0.63
106758182	chap.n.01	0.974
123535952	homo.n.02	0.547
123538760	man.n.01	0.539
123538985	man.n.01	0.939
123539230	homo.n.02	0.501
106762437	world.n.08	None
123540927	man.n.03	0.398
106764192	man.n.03	0.558
106764214	world.n.08	None
123541857	man.n.01	0.618
123542038	world.n.08	None
123542207	homo.n.02	0.433
123542217	manslaughter.n.01	None
123542234	homo.n.02	0.535
123542236	homo.n.02	0.535
123542729	man.n.01	0.438
123542769	man.n.01	0.942
123542934	man.n.01	0.672
123543526	homo.n.02	0.729
123543689	homo.n.02	0.638
123543774	homo.n.02	0.375
123543809	homo.n.02	0.504
123543906	man.n.01	0.757
123543931	man.n.01	0.586
123543982	man.n.01	0.9
123543997	man.n.01	0.655
123543998	man.n.01	0.655
123544300	man.n.03	0.559
123544567	man.n.03	0.413
123544622	man.n.01	0.381
123544647	homo.n.02	0.524
123544658	homo.n.02	0.453
123544680	man.n.01	0.392
123544693	man.n.03	0.469
123544793	man.n.01	0.471
123544831	man.n.01	0.975
123544994	man.n.01	0.494
123545017	homo.n.02	0.49
123545276	man.n.01	0.461
123545702	man.n.01	0.6
123549386	man.n.01	0.904
123550906	homo.n.02	0.467
123550914	world.n.08	None
123552164	homo.n.02	0.432
123552191	man.n.03	0.601
123552205	homo.n.02	0.559
123552256	man.n.01	0.39
123552274	man.n.01	0.487
123552400	man.n.01	0.623
123552634	man.n.01	0.368
123552902	homo.n.02	0.626
123553154	man.n.01	0.524
123553195	man.n.01	0.825
123553267	world.n.08	None
123553681	homo.n.02	0.362
123554323	man.n.01	0.569
123554605	man.n.01	0.87
123555642	man.n.01	0.629
123555718	man.n.01	0.797
123555756	homo.n.02	0.468
123556114	man.n.03	0.48
123556313	man.n.01	0.72
123556369	man.n.01	0.544
123556558	man.n.03	0.693
123556793	homo.n.02	0.578
123557005	man.n.01	0.735
123557042	man.n.01	0.618
123557540	man.n.01	0.656
123557767	man.n.03	0.42
123558005	man.n.01	0.599
106781370	man.n.01	0.702
123558706	man.n.01	0.725
123558825	man.n.01	0.386
123558966	man.n.03	0.608
123558972	man.n.03	0.64
123559317	world.n.08	None
123559454	man.n.01	0.52
123559592	man.n.01	0.74
123560044	man.n.01	0.808
123560496	man.n.01	0.637
123560637	man.n.01	0.869
123561079	man.n.01	0.876
123561456	man.n.01	0.984
123561468	man.n.01	0.851
123561497	man.n.01	0.984
123561528	man.n.01	0.967
123561556	man.n.01	0.981
123561581	man.n.01	0.987
123561661	man.n.01	0.947
123561734	man.n.01	0.993
123561756	man.n.01	0.932
123561949	man.n.01	0.977
123561967	man.n.01	0.923
106784753	man.n.01	0.484
123562073	man.n.01	0.83
123562156	man.n.01	0.878
123562617	man.n.03	0.646
123562753	man.n.03	0.45
106785662	world.n.08	None
123562880	man.n.01	0.844
123562978	man.n.03	0.55
106785792	man.n.03	0.429
106785800	man.n.03	0.621
106785828	world.n.08	None
123563058	man.n.01	0.385
123563242	man.n.01	0.505
106786142	man.n.01	0.939
106786252	world.n.08	None
123563476	man.n.01	0.417
123563866	homo.n.02	0.371
123563966	homo.n.02	0.422
106786777	man.n.01	0.695
123564025	man.n.01	0.93
123564135	man.n.01	0.563
123564328	homo.n.02	0.725
106787142	man.n.03	0.514
106787200	man.n.03	0.329
123564456	man.n.01	0.702
106787246	world.n.08	None
123564464	man.n.01	0.5
123564602	man.n.01	0.697
106787533	homo.n.02	0.385
123564804	man.n.01	0.479
123565047	man.n.01	0.677
123565082	man.n.01	0.929
123565093	man.n.01	0.984
123565168	man.n.01	0.865
123565218	man.n.01	0.989
106788018	man.n.01	0.73
123565294	homo.n.02	0.538
123565346	man.n.01	0.918
123565389	homo.n.02	0.579
106788180	man.n.01	0.626
123565469	man.n.01	0.853
106788396	homo.n.02	0.339
123565921	man.n.01	0.564
123566124	man.n.01	0.724
123566165	man.n.01	0.856
123566537	world.n.08	None
123566550	man.n.01	0.505
123566554	man.n.01	0.476
123566577	man.n.01	0.692
123566606	homo.n.02	0.649
123566749	man.n.01	0.393
123566769	man.n.01	0.907
123566782	man.n.01	0.617
123566883	man.n.01	0.721
123567170	man.n.01	0.728
123567199	man.n.01	0.945
123567291	man.n.01	0.797
123567392	man.n.01	0.739
123567426	man.n.01	0.992
123567471	man.n.01	0.513
123567576	homo.n.02	0.441
123568593	homo.n.02	0.716
123568757	man.n.01	0.533
123568872	man.n.01	0.527
123569097	man.n.01	0.661
123570060	man.n.01	0.672
123570367	homo.n.02	0.642
123570399	man.n.01	0.911
123570414	man.n.03	0.628
123570922	man.n.01	0.496
123570958	man.n.03	0.483
123571198	man.n.01	0.961
123571255	homo.n.02	0.475
123571279	man.n.01	0.664
123571470	man.n.03	0.536
123571568	man.n.01	0.533
123571655	man.n.03	0.573
123571937	man.n.03	0.382
123571965	homo.n.02	0.511
123572339	man.n.03	0.457
106795192	man.n.03	0.447
123572418	man.n.03	0.553
123575350	man.n.01	0.393
123575361	man.n.01	0.441
123575395	man.n.01	0.961
123575606	man.n.01	0.953
123575635	man.n.01	0.833
123575640	homo.n.02	0.791
123575668	homo.n.02	0.56
123575687	man.n.01	0.407
123575910	homo.n.02	0.582
123576029	homo.n.02	0.371
123576075	man.n.01	0.913
123576910	man.n.01	0.402
123577446	homo.n.02	0.459
123577757	man.n.01	0.809
123578342	man.n.03	0.7
123579138	homo.n.02	None
123579425	man.n.01	0.755
123580515	world.n.08	None
123580775	man.n.01	0.411
123580960	homo.n.02	0.459
106803884	man.n.01	0.952
123581111	man.n.01	0.837
106806677	homo.n.02	None
106807368	man.n.01	0.951
123587230	man.n.01	0.775
123587453	man.n.03	0.425
123588013	person.n.01	None
123588459	man.n.03	0.437
123588552	man.n.01	0.641
123588573	man.n.01	0.854
123588837	man.n.03	0.449
123588844	man.n.01	0.834
123589189	man.n.01	0.627
123589245	man.n.01	0.765
123589401	man.n.01	0.597
123589914	man.n.01	0.792
123590261	man.n.01	0.451
106813224	populace.n.01	None
123591378	man.n.01	0.788
123591847	man.n.03	0.565
123592358	homo.n.02	0.81
123592430	homo.n.02	0.66
123592453	homo.n.02	0.676
123592504	homo.n.02	0.734
123592510	man.n.01	0.497
123592621	man.n.03	0.397
123592653	man.n.03	0.456
123592661	homo.n.02	0.782
123592786	homo.n.02	0.489
123593077	man.n.03	0.527
123593082	man.n.03	0.604
123593090	man.n.01	0.584
123593106	man.n.03	0.466
123593171	man.n.03	0.4
123593175	man.n.03	0.607
123593189	person.n.01	0.779
123593232	homo.n.02	0.485
123593940	homo.n.02	0.357
123593956	man.n.03	0.56
123593960	man.n.03	0.577
123594000	man.n.01	0.711
123594004	man.n.01	0.432
123594193	man.n.01	0.604
123594215	man.n.01	0.886
123594218	man.n.01	0.64
123594412	homo.n.02	0.602
123594621	homo.n.02	0.415
123594951	homo.n.02	0.499
123595078	man.n.03	0.497
123595188	man.n.03	0.484
123595196	man.n.03	0.686
123595210	man.n.03	0.71
123595262	man.n.03	0.691
123595292	man.n.03	0.795
123595325	homo.n.02	0.654
123595440	homo.n.02	0.387
123595445	homo.n.02	0.387
123595540	homo.n.02	0.498
123595561	homo.n.02	0.754
123595575	man.n.01	0.839
123595885	homo.n.02	0.433
123595899	homo.n.02	0.351
123595924	man.n.01	0.723
123595987	man.n.03	0.59
123596110	homo.n.02	0.615
123596150	homo.n.02	0.751
123596170	homo.n.02	0.487
123596316	homo.n.02	0.638
123596564	man.n.03	0.55
123596570	man.n.03	0.564
123596594	man.n.03	0.416
123596688	man.n.03	0.494
123597255	man.n.03	0.414
123597279	man.n.03	0.689
123597305	man.n.03	0.528
123597373	man.n.03	0.73
123597377	man.n.03	0.666
123597404	homo.n.02	0.522
123597523	homo.n.02	0.637
123597617	man.n.03	0.656
123597733	man.n.03	0.714
123597741	man.n.03	0.605
123598104	homo.n.02	0.469
123598144	homo.n.02	0.771
106833901	slave.n.01	0.986
106833928	man.n.01	0.969
106836354	world.n.08	None
106844085	homo.n.02	None
106845270	man.n.03	0.5
115234363	man.n.01	0.492
115234708	man.n.03	0.499
115234818	man.n.01	0.476
115235111	homo.n.02	0.608
115235442	world.n.08	None
115235519	world.n.08	None
115235705	man.n.03	0.49
115235894	man.n.03	0.409
106854375	citizenry.n.01	0.743
115244297	man.n.01	0.715
115246798	inhabitant.n.01	None
106860080	world.n.08	None
115249101	world.n.08	None
115249409	man.n.01	0.885
115249815	homo.n.02	0.425
115249877	man.n.01	0.676
115250005	homo.n.02	0.55
115250026	homo.n.02	0.403
115250150	homo.n.02	0.592
115250838	man.n.01	0.962
115253495	person.n.01	0.624
115253672	man.n.01	0.626
106865220	man.n.01	0.585
115253957	man.n.01	0.559
115257357	world.n.08	None
115257430	world.n.08	None
115257434	homo.n.02	None
106871834	homo.n.02	0.606
106875755	man.n.01	0.774
106876703	man.n.01	0.899
123654421	man.n.01	0.983
123654695	man.n.01	0.983
123654746	man.n.01	0.989
123654920	man.n.01	0.762
123654938	man.n.01	0.968
123654960	man.n.01	0.982
106878077	man.n.01	0.985
115268677	man.n.01	0.941
106882717	man.n.01	0.505
106883063	man.n.03	0.807
106884112	man.n.03	0.495
115273300	world.n.08	None
106911361	man.n.01	0.97
106914306	person.n.01	None
106921444	person.n.01	None
106931850	earth.n.04	0.609
106932153	man.n.01	0.643
106932616	man.n.01	0.991
115329591	man.n.01	0.917
115330249	man.n.01	0.779
115330591	man.n.01	0.924
115340133	world.n.08	None
115340177	world.n.08	None
115340328	world.n.08	None
115340950	man.n.01	0.91
115341238	man.n.01	0.483
115347390	man.n.01	0.731
115348061	homo.n.02	None
115348572	man.n.01	0.562
115349414	man.n.01	0.735
115351083	man.n.01	0.967
115353241	man.n.03	0.479
115353276	homo.n.02	0.409
115353555	man.n.01	0.764
115354182	man.n.01	0.428
115354236	man.n.03	0.536
115355130	man.n.01	0.747
115357172	man.n.01	0.62
115357379	man.n.03	0.587
115358264	man.n.01	0.545
115360162	man.n.01	0.606
115363395	person.n.01	None
115367291	man.n.01	0.42
115371402	people.n.01	0.721
115378019	people.n.01	0.836
115387244	man.n.01	0.572
115389515	man.n.03	0.403
115390437	homo.n.02	0.343
115394293	man.n.01	0.844
115394461	man.n.01	0.742
115395783	world.n.08	None
115400198	world.n.08	None
115400896	man.n.01	0.982
107019216	man.n.01	0.672
107019877	homo.n.02	0.561
115409771	man.n.01	0.957
115410423	citizenry.n.01	0.604
115414675	person.n.01	0.999
115418837	man.n.01	0.84
115418915	world.n.08	None
115419649	person.n.01	None
115423439	man.n.03	0.526
115426710	contemporary.n.01	None
115426756	man.n.01	0.37
115427328	people.n.01	0.884
115432211	masse.n.01	None
115435634	person.n.01	0.999
115436064	man.n.01	0.675
115437067	homo.n.02	None
107049504	people.n.01	0.775
115440681	chap.n.01	0.931
115440813	man.n.01	0.981
115441161	world.n.08	None
115447320	man.n.01	0.971
107060439	man.n.01	0.72
107061961	people.n.01	0.831
107063227	man.n.01	0.955
107064723	people.n.01	0.772
107065126	people.n.01	0.638
107065183	citizenry.n.01	0.615
115453990	man.n.01	0.887
107065634	people.n.01	0.55
107066004	populace.n.01	0.579
107066605	inhabitant.n.01	None
107068107	man.n.01	0.446
115456772	people.n.01	0.501
107068354	world.n.08	None
107068691	man.n.01	0.943
107069083	national.n.01	0.996
107069165	people.n.01	0.906
107069357	world.n.08	None
107069893	world.n.08	None
107070053	people.n.01	0.83
107070071	man.n.01	0.968
107070189	man.n.01	0.977
107070836	world.n.08	None
107070868	man.n.01	0.986
107070913	people.n.01	0.923
107071276	man.n.01	0.915
107071620	people.n.01	0.932
115462845	man.n.01	0.85
107075600	serviceman.n.01	0.619
115465553	life.n.08	0.419
107076966	world.n.08	None
107077342	man.n.01	0.805
107077750	inhabitant.n.01	None
107078128	man.n.01	0.871
107079520	people.n.01	0.937
107080482	woman.n.01	0.994
107080772	people.n.01	0.964
107082940	man.n.01	0.989
107082988	man.n.01	0.829
107083417	girl.n.01	0.792
115473004	man.n.01	0.971
107085711	man.n.01	0.984
107085783	man.n.01	0.988
107089249	man.n.01	0.412
107089545	world.n.08	None
107089881	man.n.01	0.838
107090624	man.n.01	0.67
107093369	man.n.01	0.755
107093742	man.n.01	0.481
107093884	man.n.03	0.423
107093938	man.n.01	0.875
107093947	people.n.01	0.946
107094018	homo.n.02	0.384
107094312	world.n.08	None
115485004	man.n.01	0.935
107097062	man.n.01	0.871
107097250	man.n.03	0.367
107098882	man.n.03	0.495
115487940	world.n.08	None
115489605	man.n.01	0.981
107102702	homo.n.02	None
115491838	man.n.01	0.784
107103454	inhabitant.n.01	None
115492489	lunatic.n.01	None
107104093	man.n.01	0.741
115492911	populace.n.01	0.779
107105294	man.n.01	0.948
115494352	man.n.01	0.401
115494418	man.n.01	0.933
107106452	people.n.01	0.964
107106571	man.n.01	0.94
107107096	national.n.01	0.997
115496056	serviceman.n.01	0.782
115496129	man.n.01	0.498
107107732	man.n.01	0.486
115496502	dame.n.01	None
115497390	world.n.08	None
107108883	world.n.08	None
115497548	animal.n.01	0.604
115499489	serviceman.n.01	0.769
107111381	man.n.03	0.523
107111405	man.n.01	0.565
107111437	man.n.03	0.461
107111885	man.n.03	0.515
123890683	man.n.01	0.989
115502076	world.n.08	None
107114803	man.n.01	0.908
107115809	man.n.03	0.362
107116318	world.n.08	None
123893839	man.n.01	0.854
123893871	man.n.01	0.923
123894006	man.n.01	0.952
123894044	man.n.03	0.423
123894048	man.n.01	0.614
123894775	man.n.01	0.639
107119189	man.n.01	0.961
123896556	man.n.01	0.626
123897022	man.n.01	0.541
107119994	person.n.01	None
123897416	man.n.03	0.704
107120302	chap.n.01	0.924
107121169	man.n.01	0.797
123898418	man.n.01	0.994
115510025	man.n.01	0.672
115510338	person.n.01	0.999
123898996	man.n.01	0.679
115510524	world.n.08	None
107122038	world.n.08	None
123899315	man.n.01	0.946
123899374	man.n.01	0.982
123899438	man.n.03	0.548
115510946	man.n.03	0.447
123899559	man.n.03	0.481
107122344	man.n.03	0.434
115511100	world.n.08	None
107122565	serviceman.n.01	0.685
107122780	people.n.01	0.881
115511486	man.n.01	0.953
115511580	people.n.01	0.863
107122980	man.n.03	0.503
123900868	man.n.01	0.996
115512318	population.n.01	0.865
123901073	man.n.01	0.992
123901464	man.n.01	0.987
107124266	citizen.n.01	None
115512971	world.n.08	None
123901641	man.n.03	0.5
115513058	man.n.03	0.455
123902569	man.n.01	0.995
123902579	man.n.01	0.994
107126002	inhabitant.n.01	None
123903295	man.n.01	0.976
123903301	man.n.01	0.941
123903339	man.n.01	0.515
123903375	homo.n.02	0.562
107126266	inhabitant.n.01	None
107126294	inhabitant.n.01	None
123904189	man.n.01	0.988
107127471	man.n.01	0.472
123905023	man.n.03	0.545
123905091	man.n.01	0.743
115516674	populace.n.01	None
107128123	man.n.01	0.731
115517377	man.n.01	0.536
107128802	inhabitant.n.01	None
123906299	man.n.01	0.707
123906321	man.n.01	0.489
115518316	man.n.01	0.952
115518392	man.n.01	0.675
107129992	people.n.01	0.621
115518670	people.n.01	0.657
115518769	man.n.01	0.682
115519950	man.n.03	0.595
115520125	world.n.08	None
115521317	citizenry.n.01	0.581
115522322	man.n.01	0.901
123911120	man.n.01	0.601
115522539	world.n.08	None
115522604	world.n.08	None
123912091	man.n.01	0.894
107134955	man.n.01	0.933
123914558	man.n.03	0.606
107137376	person.n.01	0.996
123915162	man.n.01	0.589
123915686	man.n.03	0.595
123915698	man.n.01	0.485
107138667	man.n.01	0.633
123916421	stranger.n.01	0.884
123916757	man.n.01	0.954
107139620	woman.n.01	0.983
123917205	man.n.03	0.364
123917226	world.n.08	0.267
123917301	man.n.01	0.869
123917522	man.n.01	0.965
123917603	man.n.03	0.521
115529846	people.n.01	0.825
123919068	man.n.01	0.691
107142608	man.n.03	0.555
115531532	people.n.01	0.619
107144699	citizen.n.01	None
123922040	man.n.03	0.624
107145244	people.n.01	0.977
115533897	people.n.01	0.94
123922561	man.n.01	0.46
107146408	man.n.03	0.445
115536005	people.n.01	0.993
107147832	populace.n.01	0.499
115537045	man.n.01	0.97
115538336	man.n.01	0.917
107150352	man.n.01	0.953
115539080	man.n.01	0.954
107151492	man.n.01	0.761
107152411	world.n.08	None
115541780	man.n.01	0.54
107153568	man.n.01	0.942
123931319	man.n.01	0.575
107154280	man.n.03	0.462
107154852	man.n.01	0.936
115544322	man.n.01	0.842
115544500	serviceman.n.01	0.885
107156321	man.n.01	0.867
123933713	homo.n.02	None
115545149	man.n.01	0.921
115545416	man.n.01	0.978
115545961	man.n.01	0.889
115546537	man.n.01	0.969
115546642	man.n.03	0.521
115546685	man.n.03	0.645
115546699	man.n.03	0.627
115548317	man.n.01	0.936
123937187	homo.n.02	None
107160061	man.n.01	0.987
107161004	man.n.01	0.983
115550038	man.n.01	0.964
115550139	man.n.01	0.978
107161928	woman.n.01	0.994
123939282	man.n.01	0.979
123939371	man.n.01	0.73
123939955	man.n.03	0.436
107163109	world.n.08	None
107163365	man.n.01	0.945
123940987	man.n.01	0.507
123941447	homo.n.02	0.407
107164265	national.n.01	0.993
123943377	person.n.01	None
107166222	man.n.01	0.958
107167107	man.n.03	0.342
107167150	man.n.01	0.573
107169018	man.n.03	0.574
107169072	man.n.01	0.736
107169109	man.n.01	0.883
115557918	person.n.01	None
123946906	homo.n.02	None
123948016	man.n.01	0.523
115560027	man.n.01	0.727
115560655	homo.n.02	0.393
107173222	man.n.03	0.475
115563539	man.n.01	0.98
107175129	man.n.01	0.926
123952900	man.n.01	0.601
107175710	people.n.01	0.928
107176107	people.n.01	0.57
107176663	man.n.01	0.645
107176917	people.n.01	0.96
107177976	person.n.01	1.0
107178721	people.n.01	0.688
123956277	man.n.01	0.606
107179268	man.n.01	0.775
115568219	man.n.01	0.976
115568478	people.n.01	0.683
123957291	man.n.01	0.947
123957580	homo.n.02	0.389
107180471	serviceman.n.01	0.724
107181075	people.n.01	0.98
123958462	man.n.01	0.825
115569905	man.n.01	0.994
107181390	serviceman.n.01	0.698
115570012	man.n.01	0.775
115570425	man.n.03	0.491
115571987	man.n.01	0.428
115572036	world.n.08	None
115573062	homo.n.02	0.292
123962067	people.n.01	0.887
123963072	homo.n.02	None
115574766	man.n.01	0.888
123963430	man.n.03	0.451
107186228	inhabitant.n.01	None
107186681	inhabitant.n.01	None
107186915	inhabitant.n.01	None
115575769	life.n.05	0.452
115576076	man.n.01	0.774
115576214	homo.n.02	0.711
115576400	man.n.01	0.886
123965100	man.n.01	0.9
115576798	man.n.01	0.986
123965469	man.n.01	0.509
107188331	lunatic.n.01	None
107190104	man.n.01	0.911
123968003	homo.n.02	None
123968316	man.n.01	0.313
115579954	man.n.01	0.799
123968936	man.n.01	0.561
107192684	man.n.03	0.517
107192727	man.n.01	0.976
115581920	man.n.01	0.98
107194918	man.n.03	0.366
123972335	homo.n.02	None
115584351	man.n.03	0.694
107195922	man.n.01	0.669
115584653	man.n.01	0.895
123974260	man.n.01	0.933
107197353	man.n.01	0.939
107198959	world.n.08	None
107199492	inhabitant.n.01	None
115588646	people.n.01	0.826
107200410	man.n.01	0.653
115589342	man.n.01	0.826
107201738	man.n.01	0.639
123979471	homo.n.02	None
123981186	homo.n.02	None
115592984	man.n.01	0.985
107204614	man.n.01	0.781
115593523	inhabitant.n.01	None
107205265	man.n.01	0.729
107205313	world.n.08	None
115595752	man.n.01	0.749
115595856	world.n.08	None
123984954	homo.n.02	0.362
107208732	animal.n.01	0.684
115597500	people.n.01	0.982
123986787	man.n.01	0.819
123987275	man.n.01	0.603
115599389	man.n.01	0.367
107211235	man.n.01	0.97
107211596	man.n.03	0.548
115601850	man.n.01	0.923
115602569	inhabitant.n.01	None
115602696	man.n.01	0.978
123992245	coevals.n.01	0.515
123992513	man.n.03	0.413
115604055	inhabitant.n.01	None
123992762	man.n.01	0.643
107215821	world.n.08	None
107216154	populace.n.01	0.448
107216587	man.n.01	0.917
123993969	person.n.01	None
123994893	homo.n.02	None
115606365	man.n.01	0.971
107217762	man.n.03	0.484
107218080	man.n.01	0.917
107219089	man.n.03	0.443
107219206	man.n.01	0.906
107219225	man.n.01	0.617
123997429	man.n.01	0.676
115609646	inhabitant.n.01	None
115611294	man.n.03	0.509
115611317	homo.n.02	0.485
115614448	man.n.01	0.741
107226298	man.n.01	0.446
107228211	creature.n.02	0.456
107228838	man.n.01	0.974
115620076	ancient.n.02	0.998
115620667	man.n.01	0.776
107234334	man.n.01	0.954
115623456	man.n.01	0.886
107236885	man.n.01	0.879
107236937	man.n.01	0.933
107237084	serviceman.n.01	0.849
107237363	man.n.01	0.883
115626449	man.n.01	0.898
115627122	inhabitant.n.01	None
107238619	man.n.03	0.524
115628187	homo.n.02	0.429
107239936	world.n.08	None
107240264	man.n.03	0.546
107240285	man.n.03	0.539
107240390	man.n.01	0.366
115629031	man.n.01	0.846
107240465	world.n.08	None
115630485	people.n.01	0.559
107245112	man.n.01	0.888
115633804	man.n.01	0.907
107245407	world.n.08	None
107245813	child.n.01	0.897
107248152	world.n.08	None
107249379	man.n.01	0.509
115640650	man.n.01	0.601
115642213	man.n.01	0.971
107253786	inhabitant.n.01	None
107253972	man.n.01	0.764
115643232	man.n.01	0.773
115644354	man.n.01	0.933
107256467	man.n.01	0.401
107256557	man.n.01	0.646
107256612	people.n.01	0.936
107257002	man.n.01	0.726
115646024	man.n.03	0.522
115647517	man.n.01	0.361
107259781	populace.n.01	0.332
107260177	man.n.01	0.653
107260308	world.n.08	None
107260353	man.n.01	0.834
115649388	man.n.01	0.51
115649977	serviceman.n.01	0.707
115650008	man.n.03	0.398
115651052	homo.n.02	0.456
115651131	homo.n.02	0.746
107263117	man.n.01	0.726
115653057	man.n.01	0.983
107264486	man.n.01	0.847
107264762	man.n.03	0.634
107265091	man.n.01	0.82
107265847	man.n.03	0.364
107265962	man.n.03	0.366
107266074	world.n.08	None
115655229	inhabitant.n.01	None
107267820	man.n.03	0.625
115656458	homo.n.02	0.667
115657337	woman.n.01	0.993
107268990	people.n.01	0.961
115657663	man.n.01	0.957
115657774	man.n.01	0.776
115658248	man.n.01	0.702
115658940	man.n.01	0.987
107272593	man.n.01	0.93
107272630	man.n.01	0.95
115661705	man.n.01	0.469
115663846	man.n.01	0.364
107276687	man.n.03	0.488
115671511	homo.n.02	None
115671686	man.n.01	0.942
107283145	man.n.01	0.763
107285591	serviceman.n.01	0.796
115674856	man.n.01	0.396
107286611	man.n.01	0.816
115677145	man.n.01	0.904
115678354	man.n.01	0.982
115678567	homo.n.02	0.41
115679513	man.n.01	0.984
115679728	man.n.01	0.381
107291290	man.n.01	0.57
107292195	man.n.01	0.973
107292250	man.n.01	0.96
107292339	man.n.01	0.861
115681578	man.n.01	0.996
115681616	man.n.01	0.911
107293584	man.n.01	0.728
115684754	man.n.01	0.949
115684937	man.n.01	0.354
115685944	world.n.08	None
107297594	man.n.03	0.395
107297677	people.n.01	0.901
115686833	folk.n.01	0.906
107298811	world.n.08	None
115687737	woman.n.01	0.983
115687823	homo.n.02	0.552
107299376	man.n.01	0.508
115692046	man.n.01	0.848
115693199	inhabitant.n.01	None
115694476	inhabitant.n.01	None
115695685	man.n.01	0.796
107307886	serviceman.n.01	0.578
115696504	man.n.01	0.988
107309197	man.n.01	0.627
107310012	man.n.03	0.511
107310226	man.n.01	0.95
107310939	man.n.01	0.914
107315658	people.n.01	0.98
115704398	man.n.01	0.959
115705331	national.n.01	0.996
107316985	man.n.01	0.859
107317554	man.n.01	0.583
107317693	man.n.03	0.485
115706331	man.n.03	0.569
115706506	man.n.01	0.891
115706521	homo.n.02	None
115706788	people.n.01	0.961
115707635	man.n.01	0.65
115707863	man.n.01	0.889
115707922	coevals.n.01	0.536
115708617	man.n.01	0.942
107320043	man.n.03	0.657
124703413	man.n.01	0.991
115709629	world.n.08	None
115709954	world.n.08	None
115710036	world.n.08	None
107321895	man.n.01	0.787
115711068	man.n.01	0.983
115711929	earth.n.01	0.586
107323682	man.n.01	0.951
115712825	world.n.08	None
115713337	man.n.01	0.814
115714388	homo.n.02	None
115714618	world.n.08	None
115714736	man.n.01	0.991
115714763	man.n.01	0.959
115714798	man.n.01	0.915
115714870	man.n.01	0.717
115714932	man.n.01	0.945
115714967	man.n.01	0.832
115715058	population.n.01	0.646
107327051	man.n.01	0.915
107327832	man.n.01	0.809
115716533	person.n.01	None
115717407	man.n.01	0.741
115718276	inhabitant.n.01	None
115718603	inhabitant.n.01	None
115718928	man.n.01	0.553
107330950	spirit.n.04	0.525
115719666	man.n.01	0.962
115720084	man.n.01	0.745
107331694	world.n.08	None
107332239	man.n.01	0.437
107332397	world.n.08	None
107332433	man.n.01	0.646
115724043	man.n.01	0.931
107335476	homo.n.02	0.36
107335557	man.n.01	0.897
115724613	homo.n.02	0.489
115724663	homo.n.02	0.635
107336221	man.n.01	0.951
115725133	homo.n.02	0.441
107337329	man.n.01	0.976
115726042	homo.n.02	0.555
115726067	man.n.01	0.898
107337984	man.n.01	0.713
107339017	man.n.01	0.924
107339713	people.n.01	0.813
115729205	man.n.01	0.901
107340843	man.n.01	0.877
107341489	man.n.01	0.972
107342737	man.n.01	0.567
115731578	homo.n.02	0.458
115731593	man.n.01	0.569
123040681	man.n.01	0.521
115732855	man.n.01	0.778
115733730	man.n.01	0.674
107346416	man.n.01	0.801
115735152	homo.n.02	None
115735222	man.n.03	0.574
115736459	man.n.03	0.471
115736607	world.n.08	None
115736943	people.n.01	0.965
115736974	man.n.01	0.808
107349281	man.n.01	0.613
115739040	world.n.08	None
115740067	people.n.01	0.859
115740268	man.n.01	0.649
107352982	universe.n.01	0.889
107354124	man.n.01	0.903
107354799	homo.n.02	None
107355204	person.n.01	0.997
115744822	man.n.01	0.957
107356306	man.n.03	0.511
107356493	man.n.03	0.514
115745878	man.n.01	0.944
107357302	homo.n.02	None
107357842	person.n.01	None
107357875	savage.n.01	0.942
107358054	person.n.01	None
107358571	man.n.01	0.974
107358723	man.n.01	0.868
107358750	people.n.01	0.923
115748047	foreigner.n.01	0.889
115748742	homo.n.02	0.436
107361579	people.n.01	0.964
107361878	man.n.01	0.94
107361893	people.n.01	0.905
107361917	man.n.01	0.817
107362221	man.n.01	0.444
115751981	man.n.01	0.821
107364198	man.n.03	0.611
107365094	man.n.01	0.522
115754044	world.n.08	None
107367091	man.n.01	0.906
107367145	chap.n.01	0.96
107367226	chap.n.01	0.849
115756170	man.n.01	0.972
115756320	homo.n.02	0.667
115756338	man.n.03	0.484
115756588	homo.n.02	0.801
115756643	man.n.01	0.749
107368052	man.n.01	0.703
115756894	man.n.01	0.715
115757211	man.n.01	0.443
115757228	man.n.01	0.984
107368847	person.n.01	None
115758261	man.n.01	0.899
115758777	man.n.01	0.576
107370178	man.n.01	0.497
115759414	man.n.01	0.98
115759624	soldier.n.01	0.999
115759853	man.n.01	0.578
115759992	man.n.01	0.758
115760045	homo.n.02	0.577
115760087	man.n.01	0.994
115760121	man.n.01	0.991
107372237	serviceman.n.01	0.632
115761375	man.n.01	0.604
115761853	man.n.01	0.644
115761859	inhabitant.n.01	None
107373714	person.n.01	None
115762484	man.n.01	0.981
115762488	man.n.01	0.98
107374078	man.n.01	0.994
107374528	man.n.01	0.501
107375344	man.n.01	0.98
107375407	person.n.01	0.998
115765294	man.n.01	0.721
115765831	man.n.01	0.537
115766187	man.n.01	0.474
115766712	inhabitant.n.01	None
115767593	man.n.01	0.965
115768686	man.n.01	0.925
115769057	man.n.01	0.953
115771191	man.n.01	0.987
115771210	world.n.08	None
115771286	man.n.01	0.943
115771387	man.n.01	0.917
115771478	man.n.01	0.932
124716084	man.n.01	0.977
115772711	inhabitant.n.01	None
115772976	man.n.01	0.966
115773093	man.n.01	0.973
115773170	man.n.01	0.923
115774522	world.n.08	None
115776656	homo.n.02	None
115777013	man.n.01	0.967
115777159	man.n.01	0.71
115778483	chap.n.01	0.964
115779568	man.n.01	0.954
115780539	man.n.01	0.806
115782777	man.n.01	0.991
115783765	man.n.01	0.775
115785557	man.n.01	0.509
115788491	man.n.01	0.553
115788807	man.n.01	0.976
115789809	man.n.01	0.955
115791046	man.n.01	0.998
115792454	man.n.01	0.981
115792613	man.n.03	0.607
115792692	people.n.01	0.955
115793076	inhabitant.n.01	None
115793268	inhabitant.n.01	None
115794986	people.n.01	0.981
115796008	inhabitant.n.01	None
115796152	man.n.03	0.384
115796578	people.n.01	0.884
115796664	inhabitant.n.01	None
115798242	man.n.01	0.813
115798488	man.n.01	0.446
115798543	man.n.03	0.413
115799030	homo.n.02	0.638
115799039	man.n.01	0.593
115799055	man.n.01	0.731
115799771	man.n.01	0.444
115799789	man.n.01	0.381
115799979	man.n.01	0.943
115800304	man.n.01	0.76
115800734	world.n.08	None
115800795	man.n.03	0.398
115801897	world.n.08	None
115802079	homo.n.02	0.471
115802711	man.n.01	0.469
115802913	man.n.01	0.669
115804557	man.n.01	0.357
115805933	man.n.01	0.942
115806524	man.n.01	0.5
115808377	homo.n.02	0.433
115808621	man.n.01	0.331
115813434	man.n.01	0.611
115814531	world.n.08	None
115815066	man.n.03	0.695
115815073	man.n.03	0.695
115815195	man.n.03	0.776
115816501	man.n.01	0.641
115817174	homo.n.02	0.462
115817184	man.n.01	0.504
115818070	man.n.03	0.491
115818460	man.n.01	0.496
115818551	person.n.01	1.0
115823845	man.n.01	0.907
115826522	man.n.01	0.569
115826982	homo.n.02	0.471
115827791	world.n.08	None
115828238	man.n.01	0.884
115829477	man.n.03	0.672
115830126	man.n.03	0.404
115830216	man.n.01	0.836
115830453	man.n.01	0.822
115830634	man.n.01	0.811
115832507	man.n.01	0.818
115832565	man.n.01	0.411
115832620	homo.n.02	0.466
115834010	man.n.01	0.905
115835060	man.n.01	0.547
115836199	homo.n.02	0.356
115836791	man.n.03	0.463
115838101	man.n.01	0.96
115838642	man.n.01	0.565
115838776	man.n.03	0.523
115840011	man.n.01	0.976
107452596	man.n.01	0.973
115844628	inhabitant.n.01	None
115845107	world.n.08	None
107457007	woman.n.01	0.991
115848465	man.n.01	0.85
115849701	man.n.01	0.923
115851340	man.n.01	0.68
115851549	man.n.01	0.919
115854163	world.n.08	None
107466202	man.n.01	0.901
115855742	man.n.01	0.758
115856804	man.n.01	0.663
107468936	people.n.01	0.969
107469209	man.n.01	0.995
115858045	world.n.08	None
115858410	man.n.01	0.849
107470191	man.n.01	0.985
115859716	man.n.01	0.31
115860971	man.n.01	0.883
115861114	man.n.01	0.709
107473197	world.n.08	None
107474920	man.n.01	0.422
115864122	man.n.01	0.899
107476851	people.n.01	0.975
115866781	man.n.01	0.797
115870908	man.n.01	0.834
115877705	man.n.01	0.551
115878236	man.n.01	0.967
115880253	man.n.01	0.991
115880608	man.n.01	0.915
115880640	world.n.08	None
107494352	man.n.01	0.73
115884837	man.n.01	0.935
115885705	man.n.03	0.652
115886117	man.n.01	0.936
115887096	man.n.01	0.957
115891392	man.n.03	0.66
115892552	man.n.01	0.962
115893005	man.n.01	0.981
115893684	man.n.03	0.367
115895572	man.n.01	0.886
115895616	world.n.08	None
115899419	man.n.01	0.651
115904478	man.n.01	0.861
115905314	man.n.01	0.971
115912763	chap.n.01	0.95
124301485	man.n.03	0.616
107524496	nation.n.04	0.395
107524934	homo.n.02	0.644
115913876	man.n.01	0.832
115919236	man.n.03	0.423
115919254	man.n.01	0.969
115919337	man.n.01	0.461
115920214	man.n.01	0.405
115920368	homo.n.02	0.426
115920465	man.n.01	0.976
115920514	man.n.01	0.988
115920526	man.n.01	0.975
115923882	man.n.03	0.529
115924417	world.n.08	None
115924463	man.n.01	0.589
115925055	man.n.01	0.983
115930335	man.n.01	0.985
115931604	man.n.01	0.632
115931729	man.n.01	0.684
115932679	man.n.01	0.902
115935412	man.n.01	0.756
107548114	world.n.08	None
115938532	man.n.01	0.969
115939359	man.n.01	0.96
115940125	man.n.01	0.986
107551687	man.n.01	0.904
115941117	man.n.01	0.982
115941152	man.n.01	0.993
115941522	man.n.01	0.717
115941920	man.n.01	0.979
107560159	inhabitant.n.01	None
107560449	people.n.01	0.952
107560468	man.n.01	0.988
107561194	man.n.01	0.876
115949813	man.n.01	0.976
115950656	man.n.01	0.959
115951365	man.n.01	0.764
115951807	man.n.01	0.609
115954766	man.n.01	0.96
107566447	people.n.01	0.979
115958408	man.n.01	0.651
107572526	man.n.01	0.837
115961141	man.n.03	0.555
115962330	man.n.01	0.97
115963783	man.n.03	0.398
115966041	world.n.08	None
107577688	man.n.01	0.929
115966989	man.n.01	0.914
115967130	man.n.01	0.877
107579149	man.n.01	0.974
107579383	man.n.01	0.915
107580520	man.n.01	0.929
115969788	man.n.01	0.956
115971806	man.n.01	0.591
107584643	inhabitant.n.01	None
107585418	man.n.01	0.915
107586958	man.n.01	0.927
107587135	inhabitant.n.01	None
115976898	man.n.01	0.952
115977074	man.n.01	0.932
115977208	man.n.03	0.371
115977298	serviceman.n.01	0.717
115977422	world.n.08	None
107589925	man.n.01	0.981
115979044	man.n.01	0.964
115979219	world.n.08	None
115979964	man.n.01	0.493
107591734	inhabitant.n.01	None
107592440	man.n.01	0.99
107594527	citizen.n.01	None
115983937	man.n.01	0.45
107598634	man.n.01	0.88
107598956	people.n.01	0.635
115987794	man.n.01	0.787
107601081	people.n.01	0.967
115992130	man.n.01	0.936
115992141	man.n.01	0.972
107605189	man.n.01	0.934
107607784	state.n.04	0.932
107609477	people.n.01	0.957
107611038	man.n.01	0.77
107616672	man.n.01	0.818
116008018	man.n.01	0.667
116008928	man.n.03	0.415
107624721	inhabitant.n.01	None
116014332	man.n.01	0.983
116015283	man.n.01	0.696
116015661	serviceman.n.01	0.737
107627273	man.n.01	0.416
116016872	man.n.01	0.968
107630811	man.n.01	0.896
116020105	man.n.01	0.93
107631766	homo.n.02	0.769
116022779	man.n.01	0.939
107634798	man.n.01	0.875
107635438	world.n.08	None
116024157	serviceman.n.01	0.726
107636713	world.n.08	None
107636838	world.n.08	None
116025963	inhabitant.n.01	None
107637863	world.n.08	None
107638063	man.n.01	0.717
116027582	man.n.01	0.929
116030884	man.n.01	0.95
107642539	people.n.01	0.936
116031254	man.n.03	0.355
107643365	inhabitant.n.01	None
116033370	man.n.03	0.557
107645287	inhabitant.n.01	None
116034420	man.n.01	0.822
116034539	people.n.01	0.674
116040188	man.n.01	0.807
116042031	man.n.01	0.852
116045960	man.n.01	0.893
116046016	serviceman.n.01	0.503
107658504	people.n.01	0.518
116050480	man.n.01	0.988
116050640	woman.n.01	0.965
116052470	man.n.01	0.899
116052506	man.n.01	0.786
116052598	man.n.01	0.884
116052653	man.n.01	0.982
116054088	serviceman.n.01	0.622
116055384	man.n.01	0.74
107667050	people.n.01	0.93
116057808	homo.n.02	0.458
107669518	man.n.01	0.942
116060496	man.n.01	0.726
107673948	people.n.01	0.943
116065046	world.n.08	None
116065639	world.n.08	None
116066150	man.n.03	0.616
107678850	world.n.08	None
107679229	woman.n.01	0.994
116071365	man.n.01	0.979
116073199	world.n.08	None
116074375	man.n.03	0.485
107686406	homo.n.02	0.37
107686441	homo.n.02	0.482
107686589	man.n.01	0.986
116075773	man.n.01	0.646
116077021	man.n.01	0.986
116077287	man.n.01	0.987
116079183	man.n.01	0.902
107691188	settler.n.01	1.0
107691251	inhabitant.n.01	None
116081003	man.n.01	0.975
107692443	inhabitant.n.01	None
116082317	world.n.08	None
116083621	man.n.01	0.893
107696307	inhabitant.n.01	None
116086412	man.n.03	0.403
124475399	person.n.01	None
116087165	man.n.01	0.984
124476173	homo.n.02	0.546
124476895	homo.n.02	None
124476901	homo.n.02	None
124476943	man.n.01	0.771
124476996	homo.n.02	None
124477746	homo.n.02	0.346
124478124	man.n.01	0.592
124478130	man.n.01	0.592
124478338	man.n.01	0.572
124478399	man.n.01	0.948
124479676	world.n.08	None
124479713	world.n.08	None
124480073	man.n.01	0.699
116091849	man.n.01	0.816
116091940	man.n.01	0.919
116092188	man.n.03	0.44
107703610	man.n.01	0.574
116092616	man.n.01	0.619
124482507	man.n.01	0.454
124482549	man.n.01	0.973
116094012	people.n.01	0.52
124482683	man.n.01	0.687
124482696	world.n.08	None
116094191	people.n.01	0.737
124482984	man.n.01	0.918
124483034	man.n.01	0.908
116094736	woman.n.01	0.963
116095272	serviceman.n.01	0.699
116097281	world.n.08	None
116101049	man.n.01	0.964
116102138	man.n.01	0.864
116102384	man.n.01	0.887
107714031	man.n.01	0.69
116104190	man.n.01	0.963
116104639	man.n.03	0.51
116104735	man.n.01	0.733
107716358	people.n.01	0.972
107716532	man.n.01	0.972
107716663	people.n.01	0.956
116105864	man.n.01	0.878
116105941	man.n.01	0.947
116107649	woman.n.01	0.968
116107741	woman.n.01	0.968
116110100	man.n.01	0.379
116110423	woman.n.01	0.985
116110591	man.n.01	0.395
116111514	man.n.03	0.474
107725005	tribe.n.01	0.989
116114329	man.n.01	0.862
116115102	man.n.01	0.969
107727804	people.n.01	0.991
107728120	inhabitant.n.01	None
116117255	man.n.01	0.875
116118040	man.n.01	0.981
116119100	man.n.01	0.65
107730860	people.n.01	0.677
116119800	man.n.01	0.979
116120163	man.n.01	0.823
107733133	citizen.n.01	None
107733839	people.n.01	0.788
116123056	man.n.01	0.938
107734498	people.n.01	0.899
107736041	people.n.01	0.828
116125813	man.n.01	0.498
116126288	man.n.01	0.581
107738082	person.n.01	0.998
116126753	man.n.01	0.461
116127310	man.n.01	0.655
116130797	man.n.01	0.97
116133817	homo.n.02	0.561
107745366	inhabitant.n.01	None
116137807	man.n.01	0.936
116138389	man.n.01	0.924
107750667	inhabitant.n.01	None
124528591	man.n.01	0.48
124529520	world.n.08	0.303
124531416	man.n.01	0.939
124531987	man.n.01	0.929
116143769	man.n.01	0.938
124532677	man.n.01	0.969
124533185	man.n.01	0.97
124533219	man.n.01	0.818
124533306	man.n.01	0.947
107756629	person.n.01	1.0
124534133	man.n.01	0.884
107756989	person.n.01	1.0
124534291	man.n.01	0.971
124534329	serviceman.n.01	0.614
124535071	serviceman.n.01	0.932
116146498	man.n.01	0.988
116146515	man.n.01	0.972
116147347	serviceman.n.01	0.935
124536267	chap.n.01	0.9
124537401	man.n.01	0.919
124537899	man.n.01	0.613
116149351	man.n.01	0.863
116149405	man.n.01	0.509
116149588	man.n.01	0.96
124538300	man.n.03	0.51
107761198	settler.n.01	0.999
124538933	man.n.01	0.956
124538978	man.n.01	0.975
124539022	man.n.01	0.928
124539042	homo.n.02	0.344
124539192	man.n.01	0.512
124539590	man.n.01	0.977
116152060	man.n.01	0.85
124540854	man.n.01	0.927
124541180	man.n.01	0.605
107764448	man.n.01	0.951
124541945	man.n.01	0.837
116153984	man.n.01	0.982
116154906	man.n.01	0.914
107768115	inhabitant.n.01	None
124545333	man.n.01	0.974
116156987	world.n.08	None
124545697	man.n.01	0.933
124545739	man.n.01	0.681
124545973	man.n.01	0.455
124546330	population.n.01	0.88
124547074	homo.n.02	0.436
116158550	world.n.08	None
116158962	man.n.01	0.975
107770422	people.n.01	0.913
124547811	man.n.01	0.745
116159278	man.n.01	0.995
116159717	man.n.01	0.868
116159905	person.n.01	0.996
116159926	man.n.01	0.99
124548811	state.n.04	0.943
116160259	man.n.01	0.829
124548901	man.n.01	0.606
116160341	man.n.01	0.922
124549008	man.n.01	0.533
116160437	man.n.01	0.769
116160884	mind.n.01	0.863
116161241	people.n.01	0.874
124550053	homo.n.02	None
124550179	man.n.03	0.425
116161834	man.n.01	0.894
124550736	people.n.01	0.6
124551183	man.n.01	0.924
107774121	world.n.08	None
116162754	man.n.01	0.657
124551369	man.n.01	0.896
107774899	friend.n.01	0.976
116163861	man.n.01	0.763
124552716	universe.n.01	0.491
116164214	man.n.01	0.909
116164363	man.n.01	0.746
116164408	man.n.01	0.984
124553176	man.n.01	0.938
124553217	world.n.02	0.363
116164638	homo.n.02	0.526
116164695	man.n.01	0.387
116164939	man.n.01	0.979
116164958	man.n.01	0.962
116165010	man.n.01	0.967
124553957	man.n.01	0.98
124554085	man.n.01	0.708
124554102	man.n.03	0.621
124554112	man.n.01	0.839
116165698	man.n.01	0.74
107777183	people.n.01	0.72
124554700	universe.n.01	0.649
107777490	survivor.n.01	0.692
124554726	man.n.01	0.636
124555027	man.n.01	0.657
124555952	man.n.01	0.837
124556061	man.n.01	0.961
116167470	man.n.01	0.976
124556289	man.n.01	0.519
124556395	universe.n.01	0.935
116167930	man.n.03	0.354
116167997	world.n.08	None
124556919	serviceman.n.01	0.478
124557255	man.n.01	0.68
116169107	world.n.08	None
107780516	animal.n.01	0.998
107780523	inhabitant.n.01	None
124557901	man.n.01	0.985
116169689	world.n.08	None
116169826	world.n.08	None
116169884	world.n.08	None
124558649	man.n.03	0.355
124559202	man.n.01	0.898
124559292	population.n.01	0.874
124559835	earth.n.01	0.356
116171499	man.n.03	0.502
116171529	man.n.03	0.566
124560467	world.n.08	0.631
124560478	universe.n.01	0.593
116171990	man.n.01	0.877
116172130	world.n.08	None
116172405	man.n.01	0.764
116172423	man.n.01	0.599
116172437	man.n.01	0.846
124561129	people.n.01	0.681
116172575	man.n.01	0.397
116172679	man.n.01	0.789
124561471	man.n.01	0.788
124561537	man.n.01	0.78
124561557	man.n.01	0.455
124561625	man.n.01	0.95
124561732	man.n.01	0.926
124561805	man.n.01	0.658
116173464	man.n.01	0.875
124562324	population.n.01	0.89
107785369	serviceman.n.01	0.909
116174159	universe.n.01	0.595
124562786	population.n.01	0.777
116174184	world.n.08	None
124563511	man.n.01	0.76
124563772	man.n.01	0.507
124564264	man.n.01	0.533
124564781	man.n.01	0.885
124564916	man.n.01	0.521
124564925	man.n.01	0.515
124565138	man.n.01	0.881
107788270	man.n.01	0.99
124566551	homo.n.02	0.335
124566624	man.n.01	0.73
107789480	man.n.01	0.487
124566753	man.n.01	0.891
107789743	citizenry.n.01	0.817
124567525	man.n.01	0.928
107790332	people.n.01	0.684
124567649	man.n.03	0.446
124567700	homo.n.02	0.389
124568026	man.n.01	0.922
124568682	man.n.01	0.974
107791500	man.n.01	0.667
124568948	man.n.01	0.799
124569510	man.n.01	0.965
107792444	man.n.01	0.975
124569844	man.n.01	0.969
124570326	man.n.01	0.87
124570417	people.n.01	0.885
124570572	man.n.01	0.861
124570651	man.n.03	0.5
124571243	folk.n.01	0.908
124571563	man.n.01	0.952
124571569	man.n.01	0.878
107794580	man.n.01	0.978
107794669	man.n.01	0.888
124571969	man.n.01	0.983
107795362	homo.n.02	0.442
124572618	universe.n.01	0.517
107795593	homo.n.02	0.514
107796313	world.n.08	None
124576534	serviceman.n.01	0.715
107800161	sailor.n.01	0.777
107800352	man.n.01	0.885
107800392	serviceman.n.01	0.783
124578048	citizenry.n.01	0.535
124578644	man.n.01	0.843
124578726	man.n.01	0.786
107802075	man.n.01	0.543
124579619	man.n.03	0.524
124579684	man.n.01	0.742
124579713	man.n.01	0.597
124579755	man.n.03	0.452
124579756	man.n.03	0.558
124579815	homo.n.02	0.489
107802692	person.n.01	1.0
124579940	man.n.01	0.906
116192276	serviceman.n.01	0.843
124580933	homo.n.02	0.565
116192448	man.n.01	0.475
116192632	man.n.03	0.452
116192698	world.n.08	None
124581469	inhabitant.n.01	None
124581612	man.n.01	0.698
124581686	people.n.01	0.892
124583788	man.n.01	0.789
116195781	man.n.01	0.987
124584794	man.n.01	0.723
124587483	man.n.01	0.659
124588306	man.n.01	0.964
107812037	robber.n.01	None
116202382	woman.n.01	0.979
124591224	man.n.01	0.981
124591240	homo.n.02	0.347
107814099	person.n.01	0.999
116202781	woman.n.01	0.956
124591400	earth.n.01	0.592
107814363	man.n.01	0.579
107814402	world.n.08	None
107815084	people.n.01	0.916
124592445	man.n.01	0.937
124592461	man.n.01	0.494
124592507	people.n.01	0.961
107816522	people.n.01	0.649
116205517	man.n.01	0.584
116205602	world.n.08	None
124594453	man.n.01	0.937
124594539	man.n.01	0.929
107817339	person.n.01	0.998
107817388	man.n.01	0.953
124595028	man.n.01	0.981
124595099	universe.n.01	0.544
124595164	man.n.03	0.551
107818403	inhabitant.n.01	None
124596296	earth.n.01	0.403
124596544	earth.n.01	0.479
124596669	man.n.01	0.623
124597011	man.n.01	0.83
124597088	man.n.01	0.736
107820480	people.n.01	0.785
124598191	worldly_concern.n.01	0.365
124598357	man.n.01	0.951
124599131	earth.n.01	0.672
124599192	man.n.01	0.926
107822562	person.n.01	0.998
116211705	man.n.01	0.965
107824920	woman.n.01	0.984
124602438	man.n.01	0.87
124602488	man.n.01	0.475
116214003	man.n.01	0.601
116214065	man.n.03	0.622
124603578	homo.n.02	0.74
124603767	man.n.01	0.721
124603872	man.n.01	0.874
124604455	man.n.01	0.818
124604900	man.n.01	0.864
124605245	universe.n.01	0.595
124605349	man.n.01	0.963
124605390	man.n.01	0.84
124605737	man.n.01	0.712
116217535	man.n.01	0.978
116217676	man.n.01	0.966
116217737	man.n.01	0.741
124606721	man.n.01	0.518
124608000	worldly_concern.n.01	0.359
124608238	man.n.03	0.62
124608748	man.n.01	0.989
107832016	woman.n.01	0.99
124609539	man.n.01	0.659
107832620	man.n.01	0.508
107832638	homo.n.02	0.544
107832673	homo.n.02	0.45
124610905	man.n.01	0.685
107834275	man.n.01	0.987
124611573	man.n.01	0.57
124613137	man.n.01	0.978
107836454	people.n.01	0.534
124614603	man.n.01	0.729
124614625	man.n.01	0.634
124614648	man.n.01	0.682
124616876	man.n.01	0.89
124618873	man.n.01	0.896
107841759	people.n.01	0.879
124619354	man.n.01	0.965
124619581	man.n.01	0.754
124619787	man.n.01	0.954
107842687	man.n.01	0.42
124619978	man.n.01	0.904
124620290	woman.n.01	0.993
124620716	man.n.01	0.958
124620876	man.n.01	0.437
124621270	man.n.01	0.484
124622827	man.n.01	0.901
124623243	man.n.01	0.702
107846274	people.n.01	0.905
124623923	man.n.03	0.322
124624063	man.n.01	0.869
124625621	man.n.01	0.917
107848689	world.n.08	None
124626643	population.n.01	0.758
124626719	man.n.01	0.981
124626733	man.n.01	0.708
124626746	man.n.01	0.923
107849880	man.n.01	0.843
124627483	man.n.03	0.377
124629399	man.n.01	0.453
124629441	man.n.01	0.833
124629464	man.n.01	0.913
107852381	man.n.01	0.993
107853100	man.n.01	0.965
124631075	man.n.03	0.451
124631616	man.n.03	0.378
116243478	man.n.01	0.741
116243527	man.n.01	0.84
124632446	man.n.01	0.925
116244439	world.n.08	None
124633191	man.n.01	0.875
107856025	man.n.01	0.943
124634245	man.n.01	0.942
124634474	man.n.01	0.904
124634821	man.n.01	0.691
116246567	man.n.01	0.716
124635773	man.n.01	0.9
124635852	man.n.01	0.913
107858695	man.n.01	0.985
124636134	universe.n.01	0.42
124637601	earth.n.01	0.53
124638075	man.n.01	0.751
124638308	man.n.01	0.893
124638695	man.n.01	0.861
124638729	man.n.01	0.784
124640476	worldly_concern.n.01	0.311
124641196	chap.n.01	0.513
124641465	man.n.01	0.864
116252868	man.n.01	0.651
124641717	man.n.01	0.98
124641835	man.n.01	0.394
124641940	earth.n.01	0.379
124643463	man.n.01	0.909
124643655	universe.n.01	0.408
124643712	man.n.01	0.967
124643872	man.n.01	0.99
124643975	woman.n.01	0.98
116255677	man.n.01	0.595
124644681	man.n.01	0.705
124645177	man.n.01	0.617
124645391	people.n.01	0.654
124645454	man.n.01	0.986
124645523	man.n.01	0.979
116257118	man.n.03	0.466
124646175	man.n.01	0.854
124646943	man.n.01	0.718
124647215	man.n.01	0.958
124647267	man.n.01	0.963
124647379	man.n.01	0.46
116259590	man.n.01	0.906
124648363	man.n.03	0.494
124648395	man.n.03	0.468
124648468	man.n.01	0.921
116259899	man.n.03	0.395
124648566	man.n.01	0.931
116260013	man.n.03	0.577
124649221	people.n.01	0.845
124650254	man.n.01	0.518
124650415	man.n.03	0.555
124650757	man.n.01	0.823
116262171	man.n.01	0.963
107873672	man.n.03	0.405
124651107	man.n.01	0.683
124651138	man.n.01	0.887
124651171	man.n.01	0.957
124651260	man.n.01	0.966
124651360	man.n.01	0.86
124652796	man.n.01	0.946
124653047	man.n.01	0.889
124653323	man.n.01	0.983
107876923	man.n.01	0.963
107877010	man.n.01	0.887
124654546	man.n.01	0.746
124654616	man.n.01	0.936
124656106	earth.n.01	0.441
107878949	man.n.01	0.949
107879063	man.n.01	0.949
107879153	man.n.01	0.946
107879313	man.n.01	0.906
116268574	world.n.08	None
124657941	man.n.01	0.935
107880999	man.n.01	0.891
124660512	man.n.01	0.764
116273369	man.n.01	0.982
124662167	man.n.01	0.95
124662177	man.n.01	0.988
124663033	world.n.08	None
124663329	man.n.01	0.454
116274794	world.n.08	None
107886425	man.n.01	0.99
107886481	man.n.01	0.991
124663931	serviceman.n.01	0.826
107887023	man.n.01	0.988
124664733	man.n.01	0.933
107887951	man.n.01	0.56
107887956	man.n.01	0.981
124665613	man.n.01	0.982
124666263	man.n.01	0.53
107889218	serviceman.n.01	0.586
107889361	man.n.01	0.998
124667037	earth.n.01	0.413
124667314	man.n.03	0.484
124667389	man.n.03	0.474
124667863	man.n.01	0.932
124668280	man.n.01	0.992
116279887	homo.n.02	0.407
107891753	man.n.01	0.965
107891763	man.n.01	0.949
107891810	man.n.01	0.765
107891831	man.n.01	0.64
107891861	man.n.01	0.887
107891929	man.n.01	0.857
124669305	man.n.01	0.979
107892149	man.n.01	0.965
124671184	man.n.01	0.858
107894855	man.n.01	0.891
124672113	man.n.01	0.956
124672780	man.n.01	0.953
124673027	man.n.01	0.9
107895835	man.n.01	0.928
107895976	man.n.01	0.933
124673734	man.n.01	0.684
124674180	man.n.01	0.987
116286106	man.n.01	0.687
107897546	man.n.01	0.918
107897911	man.n.03	0.592
107897918	man.n.03	0.653
124675470	homo.n.02	0.353
116288099	man.n.03	0.354
124676864	eye.n.01	0.878
124676900	people.n.01	0.758
124677933	man.n.03	0.406
124680599	man.n.01	0.976
124680775	man.n.01	0.967
124680932	man.n.01	0.968
107905543	man.n.01	0.987
107905558	man.n.01	0.985
107905585	man.n.01	0.987
107905609	man.n.01	0.994
107905618	man.n.01	0.989
124683015	man.n.03	0.41
124683069	man.n.01	0.942
124683123	man.n.01	0.919
107906216	man.n.01	0.793
107906363	man.n.01	0.858
124684046	man.n.03	0.555
116295748	man.n.01	0.82
116295943	man.n.01	0.947
107907430	man.n.01	0.928
116296250	man.n.01	0.983
116296525	world.n.08	None
116296641	man.n.01	0.416
124685395	universe.n.01	0.907
124685439	man.n.01	0.844
124685473	universe.n.01	0.378
124685489	man.n.01	0.994
124685919	world.n.08	0.351
124686460	man.n.01	0.956
124686518	man.n.01	0.956
124686578	man.n.01	0.632
124686954	people.n.01	0.938
124687055	people.n.01	0.961
124687264	world.n.08	None
124687361	man.n.01	0.497
124687407	homo.n.02	None
124687912	man.n.01	0.942
116299640	man.n.01	0.935
124688737	earth.n.01	0.433
116300682	world.n.08	None
116300799	man.n.03	0.681
124689758	man.n.01	0.558
116302509	person.n.01	1.0
124691432	man.n.01	0.902
124691705	man.n.01	0.712
124691756	inhabitant.n.01	None
107915132	man.n.01	0.892
107915252	man.n.03	0.669
124692838	man.n.01	0.52
124693125	homo.n.02	0.463
116304637	man.n.01	0.902
124693301	man.n.01	0.542
116304786	man.n.01	0.98
124694143	people.n.01	0.75
124695087	man.n.01	0.757
124696592	universe.n.01	0.863
116308021	man.n.01	0.933
116308399	man.n.01	0.955
116308428	man.n.01	0.667
116308634	man.n.03	0.579
124697265	man.n.01	0.755
124697544	man.n.01	0.976
124697704	man.n.01	0.432
124697878	man.n.01	0.982
124698683	man.n.01	0.96
116310172	world.n.08	None
116310343	man.n.01	0.701
124699031	man.n.01	0.623
124699067	homo.n.02	0.583
116310779	man.n.03	0.45
116311167	world.n.08	None
116311208	world.n.08	None
116311231	man.n.03	0.508
124700099	man.n.01	0.648
116311975	man.n.01	0.437
124701802	man.n.01	0.703
116313583	person.n.01	0.999
124702626	man.n.01	0.459
124702901	man.n.01	0.564
124702951	man.n.01	0.882
124703266	man.n.01	0.858
124703609	man.n.01	0.904
116315229	man.n.01	0.984
124704445	earth.n.01	0.531
124704606	earth.n.01	0.464
124704796	man.n.01	0.988
124705047	man.n.01	0.707
124705212	man.n.01	0.95
116317068	man.n.01	0.926
124705686	man.n.01	0.827
124705915	people.n.01	0.975
107929050	man.n.01	0.96
124706467	man.n.01	0.515
124706850	man.n.01	0.83
124707178	man.n.01	0.94
124707211	serviceman.n.01	0.614
107930225	man.n.01	0.512
116321105	man.n.01	0.983
116321135	man.n.01	0.809
124709967	man.n.01	0.985
124710011	man.n.01	0.956
124710068	world.n.08	None
107933057	man.n.01	0.984
124710459	man.n.01	0.993
124711132	person.n.01	0.999
124712204	man.n.01	0.725
107935435	ancient.n.02	0.975
107935446	man.n.01	0.934
116326244	man.n.01	0.885
124715199	man.n.01	0.915
124715275	man.n.01	0.986
124715374	man.n.01	0.95
107938807	man.n.03	0.362
124716121	man.n.01	0.949
107939198	man.n.01	0.807
107939254	man.n.01	0.533
116327926	man.n.01	0.969
107939420	man.n.01	0.66
116328139	man.n.01	0.981
124717778	man.n.01	0.604
116329533	man.n.01	0.52
116330452	homo.n.02	0.535
124719331	man.n.01	0.955
107942397	man.n.01	0.962
116331187	man.n.03	0.401
107943527	man.n.01	0.964
107943676	man.n.01	0.987
107943936	man.n.01	0.994
107943974	man.n.01	0.934
107944082	man.n.01	0.979
124721359	man.n.01	0.92
124721468	man.n.01	0.982
107944541	man.n.01	0.52
107944623	man.n.01	0.969
107944958	man.n.01	0.974
107945021	man.n.01	0.778
107945066	man.n.01	0.978
107945132	man.n.01	0.957
107945145	man.n.01	0.95
107945168	man.n.01	0.952
107945196	man.n.01	0.965
124722417	man.n.01	0.815
107945216	man.n.01	0.964
107945321	man.n.01	0.954
107945374	man.n.01	0.871
107945408	man.n.01	0.98
107945425	man.n.01	0.92
124722646	man.n.01	0.672
107945583	man.n.01	0.976
107945765	man.n.01	0.951
107945808	man.n.01	0.972
107945824	man.n.01	0.935
107945881	man.n.01	0.798
107946048	man.n.01	0.896
107946097	man.n.01	0.996
116334768	man.n.01	0.514
124723512	man.n.01	0.927
124723644	man.n.01	0.748
124723787	man.n.01	0.618
116335327	man.n.01	0.614
124723945	person.n.01	0.987
124724386	earth.n.01	0.459
116336205	homo.n.02	0.517
124725715	man.n.01	0.727
124725814	man.n.01	0.549
124726251	man.n.01	0.7
116337719	man.n.01	0.422
124726399	man.n.01	0.845
107949265	man.n.01	0.736
116337952	man.n.01	0.745
107949427	man.n.01	0.941
124726869	man.n.01	0.617
124727823	man.n.01	0.973
124728064	man.n.01	0.788
124728507	people.n.01	0.97
124729386	people.n.01	0.965
124729721	man.n.01	0.625
124729941	universe.n.01	0.41
107953348	man.n.01	0.994
107953372	man.n.01	0.979
107953415	man.n.01	0.985
107953428	man.n.01	0.995
124730813	man.n.01	0.962
124730919	man.n.01	0.467
124731215	man.n.01	0.69
124731230	worldly_concern.n.01	0.334
124731444	man.n.01	0.973
124731869	man.n.01	0.865
124731893	man.n.01	0.988
124732246	man.n.01	0.952
107955320	man.n.01	0.876
124732556	man.n.01	0.753
107955343	man.n.01	0.941
107955400	man.n.01	0.703
107955423	man.n.01	0.928
124732929	man.n.01	0.907
124732979	man.n.01	0.667
124733867	man.n.01	0.486
124734095	man.n.01	0.746
107957412	man.n.01	0.994
107957487	man.n.01	0.952
124734782	man.n.01	0.712
107957785	man.n.01	0.967
107957818	man.n.01	0.932
107957879	man.n.01	0.927
107957893	man.n.01	0.649
107958394	man.n.03	0.615
107958448	man.n.01	0.96
124735696	man.n.01	0.954
124735764	worldly_concern.n.01	0.33
124735812	worldly_concern.n.01	0.434
124735880	man.n.01	0.885
107959479	man.n.01	0.973
124737046	man.n.01	0.917
107960672	man.n.01	0.929
124738010	man.n.01	0.765
107960908	man.n.01	0.952
124738328	man.n.01	0.968
107961117	man.n.01	0.965
107961252	man.n.03	0.553
107961276	man.n.01	0.96
107961383	man.n.01	0.95
124739418	earth.n.01	0.29
124740156	man.n.01	0.562
124740260	man.n.01	0.976
124740937	worldly_concern.n.01	0.569
124741292	man.n.01	0.932
124741808	man.n.01	0.747
124741838	man.n.01	0.937
124741981	man.n.01	0.66
124742469	people.n.01	0.67
124742556	man.n.01	0.935
124742576	earth.n.01	0.682
124742610	man.n.01	0.826
124742775	people.n.01	0.933
124742987	people.n.01	0.53
107965959	man.n.01	0.964
124743689	human_nature.n.01	None
124743743	man.n.01	0.864
124744563	people.n.01	0.911
124745005	people.n.01	0.973
124745884	people.n.01	0.974
124745925	man.n.01	0.73
124746658	man.n.01	0.595
107970982	man.n.01	0.794
124749472	man.n.01	0.865
124749595	man.n.01	0.951
107973916	man.n.01	0.934
107973998	man.n.01	0.976
124751221	worldly_concern.n.01	0.486
107974051	man.n.01	0.91
124751303	patient.n.01	0.997
107974152	man.n.01	0.958
124751393	man.n.01	0.681
124751724	people.n.01	0.609
124751759	world.n.02	0.496
124751765	man.n.01	0.978
124752549	homo.n.02	0.511
124754184	serviceman.n.01	0.543
124754472	man.n.01	0.463
124755142	man.n.01	0.535
124755269	man.n.03	0.587
124755286	man.n.03	0.642
124755917	man.n.01	0.97
124756485	man.n.01	0.925
124758378	man.n.01	0.454
124759449	man.n.01	0.99
124759901	man.n.01	0.622
124760279	man.n.01	0.552
124760495	man.n.01	0.861
124762967	man.n.03	0.549
124763478	man.n.01	0.371
124763536	world.n.08	None
124763871	man.n.01	0.97
124764177	chap.n.01	0.897
124764297	man.n.01	0.944
124764351	people.n.01	0.959
124764361	man.n.01	0.807
124764400	man.n.01	0.707
124764438	man.n.01	0.938
124764543	man.n.01	0.868
124764566	people.n.01	0.961
124764595	man.n.01	0.954
124764649	man.n.01	0.95
107987476	man.n.01	0.963
124764753	man.n.01	0.601
124764890	man.n.01	0.977
124764953	man.n.01	0.859
124765497	man.n.03	0.511
124765756	man.n.01	0.827
124766165	man.n.01	0.516
124766350	man.n.01	0.613
107989281	man.n.01	0.48
124766534	man.n.01	0.909
107990552	man.n.01	0.974
124768704	world.n.02	0.349
124768949	universe.n.01	0.848
124769167	man.n.01	0.928
124769280	man.n.01	0.805
124769524	man.n.01	0.804
124769800	man.n.01	0.909
124769833	man.n.01	0.845
124769840	man.n.01	0.685
107993315	man.n.01	0.994
124770542	people.n.01	0.981
124770613	man.n.01	0.886
107994101	man.n.01	0.495
124772689	earth.n.01	0.351
124773872	man.n.01	0.79
124774350	man.n.01	0.791
107997852	man.n.03	0.372
124775086	man.n.01	0.431
124775297	serviceman.n.01	0.6
107998254	man.n.01	0.867
107998263	man.n.01	0.876
107998314	man.n.01	0.669
107998510	man.n.01	0.502
107999821	man.n.01	0.983
124777319	man.n.01	0.953
124777373	man.n.01	0.74
124777387	man.n.03	0.544
124777440	worldly_concern.n.01	0.324
124777623	man.n.01	0.759
108001314	man.n.01	0.953
124778594	man.n.01	0.654
124778680	man.n.03	0.337
124778754	populace.n.01	0.882
124779134	man.n.01	0.729
124779713	man.n.01	0.959
108003056	man.n.03	0.73
124780919	serviceman.n.01	0.519
108005502	man.n.03	0.837
108008504	man.n.01	0.981
108009306	man.n.01	0.967
108009363	man.n.01	0.963
108009383	man.n.01	0.973
108012894	man.n.01	0.976
108013024	man.n.01	0.988
108014536	man.n.01	0.799
108020497	man.n.01	0.94
108020525	man.n.01	0.9
108021091	man.n.01	0.749
108021354	man.n.01	0.929
108021419	man.n.01	0.994
108021426	man.n.01	0.965
108021432	man.n.01	0.874
108021489	man.n.01	0.976
108021558	man.n.01	0.965
108021601	man.n.01	0.937
108021864	man.n.01	0.974
108023531	man.n.01	0.98
108028259	man.n.01	0.972
108028606	man.n.01	0.981
108028614	man.n.01	0.981
108030533	man.n.03	0.432
108030618	man.n.01	0.443
108031029	man.n.01	0.962
108031339	man.n.03	0.655
108032648	man.n.01	0.737
108032717	man.n.01	0.966
108032742	man.n.01	0.92
108032814	man.n.01	0.901
108033586	man.n.03	0.472
108033684	man.n.03	0.414
108034015	homo.n.02	0.553
108037852	man.n.01	0.865
108039790	homo.n.02	0.325
108039807	man.n.01	0.575
108039896	man.n.01	0.554
108039905	man.n.01	0.778
108041820	man.n.01	0.521
108043592	man.n.03	0.513
108044247	man.n.01	0.963
108047240	man.n.01	0.785
108047531	man.n.01	0.927
108047553	man.n.01	0.944
108048186	man.n.01	0.979
108048201	man.n.01	0.969
108049144	homo.n.02	0.305
108049964	man.n.01	0.984
108050281	man.n.01	0.824
108061746	people.n.01	0.964
108062974	lord.n.03	None
108065805	serviceman.n.01	0.801
108067744	man.n.01	0.903
108068702	man.n.01	0.85
108069384	man.n.01	0.939
108069822	people.n.01	0.96
108076223	homo.n.02	0.418
108085265	man.n.03	0.631
108085741	man.n.01	0.75
108085778	man.n.01	0.828
108085943	man.n.03	0.409
108086116	world.n.08	None
108086450	man.n.01	0.839
108087556	homo.n.02	0.44
108089178	man.n.01	0.859
108094247	man.n.01	0.991
108094617	man.n.03	0.416
108095116	man.n.01	0.978
108095222	man.n.01	0.909
108095255	man.n.01	0.923
108095504	man.n.03	0.426
108098765	man.n.03	0.458
108098857	man.n.03	0.568
108099748	man.n.01	0.73
108100673	man.n.03	0.538
108101091	man.n.03	0.771
108101109	man.n.03	0.437
108101441	man.n.03	0.569
108101534	man.n.01	0.935
108101614	man.n.01	0.392
108101738	man.n.01	0.64
108101904	man.n.01	0.775
108102437	man.n.01	0.675
108104077	man.n.01	0.717
108104227	man.n.01	0.92
108104230	man.n.01	0.931
108105154	man.n.01	0.866
108106787	man.n.01	0.667
108106798	man.n.03	0.655
108107299	man.n.01	0.748
108107618	man.n.01	0.478
108108382	man.n.03	0.412
108108565	man.n.01	0.852
108108788	man.n.01	0.912
108109019	man.n.03	0.374
108109316	man.n.01	0.969
108109566	man.n.01	0.457
108109577	man.n.01	0.726
108109657	man.n.01	0.673
108109670	man.n.01	0.552
108110259	man.n.01	0.79
108110642	man.n.01	0.67
108111249	man.n.01	0.968
108112135	man.n.01	0.963
108112205	man.n.01	0.912
108112282	man.n.01	0.734
108112375	man.n.01	0.936
108112433	man.n.01	0.433
108113279	man.n.01	0.972
108113395	man.n.01	0.809
108113831	man.n.01	0.957
108114078	man.n.03	0.625
108114245	man.n.03	0.736
108114388	man.n.01	0.958
108114550	man.n.01	0.919
108114695	man.n.01	0.971
108115287	man.n.03	0.449
108115499	man.n.01	0.975
108115620	man.n.01	0.921
108115626	man.n.01	0.931
108115977	man.n.01	0.898
108116485	man.n.01	0.861
108117079	man.n.03	0.408
108118995	man.n.01	0.735
108119000	man.n.01	0.844
108120079	man.n.01	0.675
108121391	man.n.01	0.824
108122079	man.n.01	0.847
108122108	man.n.01	0.921
108122492	man.n.01	0.848
108123029	man.n.01	0.847
108123634	man.n.01	0.925
108123637	man.n.01	0.948
108123749	man.n.01	0.927
108124736	man.n.01	0.473
108124740	man.n.01	0.379
108124827	man.n.01	0.98
108124866	man.n.03	0.497
108124876	man.n.01	0.814
108125830	man.n.03	0.623
108125838	man.n.01	0.753
108125845	man.n.01	0.85
108128209	man.n.01	0.836
108128221	man.n.01	0.614
108128231	man.n.01	0.647
108128324	man.n.01	0.63
108128712	man.n.01	0.561
108128749	man.n.01	0.93
108129945	man.n.03	0.467
108130042	man.n.03	0.42
108130127	man.n.03	0.398
108130270	man.n.03	0.334
108130612	man.n.03	0.706
108130841	man.n.01	0.9
108131802	man.n.01	0.602
108131970	man.n.01	0.707
108132149	man.n.03	0.473
108132368	man.n.03	0.721
108132388	man.n.03	0.78
124910541	homo.n.02	0.41
108134516	man.n.01	0.72
108135547	man.n.01	0.794
124913129	man.n.01	0.95
108135977	man.n.01	0.873
108136809	man.n.01	0.66
108136910	man.n.01	0.613
108138127	man.n.01	0.859
108138175	man.n.01	0.885
124915863	homo.n.02	0.782
124915870	man.n.01	0.933
108139033	man.n.03	0.58
108139045	man.n.03	0.592
108139426	man.n.01	0.661
108139627	man.n.01	0.845
108139873	man.n.01	0.689
124917972	man.n.03	0.527
124918042	homo.n.02	0.847
124918986	man.n.01	0.745
124919107	man.n.01	0.646
124919133	man.n.01	0.593
124919681	homo.n.02	0.574
124919727	man.n.01	0.57
124919911	man.n.01	0.449
124919968	homo.n.02	0.492
124920850	man.n.01	0.981
124920918	animal.n.01	None
124921090	homo.n.02	0.703
124921145	homo.n.02	0.371
124921987	man.n.01	0.54
108146555	man.n.01	0.889
108146842	man.n.01	0.953
116537206	man.n.01	0.503
116537471	man.n.01	0.594
116537860	man.n.01	0.96
116538274	man.n.01	0.496
116538290	homo.n.02	0.63
116538304	man.n.01	0.483
116538760	world.n.08	None
116538793	world.n.08	None
108150292	man.n.01	0.727
116539077	man.n.01	0.717
116539105	people.n.01	0.94
116539140	man.n.01	0.973
116539451	man.n.01	0.738
116539612	world.n.08	None
108151154	man.n.03	0.531
116539812	man.n.03	0.5
116539833	man.n.03	0.49
116540144	man.n.01	0.966
116540157	man.n.01	0.831
116540184	man.n.01	0.746
116540211	man.n.03	0.398
108151609	man.n.01	0.75
116540409	man.n.01	0.789
116540455	man.n.03	0.408
108151851	man.n.01	0.745
116540528	world.n.08	None
116540597	man.n.01	0.689
116540614	people.n.01	0.99
116540670	person.n.01	0.999
108152998	man.n.01	0.89
116542036	man.n.01	0.706
108153577	man.n.01	0.803
108153791	man.n.01	0.624
108153949	man.n.01	0.634
116543793	man.n.03	0.384
108155585	man.n.01	0.856
108155590	man.n.01	0.914
116544225	man.n.01	0.963
108155632	man.n.01	0.8
108155636	man.n.01	0.76
116544449	man.n.01	0.918
108155853	man.n.01	0.42
108155967	man.n.01	0.952
116544648	homo.n.02	None
116544848	man.n.01	0.992
108157160	man.n.01	0.77
108157413	man.n.01	0.747
108157523	man.n.01	0.992
108157589	man.n.01	0.682
108157602	man.n.01	0.732
108157901	man.n.01	0.874
108158066	man.n.01	0.8
108158481	man.n.01	0.799
108158876	man.n.01	0.908
108159106	man.n.01	0.57
108159288	man.n.01	0.849
108159388	man.n.01	0.983
108159508	man.n.01	0.833
108159687	man.n.01	0.907
108159745	man.n.01	0.951
108159760	man.n.01	0.938
108159784	man.n.01	0.826
108159832	man.n.01	0.936
108159873	man.n.01	0.65
116548584	world.n.08	None
108160065	man.n.01	0.804
108160095	man.n.03	0.597
108160132	man.n.01	0.736
108160271	man.n.01	0.445
108160324	man.n.06	0.399
108160363	man.n.01	0.555
108160395	man.n.01	0.842
116549241	man.n.01	0.835
116549316	man.n.03	0.577
116549324	man.n.03	0.448
108161239	man.n.01	0.815
116549858	man.n.01	0.583
108161306	man.n.03	0.377
108161454	man.n.01	0.903
108161512	man.n.01	0.458
108161534	man.n.01	0.816
108161541	man.n.01	0.958
108161561	man.n.01	0.588
108161600	man.n.01	0.758
108161803	man.n.03	0.477
108161901	man.n.01	0.642
108162083	man.n.01	0.969
108162107	homo.n.02	0.467
108162127	man.n.01	0.881
108162206	man.n.01	0.789
108162227	man.n.03	0.526
108162286	man.n.03	0.624
108162288	homo.n.02	0.423
108162341	man.n.01	0.404
108162455	man.n.01	0.816
108162538	man.n.01	0.787
108162553	man.n.01	0.752
108162616	man.n.01	0.524
108162694	man.n.01	0.909
108162971	man.n.03	0.524
108162998	man.n.01	0.89
108163326	man.n.01	0.448
108163641	man.n.01	0.783
116552327	man.n.01	0.945
116552348	man.n.01	0.883
108164047	man.n.03	0.597
116552753	man.n.01	0.799
116552811	man.n.01	0.913
116552818	man.n.01	0.777
116552831	man.n.01	0.604
116552847	man.n.03	0.467
116552850	man.n.01	0.766
116552856	man.n.01	0.494
116552971	man.n.01	0.866
116553122	man.n.01	0.66
116553163	man.n.03	0.692
116553243	man.n.03	0.728
116553561	man.n.03	0.603
116553721	man.n.03	0.756
116553736	man.n.01	0.877
116553754	man.n.03	0.646
116553865	man.n.01	0.485
116553877	man.n.03	0.579
116554030	man.n.01	0.743
116554249	man.n.01	0.819
116554501	man.n.01	0.484
116554520	world.n.08	None
108166520	man.n.01	0.909
108166581	man.n.01	0.826
108166757	man.n.01	0.951
108167253	man.n.01	0.572
108167301	man.n.01	0.838
108168172	man.n.01	0.685
108168407	homo.n.02	0.438
108168534	man.n.01	0.939
108169150	homo.n.02	0.34
108169292	man.n.01	0.927
108169420	man.n.03	0.535
108169476	man.n.01	0.596
108170224	man.n.01	0.763
108170337	man.n.01	0.689
108170769	man.n.01	0.623
108170921	man.n.01	0.603
108171039	man.n.01	0.508
108171083	man.n.01	0.419
116560169	animal.n.01	None
116560174	homo.n.02	0.501
108171739	man.n.01	0.359
108171792	man.n.01	0.754
108171885	homo.n.02	0.497
108172015	man.n.01	0.739
108172737	man.n.01	0.953
108173715	homo.n.02	0.403
108174067	man.n.01	0.924
108174117	man.n.03	0.64
108174513	man.n.01	0.905
116563599	man.n.01	0.634
116563602	man.n.01	0.595
116563624	man.n.03	0.502
116563649	man.n.01	0.917
116563666	man.n.01	0.714
116563676	man.n.01	0.85
116563691	man.n.01	0.866
116563703	man.n.01	0.712
108175587	man.n.03	0.677
108175957	man.n.01	0.871
108176280	homo.n.02	0.403
108176377	man.n.01	0.671
108176459	man.n.01	0.936
116565964	man.n.01	0.444
116565978	man.n.01	0.875
116566002	man.n.01	0.726
116566067	man.n.01	0.531
116566072	man.n.01	0.799
116566086	man.n.01	0.599
116566148	man.n.01	0.976
116566152	man.n.01	0.941
116566165	man.n.01	0.9
116566186	man.n.01	0.835
108178405	man.n.01	0.833
108178414	man.n.01	0.945
108178423	man.n.01	0.893
116567124	man.n.03	0.463
108178529	man.n.03	0.857
116567139	man.n.01	0.443
108178577	man.n.01	0.767
108178597	man.n.01	0.426
108178603	man.n.01	0.912
116567237	man.n.01	0.988
108178835	man.n.01	0.829
108178981	man.n.01	0.731
108179308	man.n.01	0.67
116568111	homo.n.02	0.435
116568213	animal.n.01	None
108179756	man.n.01	0.664
108179986	man.n.01	0.895
108179992	man.n.01	0.846
108180162	man.n.03	0.371
108180223	man.n.01	0.747
116568868	man.n.01	0.874
108180588	man.n.01	0.81
116570302	people.n.01	0.969
108182833	man.n.01	0.781
108183218	homo.n.02	0.469
108183290	man.n.03	0.587
108183581	man.n.03	0.408
108183706	man.n.01	0.963
108184702	man.n.01	0.907
108184904	man.n.01	0.557
108185007	man.n.01	0.527
108185322	man.n.01	0.665
108185601	homo.n.02	0.377
108185651	person.n.01	0.996
108185671	man.n.01	0.641
108185820	man.n.03	0.656
108185913	man.n.03	0.367
108186620	man.n.01	0.533
108186770	man.n.01	0.837
108186888	man.n.01	0.866
116575552	homo.n.02	0.594
108187192	man.n.01	0.458
108187370	man.n.01	0.683
108187453	man.n.01	0.975
108187658	man.n.01	0.716
108187762	man.n.01	0.528
108187797	man.n.03	0.534
108187826	man.n.01	0.955
108187863	man.n.01	0.568
108187955	man.n.01	0.666
108188201	man.n.01	0.345
108188488	man.n.03	0.522
108188504	man.n.03	0.458
108188825	man.n.01	0.799
108189089	homo.n.02	0.458
108190887	man.n.01	0.855
108191067	man.n.01	0.555
108191175	man.n.03	0.533
108191381	man.n.01	0.506
108191522	man.n.01	0.962
108191691	man.n.01	0.625
108192170	man.n.01	0.855
108192451	man.n.01	0.85
108193193	man.n.01	0.603
108193568	man.n.01	0.894
108193581	man.n.01	0.986
108193603	man.n.01	0.949
108193627	man.n.01	0.882
108193641	man.n.01	0.967
108193858	man.n.01	0.776
108194073	man.n.01	0.843
108194284	man.n.03	0.831
108194337	man.n.01	0.734
108194436	man.n.01	0.933
108194666	man.n.01	0.988
108194707	man.n.03	0.6
108195038	man.n.01	0.766
108195073	man.n.01	0.923
108195124	man.n.01	0.96
116584311	man.n.01	0.947
116584324	man.n.01	0.86
108195768	man.n.01	0.427
108195915	man.n.01	0.946
116584536	man.n.01	0.878
116584564	man.n.01	0.985
108195985	man.n.01	0.976
108196426	man.n.01	0.793
108196519	homo.n.02	0.563
108196554	man.n.03	0.475
108196597	man.n.01	0.741
116585382	man.n.01	0.824
116585411	man.n.01	0.884
116585448	man.n.01	0.631
108196945	man.n.03	0.484
108197105	homo.n.02	0.576
108197352	man.n.01	0.37
108197456	man.n.03	0.466
108197487	man.n.03	0.346
108197590	man.n.01	0.813
108197622	man.n.01	0.889
108197674	man.n.03	0.615
108197861	man.n.01	0.924
108198421	man.n.01	0.935
108198543	man.n.03	0.586
108198665	man.n.01	0.78
108198751	man.n.01	0.858
108198757	man.n.01	0.858
108198799	man.n.01	0.789
116587440	man.n.01	0.981
116587477	man.n.01	0.97
116587506	world.n.08	None
108199078	man.n.01	0.96
108199099	man.n.01	0.982
108199378	man.n.01	0.802
116588390	man.n.01	0.848
116588452	man.n.01	0.919
108199894	man.n.01	0.901
108200005	man.n.01	0.904
108200023	man.n.01	0.72
108200702	man.n.01	0.37
108200803	man.n.01	0.934
108201594	man.n.01	0.55
108201606	man.n.03	0.653
108201622	man.n.01	0.603
116590232	homo.n.02	None
108201633	man.n.01	0.614
108201773	man.n.01	0.738
108202004	man.n.01	0.804
108202005	man.n.01	0.804
108202016	man.n.01	0.709
108202080	man.n.01	0.811
108202111	man.n.01	0.936
116590968	man.n.01	0.669
108202800	man.n.01	0.957
116591444	man.n.01	0.5
116591469	man.n.01	0.606
116591483	man.n.01	0.708
116591499	man.n.01	0.958
116591505	man.n.01	0.643
116591508	man.n.01	0.665
116591535	man.n.01	0.668
108203123	man.n.01	0.678
108203407	man.n.01	0.855
108203447	man.n.01	0.925
108203585	man.n.01	0.913
108203603	man.n.01	0.591
108203885	man.n.01	0.829
108204015	man.n.01	0.91
108204103	man.n.01	0.536
108204171	homo.n.02	0.407
108204774	man.n.01	0.895
108204832	man.n.01	0.965
108205439	man.n.01	0.788
108205463	man.n.01	0.987
108205482	man.n.01	0.96
108205526	man.n.01	0.94
108206097	man.n.01	0.542
108206716	man.n.01	0.437
108207086	man.n.03	0.386
108207259	man.n.01	0.768
108207386	man.n.01	0.476
108207728	man.n.01	0.877
108207893	man.n.01	0.94
108207951	man.n.01	0.959
108207957	man.n.01	0.948
108208122	man.n.03	0.423
108209350	man.n.01	0.274
108209397	man.n.03	0.425
108210318	man.n.01	0.944
108211509	man.n.01	0.589
108212154	man.n.01	0.899
108220127	man.n.01	0.781
108220995	man.n.01	0.983
108221653	world.n.08	0.549
108221801	man.n.03	0.549
108222193	man.n.01	0.889
108224711	man.n.01	0.974
108226326	man.n.01	0.501
108228022	man.n.01	0.935
108228093	man.n.01	0.619
108228434	man.n.03	0.493
108229401	man.n.01	0.899
108231154	man.n.01	0.768
108231893	man.n.01	0.898
108232325	man.n.01	0.854
108232349	man.n.01	0.952
108234127	man.n.01	0.431
108234407	man.n.01	0.656
108234573	man.n.01	0.821
108235144	man.n.01	0.409
108235511	man.n.01	0.959
108236788	man.n.01	0.93
108237210	man.n.01	0.975
108238276	man.n.01	0.964
108238771	man.n.01	0.981
108240282	man.n.01	0.929
108240683	man.n.01	0.486
108241529	man.n.01	0.885
108241888	man.n.01	0.39
108242326	man.n.01	0.946
108242421	man.n.01	0.981
108243994	man.n.01	0.756
108244427	man.n.01	0.8
108244679	man.n.01	0.993
108244831	man.n.01	0.965
108245800	man.n.01	0.984
108245858	man.n.01	0.688
108245939	man.n.01	0.776
108245944	man.n.01	0.591
108246001	man.n.01	0.604
108246081	man.n.01	0.975
108246119	man.n.01	0.598
108246121	man.n.01	0.765
108246123	man.n.01	0.914
108246144	man.n.01	0.99
108246610	man.n.01	0.988
108246822	man.n.01	0.971
108246929	man.n.01	0.901
108247132	man.n.01	0.937
108247635	man.n.01	0.977
108247823	man.n.01	0.873
108247838	man.n.01	0.733
108248160	man.n.01	0.838
108248374	man.n.01	0.968
108248484	man.n.01	0.976
108248500	man.n.01	0.967
108248638	man.n.01	0.922
108248828	man.n.01	0.88
108249544	man.n.01	0.971
108250973	man.n.01	0.413
108251096	man.n.01	0.741
108251149	man.n.01	0.897
108251156	man.n.01	0.959
108251672	man.n.01	0.704
108251709	man.n.01	0.845
108251992	man.n.01	0.802
108252769	man.n.01	0.738
108252901	man.n.01	0.958
108252907	man.n.01	0.958
108253233	man.n.01	0.963
108253238	man.n.01	0.987
108253291	man.n.01	0.868
108253664	man.n.01	0.968
108254429	man.n.01	0.935
108254863	man.n.01	0.607
108255159	man.n.01	0.963
108255395	man.n.01	0.476
108255783	man.n.01	0.904
108255802	man.n.01	0.914
108255811	man.n.01	0.878
108255815	man.n.01	0.975
108255822	man.n.01	0.959
108257728	man.n.01	0.967
108257753	man.n.01	0.963
108257808	man.n.03	0.499
108257964	man.n.03	0.506
108259035	man.n.01	0.855
108259046	man.n.01	0.951
108259174	man.n.01	0.581
108259203	man.n.01	0.981
108259264	man.n.01	0.952
108259293	man.n.01	0.548
108259810	man.n.03	0.615
108261125	man.n.01	0.894
108261158	man.n.01	0.929
108261841	man.n.01	0.807
108262603	homo.n.02	0.425
108262965	man.n.01	0.951
108263250	homo.n.02	0.433
108264012	man.n.01	0.965
108265116	man.n.01	0.593
108265796	homo.n.02	0.57
108265874	man.n.01	0.795
108265940	man.n.01	0.985
108265961	man.n.01	0.413
108266658	homo.n.02	0.555
108267413	man.n.01	0.624
108267746	man.n.01	0.713
108269078	man.n.01	0.964
108269576	man.n.01	0.849
108269708	man.n.01	0.62
108270349	man.n.01	0.456
108270359	man.n.01	0.456
108270450	man.n.01	0.882
108271524	man.n.01	0.96
108272375	man.n.01	0.769
108276490	man.n.01	0.949
108277131	man.n.01	0.627
108279256	man.n.01	0.887
108279367	man.n.03	0.42
108281336	man.n.01	0.967
108281930	man.n.01	0.823
108282500	man.n.01	0.63
108282543	man.n.01	0.864
108282793	man.n.01	0.946
108283155	man.n.01	0.813
108283349	man.n.01	0.509
108284693	man.n.01	0.99
108285309	man.n.01	0.978
108286913	man.n.01	0.873
108286951	man.n.01	0.849
108286958	man.n.01	0.847
108287011	man.n.01	0.921
108287070	man.n.03	0.472
108287204	man.n.03	0.456
108289018	man.n.01	0.978
108289034	man.n.01	0.772
108289229	man.n.01	0.958
108290209	man.n.01	0.956
108290404	man.n.01	0.993
108291050	man.n.01	0.965
108291092	man.n.01	0.94
108292675	man.n.01	0.651
108293594	man.n.01	0.704
108293602	man.n.01	0.768
108294098	man.n.01	0.91
108294161	man.n.01	0.905
108294757	man.n.01	0.884
108295114	man.n.01	0.584
108295539	man.n.03	0.347
108295602	man.n.01	0.657
108295610	man.n.01	0.725
108296420	serviceman.n.01	0.447
108296816	man.n.01	0.873
108297787	man.n.01	0.965
108297945	man.n.01	0.741
108298060	man.n.01	0.995
108299346	lunatic.n.01	None
108299470	man.n.01	0.928
108299606	man.n.01	0.969
108300506	man.n.01	0.77
108300602	man.n.01	0.607
108302230	man.n.01	0.959
108302383	man.n.01	0.944
108302400	man.n.01	0.964
108302475	homo.n.02	0.422
108303204	man.n.01	0.984
108303438	man.n.01	0.986
108304425	homo.n.02	0.376
108304797	man.n.01	0.994
108305130	man.n.01	0.943
108305139	man.n.01	0.535
108305163	man.n.01	0.619
108305286	man.n.01	0.985
108305317	man.n.01	0.543
108305333	man.n.01	0.822
108305482	man.n.01	0.957
108306015	man.n.01	0.958
108306643	man.n.01	0.679
108306902	man.n.01	0.908
108307423	man.n.01	0.937
108308089	man.n.01	0.962
108309561	man.n.01	0.81
108310326	man.n.01	0.962
108310361	man.n.01	0.97
108310366	flesh.n.01	0.751
108311479	man.n.03	0.625
108311826	man.n.01	0.685
108314518	man.n.01	0.915
108314551	man.n.01	0.783
108315831	man.n.01	0.985
108316130	man.n.01	0.61
108316351	man.n.03	0.38
108316373	man.n.01	0.878
108316643	man.n.01	0.635
108316672	man.n.03	0.326
108316944	man.n.03	0.473
108317104	man.n.01	0.751
108317253	man.n.01	0.985
108317295	man.n.01	0.992
108317691	man.n.01	0.984
108317767	man.n.01	0.832
108317875	man.n.01	0.811
108317942	man.n.01	0.893
108318049	man.n.01	0.875
108318089	man.n.01	0.882
108318402	man.n.01	0.882
108318691	man.n.01	0.936
108318774	man.n.01	0.969
108319198	man.n.01	0.818
108319249	man.n.01	0.844
108319760	man.n.01	0.935
108320098	man.n.01	0.91
108320347	man.n.01	0.894
108320787	man.n.01	0.755
108320821	man.n.01	0.611
108320859	man.n.01	0.813
108320952	man.n.01	0.894
108321027	man.n.01	0.624
108321096	man.n.01	0.525
108321711	man.n.01	0.95
108321852	man.n.01	0.991
108322033	man.n.01	0.94
108322132	man.n.01	0.809
108322177	man.n.01	0.919
108322388	man.n.01	0.88
108322697	man.n.01	0.728
108322733	man.n.01	0.93
108322867	man.n.01	0.891
108323100	man.n.01	0.734
108323198	man.n.01	0.92
108323320	man.n.01	0.89
108323388	man.n.01	0.933
108323773	man.n.01	0.812
108324032	man.n.01	0.507
108324074	man.n.01	0.982
108324075	man.n.01	0.982
108324171	man.n.01	0.976
108324172	man.n.01	0.976
108324239	man.n.01	0.886
108324364	man.n.01	0.649
108324394	man.n.01	0.531
108324507	man.n.01	0.808
108324561	man.n.01	0.588
108324627	man.n.01	0.654
108324723	man.n.01	0.834
108324912	man.n.01	0.918
108326555	man.n.01	0.917
108327215	man.n.01	0.941
108327291	man.n.01	0.839
108327337	man.n.01	0.927
108327554	man.n.01	0.975
108328087	man.n.01	0.771
108328148	man.n.01	0.828
108328390	man.n.01	0.939
108328429	man.n.01	0.91
108328644	man.n.01	0.834
108328706	man.n.01	0.72
108328949	man.n.01	0.868
108329101	man.n.01	0.949
108329672	man.n.01	0.92
108329786	man.n.01	0.978
108329890	man.n.01	0.932
108329968	man.n.01	0.967
108330093	man.n.01	0.915
108330195	man.n.01	0.916
108330438	man.n.01	0.915
108330585	man.n.01	0.677
108330957	man.n.01	0.83
108331089	man.n.01	0.878
108331314	man.n.01	0.968
108332149	man.n.01	0.66
108332496	man.n.01	0.83
108332824	man.n.01	0.777
108333081	man.n.01	0.888
108333173	man.n.01	0.915
108333480	man.n.01	0.638
108333625	man.n.01	0.899
108334187	man.n.01	0.914
108334465	man.n.01	0.923
108334506	man.n.01	0.74
108334947	man.n.01	0.8
108334982	man.n.01	0.53
108335131	man.n.03	0.831
108335161	man.n.01	0.879
108335417	man.n.01	0.873
108335634	man.n.01	0.891
108335823	man.n.01	0.592
108335895	man.n.01	0.878
108336061	man.n.01	0.903
108336192	man.n.01	0.667
108336581	man.n.01	0.806
108336770	man.n.01	0.89
108337142	man.n.01	0.497
108337327	man.n.01	0.853
108337611	man.n.01	0.819
108337720	man.n.01	0.863
108338084	man.n.01	0.821
108338111	man.n.01	0.944
108338244	man.n.01	0.893
108338340	man.n.01	0.869
108338721	man.n.01	0.838
108338858	man.n.01	0.912
108338982	man.n.01	0.922
108339795	man.n.01	0.908
108339916	man.n.01	0.917
108340089	man.n.01	0.976
108340361	man.n.01	0.906
108340382	man.n.01	0.945
108340413	man.n.01	0.706
108340450	man.n.01	0.575
108340462	man.n.01	0.411
108340507	man.n.01	0.801
108341042	man.n.01	0.916
108341064	man.n.01	0.973
108341126	man.n.03	0.535
108341278	man.n.01	0.967
108341338	man.n.01	0.897
108341462	man.n.01	0.911
108341876	man.n.01	0.861
108342426	man.n.01	0.871
108342461	man.n.01	0.898
108342524	man.n.01	0.882
108342909	man.n.01	0.949
108342946	man.n.01	0.861
108343404	man.n.01	0.844
108345099	man.n.01	0.975
108346020	man.n.01	0.863
108346163	man.n.01	0.911
108346422	man.n.01	0.799
108346779	man.n.01	0.835
108347401	man.n.01	0.981
108349167	man.n.01	0.907
108354059	person.n.01	0.999
108354215	person.n.01	1.0
108354436	homo.n.02	None
108354578	homo.n.02	None
108355056	person.n.01	0.999
108355114	people.n.01	0.797
108355155	man.n.01	0.717
108356657	homo.n.02	None
108356955	man.n.01	0.977
108357588	homo.n.02	None
108357893	person.n.01	0.999
108357935	homo.n.02	None
108357989	person.n.01	0.999
108358699	homo.n.02	None
108358994	person.n.01	0.999
108359028	person.n.01	0.999
108359536	man.n.01	0.973
108359549	person.n.01	0.999
108359679	man.n.01	0.964
108359693	person.n.01	0.999
108359769	person.n.01	0.999
108360094	people.n.01	0.929
108360128	man.n.01	0.995
108360181	people.n.01	0.874
108360647	man.n.01	0.704
108361531	homo.n.02	None
108361566	man.n.01	0.859
108361999	people.n.01	0.789
108362859	person.n.01	0.975
108362929	person.n.01	0.999
108363025	person.n.01	0.999
108363266	homo.n.02	None
108363834	man.n.01	0.892
108365711	man.n.01	0.474
108366474	man.n.01	0.372
108366630	man.n.01	0.76
108367110	man.n.01	0.894
108369508	man.n.01	0.757
108369548	man.n.03	0.546
108369559	man.n.03	0.568
108369860	homo.n.02	0.465
108369902	homo.n.02	0.482
108370053	homo.n.02	0.432
108370089	homo.n.02	0.424
108370111	man.n.01	0.694
108370463	man.n.01	0.988
108371005	homo.n.02	0.401
108371054	homo.n.02	0.439
108371464	man.n.03	0.559
108371597	man.n.01	0.715
108371606	man.n.01	0.486
108372263	man.n.01	0.962
108372412	man.n.01	0.994
108372552	man.n.01	0.723
108373485	man.n.01	0.66
108375083	man.n.01	0.911
108375163	man.n.01	0.974
116767263	homo.n.02	0.441
116767330	homo.n.02	0.768
116767733	man.n.01	0.993
116767885	man.n.01	0.663
116768053	man.n.01	0.827
116768343	man.n.01	0.986
116768423	man.n.01	0.988
116769259	man.n.01	0.499
116769798	woman.n.01	0.934
116770264	man.n.01	0.957
116772926	man.n.01	0.711
116773007	man.n.01	0.514
116773604	man.n.01	0.956
108386573	person.n.01	0.999
116775609	man.n.01	0.99
116776627	world.n.08	None
116776936	man.n.01	0.957
116777187	homo.n.02	0.542
108388879	person.n.01	0.991
116778387	man.n.01	0.535
116778961	man.n.03	0.425
116779016	man.n.01	0.804
116779436	man.n.01	0.978
116779782	man.n.01	0.86
116780689	man.n.01	0.954
116780737	man.n.01	0.822
116780751	man.n.01	0.974
116780831	man.n.01	0.953
116780869	man.n.01	0.944
116781037	man.n.01	0.682
116781574	man.n.01	0.917
116781761	man.n.01	0.986
116781985	homo.n.02	0.921
116782343	homo.n.02	0.687
116782484	cripple.n.01	None
116782563	man.n.01	0.946
100006398	man.n.01	0.977
116783630	world.n.08	None
116783845	world.n.08	None
116784353	man.n.01	0.611
100007169	man.n.01	0.674
116784897	man.n.01	0.995
116784935	man.n.01	0.99
116785229	man.n.01	0.803
116785641	homo.n.02	None
116785748	man.n.01	0.993
116787024	man.n.01	0.974
116787186	man.n.01	0.903
116787701	man.n.01	0.989
108399114	world.n.08	None
116787780	man.n.01	0.979
116788270	man.n.01	0.946
116789421	man.n.01	0.768
116789901	man.n.01	0.882
116789987	man.n.01	0.969
116790016	man.n.01	0.995
116790206	homo.n.02	None
116790366	man.n.01	0.942
116790394	man.n.01	0.983
116790429	man.n.01	0.969
108402715	man.n.01	0.976
100014799	man.n.01	0.453
116792400	man.n.01	0.875
116793472	man.n.01	0.925
116793603	man.n.03	0.637
116794023	man.n.01	0.746
116794272	man.n.01	0.968
116795238	homo.n.02	None
116795399	homo.n.02	0.362
116795435	homo.n.02	None
116795446	homo.n.02	0.608
100018638	person.n.01	None
116796317	man.n.01	0.694
100019227	man.n.01	0.852
116796457	man.n.01	0.926
116796555	man.n.01	0.678
116796765	homo.n.02	None
116798060	homo.n.02	0.641
116798177	man.n.01	0.554
116798812	man.n.01	0.96
116799552	man.n.01	0.99
116799678	man.n.01	0.602
116800056	man.n.01	0.366
116800101	man.n.01	0.665
116801770	man.n.03	0.483
116802614	homo.n.02	0.69
116802750	homo.n.02	None
116803531	man.n.01	0.802
116803755	man.n.01	0.951
116804049	man.n.01	0.803
116804308	man.n.01	0.52
116804343	homo.n.02	None
116805131	homo.n.02	0.499
116805192	man.n.01	0.552
116805578	man.n.01	0.903
116806016	girl.n.01	0.915
116808302	man.n.01	0.602
116808927	man.n.01	0.967
116809231	man.n.01	0.831
116809270	man.n.01	0.981
116809693	man.n.01	0.931
116809749	homo.n.02	None
116810109	world.n.08	None
116810134	man.n.01	0.981
116810136	man.n.01	0.981
100032971	man.n.01	0.889
100033462	homo.n.02	None
100033636	man.n.03	0.461
116811149	man.n.03	0.527
116811172	man.n.01	0.957
116811638	man.n.01	0.882
116812042	man.n.01	0.831
100034838	man.n.01	0.795
116813815	man.n.01	0.414
116814428	man.n.01	0.923
116814449	man.n.01	0.449
116814615	man.n.01	0.881
116814661	homo.n.02	None
116815112	man.n.01	0.929
116815326	woman.n.01	0.997
116815625	woman.n.01	0.762
116816023	man.n.01	0.91
116816046	man.n.01	0.453
116816172	man.n.01	0.988
116816930	man.n.01	0.694
116816943	man.n.01	0.906
116817394	man.n.01	0.96
108428828	homo.n.02	0.332
108428898	man.n.01	0.956
100040498	man.n.03	0.444
116819030	woman.n.01	0.985
116819067	man.n.01	0.978
116819197	world.n.08	None
116820038	man.n.01	0.995
116820049	man.n.01	0.992
116820965	man.n.01	0.564
116821128	man.n.01	0.792
116821872	man.n.01	0.57
116821981	man.n.01	0.838
116822680	man.n.01	0.62
116823007	man.n.01	0.79
116823102	man.n.01	0.992
116823338	man.n.01	0.976
116823765	woman.n.01	0.994
116824563	man.n.01	0.522
100047741	man.n.01	0.948
116825725	man.n.01	0.856
116825772	homo.n.02	0.643
100049067	man.n.01	0.706
116826403	man.n.01	0.974
116827894	world.n.08	None
116828017	man.n.01	0.534
100050894	man.n.01	0.809
116828150	homo.n.02	0.845
116828194	homo.n.02	0.454
116828262	man.n.03	0.604
116828414	woman.n.01	0.993
116828720	man.n.01	0.756
116829633	man.n.01	0.546
116829658	man.n.01	0.898
100052589	man.n.01	0.809
116830193	homo.n.02	0.899
116830584	man.n.01	0.78
116830667	man.n.01	0.652
116830942	man.n.01	0.737
100055872	man.n.01	0.535
116833751	man.n.01	0.878
116834462	universe.n.01	0.966
116834950	man.n.01	0.841
116835838	homo.n.02	0.837
116836279	homo.n.02	0.388
116836460	man.n.01	0.934
116837847	homo.n.02	0.829
116838285	man.n.01	0.968
116840214	world.n.08	None
116841503	man.n.01	0.951
116843571	man.n.01	0.628
100066461	world.n.08	None
116843769	homo.n.02	0.562
116844674	homo.n.02	0.788
116844762	man.n.01	0.771
116845923	man.n.01	0.951
116845997	man.n.03	0.561
116846395	man.n.01	0.711
116847283	homo.n.02	0.703
116847542	man.n.01	0.921
100072365	man.n.01	0.755
116849633	homo.n.02	0.874
116849715	man.n.01	0.919
116851998	man.n.01	0.902
116852169	man.n.01	0.94
100075140	deity.n.01	0.924
116853158	man.n.01	0.946
116853309	world.n.08	None
100076209	world.n.08	None
116857093	organism.n.01	0.992
116857661	man.n.01	0.943
116858195	man.n.01	0.972
116859714	world.n.08	None
116860691	man.n.01	0.974
108473203	man.n.01	0.987
116862126	homo.n.02	0.419
108473752	man.n.01	0.952
116863563	people.n.01	0.956
100086858	man.n.01	0.657
116864439	man.n.01	0.888
116864601	man.n.01	0.975
116865896	man.n.01	0.986
116868057	homo.n.02	None
116868390	man.n.01	0.958
116870219	homo.n.02	None
116871796	homo.n.02	0.526
116872260	homo.n.02	None
100095240	man.n.01	0.8
100095431	man.n.01	0.811
116873559	homo.n.02	0.452
116874559	man.n.01	0.993
116874570	man.n.01	0.987
100097918	man.n.03	0.594
116875966	man.n.01	0.97
116875984	man.n.01	0.689
116876080	man.n.01	0.962
116876138	homo.n.02	None
116876254	man.n.01	0.973
100099837	man.n.01	0.493
100100357	man.n.01	0.705
100101110	man.n.01	0.816
116879010	man.n.01	0.976
116879575	man.n.01	0.99
116879635	man.n.01	0.977
100103227	man.n.01	0.724
100103966	man.n.01	0.577
116881764	homo.n.02	0.505
116882473	man.n.01	0.712
116882544	man.n.01	0.956
116884588	man.n.01	0.439
100107387	homo.n.02	0.429
100107408	man.n.01	0.75
100107502	man.n.01	0.818
116885284	man.n.01	0.796
116891125	homo.n.02	0.406
100114590	world.n.08	None
116892423	man.n.03	0.684
108506670	man.n.01	0.985
108507487	man.n.01	0.863
108507521	man.n.01	0.974
108507714	man.n.01	0.447
108507722	homo.n.02	0.545
108507734	world.n.08	None
108507772	man.n.01	0.968
116896433	man.n.01	0.502
108507855	man.n.01	0.837
108507903	man.n.01	0.462
108508012	man.n.03	0.476
108508035	man.n.01	0.937
116896754	man.n.01	0.925
116896793	man.n.01	0.943
108508314	man.n.01	0.468
108508380	man.n.01	0.779
108508536	world.n.08	None
108508753	man.n.01	0.552
108508774	man.n.01	0.371
108508787	man.n.01	0.628
116897678	man.n.01	0.913
108509255	homo.n.02	0.319
108509862	man.n.01	0.992
108509891	man.n.01	0.726
108509896	man.n.01	0.738
108509922	man.n.01	0.969
108509965	man.n.01	0.947
108510175	man.n.01	0.969
108510287	man.n.01	0.981
108510328	man.n.01	0.99
108510844	world.n.08	None
108510893	man.n.01	0.612
108510929	man.n.01	0.401
108511366	man.n.01	0.336
108511401	man.n.01	0.977
108511492	man.n.01	0.392
108511641	man.n.01	0.6
116901401	man.n.01	0.933
116901765	homo.n.02	0.471
116902765	man.n.01	0.857
116902953	man.n.01	0.872
116903058	man.n.01	0.648
116903716	man.n.01	0.769
116903765	man.n.01	0.96
108515484	man.n.01	0.395
108515641	man.n.01	0.658
116905306	man.n.01	0.858
116905640	man.n.01	0.609
100128587	stranger.n.01	0.754
116908193	man.n.01	0.977
116908507	man.n.01	0.982
100131473	man.n.01	0.687
116909973	man.n.01	0.953
116910126	man.n.01	0.992
116910337	man.n.01	0.91
116911761	man.n.01	0.969
116911813	man.n.01	0.855
100134607	world.n.08	None
100135336	man.n.01	0.76
116912591	man.n.01	0.903
100135816	man.n.03	0.42
100136834	people.n.01	0.922
116915710	serviceman.n.01	0.704
100138838	man.n.01	0.495
116917106	man.n.01	0.967
116917171	man.n.01	0.969
116917870	man.n.01	0.942
100141841	man.n.03	0.602
108530489	man.n.01	0.93
116919165	man.n.01	0.98
116920342	woman.n.01	0.961
116920381	man.n.03	0.323
108532078	inhabitant.n.01	None
100143579	world.n.08	None
100144001	people.n.01	0.958
116921541	man.n.01	0.98
116921779	person.n.01	0.998
116922084	man.n.01	0.955
116922150	man.n.01	0.493
116924115	man.n.01	0.643
116924165	man.n.01	0.317
108535572	woman.n.01	0.977
116924455	woman.n.01	0.971
108536646	man.n.01	0.945
108536992	world.n.08	None
108537861	world.n.08	None
108537889	world.n.08	None
116927599	world.n.08	None
100150576	man.n.01	0.348
116927820	man.n.01	0.449
116927941	man.n.01	0.872
116928330	man.n.01	0.955
116928478	man.n.01	0.842
108540130	man.n.01	0.952
108541336	man.n.01	0.793
108541453	man.n.03	0.422
108542128	people.n.01	0.847
108545931	people.n.01	0.645
100158376	man.n.01	0.942
108547379	world.n.08	None
108547595	man.n.01	0.975
108547800	man.n.01	0.739
108548390	homo.n.02	0.511
100160469	man.n.01	0.976
108550337	woman.n.01	0.993
108550965	man.n.01	0.705
108551076	man.n.01	0.485
100162759	homo.n.02	None
100167389	populace.n.01	0.498
108556620	chap.n.01	0.917
116945261	homo.n.02	0.444
116945412	man.n.01	0.639
116945488	man.n.01	0.866
100168298	world.n.08	None
108556911	man.n.01	0.997
108557365	man.n.01	0.817
100169117	man.n.01	0.474
116948104	man.n.01	0.852
116948165	man.n.01	0.818
108559968	man.n.01	0.557
100172570	man.n.03	0.701
108561628	homo.n.02	0.366
108561806	man.n.01	0.816
108562333	man.n.01	0.845
108562556	man.n.01	0.617
108565197	people.n.01	0.919
108566403	man.n.01	0.882
108566474	man.n.01	0.941
116957408	man.n.01	0.957
116957444	people.n.01	0.965
108570628	man.n.01	0.502
108571967	man.n.01	0.479
108572088	man.n.01	0.926
108572169	man.n.01	0.997
108572219	man.n.01	0.997
108572455	man.n.01	0.951
108572534	man.n.01	0.67
108573839	man.n.01	0.953
108573935	man.n.03	0.553
108574568	man.n.01	0.789
116963781	man.n.01	0.638
116964118	homo.n.02	0.392
100187629	world.n.08	None
116965083	man.n.03	0.326
100188040	person.n.01	None
108576807	man.n.01	0.831
108576944	people.n.01	0.925
116965907	man.n.01	0.379
108578675	man.n.01	0.968
108578746	man.n.01	0.919
108578766	man.n.01	0.946
108578849	man.n.01	0.911
108579126	man.n.01	0.858
116968621	world.n.08	None
116968692	homo.n.02	0.418
108580997	man.n.01	0.757
100192504	man.n.01	0.491
108581350	man.n.01	0.982
108581605	man.n.01	0.984
116970559	man.n.01	0.915
108582114	slave.n.01	0.993
108582190	man.n.01	0.981
100194389	man.n.01	0.612
108583310	man.n.01	0.927
116972379	man.n.01	0.777
108586276	man.n.01	0.439
116975163	man.n.01	0.517
100198255	man.n.01	0.686
108586992	man.n.01	0.935
108589412	man.n.01	0.982
108592335	man.n.01	0.978
108592630	chap.n.01	0.904
108592966	man.n.01	0.973
108595356	man.n.03	0.386
100207021	man.n.01	0.435
108595975	homo.n.02	0.359
108597996	man.n.01	0.991
108598072	man.n.01	0.969
108598123	man.n.01	0.843
108598884	man.n.01	0.905
108599320	man.n.01	0.954
100211042	animal.n.01	0.936
100211092	homo.n.02	0.423
108599946	man.n.01	0.947
116988861	world.n.08	None
108600424	man.n.03	0.456
108600934	woman.n.01	0.983
108601427	world.n.08	None
108603641	serviceman.n.01	0.653
116992531	man.n.01	0.927
116992668	man.n.03	0.388
108604310	man.n.01	0.658
108604437	man.n.01	0.863
100216101	man.n.01	0.699
108606072	man.n.01	0.666
108607049	serviceman.n.01	0.622
100218751	people.n.01	0.947
100219284	man.n.01	0.943
108608050	man.n.01	0.961
100219823	earth.n.01	0.666
108608535	population.n.01	0.885
100220486	people.n.01	0.99
100220643	man.n.01	0.988
108609425	man.n.01	0.955
108609490	man.n.01	0.657
108609710	man.n.01	0.978
108610453	man.n.01	0.883
108610629	chap.n.01	0.897
108612814	world.n.08	None
108613718	man.n.01	0.974
108613855	man.n.01	0.933
108615306	foreigner.n.01	0.959
108616100	woman.n.01	0.985
100228961	man.n.03	0.42
108618270	man.n.01	0.929
108618431	man.n.01	0.832
108619315	man.n.01	0.943
100231391	man.n.01	0.502
108620608	man.n.01	0.554
100232120	world.n.08	None
100232426	world.n.08	None
117009857	serviceman.n.01	0.685
108621279	man.n.01	0.905
100233286	world.n.08	None
100234035	deity.n.01	0.775
100234268	world.n.08	None
108622923	man.n.01	0.942
108623753	mob.n.01	0.808
108624766	man.n.03	0.564
100238272	man.n.01	0.665
100238315	person.n.01	None
100238413	man.n.01	0.874
108627241	serviceman.n.01	0.953
100238673	man.n.01	0.566
100238799	man.n.01	0.984
108627437	girl.n.01	0.896
108627674	man.n.01	0.983
108627702	woman.n.01	0.881
108627750	man.n.01	0.834
100239244	man.n.01	0.826
100239360	man.n.01	0.798
100239525	man.n.01	0.663
100239592	man.n.03	0.583
100239916	man.n.01	0.517
100240021	man.n.01	0.592
100240390	man.n.01	0.622
108629055	serviceman.n.01	0.602
100241674	man.n.03	0.312
100241741	man.n.01	0.473
108630652	chap.n.01	0.957
108630713	man.n.01	0.978
100242439	man.n.01	0.697
100242512	man.n.01	0.845
100242595	man.n.01	0.611
108631331	man.n.01	0.982
108631391	man.n.01	0.979
108631445	man.n.01	0.987
108631499	man.n.01	0.909
100243103	man.n.01	0.881
100243437	homo.n.02	0.518
100243493	man.n.01	0.904
100243675	man.n.01	0.444
108632818	man.n.03	0.539
100244352	man.n.01	0.87
108632996	chap.n.01	0.909
100244577	homo.n.02	0.322
100244869	man.n.01	0.731
100245051	man.n.01	0.847
100245102	man.n.01	0.856
100245308	homo.n.02	0.48
100245912	man.n.01	0.903
100245991	man.n.01	0.513
100246934	man.n.01	0.649
100247066	man.n.01	0.574
100247109	homo.n.02	0.429
100247164	man.n.01	0.723
100247205	man.n.01	0.844
100247216	homo.n.02	0.428
100247341	man.n.01	0.622
100247356	man.n.01	0.539
100247364	man.n.01	0.463
108636331	man.n.01	0.475
108636559	woman.n.01	0.942
100248739	man.n.01	0.548
100248760	man.n.01	0.741
100249651	man.n.01	0.38
100249707	man.n.01	0.829
100249849	man.n.01	0.781
100250144	man.n.01	0.727
108639520	people.n.01	0.947
100251191	man.n.03	0.485
100251243	homo.n.02	0.379
100251259	man.n.01	0.667
108639987	man.n.01	0.51
100251574	homo.n.02	0.492
100251663	man.n.01	0.597
100251718	man.n.01	0.412
108640332	man.n.01	0.507
100251725	man.n.01	0.901
100251838	man.n.01	0.455
108640491	serviceman.n.01	0.825
100251945	man.n.03	0.35
108640566	serviceman.n.01	0.797
100252002	man.n.01	0.75
100252196	homo.n.02	0.614
100252339	man.n.01	0.762
100252502	man.n.01	0.331
100252712	man.n.01	0.924
100252928	man.n.01	0.347
100252954	man.n.01	0.721
100253009	man.n.03	0.441
100253101	man.n.03	0.488
100253155	homo.n.02	0.345
100253176	world.n.08	None
108641876	man.n.03	0.417
100253567	man.n.01	0.807
100254227	homo.n.02	0.415
108642912	man.n.01	0.516
100254404	man.n.01	0.354
100254840	homo.n.02	0.397
108643922	prisoner.n.01	None
100255542	man.n.01	0.864
100255617	man.n.01	0.486
100255716	man.n.01	0.978
108644558	citizen.n.01	None
108644688	man.n.01	0.905
100256575	man.n.01	0.809
100256879	man.n.01	0.856
117034113	world.n.08	None
100257646	man.n.01	0.915
117035206	world.n.08	None
117035267	world.n.08	None
117035447	race.n.03	0.997
117035971	man.n.03	0.559
117036267	man.n.01	0.426
100259066	man.n.01	0.508
108647920	poor_devil.n.01	0.973
100260934	man.n.01	0.449
117038694	man.n.01	0.674
108650197	man.n.03	0.415
117039995	man.n.01	0.542
117040857	homo.n.02	None
117041634	man.n.01	0.419
117041781	man.n.01	0.668
108654159	man.n.01	0.965
108657815	man.n.01	0.985
108657874	man.n.01	0.94
108659681	man.n.01	0.928
108661170	man.n.01	0.391
108661379	universe.n.01	0.793
108661983	woman.n.01	0.854
108662763	people.n.01	0.974
117052740	person.n.01	0.918
108666474	serviceman.n.01	0.944
108666976	serviceman.n.01	0.842
117056754	world.n.08	None
108671055	man.n.03	0.483
108671498	man.n.01	0.807
108671730	person.n.01	0.998
108671758	man.n.01	0.664
108672310	man.n.01	0.932
108673348	man.n.01	0.614
108673616	man.n.03	0.568
108674047	man.n.01	0.989
108674203	citizen.n.01	None
108675134	man.n.01	0.894
108675237	man.n.01	0.982
108676697	man.n.01	0.621
108677179	man.n.01	0.976
108681194	man.n.03	0.34
108682953	man.n.01	0.625
108683465	man.n.01	0.967
108684093	man.n.01	0.923
108685875	man.n.01	0.907
108686120	man.n.01	0.957
100297870	man.n.01	0.836
100298364	universe.n.01	0.905
100298514	man.n.01	0.798
100298761	universe.n.01	0.942
100298827	man.n.01	0.743
100298942	man.n.01	0.935
100298991	man.n.03	0.361
100299035	man.n.03	0.442
100299095	man.n.03	0.656
100299543	man.n.03	0.487
100299683	man.n.03	0.581
100299888	man.n.03	0.495
100300067	man.n.01	0.94
100300218	man.n.01	0.809
100300249	man.n.01	0.951
100300324	person.n.01	None
100300451	man.n.03	0.358
108689305	serviceman.n.01	0.653
100300751	man.n.01	0.66
100300799	man.n.01	0.855
100301135	man.n.01	0.978
108689792	man.n.01	0.822
100301386	man.n.01	0.797
100302539	man.n.01	0.788
100302593	man.n.03	0.461
100302706	man.n.01	0.692
100302712	man.n.03	0.661
100302748	man.n.01	0.499
108691357	people.n.01	0.815
100302756	man.n.03	0.599
100302940	man.n.03	0.355
100302973	man.n.01	0.597
100303364	man.n.01	0.921
108692023	man.n.01	0.891
100303572	world.n.08	None
108692450	man.n.01	0.585
108692682	man.n.01	0.666
100304125	man.n.01	0.451
100304518	man.n.01	0.792
100304678	man.n.01	0.528
108693485	man.n.01	0.724
100304945	man.n.01	0.422
108693678	man.n.01	0.897
100305534	man.n.01	0.675
100305669	man.n.01	0.485
100305772	man.n.01	0.756
100305802	man.n.03	0.418
100305834	man.n.03	0.486
100305957	man.n.01	0.668
100306657	homo.n.02	0.436
100306926	world.n.08	None
100306965	man.n.01	0.453
100307053	man.n.01	0.916
108695711	man.n.01	0.793
100307342	man.n.03	0.631
108696323	man.n.03	0.424
100307896	man.n.01	0.933
100308084	man.n.01	0.904
100308213	man.n.03	0.479
100308402	man.n.03	0.565
100308569	man.n.01	0.853
100308961	man.n.01	0.682
100309116	man.n.03	0.497
100309144	man.n.01	0.85
100309236	man.n.01	0.851
108697855	man.n.01	0.975
108697866	man.n.01	0.975
100309509	people.n.01	0.866
108698375	man.n.01	0.922
108698587	man.n.01	0.993
100310479	man.n.03	0.435
108699320	landlubber.n.01	0.769
100312372	man.n.01	0.762
100312610	man.n.01	0.604
108702570	man.n.01	0.967
108704498	man.n.01	0.947
117093796	man.n.01	0.911
108705442	man.n.01	0.891
117094282	people.n.01	0.882
100317477	serviceman.n.01	0.538
108706622	people.n.01	0.752
108706883	man.n.01	0.545
108706885	man.n.01	0.371
108706909	man.n.01	0.527
108707119	man.n.01	0.986
108707583	man.n.01	0.98
108707591	man.n.01	0.968
108708298	man.n.01	0.982
108708359	man.n.01	0.863
108708421	man.n.01	0.99
100320795	man.n.01	0.693
100320992	man.n.01	0.609
108710189	man.n.01	0.879
108710454	man.n.01	0.971
100322172	man.n.01	0.786
108710806	man.n.01	0.963
108710869	man.n.01	0.989
108710912	man.n.01	0.936
100322345	man.n.01	0.826
100323360	man.n.01	0.421
100323361	man.n.03	0.429
108713380	man.n.01	0.991
108713473	man.n.01	0.966
100324892	serviceman.n.01	0.788
108715598	man.n.01	0.968
100331334	man.n.01	0.971
100331371	man.n.01	0.978
108721110	man.n.01	0.921
108721316	man.n.01	0.989
100332748	man.n.01	0.698
100332822	man.n.03	0.457
108721954	man.n.01	0.991
108721987	man.n.01	0.99
108722001	man.n.01	0.99
108723302	man.n.01	0.714
108723656	inhabitant.n.01	None
108723820	man.n.01	0.978
100335444	man.n.01	0.728
100335719	man.n.01	0.886
108725306	people.n.01	0.863
108725683	man.n.01	0.827
108726065	man.n.01	0.676
100339050	serviceman.n.01	0.707
108727728	man.n.01	0.961
108727786	man.n.01	0.982
100340979	state.n.04	0.95
100342619	man.n.01	0.863
108732003	man.n.01	0.837
108732025	world.n.08	None
100343680	man.n.03	0.421
100343866	man.n.03	0.664
100343930	serviceman.n.01	0.815
100343973	man.n.01	0.929
100343998	man.n.01	0.789
100345111	man.n.01	0.635
100345718	people.n.01	0.878
108735914	populace.n.01	0.521
108736653	man.n.01	0.927
100348944	serviceman.n.01	0.55
108739302	man.n.01	0.898
100351113	man.n.01	0.667
100352940	prisoner.n.01	None
108743994	man.n.01	0.953
108746821	man.n.01	0.966
108747630	man.n.01	0.927
100359870	serviceman.n.01	0.449
100360722	man.n.01	0.918
100361368	man.n.01	0.569
100362634	man.n.03	0.474
117140041	world.n.08	None
100363167	man.n.01	0.879
108752532	man.n.01	0.434
108752681	man.n.01	0.936
108753082	man.n.01	0.969
108753578	man.n.01	0.774
100365629	state.n.04	0.646
108755199	friend.n.01	0.985
100366772	man.n.01	0.684
108755986	man.n.01	0.946
108756031	man.n.01	0.789
108756103	man.n.01	0.875
100369770	man.n.03	0.49
100370289	inhabitant.n.01	None
108759035	serviceman.n.01	0.745
100370444	people.n.01	0.918
108759111	man.n.01	0.615
100371918	serviceman.n.01	0.653
117149670	man.n.01	0.871
100373153	man.n.01	0.566
108763001	people.n.01	0.776
100376324	serviceman.n.01	0.797
108765047	man.n.03	0.442
100378230	man.n.01	0.481
117156608	man.n.01	0.903
108768059	man.n.01	0.689
108768215	man.n.01	0.978
100381488	man.n.01	0.907
108770146	man.n.01	0.942
108770208	man.n.01	0.877
100381650	man.n.01	0.913
108774575	man.n.01	0.879
108774832	man.n.01	0.9
108774968	man.n.01	0.977
108776872	man.n.01	0.951
108777114	people.n.01	0.9
108777806	people.n.01	0.971
117167455	man.n.01	0.824
108778885	man.n.01	0.833
108779327	serviceman.n.01	0.692
108780262	person.n.01	0.999
100392621	man.n.01	0.531
108782276	man.n.01	0.968
108783120	world.n.08	None
100394599	man.n.01	0.802
108783301	man.n.01	0.996
108785860	man.n.01	0.976
100397617	people.n.01	0.644
108787007	man.n.01	0.973
100398986	serviceman.n.01	0.713
108788570	man.n.01	0.512
108789195	man.n.01	0.974
100401389	man.n.01	0.631
108791709	man.n.01	0.928
108794821	inhabitant.n.01	None
108798589	exile.n.02	0.578
117187685	world.n.08	None
108801251	chap.n.01	0.951
100416863	man.n.01	0.684
100416919	man.n.01	0.588
100417118	man.n.03	0.443
108806359	man.n.01	0.982
108806489	man.n.01	0.942
108807118	woman.n.01	0.972
108807942	man.n.01	0.645
108808428	man.n.01	0.985
100421565	man.n.01	0.471
100422216	man.n.01	0.779
108812694	man.n.01	0.391
100424525	man.n.01	0.785
108813254	man.n.01	0.458
100424872	man.n.01	0.903
108813883	man.n.01	0.983
108814102	serviceman.n.01	0.685
108814503	man.n.01	0.735
108814922	man.n.01	0.917
100426901	man.n.01	0.733
117204231	world.n.08	None
100427544	man.n.01	0.965
108816719	man.n.01	0.985
117205389	man.n.01	0.488
108816879	man.n.01	0.981
100428743	man.n.01	0.959
108817795	man.n.01	0.729
108818147	inhabitant.n.01	None
108818360	world.n.08	None
100429911	man.n.01	0.914
108818639	serviceman.n.01	0.762
108819061	serviceman.n.01	0.757
108819308	man.n.01	0.556
108819825	man.n.01	0.95
108822066	man.n.01	0.937
117211885	man.n.01	0.781
108824477	man.n.01	0.894
108824967	man.n.01	0.946
100437712	man.n.01	0.878
108829186	serviceman.n.01	0.939
108830664	serviceman.n.01	0.958
108831087	man.n.01	0.591
100443112	serviceman.n.01	0.889
108831761	serviceman.n.01	0.477
100443702	people.n.01	0.723
108832577	man.n.01	0.929
117221257	person.n.01	None
108834961	man.n.01	0.774
108835076	man.n.01	0.875
108835574	serviceman.n.01	0.681
100448492	soldier.n.01	0.999
100449368	man.n.01	0.726
108839412	earth.n.01	0.408
100452070	man.n.01	0.708
108841465	man.n.01	0.936
100453060	serviceman.n.01	0.868
100453292	soldier.n.01	0.991
100454188	man.n.01	0.386
108843252	universe.n.01	0.919
108843731	man.n.01	0.982
100455484	man.n.01	0.529
108846911	man.n.01	0.662
108850296	man.n.01	0.944
108850758	man.n.01	0.994
100462503	man.n.01	0.909
108851232	serviceman.n.01	0.602
108851349	man.n.01	0.509
100463748	inhabitant.n.01	None
108856164	man.n.01	0.914
108856424	serviceman.n.01	0.724
108856801	serviceman.n.01	0.957
100469824	chap.n.01	0.947
108858572	man.n.01	0.943
108858659	man.n.01	0.422
108859588	homo.n.02	0.443
100471775	serviceman.n.01	0.917
108860703	man.n.01	0.952
108861360	man.n.01	0.928
100473566	man.n.01	0.642
100473915	man.n.01	0.852
100473935	man.n.01	0.944
100474551	man.n.01	0.959
108863865	man.n.01	0.931
108866175	people.n.01	0.818
100480064	man.n.01	0.409
108869427	man.n.01	0.904
100481286	homo.n.02	0.661
108870142	man.n.01	0.634
108872459	man.n.01	0.963
108872676	man.n.01	0.983
108873123	person.n.01	None
108873966	man.n.01	0.964
108874475	man.n.01	0.865
108874796	man.n.03	0.482
108876252	woman.n.01	0.957
108878666	man.n.01	0.98
108879585	person.n.01	0.994
108880530	serviceman.n.01	0.515
108882474	world.n.08	None
100493996	world.n.08	None
100494185	world.n.08	None
100494365	man.n.03	0.756
100494442	man.n.03	0.51
100494792	world.n.08	None
108884065	man.n.01	0.837
108884136	man.n.01	0.707
108884395	world.n.08	None
108884533	world.n.08	None
108884563	world.n.08	None
108885118	woman.n.01	0.988
108885525	man.n.01	0.823
100497328	man.n.01	0.87
100497898	person.n.01	None
108887368	inhabitant.n.01	None
108887583	man.n.01	0.989
108887901	man.n.01	0.829
100499885	world.n.08	None
108889460	man.n.01	0.768
108889765	man.n.01	0.735
108890486	man.n.01	0.434
108891031	man.n.01	0.963
108892062	man.n.01	0.666
108892787	man.n.01	0.951
108892820	man.n.01	0.952
108893252	man.n.01	0.757
108893398	man.n.01	0.379
108893486	man.n.01	0.939
108893782	man.n.01	0.84
108894896	inhabitant.n.01	None
108895327	homo.n.02	0.627
108895434	man.n.01	0.506
108895450	man.n.01	0.703
108895477	man.n.01	0.882
108895836	man.n.01	0.809
108895876	serviceman.n.01	0.926
108895927	man.n.01	0.821
100508165	man.n.01	0.962
108896995	man.n.01	0.841
108897345	man.n.01	0.651
100508817	man.n.03	0.492
108897653	man.n.01	0.992
108897739	man.n.01	0.969
108897848	man.n.01	0.9
108897900	man.n.01	0.899
108898923	man.n.01	0.978
100510382	people.n.01	0.985
108899501	man.n.01	0.969
100512316	man.n.03	0.592
108901359	inhabitant.n.01	None
100514378	man.n.01	0.583
100514466	man.n.01	0.689
108903227	man.n.01	0.981
108904589	man.n.01	0.748
108904806	serviceman.n.01	0.592
100517456	world.n.08	None
100517904	man.n.03	0.568
100518257	man.n.01	0.79
108907574	man.n.01	0.712
108907718	man.n.01	0.893
100521197	man.n.01	0.806
100521428	man.n.01	0.681
100522697	man.n.01	0.735
108911753	man.n.01	0.887
100524017	man.n.01	0.608
108912740	man.n.03	0.654
108913124	man.n.01	0.954
108913312	man.n.01	0.898
108913554	man.n.01	0.613
108914518	man.n.01	0.969
108914547	man.n.01	0.97
100526214	universe.n.01	0.713
100526227	man.n.01	0.976
108916153	man.n.01	0.991
108917122	man.n.03	0.395
100530190	man.n.01	0.676
108919217	man.n.01	0.598
100531005	man.n.01	0.544
100532521	world.n.08	None
108922434	person.n.01	0.999
108922486	person.n.01	0.998
108923674	citizenry.n.01	0.587
117314171	man.n.01	0.992
108925847	executioner.n.01	None
100537687	man.n.01	0.956
100538177	man.n.03	0.552
108927029	man.n.01	0.965
108927368	man.n.03	0.639
117316418	man.n.03	0.535
100539461	man.n.01	0.517
117317047	people.n.01	0.864
100540055	man.n.01	0.737
117317338	man.n.01	0.994
117317363	man.n.01	0.986
108929070	man.n.01	0.977
117317698	rogue.n.01	None
108929138	people.n.01	0.97
108929354	serviceman.n.01	0.731
100541507	man.n.01	0.464
108930131	man.n.01	0.989
108930165	man.n.01	0.969
117319219	girl.n.01	0.749
108931007	man.n.01	0.981
108931023	man.n.01	0.848
117320077	man.n.01	0.572
117320131	person.n.01	None
108931601	man.n.01	0.953
117320786	person.n.01	None
117320810	homo.n.02	None
108932388	man.n.01	0.491
108933072	man.n.01	0.951
100544909	homo.n.02	0.385
100544941	man.n.03	0.519
108934907	man.n.01	0.963
117325845	world.n.03	0.356
117326457	man.n.03	0.46
100550041	man.n.01	0.955
108939013	folk.n.01	0.967
108939503	man.n.01	0.8
117328220	male_child.n.01	0.963
117328734	man.n.01	0.924
108941115	people.n.01	0.489
108942106	man.n.01	0.98
108942215	man.n.01	0.735
108942570	folk.n.01	0.849
108942890	man.n.01	0.912
100555511	man.n.01	0.933
100556687	man.n.01	0.629
100557165	world.n.08	None
100557192	man.n.03	0.437
108946412	people.n.01	0.823
100558569	man.n.01	0.533
100558632	man.n.01	0.65
117336442	people.n.01	0.976
100560235	man.n.01	0.71
108949768	man.n.01	0.431
108950170	man.n.01	0.916
117341606	man.n.01	0.916
108953035	man.n.01	0.736
100564652	man.n.01	0.594
108953314	man.n.01	0.831
117342046	man.n.01	0.923
117342301	man.n.01	0.961
117342677	people.n.01	0.944
108954332	inhabitant.n.01	None
108955114	man.n.01	0.617
117344098	chap.n.01	0.863
117345229	man.n.01	0.985
108958091	man.n.03	0.478
108959457	chap.n.01	0.921
108959624	man.n.01	0.989
117349641	man.n.01	0.987
108961260	man.n.01	0.867
100573471	man.n.01	0.914
100574879	man.n.01	0.861
108963621	man.n.01	0.963
108963872	man.n.01	0.975
117352703	people.n.01	0.97
117352732	people.n.01	0.992
108964530	citizen.n.01	None
108964551	hearer.n.01	None
108965712	people.n.01	0.926
117354852	man.n.03	0.56
117355019	homo.n.02	0.399
117355109	man.n.01	0.458
117355152	man.n.01	0.655
117355247	man.n.01	0.852
117355266	man.n.01	0.968
117355288	man.n.01	0.818
117355375	homo.n.02	0.433
117355574	man.n.03	0.494
117355695	man.n.03	0.414
117355760	man.n.01	0.505
117355817	man.n.03	0.435
117355836	man.n.03	0.413
108967321	inhabitant.n.01	None
117355944	man.n.01	0.709
117356064	man.n.03	0.388
117356077	man.n.03	0.762
117356111	man.n.03	0.634
117356273	man.n.01	0.691
117356361	world.n.08	None
117356557	man.n.03	0.407
117356597	homo.n.02	0.414
117356702	homo.n.02	0.432
117356726	man.n.01	0.597
117356734	man.n.03	0.629
117356740	man.n.03	0.435
117357436	man.n.01	0.874
117357455	man.n.01	0.978
117357458	man.n.01	0.978
117357699	world.n.08	None
108969209	chap.n.01	0.894
117359042	man.n.01	0.797
108970541	world.n.08	None
117359173	man.n.01	0.79
117359481	world.n.08	None
117359698	man.n.03	0.499
117359778	homo.n.02	0.457
117359948	man.n.01	0.552
117360019	homo.n.02	0.424
117360054	man.n.03	0.722
117360234	man.n.01	0.949
117360477	man.n.01	0.624
117360539	man.n.01	0.723
117360898	man.n.01	0.924
117361348	sir.n.01	0.971
117362111	man.n.01	0.394
117362457	man.n.01	0.949
117362484	man.n.01	0.981
117362631	man.n.01	0.964
108974049	man.n.01	0.968
108974138	man.n.01	0.99
108974173	man.n.01	0.997
108974518	man.n.01	0.978
108974656	man.n.01	0.915
108974690	man.n.01	0.892
117363372	man.n.01	0.696
100586277	person.n.01	None
117363597	man.n.03	0.424
117363754	man.n.01	0.974
117363788	man.n.01	0.977
117363936	man.n.01	0.541
117364028	man.n.03	0.618
117364090	man.n.01	0.967
117364155	man.n.01	0.721
117364193	world.n.08	None
117364644	man.n.01	0.669
117364671	people.n.01	0.963
117364741	man.n.01	0.787
117365538	man.n.01	0.782
117365582	man.n.01	0.652
117365696	man.n.01	0.744
117366759	man.n.01	0.501
117366827	man.n.01	0.878
117366934	man.n.01	0.903
117367127	man.n.01	0.931
117367369	man.n.01	0.688
117367814	man.n.01	0.945
117367898	man.n.01	0.708
108979304	man.n.01	0.981
117367944	man.n.03	0.8
117368271	man.n.03	0.452
117368596	homo.n.02	0.513
117368932	man.n.01	0.721
117368991	man.n.03	0.498
117369017	man.n.03	0.503
100591824	man.n.03	0.791
108980756	people.n.01	0.709
117369554	man.n.01	0.441
108980989	man.n.01	0.803
108981198	freedman.n.01	None
117369971	man.n.01	0.69
117370105	man.n.01	0.436
117370244	man.n.01	0.887
117370583	man.n.03	0.535
108982075	man.n.01	0.979
108982164	man.n.01	0.964
117370826	man.n.01	0.798
117371160	homo.n.02	0.379
117371635	man.n.01	0.931
117371656	man.n.01	0.757
108983166	man.n.01	0.992
117371870	man.n.01	0.596
117371946	man.n.03	0.662
117372147	man.n.01	0.964
108984031	man.n.01	0.988
117372845	man.n.01	0.775
100595664	world.n.08	None
117372903	man.n.01	0.93
117372967	man.n.01	0.567
117373149	homo.n.02	0.371
117373365	world.n.08	None
117373544	man.n.03	0.702
117373870	man.n.03	0.521
117373974	man.n.03	0.482
117374021	man.n.03	0.666
117374099	man.n.03	0.416
117374157	man.n.03	0.61
117374170	man.n.03	0.494
117374267	man.n.03	0.616
117374303	man.n.03	0.526
117374321	man.n.01	0.552
117374431	man.n.01	0.695
117374482	man.n.03	0.318
117374767	homo.n.02	0.542
117374915	man.n.01	0.444
117375089	man.n.03	0.54
117375222	man.n.01	0.859
117375835	man.n.01	0.556
117375856	man.n.01	0.605
117375883	man.n.03	0.441
108987403	man.n.01	0.793
117376038	man.n.01	0.672
108987644	man.n.01	0.962
117376297	man.n.01	0.647
117376337	man.n.01	0.654
117376361	man.n.01	0.523
117376575	man.n.03	0.401
117376630	man.n.03	0.611
117376638	man.n.01	0.42
117376739	world.n.08	None
117376967	man.n.03	0.503
117376999	man.n.03	0.472
117377177	man.n.03	0.5
117377250	man.n.01	0.939
117377556	man.n.01	0.947
117377632	world.n.08	None
117377817	man.n.01	0.54
117377829	man.n.03	0.356
117377846	man.n.01	0.395
117377861	man.n.01	0.633
117377875	man.n.01	0.846
108989681	man.n.01	0.912
117378393	man.n.03	0.543
117378395	man.n.03	0.492
117378401	man.n.03	0.814
117378417	man.n.03	0.637
117378422	world.n.08	0.389
117378500	man.n.01	0.592
100601363	homo.n.02	0.295
117378609	man.n.01	0.476
117378863	man.n.01	0.946
117379156	manhood.n.01	0.499
100602053	man.n.01	0.54
117379319	man.n.01	0.873
117379359	man.n.01	0.781
117379385	man.n.03	0.65
100602309	man.n.01	0.774
117379547	man.n.01	0.941
108991194	people.n.01	0.936
117379987	man.n.03	0.387
117380019	man.n.03	0.517
117380075	man.n.03	0.554
117380307	man.n.01	0.488
117380328	man.n.01	0.529
117380416	world.n.08	None
117380438	man.n.03	0.698
117380501	man.n.03	0.704
117380644	man.n.03	0.389
117380695	man.n.03	0.62
108992129	homo.n.02	0.384
117380805	homo.n.02	0.576
117380917	man.n.03	0.585
117381491	man.n.03	0.497
117381494	man.n.03	0.461
117381507	world.n.08	None
117381517	homo.n.02	0.435
117381765	homo.n.02	0.403
117381780	world.n.08	None
117381825	man.n.03	0.613
117382009	man.n.03	0.668
117382029	man.n.03	0.768
117382048	man.n.03	0.498
117382176	man.n.01	0.65
108993794	man.n.01	0.955
108993851	man.n.01	0.879
100605793	man.n.01	0.64
108994714	man.n.01	0.84
108995931	world.n.08	None
108996550	universe.n.01	0.724
108997277	man.n.01	0.968
100608753	man.n.01	0.812
100608761	universe.n.01	0.741
100609214	man.n.03	0.489
100609524	man.n.01	0.455
100609543	man.n.03	0.611
108999998	man.n.03	0.401
109000172	people.n.01	0.85
109000876	man.n.01	0.965
100612600	man.n.03	0.726
100612653	man.n.01	0.824
109002397	serviceman.n.01	0.623
109003970	earth.n.04	0.696
109004825	national.n.01	0.997
109005325	man.n.01	0.428
109006353	man.n.01	0.8
100618014	human_nature.n.01	None
100618051	man.n.01	0.966
100618949	man.n.01	0.57
109009654	world.n.08	None
109011419	man.n.01	0.97
109013520	man.n.01	0.977
109014154	inhabitant.n.01	None
109014793	chap.n.01	0.954
109014874	man.n.01	0.97
109016553	man.n.01	0.976
100630317	man.n.01	0.899
100631830	homo.n.02	0.425
100631977	man.n.01	0.712
100632055	man.n.03	0.589
100632242	man.n.03	0.354
109021080	people.n.01	0.845
109021114	man.n.01	0.941
109022129	people.n.01	0.878
109022189	people.n.01	0.524
109023930	man.n.01	0.99
109023967	man.n.01	0.987
100635381	man.n.01	0.73
100636048	man.n.01	0.727
109025237	man.n.01	0.355
109025266	world.n.08	None
109025493	homo.n.02	0.451
109026001	man.n.01	0.974
109026341	man.n.01	0.894
109027097	man.n.01	0.94
100638527	man.n.03	0.534
109027526	citizenry.n.01	0.618
109030480	man.n.01	0.993
109030707	man.n.01	0.86
109031986	man.n.01	0.966
109032026	body.n.02	0.876
109032183	man.n.01	0.91
109033215	man.n.01	0.798
109033402	man.n.01	0.854
100644897	man.n.01	0.566
109034847	citizenry.n.01	0.577
109036183	man.n.01	0.993
109036422	man.n.01	0.984
109036616	people.n.01	0.566
100648432	man.n.03	0.589
109037463	man.n.01	0.831
109037545	man.n.01	0.807
109037859	man.n.01	0.99
109038546	tyrant.n.01	0.656
109039364	man.n.01	0.493
109040735	man.n.01	0.941
109040888	man.n.01	0.889
109041165	man.n.01	0.96
109042369	man.n.01	0.904
109043170	man.n.01	0.968
100658785	man.n.01	0.923
100660839	world.n.08	None
109049566	animal.n.01	0.999
100662319	woman.n.01	0.966
100663196	man.n.03	0.444
