109052863	serviceman.n.01	0.516
100664590	man.n.01	0.977
100665222	man.n.01	0.9
109054306	man.n.01	0.987
100665742	man.n.01	0.876
109054367	friend.n.01	0.995
109054572	man.n.01	0.897
109055691	man.n.01	0.866
109055936	man.n.01	0.911
100667660	man.n.01	0.891
100667717	man.n.01	0.961
100667798	man.n.01	0.932
100667945	man.n.01	0.978
100668085	man.n.01	0.983
100668166	man.n.01	0.981
109056788	man.n.01	0.937
100668313	man.n.01	0.981
109057017	man.n.01	0.964
109057048	man.n.01	0.969
100668494	man.n.01	0.99
100668614	man.n.01	0.988
100668750	man.n.01	0.992
109057513	man.n.01	0.92
100669049	man.n.01	0.984
100669095	man.n.01	0.976
109057838	man.n.01	0.912
100669281	man.n.01	0.965
109057908	man.n.01	0.914
100669318	man.n.01	0.961
100669421	man.n.01	0.962
100669477	man.n.01	0.981
100669586	man.n.01	0.971
109058358	man.n.01	0.987
100669775	man.n.01	0.97
100669863	man.n.01	0.964
109058581	man.n.01	0.903
100670047	man.n.01	0.979
100670220	man.n.01	0.983
109058865	man.n.01	0.868
100670277	man.n.01	0.981
109058930	man.n.01	0.96
100670471	man.n.01	0.979
109059131	man.n.01	0.794
100670627	man.n.01	0.97
100670848	man.n.01	0.974
100671040	man.n.01	0.984
100671164	man.n.01	0.939
100671502	citizen.n.01	None
100672054	manhood.n.01	0.545
100672196	citizen.n.01	None
100672260	citizen.n.01	None
109060872	artist.n.01	None
109061162	man.n.01	0.799
109061244	man.n.01	0.925
109061982	man.n.01	0.984
100673641	citizen.n.01	None
109062411	man.n.01	0.783
117451336	serviceman.n.01	0.541
109062907	serviceman.n.01	0.895
109062952	man.n.01	0.928
117451650	man.n.01	0.94
117451834	man.n.01	0.965
109064101	man.n.01	0.765
109064250	ruler.n.01	0.999
100676141	man.n.01	0.793
117453707	man.n.01	0.976
100676600	man.n.01	0.933
109065802	man.n.01	0.961
117455365	husband.n.01	None
109066904	man.n.01	0.963
117456356	man.n.01	0.774
109068527	man.n.01	0.962
117457383	man.n.01	0.905
109069206	man.n.01	0.866
100681249	man.n.01	0.989
100681909	man.n.01	0.941
109070521	man.n.01	0.99
100682024	man.n.01	0.955
117460603	man.n.01	0.981
109072005	man.n.01	0.952
109072285	man.n.01	0.965
109072333	serviceman.n.01	0.809
117461456	man.n.01	0.989
109073260	man.n.01	0.851
117462189	man.n.01	0.82
109073633	man.n.01	0.991
117462347	man.n.01	0.841
117462706	man.n.01	0.912
100685720	man.n.01	0.894
109075073	man.n.01	0.955
100686873	man.n.01	0.837
109075667	eunuch.n.01	None
109075982	man.n.01	0.947
109077626	man.n.01	0.952
109078003	serviceman.n.01	0.765
109080108	man.n.01	0.954
100691629	man.n.01	0.672
100691704	man.n.01	0.754
109080397	serviceman.n.01	0.802
109080558	man.n.01	0.956
109081029	man.n.01	0.954
100692584	man.n.01	0.804
100692657	man.n.03	0.435
109081375	man.n.01	0.929
109081563	man.n.01	0.992
117470199	man.n.01	0.966
117470272	man.n.01	0.993
109081792	man.n.01	0.938
109081822	man.n.01	0.938
109081915	man.n.01	0.948
109082338	man.n.01	0.977
109082779	man.n.01	0.941
109082803	man.n.01	0.941
100694638	man.n.01	0.883
109083787	man.n.01	0.985
109083942	husband.n.01	None
117473317	man.n.01	0.927
100696258	man.n.01	0.933
109085559	man.n.01	0.911
109085823	man.n.01	0.829
100697415	man.n.01	0.896
109086379	man.n.01	0.981
109086700	man.n.01	0.649
109087135	guest.n.01	0.91
109087177	guest.n.01	0.961
109087629	man.n.01	0.964
100699097	citizen.n.01	None
109087776	serviceman.n.01	0.531
109088015	man.n.01	0.768
109089206	serviceman.n.01	0.807
109089476	serviceman.n.01	0.933
109089732	man.n.01	0.897
109089762	man.n.01	0.606
109090066	man.n.01	0.787
100701601	husband.n.01	None
109090685	serviceman.n.01	0.769
117479877	man.n.01	0.9
100702761	man.n.01	0.853
117480789	man.n.01	0.862
117481033	man.n.01	0.873
117481569	man.n.03	0.667
100706843	person.n.01	0.999
100707313	population.n.01	0.95
117485439	man.n.01	0.956
100709593	man.n.01	0.818
100710244	man.n.01	0.929
117487494	husband.n.01	None
117487564	husband.n.01	None
100710449	man.n.01	0.861
100710691	man.n.01	0.88
117488960	man.n.01	0.838
117490671	man.n.01	0.786
100713997	serviceman.n.01	0.761
100714683	man.n.01	0.905
100715115	man.n.01	0.915
117493758	man.n.01	0.86
117493803	husband.n.01	None
117493959	man.n.01	0.93
117494197	man.n.01	0.887
100717225	man.n.01	0.885
117494860	man.n.01	0.968
117495612	man.n.01	0.688
117495635	man.n.01	0.924
100718421	man.n.01	0.945
117496609	man.n.01	0.992
117496819	man.n.01	0.852
117498208	man.n.01	0.762
117498221	man.n.01	0.818
109110050	childhood.n.02	0.665
100721473	man.n.01	0.716
100722033	man.n.01	0.859
117500193	man.n.01	0.78
109111884	man.n.01	0.979
109112675	man.n.01	0.905
109113790	man.n.01	0.936
117502470	man.n.01	0.477
117502548	man.n.01	0.729
109115100	man.n.01	0.947
100726651	man.n.01	0.927
117504677	man.n.03	0.546
100727512	man.n.03	0.49
100727875	man.n.01	0.839
117505526	man.n.01	0.949
117505579	man.n.01	0.943
117505663	man.n.01	0.911
109117130	man.n.01	0.513
109117243	man.n.01	0.987
117505933	man.n.01	0.878
117506063	husband.n.01	None
117506597	man.n.01	0.904
117506685	man.n.01	0.924
100729503	man.n.01	0.729
117506796	husband.n.01	None
117506805	husband.n.01	None
117506867	husband.n.01	None
117507293	husband.n.01	None
100730253	man.n.01	0.883
109119436	man.n.01	0.84
117509120	man.n.01	0.994
117509899	world.n.08	None
100733015	manhood.n.01	0.647
100733189	citizen.n.01	None
100734458	man.n.01	0.93
100735305	man.n.01	0.921
100735446	man.n.01	0.874
109125207	man.n.01	0.975
117514772	husband.n.01	None
117514775	husband.n.01	None
109126552	man.n.01	0.921
109127468	husband.n.01	None
117516127	man.n.01	0.771
117516141	man.n.01	0.932
117516160	man.n.01	0.891
109127676	man.n.01	0.781
109128039	man.n.01	0.743
117518075	husband.n.01	None
117518085	husband.n.01	None
117518645	husband.n.01	None
117518733	husband.n.01	None
117518796	man.n.01	0.977
100741727	man.n.01	0.945
117519018	husband.n.01	None
100741898	man.n.01	0.956
100742031	man.n.01	0.953
100742201	man.n.01	0.965
100742525	man.n.01	0.975
117520098	husband.n.01	None
117520118	husband.n.01	None
117520210	husband.n.01	None
117520263	husband.n.01	None
117520576	man.n.01	0.434
117520591	man.n.03	0.755
117520620	man.n.03	0.548
100744495	man.n.01	0.954
100744566	man.n.01	0.943
117521848	husband.n.01	None
117522076	husband.n.01	None
117522144	husband.n.01	None
117523108	husband.n.01	None
117523118	husband.n.01	None
117524430	man.n.01	0.975
109135969	man.n.01	0.964
109136089	man.n.01	0.493
117525013	man.n.01	0.638
117525201	husband.n.01	None
117525212	husband.n.01	None
117525247	husband.n.01	None
117525260	husband.n.01	None
117525264	husband.n.01	None
109136819	man.n.01	0.981
109137038	man.n.01	0.963
109137447	enemy.n.02	0.46
109137469	person.n.01	0.999
100748974	man.n.01	0.963
109137820	man.n.01	0.847
109137858	statesman.n.01	None
109138408	man.n.01	0.996
117527356	homo.n.02	0.452
100750441	man.n.01	0.98
100750925	man.n.01	0.942
100751368	man.n.01	0.864
109142163	man.n.01	0.857
100754381	gentleman.n.01	0.993
100755123	man.n.01	0.923
117532382	man.n.01	0.921
100755356	man.n.01	0.871
100756468	man.n.01	0.902
100756680	man.n.01	0.945
100756996	man.n.01	0.923
117534264	woman.n.01	0.943
117534342	man.n.01	0.979
117534357	male.n.02	0.862
117534370	male.n.02	0.858
117534404	man.n.01	0.627
117534490	man.n.01	0.733
117534552	man.n.01	0.861
117534562	man.n.01	0.847
117534567	man.n.01	0.693
117534574	man.n.01	0.928
117534581	man.n.01	0.969
117534584	man.n.01	0.965
117534595	man.n.03	0.581
117534838	man.n.01	0.905
117534851	man.n.01	0.976
117534867	man.n.01	0.962
117534944	man.n.01	0.988
117534996	husband.n.01	None
117535014	husband.n.01	None
117535040	husband.n.01	None
117535056	man.n.01	0.961
117535062	man.n.01	0.965
117535067	man.n.01	0.929
117535098	husband.n.01	None
117535104	husband.n.01	None
117535142	husband.n.01	None
117535159	man.n.01	0.938
117535201	husband.n.01	None
117535209	husband.n.01	None
117535528	husband.n.01	None
117535589	husband.n.01	None
117535611	man.n.01	0.946
117535686	husband.n.01	None
100758704	warrior.n.01	None
100758886	man.n.01	0.937
100759759	man.n.01	0.931
100759860	man.n.01	0.851
100760939	man.n.01	0.846
100763589	man.n.01	0.775
100763756	man.n.01	0.923
117541846	man.n.01	0.747
100764670	man.n.01	0.844
117543455	man.n.01	0.833
117543558	man.n.01	0.639
117544032	husband.n.01	None
117544306	husband.n.01	None
117544328	husband.n.01	None
117544398	man.n.01	0.808
100767445	man.n.03	0.584
117544684	husband.n.01	None
117544744	man.n.01	0.597
117544894	husband.n.01	None
100767774	man.n.01	0.863
117544998	man.n.01	0.918
117545719	man.n.03	0.533
100769054	man.n.01	0.947
100771034	man.n.01	0.951
100771354	man.n.01	0.927
100771410	man.n.01	0.927
100772459	man.n.01	0.645
117550023	man.n.01	0.916
100773270	man.n.01	0.894
100773306	world.n.08	None
117551216	man.n.03	0.781
100774383	man.n.01	0.668
117553671	man.n.01	0.777
100776707	man.n.01	0.715
109165707	man.n.01	0.98
100777394	man.n.01	0.77
109166153	man.n.01	0.944
109166190	man.n.01	0.566
100777600	man.n.01	0.854
100777738	man.n.01	0.86
117555368	man.n.01	0.895
109166841	man.n.01	0.973
109166872	man.n.01	0.957
109167563	man.n.01	0.971
109167854	man.n.01	0.968
100779344	manhood.n.01	0.763
100779778	man.n.01	0.703
109168703	man.n.01	0.969
100780361	man.n.01	0.987
117557842	man.n.01	0.821
109169247	serviceman.n.01	0.495
109169947	warrior.n.01	None
109170091	man.n.01	0.97
109170159	man.n.01	0.971
109170521	man.n.01	0.986
117559639	man.n.01	0.526
109171101	man.n.01	0.367
100782605	man.n.01	0.804
109171486	man.n.01	0.973
109171541	man.n.01	0.976
109172058	sir.n.01	0.988
109172226	man.n.01	0.958
117561345	man.n.03	0.495
117561940	man.n.03	0.586
100785715	man.n.01	0.953
109174479	man.n.01	0.888
109174860	man.n.01	0.99
100786353	man.n.01	0.975
109175194	man.n.01	0.968
117565398	man.n.01	0.944
100789077	people.n.01	0.745
100789753	man.n.01	0.982
100790275	man.n.01	0.896
100790555	man.n.01	0.925
117567985	man.n.01	0.893
109180153	man.n.01	0.897
109180188	man.n.01	0.914
109180342	man.n.01	0.784
100791806	husband.n.01	None
109180430	man.n.01	0.976
100792024	husband.n.01	None
109180736	serviceman.n.01	0.893
100792225	man.n.01	0.995
117569458	man.n.01	0.982
117569507	man.n.01	0.956
100792562	man.n.01	0.675
109181413	man.n.01	0.985
109181568	citizen.n.01	None
100793074	man.n.01	0.986
100793445	man.n.01	0.991
100793488	man.n.01	0.99
100794160	man.n.01	0.895
100794243	husband.n.01	None
117571632	man.n.01	0.445
117571711	man.n.03	0.561
117571867	deity.n.01	0.912
100794969	man.n.08	0.844
100795359	husband.n.01	None
109184218	man.n.01	0.747
117573117	man.n.01	0.952
117573356	man.n.01	0.943
109184846	man.n.01	0.915
100796285	husband.n.01	None
100796612	man.n.01	0.966
100796811	man.n.01	0.903
117574358	man.n.01	0.618
100798040	man.n.01	0.96
100798323	man.n.01	0.882
117575570	man.n.01	0.633
100798407	man.n.01	0.987
109187080	man.n.01	0.954
109187088	man.n.01	0.979
117575729	man.n.01	0.862
117575731	man.n.01	0.862
117575896	man.n.01	0.57
100798696	man.n.01	0.689
100799376	son.n.01	0.984
109188260	man.n.01	0.937
100799684	man.n.01	0.589
100800429	man.n.01	0.801
117577811	man.n.01	0.912
117578161	man.n.01	0.964
100801098	man.n.03	0.591
100801184	man.n.01	0.721
117578436	man.n.01	0.943
109189863	man.n.01	0.922
117578570	homo.n.02	0.566
117578612	man.n.01	0.922
100801435	man.n.01	0.635
109190148	man.n.01	0.758
100801646	man.n.01	0.719
109190292	man.n.03	0.556
117578982	man.n.01	0.912
100801964	man.n.01	0.97
100802011	man.n.01	0.802
117579248	man.n.01	0.974
100802335	man.n.01	0.954
100802627	man.n.01	0.786
100802711	neighbor.n.01	0.999
100802712	man.n.01	0.988
117580045	man.n.01	0.827
109191472	man.n.01	0.9
117580080	man.n.01	0.974
117580250	man.n.01	0.869
100803044	man.n.01	0.785
109191680	serviceman.n.01	0.864
100803237	man.n.01	0.778
117580598	man.n.01	0.802
117580605	friend.n.01	0.989
117580804	man.n.01	0.9
117580889	gentleman.n.01	0.98
117580926	gentleman.n.01	0.967
109192335	man.n.01	0.908
117580945	man.n.01	0.769
117580961	man.n.01	0.927
117580988	gentleman.n.01	0.993
109192399	man.n.01	0.72
109192731	serviceman.n.01	0.544
100804196	man.n.01	0.702
109192872	man.n.01	0.971
109192884	man.n.01	0.884
100804342	man.n.01	0.932
100804538	man.n.01	0.942
100804614	man.n.01	0.873
100804848	man.n.01	0.908
100804927	man.n.01	0.619
100804981	man.n.01	0.941
100805068	man.n.01	0.846
100805306	man.n.01	0.941
100805328	man.n.01	0.863
100805481	man.n.01	0.801
100805644	man.n.01	0.955
100805714	citizen.n.01	None
100806758	man.n.01	0.771
100807157	man.n.01	0.98
100807243	man.n.01	0.463
109195919	serviceman.n.01	0.697
109196148	man.n.01	0.953
100807651	man.n.01	0.823
109196444	man.n.01	0.921
109196562	man.n.01	0.959
109196625	man.n.01	0.972
100808178	homo.n.02	0.506
100808759	man.n.01	0.983
100808895	man.n.01	0.738
100808964	man.n.01	0.973
100809114	man.n.01	0.888
109197762	man.n.01	0.622
100809257	man.n.01	0.988
100809288	man.n.01	0.951
100809325	man.n.01	0.707
100809389	man.n.01	0.976
100809559	serviceman.n.01	0.568
100809731	man.n.01	0.982
100810001	man.n.01	0.683
100810299	warrior.n.01	None
100810325	man.n.01	0.966
100810400	person.n.01	None
100810543	man.n.01	0.958
109199186	man.n.01	0.791
109199191	man.n.01	0.841
109199301	man.n.01	0.645
109199489	man.n.01	0.75
109199500	man.n.01	0.953
109199521	man.n.01	0.973
100810923	man.n.01	0.972
100810944	man.n.01	0.977
100811035	man.n.01	0.99
100811481	man.n.01	0.93
100811895	man.n.01	0.766
100812287	man.n.01	0.803
109200895	serviceman.n.01	0.855
109201393	man.n.01	0.992
117590178	man.n.03	0.495
109201823	man.n.01	0.924
100813527	friend.n.01	0.956
109202184	man.n.01	0.738
109202217	serviceman.n.01	0.756
100814020	man.n.01	0.977
100814158	man.n.01	0.713
100814201	man.n.01	0.944
109202816	man.n.01	0.588
109203066	serviceman.n.01	0.503
100814660	man.n.01	0.964
100814710	man.n.01	0.95
100815072	hero.n.01	0.658
100815516	man.n.01	0.991
100815725	serviceman.n.01	0.582
100815858	man.n.01	0.876
100815963	man.n.01	0.952
109204610	man.n.01	0.923
109205032	man.n.01	0.456
100816487	man.n.01	0.985
100816545	man.n.01	0.99
100816590	man.n.01	0.978
109205305	man.n.01	0.941
100817053	man.n.01	0.903
100817069	man.n.01	0.744
109205822	man.n.01	0.984
100817223	man.n.01	0.976
100817285	man.n.01	0.912
100817499	stranger.n.01	0.598
100817664	friend.n.01	0.991
100817688	man.n.01	0.964
100817695	man.n.01	0.948
100817773	man.n.01	0.809
117595125	husband.n.01	None
100817934	man.n.01	0.908
100817957	man.n.01	0.896
117595193	man.n.01	0.73
100818045	man.n.01	0.563
109206681	man.n.01	0.949
100818163	warrior.n.01	None
100818239	man.n.01	0.815
109206962	man.n.01	0.968
100818389	man.n.01	0.932
100818398	man.n.01	0.932
100818738	person.n.01	None
109207369	man.n.01	0.983
100818824	world.n.08	0.275
100818840	man.n.01	0.73
109207729	man.n.01	0.993
100819195	man.n.01	0.89
117596414	man.n.01	0.833
109208020	man.n.01	0.932
100820123	man.n.01	0.585
117597621	man.n.01	0.712
100820408	man.n.03	0.511
100821098	man.n.01	0.979
109209895	man.n.01	0.996
109209948	man.n.01	0.986
109209959	man.n.01	0.986
100821835	man.n.01	0.93
100821980	man.n.01	0.794
109210588	man.n.01	0.424
100822111	homo.n.02	0.399
100822151	colleague.n.02	0.534
100822462	kinsman.n.01	None
109211481	man.n.01	0.952
100822982	man.n.01	0.638
109211847	man.n.01	0.977
109211851	man.n.01	0.96
109212070	man.n.01	0.974
109212079	man.n.01	0.984
109212754	husband.n.01	None
100824401	man.n.01	0.995
100824493	man.n.01	0.962
100824502	person.n.01	None
100824671	man.n.01	0.927
100825032	person.n.01	None
100825456	man.n.01	0.489
109214648	man.n.01	0.828
117603308	man.n.01	0.938
109215028	man.n.01	0.71
100826712	stranger.n.01	0.557
100826832	man.n.01	0.972
100826845	man.n.03	0.581
100827115	man.n.01	0.958
109216185	man.n.01	0.992
117604820	man.n.01	0.388
100827762	husband.n.01	None
100827763	husband.n.01	None
100827831	person.n.01	None
100827989	marriage.n.02	None
109217122	man.n.01	0.923
117605817	man.n.01	0.68
117605859	man.n.01	0.711
100828854	man.n.01	0.925
117606089	man.n.03	0.492
117606139	man.n.01	0.875
100829009	man.n.01	0.935
100829096	poor_devil.n.01	0.919
100829237	man.n.01	0.668
100829769	man.n.01	0.958
100830963	husband.n.01	None
100831806	man.n.01	0.756
117609963	man.n.01	0.649
117610790	man.n.01	0.814
100833584	man.n.01	0.966
117611490	man.n.01	0.481
100834585	man.n.01	0.879
100835040	man.n.01	0.856
100836475	man.n.01	0.919
100836715	woman.n.01	0.954
100836744	man.n.01	0.881
100837447	man.n.01	0.928
117615066	man.n.01	0.631
117615275	man.n.01	0.859
100839177	man.n.01	0.824
100839400	man.n.01	0.74
100839576	man.n.01	0.585
100839802	world.n.08	0.289
100839857	man.n.01	0.953
100840018	man.n.01	0.79
100840149	man.n.01	0.773
117617868	man.n.01	0.633
100840727	man.n.01	0.33
117618193	man.n.01	0.633
109229708	man.n.01	0.977
100841123	man.n.01	0.597
109229736	man.n.01	0.984
100841442	man.n.01	0.901
100841511	man.n.01	0.965
109230267	man.n.01	0.972
109230289	husband.n.01	None
109230392	man.n.01	0.99
109230449	man.n.01	0.954
109230455	husband.n.01	None
109230497	husband.n.01	None
109230569	husband.n.01	None
109230571	husband.n.01	None
100842069	man.n.01	0.96
109230717	husband.n.01	None
109230734	husband.n.01	None
100842421	man.n.01	0.831
109231129	man.n.01	0.959
109231214	man.n.01	0.996
109231237	man.n.01	0.998
100842775	man.n.01	0.828
109231391	man.n.01	0.972
109231478	husband.n.01	None
100843108	man.n.01	0.929
109232052	husband.n.01	None
109232088	husband.n.01	None
100843548	man.n.01	0.965
100843635	man.n.01	0.602
100843807	man.n.01	0.933
100844350	man.n.01	0.911
117621816	husband.n.01	None
100844661	man.n.01	0.963
100844788	man.n.01	0.941
100844844	man.n.01	0.943
117622081	man.n.01	0.932
100845026	man.n.01	0.942
117622478	man.n.03	0.753
109233896	husband.n.01	None
117622581	man.n.01	0.883
117622611	man.n.01	0.967
117622824	man.n.01	0.52
117622889	man.n.01	0.881
117622942	man.n.01	0.681
117623172	man.n.01	0.82
117623564	man.n.01	0.641
117623576	man.n.01	0.884
100846731	man.n.01	0.966
100846793	man.n.01	0.998
100847123	man.n.01	0.927
109235910	man.n.01	0.964
100847728	friend.n.01	0.99
109236460	husband.n.01	None
100848012	man.n.01	0.794
100848397	man.n.01	0.877
109237022	man.n.01	0.988
109237127	freedman.n.01	None
109237292	husband.n.01	None
100848767	man.n.01	0.36
100848909	man.n.01	0.944
100848937	man.n.01	0.556
100849349	man.n.01	0.873
109238179	husband.n.01	None
117626926	man.n.01	0.551
100851049	man.n.01	0.948
100851372	man.n.01	0.748
100851587	man.n.01	0.985
100851615	man.n.01	0.535
109240466	man.n.01	0.995
109240632	lover.n.01	0.984
100852224	man.n.01	0.969
109241014	woman.n.01	0.954
109241224	man.n.01	0.891
109241567	man.n.01	0.958
100854117	man.n.01	0.53
109243057	man.n.01	0.971
117631698	man.n.01	0.943
117631731	predecessor.n.01	0.997
100854727	craftsman.n.02	0.528
109243731	husband.n.01	None
100855397	man.n.01	0.666
100855425	man.n.01	0.944
100855812	friend.n.01	0.982
100855945	man.n.01	0.882
109244711	man.n.01	0.948
109244905	man.n.01	0.963
100856608	man.n.01	0.973
100856625	people.n.01	0.619
109245944	man.n.01	0.977
100857390	man.n.01	0.935
117634816	man.n.01	0.606
100857902	man.n.01	0.972
100858116	man.n.01	0.947
100858319	man.n.01	0.981
109247007	husband.n.01	None
100858857	man.n.01	0.497
100859347	man.n.01	0.973
100859618	man.n.01	0.948
100859805	man.n.01	0.965
100859962	man.n.01	0.898
100860030	man.n.01	0.957
109248866	hero.n.01	0.895
109248920	husband.n.01	None
100860637	man.n.01	0.935
109249519	man.n.01	0.989
109249644	man.n.01	0.898
109249737	soldier.n.01	0.999
100861165	man.n.01	0.972
100861181	defender.n.01	None
100861349	man.n.01	0.963
100861681	man.n.01	0.944
100861814	man.n.01	0.907
109250426	man.n.01	0.991
109250504	man.n.01	0.989
100862133	man.n.01	0.848
100862197	man.n.01	0.794
100862211	man.n.01	0.297
109251144	serviceman.n.01	0.563
109251271	serviceman.n.01	0.79
100863131	man.n.01	0.979
100863269	man.n.01	0.898
100863457	man.n.01	0.951
109252503	man.n.01	0.849
109253802	man.n.01	0.594
100866275	man.n.01	0.997
109255558	man.n.01	0.986
100866955	man.n.01	0.411
100867218	man.n.01	0.991
100867457	pirate.n.02	0.925
100867542	husband.n.01	None
100867577	man.n.01	0.977
100867661	man.n.01	0.972
109256369	husband.n.01	None
109257009	man.n.01	0.768
109257512	hero.n.01	0.776
109257852	man.n.01	0.957
109258243	hero.n.01	0.888
109259465	man.n.01	0.919
109259540	man.n.01	0.896
100870947	man.n.01	0.902
109259840	man.n.01	0.943
109260118	man.n.01	0.966
100871689	man.n.01	0.989
100871739	man.n.01	0.953
100871830	man.n.01	0.976
109260452	man.n.01	0.99
109261021	serviceman.n.01	0.65
109261270	man.n.01	0.896
100873145	deity.n.01	0.918
109261913	man.n.01	0.937
109262053	man.n.01	0.622
100873601	man.n.01	0.891
100874058	man.n.01	0.99
100874868	man.n.01	0.771
100875242	man.n.01	0.945
109264103	man.n.01	0.581
109264189	man.n.01	0.972
109264591	hero.n.01	0.894
109264701	man.n.01	0.966
109264894	man.n.01	0.982
100876670	man.n.01	0.921
100876967	folk.n.01	0.792
109266224	man.n.01	0.953
100877630	man.n.01	0.681
100877762	man.n.01	0.947
109266745	man.n.01	0.921
109266880	man.n.03	0.421
100878526	man.n.01	0.715
109267540	man.n.01	0.962
109267722	man.n.01	0.962
109267784	man.n.01	0.789
109268496	serviceman.n.01	0.518
109268666	man.n.01	0.937
100880105	man.n.01	0.937
100880455	man.n.01	0.748
109269994	man.n.01	0.956
109270292	man.n.01	0.856
109270756	man.n.01	0.943
100882194	man.n.01	0.986
109273060	man.n.01	0.735
109273385	man.n.01	0.842
100885059	man.n.01	0.95
100885789	man.n.01	0.975
100886155	man.n.01	0.791
100886371	man.n.01	0.629
100887927	ally.n.01	0.864
100887986	ally.n.01	0.804
100888181	man.n.01	0.964
100889158	husband.n.01	None
100889257	man.n.01	0.745
100889274	serviceman.n.01	0.773
100889753	man.n.01	0.956
100889911	man.n.01	0.88
100889966	man.n.01	0.985
100890291	man.n.01	0.978
100890849	man.n.01	0.907
109279467	man.n.01	0.87
100890942	man.n.01	0.894
100891187	man.n.01	0.982
109280205	man.n.01	0.947
117669590	man.n.01	0.883
117669594	man.n.01	0.979
100892533	serviceman.n.01	0.568
100894035	man.n.01	0.972
100896075	man.n.01	0.979
100897362	man.n.01	0.95
100897437	man.n.01	0.614
100897886	husband.n.01	None
100898119	man.n.01	0.974
100898158	husband.n.01	None
109287627	man.n.01	0.971
109287641	husband.n.01	None
100900837	man.n.01	0.829
100900896	man.n.01	0.855
100901090	man.n.01	0.992
100902035	man.n.03	0.362
117679286	man.n.01	0.954
117679337	man.n.01	0.664
100903243	man.n.01	0.975
109291949	people.n.01	0.827
100903558	husband.n.01	None
100903565	husband.n.01	None
100903575	husband.n.01	None
100903836	man.n.01	0.932
100904075	man.n.01	0.725
100904161	man.n.01	0.903
100904603	man.n.01	0.99
100904898	man.n.01	0.972
100905378	man.n.01	0.509
100905486	man.n.01	0.98
100906033	crew.n.01	0.982
100906157	man.n.01	0.98
117683758	man.n.01	0.481
117683879	friend.n.01	0.976
100906833	man.n.01	0.996
100907097	citizen.n.01	None
100907398	man.n.01	0.68
100908312	man.n.01	0.994
117686804	husband.n.01	None
109298409	man.n.01	0.921
109298432	man.n.01	0.971
109298630	worker.n.01	0.996
100910921	man.n.01	0.995
109300710	man.n.01	0.375
109301064	man.n.01	0.74
100912639	man.n.01	0.569
100913435	man.n.01	0.802
100913760	man.n.01	0.981
109305049	man.n.01	0.857
109305237	man.n.01	0.985
100916995	man.n.03	0.526
109305734	man.n.01	0.972
109306588	man.n.01	0.979
100918447	man.n.01	0.988
100918540	man.n.01	0.804
100918722	man.n.01	0.993
100918727	man.n.01	0.993
100919140	man.n.01	0.996
100919185	man.n.01	0.998
100919231	man.n.01	0.983
100919395	man.n.01	0.992
117697088	man.n.06	0.819
117697104	man.n.01	0.74
100920192	man.n.01	0.989
100920197	man.n.01	0.986
109309441	man.n.01	0.931
100921757	man.n.01	0.955
109310619	man.n.01	0.995
100922363	man.n.01	0.979
109311365	man.n.01	0.952
117699997	man.n.06	0.489
100923012	man.n.01	0.995
117700234	man.n.01	0.922
100923107	man.n.01	0.991
100923374	man.n.01	0.983
109312341	man.n.01	0.933
109313177	man.n.01	0.949
100925438	man.n.01	0.984
100926000	man.n.01	0.995
100926423	man.n.01	0.98
117704026	man.n.01	0.563
117705146	husband.n.01	None
117705304	man.n.01	0.909
100928229	man.n.01	0.988
100928985	man.n.01	0.983
100929707	husband.n.01	None
100929712	man.n.01	0.972
100929845	man.n.01	0.99
109318546	man.n.01	0.78
117707653	man.n.01	0.567
117707663	man.n.01	0.968
100931284	man.n.01	0.961
100931515	man.n.01	0.996
109320405	philosopher.n.01	0.989
117709307	man.n.01	0.906
109321936	man.n.01	0.896
109322139	husband.n.01	None
100934322	son.n.01	1.0
100934839	man.n.01	0.994
100936025	man.n.01	0.973
100936306	man.n.01	0.983
100937540	man.n.01	0.963
100937552	man.n.01	0.934
100937598	man.n.01	0.971
100937603	man.n.01	0.957
117715156	man.n.01	0.969
117715227	man.n.01	0.959
117715235	man.n.01	0.977
117715281	man.n.01	0.567
117715349	man.n.01	0.939
117715364	man.n.01	0.636
117715657	man.n.01	0.98
117715658	man.n.01	0.949
117715806	woman.n.01	0.994
117715808	woman.n.01	0.99
100939232	man.n.01	0.976
100939514	serviceman.n.01	0.578
100940400	man.n.01	0.974
100940519	man.n.01	0.959
100940742	man.n.01	0.732
100942047	daughter.n.01	None
117719315	husband.n.01	None
100942237	man.n.01	0.957
100942689	man.n.01	0.992
109331430	man.n.01	0.995
109331557	man.n.01	0.981
109331809	chap.n.01	0.871
100943451	crew.n.01	0.984
100943606	man.n.01	0.976
100943703	man.n.01	0.869
100943753	man.n.01	0.995
109332910	man.n.01	0.807
100944812	man.n.01	0.957
100944909	man.n.01	0.877
100945162	man.n.01	0.851
100945356	man.n.01	0.971
109334115	husband.n.01	None
109334121	husband.n.01	None
100945681	man.n.01	0.94
109334700	man.n.01	0.991
100946819	husband.n.01	None
100946982	man.n.01	0.939
100947070	man.n.01	0.951
100947393	man.n.01	0.809
100947831	lunatic.n.01	None
100949184	man.n.01	0.989
100950620	man.n.01	0.951
100951146	man.n.01	0.987
100951504	man.n.01	0.96
117730115	man.n.01	0.964
100953086	gentleman.n.01	0.958
117730482	man.n.01	0.969
100953437	friend.n.01	0.978
100953852	man.n.01	0.975
117731082	man.n.01	0.919
100954582	man.n.01	0.86
100954836	man.n.01	0.528
100954904	man.n.01	0.926
100954924	man.n.01	0.893
117732160	man.n.01	0.988
117732373	man.n.01	0.829
100955221	man.n.01	0.996
100955244	companion.n.01	0.593
100957326	woman.n.01	0.93
117734660	man.n.01	0.903
117734765	man.n.01	0.973
117735048	man.n.01	0.887
109347240	man.n.01	0.989
100959006	people.n.01	0.983
100959166	man.n.01	0.973
100959176	man.n.01	0.983
100959485	man.n.01	0.991
100959789	husband.n.01	None
100959812	husband.n.01	None
100959825	husband.n.01	None
109348509	man.n.01	0.958
100960014	man.n.01	0.81
109348667	man.n.01	0.969
100960591	man.n.01	0.986
100960836	man.n.01	0.976
109349472	husband.n.01	None
109349493	husband.n.01	None
100961039	man.n.01	0.954
117738523	man.n.01	0.833
117738542	man.n.01	0.807
117738603	man.n.01	0.658
100961685	man.n.01	0.949
100961937	man.n.01	0.961
100961954	man.n.01	0.978
100961970	man.n.01	0.939
100962121	man.n.01	0.955
117739974	man.n.01	0.923
100963174	man.n.01	0.902
100963330	man.n.01	0.908
117740627	man.n.01	0.94
100963424	man.n.01	0.947
100964086	man.n.01	0.951
100964767	man.n.01	0.986
100964841	man.n.01	0.747
109353462	man.n.03	0.465
100965264	man.n.01	0.957
100965571	man.n.01	0.941
100965794	man.n.01	0.627
109354485	man.n.01	0.935
109354507	man.n.01	0.959
100965902	husband.n.01	None
100966113	man.n.01	0.557
109355876	man.n.01	0.954
109356050	man.n.01	0.972
100967518	man.n.01	0.983
109356275	man.n.01	0.983
100967678	man.n.01	0.993
117745293	man.n.01	0.928
109357096	husband.n.01	None
109357210	husband.n.01	None
100968932	man.n.01	0.993
100968996	man.n.01	0.982
109357677	husband.n.01	None
100969075	man.n.01	0.992
100969811	man.n.01	0.903
100971108	man.n.01	0.991
100971537	man.n.01	0.855
109361952	man.n.01	0.763
100973386	man.n.01	0.616
100973387	man.n.01	0.616
100973444	man.n.01	0.94
100973611	man.n.01	0.865
117751131	man.n.01	0.843
100973960	diviner.n.01	None
117751283	man.n.01	0.947
109362735	man.n.01	0.953
109363662	man.n.01	0.849
100975365	man.n.01	0.959
100976307	man.n.01	0.983
109365323	man.n.01	0.883
100977141	man.n.01	0.946
100977276	man.n.01	0.872
100977335	serviceman.n.01	0.617
100977528	man.n.01	0.939
109366199	man.n.01	0.909
117755175	man.n.01	0.909
100978081	gentleman.n.01	0.98
117755468	man.n.01	0.911
117755477	man.n.01	0.966
117755481	man.n.01	0.967
117755490	man.n.01	0.91
109367132	man.n.01	0.964
100978812	man.n.01	0.987
100979316	crew.n.01	0.981
100979338	serviceman.n.01	0.763
100979425	man.n.01	0.991
100979751	man.n.01	0.993
100979759	man.n.01	0.988
100979775	man.n.01	0.978
100980072	man.n.01	0.793
100980076	man.n.01	0.945
100980087	man.n.01	0.945
100980127	man.n.01	0.646
100980498	man.n.01	0.951
109370453	man.n.01	0.956
100982348	man.n.01	0.502
100982499	serviceman.n.01	0.857
100983282	man.n.01	0.971
109372073	man.n.01	0.949
109372136	man.n.01	0.981
100983861	husband.n.01	None
100983889	husband.n.01	None
100983893	man.n.01	0.994
100984028	son.n.01	1.0
100984296	man.n.01	0.987
100984590	man.n.01	0.852
100984952	husband.n.01	None
100986014	citizen.n.01	None
100986027	man.n.01	0.987
100986282	serviceman.n.01	0.614
100986546	man.n.01	0.929
100987274	man.n.01	0.962
100987317	man.n.01	0.979
100987628	man.n.01	0.788
117764844	man.n.01	0.98
117764862	man.n.01	0.834
100988129	man.n.01	0.931
100988138	man.n.01	0.978
117765803	man.n.01	0.993
100989528	man.n.01	0.988
109379727	man.n.01	0.425
100991238	man.n.01	0.445
100991316	man.n.01	0.736
109380016	man.n.01	0.719
100991561	husband.n.01	None
100991573	man.n.01	0.986
100991589	husband.n.01	None
100991631	man.n.01	0.98
100991856	man.n.01	0.896
109380917	man.n.01	0.95
100993268	man.n.01	0.906
109381896	man.n.01	0.538
100993393	man.n.01	0.989
100993565	man.n.01	0.798
100993850	man.n.01	0.849
100993927	man.n.01	0.911
100994030	friend.n.01	0.991
100994122	people.n.01	0.752
100994413	serviceman.n.01	0.731
100994541	man.n.01	0.985
100994740	man.n.01	0.869
109383543	person.n.01	0.999
100995310	man.n.01	0.629
109384814	person.n.01	0.999
109385021	man.n.01	0.906
100996507	man.n.01	0.989
109385238	man.n.01	0.982
109386168	gentleman.n.01	0.996
100998352	man.n.01	0.993
100998955	man.n.01	0.974
100998994	man.n.01	0.971
100999006	man.n.01	0.971
100999067	man.n.03	0.649
100999249	serviceman.n.01	0.512
100999546	man.n.01	0.98
101001442	serviceman.n.01	0.585
101001776	man.n.01	0.984
101001783	man.n.01	0.955
101002285	man.n.01	0.933
101002314	husband.n.01	None
109391737	man.n.01	0.745
101003161	man.n.01	0.985
101003457	man.n.01	0.996
101003687	man.n.01	0.966
101003912	man.n.01	0.988
101004262	man.n.01	0.877
109392963	man.n.01	0.836
101004843	man.n.01	0.923
101004878	man.n.01	0.81
101005197	serviceman.n.01	0.86
101005637	man.n.01	0.972
109395035	man.n.01	0.974
101006447	man.n.01	0.468
109395110	man.n.01	0.964
109395203	man.n.01	0.925
101006635	man.n.01	0.643
101006685	man.n.01	0.842
109395752	man.n.01	0.935
109395789	man.n.01	0.897
101007231	husband.n.01	None
101007358	serviceman.n.01	0.591
109395988	man.n.01	0.947
109396099	man.n.01	0.924
101007544	son.n.01	1.0
109396417	man.n.01	0.949
101008139	man.n.01	0.96
109396904	person.n.01	0.999
109397063	man.n.01	0.915
101008721	serviceman.n.01	0.571
101008939	man.n.01	0.732
101009424	man.n.01	0.603
101009489	man.n.01	0.749
101009561	serviceman.n.01	0.555
109398500	man.n.01	0.978
101009941	serviceman.n.01	0.537
109398944	exile.n.02	0.534
101010530	man.n.01	0.97
109399332	man.n.01	0.988
101011182	man.n.01	0.977
109399821	man.n.01	0.498
101011251	man.n.01	0.91
101011252	man.n.01	0.91
109399971	man.n.01	0.925
101012062	man.n.01	0.968
109401507	man.n.01	0.993
101013755	man.n.01	0.99
109402591	man.n.01	0.904
101014503	man.n.01	0.997
101014847	man.n.01	0.928
109403900	friend.n.01	0.979
101015631	man.n.01	0.983
101015871	husband.n.01	None
109404564	sir.n.01	0.945
101016608	man.n.01	0.951
109405258	man.n.01	0.976
101017343	deserter.n.02	0.615
101017747	man.n.01	0.9
101017805	man.n.01	0.991
101018041	man.n.01	0.943
101018061	man.n.01	0.973
101018068	man.n.01	0.685
101018129	serviceman.n.01	0.681
101018237	man.n.01	0.973
101018582	man.n.01	0.859
101018780	man.n.01	0.622
101018788	man.n.01	0.622
101018816	man.n.01	0.977
101019191	serviceman.n.01	0.643
101019255	man.n.01	0.984
101019260	man.n.01	0.984
101019287	man.n.01	0.738
101019685	man.n.01	0.864
101020456	man.n.01	0.85
101020797	foreigner.n.01	0.889
101021157	man.n.01	0.933
101022031	man.n.01	0.89
101022218	serviceman.n.01	0.528
101022241	man.n.01	0.735
101022251	man.n.01	0.735
101022291	man.n.01	0.977
101022878	man.n.01	0.865
101024979	man.n.01	0.857
101025223	husband.n.01	None
101025739	man.n.01	0.977
101026297	man.n.01	0.872
101026381	son.n.01	1.0
101026617	man.n.01	0.814
101026788	man.n.01	0.575
101027044	man.n.01	0.768
101027406	man.n.01	0.491
101027472	serviceman.n.01	0.682
101027614	man.n.01	0.961
101027989	serviceman.n.01	0.87
101028293	man.n.01	0.865
101028386	man.n.01	0.992
101029587	man.n.01	0.713
101030714	man.n.01	0.808
101030973	craftsman.n.03	0.809
101033240	man.n.01	0.599
101033846	serviceman.n.01	0.507
101034171	man.n.01	0.975
101034180	man.n.01	0.988
101034666	man.n.01	0.981
101035931	man.n.01	0.566
101036531	man.n.01	0.592
101037120	son.n.01	1.0
101037677	woman.n.01	0.982
101038267	serviceman.n.01	0.762
101038281	man.n.01	0.917
101038292	serviceman.n.01	0.601
101038328	serviceman.n.01	0.805
101038608	man.n.01	0.588
101038624	man.n.01	0.662
101038660	man.n.01	0.962
101038680	man.n.01	0.79
101038685	warrior.n.01	None
101038944	man.n.01	0.898
101039995	man.n.01	0.941
101040204	man.n.01	0.992
101041465	man.n.01	0.962
101041918	man.n.01	0.859
101041981	man.n.01	0.835
101042296	man.n.01	0.982
101042937	man.n.01	0.956
101043734	man.n.01	0.975
101043886	man.n.01	0.831
101044464	man.n.01	0.715
101044915	man.n.01	0.674
101044978	man.n.01	0.872
101045036	man.n.01	0.981
101046229	man.n.01	0.952
101047280	savage.n.01	0.901
101049092	serviceman.n.01	0.835
101049118	serviceman.n.01	0.588
101049159	serviceman.n.01	0.679
101049177	man.n.01	0.574
101049356	serviceman.n.01	0.877
101049423	man.n.01	0.648
101049476	serviceman.n.01	0.659
101050002	man.n.01	0.769
101050014	man.n.01	0.986
101051967	man.n.01	0.993
101052082	man.n.01	0.704
101052116	serviceman.n.01	0.497
101052185	man.n.01	0.616
101052331	man.n.01	0.433
101053122	man.n.01	0.93
101053455	man.n.01	0.618
101053895	man.n.01	0.79
101054869	man.n.01	0.928
101054940	man.n.01	0.587
101054978	man.n.01	0.675
101055045	man.n.01	0.971
101055086	man.n.03	0.357
101055214	man.n.01	0.957
101055457	townsman.n.01	0.757
101055584	warrior.n.01	None
101056701	man.n.01	0.958
101056995	serviceman.n.01	0.582
101057572	serviceman.n.01	0.658
101057583	man.n.01	0.53
101057637	serviceman.n.01	0.933
101058060	man.n.01	0.761
101058215	man.n.01	0.989
101058385	serviceman.n.01	0.849
101058530	man.n.01	0.547
101059465	man.n.01	0.53
101059705	man.n.01	0.987
101060016	man.n.01	0.983
101060698	man.n.01	0.968
101062231	man.n.01	0.953
101062321	man.n.01	0.928
101062581	man.n.01	0.719
101063213	serviceman.n.01	0.907
101063216	serviceman.n.01	0.752
101063223	man.n.01	0.911
101063431	man.n.01	0.743
101064030	man.n.01	0.986
101064115	man.n.01	0.96
101064376	serviceman.n.01	0.874
101064594	man.n.01	0.985
101064603	man.n.01	0.99
101064933	deserter.n.02	0.712
101065743	man.n.01	0.912
101065751	man.n.01	0.895
101066149	son.n.01	1.0
101066274	person.n.01	0.954
101066577	man.n.01	0.801
101066588	man.n.01	0.801
101066910	man.n.01	0.97
101066919	man.n.01	0.97
101067198	man.n.01	0.787
101067885	man.n.01	0.993
101068121	man.n.01	0.714
101068679	man.n.01	0.752
101068842	man.n.01	0.69
101069395	man.n.01	0.984
101070563	man.n.01	0.913
101070688	man.n.01	0.977
101070769	man.n.01	0.893
101071771	man.n.01	0.824
101071839	man.n.01	0.936
101072014	man.n.01	0.99
101072111	son.n.01	1.0
101072395	husband.n.01	None
101072593	man.n.01	0.923
101074002	man.n.01	0.95
101074123	man.n.01	0.993
101075050	man.n.01	0.985
101075694	son.n.01	1.0
101075760	man.n.01	0.985
101076999	man.n.01	0.968
101077474	serviceman.n.01	0.751
101077905	man.n.01	0.561
101078136	man.n.01	0.664
101078143	man.n.01	0.745
101078168	man.n.01	0.651
101078223	man.n.01	0.762
101079453	son.n.01	1.0
101080585	man.n.01	0.709
101080785	man.n.01	0.797
101080857	man.n.01	0.604
101082945	serviceman.n.01	0.829
101083780	man.n.01	0.777
101083897	combatant.n.01	0.54
101085331	man.n.01	0.728
101085452	man.n.01	0.991
101085776	serviceman.n.01	0.874
101085905	serviceman.n.01	0.84
101085940	serviceman.n.01	0.713
101086082	serviceman.n.01	0.771
101086597	townsman.n.02	0.581
101087365	serviceman.n.01	0.493
101089082	husband.n.01	None
101089239	man.n.01	0.97
101089370	husband.n.01	None
101089794	man.n.01	0.987
101089906	man.n.01	0.958
101090568	warrior.n.01	None
101090725	gentleman.n.01	0.991
101090836	gentleman.n.01	0.993
101090989	gentleman.n.01	0.99
101091075	gentleman.n.01	0.996
101091326	gentleman.n.01	0.992
101091637	gentleman.n.01	0.993
101091875	gentleman.n.01	0.991
101092063	gentleman.n.01	0.981
101092270	gentleman.n.01	0.995
101092413	gentleman.n.01	0.989
101092598	gentleman.n.01	0.99
101093080	gentleman.n.01	0.994
101093216	gentleman.n.01	0.992
101093456	gentleman.n.01	0.995
101093648	gentleman.n.01	0.995
101093813	gentleman.n.01	0.993
101093958	gentleman.n.01	0.973
101094146	gentleman.n.01	0.984
101094626	gentleman.n.01	0.992
101094890	gentleman.n.01	0.989
101095058	gentleman.n.01	0.985
101095539	gentleman.n.01	0.996
101096040	gentleman.n.01	0.979
101096243	gentleman.n.01	0.99
101096632	gentleman.n.01	0.994
101096805	gentleman.n.01	0.996
101097409	husband.n.01	None
101097774	husband.n.01	None
101098711	husband.n.01	None
101098754	man.n.01	0.812
101098858	husband.n.01	None
101098871	gentleman.n.01	0.993
101099024	husband.n.01	None
101099028	wife.n.01	None
101100888	gentleman.n.01	0.983
101101267	gentleman.n.01	0.995
101101705	husband.n.01	None
101101963	gentleman.n.01	0.973
101102060	gentleman.n.01	0.992
101102200	man.n.01	0.859
101102595	gentleman.n.01	0.997
101102768	gentleman.n.01	0.996
101102861	gentleman.n.01	0.982
101103082	gentleman.n.01	0.973
101103262	gentleman.n.01	0.996
101103689	gentleman.n.01	0.988
101103924	gentleman.n.01	0.983
101104131	gentleman.n.01	0.993
101104178	gentleman.n.01	0.988
101104387	gentleman.n.01	0.989
101104654	man.n.01	0.962
101105085	gentleman.n.01	0.995
101105579	gentleman.n.01	0.99
101105674	gentleman.n.01	0.992
101105693	gentleman.n.01	0.99
101105841	gentleman.n.01	0.947
101105953	gentleman.n.01	0.994
101105990	gentleman.n.01	0.991
101106042	gentleman.n.01	0.989
101106229	gentleman.n.01	0.984
101106391	gentleman.n.01	0.988
101106583	gentleman.n.01	0.991
101106646	gentleman.n.01	0.994
101106681	gentleman.n.01	0.977
101106738	gentleman.n.01	0.94
101106809	gentleman.n.01	0.989
101106926	gentleman.n.01	0.994
101107083	gentleman.n.01	0.991
101107563	husband.n.01	None
101107651	gentleman.n.01	0.994
101108098	gentleman.n.01	0.989
101108391	gentleman.n.01	0.994
101108747	gentleman.n.01	0.992
101108855	gentleman.n.01	0.958
101108985	gentleman.n.01	0.984
101109163	gentleman.n.01	0.988
101109439	gentleman.n.01	0.972
101110044	gentleman.n.01	0.991
101110737	gentleman.n.01	0.996
101110939	gentleman.n.01	0.998
101110976	gentleman.n.01	0.929
101111146	gentleman.n.01	0.993
101111194	gentleman.n.01	0.995
101111341	gentleman.n.01	0.996
101111482	gentleman.n.01	0.996
101111780	husband.n.01	None
101111943	gentleman.n.01	0.994
101112188	gentleman.n.01	0.995
101112394	man.n.01	0.926
101112677	relative.n.01	0.992
101112797	gentleman.n.01	0.995
101113108	gentleman.n.01	0.995
101113162	son.n.01	1.0
101113784	gentleman.n.01	0.991
101113964	husband.n.01	None
101114328	gentleman.n.01	0.974
109503007	man.n.01	0.896
109503194	man.n.01	0.981
109503327	man.n.01	0.703
101114880	gentleman.n.01	0.995
101115170	gentleman.n.01	0.998
109503931	man.n.01	0.954
101115445	gentleman.n.01	0.995
101115508	gentleman.n.01	0.996
101115612	gentleman.n.01	0.987
101116658	gentleman.n.01	0.989
109506152	man.n.01	0.919
101117694	gentleman.n.01	0.981
101117818	man.n.01	0.976
101117890	man.n.01	0.993
101118165	gentleman.n.01	0.994
101118260	husband.n.01	None
101118699	gentleman.n.01	0.956
101118817	gentleman.n.01	0.994
101119071	gentleman.n.01	0.984
101119120	gentleman.n.01	0.988
101119455	gentleman.n.01	0.992
109508114	man.n.01	0.782
101119575	gentleman.n.01	0.989
101119753	judge.n.01	0.546
109508425	man.n.01	0.963
101119932	man.n.01	0.97
101120385	gentleman.n.01	0.996
101120391	man.n.01	0.977
101120566	gentleman.n.01	0.972
109509214	man.n.01	0.962
109509299	statesman.n.01	None
101120712	gentleman.n.01	0.984
101120763	gentleman.n.01	0.996
101120898	gentleman.n.01	0.996
101121007	gentleman.n.01	0.991
101121222	judge.n.01	0.606
109510145	man.n.01	0.988
101121622	gentleman.n.01	0.988
101121886	gentleman.n.01	0.982
101122076	gentleman.n.01	0.993
101122189	gentleman.n.01	0.993
101122239	gentleman.n.01	0.992
101122292	gentleman.n.01	0.995
101122435	gentleman.n.01	0.996
101122523	gentleman.n.01	0.994
101122679	gentleman.n.01	0.995
101122843	gentleman.n.01	0.991
101122994	gentleman.n.01	0.994
101123301	man.n.01	0.823
101123326	gentleman.n.01	0.974
101123516	gentleman.n.01	0.996
101123541	gentleman.n.01	0.998
101124339	gentleman.n.01	0.99
101124693	gentleman.n.01	0.995
101125751	gentleman.n.01	0.993
101126696	gentleman.n.01	0.994
101126825	gentleman.n.01	0.99
101127939	gentleman.n.01	0.972
101128242	husband.n.01	None
101128263	husband.n.01	None
101128323	judge.n.01	0.977
101128435	judge.n.01	0.927
101128565	evaluator.n.01	0.703
101128611	evaluator.n.01	0.581
101128645	judge.n.01	0.786
101128689	judge.n.01	0.881
101128797	judge.n.01	0.854
101129272	citizen.n.01	None
101129433	man.n.01	0.855
101129727	chap.n.01	0.98
101130110	savage.n.01	0.896
101130375	man.n.03	0.575
101130529	rogue.n.01	0.884
101132539	man.n.01	0.983
101132898	man.n.01	0.944
101133189	man.n.01	0.679
101133957	man.n.01	0.977
101133981	man.n.01	0.982
101133984	man.n.01	0.982
101134143	man.n.01	0.847
101135911	man.n.01	0.955
101136385	man.n.01	0.766
101138326	man.n.01	0.813
101138766	man.n.01	0.876
101139029	man.n.01	0.879
101139039	man.n.01	0.928
101139145	man.n.01	0.79
101139524	knight.n.01	0.811
101139845	chap.n.01	0.929
109528512	man.n.01	0.538
101140148	man.n.01	0.936
101140180	man.n.01	0.929
109528902	man.n.01	0.569
101141237	man.n.01	0.683
101142285	man.n.01	0.891
101142486	man.n.01	0.996
101142591	friend.n.01	0.975
101143336	man.n.01	0.988
101144145	man.n.01	0.391
101144779	man.n.03	0.557
101144902	man.n.03	0.721
101145750	man.n.01	0.981
109534541	man.n.01	0.75
109535579	man.n.01	0.922
101147177	man.n.01	0.928
101149129	man.n.01	0.86
101150063	man.n.01	0.984
101150755	man.n.01	0.744
101151838	man.n.01	0.939
101152556	chap.n.01	0.957
101152755	poet.n.01	None
101153361	man.n.01	0.876
101154718	man.n.01	0.968
101154819	man.n.01	0.666
101154895	lunatic.n.01	None
101154904	man.n.01	0.974
101155974	man.n.01	0.591
101156317	man.n.01	0.628
101156330	man.n.01	0.881
101156427	man.n.01	0.825
101156465	man.n.01	0.808
101157416	man.n.01	0.756
101157769	man.n.01	0.967
101157807	tribesman.n.01	None
101158761	man.n.01	0.868
101159402	man.n.01	0.966
101159569	comrade.n.02	0.741
101159725	man.n.01	0.993
101161231	man.n.01	0.958
101162331	man.n.01	0.984
101162666	friend.n.01	0.991
101162866	man.n.01	0.758
101162924	man.n.01	0.965
101164180	man.n.01	0.957
101164453	man.n.01	0.958
101164922	man.n.01	0.987
101165921	citizen.n.01	None
101166652	citizen.n.01	None
101167276	man.n.01	0.96
117944505	man.n.01	0.983
101167750	gentleman.n.01	0.945
117945152	man.n.01	0.948
117945903	man.n.01	0.965
101168800	man.n.01	0.885
101168802	man.n.01	0.973
117946234	man.n.01	0.956
101169499	man.n.01	0.976
117947189	homo.n.02	0.678
101170077	people.n.01	0.966
101171025	man.n.01	0.986
101171319	man.n.01	0.979
117948974	captain.n.02	0.8
101172405	young_person.n.01	0.55
101172409	man.n.01	0.994
117949795	man.n.01	0.774
117951124	man.n.01	0.773
117951168	man.n.01	0.847
101174054	friend.n.01	0.988
101174416	friend.n.01	0.993
101174879	companion.n.01	0.444
101175180	friend.n.01	0.985
101175561	friend.n.01	0.986
101176152	friend.n.01	0.977
101176705	man.n.01	0.893
101177712	person.n.01	None
117955035	man.n.01	0.917
101177910	man.n.01	0.924
101178524	man.n.01	0.942
101178932	husband.n.01	None
101179293	man.n.01	0.675
101179573	man.n.01	0.733
117958302	man.n.01	0.995
101181137	warrior.n.01	None
101181330	warrior.n.01	None
101181654	companion.n.01	0.591
101181714	friend.n.01	0.99
117961382	soldier.n.01	0.994
117962502	man.n.01	0.995
101187195	person.n.01	None
101187407	young_person.n.01	0.721
101188026	husband.n.01	None
101191653	man.n.03	0.661
101191730	man.n.01	0.882
101192438	man.n.01	0.652
117970115	man.n.01	0.99
101194705	man.n.01	0.765
101194748	husband.n.01	None
101195000	man.n.01	0.938
117972220	man.n.01	0.974
117972297	man.n.01	0.671
101195411	husband.n.01	None
101195568	husband.n.01	None
101195870	husband.n.01	None
101195937	man.n.01	0.968
101195959	husband.n.01	None
117973219	man.n.01	0.818
101196303	husband.n.01	None
101196363	husband.n.01	None
101196379	husband.n.01	None
101196562	man.n.01	0.536
101196767	serviceman.n.01	0.958
101197136	old_man.n.01	0.999
101197198	man.n.01	0.776
117974448	marriage.n.02	None
101198685	man.n.01	0.915
101198713	man.n.01	0.918
101198991	man.n.01	0.67
117976727	man.n.01	0.985
117976817	man.n.01	0.991
101199612	woman.n.01	0.856
101199828	old_man.n.01	0.999
101199907	man.n.01	0.871
101199916	man.n.01	0.885
101199918	manhood.n.01	0.697
101200024	man.n.01	0.735
101200295	man.n.01	0.981
101200649	husband.n.01	None
117978000	man.n.01	0.99
101200924	man.n.01	0.983
101200933	chap.n.01	0.979
101200999	man.n.01	0.902
101201000	man.n.01	0.902
101201063	husband.n.01	None
117978336	husband.n.01	None
101201233	man.n.01	0.866
109590474	chap.n.01	0.902
109590612	man.n.01	0.799
117979682	husband.n.01	None
109591082	man.n.01	0.91
101202534	man.n.01	0.937
101202761	man.n.01	0.981
117979993	man.n.01	0.997
101202970	wrestler.n.01	None
109591741	man.n.01	0.961
109591819	man.n.01	0.735
101203241	husband.n.01	None
109591999	man.n.01	0.9
109592206	husband.n.01	None
109592567	man.n.01	0.957
101204281	husband.n.01	None
101204289	husband.n.01	None
109592943	man.n.01	0.982
109593298	man.n.01	0.96
101205232	man.n.09	0.836
117982509	man.n.01	0.828
101205468	man.n.01	0.95
101206666	man.n.01	0.97
101207255	husband.n.01	None
101207292	husband.n.01	None
101207454	husband.n.01	None
101207612	husband.n.01	None
101207850	husband.n.01	None
101207991	husband.n.01	None
101208028	husband.n.01	None
101208064	husband.n.01	None
117985448	man.n.01	0.824
101208391	man.n.01	0.874
101208532	husband.n.01	None
101208755	man.n.01	0.985
101208791	man.n.01	0.968
101208813	man.n.01	0.881
101209028	husband.n.01	None
101209033	individual.n.02	0.814
101209175	man.n.01	0.969
101209358	man.n.01	0.916
117987377	man.n.01	0.789
101210523	man.n.01	0.578
101210647	man.n.01	0.486
101210661	woman.n.01	0.941
101210695	man.n.01	0.949
101211506	man.n.01	0.962
101211639	man.n.01	0.912
101211882	man.n.01	0.806
117989477	man.n.03	0.463
101212726	man.n.01	0.735
101212828	husband.n.01	None
101213852	man.n.01	0.85
101214645	man.n.01	0.98
101217126	man.n.01	0.969
101217162	man.n.01	0.894
101218465	man.n.01	0.91
101218699	man.n.01	0.817
101219217	man.n.01	0.71
101220825	man.n.01	0.809
101221124	citizen.n.01	None
117998668	man.n.01	0.853
117998691	man.n.01	0.922
117998703	man.n.01	0.843
117998782	man.n.01	0.876
117999812	man.n.03	0.473
118000800	man.n.01	0.595
118000808	man.n.01	0.875
101224379	man.n.01	0.868
101224839	man.n.01	0.924
101224879	husband.n.01	None
101224898	husband.n.01	None
101224974	husband.n.01	None
101225026	husband.n.01	None
101225355	man.n.01	0.979
101225506	man.n.01	0.872
101225802	man.n.01	0.989
101225866	man.n.01	0.918
101226441	husband.n.01	None
101226639	man.n.01	0.991
101226741	citizen.n.01	None
118003975	man.n.01	0.589
101226774	companion.n.01	0.527
101227398	man.n.01	0.919
101228268	man.n.01	0.956
101228313	man.n.01	0.76
101228504	husband.n.01	None
101229417	man.n.01	0.937
118008384	man.n.01	0.707
101231642	man.n.01	0.664
118009543	homo.n.02	0.476
101232749	man.n.01	0.665
101234752	man.n.01	0.631
101235875	man.n.01	0.897
101235994	man.n.01	0.935
101238519	man.n.01	0.821
101239110	chap.n.01	0.877
101239334	man.n.01	0.995
101240117	friend.n.01	0.935
101243592	gentleman.n.01	0.994
101243643	gentleman.n.01	0.993
101243739	gentleman.n.01	0.997
101243904	gentleman.n.01	0.962
101243978	gentleman.n.01	0.985
101244169	gentleman.n.01	0.977
101244401	gentleman.n.01	0.991
101244739	gentleman.n.01	0.98
101244749	person.n.01	0.999
101244933	gentleman.n.01	0.987
101245706	gentleman.n.01	0.985
101245799	gentleman.n.01	0.933
101245909	gentleman.n.01	0.988
101246464	man.n.01	0.921
101246537	criminal.n.01	None
101246637	gentleman.n.01	0.99
101246753	man.n.01	0.913
101246777	gentleman.n.01	0.99
101246835	man.n.01	0.901
101247106	gentleman.n.01	0.985
101247115	person.n.01	0.999
101247863	gentleman.n.01	0.984
101247924	criminal.n.01	None
101247966	man.n.01	0.739
101247995	gentleman.n.01	0.992
101248103	gentleman.n.01	0.978
101248214	gentleman.n.01	0.994
101248407	man.n.01	0.917
101248448	gentleman.n.01	0.986
101248892	gentleman.n.01	0.993
101248969	person.n.01	1.0
101249054	gentleman.n.01	0.996
101250242	gentleman.n.01	0.99
101250411	person.n.01	0.95
101250477	gentleman.n.01	0.988
101250579	person.n.01	0.928
101250628	gentleman.n.01	0.962
101250797	gentleman.n.01	0.99
101251545	gentleman.n.01	0.978
101251691	gentleman.n.01	0.99
101251757	gentleman.n.01	0.983
101251851	gentleman.n.01	0.979
101252009	gentleman.n.01	0.994
101252307	gentleman.n.01	0.997
101252599	gentleman.n.01	0.984
101252829	gentleman.n.01	0.992
101252932	man.n.01	0.959
101253278	gentleman.n.01	0.941
101253535	gentleman.n.01	0.937
101253628	gentleman.n.01	0.997
101253745	gentleman.n.01	0.991
101253814	gentleman.n.01	0.968
101254185	gentleman.n.01	0.993
101254483	gentleman.n.01	0.987
101254535	gentleman.n.01	0.993
101254774	hero.n.01	0.909
101254998	gentleman.n.01	0.945
101255137	family.n.01	0.691
101255247	man.n.01	0.754
101255257	man.n.01	0.898
101255388	gentleman.n.01	0.996
101255655	man.n.01	0.963
101255769	gentleman.n.01	0.981
101256467	gentleman.n.01	0.95
101256475	man.n.01	0.893
101256827	man.n.01	0.756
101256995	person.n.01	1.0
101258499	gentleman.n.01	0.993
109647383	man.n.01	0.812
109647454	man.n.01	0.833
109648287	man.n.01	0.877
109648876	man.n.03	0.431
109649633	man.n.01	0.825
101262699	man.n.01	0.957
101262915	man.n.01	0.982
101263836	gentleman.n.01	0.993
109652465	man.n.01	0.885
101263927	gentleman.n.01	0.98
109652714	person.n.01	1.0
101264642	gentleman.n.01	0.98
101265005	gentleman.n.01	0.988
101265481	gentleman.n.01	0.96
101265536	husband.n.01	None
101265786	gentleman.n.01	0.929
101265989	man.n.01	0.977
101267277	gentleman.n.01	0.993
101268742	gentleman.n.01	0.993
101268935	gentleman.n.01	0.98
101271426	victim.n.01	0.792
101271441	man.n.01	0.996
101271592	man.n.01	0.987
101271707	man.n.01	0.333
101271727	man.n.01	0.99
101272161	man.n.01	0.987
101272216	man.n.01	0.972
101272439	man.n.01	0.985
101272584	man.n.01	0.982
101272685	defendant.n.01	None
101273173	man.n.01	0.985
101273395	gentleman.n.01	0.994
101273550	gentleman.n.01	0.994
101273762	gentleman.n.01	0.988
101274599	gentleman.n.01	0.974
101274793	gentleman.n.01	0.987
101275321	man.n.01	0.886
101275492	man.n.01	0.974
101275671	man.n.01	0.922
101275872	man.n.01	0.961
101275949	man.n.01	0.967
101276023	man.n.01	0.952
101276314	man.n.01	0.895
101276563	man.n.01	0.992
101276706	gentleman.n.01	0.99
101276806	slave.n.01	0.99
101277000	gentleman.n.01	0.991
101277226	gentleman.n.01	0.989
101277390	man.n.01	0.692
101278722	gentleman.n.01	0.997
101279564	gentleman.n.01	0.977
101279825	gentleman.n.01	0.986
101280304	gentleman.n.01	0.997
101280383	man.n.01	0.6
101280570	man.n.01	0.985
101280706	gentleman.n.01	0.998
101281246	gentleman.n.01	0.983
101281380	gentleman.n.01	0.985
101281777	man.n.01	0.973
101281885	gentleman.n.01	0.989
101282025	gentleman.n.01	0.985
101282310	man.n.01	0.996
101282694	gentleman.n.01	0.995
101282930	gentleman.n.01	0.986
101283303	gentleman.n.01	0.986
101283851	gentleman.n.01	0.947
101285660	serviceman.n.01	0.657
101286733	man.n.01	0.667
101289222	serviceman.n.01	0.759
101290546	serviceman.n.01	0.733
101291084	serviceman.n.01	0.678
109680090	man.n.01	0.986
101291568	man.n.01	0.877
109680272	man.n.01	0.985
101291679	man.n.01	0.975
109680353	man.n.01	0.981
109680450	man.n.01	0.99
101292023	man.n.01	0.858
101292212	man.n.01	0.858
101292354	man.n.01	0.827
101292361	man.n.01	0.968
101292868	man.n.01	0.815
101292935	man.n.01	0.983
101293218	man.n.01	0.927
109682674	man.n.01	0.992
101294367	serviceman.n.01	0.665
109683078	man.n.01	0.93
101294538	crew.n.01	0.979
109683708	man.n.01	0.915
109684283	man.n.01	0.935
101295722	man.n.01	0.982
101296867	gentleman.n.01	0.964
109685635	man.n.01	0.986
109685716	man.n.01	0.964
101297292	man.n.01	0.834
101297596	gentleman.n.01	0.979
101297654	serviceman.n.01	0.898
101297677	serviceman.n.01	0.813
101297812	man.n.01	0.983
101297838	man.n.01	0.941
109686697	man.n.01	0.989
109686799	man.n.01	0.978
101298613	man.n.01	0.837
101298781	gentleman.n.01	0.997
101298937	man.n.01	0.993
101299019	man.n.01	0.912
101299543	gentleman.n.01	0.983
101299828	colleague.n.02	0.479
101300072	comrade.n.02	0.707
101300168	man.n.01	0.774
101300341	colleague.n.02	0.47
109689626	deity.n.01	0.858
101301659	man.n.01	0.638
101301764	man.n.01	0.884
109690468	man.n.01	0.995
101301912	comrade.n.02	0.679
101302594	man.n.01	0.882
109691229	man.n.01	0.962
101302824	husband.n.01	None
101302901	husband.n.01	None
101303027	husband.n.01	None
101304115	gentleman.n.01	0.946
101304123	serviceman.n.01	0.724
101304686	man.n.01	0.605
101305853	man.n.01	0.995
101306743	man.n.01	0.989
101307516	man.n.01	0.963
109696441	homo.n.02	0.429
109696461	man.n.01	0.599
109697477	man.n.01	0.982
101308921	man.n.01	0.611
101309010	man.n.01	0.989
101309116	man.n.01	0.436
101310451	man.n.01	0.834
101310482	person.n.01	0.949
101310593	man.n.01	0.899
101311030	man.n.01	0.783
101312022	husband.n.01	None
109701321	man.n.01	0.858
101313169	man.n.01	0.862
101313854	ally.n.02	0.836
101314195	ally.n.01	0.861
109703035	man.n.01	0.983
109703444	man.n.01	0.994
109704773	husband.n.01	None
109704987	man.n.01	0.759
101316991	man.n.01	0.984
101317039	man.n.01	0.935
101317064	man.n.01	0.954
101317114	man.n.05	0.66
101318606	man.n.01	0.99
101320002	gentleman.n.01	0.861
101321329	man.n.01	0.663
101321632	gentleman.n.01	0.988
101321823	man.n.01	0.779
101322201	serviceman.n.01	0.846
101323218	man.n.01	0.983
101323932	man.n.01	0.958
101324767	man.n.01	0.7
101324789	man.n.01	0.406
109713536	friend.n.01	0.975
109713702	man.n.01	0.937
101325619	soldier.n.01	0.999
101325664	man.n.01	0.941
101325765	man.n.05	0.524
109715513	man.n.01	0.857
101328129	man.n.01	0.846
101328468	serviceman.n.01	0.812
109717179	friend.n.01	0.99
101328635	serviceman.n.01	0.651
101328646	man.n.01	0.525
101328678	serviceman.n.01	0.619
101328778	man.n.01	0.858
109717578	man.n.01	0.991
109717602	man.n.01	0.952
101329197	gentleman.n.01	0.997
101329436	man.n.01	0.527
101330250	man.n.01	0.872
101331281	man.n.01	0.85
101331358	serviceman.n.01	0.572
101331651	man.n.01	0.962
101331837	man.n.01	0.587
101332565	man.n.01	0.984
101332576	man.n.01	0.977
101334041	man.n.01	0.971
109724009	friend.n.01	0.992
101335751	man.n.01	0.619
101335801	man.n.01	0.631
109724851	husband.n.01	None
101336778	man.n.01	0.699
109725476	gentleman.n.01	0.976
109725535	man.n.01	0.679
109725575	man.n.05	0.409
101337727	man.n.01	0.704
101337766	man.n.03	0.704
101337773	person.n.01	0.939
101337796	man.n.01	0.679
109727182	friend.n.01	0.984
101338945	serviceman.n.01	0.857
101340030	crew.n.01	0.962
101340089	serviceman.n.01	0.617
101340180	man.n.01	0.864
101340322	man.n.01	0.94
101340558	man.n.01	0.432
101340847	man.n.01	0.566
101342213	man.n.01	0.774
101342232	man.n.01	0.812
109731999	man.n.01	0.981
109732415	friend.n.01	0.994
101344129	man.n.01	0.926
101344459	husband.n.01	None
101344468	husband.n.01	None
109733459	man.n.01	0.977
109734086	friend.n.01	0.84
109735051	man.n.01	0.899
101347249	gentleman.n.01	0.989
101347804	man.n.01	0.785
109736492	friend.n.01	0.984
101347890	man.n.01	0.422
101347975	man.n.01	0.906
101348162	man.n.01	0.83
101348213	man.n.01	0.742
101349336	man.n.01	0.897
109738775	man.n.01	0.989
101350273	man.n.06	0.484
101351395	man.n.01	0.828
109740210	friend.n.01	0.984
109740556	wrestler.n.01	None
109741498	serviceman.n.01	0.621
101353004	man.n.01	0.991
101353399	man.n.01	0.573
101354010	serviceman.n.01	0.852
109742744	man.n.01	0.906
101354418	citizen.n.01	None
101354485	man.n.01	0.935
101354594	man.n.01	0.928
101354612	man.n.01	0.933
101355030	gentleman.n.01	0.989
101355038	man.n.01	0.904
101355078	man.n.01	0.956
101355104	man.n.01	0.916
109744179	man.n.01	0.697
101355613	serviceman.n.01	0.911
109744251	man.n.01	0.981
101356082	serviceman.n.01	0.816
101356916	man.n.01	0.542
101356939	man.n.01	0.657
101356962	sir.n.01	0.949
101358156	serviceman.n.01	0.674
101358217	serviceman.n.01	0.493
101358304	man.n.01	0.539
101358733	man.n.01	0.69
109747381	serviceman.n.01	0.522
101359049	serviceman.n.01	0.938
101359411	man.n.01	0.629
101359579	man.n.01	0.975
109748575	man.n.01	0.799
109749693	friend.n.01	0.986
109749904	chap.n.01	0.498
109749928	friend.n.01	0.973
109749946	man.n.01	0.664
109750253	man.n.01	0.992
101361887	man.n.01	0.965
101362579	man.n.01	0.91
109751539	man.n.01	0.947
109751660	man.n.01	0.989
101363123	gentleman.n.01	0.998
101363871	man.n.01	0.935
101364949	man.n.01	0.927
101364982	man.n.01	0.982
109753630	man.n.01	0.95
109753833	friend.n.01	0.975
109754029	man.n.01	0.982
101367810	friend.n.01	0.984
101367818	leader.n.01	1.0
101368032	man.n.01	0.799
101368085	man.n.01	0.909
109757486	man.n.01	0.982
101369045	man.n.01	0.907
109759643	man.n.01	0.977
101372018	woman.n.01	0.828
101372727	man.n.01	0.776
109763017	man.n.01	0.826
101374422	man.n.01	0.695
101375355	friend.n.01	0.987
109764224	warrior.n.01	None
101376226	general.n.01	0.998
101376299	man.n.01	0.943
109764992	herder.n.02	None
109765599	friend.n.01	0.982
101377464	man.n.01	0.903
101377652	man.n.01	0.936
109767656	man.n.01	0.991
109767806	man.n.01	0.99
109767823	man.n.01	0.974
101379364	man.n.01	0.954
109767983	man.n.01	0.987
101379486	man.n.01	0.936
101379498	man.n.01	0.915
109768119	man.n.01	0.862
109768185	man.n.01	0.945
109768663	man.n.01	0.953
101380256	sir.n.01	0.878
109769091	man.n.01	0.899
109769417	man.n.01	0.895
101381930	man.n.01	0.663
109770556	serviceman.n.01	0.585
101382253	man.n.01	0.825
101382629	man.n.01	0.953
109771423	man.n.01	0.943
109771889	man.n.01	0.63
109772504	man.n.01	0.86
109772583	man.n.01	0.978
109773555	friend.n.01	0.982
109773722	man.n.01	0.974
109773922	man.n.01	0.94
101385520	man.n.01	0.983
109774197	man.n.01	0.992
109774411	man.n.01	0.792
109775613	man.n.01	0.814
101387305	man.n.01	0.942
101387533	man.n.01	0.962
101387660	man.n.01	0.949
101388889	friend.n.01	0.995
109777596	man.n.01	0.977
109777598	man.n.01	0.974
109777924	man.n.01	0.931
109778086	guest.n.01	0.98
109778100	man.n.01	0.967
101390975	man.n.01	0.972
101391092	friend.n.01	0.993
101392075	leader.n.01	1.0
101392146	gentleman.n.01	0.977
101392580	man.n.01	0.941
109781977	man.n.01	0.973
109782953	husband.n.01	None
109783175	man.n.01	0.995
109784725	man.n.01	0.984
118174066	man.n.01	0.969
109785562	gentleman.n.01	0.995
118174370	serviceman.n.01	0.526
109785800	man.n.01	0.962
118174427	man.n.01	0.992
118174434	man.n.01	0.99
118174812	man.n.01	0.989
118174966	man.n.01	0.888
118174998	man.n.01	0.994
101397811	man.n.01	0.862
118175244	man.n.01	0.991
109787186	chap.n.01	0.835
101398819	person.n.01	0.871
101399511	man.n.01	0.83
118176787	citizen.n.01	None
109788910	man.n.01	0.929
109789019	man.n.01	0.99
118178104	soldier.n.01	0.998
101401048	gentleman.n.01	0.998
118178474	man.n.01	0.55
118178784	man.n.01	0.995
118178807	man.n.01	0.996
118178811	man.n.01	0.989
118178861	husband.n.01	None
118178897	man.n.01	0.992
118178965	man.n.01	0.965
109790519	friend.n.01	0.99
118179133	man.n.01	0.982
118179208	man.n.01	0.959
118179214	man.n.01	0.992
118179239	man.n.01	0.995
118179264	husband.n.01	None
118179272	man.n.01	0.995
101402492	man.n.01	0.927
118180003	homo.n.02	0.387
109791410	man.n.01	0.985
101402821	man.n.01	0.956
109791435	man.n.01	0.968
118180586	man.n.01	0.982
118180875	man.n.01	0.997
109792296	man.n.01	0.804
109793378	man.n.01	0.989
109794195	friend.n.01	0.991
101405596	husband.n.01	None
101405643	husband.n.01	None
101405810	husband.n.01	None
101405824	wife.n.01	None
109794645	friend.n.01	0.986
109795014	man.n.01	0.991
109795296	man.n.01	0.971
109795690	friend.n.01	0.991
101407288	man.n.01	0.774
109796837	man.n.01	0.567
101408394	gentleman.n.01	0.997
101408592	man.n.01	0.987
101408602	man.n.01	0.987
101408616	man.n.01	0.987
101408800	man.n.01	0.994
101409192	man.n.01	0.825
101409598	man.n.01	0.985
101409937	man.n.01	0.926
101409952	man.n.01	0.896
101410020	man.n.01	0.959
101410057	man.n.01	0.992
101410147	man.n.01	0.976
101410239	man.n.01	0.865
101410289	man.n.01	0.916
101411648	serviceman.n.01	0.836
109800594	man.n.01	0.979
109800725	man.n.01	0.619
101412593	man.n.01	0.92
101412815	man.n.01	0.991
101414027	gentleman.n.01	0.984
101414088	gentleman.n.01	0.997
101414220	man.n.01	0.956
109802874	man.n.01	0.961
109802892	man.n.01	0.879
101414460	man.n.01	0.974
101414522	man.n.01	0.808
109803389	man.n.01	0.978
101415405	gentleman.n.01	0.995
101415476	man.n.01	0.98
109804796	man.n.01	0.97
109805028	person.n.01	None
101417073	man.n.01	0.981
101421490	man.n.01	0.952
101421536	man.n.09	0.483
101422106	man.n.01	0.826
101422120	man.n.01	0.826
109810927	man.n.01	0.863
101423457	man.n.01	0.922
101424439	man.n.01	0.995
101424447	man.n.01	0.983
101424456	man.n.01	0.961
101424460	man.n.01	0.932
101424803	gentleman.n.01	0.993
101424823	man.n.01	0.871
101425621	gentleman.n.01	0.983
101425717	man.n.01	0.856
101425899	gentleman.n.01	0.991
101425943	gentleman.n.01	0.987
101426182	man.n.01	0.871
109815102	man.n.01	0.953
109815213	homo.n.02	0.509
109815273	friend.n.01	0.99
109815523	man.n.01	0.963
101427427	man.n.01	0.907
101427749	man.n.01	0.988
101428141	gentleman.n.01	0.95
101428698	sir.n.01	0.956
101431332	man.n.01	0.955
101432106	gentleman.n.01	0.98
101433155	young_person.n.01	0.641
101433811	man.n.01	0.757
101434356	gentleman.n.01	0.925
109823349	man.n.01	0.968
101435253	gentleman.n.01	0.964
101435564	gentleman.n.01	0.993
101435684	man.n.01	0.958
101436230	gentleman.n.01	0.983
101436609	man.n.01	0.984
101436898	man.n.01	0.926
101436932	man.n.01	0.815
101437175	soldier.n.01	0.999
101437500	serviceman.n.01	0.761
101437535	man.n.01	0.572
109827071	man.n.01	0.989
109827745	man.n.01	0.648
101439239	chap.n.01	0.383
109827883	friend.n.01	0.992
109827986	man.n.01	0.398
101439590	colleague.n.02	0.44
101439971	man.n.01	0.761
101440112	serviceman.n.01	0.591
101440214	representative.n.01	0.682
109829718	man.n.01	0.615
109829723	man.n.01	0.903
101441159	serviceman.n.01	0.513
109830089	man.n.01	0.438
109830908	man.n.01	0.913
109830946	man.n.01	0.993
101442731	man.n.01	0.882
101443137	man.n.01	0.952
101443377	man.n.01	0.564
101443405	man.n.01	0.484
101443479	man.n.01	0.709
109832576	friend.n.01	0.991
109832860	friend.n.01	0.987
109833200	man.n.01	0.921
101445340	man.n.01	0.938
101445499	man.n.01	0.979
101445897	man.n.01	0.923
109834528	man.n.01	0.565
101446346	man.n.01	0.839
101448793	gentleman.n.01	0.965
109838515	friend.n.01	0.989
101449933	man.n.01	0.74
101450406	man.n.01	0.732
109839078	man.n.01	0.986
109839170	husband.n.01	None
109840436	man.n.01	0.976
109841122	man.n.01	0.906
101453734	man.n.01	0.786
101453841	man.n.01	0.919
101453982	man.n.01	0.806
101454150	man.n.01	0.812
109842952	man.n.01	0.916
101454557	man.n.01	0.691
101455940	gentleman.n.01	0.968
109844554	man.n.01	0.986
101456219	man.n.01	0.777
101456299	serviceman.n.01	0.818
101456586	gentleman.n.01	0.993
109845281	friend.n.01	0.994
101457169	gentleman.n.01	0.99
101457248	man.n.06	0.723
101457319	gentleman.n.01	0.976
109846007	man.n.01	0.474
101457451	companion.n.01	0.418
101457489	man.n.01	0.45
101457616	general.n.01	0.996
101457860	gentleman.n.01	0.991
101458195	man.n.06	0.487
101458380	serviceman.n.01	0.576
101458494	man.n.01	0.88
101458822	gentleman.n.01	0.992
101459424	man.n.06	0.487
101459537	man.n.01	0.795
101460891	man.n.01	0.718
101461174	serviceman.n.01	0.84
101461995	chap.n.01	0.951
101462113	troop.n.01	0.91
101462534	man.n.01	0.812
101462679	gentleman.n.01	0.975
101462784	man.n.01	0.943
109852251	man.n.01	0.864
101463853	man.n.01	0.892
101463909	chap.n.01	0.942
101464001	man.n.08	0.494
101464093	husband.n.01	None
101464150	man.n.01	0.701
101465172	man.n.01	0.802
101467314	man.n.01	0.97
109856300	friend.n.01	0.987
101468488	husband.n.01	None
109857661	friend.n.01	0.993
101469335	man.n.01	0.793
101469425	man.n.01	0.6
101470114	man.n.01	0.95
101470320	serviceman.n.01	0.508
101470654	man.n.01	0.997
101471355	man.n.01	0.997
109860227	man.n.01	0.963
101471824	man.n.01	0.851
109860881	man.n.01	0.949
101472538	gentleman.n.01	0.967
101472618	gentleman.n.01	0.987
109862772	person.n.01	0.997
109862788	man.n.01	0.957
109862843	man.n.01	0.925
109862925	man.n.01	0.899
101474405	man.n.01	0.807
101474931	man.n.01	0.989
101474987	man.n.01	0.978
101475409	man.n.01	0.497
101475439	man.n.01	0.752
109864294	man.n.01	0.909
101475755	soldier.n.01	0.998
101475850	serviceman.n.01	0.511
109864483	man.n.01	0.963
109864517	man.n.01	0.954
101476024	man.n.01	0.933
101476357	man.n.01	0.997
101476708	soldier.n.01	0.998
101476880	serviceman.n.01	0.792
109865728	friend.n.01	0.974
109866113	serviceman.n.01	0.834
109866785	man.n.01	0.973
109866805	serviceman.n.01	0.577
101478695	soldier.n.01	0.997
101478881	man.n.01	0.684
101479590	man.n.01	0.654
101479608	man.n.01	0.983
101479751	man.n.01	0.573
101479992	man.n.01	0.996
101480088	man.n.01	0.98
109869115	man.n.01	0.867
109869160	man.n.01	0.821
101481026	man.n.01	0.964
101481053	man.n.01	0.684
101481122	man.n.01	0.989
101481129	man.n.01	0.983
101481221	soldier.n.01	0.999
101481226	serviceman.n.01	0.789
109869858	man.n.01	0.965
101481742	man.n.01	0.958
101481892	man.n.01	0.629
101482086	man.n.01	0.979
101482836	soldier.n.01	0.996
101483469	soldier.n.01	0.999
109872834	man.n.01	0.99
101484517	companion.n.01	0.51
101484567	serviceman.n.01	0.592
101485526	man.n.01	0.499
101485768	soldier.n.01	0.997
101485961	soldier.n.01	0.984
109874743	man.n.01	0.959
109874872	husband.n.01	None
101486325	soldier.n.01	1.0
109874996	husband.n.01	None
101486828	colleague.n.02	0.469
101486909	serviceman.n.01	0.863
101487096	serviceman.n.01	0.517
109875885	husband.n.01	None
109876145	friend.n.01	0.995
109876659	man.n.01	0.977
101488267	soldier.n.01	0.998
101488386	man.n.01	0.585
101488550	soldier.n.01	0.999
101488565	man.n.01	0.836
101488575	serviceman.n.01	0.496
101488686	man.n.01	0.808
101488788	man.n.01	0.978
101488798	man.n.01	0.806
101488917	man.n.01	0.915
101488922	man.n.01	0.915
101488976	man.n.01	0.947
101489126	deputation.n.01	0.98
101489132	serviceman.n.01	0.821
101489160	man.n.01	0.857
101489175	serviceman.n.01	0.916
101489203	man.n.01	0.953
101489307	man.n.01	0.875
109877955	man.n.01	0.592
101489355	man.n.01	0.988
101490349	troop.n.01	0.977
101490371	man.n.06	0.669
101490384	serviceman.n.01	0.609
109879045	man.n.01	0.988
109879073	man.n.01	0.607
101490509	soldier.n.01	0.997
101491089	man.n.01	0.983
101491099	man.n.01	0.993
109879927	man.n.01	0.99
109880086	man.n.01	0.945
101491609	man.n.01	0.888
101492006	man.n.01	0.68
101492656	serviceman.n.01	0.785
101492682	serviceman.n.01	0.625
101493277	soldier.n.01	0.998
109882317	man.n.01	0.974
101494232	man.n.01	0.966
101494368	gentleman.n.01	0.974
101495338	man.n.01	0.799
101495924	man.n.01	0.982
109884585	man.n.01	0.838
101496350	man.n.01	0.818
101496830	man.n.01	0.931
101496862	man.n.01	0.962
109885724	man.n.01	0.745
101497580	soldier.n.01	0.992
109886261	man.n.03	0.477
101498258	man.n.01	0.907
101498456	man.n.01	0.971
101498476	man.n.01	0.911
101498518	serviceman.n.01	0.48
101498559	soldier.n.01	0.998
101498860	man.n.01	0.972
101499451	serviceman.n.01	0.591
101499669	man.n.01	0.948
101499679	benefactor.n.01	None
101499766	man.n.01	0.955
101500452	man.n.01	0.812
101501441	troop.n.01	0.829
101501499	man.n.01	0.87
101501598	defender.n.02	0.971
101502195	man.n.01	0.927
101502783	man.n.01	0.849
101503105	man.n.01	0.987
101503134	man.n.01	0.991
101503231	man.n.01	0.974
101503245	man.n.01	0.947
101503346	man.n.01	0.989
101504124	man.n.01	0.978
101504312	man.n.01	0.985
101504458	man.n.01	0.985
109894404	man.n.01	0.992
101506055	husband.n.01	None
101506206	man.n.01	0.968
109896206	man.n.01	0.992
109896501	man.n.01	0.828
101507904	man.n.01	0.778
101509040	man.n.01	0.731
101509380	man.n.01	0.98
101509547	man.n.01	0.854
101509621	man.n.01	0.725
101509642	man.n.01	0.997
101510468	serviceman.n.01	0.911
101510493	man.n.01	0.991
101510928	soldier.n.01	0.998
109899764	man.n.01	0.821
101511265	serviceman.n.01	0.875
101511828	man.n.01	0.942
101512650	man.n.01	0.645
101512892	man.n.01	0.601
101512985	man.n.01	0.92
109902415	sheepherder.n.01	0.995
109902636	man.n.01	0.953
101514075	man.n.01	0.813
101514500	man.n.01	0.609
101514517	man.n.01	0.95
118292100	man.n.01	0.521
118292134	man.n.01	0.8
101516404	man.n.01	0.669
109905091	man.n.01	0.748
109905132	man.n.01	0.683
109905278	man.n.01	0.961
101516741	serviceman.n.01	0.891
101517141	man.n.01	0.6
101517341	serviceman.n.01	0.876
101517378	citizen.n.01	None
109906355	man.n.01	0.974
118294987	man.n.01	0.996
101518182	serviceman.n.01	0.899
101518730	serviceman.n.01	0.695
109907636	man.n.01	0.675
101519277	serviceman.n.01	0.567
101519415	serviceman.n.01	0.577
101519463	serviceman.n.01	0.59
109908540	man.n.01	0.946
101520028	serviceman.n.01	0.58
109908668	man.n.01	0.427
101520405	man.n.01	0.49
101520421	man.n.01	0.823
101520511	serviceman.n.01	0.712
101520800	friend.n.01	0.975
101520879	man.n.01	0.99
101520948	man.n.01	0.992
101520970	chap.n.01	0.952
101521365	man.n.01	0.997
101521412	man.n.01	0.812
101521572	man.n.01	0.986
109910391	man.n.01	0.99
118299032	man.n.01	0.989
101521988	brother.n.04	0.419
118299427	man.n.01	0.69
101522257	serviceman.n.01	0.69
109910978	man.n.01	0.985
109911012	man.n.01	0.995
109911034	husband.n.01	None
118299689	serviceman.n.01	0.897
118299871	man.n.01	0.577
118300066	man.n.01	0.965
109911494	citizen.n.01	None
118300196	force.n.04	0.58
118300382	man.n.01	0.998
118301325	husband.n.01	None
109912724	man.n.01	0.992
118301589	man.n.01	0.989
101524859	serviceman.n.01	0.615
118302244	husband.n.01	None
101525069	serviceman.n.01	0.905
109914379	man.n.01	0.97
101526222	man.n.01	0.95
109914983	man.n.01	0.945
118303818	man.n.01	0.504
118303983	man.n.01	0.84
101526778	man.n.01	0.976
118304239	man.n.01	0.901
118304393	man.n.01	0.966
101527396	man.n.01	0.909
118304850	man.n.01	0.89
118304910	man.n.01	0.807
118305401	man.n.01	0.818
109916825	man.n.01	0.984
109916906	man.n.01	0.5
101528404	man.n.01	0.952
101528509	man.n.01	0.799
101529313	companion.n.01	0.651
118307040	man.n.01	0.966
109918456	man.n.01	0.994
118307131	man.n.01	0.99
118307333	man.n.01	0.97
109918816	man.n.01	0.873
109918823	husband.n.01	None
118307499	man.n.01	0.993
118307542	man.n.01	0.98
101530536	man.n.01	0.992
101531028	man.n.01	0.993
101531216	hero.n.01	0.934
101531489	man.n.01	0.509
109921439	woman.n.01	0.944
109921598	man.n.01	0.457
101533073	man.n.03	0.687
118310476	man.n.01	0.693
101533266	man.n.01	0.826
101533371	man.n.01	0.57
118310656	man.n.01	0.979
101533543	serviceman.n.01	0.565
101533548	man.n.06	0.444
109922639	man.n.01	0.989
101534217	man.n.01	0.701
101534544	friend.n.01	0.993
101534548	chap.n.01	0.737
118311822	wanderer.n.01	0.998
101534712	man.n.05	0.61
109923338	man.n.01	0.991
101534784	man.n.01	0.975
109923404	friend.n.01	0.986
101534829	man.n.01	0.954
118312105	man.n.01	0.925
118312147	man.n.01	0.952
118312251	man.n.03	0.775
101535101	citizen.n.01	None
101535274	serviceman.n.01	0.855
101535437	man.n.01	0.764
101535582	serviceman.n.01	0.747
109924492	man.n.01	0.913
118313188	man.n.01	0.838
118313237	man.n.01	0.923
118313329	man.n.01	0.922
101536422	man.n.01	0.943
101536514	man.n.01	0.838
101537063	man.n.01	0.966
118314456	man.n.01	0.989
118314485	man.n.01	0.955
118314567	man.n.01	0.949
109926137	friend.n.01	0.98
109926201	man.n.01	0.977
109926290	man.n.01	0.922
101538069	soldier.n.01	0.997
101538105	man.n.01	0.909
118315614	man.n.01	0.976
101538723	serviceman.n.01	0.723
101538803	man.n.01	0.976
101539052	serviceman.n.01	0.774
118316517	man.n.01	0.954
101539363	serviceman.n.01	0.582
118316624	man.n.01	0.678
118316657	man.n.01	0.637
101539590	friend.n.01	0.971
101539892	horseman.n.01	0.944
101539920	world.n.08	0.294
101539981	man.n.01	0.97
101539997	man.n.01	0.992
101540012	man.n.01	0.962
101540045	man.n.01	0.862
118317283	man.n.01	0.971
101540116	man.n.01	0.92
118317381	man.n.01	0.977
101540288	man.n.01	0.967
118317626	hero.n.02	0.443
101540700	man.n.01	0.891
101540779	man.n.01	0.663
118318219	man.n.01	0.793
109929678	man.n.01	0.432
109930189	husband.n.01	None
109930258	friend.n.01	0.984
118319254	man.n.01	0.961
109931162	man.n.01	0.896
118320170	hero.n.01	0.687
101543224	serviceman.n.01	0.572
101543522	man.n.01	0.579
101543806	serviceman.n.01	0.734
109932499	man.n.01	0.98
101544279	man.n.01	0.994
101544396	man.n.01	0.931
118321624	man.n.01	0.933
118321827	man.n.01	0.915
118321888	man.n.01	0.892
118321962	man.n.01	0.921
109933360	friend.n.01	0.987
101545397	husband.n.01	None
101545634	husband.n.01	None
101545640	man.n.01	0.961
101545671	man.n.01	0.941
109935016	friend.n.01	0.99
118324025	man.n.01	0.836
118324358	man.n.01	0.727
118324488	man.n.01	0.845
101547564	serviceman.n.01	0.799
118324904	man.n.01	0.988
101547946	man.n.01	0.952
101548095	man.n.01	0.922
118325449	man.n.01	0.748
118325482	man.n.01	0.757
118325509	man.n.01	0.984
109936988	man.n.01	0.996
101548690	friend.n.01	0.99
101549025	man.n.01	0.987
118326949	man.n.01	0.743
118327085	man.n.01	0.988
101551417	serviceman.n.01	0.843
101551535	man.n.01	0.964
118328755	man.n.01	0.898
118328808	man.n.01	0.967
101551607	horse.n.01	0.922
118329042	man.n.01	0.937
118329049	man.n.01	0.937
118329225	man.n.01	0.978
118329525	man.n.01	0.993
118329722	man.n.01	0.61
101552722	man.n.01	0.79
118330371	man.n.01	0.98
118330551	eunuch.n.01	None
118330618	man.n.01	0.89
118330635	man.n.01	0.899
118331326	man.n.01	0.975
101554155	serviceman.n.01	0.891
118331769	man.n.01	0.952
118331820	man.n.01	0.88
109943268	man.n.01	0.983
101554949	man.n.01	0.944
118332625	woman.n.01	0.863
118333016	man.n.01	0.825
118333338	man.n.01	0.978
109945111	man.n.01	0.942
101556681	serviceman.n.01	0.621
118334163	man.n.01	0.938
118334169	man.n.01	0.923
109945751	man.n.01	0.951
118335055	man.n.01	0.643
118335236	man.n.01	0.946
109946633	friend.n.01	0.995
118335353	man.n.01	0.954
118335783	statesman.n.01	None
109947696	man.n.01	0.977
101559197	friend.n.01	0.98
118336970	man.n.01	0.915
101560309	husband.n.01	None
109949526	man.n.01	0.985
101561098	husband.n.01	None
101561143	husband.n.01	None
101561158	man.n.01	0.914
101561172	husband.n.01	None
109949882	friend.n.01	0.991
101561589	serviceman.n.01	0.906
101561620	man.n.01	0.775
101561656	man.n.01	0.562
101561864	man.n.01	0.937
101562134	archer.n.01	None
109951359	man.n.01	0.994
101562873	serviceman.n.01	0.527
109951605	man.n.01	0.977
101563086	friend.n.01	0.987
109951957	husband.n.01	None
118341407	man.n.01	0.993
109953268	judge.n.01	0.948
109953365	man.n.01	0.951
118341974	man.n.01	0.991
101565036	man.n.01	0.926
101565102	friend.n.01	0.986
109953710	husband.n.01	None
101565108	man.n.01	0.839
101565407	serviceman.n.01	0.679
101565434	man.n.01	0.926
101565456	man.n.01	0.835
109954098	man.n.01	0.985
101565799	serviceman.n.01	0.929
118343018	sir.n.01	0.959
101566078	man.n.01	0.628
118343519	sir.n.01	0.954
101566371	husband.n.01	None
101566522	husband.n.01	None
101566672	friend.n.01	0.979
101566712	husband.n.01	None
118344063	sir.n.01	0.948
101566864	friend.n.01	0.907
101566995	serviceman.n.01	0.924
101567866	friend.n.01	0.986
101567886	serviceman.n.01	0.82
101567920	serviceman.n.01	0.886
101567953	man.n.01	0.554
101567971	man.n.06	0.538
101567990	man.n.01	0.833
101568063	serviceman.n.01	0.537
109956720	man.n.01	0.99
118345430	sir.n.01	0.945
101568331	chap.n.01	0.884
118345775	husband.n.01	None
118346001	man.n.01	0.981
109957424	man.n.01	0.988
118346114	man.n.01	0.957
101569064	friend.n.01	0.996
101569270	man.n.01	0.632
109957965	man.n.01	0.943
118346634	husband.n.01	None
118346845	husband.n.01	None
101569797	man.n.01	0.883
101569827	man.n.06	0.554
101569841	man.n.06	0.728
118347229	husband.n.01	None
118347664	man.n.01	0.94
101570824	man.n.01	0.898
109959672	man.n.01	0.99
118348304	man.n.01	0.863
109959825	man.n.01	0.993
101571912	husband.n.01	None
101571955	man.n.01	0.935
118349247	woman.n.01	0.983
109960680	man.n.01	0.984
101572252	man.n.01	0.902
101572334	husband.n.01	None
101572338	man.n.01	0.97
101572383	husband.n.01	None
101572420	husband.n.01	None
101572496	husband.n.01	None
109961432	man.n.01	0.99
101572838	gentleman.n.01	0.986
118350118	man.n.03	0.708
109962091	man.n.01	0.988
118350906	husband.n.01	None
101573918	gentleman.n.01	0.91
101573962	man.n.01	0.986
118351832	man.n.01	0.901
101574683	serviceman.n.01	0.788
118352306	man.n.01	0.985
118352393	man.n.01	0.844
109963890	man.n.01	0.992
118352508	man.n.01	0.653
101575315	gentleman.n.01	0.963
118352556	man.n.01	0.968
118352974	man.n.01	0.655
101576344	man.n.01	0.795
101576480	man.n.01	0.87
101576908	serviceman.n.01	0.576
101577134	man.n.01	0.558
109965893	man.n.01	0.992
118354726	man.n.01	0.922
101577555	man.n.01	0.696
109967975	man.n.01	0.996
118357732	man.n.01	0.98
118358013	husband.n.01	None
109969851	man.n.01	0.984
118358508	man.n.01	0.884
118358531	man.n.01	0.949
101581566	man.n.01	0.811
101581623	man.n.01	0.904
109970698	friend.n.01	0.993
118359433	man.n.01	0.846
118359791	husband.n.01	None
101583265	man.n.01	0.987
118360886	husband.n.01	None
118360908	husband.n.01	None
118361007	man.n.01	0.955
101583945	soldier.n.01	1.0
101583987	man.n.01	0.885
101584013	man.n.01	0.819
101584233	man.n.01	0.903
118361501	man.n.01	0.945
118361904	man.n.01	0.988
118362829	husband.n.01	None
118362846	man.n.01	0.98
101585662	man.n.01	0.982
118363058	warrior.n.01	None
118363231	husband.n.01	None
118363275	man.n.01	0.992
118363281	man.n.01	0.992
101586316	man.n.01	0.887
101586790	husband.n.01	None
101586817	husband.n.01	None
118364153	stranger.n.01	0.508
118364174	husband.n.01	None
118364250	husband.n.01	None
118364381	man.n.01	0.954
101587424	friend.n.01	0.98
109976258	friend.n.01	0.957
118365284	man.n.01	0.916
101588251	tactician.n.01	None
109977063	serviceman.n.01	0.873
118365737	person.n.01	None
118365795	hero.n.01	0.88
109977359	man.n.01	0.95
118366602	man.n.01	0.906
101589913	serviceman.n.01	0.864
101589939	man.n.01	0.677
101590093	man.n.01	0.972
101590830	man.n.01	0.979
101590834	man.n.01	0.925
118368290	warrior.n.01	None
101591446	man.n.01	0.962
109980092	man.n.01	0.978
118368845	man.n.01	0.931
101592242	man.n.01	0.89
118370979	man.n.01	0.83
118370985	enemy.n.02	0.89
118371076	warrior.n.01	None
118371274	sir.n.01	0.928
101594263	man.n.01	0.968
109983128	man.n.01	0.94
118371820	man.n.01	0.99
118371825	man.n.01	0.952
118371963	man.n.01	0.969
118372444	man.n.01	0.975
118372600	man.n.01	0.97
118372768	man.n.01	0.965
101595615	man.n.01	0.975
118372831	man.n.01	0.831
118372881	man.n.01	0.918
118373054	man.n.01	0.962
118373145	man.n.01	0.804
101596473	husband.n.01	None
101596492	husband.n.01	None
101596577	husband.n.01	None
118373869	man.n.01	0.913
101596691	husband.n.01	None
118373929	man.n.01	0.884
109985791	man.n.01	0.964
101597338	man.n.01	0.939
109986508	man.n.01	0.966
118375333	philosopher.n.01	0.965
118375359	man.n.01	0.911
109986810	man.n.01	0.997
109986820	man.n.01	0.997
101598217	man.n.03	0.522
101598278	man.n.03	0.613
101598463	person.n.01	0.999
109987118	man.n.01	0.964
109987160	man.n.01	0.853
109987228	friend.n.01	0.989
118375849	man.n.01	0.93
118375861	man.n.01	0.93
118376096	citizen.n.01	None
101598964	man.n.01	0.883
109989197	head.n.04	0.677
101600674	man.n.01	0.918
109989449	friend.n.01	0.982
118378647	man.n.01	0.973
118378693	man.n.01	0.967
101601829	serviceman.n.01	0.62
101601964	man.n.01	0.897
118379231	man.n.01	0.961
101602071	man.n.01	0.531
118379382	man.n.01	0.986
109991046	man.n.01	0.91
109991055	man.n.01	0.761
109991074	man.n.01	0.787
118380015	man.n.01	0.992
118380176	man.n.01	0.892
118380509	man.n.01	0.734
109992250	man.n.01	0.934
109992299	man.n.01	0.997
118380986	man.n.01	0.921
118381045	man.n.01	0.851
109992548	man.n.01	0.976
118381158	man.n.01	0.983
118381163	man.n.01	0.983
118381356	man.n.01	0.972
118381424	man.n.01	0.926
109993730	friend.n.01	0.983
118382391	man.n.01	0.854
109994864	man.n.01	0.914
118383495	man.n.01	0.94
118383751	man.n.01	0.99
118384147	man.n.01	0.972
118384223	husband.n.01	None
118384252	man.n.01	0.977
118384275	husband.n.01	None
118384433	husband.n.01	None
118384475	husband.n.01	None
118384668	husband.n.01	None
101607734	man.n.01	0.716
101607755	man.n.01	0.943
118385102	man.n.01	0.995
101607941	man.n.01	0.88
101608806	man.n.01	0.804
109997498	husband.n.01	None
101609288	man.n.01	0.93
101609350	husband.n.01	None
109997977	man.n.01	0.996
101609390	man.n.01	0.961
118386887	man.n.01	0.875
101609977	man.n.01	0.988
101609989	man.n.01	0.969
101610047	man.n.01	0.987
101610189	man.n.01	0.928
118388812	man.n.01	0.976
118389696	man.n.01	0.934
118390053	man.n.01	0.987
118390332	man.n.01	0.713
118390371	adult.n.01	0.987
118390426	statesman.n.01	None
118390454	man.n.01	0.782
118390462	man.n.01	0.782
118390828	man.n.01	0.721
118390874	man.n.01	0.529
118390921	prince.n.01	None
118391252	man.n.01	0.906
110003003	statesman.n.01	None
118391791	man.n.01	0.778
118392015	man.n.01	0.874
110003841	man.n.01	0.952
110004159	man.n.01	0.955
101616202	man.n.01	0.983
118394290	husband.n.01	None
118394656	man.n.01	0.985
110006332	man.n.01	0.975
118395637	man.n.01	0.989
118396118	man.n.01	0.988
101619142	man.n.01	0.685
110007867	man.n.01	0.965
118396817	man.n.03	0.444
110008737	man.n.01	0.948
101620339	man.n.01	0.476
101620419	serviceman.n.01	0.521
118397925	man.n.01	0.665
110009685	tower.n.01	0.896
118398481	man.n.01	0.978
101622209	man.n.01	0.986
110011033	man.n.01	0.964
110011238	man.n.01	0.953
110011253	soldier.n.01	0.999
110011263	man.n.01	0.853
101622657	man.n.01	0.926
118399948	man.n.01	0.925
110011395	man.n.01	0.932
101622892	serviceman.n.01	0.81
110011915	man.n.01	0.518
118400907	serviceman.n.01	0.606
101623870	man.n.01	0.97
101623876	man.n.01	0.984
118401534	sir.n.01	0.933
101624349	man.n.01	0.934
101624893	serviceman.n.01	0.841
118402194	man.n.01	0.835
118402204	man.n.01	0.832
101625179	person.n.01	0.999
118402703	man.n.01	0.573
101625817	man.n.01	0.993
118403063	man.n.01	0.881
118403390	sir.n.01	0.949
118403768	man.n.01	0.942
110015322	man.n.01	0.971
110016185	archer.n.01	None
101627595	horseman.n.01	0.808
118405338	man.n.01	0.802
118405637	man.n.01	0.985
118405965	man.n.01	0.967
110017537	man.n.01	0.919
110017900	man.n.01	0.975
118407487	man.n.01	0.687
118407831	man.n.01	0.911
118408057	man.n.01	0.77
118408133	man.n.01	0.9
118408157	man.n.01	0.664
118408231	man.n.01	0.931
110020225	husband.n.01	None
118408856	man.n.01	0.946
118409057	man.n.01	0.895
118409143	man.n.01	0.508
118409361	man.n.01	0.906
101632249	man.n.01	0.981
118409845	man.n.01	0.88
118410083	man.n.01	0.928
118410945	man.n.01	0.89
118411138	man.n.01	0.935
118411658	husband.n.01	None
118412105	citizen.n.01	None
118412532	man.n.01	0.846
118412617	citizen.n.01	None
118412808	man.n.01	0.907
118413331	man.n.01	0.858
118414056	man.n.01	0.95
118414438	man.n.01	0.865
118414826	man.n.01	0.806
110026394	man.n.01	0.981
118415149	man.n.01	0.878
118415201	man.n.01	0.882
118415409	man.n.01	0.829
118415674	man.n.01	0.906
110027446	man.n.01	0.528
118416090	man.n.01	0.95
118416599	man.n.01	0.823
118416836	man.n.01	0.943
118417104	man.n.01	0.967
118417181	man.n.01	0.989
110029289	woman.n.01	0.964
118419798	man.n.01	0.855
118420128	man.n.01	0.733
101643095	man.n.03	0.454
101643442	man.n.01	0.614
101643612	man.n.01	0.642
101643838	man.n.01	0.941
110032766	soldier.n.01	0.996
110032809	man.n.01	0.685
118421778	man.n.01	0.965
110033669	man.n.01	0.776
118422330	man.n.01	0.896
118422485	man.n.01	0.918
118422630	man.n.01	0.886
118422784	man.n.01	0.988
118423165	man.n.01	0.448
118423713	man.n.01	0.73
118423728	friend.n.01	0.987
118423914	man.n.01	0.845
118423976	man.n.01	0.944
110036045	man.n.01	0.893
118424743	man.n.01	0.914
101647559	man.n.01	0.963
118424799	person.n.01	0.825
101647679	man.n.01	0.705
118424958	man.n.01	0.95
101647809	man.n.01	0.898
101647878	man.n.03	0.525
101647990	suitor.n.01	None
101648279	man.n.01	0.792
118425709	hero.n.01	0.793
101648514	man.n.03	0.393
118426096	dictator.n.02	None
101648925	man.n.01	0.967
101648945	man.n.01	0.935
101649251	man.n.01	0.851
101649481	young_buck.n.01	0.992
101649757	man.n.03	0.465
101649783	man.n.01	0.515
101649864	man.n.01	0.817
101649919	man.n.01	0.95
110038539	man.n.01	0.963
118427783	man.n.01	0.988
101650627	man.n.01	0.878
101650687	man.n.01	0.958
101650764	man.n.01	0.768
101651125	man.n.01	0.701
118428492	man.n.01	0.974
101651332	prophet.n.02	0.929
101651361	man.n.01	0.859
101651680	man.n.01	0.625
101651714	man.n.01	0.926
101651769	man.n.01	0.924
110040816	man.n.01	0.741
101652227	man.n.01	0.972
101652372	man.n.01	0.986
101652494	man.n.01	0.929
101653051	man.n.01	0.88
101653182	man.n.01	0.786
101653283	man.n.01	0.549
110041891	senator.n.01	None
110041997	senator.n.01	None
101653431	man.n.01	0.718
101653538	young_buck.n.01	0.979
101653585	man.n.03	0.435
101654227	man.n.01	0.713
101654624	man.n.01	0.951
118431879	man.n.01	0.862
118432055	man.n.01	0.858
118432097	man.n.01	0.799
101654933	man.n.01	0.924
101655208	man.n.01	0.914
118432426	person.n.01	0.996
101655228	man.n.01	0.923
101655308	man.n.01	0.825
101655430	man.n.01	0.955
101655550	man.n.01	0.682
101655899	man.n.01	0.751
118433126	man.n.01	0.914
101656023	homo.n.02	0.417
118433599	man.n.01	0.984
101656405	man.n.01	0.965
101656491	man.n.01	0.889
118433777	man.n.01	0.939
118433804	man.n.01	0.937
110045333	man.n.01	0.577
118433973	man.n.01	0.99
101656812	man.n.03	0.392
101656895	man.n.01	0.934
101657099	man.n.01	0.989
101657495	man.n.01	0.9
110046352	citizen.n.01	None
118435026	friend.n.01	0.99
101657900	man.n.01	0.985
110046564	man.n.01	0.563
118435379	man.n.01	0.992
118435518	man.n.01	0.939
101658376	man.n.01	0.985
110047407	serviceman.n.01	0.769
118436045	man.n.01	0.779
101658877	man.n.01	0.987
101658894	man.n.01	0.959
110047570	man.n.01	0.62
101659403	man.n.01	0.499
101659495	man.n.01	0.9
110048428	man.n.01	0.982
101659824	man.n.01	0.942
101659868	homo.n.02	0.422
101660026	man.n.01	0.791
118437380	man.n.01	0.922
110048803	man.n.01	0.959
110048978	man.n.01	0.993
110049053	man.n.01	0.739
110049132	man.n.01	0.961
101660573	man.n.01	0.59
118438059	man.n.01	0.925
101660876	man.n.01	0.707
101661018	man.n.03	0.37
101661057	man.n.01	0.969
110050073	man.n.01	0.99
110050166	person.n.01	None
101661579	man.n.01	0.945
118438941	man.n.01	0.708
101661746	man.n.01	0.942
118439151	man.n.01	0.923
101661999	husband.n.01	None
101662098	man.n.01	0.708
101662200	man.n.01	0.889
118439521	male.n.02	0.953
118439563	man.n.01	0.925
101662362	man.n.01	0.97
110051013	man.n.01	0.981
118439927	man.n.01	0.712
118440047	man.n.01	0.994
118440080	man.n.01	0.857
101662979	man.n.03	0.543
118440212	man.n.01	0.87
101663078	man.n.01	0.888
101663107	man.n.01	0.897
101663237	man.n.01	0.615
101663313	man.n.01	0.983
118440734	man.n.01	0.936
101663637	man.n.01	0.884
101663719	man.n.01	0.805
110052648	man.n.01	0.971
101664156	man.n.01	0.909
118441379	man.n.01	0.981
110052804	man.n.01	0.578
110052988	man.n.01	0.915
101664392	man.n.01	0.98
101664393	man.n.01	0.971
101664728	man.n.01	0.988
118442300	man.n.01	0.969
110053758	man.n.03	0.463
101665182	man.n.01	0.53
101665526	homo.n.02	0.442
110054162	man.n.01	0.931
101665604	man.n.01	0.678
118442861	man.n.01	0.927
110054737	man.n.01	0.988
101666286	man.n.01	0.996
118443537	man.n.01	0.851
101666439	man.n.01	0.947
101666458	man.n.01	0.951
110055078	man.n.01	0.524
118443715	man.n.01	0.684
101666632	man.n.03	0.436
101666633	man.n.03	0.436
110055276	man.n.01	0.927
110055674	man.n.01	0.979
118444361	gentleman.n.01	0.981
101667197	man.n.01	0.885
101667329	man.n.01	0.862
110055963	man.n.01	0.981
101667369	man.n.01	0.811
101667395	man.n.01	0.664
101667532	man.n.01	0.893
110056230	man.n.01	0.98
118445048	man.n.01	0.988
110056660	man.n.01	0.925
101668126	man.n.01	0.576
101668213	man.n.01	0.787
110056867	man.n.01	0.974
110056892	man.n.01	0.975
110056995	man.n.01	0.708
110057237	man.n.01	0.896
101668845	man.n.01	0.546
101669160	man.n.01	0.962
101669228	man.n.01	0.814
101669332	man.n.01	0.922
101669485	man.n.01	0.959
101669649	man.n.01	0.945
101669755	man.n.01	0.91
101669990	man.n.01	0.519
110058843	man.n.01	0.396
101670272	hero.n.01	0.794
101670386	man.n.01	0.979
101670472	man.n.01	0.644
110059094	man.n.01	0.903
101670734	man.n.01	0.757
101670780	serviceman.n.01	0.772
101670821	man.n.01	0.868
110059525	man.n.01	0.975
118448408	philosopher.n.01	0.768
118448474	man.n.01	0.793
101671350	athlete.n.01	None
110060369	man.n.01	0.984
118448976	man.n.01	0.931
110060408	man.n.01	0.98
101671828	man.n.01	0.705
110060638	man.n.01	0.934
118449511	man.n.01	0.537
110061052	enemy.n.02	None
110061093	homo.n.02	0.53
110061144	companion.n.01	0.937
110061183	man.n.01	0.857
101672650	man.n.01	0.956
110061288	man.n.01	0.941
110062031	man.n.01	0.934
101673494	man.n.01	0.944
110062218	man.n.01	0.755
110062263	man.n.01	0.642
110062282	man.n.01	0.976
110062988	man.n.01	0.821
110063159	man.n.01	0.565
110063421	man.n.01	0.974
110063665	man.n.01	0.956
118452614	man.n.01	0.954
110064446	man.n.01	0.995
110065252	man.n.01	0.626
118453931	gentleman.n.01	0.917
118454090	man.n.01	0.901
110065851	man.n.01	0.97
110066281	man.n.01	0.85
110066316	man.n.01	0.968
110066634	sheepherder.n.01	0.997
110066877	hunter.n.01	0.999
110066900	man.n.01	0.982
118455564	man.n.01	0.708
110066958	man.n.01	0.923
101678705	man.n.01	0.936
101678850	man.n.01	0.92
101678917	man.n.01	0.924
118456199	man.n.01	0.869
118456205	man.n.01	0.751
101679142	man.n.01	0.98
101679165	man.n.01	0.98
110067778	man.n.01	0.867
101679187	man.n.01	0.729
101679386	man.n.01	0.746
118456682	man.n.01	0.85
118456736	friend.n.01	0.959
118456768	man.n.01	0.912
101679602	man.n.01	0.873
110068211	man.n.01	0.933
110068259	man.n.01	0.994
118456899	man.n.01	0.905
101679736	gentleman.n.01	0.996
101679790	man.n.01	0.988
110068577	man.n.01	0.997
101679994	man.n.01	0.868
101680116	man.n.01	0.76
101680197	man.n.01	0.91
110068837	homo.n.02	0.75
118457489	person.n.01	1.0
101680312	gentleman.n.01	0.991
101680491	man.n.01	0.978
101680502	man.n.01	0.979
118457725	man.n.01	0.831
101680686	man.n.01	0.912
101680727	man.n.01	0.932
101680814	gentleman.n.01	0.978
118458114	husband.n.01	None
101680974	man.n.01	0.935
118458267	man.n.01	0.795
101681074	man.n.01	0.792
101681123	gentleman.n.01	0.996
101681518	man.n.01	0.849
101681686	man.n.01	0.899
118459073	man.n.01	0.899
118459176	man.n.01	0.753
110070653	man.n.01	0.625
110070708	man.n.01	0.724
110070814	man.n.01	0.627
101682431	man.n.01	0.737
101682531	gentleman.n.01	0.942
110071139	man.n.01	0.874
118459932	man.n.01	0.958
110071351	man.n.01	0.543
101682768	man.n.01	0.771
101682917	gentleman.n.01	0.993
118460209	serviceman.n.01	0.843
110071723	man.n.01	0.981
118460338	man.n.01	0.481
110071734	man.n.01	0.734
118460374	man.n.01	0.845
110071845	fisherman.n.01	None
118460473	man.n.01	0.593
101683262	man.n.01	0.697
101683341	man.n.01	0.967
110071966	man.n.01	0.59
101683407	man.n.01	0.924
101683430	man.n.01	0.951
101683588	man.n.01	0.843
118460968	man.n.01	0.973
101683757	gentleman.n.01	0.996
101683827	gentleman.n.01	0.986
118461104	man.n.01	0.951
101684027	man.n.01	0.681
101684076	man.n.01	0.845
101684325	man.n.01	0.845
101684360	man.n.01	0.941
101684453	man.n.01	0.87
101684494	man.n.01	0.974
101684503	man.n.01	0.825
101684615	gentleman.n.01	0.995
118461929	citizen.n.01	None
110073378	man.n.01	0.932
110073410	man.n.01	0.933
101684905	man.n.01	0.81
110073546	man.n.01	0.89
110073608	man.n.01	0.986
101685050	man.n.01	0.948
110073732	man.n.01	0.991
101685323	man.n.01	0.934
101685341	man.n.01	0.801
101685531	man.n.01	0.875
110074194	man.n.01	0.665
101685837	gentleman.n.01	0.993
101685876	man.n.01	0.987
101686087	man.n.01	0.782
101686298	man.n.01	0.92
101686354	gentleman.n.01	0.993
101686435	man.n.01	0.831
101686512	man.n.01	0.836
101686545	man.n.01	0.891
101686663	man.n.01	0.972
101686835	man.n.01	0.818
101686861	man.n.01	0.98
110075501	man.n.01	0.674
110075714	man.n.01	0.985
101687225	man.n.01	0.886
101687411	gentleman.n.01	0.995
101687486	man.n.01	0.922
101687525	man.n.01	0.839
101687542	man.n.01	0.98
101687619	gentleman.n.01	0.989
110076285	man.n.01	0.993
101687816	gentleman.n.01	0.996
101687938	man.n.01	0.952
101688104	friend.n.01	0.981
101688138	judge.n.01	0.868
101688549	evaluator.n.01	0.62
110077202	man.n.01	0.957
118465810	man.n.01	0.657
101688715	judge.n.01	0.909
118465935	man.n.01	0.888
101688738	man.n.01	0.976
101688814	man.n.01	0.698
101688915	gentleman.n.01	0.993
118466377	man.n.01	0.95
118466753	homo.n.02	0.497
118466755	man.n.03	0.349
118466826	man.n.01	0.942
110078311	man.n.01	0.718
101690093	man.n.01	0.787
101690680	man.n.01	0.975
101690686	man.n.01	0.926
118468560	man.n.01	0.89
118468584	citizen.n.01	None
101691527	man.n.01	0.979
118468798	citizen.n.01	None
118468987	man.n.01	0.651
118469005	man.n.01	0.873
118469054	man.n.01	0.986
118469507	man.n.01	0.822
118469581	man.n.01	0.813
118469665	friend.n.01	0.987
118469845	colleague.n.02	0.529
110081334	man.n.01	0.949
118470386	man.n.01	0.929
110081831	man.n.01	0.946
101693421	man.n.01	0.543
101693548	man.n.01	0.993
118470856	man.n.01	0.978
118471077	husband.n.01	None
118471546	gentleman.n.01	0.99
118471915	gentleman.n.01	0.993
101695028	friend.n.01	0.993
110084111	husband.n.01	None
110084113	husband.n.01	None
118472983	friend.n.01	0.978
118473175	man.n.01	0.878
101696308	man.n.01	0.853
101696441	man.n.01	0.91
101696700	man.n.01	0.885
110085889	hunter.n.01	0.97
118474892	man.n.01	0.951
118475367	friend.n.01	0.99
101698191	man.n.01	0.785
110086881	man.n.01	0.805
110086906	man.n.01	0.975
101698347	man.n.01	0.948
118475727	man.n.01	0.889
101698599	man.n.01	0.978
118476428	man.n.01	0.813
118476430	man.n.01	0.701
118477537	man.n.01	0.96
110089295	man.n.01	0.95
110089355	man.n.01	0.858
110089406	man.n.01	0.931
110089423	man.n.01	0.887
118478138	man.n.01	0.871
110089539	man.n.01	0.987
118478565	friend.n.01	0.988
118478571	man.n.01	0.948
110090066	husband.n.01	None
110090141	husband.n.01	None
118479065	gentleman.n.01	0.928
118479695	friend.n.01	0.983
101702984	man.n.01	0.89
118480664	artist.n.01	None
118481345	man.n.01	0.98
118481561	man.n.01	0.967
118481587	man.n.03	0.494
101704901	man.n.01	0.736
118482389	man.n.01	0.982
110093817	man.n.01	0.976
110093870	man.n.01	0.988
118482594	man.n.01	0.676
101705562	philosopher.n.01	0.691
118483332	man.n.01	0.988
118483584	man.n.01	0.574
118483643	man.n.01	0.984
118483774	man.n.01	0.968
118485965	man.n.01	0.93
110097569	man.n.01	0.949
118486434	man.n.01	0.873
118486722	man.n.01	0.962
118486737	man.n.01	0.957
118487291	man.n.01	0.972
118487323	man.n.01	0.798
110099389	man.n.01	0.923
118488018	hero.n.01	0.754
118488075	enemy.n.02	None
110099619	man.n.01	0.977
118488261	man.n.01	0.882
118488353	man.n.01	0.858
118488433	man.n.01	0.478
118488450	man.n.01	0.58
118488542	man.n.01	0.962
118488603	man.n.01	0.917
118488668	man.n.01	0.888
118488689	man.n.01	0.629
118488783	man.n.01	0.653
101711698	man.n.01	0.924
110100352	man.n.01	0.941
118488998	man.n.01	0.962
118489063	man.n.01	0.818
118489803	husband.n.01	None
118490928	husband.n.01	None
118491196	man.n.01	0.988
118491344	husband.n.01	None
118492045	man.n.01	0.779
101715755	friend.n.01	0.987
118493642	husband.n.01	None
118494017	man.n.01	0.977
118494738	man.n.01	0.743
101718754	man.n.01	0.875
101719055	friend.n.01	0.996
101719458	man.n.01	0.956
101719553	man.n.01	0.976
101719974	friend.n.01	0.988
101720278	man.n.01	0.931
118497657	man.n.01	0.968
118497977	person.n.01	0.923
101722229	man.n.01	0.853
101722243	man.n.01	0.922
118499831	man.n.01	0.607
101722873	person.n.01	0.999
101723021	man.n.01	0.698
118500328	man.n.01	0.962
101723301	man.n.01	0.753
101723349	man.n.03	0.394
101723515	man.n.01	0.985
101723524	man.n.01	0.335
101723553	man.n.01	0.993
118500970	man.n.01	0.908
118501356	man.n.01	0.943
118501403	man.n.01	0.941
101724382	man.n.01	0.989
101724588	man.n.01	0.874
101724648	man.n.01	0.946
101725799	man.n.01	0.526
118503431	man.n.01	0.987
110114838	man.n.01	0.984
110115322	man.n.01	0.959
118504533	man.n.01	0.922
101727780	man.n.01	0.854
118505590	man.n.01	0.969
118506157	man.n.01	0.988
118506406	man.n.01	0.926
118506437	man.n.01	0.863
110118038	man.n.01	0.994
110118167	husband.n.01	None
118507629	man.n.01	0.986
118508123	man.n.01	0.964
118508159	man.n.01	0.919
118508480	man.n.01	0.987
118508758	man.n.01	0.957
118508834	man.n.01	0.963
101731799	man.n.01	0.471
118509265	man.n.03	0.523
118511017	gentleman.n.01	0.954
118512196	man.n.01	0.893
118512363	man.n.01	0.618
118512696	man.n.01	0.815
110124299	man.n.01	0.988
110124431	man.n.01	0.941
118513132	man.n.03	0.662
118513200	man.n.01	0.86
118513452	man.n.01	0.518
118513561	homo.n.02	0.407
118513743	man.n.01	0.979
118514151	male.n.02	0.922
110125795	husband.n.01	None
118514524	man.n.01	0.867
101738336	man.n.01	0.855
101738339	man.n.01	0.986
101738365	man.n.01	0.953
101738374	man.n.01	0.973
101738529	man.n.01	0.974
101738637	man.n.01	0.987
110127793	man.n.01	0.919
110127875	man.n.01	0.996
110128020	man.n.01	0.994
110128651	man.n.01	0.976
118517365	man.n.01	0.983
110129969	man.n.01	0.985
110131215	man.n.01	0.993
101742628	man.n.01	0.643
110131487	man.n.01	0.99
110131552	man.n.01	0.996
101743411	man.n.01	0.975
101743472	man.n.06	0.581
110132158	serviceman.n.01	0.803
110132494	man.n.01	0.996
110132540	man.n.01	0.973
110132667	man.n.01	0.994
101744105	man.n.01	0.978
101745304	man.n.01	0.96
101745398	man.n.01	0.987
101745520	man.n.01	0.985
101745921	man.n.01	0.927
110134753	man.n.01	0.941
110134779	man.n.01	0.965
101746278	man.n.01	0.931
101747760	man.n.01	0.979
101747764	man.n.01	0.986
110137718	man.n.01	0.972
110138977	husband.n.01	None
110139500	man.n.01	0.997
101751312	person.n.01	1.0
101751763	champion.n.02	0.529
110140745	man.n.01	0.997
101752164	man.n.01	0.716
110140844	man.n.01	0.989
101752867	man.n.01	0.911
101752955	man.n.01	0.836
101754697	manhood.n.01	0.812
110144223	man.n.01	0.985
101755748	man.n.01	0.678
101755941	man.n.01	0.695
101756022	man.n.01	0.852
110145235	man.n.01	0.995
110145242	man.n.01	0.986
110145392	man.n.01	0.998
110145645	prophet.n.02	0.94
101757282	chap.n.01	0.932
101757377	man.n.01	0.54
101757729	man.n.01	0.886
110146405	man.n.01	0.431
110146736	man.n.01	0.951
101758609	man.n.01	0.787
110148752	husband.n.01	None
110148776	husband.n.01	None
110148782	husband.n.01	None
110148792	husband.n.01	None
110150589	man.n.01	0.898
101763408	man.n.01	0.972
101764091	man.n.01	0.926
101769282	man.n.01	0.955
101769380	philosopher.n.01	0.908
101769525	man.n.01	0.876
101771307	man.n.01	0.646
101771309	man.n.01	0.646
110164551	man.n.01	0.998
110164563	man.n.01	0.973
110164695	brother.n.04	0.469
110164814	man.n.01	0.913
101776304	chap.n.01	0.672
110164999	man.n.01	0.994
110165161	man.n.01	0.966
110165333	man.n.01	0.958
110165658	brother.n.02	0.633
110165892	man.n.01	0.99
110166099	man.n.01	0.868
101777606	man.n.01	0.942
110166494	man.n.01	0.886
101778122	chap.n.01	0.887
101778662	man.n.01	0.968
110167372	husband.n.01	None
110167404	husband.n.01	None
110167467	woman.n.01	0.957
110167691	man.n.01	0.976
110167883	man.n.01	0.922
110167911	man.n.01	0.962
110168113	man.n.01	0.975
110168154	man.n.01	0.989
110168268	man.n.01	0.983
110168379	brother.n.04	0.428
101779930	man.n.01	0.91
101780340	man.n.01	0.654
110169659	man.n.01	0.995
110169680	man.n.01	0.996
110169829	man.n.01	0.996
110170112	man.n.01	0.981
110170433	man.n.01	0.991
110170516	man.n.01	0.941
110170625	man.n.01	0.996
110170648	man.n.01	0.95
110171167	man.n.01	0.974
110171292	man.n.01	0.983
110171386	man.n.01	0.775
110171587	man.n.01	0.927
110171627	man.n.01	0.989
110171651	man.n.01	0.912
110171674	man.n.01	0.978
110171805	man.n.01	0.973
110171860	man.n.01	0.994
110172274	man.n.01	0.973
110172409	man.n.01	0.993
110172450	man.n.01	0.985
110172615	man.n.01	0.977
110172697	man.n.01	0.967
110173508	man.n.01	0.977
110173692	brother.n.02	0.69
110173717	man.n.01	0.688
110173809	man.n.01	0.993
110173838	man.n.01	0.939
110174129	brother.n.02	0.753
110174544	man.n.01	0.992
110175100	brother.n.02	0.612
110175234	brother.n.02	0.501
110175381	man.n.01	0.962
110175400	man.n.01	0.986
110175456	man.n.01	0.878
110175868	man.n.01	0.985
110176622	chap.n.01	0.912
110176773	man.n.01	0.978
110177211	man.n.01	0.757
110177252	man.n.01	0.994
101788999	man.n.01	0.933
110177745	man.n.01	0.986
110177977	man.n.01	0.774
110178585	man.n.01	0.944
110178624	man.n.01	0.95
101790350	man.n.01	0.983
110179293	man.n.01	0.955
110179672	man.n.01	0.971
110179913	man.n.01	0.793
110179978	man.n.01	0.943
110180039	man.n.01	0.854
101791635	man.n.01	0.959
110180288	man.n.01	0.879
110180601	man.n.01	0.994
110181008	brother.n.02	0.398
110181482	man.n.01	0.793
110181584	man.n.01	0.99
110181645	man.n.01	0.918
110181830	man.n.01	0.904
110182334	man.n.01	0.899
110182543	man.n.01	0.98
110182614	man.n.01	0.962
110182733	man.n.01	0.702
110182760	man.n.01	0.959
110183913	sir.n.01	0.947
110183993	sir.n.01	0.973
110184715	brother.n.02	0.826
110186763	man.n.01	0.924
110188031	husband.n.01	None
110188039	husband.n.01	None
110188046	husband.n.01	None
110188052	husband.n.01	None
110188057	man.n.01	0.954
110188064	husband.n.01	None
110188078	man.n.01	0.944
101801126	serviceman.n.01	0.538
101801597	man.n.01	0.895
110190387	serviceman.n.01	0.851
101802397	woman.n.01	0.986
101802604	man.n.01	0.826
101803953	man.n.01	0.885
110195629	husband.n.01	None
110195635	husband.n.01	None
110195646	husband.n.01	None
110195657	husband.n.01	None
110195663	husband.n.01	None
110195783	husband.n.01	None
110195796	husband.n.01	None
110195800	husband.n.01	None
110195838	husband.n.01	None
110195850	husband.n.01	None
110195855	husband.n.01	None
110195920	husband.n.01	None
110195927	husband.n.01	None
110196266	husband.n.01	None
110196381	husband.n.01	None
110196388	husband.n.01	None
110197783	man.n.01	0.896
110197794	man.n.01	0.947
110197804	man.n.01	0.969
110197878	man.n.01	0.831
110197884	man.n.01	0.677
110197891	man.n.01	0.928
110197897	man.n.01	0.697
110197906	man.n.01	0.824
110197927	man.n.01	0.955
110197930	man.n.01	0.952
110197942	man.n.01	0.963
110197947	man.n.01	0.953
110197980	man.n.01	0.992
110199132	man.n.01	0.926
110199835	husband.n.01	None
101811564	man.n.01	0.938
110205126	husband.n.01	None
110208313	husband.n.01	None
110210472	man.n.01	0.808
110211132	husband.n.01	None
110211138	husband.n.01	None
110211169	husband.n.01	None
110211174	husband.n.01	None
110211232	husband.n.01	None
110211337	husband.n.01	None
110215016	husband.n.01	None
110215024	husband.n.01	None
110218536	man.n.01	0.978
110218601	man.n.01	0.983
110218668	husband.n.01	None
110218806	husband.n.01	None
110219283	man.n.01	0.966
110221531	husband.n.01	None
110221789	man.n.01	0.992
101833196	man.n.01	0.793
101836099	man.n.01	0.984
101837339	man.n.01	0.894
110228384	man.n.01	0.932
110228455	man.n.01	0.888
110228595	man.n.03	0.798
110228644	man.n.01	0.978
110228763	man.n.01	0.993
110229257	man.n.01	0.865
110231238	husband.n.01	None
110231317	husband.n.01	None
110231340	husband.n.01	None
101848123	man.n.01	0.901
101848885	gentleman.n.01	0.979
101849894	man.n.01	0.967
101850009	man.n.01	0.969
101850108	man.n.01	0.983
101850138	husband.n.01	None
118630859	troop.n.01	0.939
101854582	man.n.01	0.954
101854661	man.n.01	0.991
101854754	man.n.01	0.943
101854806	man.n.01	0.99
118632041	man.n.01	0.985
101854853	man.n.01	0.986
101854860	man.n.01	0.974
101854917	man.n.01	0.617
101855430	man.n.01	0.925
118632924	man.n.01	0.78
101856308	man.n.01	0.978
118634620	citizen.n.01	None
118634656	citizen.n.01	None
110246944	husband.n.01	None
118636116	man.n.01	0.986
118636128	person.n.01	0.989
101859472	man.n.01	0.848
110248272	man.n.01	0.9
110248366	man.n.01	0.888
110249016	man.n.01	0.963
110249172	man.n.01	0.931
110250079	man.n.01	0.963
101862102	man.n.01	0.924
101862247	man.n.01	0.907
118639981	soldier.n.01	0.999
110251650	man.n.01	0.949
110251759	man.n.01	0.966
101863213	man.n.01	0.738
110252211	man.n.01	0.581
101864175	man.n.01	0.955
101864294	chap.n.01	0.906
101864410	gentleman.n.01	0.988
118641786	husband.n.01	None
110253187	man.n.01	0.98
101864665	man.n.01	0.997
101864679	gentleman.n.01	0.984
110253440	man.n.01	0.928
101865069	companion.n.01	0.98
101865267	gentleman.n.01	0.875
101865351	man.n.01	0.978
101865693	gentleman.n.01	0.916
118643262	man.n.01	0.987
101866147	gentleman.n.01	0.988
101866492	hero.n.01	0.905
101866711	gentleman.n.01	0.991
101866846	person.n.01	0.99
101867162	gentleman.n.01	0.948
101867748	man.n.01	0.93
101868736	man.n.01	0.898
118646406	citizen.n.01	None
118647384	serviceman.n.01	0.873
118647430	serviceman.n.01	0.912
101870746	man.n.01	0.971
101872208	man.n.06	0.543
101872283	man.n.01	0.975
118649894	man.n.01	0.872
118651625	man.n.01	0.92
101875836	man.n.01	0.873
101876156	man.n.01	0.924
118654447	man.n.01	0.95
118654702	man.n.01	0.989
118657651	man.n.01	0.92
118658522	man.n.01	0.758
118659336	serviceman.n.01	0.539
101882384	man.n.01	0.896
101882585	man.n.01	0.967
101883144	man.n.01	0.984
101883428	man.n.01	0.972
118661163	man.n.01	0.887
118661921	serviceman.n.01	0.568
118661955	serviceman.n.01	0.865
101886684	man.n.01	0.853
118663926	serviceman.n.01	0.884
118664505	serviceman.n.01	0.9
101887626	man.n.01	0.97
118665390	man.n.01	0.994
118667800	person.n.01	0.998
101893395	man.n.01	0.978
118670803	man.n.01	0.704
118671497	party.n.03	0.953
101894744	person.n.01	0.999
101894886	man.n.01	0.947
101895364	man.n.01	0.78
118672632	person.n.01	0.999
101895519	man.n.01	0.871
118672931	serviceman.n.01	0.647
118673145	man.n.01	0.773
101896098	husband.n.01	None
101896132	man.n.01	0.967
101896184	woman.n.01	0.776
101896214	man.n.01	0.973
101896223	man.n.01	0.948
101896387	man.n.01	0.873
101897754	man.n.01	0.795
110286875	man.n.01	0.978
101898832	man.n.01	0.886
101899343	man.n.01	0.957
110287960	man.n.01	0.848
101899443	person.n.01	0.973
110288098	man.n.01	0.471
118677926	person.n.01	0.997
101900936	man.n.01	0.961
110289811	homo.n.02	0.475
101901461	person.n.01	1.0
118678794	serviceman.n.01	0.526
101902389	man.n.01	0.942
118680070	serviceman.n.01	0.925
101903006	man.n.01	0.709
101903019	person.n.01	0.999
101904269	man.n.03	0.68
101904618	man.n.01	0.962
118681962	man.n.01	0.664
101904753	person.n.01	0.997
101904779	man.n.01	0.941
101904805	horseman.n.02	0.554
118682058	serviceman.n.01	0.899
101904935	man.n.01	0.921
101905509	person.n.01	1.0
118683498	man.n.01	0.5
118683697	serviceman.n.01	0.852
118684739	man.n.01	0.99
101908059	chap.n.01	0.936
101908622	man.n.01	0.805
101908687	man.n.01	0.946
101908893	person.n.01	1.0
118686149	husband.n.01	None
118686167	husband.n.01	None
118686296	man.n.01	0.988
118686307	woman.n.01	0.943
118686327	man.n.01	0.824
118686741	woman.n.01	0.948
118686753	man.n.01	0.986
101909734	man.n.01	0.906
101909776	man.n.01	0.973
118687540	citizen.n.01	None
118687689	serviceman.n.01	0.728
101910728	man.n.01	0.938
118688143	serviceman.n.01	0.661
101911339	woman.n.01	0.975
101911379	man.n.01	0.991
101911922	man.n.01	0.911
101912069	man.n.01	0.972
101912270	statesman.n.01	None
101912334	sir.n.01	0.977
101912501	gentleman.n.01	0.998
101912824	statesman.n.01	None
101914784	man.n.01	0.895
118692111	husband.n.01	None
118692299	man.n.01	0.934
118692880	husband.n.01	None
118693083	man.n.01	0.996
118693097	husband.n.01	None
118693623	husband.n.01	None
118693844	man.n.01	0.995
118693927	husband.n.01	None
101917481	man.n.01	0.72
101917535	man.n.01	0.97
118695573	husband.n.01	None
118696268	woman.n.01	0.931
118696275	man.n.01	0.959
118696289	husband.n.01	None
118696691	husband.n.01	None
118696773	man.n.01	0.572
118696879	husband.n.01	None
118697144	husband.n.01	None
118697534	husband.n.01	None
118697888	man.n.01	0.743
118697924	husband.n.01	None
118697940	man.n.01	0.983
118697995	man.n.01	0.993
101924340	man.n.01	0.838
101924796	man.n.01	0.573
101924858	man.n.01	0.987
101925348	man.n.01	0.919
101925797	man.n.01	0.642
101925819	man.n.01	0.59
101925855	man.n.01	0.826
101926313	chap.n.01	0.911
101927757	sir.n.01	0.988
101928071	man.n.01	0.956
101928403	man.n.01	0.98
101930023	man.n.01	0.773
101931473	man.n.01	0.749
101931743	man.n.01	0.968
101931910	man.n.01	0.931
101932857	man.n.01	0.819
101933204	gentleman.n.01	0.982
101933282	man.n.01	0.895
101933581	person.n.01	0.997
101942207	man.n.01	0.994
101942629	gentleman.n.01	0.972
101942842	man.n.01	0.966
101943111	man.n.01	0.978
101943645	man.n.01	0.634
118720920	person.n.01	0.939
118720933	person.n.01	0.949
118721215	friend.n.01	0.989
101944363	pair.n.03	0.94
118721630	person.n.01	0.866
118721811	man.n.01	0.977
118721981	husband.n.01	None
118721984	husband.n.01	None
101945410	person.n.01	0.999
118723064	man.n.01	0.685
118723149	man.n.01	0.947
118723436	man.n.01	0.892
118723786	man.n.01	0.955
101946804	man.n.01	0.589
101947132	man.n.01	0.944
101947238	man.n.01	0.917
118725201	man.n.01	0.878
118725256	serviceman.n.01	0.513
118725401	man.n.01	0.984
118726218	man.n.01	0.99
101949551	man.n.01	0.954
101949641	gentleman.n.01	0.952
101950568	politician.n.01	0.811
101953239	man.n.01	0.895
101953396	man.n.01	0.946
101954739	man.n.01	0.966
101955332	man.n.01	0.99
101956313	man.n.01	0.994
101956771	pair.n.03	0.961
101956898	man.n.01	0.994
101956970	man.n.01	0.978
101957175	people.n.01	0.98
101957422	man.n.01	0.973
101958014	man.n.01	0.983
101958017	man.n.01	0.968
101958713	man.n.01	0.886
101959316	man.n.01	0.956
101960185	person.n.01	0.999
101960823	man.n.01	0.988
101961031	man.n.01	0.977
101961109	man.n.01	0.939
101961486	man.n.01	0.992
101962014	citizen.n.01	None
101963443	man.n.01	0.51
101963982	man.n.01	0.979
101963989	man.n.01	0.982
101964099	man.n.01	0.829
101964113	man.n.01	0.829
101964143	husband.n.01	None
101964184	man.n.01	0.971
101964472	man.n.01	0.896
118746337	man.n.01	0.951
101969159	gentleman.n.01	0.985
118746828	man.n.01	0.476
101969652	man.n.01	0.748
118746932	man.n.01	0.985
101969737	man.n.01	0.927
118747100	man.n.01	0.882
101969962	man.n.01	0.788
118747257	hero.n.02	0.886
101970110	man.n.01	0.78
101970266	man.n.01	0.879
118747546	sage.n.01	0.998
101970631	man.n.01	0.972
118748194	man.n.01	0.941
101971261	man.n.01	0.979
101971591	man.n.01	0.881
101971872	man.n.01	0.915
101971894	man.n.01	0.937
101971919	man.n.01	0.654
101972045	man.n.01	0.842
101972144	man.n.01	0.803
101972250	man.n.01	0.84
118749473	manhood.n.01	0.53
101972319	man.n.01	0.944
101972552	man.n.01	0.931
101972569	man.n.01	0.952
118749855	sage.n.01	0.999
101972736	man.n.01	0.95
118750200	man.n.01	0.812
101973228	man.n.01	0.712
118750823	man.n.01	0.865
118751294	young_buck.n.01	0.986
118751774	hero.n.01	0.511
118752290	man.n.01	0.987
118752333	serviceman.n.01	0.42
118752394	man.n.01	0.468
118752524	man.n.01	0.951
118752652	man.n.01	0.946
118753544	traveler.n.01	None
118753703	man.n.01	0.983
118754699	person.n.01	0.999
101977640	friend.n.01	0.989
118755044	man.n.01	0.956
118755066	man.n.01	0.961
118755075	man.n.01	0.986
118755476	sage.n.01	0.999
118755609	man.n.01	0.939
118755785	man.n.01	0.929
118755822	man.n.01	0.978
118756106	gentleman.n.01	0.902
101979291	man.n.01	0.987
101979501	man.n.03	0.538
118756752	man.n.01	0.956
118756799	man.n.01	0.836
118756887	man.n.01	0.931
118757154	man.n.01	0.955
118757300	man.n.01	0.951
118757502	gentleman.n.01	0.896
118758103	man.n.01	0.753
118758164	sage.n.01	0.997
118758428	man.n.01	0.942
118758661	people.n.01	0.944
118759915	man.n.01	0.979
101983794	gentleman.n.01	0.992
101984817	orator.n.01	None
101986084	man.n.01	0.976
118763760	sage.n.01	0.995
118763816	man.n.01	0.971
101986964	man.n.01	0.724
118764322	important_person.n.01	0.519
118764629	man.n.01	0.841
118764669	man.n.01	0.864
118764837	hero.n.05	0.665
101988331	friend.n.01	0.971
101988411	man.n.01	0.501
118765656	man.n.01	0.968
118765694	sage.n.01	0.997
101988488	man.n.01	0.981
101989174	man.n.01	0.857
118766631	man.n.01	0.989
118767014	man.n.01	0.848
118767167	man.n.01	0.957
118767403	man.n.01	0.877
118767979	person.n.01	0.999
118768175	man.n.01	0.924
118768605	sage.n.01	0.999
118768864	man.n.01	0.976
118769994	man.n.01	0.986
118770349	friend.n.01	0.962
101993236	man.n.01	0.875
118770546	man.n.01	0.837
118770698	man.n.01	0.938
101993542	man.n.01	0.593
101993764	man.n.01	0.865
101994024	man.n.01	0.994
101994114	gentleman.n.01	0.995
101994149	man.n.01	0.953
101995470	man.n.01	0.934
101995559	man.n.01	0.868
118772871	man.n.01	0.854
118772955	man.n.01	0.916
101997040	chap.n.01	0.916
101997285	man.n.01	0.992
118774615	people.n.01	0.974
118774856	hero.n.01	0.857
118774867	hero.n.01	0.912
118775304	man.n.01	0.837
118775374	man.n.01	0.948
118775717	man.n.01	0.977
101998845	man.n.06	0.493
118776534	man.n.01	0.974
118776575	man.n.01	0.994
118776977	sage.n.01	0.997
101999767	man.n.01	0.519
118777377	man.n.01	0.681
118777468	man.n.01	0.958
110388884	man.n.01	0.976
118777548	man.n.01	0.961
118777641	man.n.01	0.979
118777864	man.n.01	0.989
118777954	man.n.01	0.978
118778007	man.n.01	0.88
102000819	man.n.01	0.995
102000861	freeman.n.01	None
102001099	man.n.01	0.873
102001188	man.n.01	0.774
102001221	man.n.01	0.885
118778442	man.n.01	0.917
118778653	man.n.01	0.974
118778904	man.n.01	0.928
102001896	chap.n.01	0.89
102002045	man.n.01	0.985
118779853	man.n.01	0.974
118779915	man.n.01	0.951
102002720	man.n.01	0.615
118780164	husband.n.01	None
118780169	man.n.01	0.847
118780470	man.n.01	0.977
118780487	writer.n.01	0.905
118780719	man.n.01	0.961
102004874	man.n.01	0.49
118782728	sage.n.01	0.999
102005623	man.n.01	0.953
102005704	sir.n.01	0.966
102005889	man.n.01	0.801
102005902	man.n.01	0.957
102006394	man.n.01	0.839
118783613	man.n.01	0.876
118783649	man.n.01	0.936
118783709	man.n.01	0.87
110395103	people.n.01	0.949
102006497	man.n.01	0.894
102007273	man.n.01	0.855
102007285	statesman.n.01	None
118785120	man.n.01	0.964
110396531	man.n.01	0.979
118785234	man.n.01	0.535
102008308	chap.n.01	0.923
102008501	gentleman.n.01	0.954
118785811	man.n.01	0.911
118785862	hero.n.01	0.859
118786199	hero.n.01	0.818
118786275	hero.n.01	0.805
102009861	man.n.01	0.574
102010019	man.n.01	0.881
118787316	man.n.01	0.845
118787417	man.n.01	0.989
118787754	hero.n.01	0.869
118787836	man.n.01	0.879
118787855	hero.n.01	0.951
118788159	man.n.01	0.99
102011137	man.n.01	0.798
102011145	man.n.01	0.816
102011201	husband.n.01	None
102011216	man.n.01	0.986
102011518	man.n.01	0.984
102011542	man.n.01	0.977
102011566	man.n.01	0.841
102011582	man.n.01	0.94
102011626	man.n.01	0.991
102011669	man.n.01	0.989
102011690	man.n.01	0.917
118788916	man.n.01	0.964
102011757	man.n.01	0.941
118790908	people.n.01	0.958
118791093	man.n.01	0.962
118791303	man.n.01	0.864
118791658	man.n.01	0.863
102014860	man.n.01	0.987
118792152	warrior.n.01	None
118792173	hero.n.01	0.696
118792547	man.n.01	0.961
118792572	man.n.01	0.981
118793854	man.n.01	0.809
118794319	man.n.01	0.646
110405952	man.n.03	0.562
118795503	people.n.01	0.916
102018443	person.n.01	0.999
102018792	man.n.01	0.95
102018967	man.n.01	0.978
110407822	man.n.01	0.892
110407906	man.n.01	0.935
118796635	hero.n.01	0.493
102019515	man.n.01	0.783
102019565	man.n.01	0.893
102019593	man.n.01	0.907
102019647	man.n.01	0.902
102019992	man.n.01	0.759
102020102	man.n.01	0.726
102020269	gentleman.n.01	0.991
102020311	man.n.01	0.881
102020576	man.n.01	0.899
102020620	man.n.01	0.49
102020831	man.n.01	0.88
102020856	animal.n.01	0.588
118798134	sage.n.01	0.998
102020930	man.n.01	0.734
102020945	man.n.01	0.824
118798513	man.n.01	0.844
118798734	man.n.01	0.811
102021568	man.n.01	0.7
110410192	man.n.01	0.763
102021585	man.n.01	0.742
102021600	man.n.01	0.748
102021881	man.n.01	0.96
102021941	statesman.n.01	None
102021991	man.n.01	0.876
102022075	man.n.01	0.783
102022086	man.n.01	0.832
102022090	person.n.01	0.997
102022173	statesman.n.01	None
110410815	man.n.01	0.947
118799611	man.n.01	0.993
102022440	man.n.01	0.938
118800530	man.n.01	0.93
110412089	ancient.n.02	0.997
118800739	gentleman.n.01	0.963
118801380	man.n.01	0.936
118801453	man.n.01	0.984
118801464	man.n.01	0.942
118801492	gentleman.n.01	0.958
118801677	friend.n.01	0.968
102024539	chap.n.01	0.786
118801867	man.n.01	0.944
110413433	male.n.02	0.811
118802214	man.n.01	0.822
102025288	man.n.03	0.497
118802721	man.n.01	0.949
118802832	man.n.01	0.902
118803004	man.n.01	0.953
102025827	man.n.01	0.914
118803131	man.n.01	0.805
102026639	man.n.01	0.61
102026708	man.n.01	0.761
118804700	gentleman.n.01	0.988
118805390	man.n.01	0.412
118805809	sage.n.01	0.998
118805969	manhood.n.01	0.658
118806141	man.n.01	0.987
118806179	friend.n.01	0.995
118806534	gentleman.n.01	0.992
118807033	man.n.01	0.972
118807161	man.n.01	0.934
118807574	sage.n.01	0.997
102030462	man.n.01	0.973
118807841	man.n.01	0.946
102030668	man.n.01	0.983
118809841	man.n.01	0.921
118809909	man.n.01	0.835
102032835	man.n.01	0.966
102033139	man.n.01	0.989
102033172	man.n.01	0.886
118810413	man.n.01	0.495
118810635	man.n.01	0.922
102033426	man.n.01	0.769
118810682	man.n.01	0.476
102033507	man.n.01	0.499
102033847	man.n.01	0.738
118811971	man.n.01	0.952
102035000	man.n.01	0.958
102035375	serviceman.n.01	0.871
118812671	man.n.01	0.97
102035493	man.n.01	0.967
102036055	man.n.01	0.912
102036394	man.n.01	0.818
118814319	man.n.01	0.569
102037568	man.n.01	0.883
102037586	man.n.01	0.689
118815091	man.n.01	0.748
118815202	man.n.01	0.784
118815687	man.n.01	0.707
102038826	man.n.01	0.839
118816202	animal.n.01	None
118816238	gentleman.n.01	0.988
118816536	husband.n.01	None
118817481	man.n.01	0.987
118817560	person.n.01	0.997
118818094	hero.n.01	0.747
118818373	man.n.01	0.782
102041545	man.n.01	0.978
118818769	man.n.01	0.936
102041659	man.n.01	0.531
102042470	man.n.01	0.97
118819727	sage.n.01	0.997
102042887	man.n.01	0.965
118820198	sage.n.01	0.999
118820260	man.n.01	0.705
118820335	man.n.01	0.94
102043187	hero.n.01	0.952
102043266	man.n.01	0.734
118820816	man.n.01	0.921
102044428	man.n.01	0.554
118821803	important_person.n.01	0.714
102044633	man.n.01	0.947
102044708	man.n.01	0.958
102044800	man.n.01	0.494
102044819	man.n.01	0.669
118822067	man.n.01	0.858
102045148	man.n.01	0.52
102045249	man.n.01	0.782
102045517	man.n.01	0.516
118823133	friend.n.01	0.917
118823216	man.n.01	0.883
118823513	hero.n.01	0.932
102046390	man.n.01	0.753
118823612	man.n.01	0.899
102046399	man.n.01	0.731
102046451	man.n.01	0.781
102046482	man.n.01	0.881
118823859	man.n.01	0.855
102046816	man.n.01	0.573
118824087	person.n.01	0.999
118824153	man.n.01	0.911
102046992	man.n.01	0.662
102047052	man.n.01	0.581
102047053	man.n.01	0.581
102047074	man.n.01	0.845
118824328	man.n.01	0.943
118824465	man.n.01	0.921
118824543	man.n.01	0.873
118824693	man.n.01	0.854
102047479	man.n.01	0.838
118825298	person.n.01	0.999
102048213	man.n.01	0.853
118825935	man.n.01	0.914
118826445	man.n.01	0.931
118826978	consul.n.01	None
118827180	gentleman.n.01	0.986
118827937	people.n.01	0.982
118827997	gentleman.n.01	0.971
102051179	man.n.01	0.808
102051241	man.n.01	0.906
118828501	man.n.01	0.948
102051316	friend.n.01	0.98
102051506	man.n.01	0.972
118829047	man.n.01	0.711
118829637	friend.n.01	0.99
118829982	sage.n.01	0.998
118830115	man.n.01	0.759
102052917	man.n.01	0.926
118830144	man.n.01	0.902
118830191	person.n.01	0.999
118830387	man.n.01	0.971
102053181	man.n.01	0.66
102053311	man.n.01	0.988
118830641	sage.n.01	0.999
118830768	person.n.01	0.998
118830959	sage.n.01	0.995
118831143	man.n.01	0.932
102054104	man.n.01	0.975
118831350	person.n.01	0.999
118831556	friend.n.01	0.991
118833242	sage.n.01	0.995
102056500	man.n.01	0.581
118834213	person.n.01	0.999
118834300	sage.n.01	0.996
118834520	friend.n.01	0.987
118834701	man.n.01	0.947
118835009	population.n.01	0.938
102058069	man.n.01	0.893
118835773	man.n.01	0.965
118836137	man.n.01	0.921
102059091	musician.n.01	0.989
102059096	musician.n.01	0.991
102059137	man.n.01	0.541
118837632	man.n.01	0.897
118837794	man.n.01	0.548
118837812	man.n.01	0.82
118837896	man.n.03	0.455
118837956	man.n.01	0.783
118838054	man.n.01	0.78
102060871	man.n.03	0.452
118838379	man.n.01	0.985
118838930	man.n.01	0.777
102061891	man.n.03	0.486
118839237	man.n.01	0.897
118839261	man.n.01	0.985
102062401	man.n.01	0.621
118839646	philosopher.n.01	0.894
102062692	man.n.01	0.923
102062837	man.n.01	0.705
102063179	man.n.01	0.925
118840575	people.n.01	0.964
118840844	gentleman.n.01	0.974
118840898	man.n.01	0.947
118841050	person.n.01	1.0
118842089	sage.n.01	0.999
118842164	man.n.03	0.486
102065097	man.n.01	0.933
102065123	forefather.n.01	0.947
118842499	sage.n.01	0.925
102065420	man.n.01	0.447
102065441	man.n.01	0.522
118842695	gentleman.n.01	0.985
102065798	serviceman.n.01	0.562
118843169	friend.n.01	0.991
118843590	man.n.01	0.899
118843592	man.n.01	0.899
118843863	man.n.01	0.888
118844030	citizen.n.01	None
102066896	man.n.01	0.901
118844130	man.n.01	0.992
118844388	man.n.01	0.54
118844391	man.n.01	0.539
118844410	man.n.03	0.491
118844416	man.n.01	0.772
118844429	man.n.01	0.772
118844614	man.n.01	0.91
118844630	man.n.01	0.966
118844800	sage.n.01	0.999
118844891	man.n.01	0.514
118845504	man.n.01	0.971
118845528	husband.n.01	None
118845883	gentleman.n.01	0.962
102068720	man.n.01	0.971
118846419	hero.n.01	0.659
118848222	man.n.03	0.542
118849022	man.n.01	0.95
102071871	man.n.01	0.985
118849187	man.n.01	0.957
102071998	man.n.01	0.942
102072028	man.n.01	0.921
118849251	man.n.01	0.872
102072137	man.n.01	0.984
102072153	man.n.01	0.97
102072265	man.n.01	0.876
102072317	man.n.01	0.932
102072342	man.n.01	0.937
118849596	man.n.01	0.95
102072918	man.n.01	0.885
102073094	man.n.01	0.947
102073139	serviceman.n.01	0.846
118851885	man.n.01	0.934
118852051	man.n.01	0.9
118852165	man.n.01	0.772
102075115	man.n.01	0.901
102075121	woman.n.01	0.982
102075130	husband.n.01	None
102075262	man.n.01	0.972
102075437	man.n.01	0.924
102075449	man.n.01	0.95
102075963	man.n.03	0.551
102076030	man.n.01	0.946
102076077	man.n.01	0.94
118853342	man.n.01	0.987
118853433	man.n.01	0.973
102076413	man.n.01	0.962
118853645	man.n.01	0.954
102076463	warrior.n.01	None
118853726	man.n.01	0.962
118853779	manhood.n.01	0.606
118854071	man.n.01	0.654
118854073	man.n.01	0.654
118854326	man.n.01	0.747
118854645	man.n.01	0.956
118855066	man.n.01	0.989
102078415	man.n.01	0.972
118855789	man.n.01	0.892
102078725	man.n.01	0.954
118856881	man.n.01	0.986
102079904	man.n.01	0.963
118857144	man.n.01	0.974
102079998	man.n.01	0.955
118857304	man.n.01	0.961
118857622	citizen.n.01	None
118857785	man.n.01	0.983
118857857	man.n.01	0.988
118858522	man.n.01	0.803
118858530	man.n.01	0.906
118858805	citizen.n.01	None
102081662	man.n.01	0.978
118859049	man.n.01	0.926
118859291	man.n.01	0.983
102082162	man.n.01	0.958
118859596	man.n.01	0.961
118859622	man.n.01	0.977
118859949	man.n.01	0.99
118860075	man.n.01	0.918
118860403	man.n.01	0.863
102083241	athlete.n.01	None
102083509	man.n.01	0.955
118860887	man.n.01	0.926
118860935	man.n.01	0.912
118861300	man.n.01	0.953
118861519	man.n.01	0.94
118861666	man.n.01	0.972
102084453	man.n.01	0.941
118861770	man.n.01	0.961
118862225	man.n.01	0.529
102085156	man.n.01	0.841
102085550	man.n.01	0.856
118862962	man.n.01	0.834
118863046	man.n.01	0.949
102085863	man.n.01	0.958
102086083	people.n.01	0.932
102086168	man.n.01	0.89
118863384	man.n.01	0.973
102086249	man.n.01	0.907
102086256	man.n.01	0.978
118863714	man.n.01	0.968
118863813	man.n.01	0.979
118864104	man.n.01	0.983
118864139	man.n.01	0.961
118864312	man.n.01	0.95
118864443	man.n.01	0.529
118864856	man.n.01	0.989
118865180	man.n.01	0.977
118866616	man.n.01	0.926
118866637	man.n.01	0.993
118866698	man.n.01	0.983
102089725	man.n.03	0.692
118867258	man.n.01	0.996
118867516	manhood.n.01	0.682
118867933	man.n.01	0.96
118868520	man.n.01	0.982
118868720	man.n.01	0.558
118869076	manhood.n.01	0.645
102092489	man.n.03	0.519
118869893	friend.n.01	0.972
102092988	man.n.01	0.965
118870281	man.n.01	0.976
102093127	man.n.01	0.626
118870358	man.n.01	0.959
118870491	man.n.01	0.966
118870642	man.n.01	0.89
102093429	man.n.03	0.801
118870808	man.n.01	0.894
118871227	man.n.01	0.862
102094102	man.n.01	0.927
118871784	man.n.01	0.837
118871992	man.n.01	0.913
118872175	man.n.01	0.965
118872190	man.n.01	0.984
102095090	man.n.01	0.974
118872307	man.n.01	0.645
102095225	man.n.01	0.987
102095321	man.n.01	0.995
102095466	man.n.01	0.988
118872710	man.n.01	0.921
118872806	man.n.01	0.978
102095757	man.n.01	0.872
102095802	man.n.01	0.979
102095990	woman.n.01	0.901
102096320	male.n.02	0.84
102096376	man.n.01	0.979
102096432	man.n.01	0.966
118873668	man.n.01	0.929
118873782	person.n.01	0.963
102096679	man.n.01	0.989
102096709	man.n.01	0.99
102096711	man.n.01	0.98
102096734	man.n.01	0.934
102096741	man.n.01	0.951
102096748	man.n.01	0.972
102096840	man.n.01	0.965
102096854	man.n.01	0.975
102096880	man.n.01	0.979
118874164	man.n.01	0.994
102097024	man.n.01	0.98
102097061	man.n.01	0.865
102097085	man.n.01	0.923
102097154	man.n.01	0.982
102097233	man.n.01	0.987
102097244	man.n.01	0.99
102097410	man.n.01	0.98
118874711	man.n.01	0.962
102097795	man.n.01	0.964
118875292	man.n.01	0.987
118875528	sophist.n.01	0.774
102098380	citizen.n.01	None
118875604	man.n.01	0.97
102098495	man.n.01	0.992
118875715	man.n.01	0.981
102098512	man.n.01	0.981
118875860	man.n.01	0.984
102098682	man.n.01	0.994
102098873	woman.n.01	0.962
118876141	man.n.01	0.981
118876752	manhood.n.01	0.626
102100496	man.n.01	0.822
118877933	man.n.01	0.96
118878014	man.n.01	0.977
118878129	man.n.01	0.962
102100942	man.n.01	0.954
118878483	man.n.01	0.967
102101272	warrior.n.01	None
118878550	man.n.01	0.889
118878644	man.n.01	0.955
118879032	man.n.01	0.47
118879309	man.n.01	0.954
118879533	man.n.01	0.881
118879700	man.n.06	0.676
118879711	man.n.01	0.991
118879936	man.n.01	0.928
102102749	man.n.01	0.983
102103197	man.n.03	0.745
118880423	man.n.01	0.738
102103251	man.n.01	0.561
102103360	man.n.01	0.925
118884946	man.n.01	0.989
118885275	warrior.n.01	None
118885311	man.n.01	0.595
118885351	man.n.01	0.938
118885790	man.n.01	0.97
118885955	husband.n.01	None
118886011	husband.n.01	None
102109425	man.n.01	0.983
102110588	man.n.01	0.928
118888535	warrior.n.01	None
118889222	man.n.01	0.948
102112077	man.n.03	0.648
118889535	man.n.01	0.898
118889657	man.n.01	0.845
118889721	man.n.01	0.864
118890168	husband.n.01	None
118890583	man.n.01	0.691
118891662	man.n.01	0.71
102114685	man.n.01	0.634
118892440	man.n.01	0.854
118893107	man.n.01	0.84
118893561	man.n.01	0.931
118894302	man.n.01	0.897
118894310	man.n.01	0.972
102117725	man.n.01	0.914
118895797	man.n.01	0.64
102118953	man.n.01	0.805
118896553	man.n.01	0.723
118896659	man.n.01	0.92
102119608	soldier.n.01	0.993
118896974	man.n.01	0.939
118897795	serviceman.n.01	0.568
118898360	manhood.n.01	0.716
118898601	serviceman.n.01	0.506
118901450	man.n.01	0.975
118902571	man.n.01	0.932
102125881	manhood.n.01	0.685
102126833	woman.n.01	0.784
102126859	man.n.01	0.541
118904218	man.n.03	0.369
102127082	man.n.01	0.452
102127324	man.n.01	0.945
102127342	man.n.01	0.932
118904573	man.n.01	0.977
102127399	man.n.03	0.467
118905016	man.n.01	0.993
102127858	man.n.01	0.682
102127864	oligarch.n.01	None
102127873	man.n.01	0.65
102128675	man.n.01	0.878
102128964	man.n.03	0.703
102129283	husband.n.01	None
102129433	man.n.01	0.784
102129441	man.n.01	0.784
102129546	inclination.n.01	0.482
102129588	man.n.01	0.906
102129615	man.n.03	0.495
102130943	man.n.01	0.83
102131932	man.n.01	0.982
102131978	chap.n.01	0.755
102132161	man.n.01	0.928
102132558	man.n.01	0.857
102133339	man.n.01	0.833
102133931	man.n.03	0.792
102133956	man.n.03	0.656
102134471	woman.n.01	0.882
102134473	woman.n.01	0.815
102134869	man.n.01	0.974
102135706	man.n.01	0.966
102135825	man.n.01	0.416
102136980	man.n.01	0.681
102137515	man.n.01	0.974
102137815	man.n.01	0.589
102137850	man.n.01	0.97
102137895	man.n.01	0.937
102138795	man.n.01	0.93
102139092	man.n.03	0.418
102139094	man.n.01	0.487
102139218	man.n.01	0.983
102139238	man.n.01	0.932
102139388	man.n.03	0.517
102139478	man.n.01	0.573
102139637	man.n.03	0.427
102139660	man.n.03	0.514
102139722	man.n.03	0.457
102139976	man.n.01	0.973
102140235	man.n.01	0.94
102141294	man.n.01	0.892
102144318	man.n.01	0.918
102144364	husband.n.01	None
102145368	man.n.01	0.519
102147136	man.n.01	0.936
118925482	husband.n.01	None
102149453	man.n.01	0.953
102149602	man.n.01	0.929
102152299	man.n.01	0.465
118929904	husband.n.01	None
118929977	husband.n.01	None
102152767	warrior.n.01	None
102153375	man.n.01	0.986
102154232	man.n.01	0.981
118931678	husband.n.01	None
102155005	athlete.n.01	None
118932266	husband.n.01	None
102155063	citizen.n.01	None
102155879	man.n.01	0.94
102156295	citizen.n.01	None
102156403	man.n.01	0.878
102156851	man.n.01	0.992
118935393	person.n.01	0.998
102158200	man.n.01	0.828
102158218	man.n.01	0.759
118936074	soldier.n.01	0.999
118936501	man.n.01	0.967
102159910	man.n.03	0.511
118938296	husband.n.01	None
118940347	man.n.01	0.989
118940437	man.n.01	0.765
102163643	man.n.03	0.477
118942550	man.n.01	0.992
118943048	husband.n.01	None
102167235	man.n.03	0.483
102167928	man.n.01	0.481
102174000	man.n.01	0.991
102176009	man.n.01	0.81
102176446	man.n.01	0.917
102181690	man.n.01	0.844
102181824	man.n.01	0.915
102181981	man.n.01	0.767
102182900	man.n.01	0.888
102183350	man.n.01	0.833
102183662	hero.n.01	0.784
102184478	man.n.01	0.979
102186329	man.n.01	0.982
102186929	man.n.01	0.715
102186935	man.n.01	0.662
102187108	man.n.01	0.86
102189440	man.n.01	0.922
102190003	man.n.01	0.972
102190137	man.n.01	0.764
102190643	man.n.01	0.895
102190832	man.n.01	0.913
102191050	man.n.01	0.827
102191927	man.n.01	0.903
102191928	man.n.01	0.903
102192884	man.n.01	0.934
102193013	person.n.01	0.998
102193242	warrior.n.01	None
102194897	man.n.01	0.861
102196014	sir.n.01	0.913
102196696	man.n.01	0.585
102197404	man.n.01	0.838
102197919	man.n.01	0.978
102198112	man.n.01	0.793
102198242	man.n.01	0.87
102198449	man.n.01	0.783
102203448	man.n.01	0.895
102203718	man.n.01	0.718
102203790	man.n.01	0.758
102203941	man.n.01	0.797
118982625	husband.n.01	None
102205539	man.n.01	0.913
102205979	serviceman.n.01	0.542
102206002	man.n.01	0.619
102207090	man.n.01	0.982
118984740	homo.n.02	0.488
102208746	person.n.01	0.913
102208851	man.n.01	0.975
118988422	man.n.01	0.978
118988798	man.n.01	0.885
102211963	man.n.01	0.703
102212969	man.n.01	0.991
102213628	person.n.01	0.89
102214444	friend.n.01	0.989
118992326	husband.n.01	None
118992410	man.n.01	0.902
102215602	man.n.01	0.979
102215635	man.n.01	0.848
102216006	man.n.01	0.933
102217850	man.n.01	0.828
118996402	man.n.01	0.967
118996594	husband.n.01	None
118996690	husband.n.01	None
118996710	husband.n.01	None
118996760	husband.n.01	None
118996801	husband.n.01	None
118996811	husband.n.01	None
118996853	husband.n.01	None
118996937	husband.n.01	None
118997281	man.n.01	0.673
102220109	man.n.01	0.691
118997477	man.n.01	0.936
118999732	man.n.01	0.916
102222774	man.n.03	0.643
102222952	man.n.01	0.446
102223148	man.n.01	0.637
119001066	man.n.01	0.974
119001223	man.n.01	0.986
102224154	man.n.01	0.98
119001394	man.n.01	0.93
119003020	man.n.01	0.974
119003525	man.n.01	0.94
102226411	man.n.01	0.789
102226419	man.n.01	0.896
119004102	friend.n.01	0.972
102227548	man.n.01	0.691
102227973	man.n.01	0.697
119006104	man.n.01	0.867
119007211	man.n.01	0.962
102230008	man.n.01	0.827
102230051	man.n.01	0.507
102230386	man.n.01	0.814
119009708	sir.n.01	0.941
119009745	man.n.01	0.955
119009971	sir.n.01	0.937
102233013	citizen.n.01	None
102234307	man.n.01	0.936
119012104	friend.n.01	0.961
102235117	man.n.01	0.846
102235415	man.n.01	0.966
119012972	sir.n.01	0.9
119013053	man.n.01	0.993
102235976	man.n.01	0.919
119014420	man.n.01	0.97
119014563	friend.n.01	0.984
119014590	man.n.01	0.959
102238138	man.n.01	0.843
102238370	man.n.01	0.811
102238496	citizen.n.01	None
102238893	cub.n.02	0.548
119016272	serviceman.n.01	0.77
119017062	sir.n.01	0.955
119017592	sir.n.01	0.956
102240401	citizen.n.01	None
102240932	member.n.01	0.991
102243227	man.n.01	0.853
102244668	man.n.01	0.982
102244809	woman.n.01	0.869
102245035	man.n.03	0.392
119022384	man.n.01	0.836
119022545	sir.n.01	0.963
102245534	woman.n.01	0.899
119022959	man.n.01	0.995
102245808	man.n.01	0.986
119023177	man.n.01	0.984
119023210	man.n.01	0.763
102246063	man.n.01	0.99
102246221	man.n.01	0.993
102246229	man.n.01	0.74
119024161	man.n.01	0.993
119024243	man.n.01	0.994
119024360	man.n.01	0.993
119025787	man.n.01	0.991
119026139	man.n.01	0.736
119027159	man.n.01	0.921
102250135	man.n.01	0.977
119027785	friend.n.01	0.992
102251534	woman.n.01	0.764
119029170	sir.n.01	0.969
102252112	man.n.01	0.902
102252523	man.n.01	0.535
102252586	man.n.01	0.986
102252641	man.n.01	0.984
102252683	man.n.01	0.975
102252876	man.n.01	0.982
102253135	man.n.01	0.989
102253293	man.n.01	0.879
102254042	man.n.01	0.954
102255786	man.n.01	0.959
102255934	man.n.01	0.927
102256488	man.n.01	0.906
102257113	woman.n.01	0.985
102257213	person.n.01	1.0
119034513	man.n.01	0.989
119035059	sir.n.01	0.902
119036287	man.n.01	0.991
102259867	man.n.01	0.968
102260222	woman.n.01	0.758
119037731	calculator.n.01	0.955
102260695	man.n.01	0.918
102260721	woman.n.01	0.852
102262057	man.n.01	0.988
102262142	man.n.01	0.955
102263063	woman.n.01	0.985
102263065	woman.n.01	0.966
102265129	man.n.01	0.981
102268902	man.n.01	0.969
102268926	man.n.01	0.709
119046173	man.n.01	0.935
119046536	person.n.01	0.997
119046637	man.n.01	0.95
119046946	man.n.01	0.909
119047051	sir.n.01	0.924
119047654	man.n.01	0.971
102272185	man.n.01	0.673
102272583	man.n.01	0.566
119050859	sir.n.01	0.943
102274238	husband.n.01	None
102274241	husband.n.01	None
102274285	husband.n.01	None
102274295	husband.n.01	None
119051715	sir.n.01	0.917
119052574	sir.n.01	0.921
119053541	sir.n.01	0.961
102276503	man.n.01	0.926
119053872	sir.n.01	0.92
119054678	man.n.01	0.993
102277633	husband.n.01	None
102277642	husband.n.01	None
102277676	man.n.01	0.991
102277838	man.n.01	0.97
102278168	female.n.02	0.922
102279279	woman.n.01	0.994
102279548	man.n.01	0.995
102279551	man.n.01	0.995
119057030	man.n.01	0.993
102281232	man.n.03	0.69
102281642	man.n.01	0.923
119059044	sir.n.01	0.949
102282084	man.n.01	0.782
119060420	sir.n.01	0.941
119060678	sir.n.01	0.923
119062272	man.n.01	0.911
102285088	man.n.01	0.409
119062522	man.n.01	0.856
102288021	man.n.01	0.874
102288167	man.n.01	0.86
119065655	soldier.n.01	0.964
102289242	man.n.01	0.992
102289283	man.n.01	0.988
102289571	man.n.01	0.966
119066885	serviceman.n.01	0.785
119066924	man.n.01	0.708
102290754	man.n.01	0.616
102290911	man.n.01	0.99
119068480	serviceman.n.01	0.714
119068533	man.n.01	0.715
102291590	man.n.01	0.942
102292661	serviceman.n.01	0.513
102292712	man.n.01	0.814
102293393	husband.n.01	None
119070646	man.n.01	0.885
102293445	husband.n.01	None
102293471	man.n.01	0.947
119071348	serviceman.n.01	0.668
119072071	serviceman.n.01	0.709
102295768	man.n.01	0.972
102295779	member.n.01	0.984
102295936	husband.n.01	None
102296092	man.n.01	0.918
102296659	man.n.01	0.996
119075235	man.n.01	0.518
102299864	man.n.01	0.717
102299866	man.n.01	0.717
102300245	woman.n.01	0.995
102300331	soldier.n.01	1.0
102300698	man.n.01	0.944
102300839	man.n.01	0.853
119078650	man.n.01	0.965
119079211	man.n.08	0.647
102302370	man.n.01	0.839
102304320	man.n.03	0.533
119081696	man.n.01	0.986
119081960	man.n.01	0.972
102304785	man.n.01	0.927
119082415	people.n.01	0.986
102305231	man.n.01	0.746
119082551	man.n.01	0.994
102305391	man.n.01	0.912
119082712	man.n.01	0.993
119082728	man.n.01	0.986
119082747	man.n.01	0.995
102305721	man.n.01	0.977
119083132	man.n.01	0.993
119086247	man.n.01	0.918
102309399	member.n.01	0.975
119086882	herder.n.02	None
102310103	man.n.01	0.812
102310187	man.n.01	0.92
119087912	fisherman.n.01	None
119088091	gentleman.n.01	0.978
119088296	man.n.01	0.989
119090035	man.n.01	0.989
119092105	man.n.01	0.951
102316940	assistant.n.01	0.806
102317032	man.n.01	0.479
102317579	man.n.01	0.902
102320186	man.n.01	0.846
102321163	man.n.01	0.695
102321656	man.n.01	0.679
102322124	leader.n.01	1.0
102322218	man.n.01	0.955
102322488	friend.n.01	0.947
102322809	citizen.n.01	None
119100499	man.n.01	0.729
102324372	man.n.01	0.949
102324572	citizen.n.01	None
102324664	man.n.01	0.94
102324814	citizen.n.01	None
102324842	man.n.01	0.975
102324863	man.n.01	0.951
102324946	man.n.01	0.755
102325228	citizen.n.01	None
102325496	man.n.01	0.829
102325775	man.n.01	0.857
102325964	man.n.03	0.442
102326125	man.n.01	0.945
102326331	man.n.01	0.862
102326364	man.n.01	0.614
102326512	man.n.01	0.944
102328773	man.n.01	0.523
102329088	man.n.01	0.809
102332750	man.n.01	0.958
102334440	man.n.01	0.737
102334514	man.n.01	0.903
102334581	man.n.01	0.865
102334592	man.n.01	0.963
102334606	man.n.01	0.836
102334792	man.n.01	0.916
102334927	man.n.01	0.969
102351036	husband.n.01	None
102351047	serviceman.n.01	0.419
102360138	man.n.01	0.858
102360620	man.n.03	0.528
102360659	man.n.03	0.414
102362036	man.n.01	0.851
102362422	man.n.01	0.568
102362743	man.n.01	0.924
102362904	man.n.01	0.784
102363965	man.n.01	0.797
102364998	man.n.01	0.713
102366267	warrior.n.01	None
102366362	citizenry.n.01	0.685
102366433	man.n.03	0.608
102367834	man.n.01	0.979
102368191	sailor.n.01	0.604
102369822	hero.n.01	0.811
102370563	man.n.01	0.962
102370732	friend.n.01	0.936
102371292	serviceman.n.01	0.705
102371492	man.n.01	0.802
102371513	serviceman.n.01	0.557
102371546	serviceman.n.01	0.644
102371830	serviceman.n.01	0.715
102379596	warrior.n.01	None
102379697	man.n.01	0.604
102380000	man.n.01	0.583
102380399	man.n.01	0.972
102380425	man.n.01	0.94
102380808	serviceman.n.01	0.702
102380990	serviceman.n.01	0.647
102381156	man.n.01	0.958
102381266	man.n.01	0.794
102381268	man.n.01	0.794
102381558	man.n.01	0.916
102381666	man.n.01	0.768
102381800	man.n.01	0.818
102382008	serviceman.n.01	0.813
102382097	man.n.01	0.542
102382257	man.n.01	0.973
102382274	man.n.01	0.495
102382276	man.n.01	0.495
102382306	man.n.03	0.381
102382307	man.n.01	0.733
102382540	man.n.01	0.868
102382565	man.n.01	0.711
102382613	man.n.01	0.889
102382687	man.n.01	0.992
102382700	man.n.01	0.904
102382902	man.n.01	0.865
102382930	man.n.01	0.97
102382937	man.n.01	0.963
102382945	man.n.01	0.943
102382979	man.n.01	0.983
102382987	man.n.01	0.982
102383188	man.n.01	0.997
102383210	man.n.01	0.916
102383425	man.n.01	0.889
102383450	man.n.01	0.932
102383923	man.n.01	0.75
102384016	man.n.01	0.956
102384126	man.n.01	0.843
102386068	man.n.01	0.767
102387156	husband.n.01	None
102387232	husband.n.01	None
102387395	man.n.01	0.986
102387547	man.n.01	0.549
102388307	man.n.01	0.935
102388818	husband.n.01	None
119166087	man.n.01	0.991
102388964	prince.n.01	None
102389195	serviceman.n.01	0.563
102389468	man.n.01	0.987
102389827	man.n.01	0.575
102389996	man.n.01	0.843
102390225	husband.n.01	None
102390412	husband.n.01	None
102392573	man.n.01	0.594
102393041	man.n.01	0.955
102393045	man.n.01	0.969
102393603	husband.n.01	None
102394397	husband.n.01	None
102394416	hero.n.01	0.787
102394589	man.n.01	0.959
102394818	man.n.01	0.989
102394910	hero.n.01	0.862
102394913	warrior.n.01	None
102395747	husband.n.01	None
102396251	man.n.01	0.931
102396301	man.n.01	0.96
102397611	man.n.01	0.99
102398269	man.n.01	0.741
102398648	man.n.01	0.945
102398884	man.n.03	0.601
102399260	man.n.03	0.425
102399292	man.n.01	0.994
102399363	man.n.01	0.972
102399670	man.n.01	0.577
102399672	man.n.01	0.577
102399870	man.n.01	0.978
102400142	man.n.01	0.854
102400361	man.n.01	0.937
102400643	man.n.08	0.621
102400745	man.n.01	0.873
102400845	husband.n.01	None
102400853	husband.n.01	None
102401239	man.n.01	0.797
102402165	man.n.01	0.974
102402199	man.n.01	0.987
102402382	homo.n.02	0.426
102402696	man.n.01	0.977
102402922	man.n.01	0.977
102403263	husband.n.01	None
102403301	man.n.01	0.983
102403945	man.n.01	0.923
102404177	man.n.01	0.576
102404228	man.n.01	0.814
102404715	man.n.01	0.957
102405275	man.n.01	0.975
102405377	man.n.01	0.967
102405687	man.n.01	0.94
102405753	man.n.01	0.972
102405815	husband.n.01	None
102406545	husband.n.01	None
102406672	man.n.01	0.954
102406727	captain.n.05	0.908
102407249	man.n.01	0.961
102408450	man.n.01	0.785
102408581	man.n.01	0.951
102408670	man.n.01	0.869
102409055	man.n.01	0.865
102410085	man.n.01	0.99
102410263	man.n.01	0.987
102410911	homo.n.02	0.456
102410966	man.n.01	0.847
102411460	man.n.01	0.754
102412106	man.n.01	0.935
102412144	man.n.01	0.976
102412160	man.n.01	0.953
102412276	man.n.01	0.789
102412316	man.n.01	0.563
102413460	man.n.01	0.786
102413499	man.n.01	0.932
102423494	man.n.01	0.452
102423667	man.n.01	0.895
102423717	man.n.01	0.777
102423825	man.n.01	0.881
102424022	man.n.01	0.943
102424317	man.n.01	0.642
102426915	sir.n.01	0.932
102427031	sir.n.01	0.951
102427082	sir.n.01	0.94
102427341	sir.n.01	0.981
102427468	sir.n.01	0.934
102427656	sir.n.01	0.952
102427689	sir.n.01	0.976
102427772	creature.n.02	0.594
102427838	sir.n.01	0.972
102428259	sir.n.01	0.966
102428366	sir.n.01	0.97
102428464	sir.n.01	0.965
102428545	sir.n.01	0.935
102428592	sir.n.01	0.952
102428673	sir.n.01	0.926
102428793	sir.n.01	0.958
102428829	sir.n.01	0.822
102428883	husband.n.01	None
102428903	husband.n.01	None
102428924	sir.n.01	0.927
102429085	sir.n.01	0.961
102429107	sir.n.01	0.9
102429215	sir.n.01	0.932
102429281	sir.n.01	0.933
102429584	sir.n.01	0.947
102429758	man.n.01	0.645
102430018	man.n.01	0.684
102430029	man.n.01	0.719
102430081	man.n.01	0.936
102430563	man.n.01	0.888
102431260	man.n.01	0.548
102431427	man.n.01	0.633
102432238	serviceman.n.01	0.749
102432837	serviceman.n.01	0.742
102433119	man.n.01	0.87
102433165	man.n.01	0.923
102433654	manhood.n.01	0.67
102433745	man.n.01	0.882
102437974	gentleman.n.01	0.968
102438622	man.n.01	0.913
102438679	man.n.01	0.834
102438711	man.n.01	0.757
102439091	man.n.01	0.981
102439240	man.n.01	0.885
102439827	man.n.01	0.876
102440060	gentleman.n.01	0.972
102440355	man.n.01	0.949
102440434	man.n.01	0.827
102441257	man.n.01	0.955
102443952	man.n.01	0.969
102444942	gentleman.n.01	0.952
102445885	gentleman.n.01	0.946
102446032	gentleman.n.01	0.975
102446114	gentleman.n.01	0.991
102446154	gentleman.n.01	0.984
102446207	gentleman.n.01	0.99
102446697	gentleman.n.01	0.988
102446966	gentleman.n.01	0.956
102447023	gentleman.n.01	0.997
102447221	man.n.01	0.758
102447406	gentleman.n.01	0.996
102447444	gentleman.n.01	0.993
102447481	gentleman.n.01	0.987
102447506	gentleman.n.01	0.992
102448105	man.n.01	0.807
102448292	gentleman.n.01	0.953
102448427	gentleman.n.01	0.993
102448841	gentleman.n.01	0.966
102449567	gentleman.n.01	0.956
102450174	gentleman.n.01	0.996
102450386	gentleman.n.01	0.973
102450429	man.n.01	0.954
102450704	man.n.01	0.97
102450933	man.n.01	0.907
102450987	gentleman.n.01	0.994
102451600	man.n.01	0.588
102452000	man.n.01	0.93
102452146	gentleman.n.01	0.981
102452235	man.n.01	0.514
102452276	gentleman.n.01	0.995
102452353	citizen.n.01	None
102453451	man.n.01	0.63
102453669	man.n.06	0.454
102453897	gentleman.n.01	0.975
102453905	man.n.01	0.97
102453986	supporter.n.01	0.557
102454024	man.n.01	0.768
102454039	gentleman.n.01	0.989
102454078	gentleman.n.01	0.991
102454106	man.n.01	0.96
102454305	man.n.01	0.922
102454626	man.n.01	0.88
102454649	man.n.01	0.829
102454805	man.n.01	0.765
102455516	gentleman.n.01	0.949
102455653	man.n.01	0.982
102455757	man.n.01	0.985
102455944	gentleman.n.01	0.983
102456024	husband.n.01	None
102456131	man.n.01	0.969
102456184	gentleman.n.01	0.969
102456305	gentleman.n.01	0.996
102456398	citizen.n.01	None
102456407	gentleman.n.01	0.992
102456469	gentleman.n.01	0.989
102456488	man.n.01	0.716
102456655	gentleman.n.01	0.991
102457206	person.n.01	1.0
102457239	gentleman.n.01	0.972
102457244	man.n.01	0.921
102457346	man.n.01	0.881
102457413	gentleman.n.01	0.973
102457499	gentleman.n.01	0.99
102457665	gentleman.n.01	0.981
102457693	gentleman.n.01	0.937
102458226	man.n.01	0.782
102458390	gentleman.n.01	0.991
102458564	man.n.01	0.905
102458749	man.n.01	0.875
102458873	gentleman.n.01	0.939
102458889	man.n.01	0.949
102459071	gentleman.n.01	0.994
102459079	man.n.01	0.718
102459176	man.n.01	0.912
102459219	man.n.01	0.914
102459244	man.n.01	0.958
102459300	man.n.01	0.96
102459308	gentleman.n.01	0.983
102459325	man.n.01	0.954
102459365	man.n.01	0.65
102459431	man.n.01	0.977
102459499	gentleman.n.01	0.963
102459587	gentleman.n.01	0.991
102459663	gentleman.n.01	0.989
102459806	gentleman.n.01	0.994
102459861	gentleman.n.01	0.966
102460149	gentleman.n.01	0.991
102460196	gentleman.n.01	0.991
102460315	gentleman.n.01	0.997
102460422	gentleman.n.01	0.989
102460494	gentleman.n.01	0.994
102460579	gentleman.n.01	0.995
102460647	gentleman.n.01	0.981
102460675	gentleman.n.01	0.996
102460878	gentleman.n.01	0.996
102461153	gentleman.n.01	0.991
102461197	husband.n.01	None
102461388	gentleman.n.01	0.982
110850326	man.n.01	0.697
102461784	gentleman.n.01	0.983
102461917	gentleman.n.01	0.994
102461925	serviceman.n.01	0.631
102462038	gentleman.n.01	0.996
102462271	gentleman.n.01	0.975
102462454	gentleman.n.01	0.99
102462566	gentleman.n.01	0.993
102462610	gentleman.n.01	0.993
102462648	gentleman.n.01	0.987
102462710	gentleman.n.01	0.992
102462779	gentleman.n.01	0.993
110851431	man.n.01	0.873
102462851	gentleman.n.01	0.997
110851807	man.n.01	0.964
110852066	man.n.01	0.611
102463802	man.n.01	0.971
102464270	gentleman.n.01	0.963
102464894	gentleman.n.01	0.969
102464942	gentleman.n.01	0.975
102465382	gentleman.n.01	0.99
102465616	gentleman.n.01	0.975
110854244	horse.n.01	0.999
102465639	gentleman.n.01	0.977
102465661	gentleman.n.01	0.98
102465746	man.n.01	0.97
102466042	gentleman.n.01	0.987
102466146	gentleman.n.01	0.995
102466267	gentleman.n.01	0.97
102466379	man.n.01	0.916
110855000	man.n.01	0.821
102466474	gentleman.n.01	0.98
102466686	gentleman.n.01	0.991
102466907	gentleman.n.01	0.992
102466986	gentleman.n.01	0.994
102467312	gentleman.n.01	0.977
102467658	man.n.01	0.88
110856505	man.n.01	0.817
102468008	gentleman.n.01	0.995
102468529	gentleman.n.01	0.897
102468652	gentleman.n.01	0.994
102468813	gentleman.n.01	0.96
102469341	gentleman.n.01	0.974
102469386	gentleman.n.01	0.994
102469551	man.n.01	0.818
102469625	gentleman.n.01	0.968
102469711	man.n.01	0.873
102470009	gentleman.n.01	0.98
110859144	man.n.01	0.728
102470663	manhood.n.01	0.673
102471099	gentleman.n.01	0.95
102471152	gentleman.n.01	0.996
102471548	gentleman.n.01	0.932
102472045	gentleman.n.01	0.997
102472285	gentleman.n.01	0.95
102472933	gentleman.n.01	0.968
102473305	gentleman.n.01	0.967
102473385	gentleman.n.01	0.996
102473519	gentleman.n.01	0.993
102473548	gentleman.n.01	0.988
102473754	gentleman.n.01	0.965
102473774	gentleman.n.01	0.986
102474088	gentleman.n.01	0.988
102474142	gentleman.n.01	0.974
102474364	gentleman.n.01	0.937
102474784	gentleman.n.01	0.97
102474837	gentleman.n.01	0.982
102474899	gentleman.n.01	0.994
102475091	gentleman.n.01	0.964
102475952	gentleman.n.01	0.928
102477650	gentleman.n.01	0.978
102477776	gentleman.n.01	0.997
102477832	gentleman.n.01	0.987
102478127	gentleman.n.01	0.952
102478209	gentleman.n.01	0.995
102478361	gentleman.n.01	0.985
102478511	gentleman.n.01	0.986
102478592	gentleman.n.01	0.949
102478734	gentleman.n.01	0.931
102478806	gentleman.n.01	0.994
102478906	gentleman.n.01	0.902
102478951	man.n.01	0.817
102479055	gentleman.n.01	0.995
102479190	gentleman.n.01	0.996
102479268	gentleman.n.01	0.996
102479620	gentleman.n.01	0.978
102479766	man.n.01	0.724
102479916	gentleman.n.01	0.988
102481323	gentleman.n.01	0.993
102481375	manhood.n.01	0.609
102481566	man.n.01	0.935
102481723	person.n.01	1.0
102481832	gentleman.n.01	0.971
102481916	man.n.01	0.846
102482022	gentleman.n.01	0.996
102482362	gentleman.n.01	0.982
102482446	man.n.01	0.785
102482540	man.n.01	0.906
102482839	man.n.01	0.822
102482958	man.n.01	0.855
102483009	man.n.01	0.956
102483082	man.n.01	0.693
102483123	man.n.01	0.867
102483270	man.n.01	0.856
102483368	man.n.01	0.848
102483409	man.n.01	0.925
102483483	gentleman.n.01	0.954
102483546	gentleman.n.01	0.992
102483707	gentleman.n.01	0.956
102483862	gentleman.n.01	0.995
102483952	gentleman.n.01	0.981
102484025	gentleman.n.01	0.962
102484103	gentleman.n.01	0.953
102484236	gentleman.n.01	0.986
102484450	gentleman.n.01	0.993
102484586	gentleman.n.01	0.977
102484630	gentleman.n.01	0.992
102484798	gentleman.n.01	0.979
102484906	gentleman.n.01	0.909
102485292	gentleman.n.01	0.979
102485487	gentleman.n.01	0.975
102485662	gentleman.n.01	0.998
102485733	gentleman.n.01	0.992
102485851	man.n.01	0.539
102486186	gentleman.n.01	0.97
102488509	gentleman.n.01	0.934
102488675	gentleman.n.01	0.986
102488864	husband.n.01	None
102488935	husband.n.01	None
102489000	manhood.n.01	0.523
102489113	man.n.01	0.991
102489530	gentleman.n.01	0.957
102489592	gentleman.n.01	0.97
102489624	gentleman.n.01	0.98
102489802	gentleman.n.01	0.937
102489841	gentleman.n.01	0.996
102490029	gentleman.n.01	0.982
102490171	gentleman.n.01	0.972
102490305	gentleman.n.01	0.932
102490419	gentleman.n.01	0.996
102490542	man.n.01	0.899
102490967	man.n.01	0.877
102494897	man.n.01	0.977
102495023	man.n.01	0.919
102495231	man.n.01	0.845
102495321	man.n.01	0.941
102495461	man.n.01	0.841
102495539	man.n.01	0.981
102495770	warrior.n.01	None
102496196	man.n.01	0.989
102502434	man.n.03	0.477
102502442	man.n.01	0.926
102502710	man.n.01	0.908
102502911	man.n.01	0.949
102504569	man.n.01	0.966
102510104	man.n.01	0.854
102510499	man.n.01	0.92
102515522	husband.n.01	None
102515770	man.n.01	0.887
102516464	man.n.01	0.962
102516491	man.n.01	0.98
102516512	man.n.01	0.988
102516608	man.n.01	0.977
102520683	man.n.01	0.991
102523939	adult.n.01	0.989
102530405	man.n.01	0.992
119333540	man.n.01	0.992
119339923	man.n.01	0.935
119343221	man.n.01	0.908
119343580	man.n.01	0.995
119344025	man.n.01	0.981
119344031	man.n.01	0.966
119344133	man.n.01	0.82
119345515	man.n.01	0.986
119345524	adult.n.01	0.966
119345529	man.n.01	0.997
119350261	man.n.01	0.997
119350286	man.n.01	0.887
119357596	man.n.01	0.985
119357713	man.n.01	0.853
119357737	man.n.01	0.705
119357766	man.n.01	0.932
119358973	man.n.01	0.997
119362921	man.n.01	0.988
119362934	man.n.01	0.996
119375121	man.n.01	0.987
119375454	person.n.01	1.0
102601032	man.n.01	0.997
102605344	man.n.01	0.449
102605353	man.n.01	0.99
102605620	homo.n.02	0.453
102605644	man.n.01	0.356
119383812	man.n.01	0.994
119388660	man.n.01	0.979
119388730	manhood.n.01	0.805
111004647	man.n.01	0.867
111004763	man.n.01	0.934
102636665	person.n.01	0.999
102647368	man.n.01	0.986
102651400	man.n.01	0.957
111181391	man.n.01	0.975
111188499	man.n.01	0.979
111188557	man.n.01	0.918
102951935	man.n.01	0.961
102952017	stranger.n.01	0.803
102953643	man.n.01	0.797
102954943	man.n.01	0.996
102955493	coward.n.01	0.981
102956151	hero.n.01	0.576
102956596	man.n.01	0.945
102956875	homo.n.02	0.44
102956952	man.n.01	0.734
102957941	stranger.n.01	0.748
102958053	man.n.01	0.952
102958379	man.n.01	0.978
102958514	man.n.01	0.427
102958745	man.n.01	0.993
102959410	hero.n.01	0.737
102959583	hero.n.05	0.742
102959999	man.n.01	0.795
102960174	man.n.01	0.989
102960776	captain.n.05	0.782
102961537	man.n.01	0.956
102961996	man.n.03	0.43
102962235	man.n.01	0.978
102962452	man.n.01	0.91
102962643	hunter.n.01	0.996
102962662	man.n.01	0.992
102962909	man.n.01	0.947
102963085	shipwright.n.01	None
102963262	man.n.01	0.985
102963666	serviceman.n.01	0.571
102964129	man.n.01	0.551
102964151	man.n.01	0.814
102964296	man.n.01	0.569
102965380	man.n.01	0.508
102965999	neighbor.n.01	0.998
102966070	captain.n.05	0.704
102966142	man.n.01	0.92
102966153	man.n.01	0.961
102966404	man.n.01	0.956
102967389	man.n.01	0.898
102968664	champion.n.02	0.548
102968684	man.n.01	0.772
102968715	man.n.01	0.915
102969098	hero.n.01	0.933
102969263	man.n.01	0.955
102969603	man.n.01	0.836
102969891	man.n.01	0.929
102970337	husband.n.01	None
102970822	man.n.01	0.994
102970854	man.n.01	0.731
102970958	hero.n.05	0.55
102971255	man.n.01	0.693
102973042	man.n.03	0.416
102973869	man.n.01	0.431
102974193	man.n.01	0.885
102975064	man.n.01	0.97
102975143	man.n.01	0.892
102975299	crew.n.01	0.852
102975802	man.n.01	0.805
102975872	man.n.01	0.872
102975925	man.n.01	0.717
102976070	man.n.01	0.909
102976715	man.n.01	0.953
102976766	man.n.01	0.933
102977262	man.n.01	0.968
102978152	stranger.n.01	0.883
102980016	man.n.01	0.945
102980487	man.n.01	0.964
102980726	captain.n.05	0.643
102981019	man.n.01	0.593
102981044	man.n.01	0.87
102981532	man.n.01	0.927
102981674	man.n.01	0.968
102982085	man.n.01	0.97
102982552	hero.n.01	0.734
102983201	hero.n.05	0.46
102983385	man.n.01	0.637
102983453	man.n.01	0.843
102983601	young_person.n.01	0.649
102983692	man.n.03	0.336
102983873	man.n.01	0.956
102984810	man.n.01	0.958
102985328	man.n.03	0.529
102985471	man.n.01	0.673
102985871	man.n.01	0.658
102987041	serviceman.n.01	0.457
102988718	man.n.01	0.973
102989148	man.n.01	0.951
102991967	man.n.01	0.759
102992294	man.n.09	0.874
102992565	husband.n.01	None
102992663	husband.n.01	None
102993143	folk.n.01	0.916
102993895	man.n.01	0.959
102995121	man.n.01	0.975
102995537	sheepherder.n.01	0.997
102996470	man.n.01	0.991
102996759	man.n.01	0.959
102996857	man.n.01	0.825
102997368	man.n.01	0.392
102997432	man.n.01	0.98
102998135	woman.n.01	0.988
103001799	man.n.01	0.904
103003802	chap.n.01	0.914
103003966	friend.n.01	0.956
103004556	man.n.01	0.965
103005473	husband.n.01	None
103005566	man.n.01	0.577
103007605	man.n.01	0.818
103007910	man.n.01	0.765
103007941	man.n.01	0.958
103010389	man.n.01	0.867
103010834	man.n.01	0.949
103010952	man.n.01	0.819
103011494	man.n.01	0.968
103011979	prince.n.01	None
103012082	man.n.01	0.958
103013248	man.n.01	0.874
103014156	man.n.01	0.99
103014241	stranger.n.01	0.564
103014359	man.n.03	0.448
103014520	man.n.01	0.955
103014740	man.n.01	0.984
103016881	man.n.01	0.909
103016902	animal.n.01	0.986
103018178	man.n.01	0.917
103018283	man.n.01	0.985
103019338	man.n.01	0.974
103019595	animal.n.01	0.976
103020115	man.n.01	0.967
103022135	man.n.01	0.961
103022214	man.n.01	0.981
103022248	man.n.01	0.95
103024066	man.n.01	0.87
103024287	man.n.01	0.852
103024424	man.n.01	0.837
103024685	man.n.01	0.759
103024891	man.n.01	0.835
103025057	man.n.01	0.865
103025157	man.n.01	0.598
103025251	man.n.01	0.866
103025418	man.n.01	0.685
103025913	man.n.01	0.77
103026227	man.n.01	0.759
103026304	man.n.01	0.741
103026785	man.n.01	0.893
103026930	man.n.01	0.821
103027072	man.n.01	0.794
103027178	man.n.01	0.733
103027309	man.n.01	0.782
103027472	man.n.01	0.932
103027969	man.n.01	0.935
103028052	man.n.01	0.902
103028111	man.n.01	0.88
103028258	man.n.01	0.853
103028614	man.n.01	0.952
103028804	man.n.01	0.843
103028899	man.n.01	0.895
103029072	man.n.01	0.742
103029171	man.n.01	0.755
103029205	man.n.01	0.755
103029742	man.n.01	0.862
103029944	man.n.01	0.886
103030302	man.n.01	0.924
103031045	man.n.01	0.791
103031133	man.n.01	0.792
103031340	man.n.01	0.903
103031389	man.n.01	0.742
103031519	man.n.01	0.921
103031713	man.n.01	0.846
103031793	man.n.01	0.778
103031886	man.n.01	0.868
103032006	man.n.01	0.884
103032526	man.n.01	0.779
103033611	man.n.01	0.677
103033780	man.n.01	0.747
103033962	man.n.01	0.744
103034699	serviceman.n.01	0.509
103034806	man.n.01	0.828
103034886	man.n.01	0.874
103035024	man.n.01	0.787
103035274	man.n.01	0.629
103035604	man.n.01	0.874
103035811	man.n.01	0.92
103035952	man.n.01	0.68
103035984	man.n.01	0.849
103036173	man.n.01	0.72
103036988	man.n.01	0.764
103037379	man.n.01	0.904
103037581	man.n.01	0.913
103038776	man.n.01	0.833
103039413	man.n.01	0.828
103039749	man.n.01	0.91
103040569	man.n.01	0.934
103040591	man.n.01	0.905
103040842	man.n.01	0.868
103042229	man.n.01	0.904
103042457	man.n.01	0.755
103043277	man.n.01	0.875
103043979	man.n.01	0.683
103044287	man.n.01	0.811
103044405	man.n.01	0.69
103044656	man.n.01	0.915
103045387	man.n.01	0.901
103045668	man.n.01	0.823
103045717	man.n.01	0.82
103046703	man.n.01	0.782
103047012	serviceman.n.01	0.871
103047254	man.n.01	0.936
103048928	man.n.01	0.823
103049076	man.n.01	0.885
103049827	man.n.01	0.755
103050776	serviceman.n.01	0.534
103052033	person.n.01	0.943
103052311	man.n.01	0.916
103052353	man.n.01	0.757
103053071	man.n.01	0.834
103054084	man.n.01	0.868
103054178	man.n.01	0.751
103055539	man.n.01	0.853
103056203	man.n.01	0.795
103057638	man.n.01	0.871
103057969	man.n.01	0.782
103058057	man.n.01	0.832
103058308	man.n.01	0.737
103058572	man.n.01	0.803
103060629	man.n.01	0.742
103061465	man.n.01	0.761
103061732	serviceman.n.01	0.559
103061793	man.n.01	0.887
103062003	man.n.01	0.926
103062258	man.n.01	0.903
103062834	man.n.01	0.852
103063173	man.n.01	0.931
103063347	man.n.01	0.952
103063646	man.n.01	0.71
103063908	man.n.01	0.659
103064269	man.n.01	0.712
103064328	man.n.01	0.852
103064353	man.n.01	0.815
103064492	man.n.01	0.933
103064706	man.n.01	0.734
103065089	man.n.01	0.891
103065367	man.n.01	0.932
103066253	man.n.01	0.877
103066353	man.n.01	0.929
103066880	man.n.01	0.847
103067940	man.n.01	0.905
103068384	man.n.01	0.89
103068915	man.n.01	0.935
103069807	man.n.01	0.864
103071083	man.n.01	0.91
103071226	man.n.01	0.879
103071574	man.n.01	0.825
103071704	man.n.01	0.824
103072399	man.n.01	0.883
103072772	man.n.01	0.766
103073022	man.n.01	0.887
103073135	man.n.01	0.887
103073285	man.n.01	0.97
103073460	man.n.01	0.929
103073763	man.n.01	0.818
103074080	man.n.01	0.855
103074292	man.n.01	0.893
103074407	man.n.01	0.847
103075878	man.n.01	0.886
103076959	man.n.01	0.526
103077361	man.n.01	0.942
103077780	man.n.01	0.694
103078033	man.n.01	0.856
103080165	man.n.01	0.853
103080863	man.n.01	0.909
103081525	man.n.01	0.851
103082334	man.n.01	0.873
103084860	man.n.01	0.909
103085753	man.n.01	0.84
103085768	man.n.01	0.927
103086240	man.n.01	0.798
103086373	man.n.01	0.835
103088857	man.n.01	0.734
103089423	gentleman.n.01	0.945
103090051	man.n.01	0.788
103090345	man.n.01	0.805
103090391	man.n.01	0.767
103090422	man.n.01	0.516
103091081	man.n.01	0.837
103091624	man.n.01	0.887
103092915	man.n.01	0.963
103093758	man.n.01	0.926
103093876	man.n.01	0.812
103094296	father.n.01	0.998
103095171	person.n.01	0.888
103096734	man.n.01	0.874
103097177	man.n.01	0.948
103097263	man.n.01	0.882
103097708	man.n.01	0.778
103097744	man.n.01	0.889
103097802	man.n.01	0.96
103097809	man.n.01	0.97
103097814	man.n.01	0.975
103098513	hero.n.01	0.93
103098525	man.n.01	0.859
103098988	man.n.01	0.94
103099272	citizen.n.01	None
103099518	man.n.01	0.746
103099575	gentleman.n.01	0.997
103099719	man.n.01	0.903
103100236	man.n.01	0.755
103100299	man.n.01	0.848
103100497	man.n.01	0.856
103100943	gentleman.n.01	0.964
103101017	man.n.01	0.97
103101176	man.n.01	0.89
103101418	gentleman.n.01	0.922
103102212	man.n.01	0.933
103102784	man.n.01	0.927
103102876	man.n.01	0.951
103102964	man.n.01	0.905
103103088	man.n.01	0.882
103103549	man.n.01	0.605
103104085	man.n.01	0.892
103104237	person.n.01	0.924
103104289	man.n.01	0.825
103104373	man.n.01	0.926
103104737	man.n.01	0.86
103105818	ally.n.01	0.839
103106028	man.n.01	0.934
103106416	man.n.01	0.821
103106694	man.n.01	0.854
103106908	man.n.01	0.792
103107130	gentleman.n.01	0.982
103107564	man.n.01	0.79
103107586	man.n.01	0.949
103108033	man.n.01	0.826
103108351	man.n.01	0.933
103109334	man.n.01	0.919
103109600	man.n.01	0.883
103110015	man.n.01	0.939
103110225	man.n.01	0.897
103110454	man.n.01	0.798
103110655	gentleman.n.01	0.909
103111589	man.n.01	0.824
103112165	man.n.01	0.893
103112684	man.n.01	0.929
103113273	man.n.01	0.902
103114794	gentleman.n.01	0.974
103115387	man.n.01	0.638
103115595	man.n.01	0.83
103115716	gentleman.n.01	0.925
103116246	gentleman.n.01	0.967
103116330	gentleman.n.01	0.996
103116610	man.n.01	0.856
103116728	man.n.01	0.751
103116954	man.n.01	0.913
103117190	man.n.01	0.845
103118243	man.n.01	0.973
103118495	man.n.01	0.929
103119517	man.n.01	0.915
103119708	man.n.01	0.879
103119738	man.n.01	0.722
103119845	man.n.01	0.907
103120055	man.n.01	0.945
103120266	chap.n.01	0.801
103120481	gentleman.n.01	0.924
103120522	man.n.01	0.801
103120574	man.n.01	0.908
103120738	man.n.01	0.91
103120934	man.n.01	0.907
103121103	person.n.01	0.995
103121111	man.n.01	0.802
103121244	man.n.01	0.941
103121554	man.n.01	0.853
103121565	man.n.01	0.969
103122254	man.n.01	0.929
103123065	man.n.01	0.933
103123271	man.n.01	0.855
103123919	gentleman.n.01	0.985
103124044	man.n.01	0.844
103125414	gentleman.n.01	0.944
103126571	gentleman.n.01	0.926
103126610	man.n.01	0.53
103127073	man.n.01	0.729
103127372	man.n.01	0.735
103127488	man.n.01	0.82
103127539	man.n.01	0.903
103127675	gentleman.n.01	0.99
103128353	man.n.01	0.85
103128872	gentleman.n.01	0.963
103129260	man.n.01	0.79
103129399	gentleman.n.01	0.974
103129444	person.n.01	0.898
103129871	man.n.01	0.848
103130024	man.n.01	0.82
103130153	man.n.01	0.796
103130361	citizen.n.01	None
103130768	gentleman.n.01	0.988
103131485	gentleman.n.01	0.968
103131493	man.n.01	0.978
103131571	man.n.01	0.84
103131594	man.n.01	0.917
103131678	gentleman.n.01	0.988
103131726	man.n.01	0.935
103131749	man.n.01	0.896
103131881	gentleman.n.01	0.97
103132013	man.n.01	0.883
103132073	man.n.01	0.921
103132117	man.n.01	0.948
103132326	man.n.01	0.926
103132607	gentleman.n.01	0.984
103132986	man.n.01	0.694
103133018	man.n.01	0.83
103133923	gentleman.n.01	0.972
103133947	man.n.01	0.8
103134690	man.n.01	0.832
103134900	citizen.n.01	None
103134949	citizen.n.01	None
103134986	man.n.01	0.933
103135412	man.n.01	0.944
103135726	man.n.01	0.921
103136559	man.n.01	0.915
103137350	man.n.01	0.854
103137416	man.n.01	0.929
103137537	man.n.01	0.76
103137708	man.n.01	0.851
103138370	man.n.01	0.547
103138469	man.n.01	0.778
103138623	man.n.01	0.867
103138918	man.n.01	0.9
103139754	man.n.01	0.878
103139870	gentleman.n.01	0.976
103140001	gentleman.n.01	0.941
103140035	man.n.01	0.904
103140100	man.n.01	0.836
103140208	man.n.01	0.667
103140324	gentleman.n.01	0.984
103140786	gentleman.n.01	0.98
103141236	man.n.01	0.738
103141290	man.n.01	0.933
103141423	gentleman.n.01	0.985
103141451	man.n.01	0.966
103141508	man.n.01	0.935
103141558	gentleman.n.01	0.989
103141799	man.n.01	0.894
103142807	man.n.01	0.958
103143323	gentleman.n.01	0.951
103143705	man.n.01	0.881
103143753	man.n.01	0.988
103144047	man.n.01	0.936
103144342	man.n.01	0.768
103144866	gentleman.n.01	0.976
103144979	man.n.01	0.941
103145055	man.n.01	0.979
103145423	man.n.01	0.863
103145570	man.n.01	0.904
103145897	man.n.01	0.683
103146266	gentleman.n.01	0.977
103146758	man.n.01	0.778
103147936	gentleman.n.01	0.952
103147972	man.n.01	0.903
103148288	man.n.01	0.814
103148454	man.n.01	0.826
103148663	man.n.01	0.645
103148737	gentleman.n.01	0.916
103148869	man.n.01	0.857
103148889	man.n.01	0.857
103149036	man.n.01	0.87
103149178	man.n.01	0.825
103149743	man.n.01	0.669
103149904	man.n.01	0.903
103150564	man.n.01	0.664
103150822	gentleman.n.01	0.909
103151262	gentleman.n.01	0.985
103151509	man.n.01	0.971
103151781	man.n.01	0.857
103152114	gentleman.n.01	0.997
103152346	gentleman.n.01	0.983
103152495	man.n.01	0.815
103153076	man.n.01	0.75
103153732	man.n.01	0.545
103153955	man.n.01	0.88
103154238	man.n.01	0.905
103154698	man.n.01	0.786
103154765	man.n.01	0.953
103154999	man.n.01	0.87
103155600	man.n.01	0.687
103155706	man.n.01	0.813
103155810	gentleman.n.01	0.994
103156021	gentleman.n.01	0.968
103156500	man.n.01	0.943
103156574	man.n.01	0.912
103157010	gentleman.n.01	0.948
103157123	man.n.01	0.867
103157232	gentleman.n.01	0.981
103157347	man.n.01	0.986
103157417	man.n.01	0.869
103157801	man.n.01	0.883
103158103	gentleman.n.01	0.952
103158471	gentleman.n.01	0.902
103158810	man.n.01	0.85
103159375	man.n.01	0.877
103159468	man.n.01	0.79
103159818	man.n.01	0.861
103160199	man.n.01	0.909
103160440	man.n.01	0.978
103160994	man.n.01	0.853
103161691	man.n.01	0.767
103162070	man.n.01	0.898
103162620	man.n.01	0.861
103163266	man.n.01	0.778
103163957	man.n.01	0.896
103164064	man.n.01	0.927
103164431	man.n.01	0.768
103164996	man.n.01	0.935
103165261	man.n.01	0.925
103165491	man.n.01	0.618
103165603	man.n.01	0.765
103165643	man.n.01	0.94
103166258	man.n.01	0.76
103166361	man.n.01	0.964
103166598	man.n.01	0.931
103166798	man.n.01	0.856
103167148	man.n.01	0.878
103167364	man.n.01	0.768
103167771	man.n.01	0.841
103168185	gentleman.n.01	0.961
103168398	man.n.01	0.638
103168941	man.n.01	0.879
103169168	man.n.01	0.909
103169378	man.n.01	0.778
103169976	man.n.01	0.897
103170304	man.n.01	0.923
103170776	man.n.01	0.896
103171003	man.n.01	0.673
103171136	gentleman.n.01	0.945
103171468	man.n.01	0.841
103171969	man.n.01	0.853
103172289	person.n.01	0.927
103172361	person.n.01	0.933
103172541	man.n.01	0.895
103172665	man.n.01	0.713
103173056	man.n.01	0.641
103173095	gentleman.n.01	0.979
103173445	man.n.01	0.816
103173782	man.n.01	0.729
103174345	gentleman.n.01	0.993
103174460	man.n.01	0.603
103174695	man.n.01	0.833
103174862	man.n.01	0.884
103175141	gentleman.n.01	0.986
103175364	man.n.01	0.722
103175494	man.n.01	0.807
103175643	man.n.01	0.887
103175826	man.n.01	0.773
103176042	man.n.01	0.721
103176415	man.n.01	0.856
103176633	man.n.01	0.864
103177064	man.n.01	0.858
103177279	gentleman.n.01	0.997
103178002	man.n.01	0.946
103178393	man.n.01	0.847
103178725	man.n.01	0.767
103179076	man.n.01	0.714
103179454	citizen.n.01	None
103180679	man.n.01	0.9
103180865	man.n.01	0.926
103181013	man.n.01	0.714
103181163	man.n.01	0.89
103181295	man.n.01	0.755
103181398	man.n.01	0.935
103181451	gentleman.n.01	0.994
103181489	man.n.01	0.814
103181897	man.n.01	0.899
103181957	man.n.01	0.873
103182079	man.n.01	0.906
103182293	man.n.01	0.863
103182466	man.n.01	0.922
103182718	man.n.01	0.92
103182787	gentleman.n.01	0.981
103183065	man.n.01	0.881
103183249	gentleman.n.01	0.978
103184498	man.n.01	0.722
103184688	gentleman.n.01	0.956
103185024	person.n.01	0.999
103185046	gentleman.n.01	0.955
103185658	person.n.01	1.0
103186614	gentleman.n.01	0.977
103187301	gentleman.n.01	0.989
103187821	man.n.01	0.796
103187896	man.n.01	0.725
103188399	gentleman.n.01	0.957
103188519	man.n.01	0.919
103189020	gentleman.n.01	0.973
103190875	man.n.01	0.82
103191288	man.n.01	0.896
103191621	man.n.01	0.962
103192012	gentleman.n.01	0.921
103192214	gentleman.n.01	0.971
103192901	gentleman.n.01	0.982
103192982	gentleman.n.01	0.975
103193099	gentleman.n.01	0.971
103193210	gentleman.n.01	0.979
103193289	gentleman.n.01	0.975
103193687	gentleman.n.01	0.997
103193907	gentleman.n.01	0.968
103193948	man.n.01	0.928
103194100	gentleman.n.01	0.979
103194296	gentleman.n.01	0.965
103194414	gentleman.n.01	0.976
103194525	gentleman.n.01	0.979
103194618	man.n.01	0.967
103194658	gentleman.n.01	0.975
103194757	gentleman.n.01	0.968
103194823	gentleman.n.01	0.959
103194928	jury.n.01	0.964
103195182	man.n.01	0.933
103195290	gentleman.n.01	0.955
103195360	gentleman.n.01	0.924
103195449	gentleman.n.01	0.963
103196332	man.n.01	0.852
103196495	gentleman.n.01	0.981
103196710	man.n.01	0.915
103196976	man.n.01	0.917
103197447	man.n.01	0.775
103198018	man.n.01	0.935
103198510	man.n.01	0.781
103199109	man.n.01	0.505
103199144	gentleman.n.01	0.929
103199368	man.n.01	0.763
103199731	man.n.01	0.897
103200406	gentleman.n.01	0.931
103200860	man.n.01	0.898
103201343	man.n.01	0.907
103201556	man.n.01	0.589
103201986	man.n.01	0.802
103202720	man.n.01	0.847
103202798	man.n.01	0.5
103202861	man.n.01	0.827
103203870	man.n.01	0.914
103204257	man.n.01	0.908
103204721	man.n.01	0.583
103205349	man.n.01	0.909
103207289	son.n.01	1.0
103207402	man.n.01	0.905
103207588	man.n.01	0.79
103207819	man.n.01	0.796
103207918	man.n.01	0.933
103208330	man.n.01	0.659
103209267	man.n.01	0.95
103209559	gentleman.n.01	0.959
103209996	person.n.01	0.934
103210188	man.n.01	0.874
103210224	man.n.01	0.961
103210305	man.n.01	0.966
103210310	man.n.01	0.963
103210391	man.n.01	0.978
103210442	man.n.01	0.962
103210682	man.n.01	0.976
103210870	man.n.01	0.949
103211134	man.n.01	0.955
103212511	man.n.01	0.969
103212756	man.n.01	0.981
103213212	man.n.01	0.976
103214506	man.n.01	0.974
103215356	man.n.01	0.981
103215483	friend.n.01	0.992
103216511	man.n.01	0.97
103216878	man.n.01	0.946
103217090	man.n.01	0.946
103217289	man.n.01	0.966
103217468	man.n.01	0.966
103217674	man.n.01	0.973
103217811	man.n.01	0.954
103218129	man.n.01	0.983
103218413	man.n.01	0.986
103218709	man.n.01	0.978
103219214	man.n.01	0.973
103219523	man.n.01	0.98
103220407	man.n.01	0.931
103220512	manhood.n.01	0.667
103220985	man.n.01	0.982
103221812	man.n.01	0.97
103221967	man.n.01	0.956
103222126	man.n.01	0.988
103222385	man.n.01	0.988
103222578	man.n.01	0.983
103222871	man.n.01	0.974
103223047	man.n.01	0.978
103223404	man.n.01	0.972
103223462	man.n.01	0.98
103224010	man.n.01	0.984
103224075	husband.n.01	None
103224077	widow.n.01	None
103224117	man.n.01	0.983
103224175	man.n.01	0.966
103224567	man.n.01	0.978
103225640	man.n.01	0.943
103225666	man.n.01	0.923
103225778	man.n.01	0.985
103227432	man.n.01	0.786
103227819	man.n.01	0.903
103227918	man.n.01	0.631
103228139	man.n.01	0.971
103229064	man.n.01	0.962
103229362	man.n.01	0.953
103229587	man.n.01	0.93
103230061	man.n.01	0.98
103230144	man.n.01	0.98
103230337	man.n.01	0.987
103230569	man.n.01	0.977
103230826	man.n.01	0.972
103230881	man.n.01	0.852
103231078	man.n.01	0.931
103231154	man.n.01	0.879
103231272	man.n.01	0.762
103231496	man.n.01	0.898
103231696	man.n.01	0.835
103231721	man.n.01	0.867
103231818	man.n.01	0.912
103231890	man.n.01	0.914
103231974	man.n.01	0.833
103232034	man.n.01	0.929
103232070	man.n.01	0.893
103232188	man.n.01	0.699
103232237	man.n.01	0.813
103232328	man.n.01	0.959
103232390	man.n.01	0.985
103232552	man.n.01	0.957
103232809	man.n.01	0.84
103233348	man.n.01	0.984
103233438	man.n.01	0.985
103233698	man.n.01	0.976
103233899	man.n.01	0.955
103234321	man.n.01	0.804
103234365	man.n.01	0.845
103234427	man.n.01	0.983
103234601	man.n.01	0.966
103234713	man.n.01	0.981
103234844	man.n.01	0.976
103234878	man.n.01	0.979
103235050	man.n.01	0.978
103235527	man.n.01	0.988
103235629	man.n.01	0.989
103235800	man.n.01	0.966
103236158	man.n.01	0.972
103236226	man.n.01	0.981
103236421	man.n.01	0.853
103236709	man.n.01	0.991
103237171	man.n.01	0.981
103237315	man.n.01	0.837
103237363	man.n.01	0.979
103237481	man.n.01	0.974
103237543	man.n.01	0.955
103237623	man.n.01	0.981
103237772	man.n.01	0.975
103237811	man.n.01	0.975
103238027	man.n.01	0.983
103238069	man.n.01	0.956
103238232	man.n.01	0.98
103238287	man.n.01	0.984
103238442	man.n.01	0.611
103238567	man.n.01	0.985
103238614	man.n.01	0.972
103238667	man.n.01	0.979
103238738	man.n.01	0.968
103238805	man.n.01	0.918
103239054	man.n.01	0.884
103239451	man.n.01	0.903
103239713	man.n.01	0.816
103239936	man.n.01	0.985
103240002	man.n.01	0.733
103240072	man.n.01	0.876
103240130	age.n.03	0.982
103240352	man.n.01	0.987
103240420	man.n.01	0.916
103240521	man.n.01	0.856
103240641	man.n.01	0.797
103240659	man.n.01	0.65
103240708	man.n.01	0.655
103240785	man.n.01	0.961
103240896	man.n.01	0.657
103240936	man.n.01	0.94
103241154	man.n.01	0.72
103241244	man.n.01	0.548
103241477	man.n.01	0.682
103241740	man.n.01	0.754
103242584	man.n.01	0.991
103242607	man.n.01	0.902
103242913	man.n.01	0.752
103243024	man.n.01	0.897
103243080	man.n.01	0.916
103243200	man.n.01	0.912
103243205	man.n.01	0.94
103243403	man.n.01	0.913
103243595	man.n.01	0.948
103243697	man.n.01	0.982
103244124	man.n.01	0.979
103244408	man.n.01	0.9
103244493	man.n.01	0.623
103244669	man.n.01	0.984
103244822	man.n.01	0.877
103245013	man.n.01	0.925
103246317	man.n.01	0.76
103246568	man.n.01	0.973
103247465	man.n.01	0.978
103247882	man.n.01	0.917
103248072	man.n.01	0.984
103248137	man.n.01	0.987
103248669	man.n.01	0.986
103248996	man.n.01	0.98
103249056	man.n.01	0.985
103249661	man.n.01	0.957
103249940	man.n.01	0.962
103250044	man.n.01	0.957
103250180	man.n.01	0.988
103251405	man.n.01	0.715
103251451	man.n.01	0.889
103251567	man.n.01	0.779
103251781	man.n.01	0.921
103252031	man.n.01	0.767
103252194	man.n.01	0.903
103252967	man.n.01	0.89
103253308	man.n.01	0.916
103253334	man.n.01	0.974
103253506	man.n.01	0.983
103253654	man.n.01	0.956
103253949	man.n.01	0.978
103254174	man.n.01	0.971
103254231	man.n.01	0.971
103254590	man.n.01	0.967
103254674	man.n.01	0.964
103254847	man.n.01	0.978
103255011	man.n.01	0.981
103255494	marriage.n.02	None
103255676	man.n.01	0.969
103255939	man.n.01	0.978
103256095	man.n.01	0.972
103256587	man.n.01	0.982
103256645	man.n.01	0.749
103256860	man.n.01	0.966
103257073	man.n.01	0.974
103257117	man.n.01	0.981
103257192	man.n.01	0.96
103257565	man.n.01	0.983
103257838	man.n.01	0.992
103257870	man.n.01	0.94
103257964	man.n.01	0.975
103258124	man.n.01	0.971
103258179	man.n.01	0.966
103258267	man.n.01	0.964
103258327	man.n.01	0.685
103258437	man.n.01	0.961
103258544	man.n.01	0.973
103258664	man.n.01	0.952
103258728	man.n.01	0.97
103258880	man.n.01	0.968
103259212	man.n.01	0.982
103259334	man.n.01	0.982
103259418	man.n.01	0.975
103259510	man.n.01	0.978
103259856	man.n.01	0.979
103260029	man.n.01	0.962
103260107	man.n.01	0.962
103260146	man.n.01	0.973
103260347	man.n.01	0.978
103260461	man.n.01	0.982
103260532	man.n.01	0.911
103260654	man.n.01	0.976
103260797	man.n.01	0.977
103260936	man.n.01	0.87
103261154	man.n.01	0.982
103261338	man.n.01	0.969
103261422	man.n.01	0.954
103261449	man.n.01	0.953
103261528	man.n.01	0.973
103261609	man.n.01	0.968
103261986	man.n.01	0.98
103262154	man.n.01	0.971
103262205	man.n.01	0.953
103262316	man.n.01	0.968
103262487	man.n.01	0.984
103262587	man.n.01	0.986
103262719	man.n.01	0.972
103262745	man.n.01	0.959
103262788	man.n.01	0.967
103262827	man.n.01	0.976
103262863	man.n.01	0.976
103263208	man.n.01	0.903
103263425	man.n.01	0.986
103263504	man.n.01	0.948
103263580	clansman.n.01	None
103263648	man.n.01	0.978
103263711	man.n.01	0.966
103263927	man.n.01	0.989
103263940	man.n.01	0.962
103264016	man.n.01	0.965
103264042	manhood.n.03	0.514
103264133	man.n.01	0.981
103264250	man.n.01	0.795
103264322	man.n.01	0.99
103264402	man.n.01	0.967
103264543	man.n.01	0.987
103264585	man.n.01	0.968
103264787	man.n.01	0.971
103264839	man.n.01	0.982
103265010	man.n.01	0.982
103265089	man.n.01	0.987
103265154	man.n.01	0.987
103265216	man.n.01	0.984
103265635	man.n.01	0.981
103265655	man.n.01	0.976
103265917	man.n.01	0.977
103266438	man.n.01	0.98
103266504	man.n.01	0.978
103266573	man.n.01	0.984
103266635	man.n.01	0.965
103266952	man.n.01	0.762
103267019	man.n.01	0.979
103267212	man.n.01	0.984
103267285	man.n.01	0.978
103267611	man.n.01	0.986
103267650	man.n.01	0.956
103267692	man.n.01	0.98
103267815	man.n.01	0.966
103267881	man.n.01	0.979
103268164	man.n.01	0.984
103268335	man.n.01	0.982
103268403	man.n.01	0.958
103268456	man.n.01	0.969
103268700	man.n.01	0.983
103268888	man.n.01	0.972
103268980	man.n.01	0.975
103269079	man.n.01	0.985
103269252	husband.n.01	None
103269578	man.n.01	0.984
103269678	man.n.01	0.974
103269727	man.n.01	0.956
103269868	man.n.01	0.986
103269964	man.n.01	0.974
103270042	man.n.01	0.945
103270156	man.n.01	0.969
103270344	man.n.01	0.961
103270411	man.n.01	0.977
103270581	man.n.01	0.983
103271002	man.n.01	0.984
103271086	man.n.01	0.974
103271259	man.n.01	0.972
103271552	man.n.01	0.986
103272028	man.n.01	0.974
103272108	man.n.01	0.945
103272241	man.n.01	0.986
103273016	man.n.01	0.974
103273053	man.n.01	0.988
103273153	man.n.01	0.981
103273606	man.n.01	0.959
103274042	man.n.01	0.977
103274309	man.n.01	0.977
103274361	person.n.01	0.999
103274425	man.n.01	0.955
103274641	man.n.01	0.988
103274887	man.n.01	0.879
103275019	man.n.01	0.979
103275147	man.n.01	0.988
103275179	man.n.01	0.754
103275345	man.n.01	0.803
103275535	man.n.01	0.986
103275759	man.n.01	0.95
103275907	man.n.01	0.776
103276327	man.n.01	0.982
103276541	man.n.01	0.88
103276622	man.n.01	0.862
103276910	man.n.01	0.811
103277079	man.n.01	0.9
103277366	man.n.01	0.937
103277946	man.n.01	0.807
103278817	man.n.01	0.9
103278907	man.n.01	0.902
103279120	man.n.01	0.965
103279196	man.n.01	0.973
103279353	man.n.01	0.895
103279427	man.n.01	0.987
103279521	man.n.01	0.977
103279580	man.n.01	0.975
103279824	man.n.01	0.632
103279927	man.n.01	0.886
103280250	man.n.01	0.974
103280262	man.n.01	0.838
103280644	man.n.01	0.942
103280851	husband.n.01	None
103280898	man.n.01	0.898
103281166	man.n.01	0.937
103281310	man.n.01	0.985
103281693	man.n.01	0.955
103282015	man.n.01	0.946
103282487	person.n.01	0.899
103282838	man.n.01	0.968
103283712	man.n.01	0.97
103283777	man.n.01	0.982
103283816	man.n.01	0.972
103283938	man.n.01	0.96
103284698	man.n.01	0.984
103285055	man.n.01	0.973
103285552	man.n.01	0.979
103287009	man.n.01	0.974
103287069	man.n.01	0.967
103287347	man.n.01	0.969
103287755	man.n.01	0.986
103288228	man.n.01	0.981
103288722	man.n.01	0.978
103289149	man.n.01	0.933
103289213	husband.n.01	None
103289273	man.n.01	0.975
103289300	man.n.01	0.982
103289610	man.n.01	0.938
103289654	man.n.01	0.98
103290007	man.n.01	0.962
103290047	man.n.01	0.97
103290075	man.n.01	0.977
103290164	man.n.01	0.977
103290237	man.n.01	0.992
103290284	man.n.01	0.912
103290413	man.n.01	0.979
103290495	man.n.01	0.976
103290537	man.n.01	0.967
103290601	man.n.01	0.975
103290709	man.n.01	0.986
103290829	man.n.01	0.97
103290885	man.n.01	0.973
103291126	man.n.01	0.992
103291164	man.n.01	0.973
103291301	man.n.01	0.974
103291330	man.n.01	0.956
103291548	man.n.01	0.981
103291895	man.n.01	0.949
103292092	man.n.01	0.978
103292151	man.n.01	0.968
103292361	man.n.01	0.983
103292435	man.n.01	0.976
103292601	man.n.01	0.963
103292666	man.n.01	0.981
103292899	man.n.01	0.974
103293111	man.n.01	0.953
103293208	man.n.01	0.971
103293265	man.n.01	0.978
103293478	man.n.01	0.959
103293547	man.n.01	0.979
103293601	man.n.01	0.964
103293614	man.n.01	0.975
103293678	man.n.01	0.981
103293869	man.n.01	0.976
103294005	man.n.01	0.99
103294075	man.n.01	0.986
103294232	man.n.01	0.975
103294261	man.n.01	0.976
103295718	man.n.01	0.981
103296354	man.n.01	0.972
103296874	man.n.01	0.989
103296912	man.n.01	0.985
103297177	man.n.01	0.97
103297793	man.n.01	0.988
103298966	man.n.01	0.915
103298996	man.n.01	0.985
103299044	man.n.01	0.958
103299165	man.n.01	0.957
103299552	man.n.01	0.981
103299875	man.n.01	0.985
103299956	man.n.01	0.962
103300878	man.n.01	0.97
103302088	man.n.01	0.978
103302428	man.n.01	0.978
103302471	man.n.01	0.964
103302641	man.n.01	0.941
103303110	man.n.01	0.969
103304229	man.n.01	0.978
103304480	man.n.01	0.862
103304831	man.n.01	0.913
103305187	man.n.01	0.902
103305869	man.n.01	0.86
103305919	man.n.01	0.958
103306045	man.n.01	0.969
103306379	man.n.01	0.975
103306454	man.n.01	0.988
103306517	man.n.01	0.983
103306616	man.n.01	0.988
103306900	man.n.01	0.976
103307430	man.n.01	0.953
103307564	man.n.01	0.981
103307654	man.n.01	0.95
103307769	man.n.01	0.973
103307936	man.n.01	0.984
103308044	man.n.01	0.985
103308172	man.n.01	0.973
103308185	man.n.01	0.979
103308265	man.n.01	0.989
103308421	man.n.01	0.975
103308676	man.n.01	0.987
103310047	man.n.01	0.984
103310738	man.n.01	0.968
103310844	man.n.01	0.787
103311651	man.n.01	0.983
103311987	person.n.01	1.0
103312065	man.n.01	0.98
103312525	man.n.01	0.987
103312971	man.n.01	0.987
103313671	man.n.01	0.974
103313842	man.n.01	0.98
103313901	man.n.01	0.991
103314195	man.n.01	0.981
103314365	man.n.01	0.98
103314462	man.n.01	0.763
103314568	man.n.01	0.934
103314612	man.n.01	0.993
103314860	man.n.01	0.899
103314912	man.n.01	0.846
103315007	man.n.01	0.92
103315187	man.n.01	0.896
103315327	man.n.01	0.745
103315413	man.n.01	0.978
103315654	man.n.01	0.957
103315699	man.n.01	0.972
103315931	man.n.01	0.962
103316063	husband.n.01	None
103316091	man.n.01	0.982
103316161	man.n.01	0.964
103316401	man.n.01	0.98
103316583	man.n.01	0.967
103316742	man.n.01	0.977
103316854	man.n.01	0.958
103316945	man.n.01	0.981
103317029	man.n.01	0.972
103317240	man.n.01	0.801
103317277	man.n.01	0.965
103317329	man.n.01	0.982
103317403	man.n.01	0.986
103317445	man.n.01	0.971
103317570	man.n.01	0.954
103317622	man.n.01	0.981
103317718	man.n.01	0.971
103318003	man.n.01	0.938
103318033	man.n.01	0.972
103318077	man.n.01	0.94
103318200	man.n.01	0.974
103318296	man.n.01	0.981
103318458	man.n.01	0.988
103318671	man.n.01	0.983
103318800	man.n.01	0.765
103318889	man.n.01	0.987
103319464	man.n.01	0.823
103319523	man.n.01	0.729
103319673	man.n.01	0.915
103319704	man.n.01	0.828
103319945	man.n.01	0.94
103320102	man.n.01	0.978
103320250	man.n.01	0.791
103320504	man.n.01	0.902
103320558	man.n.01	0.904
103320728	man.n.01	0.98
103320813	man.n.01	0.939
103320836	man.n.01	0.978
103320906	man.n.01	0.982
103321079	man.n.01	0.97
103321220	man.n.01	0.917
103321293	man.n.01	0.906
103321346	man.n.01	0.93
103321394	man.n.01	0.943
103321828	man.n.01	0.971
103321907	man.n.01	0.975
103321968	man.n.01	0.937
103322184	man.n.01	0.986
103322316	man.n.01	0.927
103322323	man.n.01	0.927
103322978	man.n.01	0.901
103323087	man.n.01	0.903
103323380	man.n.01	0.931
103323440	man.n.01	0.847
103323518	man.n.01	0.951
103323783	man.n.01	0.958
103323990	man.n.01	0.634
103324089	man.n.01	0.841
103324238	man.n.01	0.781
103324404	man.n.01	0.973
103324446	man.n.01	0.661
103324590	man.n.01	0.986
103324990	man.n.01	0.89
103325033	man.n.01	0.776
103325128	man.n.01	0.92
103325234	man.n.01	0.747
103325293	man.n.01	0.976
103325320	man.n.01	0.798
103325501	man.n.01	0.847
103325724	man.n.01	0.984
103326094	man.n.01	0.972
103326189	man.n.01	0.965
103326244	man.n.01	0.972
103326310	man.n.01	0.895
103326362	man.n.01	0.969
103326517	man.n.01	0.841
103326638	man.n.01	0.969
103326716	man.n.01	0.685
103326818	man.n.01	0.99
103326974	man.n.01	0.984
103327109	man.n.01	0.962
103327227	man.n.01	0.959
103327408	man.n.01	0.945
103327486	man.n.01	0.904
103327704	man.n.01	0.968
103327818	man.n.01	0.982
103327897	man.n.01	0.983
103328146	man.n.01	0.962
103328479	man.n.01	0.981
103328548	man.n.01	0.944
103328728	man.n.01	0.925
103328780	man.n.01	0.979
103328979	man.n.01	0.972
103329053	man.n.01	0.947
103329274	man.n.01	0.98
103329380	man.n.01	0.968
103329664	man.n.01	0.967
103330227	man.n.01	0.98
103330306	man.n.01	0.98
103330610	man.n.01	0.975
103330746	man.n.01	0.977
103330800	man.n.01	0.977
103330923	man.n.01	0.97
103331012	man.n.01	0.844
103331169	man.n.01	0.972
103331314	man.n.01	0.982
103331616	man.n.01	0.889
103332431	man.n.01	0.981
103332722	man.n.01	0.97
103332824	man.n.01	0.955
103332954	man.n.01	0.983
103333421	man.n.01	0.947
103334883	husband.n.01	None
103335633	man.n.01	0.993
103335834	man.n.01	0.993
103337583	man.n.01	0.865
103337665	man.n.01	0.975
103337822	man.n.01	0.876
103337944	man.n.03	0.488
103338651	husband.n.01	None
103338739	man.n.01	0.848
103339252	man.n.01	0.874
103339812	number.n.01	0.863
103340159	man.n.01	0.9
103340189	man.n.01	0.931
103341144	man.n.01	0.867
103341367	husband.n.01	None
103341599	husband.n.01	None
103341909	man.n.01	0.958
103341930	man.n.01	0.985
103341993	man.n.01	0.953
103342090	man.n.01	0.619
103342222	man.n.01	0.889
103342338	man.n.01	0.952
103342358	homo.n.02	0.338
103342498	man.n.01	0.861
103343061	man.n.01	0.946
103343116	man.n.01	0.828
103343332	manhood.n.01	0.645
103343856	man.n.01	0.876
103343889	man.n.01	0.641
103343956	man.n.01	0.736
103344153	man.n.01	0.868
103344347	man.n.01	0.961
103344592	man.n.01	0.532
103344749	man.n.01	0.79
103344814	man.n.01	0.936
103348861	man.n.01	0.894
103349106	man.n.01	0.777
103349364	man.n.01	0.922
103349503	man.n.01	0.784
103349532	man.n.01	0.832
103349597	man.n.01	0.897
103349626	man.n.01	0.809
103349708	man.n.01	0.882
103349822	man.n.01	0.854
103350022	man.n.01	0.897
103350207	man.n.01	0.938
103350388	man.n.01	0.928
103350591	man.n.01	0.868
103350753	man.n.01	0.903
103350912	man.n.01	0.904
103351030	man.n.01	0.826
103351043	man.n.01	0.937
103351192	man.n.01	0.946
103351294	man.n.01	0.821
103351321	man.n.01	0.946
103351405	man.n.01	0.934
103351524	man.n.01	0.64
103351669	man.n.01	0.884
103351779	man.n.01	0.812
103351911	man.n.01	0.918
103352045	man.n.01	0.913
103352173	man.n.01	0.895
103352345	man.n.01	0.746
103352495	man.n.01	0.907
103352701	man.n.01	0.955
103352883	man.n.01	0.817
103353076	man.n.01	0.912
103353246	man.n.01	0.912
103353406	man.n.01	0.922
103353648	man.n.01	0.833
103353699	man.n.01	0.902
103353867	man.n.01	0.913
103353995	man.n.01	0.811
103354198	man.n.01	0.825
103354266	man.n.01	0.816
103354401	man.n.01	0.534
103354530	man.n.01	0.69
103354615	man.n.01	0.85
103354741	man.n.01	0.895
103354782	man.n.01	0.788
103355087	man.n.01	0.919
103355325	man.n.01	0.794
103355392	man.n.01	0.854
103355445	man.n.01	0.865
103355593	man.n.01	0.824
103355742	man.n.01	0.877
103355913	man.n.01	0.897
103356071	man.n.01	0.697
103356205	man.n.01	0.86
103356400	man.n.01	0.723
103356422	man.n.01	0.869
103356543	man.n.01	0.691
103356615	man.n.01	0.87
103356798	man.n.01	0.861
103356861	man.n.01	0.826
103357043	man.n.01	0.881
103357066	man.n.01	0.873
103357217	man.n.01	0.904
103357378	man.n.01	0.868
103357557	man.n.01	0.864
103357600	man.n.01	0.852
103357676	man.n.01	0.877
103357753	man.n.01	0.803
103357834	man.n.01	0.909
103358098	man.n.01	0.912
103358151	man.n.01	0.914
103358335	man.n.01	0.972
103358434	man.n.01	0.508
103358564	man.n.01	0.824
103358810	man.n.01	0.803
103358863	man.n.01	0.759
103358953	man.n.01	0.905
103358959	man.n.01	0.954
103359057	man.n.01	0.841
103359142	man.n.01	0.861
103359272	man.n.01	0.896
103359322	man.n.01	0.817
103359449	man.n.01	0.928
103359481	man.n.01	0.888
103359523	man.n.01	0.913
103359591	man.n.01	0.7
103359635	man.n.01	0.88
103359750	man.n.01	0.837
103359811	man.n.01	0.9
103359831	man.n.01	0.983
103359869	man.n.01	0.851
103360001	man.n.01	0.745
103360063	man.n.01	0.852
103360567	man.n.01	0.875
103360870	man.n.01	0.948
103361455	man.n.01	0.874
103361949	man.n.01	0.872
103362072	man.n.01	0.839
103362301	man.n.01	0.824
103362558	man.n.01	0.91
103362645	man.n.01	0.757
103362804	man.n.01	0.776
103362877	man.n.01	0.923
103363251	man.n.01	0.942
103363376	man.n.01	0.855
103364796	man.n.01	0.85
103365151	man.n.01	0.9
103365598	man.n.01	0.872
103366690	man.n.01	0.961
103367248	man.n.01	0.975
103368159	man.n.01	0.415
103368680	man.n.01	0.932
103369772	man.n.01	0.984
103371008	world.n.08	None
103371922	homo.n.02	0.438
103372060	man.n.01	0.973
103372777	victim.n.01	0.893
103373446	man.n.01	0.95
103373601	man.n.01	0.94
103376073	man.n.01	0.939
103377495	man.n.01	0.966
103378379	man.n.01	0.776
103378700	man.n.01	0.968
103378866	man.n.01	0.978
103378948	victim.n.01	0.984
103379287	citizen.n.01	None
103379492	citizen.n.01	None
103379565	citizen.n.01	None
103379696	citizen.n.01	None
103379875	citizen.n.01	None
103380118	man.n.01	0.963
103380202	husband.n.01	None
103380269	citizen.n.01	None
103380513	man.n.01	0.993
103380659	citizen.n.01	None
103380719	citizen.n.01	None
103381214	citizen.n.01	None
103381409	citizen.n.01	None
103381433	citizen.n.01	None
103381443	man.n.01	0.944
103381847	man.n.01	0.966
103382062	citizen.n.01	None
103382358	citizen.n.01	None
103382452	citizen.n.01	None
103382650	citizen.n.01	None
103382655	man.n.01	0.976
103383386	man.n.01	0.91
103383450	man.n.06	0.646
103383526	man.n.01	0.914
103383633	citizen.n.01	None
103384536	man.n.01	0.948
103384967	citizen.n.01	None
103385008	man.n.01	0.958
103385054	citizen.n.01	None
103385640	gentleman.n.01	0.951
103386005	citizen.n.01	None
103386211	citizen.n.01	None
103386550	citizen.n.01	None
103386807	citizen.n.01	None
103386947	man.n.01	0.967
103387223	man.n.01	0.997
103387682	man.n.01	0.99
103388230	man.n.01	0.983
103388250	citizen.n.01	None
103388255	man.n.01	0.992
103388268	man.n.01	0.982
103388293	man.n.01	0.936
103388355	citizen.n.01	None
103388446	citizen.n.01	None
103388455	citizen.n.01	None
103388910	man.n.01	0.937
103389029	citizen.n.01	None
103389128	man.n.01	0.929
103389136	citizen.n.01	None
103389257	man.n.01	0.951
103389280	man.n.01	0.933
103389532	man.n.01	0.927
103389878	citizen.n.01	None
103390009	man.n.01	0.989
103390407	man.n.01	0.965
103390731	man.n.01	0.925
103390747	citizen.n.01	None
103390934	man.n.03	0.406
103391603	man.n.01	0.935
103391625	man.n.01	0.986
103391644	citizen.n.01	None
103391843	man.n.01	0.986
103391920	citizen.n.01	None
103392532	citizen.n.01	None
103392633	gentleman.n.01	0.896
103392923	man.n.01	0.933
103392929	man.n.01	0.846
103393103	citizen.n.01	None
103393301	citizen.n.01	None
103393675	citizen.n.01	None
103393906	man.n.01	0.989
103394008	man.n.01	0.953
103394052	man.n.01	0.877
103394335	man.n.01	0.984
103394498	citizen.n.01	None
103394522	man.n.01	0.958
103394708	citizen.n.01	None
103394807	citizen.n.01	None
103395203	citizen.n.01	None
103395246	man.n.01	0.981
103395358	citizen.n.01	None
103395661	citizen.n.01	None
103395838	friend.n.01	0.844
103396847	man.n.01	0.865
103397006	gentleman.n.01	0.947
103398567	man.n.01	0.88
103399131	gentleman.n.01	0.982
103399217	citizen.n.01	None
103399908	man.n.01	0.975
103400226	citizen.n.01	None
103401163	citizen.n.01	None
103401266	citizen.n.01	None
103401725	gentleman.n.01	0.996
103401731	man.n.01	0.95
103401836	citizen.n.01	None
103401884	citizen.n.01	None
103402636	manhood.n.01	0.63
103402700	man.n.01	0.949
103402781	gentleman.n.01	0.991
103402827	citizen.n.01	None
103403229	man.n.03	0.551
103403260	citizen.n.01	None
103404279	citizen.n.01	None
103404946	citizen.n.01	None
103405032	gentleman.n.01	0.993
103405524	citizen.n.01	None
103406268	citizen.n.01	None
103406326	person.n.01	1.0
103406610	husband.n.01	None
103406623	man.n.01	0.938
103406632	man.n.01	0.91
103406939	gentleman.n.01	0.989
103406989	citizen.n.01	None
103407562	man.n.01	0.901
103407659	citizen.n.01	None
103409386	citizen.n.01	None
103409477	statesman.n.01	None
103409543	citizen.n.01	None
103409607	citizen.n.01	None
103410210	citizen.n.01	None
103410392	man.n.01	0.987
103410421	man.n.01	0.987
103410627	citizen.n.01	None
103410871	citizen.n.01	None
103410933	citizen.n.01	None
103411732	citizen.n.01	None
103412031	citizen.n.01	None
103412326	citizen.n.01	None
103412383	citizen.n.01	None
103412453	man.n.01	0.911
103412817	citizen.n.01	None
103414399	citizen.n.01	None
103414667	friend.n.01	0.868
103415267	citizen.n.01	None
103415836	citizen.n.01	None
103415925	citizen.n.01	None
103416362	citizen.n.01	None
103416525	citizen.n.01	None
103416562	citizen.n.01	None
103416817	man.n.01	0.366
103418115	citizen.n.01	None
103418143	man.n.01	0.896
103418213	citizen.n.01	None
103418365	man.n.01	0.98
103418674	man.n.01	0.893
103418782	citizen.n.01	None
103420006	citizen.n.01	None
103420727	man.n.01	0.931
103420738	man.n.01	0.803
103420926	man.n.01	0.979
103421982	serviceman.n.01	0.524
103422234	man.n.01	0.584
103422325	man.n.01	0.927
103422331	man.n.01	0.676
103422365	citizen.n.01	None
103422517	man.n.01	0.642
103422531	citizen.n.01	None
103423795	man.n.01	0.978
103424375	citizen.n.01	None
103424565	man.n.01	0.912
103424587	citizen.n.01	None
103424724	man.n.01	0.88
103424807	man.n.01	0.647
103424818	man.n.01	0.966
103424882	man.n.01	0.967
103425134	citizen.n.01	None
103425254	man.n.01	0.956
103425629	man.n.01	0.882
103426196	citizen.n.01	None
103427058	citizen.n.01	None
103427240	citizen.n.01	None
103427280	man.n.01	0.834
103427312	man.n.01	0.929
103427970	man.n.01	0.949
103428182	man.n.01	0.99
103428218	man.n.01	0.988
103428679	citizen.n.01	None
103429048	citizen.n.01	None
103429210	citizen.n.01	None
103429309	man.n.01	0.942
103429663	man.n.01	0.977
103429931	citizen.n.01	None
103429978	citizen.n.01	None
103430048	citizen.n.01	None
103430187	citizen.n.01	None
103430497	citizen.n.01	None
103430712	man.n.01	0.921
103430881	philosopher.n.01	0.904
103431952	people.n.01	0.463
103432211	man.n.01	0.987
103434657	man.n.01	0.71
103434806	man.n.03	0.636
103435912	man.n.01	0.918
103436378	gentleman.n.01	0.977
103437092	person.n.01	0.911
103437964	gentleman.n.01	0.996
103438773	gentleman.n.01	0.995
103438863	man.n.01	0.936
103439171	gentleman.n.01	0.992
103439391	gentleman.n.01	0.959
103439558	gentleman.n.01	0.881
103439567	gentleman.n.01	0.981
103439713	gentleman.n.01	0.988
103439924	man.n.01	0.985
103440084	gentleman.n.01	0.99
103440256	gentleman.n.01	0.991
103440342	husband.n.01	None
103441082	gentleman.n.01	0.963
103441755	man.n.01	0.604
103441800	man.n.01	0.707
103441979	gentleman.n.01	0.958
103442805	gentleman.n.01	0.921
103443146	man.n.01	0.988
103446585	man.n.01	0.801
103447210	gentleman.n.01	0.973
103447347	serviceman.n.01	0.795
103447800	person.n.01	0.925
103448319	gentleman.n.01	0.986
103448567	gentleman.n.01	0.97
103448718	gentleman.n.01	0.98
103448901	gentleman.n.01	0.961
103449309	gentleman.n.01	0.979
103449445	gentleman.n.01	0.982
103449523	gentleman.n.01	0.977
103449557	citizen.n.01	None
103449658	gentleman.n.01	0.959
103449771	gentleman.n.01	0.945
103450180	gentleman.n.01	0.973
103450919	gentleman.n.01	0.936
103450967	gentleman.n.01	0.996
103451322	gentleman.n.01	0.961
103451811	gentleman.n.01	0.945
103452419	gentleman.n.01	0.928
103452709	gentleman.n.01	0.942
103452949	gentleman.n.01	0.982
103453049	gentleman.n.01	0.987
103453262	gentleman.n.01	0.989
103453472	gentleman.n.01	0.967
103453557	gentleman.n.01	0.971
103453741	gentleman.n.01	0.982
103454005	gentleman.n.01	0.978
103454492	gentleman.n.01	0.885
103455231	gentleman.n.01	0.966
103456245	gentleman.n.01	0.966
103456349	gentleman.n.01	0.982
103456525	gentleman.n.01	0.979
103456608	gentleman.n.01	0.984
103456702	gentleman.n.01	0.976
103456734	gentleman.n.01	0.976
103457133	gentleman.n.01	0.82
103457198	person.n.02	0.51
103457460	gentleman.n.01	0.979
103458104	gentleman.n.01	0.974
103458266	gentleman.n.01	0.986
103458782	gentleman.n.01	0.991
103458811	gentleman.n.01	0.949
103458928	gentleman.n.01	0.953
103459136	man.n.01	0.757
103459535	man.n.01	0.508
103459545	man.n.01	0.615
103459624	commanding_officer.n.01	0.665
103460442	man.n.03	0.494
103460632	man.n.01	0.658
103460900	man.n.01	0.707
103461012	man.n.01	0.978
103461191	serviceman.n.01	0.543
103461726	gentleman.n.01	0.978
103462191	gentleman.n.01	0.994
103462295	gentleman.n.01	0.992
103462478	gentleman.n.01	0.986
103462577	gentleman.n.01	0.995
103463122	gentleman.n.01	0.996
103463236	gentleman.n.01	0.983
103463509	gentleman.n.01	0.96
103463714	gentleman.n.01	0.996
103463862	gentleman.n.01	0.968
103463991	gentleman.n.01	0.989
103464351	gentleman.n.01	0.982
103464389	gentleman.n.01	0.984
103464424	man.n.01	0.822
103464521	gentleman.n.01	0.997
103464616	husband.n.01	None
103464637	man.n.01	0.893
103464816	gentleman.n.01	0.99
103465016	man.n.01	0.733
103465039	gentleman.n.01	0.98
103465066	man.n.01	0.602
103465285	man.n.01	0.53
103465346	serviceman.n.01	0.757
103465436	man.n.01	0.836
103465514	gentleman.n.01	0.983
103465577	gentleman.n.01	0.996
103465643	man.n.01	0.881
103465737	gentleman.n.01	0.962
103466435	gentleman.n.01	0.984
103466480	gentleman.n.01	0.997
103466720	gentleman.n.01	0.993
103466786	hero.n.01	0.927
103466918	hero.n.01	0.955
103467124	gentleman.n.01	0.996
103467444	gentleman.n.01	0.974
103467579	gentleman.n.01	0.989
103467689	gentleman.n.01	0.983
103467841	gentleman.n.01	0.994
103467920	man.n.01	0.804
103467927	gentleman.n.01	0.996
103468105	gentleman.n.01	0.956
103468143	gentleman.n.01	0.987
103468200	man.n.01	0.697
103468705	gentleman.n.01	0.992
103468863	man.n.01	0.738
103468965	gentleman.n.01	0.937
103469129	gentleman.n.01	0.99
103469584	gentleman.n.01	0.987
103469619	man.n.01	0.972
103469803	gentleman.n.01	0.992
103469900	man.n.01	0.947
103470222	man.n.01	0.976
103470337	gentleman.n.01	0.994
103470618	gentleman.n.01	0.998
103470827	gentleman.n.01	0.967
103470923	gentleman.n.01	0.99
103471103	gentleman.n.01	0.979
103471205	gentleman.n.01	0.987
103471288	man.n.01	0.92
103471325	gentleman.n.01	0.995
103471355	gentleman.n.01	0.964
103471620	gentleman.n.01	0.992
103471732	gentleman.n.01	0.993
103471875	gentleman.n.01	0.985
103471881	man.n.01	0.95
103472067	gentleman.n.01	0.996
103472417	gentleman.n.01	0.987
103472615	gentleman.n.01	0.991
103472646	gentleman.n.01	0.959
103473480	gentleman.n.01	0.994
103473500	gentleman.n.01	0.968
103477166	man.n.01	0.809
103477195	man.n.01	0.923
103477396	man.n.01	0.984
103479784	man.n.01	0.961
103480968	man.n.01	0.847
103482097	man.n.05	0.533
103482098	man.n.05	0.533
103482722	man.n.01	0.987
103486356	serviceman.n.01	0.756
103486835	soldier.n.01	0.999
103486923	serviceman.n.01	0.758
103486953	man.n.01	0.525
103487929	man.n.01	0.738
103488241	man.n.01	0.979
103489388	man.n.01	0.886
103491734	man.n.01	0.686
103491746	man.n.01	0.948
103491842	man.n.01	0.893
103494636	serviceman.n.01	0.555
103495298	male.n.02	0.915
103592337	man.n.01	0.86
103593866	man.n.01	0.993
103594471	hero.n.01	0.912
103594916	man.n.01	0.933
103596009	person.n.01	0.996
103596056	magistrate.n.01	None
103596095	serviceman.n.01	0.689
103597180	man.n.01	0.931
103597622	representative.n.01	0.773
103597807	commissioner.n.02	0.559
103598108	person.n.01	1.0
103598302	man.n.01	0.989
103604715	man.n.01	0.995
103604724	man.n.01	0.994
103605033	husband.n.01	None
103621287	man.n.01	0.894
103621291	man.n.01	0.975
103658073	man.n.01	0.785
103678938	man.n.01	0.581
103680944	man.n.01	0.919
103682785	man.n.01	0.892
103684696	man.n.01	0.954
103686250	husband.n.01	None
103686486	man.n.01	0.986
103687141	marriage.n.02	None
103689008	man.n.01	0.935
103689462	marriage.n.02	None
103695204	man.n.01	0.935
103768048	man.n.01	0.976
103768564	woman.n.01	0.981
103768601	man.n.01	0.988
103769282	man.n.01	0.947
103770605	man.n.01	0.996
103772151	man.n.01	0.991
120552649	man.n.01	0.939
120552707	man.n.01	0.936
120552717	person.n.01	0.997
120553494	serviceman.n.01	0.803
103776862	man.n.01	0.977
103786574	woman.n.01	0.971
103786632	woman.n.01	0.958
103786766	man.n.01	0.994
103786792	man.n.01	0.956
120575432	man.n.01	0.992
120575442	man.n.01	0.988
120578588	man.n.01	0.721
103802825	man.n.01	0.839
103808580	husband.n.01	None
103813124	man.n.01	0.988
103841834	man.n.01	0.996
103841849	man.n.01	0.978
103849475	man.n.01	0.992
103857614	man.n.01	0.995
103860397	man.n.01	0.975
103862117	woman.n.01	0.937
103864870	man.n.01	0.992
120644660	man.n.01	0.992
120645244	male.n.02	0.709
120646113	man.n.01	0.906
120646144	man.n.01	0.575
120649199	man.n.01	0.862
120649250	man.n.01	0.96
120650317	deity.n.01	0.885
120650588	man.n.01	0.625
120651631	man.n.01	0.989
120651765	man.n.01	0.878
120666166	man.n.01	0.988
103888981	man.n.01	0.987
103888990	man.n.01	0.995
120666246	man.n.01	0.998
120666257	man.n.03	0.503
120666726	man.n.01	0.991
120667272	man.n.01	0.867
120671257	man.n.01	0.976
120679584	husband.n.01	None
120680352	man.n.01	0.946
120680407	husband.n.01	None
120681321	man.n.01	0.769
120681401	man.n.01	0.965
120681721	brother.n.02	0.942
103905566	man.n.01	0.97
103905732	man.n.01	0.995
103905746	man.n.01	0.994
103906274	man.n.01	0.982
103907748	husband.n.01	None
103908352	husband.n.01	None
103908648	woman.n.01	0.973
103908675	woman.n.01	0.979
120685960	brother.n.02	0.887
103908780	man.n.01	0.991
103908833	man.n.01	0.974
103909074	husband.n.01	None
120686339	man.n.01	0.714
120686988	brother.n.02	0.391
120687021	man.n.01	0.892
120687150	man.n.01	0.951
120687165	man.n.01	0.927
120687308	man.n.01	0.923
120687505	man.n.01	0.941
120687733	man.n.01	0.965
120690379	brother.n.02	0.905
120690455	man.n.01	0.941
120690547	man.n.01	0.954
120691025	husband.n.01	None
120691095	husband.n.01	None
103924033	man.n.01	0.971
103941884	man.n.01	0.983
103943275	man.n.01	0.986
103943303	man.n.01	0.985
103943346	man.n.01	0.986
103943829	woman.n.01	0.972
103944176	male.n.02	0.6
103944234	male.n.02	0.527
103944265	man.n.01	0.984
103944301	male.n.02	0.807
103945199	male.n.02	0.51
103945387	male.n.01	0.665
120725891	man.n.01	0.976
120748493	man.n.01	0.92
120750808	husband.n.01	None
120750822	husband.n.01	None
120751190	serviceman.n.01	0.792
120753391	husband.n.01	None
120754342	brother.n.01	0.999
120757997	man.n.01	0.99
120758061	man.n.01	0.952
120758676	man.n.01	0.792
120758720	man.n.01	0.797
120759979	man.n.01	0.872
120761721	gentleman.n.01	0.946
120761819	man.n.01	0.985
120762123	man.n.01	0.983
120762448	man.n.01	0.773
120765022	gentleman.n.01	0.98
120765062	man.n.01	0.936
120766306	man.n.01	0.958
120766480	man.n.01	0.991
120771712	man.n.01	0.98
120772055	man.n.01	0.96
120772337	man.n.01	0.913
112384267	man.n.01	0.406
112384485	man.n.01	0.989
120774567	gentleman.n.01	0.971
120775759	man.n.01	0.663
120775939	man.n.01	0.997
120776254	man.n.01	0.98
120776399	man.n.01	0.988
112387858	man.n.01	0.963
112388016	man.n.01	0.85
120778614	man.n.01	0.992
112391441	man.n.01	0.943
112391681	man.n.01	0.917
120780709	man.n.01	0.919
112392921	man.n.01	0.962
120781671	man.n.01	0.787
120784846	man.n.01	0.982
120785264	man.n.01	0.956
120787441	man.n.01	0.982
120787481	man.n.01	0.946
120787494	man.n.01	0.894
120787676	man.n.01	0.991
120788579	man.n.01	0.965
120789667	man.n.01	0.986
120789682	man.n.01	0.996
120791007	man.n.01	0.739
104016747	man.n.03	0.664
104025110	man.n.01	0.699
104025123	man.n.01	0.782
112413787	gentleman.n.01	0.996
104025206	man.n.01	0.993
112416534	man.n.01	0.966
104029727	man.n.01	0.89
112421251	man.n.01	0.978
112423880	man.n.01	0.975
112428848	man.n.01	0.968
112430572	man.n.01	0.978
112430596	man.n.03	0.716
112431526	man.n.01	0.977
112431851	man.n.01	0.954
104044099	man.n.01	0.991
112434326	man.n.01	0.925
112434993	man.n.01	0.942
120825854	man.n.01	0.888
120825882	man.n.03	0.528
112438009	man.n.01	0.977
112438023	man.n.01	0.813
120826644	man.n.01	0.995
112438069	man.n.01	0.956
112438200	man.n.01	0.918
112438556	man.n.01	0.66
120828179	man.n.01	0.988
120832246	man.n.01	0.994
112444696	man.n.01	0.953
120833323	man.n.01	0.87
120833362	husband.n.01	None
120833380	husband.n.01	None
120833398	husband.n.01	None
120833422	husband.n.01	None
120833439	husband.n.01	None
120833476	husband.n.01	None
120833492	husband.n.01	None
120833531	husband.n.01	None
120833539	husband.n.01	None
120833612	husband.n.01	None
104056936	man.n.01	0.671
120834182	husband.n.01	None
112446110	woman.n.01	0.982
120834746	man.n.01	0.987
120835631	man.n.01	0.98
120835646	man.n.01	0.978
120835660	man.n.01	0.968
120836855	man.n.01	0.513
120837641	man.n.01	0.771
120837655	man.n.01	0.94
112449088	man.n.01	0.99
120837696	man.n.03	0.489
120838234	man.n.01	0.98
120838250	man.n.01	0.959
120838406	man.n.01	0.963
120838463	man.n.01	0.976
120838927	husband.n.01	None
112451028	man.n.01	0.898
112454659	man.n.01	0.801
120846314	man.n.01	0.961
120847069	man.n.01	0.86
120848174	man.n.03	0.56
120849764	man.n.01	0.981
120849773	man.n.01	0.991
120849784	man.n.01	0.951
120849796	man.n.01	0.988
120849821	man.n.01	0.989
120849839	man.n.01	0.995
120849844	man.n.01	0.977
120849872	man.n.01	0.991
120849899	man.n.01	0.98
120849980	serviceman.n.01	0.554
120850133	man.n.01	0.942
120850160	man.n.01	0.989
120850209	man.n.01	0.93
120850256	man.n.01	0.976
120850281	man.n.01	0.974
120850379	man.n.01	0.951
120850688	man.n.01	0.968
120850695	man.n.01	0.995
120850709	man.n.01	0.979
120850763	man.n.01	0.991
120851007	man.n.01	0.971
120852379	husband.n.01	None
120853030	man.n.01	0.941
120853038	man.n.01	0.975
120853063	man.n.01	0.965
104076737	man.n.01	0.655
120854106	man.n.01	0.961
120880076	man.n.01	0.97
120880091	man.n.01	0.97
104151248	man.n.01	0.996
104151313	husband.n.01	None
104151515	serviceman.n.01	0.695
104154851	husband.n.01	None
104155011	husband.n.01	None
104160314	man.n.01	0.959
104160962	man.n.01	0.992
104163363	man.n.01	0.711
104163540	man.n.01	0.941
104164446	man.n.01	0.995
120943345	man.n.01	0.98
120966604	deity.n.01	0.892
104189673	man.n.01	0.87
120967164	man.n.03	0.556
120968383	man.n.01	0.961
120969422	man.n.01	0.997
120969440	man.n.01	0.996
120969801	man.n.01	0.57
120975476	husband.n.01	None
104200035	adult.n.01	0.981
120979963	man.n.01	0.961
120979971	man.n.01	0.798
120981359	serviceman.n.01	0.814
120981899	man.n.01	0.952
120982874	man.n.01	0.933
120983091	man.n.01	0.506
120984655	man.n.01	0.987
104207663	man.n.01	0.99
120984889	man.n.01	0.936
120985287	man.n.01	0.992
120988538	man.n.01	0.978
120993030	warrior.n.01	None
120993383	husband.n.01	None
120993393	husband.n.01	None
120993452	husband.n.01	None
120993510	man.n.01	0.632
120993513	man.n.01	0.722
121031486	husband.n.01	None
121032976	husband.n.01	None
121034850	man.n.01	0.858
121035239	man.n.01	0.855
104290110	man.n.01	0.981
121068891	man.n.01	0.922
121069003	man.n.01	0.924
121069385	man.n.01	0.929
121069735	man.n.01	0.94
121069755	man.n.01	0.938
121069820	man.n.01	0.93
121069877	man.n.01	0.982
121070048	man.n.01	0.931
121070133	man.n.01	0.97
121070243	man.n.01	0.98
121071232	man.n.01	0.816
121071316	man.n.01	0.995
104294228	man.n.01	0.959
121071586	man.n.01	0.993
121071731	man.n.01	0.95
121072026	man.n.01	0.989
121072127	man.n.01	0.978
121072367	man.n.01	0.968
104296374	man.n.01	0.642
121073927	man.n.01	0.603
104298576	husband.n.01	None
121077141	man.n.01	0.984
121077417	man.n.01	0.994
121077497	man.n.01	0.988
121077750	man.n.01	0.99
121077865	man.n.01	0.985
121078399	man.n.01	0.992
121078424	man.n.01	0.984
121078468	husband.n.01	None
121078473	husband.n.01	None
104301360	man.n.03	0.547
104303638	man.n.01	0.541
104304033	male.n.02	0.907
104304157	man.n.01	0.976
104304259	man.n.01	0.953
104304466	man.n.01	0.8
104307806	husband.n.01	None
104307841	man.n.01	0.99
104307885	man.n.01	0.595
104312193	marriage.n.02	None
104312255	man.n.01	0.993
104313275	man.n.01	0.838
104314271	man.n.01	0.986
104317857	man.n.01	0.729
104318028	man.n.01	0.881
104318051	man.n.01	0.789
104318113	man.n.01	0.909
104318138	man.n.01	0.882
104318181	husband.n.01	None
104318252	man.n.01	0.923
104318327	man.n.01	0.892
104318345	man.n.01	0.786
104318407	man.n.01	0.632
104318696	man.n.01	0.864
104318848	man.n.01	0.646
104318993	adult.n.01	0.979
104319384	man.n.01	0.846
104321933	man.n.01	0.939
104322027	man.n.01	0.807
104323740	man.n.01	0.953
104323896	man.n.01	0.863
104324429	citizen.n.01	None
104325813	man.n.01	0.927
104326134	man.n.01	0.945
104326197	man.n.01	0.923
104326243	man.n.01	0.934
104326270	man.n.01	0.909
104326897	man.n.01	0.89
104327114	man.n.01	0.841
104327223	man.n.03	0.847
104327843	man.n.01	0.792
104327862	man.n.01	0.799
104327887	man.n.01	0.826
104332049	citizen.n.01	None
104334482	man.n.01	0.638
104344015	person.n.01	0.999
104344199	man.n.01	0.786
104348346	man.n.01	0.988
104350104	man.n.01	0.814
104350497	man.n.01	0.869
104356278	man.n.01	0.65
104356936	man.n.01	0.668
104360530	man.n.01	0.588
104363175	person.n.01	0.841
104363223	man.n.06	0.403
104363388	man.n.01	0.862
104364007	man.n.01	0.866
104364029	man.n.01	0.915
104364080	man.n.01	0.748
104364826	man.n.03	0.536
104365474	man.n.01	0.984
104365600	man.n.01	0.98
104366046	man.n.01	0.97
104366188	man.n.01	0.978
104368690	man.n.01	0.875
121146030	man.n.01	0.862
104368825	man.n.01	0.995
121146235	husband.n.01	None
104369126	man.n.01	0.961
121146506	husband.n.01	None
121148321	man.n.01	0.955
121148341	woman.n.01	0.93
121151560	man.n.01	0.49
121151732	man.n.03	0.685
121151946	hero.n.01	0.562
121152104	man.n.01	0.818
121154699	man.n.01	0.977
121155008	man.n.01	0.908
121155625	husband.n.01	None
121156827	man.n.01	0.957
121178399	man.n.01	0.986
121193592	woman.n.01	0.993
121201554	husband.n.01	None
121201741	man.n.01	0.986
121201749	woman.n.01	0.98
121201754	man.n.01	0.991
121202061	man.n.01	0.956
121202256	man.n.01	0.958
121205722	man.n.01	0.974
121206908	man.n.01	0.735
121208027	man.n.01	0.925
121214812	man.n.01	0.924
121214869	man.n.01	0.985
121215123	husband.n.01	None
121215750	man.n.01	0.977
121215764	man.n.01	0.985
121216026	man.n.01	0.956
121226100	man.n.01	0.977
121226149	man.n.01	0.864
121229672	man.n.01	0.96
121233449	man.n.01	0.942
121238819	marriage.n.02	None
121240771	husband.n.01	None
121241960	man.n.01	0.963
104469399	father.n.01	0.954
104469439	man.n.01	0.992
104469537	man.n.01	0.905
104471318	man.n.01	0.951
104471795	man.n.01	0.996
104471804	man.n.01	0.991
104471812	man.n.01	0.991
104471819	man.n.01	0.975
121249291	man.n.01	0.963
121251161	man.n.01	0.957
104474567	man.n.01	0.967
104474991	wife.n.01	None
121255877	man.n.01	0.935
121257947	man.n.01	0.985
104481061	man.n.01	0.889
104481115	man.n.03	0.646
121259123	man.n.01	0.934
104483294	man.n.01	0.951
104492601	man.n.01	0.858
104492622	man.n.01	0.916
104493600	man.n.01	0.609
104493618	man.n.01	0.961
104495206	man.n.01	0.956
104498586	man.n.01	0.897
104498592	man.n.01	0.983
104499968	man.n.01	0.924
104501015	man.n.01	0.906
104503377	man.n.01	0.989
104503832	man.n.01	0.977
104503839	man.n.01	0.977
104505667	man.n.01	0.995
104505674	woman.n.01	0.991
104506850	man.n.01	0.88
104507322	man.n.01	0.975
104510661	man.n.01	0.89
104510913	man.n.01	0.525
104512701	husband.n.01	None
104513261	man.n.01	0.965
121291860	man.n.01	0.966
121292439	man.n.01	0.938
121293092	man.n.01	0.953
104543074	man.n.01	0.995
121330099	husband.n.01	None
121330102	husband.n.01	None
121330239	gentleman.n.01	0.992
121331717	husband.n.01	None
121331971	chap.n.01	0.869
121332281	husband.n.01	None
121333694	gentleman.n.01	0.948
121333870	gentleman.n.01	0.957
121334310	gentleman.n.01	0.828
121334934	man.n.01	0.988
121335907	gentleman.n.01	0.996
121336038	gentleman.n.01	0.986
121337597	man.n.01	0.989
121338123	man.n.01	0.969
121338771	citizen.n.01	None
121339067	citizen.n.01	None
121340150	citizen.n.01	None
121340237	man.n.01	0.72
121340943	man.n.01	0.492
121341094	man.n.01	0.508
121341272	man.n.01	0.66
121341511	man.n.01	0.875
121341887	man.n.05	0.402
121343567	man.n.01	0.92
121343780	man.n.01	0.876
121344001	man.n.01	0.903
121345346	man.n.01	0.821
121345505	man.n.01	0.944
121345795	husband.n.01	None
121345866	husband.n.01	None
121345911	husband.n.01	None
121346207	man.n.01	0.99
121346499	gentleman.n.01	0.976
121346564	man.n.01	0.902
121346905	man.n.01	0.909
121347079	man.n.01	0.969
121347099	man.n.01	0.924
121348125	man.n.01	0.759
121348944	homo.n.02	0.43
104573106	man.n.01	0.727
121357179	man.n.01	0.927
121357360	man.n.01	0.978
121357846	man.n.01	0.951
121357888	man.n.01	0.993
121358069	man.n.01	0.982
121371837	man.n.01	0.711
121372446	man.n.01	0.621
121373235	man.n.01	0.942
121374439	husband.n.01	None
121375652	husband.n.01	None
121377640	husband.n.01	None
121378659	man.n.01	0.981
121378785	man.n.01	0.934
121380047	man.n.01	0.95
121387567	man.n.01	0.932
121391155	man.n.01	0.812
121401816	husband.n.01	None
121410875	man.n.01	0.996
121410894	man.n.01	0.989
121416344	man.n.01	0.98
121417399	man.n.01	0.995
121417424	man.n.01	0.994
121419461	man.n.01	0.906
121428031	man.n.01	0.952
121428549	man.n.01	0.971
121428615	man.n.01	0.984
121428814	man.n.01	0.96
121430375	manhood.n.01	0.659
121431787	one.n.02	0.83
121432328	man.n.01	0.964
121434814	man.n.01	0.872
121438947	man.n.01	0.94
121446078	man.n.01	0.954
121446190	person.n.01	0.888
121446211	man.n.01	0.963
121446270	man.n.01	0.895
121446314	man.n.01	0.842
121446451	man.n.01	0.676
121446896	man.n.01	0.85
121447042	man.n.01	0.913
121447119	man.n.01	0.895
121447665	man.n.01	0.934
121447907	homo.n.02	0.555
121447943	person.n.01	None
121449081	man.n.01	0.907
121449315	man.n.01	0.849
121450596	man.n.01	0.982
121451174	homo.n.02	0.405
121451190	husband.n.01	None
104676675	man.n.01	0.992
104681843	man.n.01	0.985
121462349	writer.n.01	0.799
104688689	man.n.01	0.987
121472519	man.n.01	0.826
121472537	man.n.01	0.665
121472621	man.n.01	0.951
121477161	lunatic.n.01	None
121486497	sage.n.01	1.0
121487804	person.n.01	0.947
121489707	man.n.01	0.987
121489716	man.n.01	0.978
121489735	man.n.01	0.933
104719420	man.n.01	0.96
121499041	man.n.01	0.897
121500673	man.n.03	0.419
121500748	man.n.01	0.915
121500876	husband.n.01	None
121505666	man.n.01	0.775
121511668	man.n.01	0.9
121513517	man.n.01	0.979
121513575	man.n.01	0.853
121513664	man.n.01	0.924
121513761	man.n.01	0.793
121518406	man.n.01	0.905
121519685	man.n.01	0.939
121520347	man.n.01	0.92
121520524	writer.n.01	0.873
121524867	man.n.01	0.955
121524977	man.n.01	0.638
121525294	man.n.01	0.723
121526379	man.n.01	0.718
121527199	man.n.01	0.952
121527364	man.n.01	0.896
121527931	man.n.01	0.871
121528445	man.n.01	0.915
121528950	man.n.01	0.941
121531318	husband.n.01	None
121546693	man.n.01	0.98
121547020	man.n.01	0.934
104770329	husband.n.01	None
121549209	manhood.n.01	0.714
104773228	man.n.01	0.865
121552030	man.n.01	0.849
104778489	man.n.01	0.985
104852891	man.n.01	0.965
104852990	man.n.01	0.916
104853051	man.n.01	0.931
104868141	man.n.01	0.983
104869075	man.n.01	0.989
104870928	man.n.01	0.945
104872530	man.n.01	0.605
104874534	husband.n.01	None
104874745	husband.n.01	None
104875026	husband.n.01	None
104875784	man.n.01	0.977
104880464	man.n.01	0.68
104881434	serviceman.n.01	0.504
104881499	man.n.01	0.899
104882020	husband.n.01	None
104882923	man.n.01	0.986
104882997	man.n.01	0.955
104883045	man.n.01	0.997
104883370	man.n.01	0.987
104883504	man.n.01	0.965
104883895	man.n.01	0.99
104883925	man.n.01	0.977
104883978	man.n.01	0.846
104883997	man.n.01	0.901
104884040	man.n.01	0.994
104884053	man.n.01	0.994
104884074	man.n.01	0.989
104884098	man.n.01	0.983
104884928	husband.n.01	None
104887690	man.n.01	0.946
104888070	man.n.01	0.783
104888659	man.n.01	0.602
104889854	man.n.01	0.983
104890789	man.n.01	0.989
104890794	man.n.01	0.983
104892830	man.n.01	0.962
104892886	man.n.01	0.982
104893160	husband.n.01	None
104893512	husband.n.01	None
104893616	husband.n.01	None
104893659	husband.n.01	None
104895869	man.n.01	0.778
104896553	man.n.01	0.935
104897162	man.n.01	0.958
104897474	man.n.01	0.929
104900728	man.n.01	0.897
104901037	man.n.01	0.997
104904816	man.n.01	0.985
104904905	man.n.01	0.98
104907663	man.n.01	0.981
104907779	man.n.01	0.965
113297408	man.n.01	0.99
104909667	farmer.n.01	None
113303784	manhood.n.01	0.807
113305520	gentleman.n.01	0.979
104917352	man.n.01	0.546
113305995	man.n.01	0.996
113306761	gladiator.n.01	0.823
113307252	man.n.01	0.982
104919102	man.n.01	0.916
113307945	folk.n.01	0.931
104922613	man.n.01	0.568
104923305	man.n.01	0.959
104923310	man.n.01	0.966
104923403	man.n.01	0.928
104925011	man.n.01	0.991
104925098	man.n.01	0.993
104925120	husband.n.01	None
104925219	man.n.01	0.995
104925272	man.n.01	0.988
104926086	man.n.01	0.867
113314820	man.n.01	0.957
113316693	one.n.02	0.744
113316836	prince.n.01	None
113319884	man.n.01	0.972
104933480	man.n.01	0.967
113322893	man.n.01	0.895
113322900	man.n.01	0.649
104935554	man.n.01	0.991
104935712	man.n.01	0.983
113324491	man.n.01	0.648
113324916	man.n.01	0.912
113325292	man.n.01	0.888
113325897	man.n.01	0.959
104937555	man.n.01	0.99
104937769	man.n.01	0.99
113327639	man.n.01	0.97
113327868	man.n.01	0.985
113328216	man.n.03	0.611
113328558	man.n.01	0.78
113328674	man.n.01	0.818
113329017	man.n.01	0.577
113329030	man.n.01	0.577
113329087	gentleman.n.01	0.951
113330841	philosopher.n.01	0.869
113330972	man.n.01	0.955
113331344	man.n.01	0.96
113331456	man.n.01	0.913
113331633	man.n.01	0.796
113334014	gentleman.n.01	0.885
113334825	gentleman.n.01	0.996
113336139	man.n.01	0.819
104947543	man.n.01	0.996
113336278	man.n.01	0.876
104947821	man.n.01	0.995
113336529	man.n.01	0.874
113336596	man.n.01	0.976
113337875	man.n.01	0.961
104949980	man.n.01	0.85
104950416	man.n.01	0.991
104950864	man.n.01	0.974
113339698	man.n.01	0.986
113340652	man.n.01	0.868
104954035	man.n.01	0.992
104954226	man.n.01	0.97
104954493	man.n.01	0.984
104954575	man.n.01	0.979
104954654	husband.n.01	None
113344356	giant.n.04	0.443
104960671	man.n.01	0.794
104960788	man.n.01	0.992
113349822	man.n.01	0.901
104961504	man.n.01	0.993
104961669	man.n.01	0.926
104961675	man.n.01	0.938
113351694	man.n.01	0.995
113352027	man.n.01	0.955
104964612	man.n.01	0.96
104964614	man.n.01	0.96
104964723	man.n.01	0.922
104964844	man.n.01	0.92
104964898	husband.n.01	None
104965147	husband.n.01	None
104965327	husband.n.01	None
104965462	man.n.01	0.981
104968356	man.n.01	0.985
104969894	man.n.01	0.944
104970163	man.n.01	0.984
104970199	man.n.01	0.992
104970220	man.n.01	0.894
104970824	man.n.01	0.556
104970842	man.n.01	0.891
104970976	man.n.01	0.955
104971447	man.n.01	0.969
104971981	man.n.01	0.777
104973257	man.n.01	0.996
104973488	man.n.01	0.982
104973502	man.n.01	0.949
104973614	man.n.01	0.922
104974269	man.n.01	0.984
104976286	man.n.01	0.984
113369301	person.n.01	None
113372361	man.n.01	0.726
113372630	man.n.01	0.988
104984147	husband.n.01	None
104984184	husband.n.01	None
104984213	husband.n.01	None
104984245	husband.n.01	None
104984262	husband.n.01	None
104984301	husband.n.01	None
104984355	husband.n.01	None
104984361	husband.n.01	None
104984405	husband.n.01	None
104984432	man.n.01	0.99
104984893	serviceman.n.01	0.648
104985156	warrior.n.01	None
104985193	man.n.01	0.979
104985317	serviceman.n.01	0.499
104985431	serviceman.n.01	0.803
104985453	man.n.01	0.904
104985519	man.n.01	0.626
113375210	man.n.01	0.753
104987739	man.n.01	0.983
104987772	man.n.01	0.645
104989331	man.n.01	0.926
104989366	man.n.01	0.96
104989413	man.n.01	0.885
104989585	serviceman.n.01	0.484
104989628	man.n.01	0.989
104989630	man.n.01	0.98
113378286	man.n.01	0.919
104989903	man.n.01	0.915
104990526	man.n.01	0.57
104990565	man.n.01	0.73
104991422	man.n.01	0.991
113380309	man.n.01	0.918
113386542	man.n.01	0.795
104999982	man.n.01	0.961
113389142	man.n.01	0.959
113389560	man.n.01	0.984
113389684	man.n.01	0.637
113390534	man.n.01	0.989
105002128	man.n.01	0.992
113390914	man.n.01	0.902
105004915	man.n.01	0.973
105004941	man.n.01	0.978
105005154	man.n.01	0.994
105005162	man.n.01	0.997
105005559	man.n.01	0.962
105005565	man.n.01	0.99
105005588	man.n.01	0.958
105006390	man.n.01	0.992
105006397	husband.n.01	None
105006422	husband.n.01	None
105006435	husband.n.01	None
113395323	serviceman.n.01	0.701
113395382	man.n.01	0.684
113395494	man.n.01	0.949
105007040	man.n.01	0.987
105007047	husband.n.01	None
105007117	husband.n.01	None
105007133	husband.n.01	None
105007238	husband.n.01	None
113396952	man.n.01	0.767
105009361	man.n.01	0.977
113398301	man.n.01	0.85
105010096	husband.n.01	None
105010742	man.n.01	0.941
105010909	woman.n.01	0.87
113399956	man.n.03	0.74
113400145	hero.n.01	0.73
113400306	hero.n.01	0.7
105012269	man.n.01	0.992
105014236	man.n.01	0.971
113407724	lion.n.01	1.0
113407947	man.n.01	0.95
113408260	benefactor.n.01	None
113408680	man.n.03	0.665
113408734	man.n.01	0.919
113411103	companion.n.01	0.884
113412724	man.n.01	0.628
113412773	man.n.01	0.974
113414176	chap.n.01	0.766
113414589	man.n.01	0.983
113414733	man.n.01	0.735
113415316	man.n.01	0.936
113417653	gentleman.n.01	0.915
113417899	gentleman.n.01	0.977
113418236	citizen.n.01	None
113418335	gentleman.n.01	0.994
113418697	gentleman.n.01	0.958
113419374	gentleman.n.01	0.805
113419609	man.n.01	0.878
113419742	gentleman.n.01	0.908
113420219	gentleman.n.01	0.99
113420294	gentleman.n.01	0.98
113420664	gentleman.n.01	0.988
113421154	man.n.01	0.898
105033146	man.n.01	0.935
105033767	man.n.03	0.58
105034487	warrior.n.01	None
105034892	man.n.01	0.387
113424239	man.n.01	0.992
113426172	man.n.01	0.941
113429083	man.n.01	0.917
105041954	gentleman.n.01	0.946
105042595	man.n.01	0.965
113436746	man.n.01	0.985
113437423	man.n.01	0.929
113437464	man.n.01	0.949
113437878	sexagenarian.n.01	None
113438108	philosopher.n.01	0.93
113439083	man.n.01	0.948
113443270	man.n.01	0.939
113443666	man.n.01	0.984
105056168	man.n.01	0.862
113446836	husband.n.01	None
113450337	man.n.01	0.948
113451643	man.n.01	0.891
113452532	man.n.01	0.765
113454066	woman.n.01	0.797
105067081	man.n.03	0.495
105067134	man.n.01	0.537
105067543	man.n.01	0.836
105067734	man.n.01	0.96
113456364	man.n.01	0.8
105067989	man.n.01	0.519
105068054	man.n.01	0.992
113457456	man.n.01	0.773
113457768	savage.n.01	0.667
105069332	man.n.01	0.997
105069516	man.n.01	0.745
105069749	man.n.01	0.987
113458506	man.n.01	0.969
113458776	man.n.01	0.938
113459328	man.n.01	0.783
113462285	man.n.01	0.498
113462839	friend.n.01	0.988
113462922	man.n.01	0.882
113466615	man.n.01	0.933
113468230	man.n.01	0.857
105080275	man.n.01	0.614
113469260	man.n.01	0.989
113469682	man.n.01	0.98
113470614	man.n.01	0.979
113472296	rogue.n.01	0.893
113472668	man.n.01	0.981
113474340	homo.n.02	None
113474972	man.n.01	0.96
113476098	man.n.01	0.909
113476292	man.n.01	0.982
113477281	husband.n.01	None
113477619	husband.n.01	None
113477823	man.n.01	0.985
113478211	man.n.01	0.893
113479973	companion.n.01	0.489
113480020	man.n.01	0.958
113481725	husband.n.01	None
113483379	man.n.01	0.833
113484819	man.n.01	0.978
113486408	man.n.01	0.904
113488598	man.n.01	0.967
113489555	man.n.01	0.985
113489869	mannequin.n.02	0.514
113489898	man.n.01	0.988
113490255	man.n.01	0.979
113490399	husband.n.01	None
113490448	husband.n.01	None
113490467	husband.n.01	None
113491209	husband.n.01	None
113492052	man.n.01	0.958
113492157	mannequin.n.02	0.871
113495772	man.n.01	0.996
113496942	man.n.01	0.952
113498217	friend.n.01	0.961
113499327	man.n.01	0.996
113499509	man.n.01	0.96
113502678	gentleman.n.01	0.934
113503418	husband.n.01	None
113503565	man.n.01	0.945
113503572	man.n.01	0.927
113503727	man.n.01	0.836
113504119	man.n.01	0.825
113507703	man.n.01	0.995
105119981	man.n.01	0.899
113509610	man.n.01	0.789
113509711	friend.n.01	0.988
113509902	man.n.01	0.802
105121427	people.n.01	0.932
105122459	troop.n.01	0.972
105122560	man.n.01	0.554
113511468	man.n.01	0.609
105123362	crew.n.01	0.978
105124390	serviceman.n.01	0.912
113514871	gentleman.n.01	0.995
105126291	citizen.n.01	None
105126462	man.n.01	0.943
105127799	troop.n.01	0.99
105127833	defender.n.02	0.991
113517279	man.n.01	0.961
105128850	serviceman.n.01	0.885
113517682	man.n.01	0.995
113517704	man.n.01	0.982
105129316	serviceman.n.01	0.715
105130444	serviceman.n.01	0.916
105130822	man.n.01	0.827
105130846	man.n.01	0.901
113519673	man.n.01	0.989
105131315	crew.n.01	0.98
105131652	man.n.01	0.793
105132166	serviceman.n.01	0.858
105132486	man.n.01	0.612
105133013	man.n.01	0.667
105133546	crew.n.01	0.988
113522586	man.n.01	0.92
105134941	champion.n.01	0.6
105135240	citizen.n.01	None
105135846	serviceman.n.01	0.562
105136299	commissioner.n.01	0.621
113525047	person.n.01	0.998
113526710	man.n.01	0.952
113527165	gentleman.n.01	0.984
113527461	male.n.02	0.973
113527657	man.n.01	0.78
105139183	husband.n.01	None
113528385	man.n.01	0.984
113529656	homo.n.02	None
113529866	man.n.01	0.974
113529903	man.n.01	0.984
113530085	man.n.01	0.931
105141534	man.n.01	0.493
113530602	man.n.01	0.987
113530968	man.n.01	0.965
113531454	man.n.01	0.95
113533630	man.n.01	0.904
113533633	man.n.01	0.904
113533856	man.n.01	0.955
113534227	man.n.01	0.985
105146902	crew.n.01	0.99
105147002	man.n.01	0.944
105148168	man.n.01	0.716
113536795	gentleman.n.01	0.992
105148736	inhabitant.n.01	None
113538561	gentleman.n.01	0.984
113539317	gentleman.n.01	0.918
105150891	serviceman.n.01	0.558
113539893	gentleman.n.01	0.983
113540146	gentleman.n.01	0.988
113540890	gentleman.n.01	0.984
113541681	gentleman.n.01	0.926
105153163	warrior.n.01	None
113542196	gentleman.n.01	0.983
113542408	gentleman.n.01	0.976
105153976	man.n.01	0.636
113542909	gentleman.n.01	0.975
105154321	troop.n.01	0.974
105154783	combatant.n.01	None
113543392	gentleman.n.01	0.994
105155002	man.n.01	0.709
105155731	citizen.n.01	None
105155749	population.n.04	0.526
105156029	citizen.n.01	None
113544961	man.n.01	0.984
113544971	man.n.01	0.964
105157830	man.n.01	0.806
105160475	man.n.01	0.976
105160720	child.n.02	0.638
105161401	man.n.01	0.511
105161684	man.n.01	0.982
105162405	man.n.01	0.789
121941717	man.n.01	0.761
105164610	man.n.03	0.317
113553871	man.n.01	0.966
105166805	man.n.01	0.948
121944384	man.n.01	0.935
121944412	serviceman.n.01	0.569
105167558	statesman.n.01	None
105168643	husband.n.01	None
121948394	man.n.01	0.967
113560509	people.n.01	0.974
105172009	serviceman.n.01	0.629
121950086	writer.n.01	0.838
113562901	husband.n.01	None
105174701	man.n.01	0.486
113563519	military_officer.n.01	0.939
113564188	man.n.01	0.991
113564520	authority.n.03	0.894
105176463	man.n.01	0.789
105177338	man.n.01	0.965
113566148	man.n.01	0.971
105177615	serviceman.n.01	0.825
105177792	serviceman.n.01	0.684
113566468	man.n.01	0.932
105177902	man.n.01	0.739
105178124	man.n.01	0.906
105180151	man.n.01	0.881
105180494	man.n.01	0.842
105181072	man.n.01	0.803
121958431	man.n.01	0.888
105181334	serviceman.n.01	0.844
113570460	man.n.01	0.981
105182141	serviceman.n.01	0.48
105182481	serviceman.n.01	0.859
113571407	philosopher.n.01	0.973
113571579	stranger.n.01	0.553
113571638	stranger.n.02	0.562
113572251	man.n.01	0.902
105183820	man.n.01	0.869
113572484	man.n.01	0.903
105184288	serviceman.n.01	0.88
105184833	official.n.01	0.993
105185294	serviceman.n.01	0.964
105185377	man.n.01	0.562
113574161	person.n.01	0.999
113574733	man.n.01	0.99
105186219	serviceman.n.01	0.911
105186465	man.n.01	0.579
121963693	husband.n.01	None
113575541	person.n.01	0.999
105187312	man.n.01	0.961
113576643	man.n.01	0.995
113577146	person.n.01	0.997
113577318	man.n.01	0.497
105188888	man.n.03	0.429
113578179	man.n.01	0.914
113578933	man.n.01	0.871
121967589	man.n.01	0.92
113579080	man.n.01	0.97
113579088	man.n.01	0.97
113579352	man.n.01	0.675
105190817	serviceman.n.01	0.916
105190868	serviceman.n.01	0.671
105190985	man.n.01	0.965
105191014	man.n.01	0.951
121970380	people.n.01	0.915
105193354	serviceman.n.01	0.757
121970873	man.n.01	0.992
121970944	man.n.01	0.934
121971136	man.n.01	0.771
105194119	man.n.01	0.548
105194139	officeholder.n.01	0.697
121971992	man.n.01	0.956
105195267	serviceman.n.01	0.808
105196235	serviceman.n.01	0.811
105196927	serviceman.n.01	0.814
113585812	man.n.01	0.904
105197224	man.n.01	0.594
105197474	serviceman.n.01	0.943
105197625	serviceman.n.01	0.944
113587864	man.n.01	0.989
105199335	man.n.03	0.61
113588017	man.n.01	0.989
105199906	man.n.01	0.886
105199976	man.n.01	0.704
105202547	serviceman.n.01	0.953
105202981	man.n.01	0.467
105203156	man.n.01	0.859
105203361	man.n.01	0.934
121981709	man.n.01	0.98
121981734	man.n.01	0.984
105205208	serviceman.n.01	0.904
113594685	man.n.01	0.375
105207018	man.n.01	0.982
105207246	man.n.01	0.993
113595945	man.n.01	0.989
105207987	emissary.n.01	0.715
113597000	man.n.01	0.63
105209737	man.n.01	0.847
121991171	man.n.01	0.875
113603564	man.n.01	0.905
113603581	man.n.01	0.905
113604196	man.n.01	0.825
105216564	man.n.01	0.821
105216829	commissioner.n.01	0.76
113605593	man.n.01	0.8
105217628	man.n.01	0.63
113606557	husband.n.01	None
113606695	horse.n.01	0.999
113606940	man.n.01	0.922
113607847	man.n.01	0.974
113608477	man.n.01	0.957
113608500	man.n.01	0.969
113608524	man.n.01	0.982
113608800	manhood.n.01	0.696
113611946	rogue.n.01	None
122005212	man.n.01	0.789
105229388	prince.n.01	None
105229515	serviceman.n.01	0.824
105229623	man.n.01	0.653
105231931	troop.n.01	0.924
105234715	man.n.01	0.943
105236540	man.n.01	0.936
113625152	man.n.01	0.952
113625359	man.n.01	0.96
113625469	man.n.01	0.994
113625481	man.n.01	0.975
113625593	man.n.01	0.99
113625751	man.n.01	0.987
113625771	man.n.01	0.787
113625844	man.n.01	0.568
113625873	man.n.01	0.99
113625925	man.n.01	0.958
113625963	man.n.01	0.88
113626002	man.n.01	0.982
105237412	man.n.01	0.835
113626125	man.n.01	0.796
105237571	prisoner.n.01	None
105237607	man.n.01	0.98
113626428	man.n.01	0.984
113626450	man.n.01	0.989
105241484	military_officer.n.01	0.978
105242276	population.n.01	0.942
113631384	chap.n.01	0.867
113631763	man.n.01	0.622
113632068	sailor.n.01	0.569
105244723	serviceman.n.01	0.854
105244760	man.n.01	0.617
105244954	man.n.01	0.687
105244967	serviceman.n.01	0.78
105246551	force.n.04	0.583
105247582	serviceman.n.01	0.8
105247607	man.n.01	0.971
113636215	man.n.01	0.873
105253056	man.n.01	0.76
105254061	serviceman.n.01	0.698
113642709	man.n.01	0.992
105257562	serviceman.n.01	0.962
105257623	serviceman.n.01	0.546
105258176	man.n.01	0.949
105258216	man.n.01	0.762
105258720	man.n.01	0.899
105261258	husband.n.01	None
105261472	man.n.01	0.749
105264245	serviceman.n.01	0.78
113653240	serviceman.n.01	0.933
113653374	man.n.01	0.98
105265050	man.n.01	0.928
105265205	officeholder.n.01	0.873
105265262	man.n.01	0.541
113654010	person.n.01	0.938
113655093	serviceman.n.01	0.544
113655442	man.n.01	0.706
113655443	man.n.01	0.563
113655559	man.n.01	0.885
105267845	man.n.01	0.608
105267875	serviceman.n.01	0.59
105268226	man.n.01	0.596
113657261	man.n.01	0.957
113657554	serviceman.n.01	0.526
105270938	man.n.01	0.894
105270976	man.n.01	0.885
105271016	man.n.01	0.675
113659674	man.n.01	0.963
113660347	man.n.01	0.707
105271825	citizen.n.01	None
105272015	man.n.01	0.805
105272141	man.n.01	0.676
105273184	serviceman.n.01	0.871
105273264	man.n.01	0.647
105273287	man.n.01	0.92
105273587	man.n.01	0.958
105273650	man.n.01	0.636
105273703	man.n.01	0.729
105274173	man.n.01	0.928
113662807	serviceman.n.01	0.825
113662888	man.n.01	0.977
105274318	man.n.01	0.969
113663044	man.n.01	0.971
105274489	citizen.n.01	None
105274987	serviceman.n.01	0.88
105275011	serviceman.n.01	0.82
105275347	brother.n.01	0.997
113665317	serviceman.n.01	0.9
105277468	man.n.01	0.965
105277643	man.n.01	0.77
113666422	troop.n.01	0.983
113666756	man.n.01	0.833
105278211	serviceman.n.01	0.97
105278263	man.n.01	0.784
105279263	serviceman.n.01	0.524
105279375	man.n.01	0.849
105280763	man.n.01	0.522
105280969	serviceman.n.01	0.587
105281646	serviceman.n.01	0.62
105281713	man.n.01	0.784
105282192	man.n.01	0.943
105282430	man.n.01	0.995
105282698	man.n.01	0.799
105284109	man.n.01	0.94
113672735	man.n.01	0.788
105284293	troop.n.01	0.949
105284483	man.n.01	0.61
105285524	man.n.01	0.955
105286281	husband.n.01	None
105286995	man.n.01	0.649
113675871	man.n.01	0.986
105287642	serviceman.n.01	0.552
113679436	serviceman.n.01	0.976
113679554	serviceman.n.01	0.932
105292379	man.n.01	0.766
105292498	man.n.01	0.628
113682715	man.n.01	0.981
113683812	serviceman.n.01	0.703
113684841	man.n.01	0.928
105296590	man.n.01	0.831
105296706	homo.n.02	0.369
105297324	man.n.01	0.957
105297955	serviceman.n.01	0.891
105298388	man.n.01	0.557
113687016	man.n.01	0.899
113688002	champion.n.02	0.657
105299444	man.n.01	0.644
105300707	sir.n.01	0.97
113689729	man.n.01	0.962
105301168	man.n.01	0.768
105301247	man.n.01	0.931
105301505	man.n.01	0.765
113690247	man.n.01	0.955
105301842	serviceman.n.01	0.835
113690523	man.n.01	0.949
113690598	man.n.01	0.958
113691309	man.n.01	0.895
113691577	man.n.01	0.961
105302994	man.n.01	0.949
105303036	man.n.01	0.93
105304655	soldier.n.01	0.999
113693502	man.n.01	0.797
105304897	man.n.01	0.848
105305765	serviceman.n.01	0.925
105306041	serviceman.n.01	0.767
105306155	man.n.01	0.83
113694827	man.n.01	0.969
105306425	serviceman.n.01	0.805
105307171	man.n.01	0.855
105307612	citizen.n.01	None
105308284	man.n.01	0.894
105308873	man.n.01	0.96
105308925	man.n.01	0.96
105308952	man.n.01	0.807
105309283	man.n.01	0.973
105309345	serviceman.n.01	0.864
105309910	serviceman.n.01	0.665
105310140	husband.n.01	None
105310172	man.n.01	0.964
105310273	man.n.01	0.955
105310313	man.n.01	0.897
113700422	man.n.01	0.581
113701546	man.n.01	0.983
105317875	man.n.01	0.504
113706548	man.n.01	0.836
105317981	driver.n.02	0.997
105318010	man.n.01	0.807
113706876	man.n.01	0.911
105318635	man.n.01	0.874
105318814	man.n.01	0.696
105319646	serviceman.n.01	0.51
105319943	man.n.01	0.772
105320008	man.n.01	0.93
105320680	serviceman.n.01	0.841
105320775	man.n.01	0.865
113709814	man.n.01	0.779
105323188	serviceman.n.01	0.959
105326049	serviceman.n.01	0.881
113716398	hero.n.01	0.874
105328560	man.n.01	0.991
105329212	man.n.01	0.991
105329309	husband.n.01	None
105330953	man.n.01	0.664
105331052	man.n.01	0.883
105332047	writer.n.01	0.87
105332796	serviceman.n.01	0.703
105332814	man.n.01	0.592
105333293	man.n.01	0.823
105333307	man.n.01	0.883
113721936	man.n.01	0.974
113722014	man.n.01	0.703
105333565	man.n.01	0.965
113723789	man.n.01	0.969
113723941	man.n.01	0.982
113724020	man.n.01	0.968
113724108	man.n.01	0.992
105336339	ruler.n.01	1.0
105336414	commissioner.n.01	0.598
105336450	statesman.n.01	None
105337088	man.n.01	0.636
105337213	serviceman.n.01	0.894
105337285	man.n.01	0.975
105337356	man.n.01	0.898
105338123	man.n.06	0.714
105338137	man.n.01	0.598
105338192	man.n.01	0.713
105338234	man.n.01	0.75
105339135	man.n.01	0.969
105340508	man.n.01	0.883
113729485	man.n.01	0.985
105342250	man.n.01	0.48
105342705	man.n.01	0.879
105342772	man.n.01	0.9
105342793	serviceman.n.01	0.613
113731876	people.n.01	0.83
113733018	man.n.01	0.987
113733182	man.n.01	0.981
113733200	man.n.01	0.947
105345569	crew.n.01	0.902
113734982	hero.n.01	0.928
105347676	man.n.01	0.452
105348139	force.n.04	0.549
105348537	serviceman.n.01	0.631
105348930	serviceman.n.01	0.499
105349166	serviceman.n.01	0.464
105349328	troop.n.01	0.9
105349387	man.n.01	0.848
105351908	man.n.01	0.919
105352081	serviceman.n.01	0.535
105352327	man.n.01	0.962
105352887	soldier.n.01	0.999
105353994	man.n.01	0.993
105354216	man.n.01	0.998
105354226	man.n.01	0.98
105355579	statesman.n.01	None
105355600	man.n.01	0.96
105357709	serviceman.n.01	0.948
105358128	serviceman.n.01	0.949
105358278	man.n.01	0.709
105360094	man.n.01	0.888
105361497	man.n.01	0.742
105361846	man.n.01	0.828
105362859	prisoner.n.01	None
105364026	citizen.n.01	None
105364334	serviceman.n.01	0.796
105366098	serviceman.n.01	0.874
105366234	man.n.01	0.979
105367070	serviceman.n.01	0.943
105367108	serviceman.n.01	0.848
105367730	serviceman.n.01	0.778
105368875	man.n.01	0.835
105368988	man.n.01	0.899
105369140	man.n.01	0.955
105369424	man.n.01	0.852
105370258	man.n.01	0.986
105371680	serviceman.n.01	0.905
105371770	serviceman.n.01	0.841
105371978	infantry.n.01	None
105372505	man.n.01	0.614
105373044	soldier.n.01	0.999
105373319	man.n.01	0.559
105373456	man.n.01	0.644
105373458	man.n.01	0.644
105373670	man.n.01	0.672
105373711	man.n.01	0.716
105375051	man.n.01	0.939
105375361	man.n.01	0.948
105375779	man.n.01	0.615
105376969	member.n.01	0.983
105377085	serviceman.n.01	0.808
105377991	man.n.01	0.951
105379979	man.n.01	0.96
105380348	man.n.01	0.972
105380510	man.n.01	0.977
105382453	man.n.01	0.542
105384035	politician.n.01	0.624
105384692	man.n.01	0.932
105384704	man.n.01	0.889
105387436	sir.n.01	0.87
105387791	man.n.01	0.914
105388442	man.n.01	0.71
105388632	man.n.01	0.562
105388674	man.n.01	0.86
105390864	serviceman.n.01	0.814
105393285	husband.n.01	None
105393456	man.n.01	0.847
105399916	mercenary.n.01	None
105400400	man.n.01	0.95
105401826	man.n.01	0.983
105403474	man.n.01	0.977
105404141	man.n.01	0.832
105404318	serviceman.n.01	0.52
105407458	serviceman.n.01	0.628
105410089	warrior.n.01	None
105411293	man.n.01	0.976
105413169	man.n.01	0.972
105413465	man.n.01	0.971
105413704	man.n.01	0.965
105413823	man.n.01	0.971
105413870	statesman.n.01	None
105417675	man.n.01	0.994
105423201	serviceman.n.01	0.919
105423216	man.n.01	0.948
105424621	important_person.n.01	0.959
105425616	man.n.01	0.694
105426343	man.n.01	0.92
105427898	member.n.01	0.979
105429621	man.n.01	0.8
105429773	man.n.01	0.732
105430933	man.n.01	0.832
105431018	gentleman.n.01	0.983
105431330	man.n.01	0.956
105431397	man.n.01	0.55
105434779	man.n.01	0.829
105437518	husband.n.01	None
105437605	husband.n.01	None
105438619	man.n.01	0.916
105439845	man.n.01	0.8
105439884	man.n.01	0.932
105440219	man.n.01	0.988
105440233	man.n.01	0.996
105440626	man.n.01	0.853
105444215	citizen.n.01	None
105444812	man.n.01	0.566
105449925	combatant.n.01	None
105451174	politician.n.02	0.792
105453749	man.n.01	0.974
105453892	man.n.01	0.962
105454762	man.n.01	0.942
105457113	man.n.01	0.902
105458349	man.n.01	0.924
105458872	man.n.01	0.989
105458959	man.n.01	0.991
105460113	friend.n.01	0.991
105460582	man.n.01	0.878
105461248	man.n.01	0.863
113920138	man.n.01	0.682
113920439	homo.n.02	0.424
113920862	man.n.01	0.876
113921382	man.n.01	0.986
113921446	man.n.01	0.505
113921892	man.n.01	0.87
113922005	man.n.01	0.965
113922098	people.n.01	0.746
113922671	man.n.01	0.953
113922768	man.n.01	0.967
113922868	man.n.01	0.939
113923542	man.n.03	0.44
113923651	homo.n.02	0.386
113923669	man.n.01	0.757
113923967	man.n.01	0.805
113924451	man.n.01	0.964
113924685	serviceman.n.01	0.839
113924788	man.n.01	0.892
113925049	man.n.01	0.926
113925241	serviceman.n.01	0.621
113925614	homo.n.02	0.501
113926191	man.n.01	0.932
113926431	homo.n.02	0.437
113926940	man.n.01	0.56
113926989	man.n.01	0.992
113927019	man.n.01	0.956
113927343	man.n.01	0.951
113927495	man.n.03	0.442
113927705	man.n.01	0.869
113927728	man.n.01	0.819
113927743	man.n.01	0.916
113927952	man.n.01	0.95
113928567	world.n.08	None
113928654	man.n.01	0.892
113928752	man.n.01	0.909
113928979	man.n.01	0.934
105675874	citizen.n.01	None
105676813	man.n.01	0.765
105676909	man.n.01	0.776
105677518	man.n.01	0.728
122709668	man.n.01	0.989
105684265	man.n.01	0.973
105684489	man.n.01	0.98
105687644	husband.n.01	None
105687864	man.n.01	0.997
105688165	man.n.01	0.987
105688202	man.n.01	0.891
105688297	serviceman.n.01	0.714
105688552	man.n.01	0.738
105740385	citizen.n.01	None
105740444	citizen.n.01	None
105740571	citizen.n.01	None
105740635	citizen.n.01	None
105740955	man.n.01	0.998
105742215	husband.n.01	None
105742853	husband.n.01	None
105743530	man.n.01	0.639
105745286	person.n.01	None
105745381	man.n.03	0.502
105745800	man.n.01	0.871
105746030	man.n.01	0.854
105746118	man.n.01	0.965
105746360	man.n.01	0.666
105747061	man.n.01	0.855
105748231	man.n.01	0.893
105749472	man.n.01	0.983
105751075	man.n.03	0.713
105751381	homo.n.02	0.475
105752651	man.n.03	0.666
105752680	sailor.n.01	0.793
105753708	man.n.01	0.844
105753840	farmer.n.01	None
105753874	farmer.n.01	None
105754085	man.n.01	0.925
105762446	man.n.01	0.89
105762970	man.n.01	0.834
105764136	man.n.01	0.965
105764178	man.n.01	0.988
105764561	man.n.01	0.961
105764882	elder.n.01	0.827
105764924	man.n.01	0.676
105767459	man.n.01	0.557
105768141	man.n.01	0.968
105768339	man.n.01	0.947
105768558	man.n.01	0.886
105770444	emissary.n.01	0.897
105770595	friend.n.01	0.986
105770670	man.n.01	0.502
105770677	man.n.01	0.532
105771701	man.n.01	0.991
105771764	man.n.01	0.976
105771881	man.n.01	0.972
105772771	man.n.01	0.684
105772932	man.n.01	0.858
105775465	guest.n.01	0.985
105775780	serviceman.n.01	0.827
105776385	man.n.01	0.961
105777375	man.n.01	0.851
105821578	man.n.01	0.991
105821599	homo.n.02	None
105821810	homo.n.02	None
105821945	homo.n.02	None
105821987	man.n.01	0.954
105822031	man.n.01	0.991
105822369	man.n.01	0.915
105822434	man.n.01	0.921
105822484	man.n.01	0.976
105822647	man.n.01	0.782
105822950	man.n.01	0.912
105823102	man.n.01	0.968
105823199	man.n.01	0.662
105823203	man.n.01	0.845
105823231	man.n.01	0.964
105824555	man.n.01	0.987
105824833	man.n.01	0.495
105824951	man.n.01	0.992
105825018	man.n.01	0.995
105825318	man.n.01	0.674
105825771	man.n.01	0.988
105826236	man.n.01	0.943
105826307	man.n.01	0.509
105826627	man.n.01	0.828
105826648	man.n.01	0.963
105826804	man.n.01	0.952
105827154	man.n.01	0.988
105827572	homo.n.02	0.394
105828010	man.n.01	0.975
105828179	man.n.01	0.982
122609438	man.n.01	0.835
122609716	man.n.01	0.987
122610874	stranger.n.01	0.569
122611335	man.n.01	0.893
122612641	man.n.01	0.923
122613259	serviceman.n.01	0.675
122613472	man.n.01	0.833
122613807	man.n.01	0.691
122614467	man.n.01	0.434
122614577	man.n.01	0.895
122615782	man.n.01	0.948
122617900	man.n.01	0.935
122618110	man.n.01	0.922
122618790	man.n.01	0.833
122623870	man.n.01	0.821
122624246	man.n.01	0.967
122631134	man.n.01	0.758
122631788	man.n.01	0.987
122631902	man.n.01	0.951
122632144	man.n.01	0.968
122634106	man.n.01	0.975
122635622	man.n.01	0.812
122637972	philosopher.n.01	0.962
122638995	person.n.01	0.999
122639959	man.n.01	0.8
122648066	man.n.01	0.809
122649450	man.n.01	0.956
122651678	man.n.01	0.958
122651685	man.n.01	0.952
122652041	man.n.01	0.891
122652438	husband.n.01	None
122652449	husband.n.01	None
122652676	man.n.01	0.93
122652822	man.n.01	0.921
122653335	man.n.01	0.927
122658195	man.n.01	0.978
122658744	man.n.01	0.951
122661085	man.n.01	0.988
122661521	man.n.01	0.887
122663447	man.n.01	0.969
122663761	man.n.01	0.993
122665733	husband.n.01	None
122667478	man.n.01	0.936
122667481	man.n.01	0.972
122667752	man.n.01	0.845
122668195	man.n.01	0.934
122668207	man.n.01	0.816
122668777	serviceman.n.01	0.827
122669345	man.n.01	0.956
122669354	man.n.01	0.875
122669729	woman.n.01	0.995
122670266	man.n.01	0.675
122670677	man.n.01	0.937
122671020	serviceman.n.01	0.485
122672304	man.n.01	0.988
122673354	man.n.01	0.984
122673443	man.n.01	0.985
122674126	man.n.01	0.982
122674399	man.n.01	0.676
122675597	husband.n.01	None
122676286	man.n.01	0.811
122676677	man.n.01	0.84
122677530	man.n.01	0.956
122677615	commissioner.n.01	0.576
122678963	man.n.01	0.95
122679867	man.n.01	0.891
122680176	man.n.01	0.994
122683820	man.n.01	0.6
122695408	man.n.01	0.642
122700266	man.n.01	0.933
122700766	man.n.01	0.879
122701490	man.n.01	0.893
122703633	woman.n.01	0.985
122703657	husband.n.01	None
122704106	man.n.01	0.984
122704424	man.n.01	0.937
122705085	man.n.01	0.976
122705206	man.n.01	0.941
122705423	man.n.01	0.988
122707232	man.n.01	0.858
122708539	man.n.01	0.983
122709764	man.n.01	0.962
122711399	man.n.01	0.705
122714550	man.n.01	0.967
122715706	man.n.01	0.393
122716219	man.n.03	0.578
122723414	man.n.01	0.999
122723893	philosopher.n.01	0.865
122738911	man.n.01	0.801
122738936	man.n.01	0.801
122743155	man.n.01	0.924
122743578	man.n.06	0.48
122751708	man.n.01	0.907
122751722	man.n.01	0.97
122751787	man.n.01	0.963
122758309	husband.n.01	None
122761587	person.n.01	0.997
122761998	person.n.01	0.999
122764927	person.n.01	1.0
122775974	man.n.01	0.986
122776055	man.n.01	0.961
122776601	man.n.01	0.979
122776702	man.n.01	0.957
122784770	man.n.01	0.948
122786421	man.n.01	0.994
122789439	soldier.n.01	0.961
106109870	man.n.01	0.66
106110708	man.n.01	0.973
106116707	man.n.01	0.968
106118721	manhood.n.01	0.876
106118764	boyhood.n.01	None
106121049	man.n.01	0.886
106121240	man.n.01	0.767
106122949	homo.n.02	0.407
106123258	man.n.01	0.665
106123308	husband.n.01	None
106124001	man.n.01	0.984
106124022	man.n.01	0.895
106124275	man.n.01	0.884
106124286	man.n.01	0.854
106124379	farmer.n.01	None
106131175	man.n.01	0.99
106135005	man.n.01	0.987
106135018	man.n.01	0.589
106136242	man.n.01	0.678
106136629	man.n.01	0.884
106136688	man.n.01	0.631
106137069	man.n.01	0.977
106137074	man.n.01	0.977
106137723	man.n.01	0.992
106137731	man.n.01	0.932
106137738	husband.n.01	None
106138716	man.n.01	0.566
106143280	man.n.01	0.758
106146043	man.n.01	0.985
106146088	husband.n.01	None
106146126	husband.n.01	None
106146146	man.n.01	0.996
106152901	man.n.03	0.654
106153066	husband.n.01	None
106155510	husband.n.01	None
106158655	husband.n.01	None
106158782	husband.n.01	None
114549161	person.n.01	0.999
114552178	person.n.01	0.999
106164018	husband.n.01	None
106164047	husband.n.01	None
106164184	husband.n.01	None
106164426	husband.n.01	None
106164457	husband.n.01	None
106164572	husband.n.01	None
114554299	man.n.01	0.929
114557065	man.n.01	0.515
106168746	man.n.01	0.962
106169258	man.n.01	0.818
106176351	man.n.01	0.827
106177962	man.n.01	0.961
106177981	man.n.01	0.987
106178021	man.n.01	0.699
106179853	man.n.01	0.832
106181507	man.n.01	0.47
106184561	man.n.01	0.978
106186379	man.n.01	0.432
106190705	man.n.01	0.909
106191648	husband.n.01	None
106191768	husband.n.01	None
106196851	man.n.01	0.878
106197155	man.n.01	0.947
106197890	man.n.01	0.673
106200878	man.n.01	0.993
106201444	man.n.01	0.603
106202439	man.n.01	0.967
106204957	man.n.01	0.933
106205011	man.n.01	0.992
106209156	man.n.01	0.72
114602016	man.n.01	0.902
114603350	man.n.01	0.981
114604184	man.n.01	0.614
106217009	woman.n.01	0.831
106217630	man.n.01	0.955
106217891	husband.n.01	None
106218565	man.n.01	0.869
106219742	man.n.01	0.954
106220893	man.n.01	0.715
106224823	man.n.01	0.99
106224883	man.n.01	0.993
106229382	husband.n.01	None
106232262	man.n.03	0.649
106232621	man.n.01	0.849
106239892	man.n.01	0.849
106241497	man.n.01	0.977
106241523	man.n.01	0.98
106243091	homo.n.02	0.369
106243122	man.n.01	0.754
106243709	woman.n.01	0.944
106244971	man.n.01	0.853
114634162	man.n.01	0.969
114635160	man.n.01	0.625
114635180	inhabitant.n.01	None
114635880	man.n.01	0.824
106247664	serviceman.n.01	0.605
106247881	man.n.01	0.824
114637383	man.n.01	0.739
114638726	man.n.01	0.959
106252178	man.n.01	0.972
114641236	hero.n.01	0.834
106253112	man.n.01	0.952
106253126	man.n.01	0.868
106254583	man.n.01	0.98
106254668	man.n.01	0.921
114643593	man.n.01	0.869
106255153	man.n.01	0.983
114643855	serviceman.n.01	0.792
114643976	man.n.01	0.788
106256773	man.n.01	0.894
114646825	man.n.01	0.515
106259046	man.n.01	0.927
106259220	man.n.01	0.593
114647927	man.n.01	0.979
114647928	man.n.01	0.959
114648591	man.n.01	0.937
114649061	serviceman.n.01	0.54
114649092	man.n.01	0.754
106261553	man.n.01	0.793
114653420	man.n.01	0.913
106265864	man.n.01	0.814
114655347	serviceman.n.01	0.841
114655583	man.n.01	0.873
114656047	man.n.01	0.911
114656308	man.n.01	0.879
114657771	man.n.01	0.555
106270275	man.n.01	0.933
114659633	man.n.01	0.66
114661258	man.n.01	0.963
114663441	man.n.01	0.769
123052491	man.n.01	0.93
114663997	man.n.01	0.99
114664026	man.n.01	0.951
106275602	man.n.01	0.837
106275976	man.n.01	0.989
114664626	man.n.01	0.915
114664690	serviceman.n.01	0.577
114664787	man.n.01	0.948
106276185	man.n.01	0.967
114665706	man.n.01	0.969
123054616	man.n.01	0.664
114666321	man.n.01	0.856
106280151	man.n.01	0.81
106282247	man.n.01	0.917
106292149	man.n.01	0.696
123069535	man.n.01	0.836
106293668	man.n.01	0.537
114684607	man.n.01	0.981
114685408	man.n.01	0.775
106298650	man.n.01	0.852
106300295	man.n.01	0.509
106303761	man.n.01	0.875
106304635	husband.n.01	None
123082475	teacher.n.01	0.97
123082688	man.n.01	0.827
123082695	man.n.01	0.827
106306733	husband.n.01	None
106306804	husband.n.01	None
123084299	man.n.01	0.984
106307251	husband.n.01	None
123084482	man.n.01	0.778
123087368	organism.n.01	0.996
106310488	man.n.01	0.988
106310513	husband.n.01	None
123090459	husband.n.01	None
106313290	husband.n.01	None
106313292	man.n.01	0.986
106314649	man.n.01	0.973
106315446	man.n.01	0.983
106316093	man.n.01	0.962
106316891	man.n.01	0.987
123095123	man.n.01	0.872
106318045	man.n.03	0.418
106319963	husband.n.01	None
106320021	husband.n.01	None
123097924	man.n.01	0.932
106320726	man.n.01	0.979
106321737	man.n.01	0.979
106321977	man.n.01	0.922
106322402	husband.n.01	None
123101196	man.n.01	0.908
106324559	husband.n.01	None
106329406	man.n.01	0.994
106329610	man.n.01	0.771
106333327	man.n.01	0.988
106333343	man.n.01	0.871
106333798	man.n.01	0.585
106334547	man.n.01	0.884
123118826	sage.n.01	1.0
123122970	man.n.01	0.926
106348907	man.n.01	0.641
106356723	man.n.01	0.937
106356726	man.n.01	0.797
106358547	hero.n.01	0.91
106360880	man.n.01	0.941
106361669	man.n.01	0.962
106362105	man.n.01	0.979
106365052	man.n.01	0.976
106365235	husband.n.01	None
106369679	husband.n.01	None
106371130	man.n.01	0.665
106371219	man.n.01	0.944
106372478	man.n.01	0.651
106372791	man.n.01	0.992
106373112	man.n.01	0.879
106373641	man.n.01	0.69
106373731	man.n.03	0.538
106373846	man.n.01	0.967
106374048	man.n.01	0.977
106374187	man.n.01	0.517
106375078	man.n.01	0.945
106376163	man.n.03	0.652
106376175	man.n.03	0.584
106376296	man.n.01	0.967
106376489	husband.n.01	None
106376610	husband.n.01	None
106376669	man.n.01	0.986
106376682	man.n.01	0.767
106376809	man.n.01	0.542
106377178	man.n.01	0.991
106377281	man.n.01	0.996
106377448	man.n.01	0.943
106378693	woman.n.01	0.982
106378739	man.n.01	0.942
106378813	man.n.01	0.934
106379104	man.n.01	0.965
106381121	husband.n.01	None
106381510	man.n.01	0.829
106382400	man.n.01	0.874
106384637	husband.n.01	None
106384660	husband.n.01	None
106385237	man.n.01	0.995
106385260	man.n.01	0.954
106385626	man.n.01	0.975
106385974	man.n.01	0.884
106386088	man.n.01	0.902
106388074	man.n.01	0.778
106389125	man.n.01	0.988
106389652	man.n.01	0.983
106389924	husband.n.01	None
106390482	man.n.01	0.9
106390610	statesman.n.01	None
106391867	man.n.01	0.894
106391980	man.n.01	0.976
106392462	man.n.01	0.902
106392605	man.n.01	0.673
106393171	man.n.01	0.995
106393209	man.n.01	0.993
106393214	man.n.01	0.991
106393273	man.n.01	0.988
106393431	man.n.01	0.86
106396754	man.n.01	0.984
106397011	man.n.01	0.544
106397338	man.n.01	0.979
106397527	man.n.01	0.867
106398744	man.n.01	0.98
106400543	man.n.01	0.576
106400882	man.n.01	0.907
106400991	man.n.01	0.889
106401040	man.n.01	0.976
106403151	man.n.01	0.45
106403800	man.n.01	0.991
106403939	man.n.01	0.982
106405158	man.n.01	0.82
106407842	serviceman.n.01	0.836
106408583	man.n.01	0.989
106409350	man.n.01	0.979
106409406	man.n.01	0.978
106411317	man.n.01	0.995
106411338	man.n.01	0.995
106413771	man.n.01	0.971
106414119	man.n.01	0.937
106415111	man.n.01	0.756
106416074	man.n.01	0.907
106416157	man.n.01	0.976
106417350	man.n.01	0.372
106418300	man.n.01	0.964
106418576	man.n.01	0.979
106418906	man.n.01	0.994
106419322	man.n.01	0.966
106419672	man.n.01	0.741
106423237	man.n.01	0.932
106423701	man.n.01	0.843
106425849	man.n.01	0.87
106427644	man.n.01	0.996
106427992	man.n.01	0.915
106429662	man.n.01	0.736
106431407	man.n.01	0.967
106433196	man.n.01	0.969
106433342	man.n.01	0.878
106433663	man.n.01	0.533
106434537	man.n.01	0.992
106434547	man.n.01	0.99
106434599	male.n.02	0.958
106436060	man.n.01	0.984
106436498	man.n.01	0.943
106438231	man.n.01	0.903
106440211	homo.n.02	0.415
106441600	man.n.01	0.962
106443548	husband.n.01	None
106443605	man.n.01	0.977
106444793	person.n.01	0.913
106446460	man.n.01	0.894
106446503	man.n.01	0.926
106446602	man.n.01	0.987
106448361	man.n.01	0.957
106449301	man.n.01	0.93
106451243	man.n.01	0.786
106451846	man.n.01	0.978
106452118	man.n.01	0.938
106452183	husband.n.01	None
106452254	man.n.01	0.937
106452301	husband.n.01	None
106452347	husband.n.01	None
106452392	husband.n.01	None
106453182	man.n.01	0.96
106453453	husband.n.01	None
106453972	wife.n.01	None
106454257	man.n.01	0.991
106455390	man.n.01	0.98
106457807	man.n.01	0.918
106457972	man.n.01	0.936
106458428	man.n.01	0.958
106462302	man.n.01	0.943
106462512	man.n.01	0.96
106462661	man.n.01	0.896
106464662	husband.n.01	None
106464956	man.n.01	0.487
106465096	man.n.01	0.818
106465554	man.n.01	0.88
106468608	husband.n.01	None
106468648	husband.n.01	None
106468678	husband.n.01	None
106468879	husband.n.01	None
106468886	husband.n.01	None
106468938	husband.n.01	None
106469042	husband.n.01	None
106469090	man.n.01	0.989
106469105	man.n.01	0.988
106469967	man.n.01	0.965
106470788	man.n.01	0.873
106474589	man.n.01	0.939
106474667	husband.n.01	None
106475104	husband.n.01	None
106484481	husband.n.01	None
106485511	husband.n.01	None
106485534	husband.n.01	None
106485569	man.n.01	0.948
106485639	man.n.01	0.988
106485903	man.n.01	0.951
106486512	man.n.01	0.99
106486702	man.n.01	0.96
106486713	man.n.01	0.982
106486859	man.n.01	0.981
106487001	man.n.01	0.978
106487125	man.n.01	0.954
106487464	man.n.01	0.921
106487485	husband.n.01	None
106487608	husband.n.01	None
106487632	husband.n.01	None
106487670	husband.n.01	None
106488149	woman.n.01	0.967
106489237	person.n.01	1.0
106493970	man.n.01	0.981
106494023	man.n.01	0.976
106494061	man.n.01	0.993
106494110	man.n.01	0.983
106494177	husband.n.01	None
106494216	husband.n.01	None
106494267	man.n.01	0.997
106494393	man.n.01	0.992
106494415	man.n.01	0.989
106494491	person.n.01	1.0
106494524	man.n.01	0.957
106495081	man.n.01	0.988
106497604	man.n.01	0.936
106498799	man.n.01	0.905
106503366	hunter.n.01	None
106503905	man.n.01	0.95
106504089	man.n.01	0.827
106504583	man.n.01	0.836
106504794	man.n.01	0.993
106505171	man.n.01	0.814
106505278	man.n.01	0.678
106505333	man.n.01	0.884
106506409	man.n.01	0.955
106506885	woman.n.01	0.981
106509242	man.n.01	0.895
106509604	man.n.01	0.96
106511228	man.n.01	0.985
106511282	man.n.01	0.987
106511351	man.n.01	0.683
106511388	man.n.01	0.992
106512444	man.n.01	0.967
106512700	man.n.01	0.95
106512798	man.n.01	0.991
106514342	man.n.01	0.842
106516769	husband.n.01	None
106520585	man.n.01	0.583
106520878	man.n.03	0.467
106521498	man.n.01	0.702
106522284	man.n.01	0.852
106522385	man.n.01	0.964
106523615	man.n.01	0.963
106523804	man.n.01	0.98
106524432	person.n.01	0.889
106525329	person.n.01	0.949
106527046	man.n.01	0.687
106527062	man.n.01	0.972
106530486	father.n.01	0.934
106530769	man.n.01	0.931
106530814	man.n.01	0.71
106531505	man.n.01	0.894
106534877	man.n.01	0.953
106534973	man.n.01	0.956
106536971	man.n.01	0.831
106537843	man.n.01	0.766
106538544	man.n.01	0.939
123316167	family.n.01	0.574
106539561	man.n.01	0.903
123317562	sage.n.01	0.999
106542126	ally.n.01	0.701
106542208	man.n.01	0.984
106542429	man.n.01	0.951
106543379	man.n.01	0.82
106544058	man.n.01	0.945
106544101	man.n.01	0.913
123321571	man.n.01	0.955
123321604	husband.n.01	None
123321630	husband.n.01	None
123321815	bride.n.01	0.933
106544861	man.n.01	0.942
106546490	man.n.01	0.958
106546587	man.n.01	0.988
106546592	man.n.01	0.988
106546606	man.n.01	0.958
106547208	man.n.01	0.995
123324601	man.n.01	0.664
106547797	man.n.01	0.878
106548116	man.n.01	0.996
106548318	man.n.01	0.983
106548339	man.n.01	0.995
106548368	man.n.01	0.995
123328298	initiate.n.02	None
106552625	man.n.01	0.875
106552653	man.n.01	0.898
106553360	man.n.01	0.833
106553964	man.n.01	0.965
123331210	soldier.n.01	0.999
123331724	husband.n.01	None
123331753	husband.n.01	None
123332106	man.n.01	0.467
123336101	philosopher.n.01	0.982
106559964	man.n.01	0.983
123337890	man.n.01	0.91
123338874	soldier.n.01	0.999
123338948	soldier.n.01	0.999
123339378	husband.n.01	None
106562790	husband.n.01	None
123340218	manhood.n.01	0.798
123340959	man.n.01	0.99
106563933	man.n.01	0.99
123343544	man.n.01	0.364
123344138	man.n.01	0.937
123344360	man.n.01	0.996
123344495	man.n.01	0.991
123344575	man.n.01	0.893
123345932	man.n.01	0.955
123346095	man.n.01	0.724
123346117	man.n.01	0.724
123346188	man.n.01	0.957
106571107	man.n.01	0.972
106571452	husband.n.01	None
106571912	man.n.01	0.885
106572424	serviceman.n.01	0.668
106572602	man.n.01	0.987
106572789	man.n.01	0.972
106574529	man.n.03	0.506
106574785	man.n.01	0.973
106575853	man.n.01	0.99
106576616	man.n.01	0.982
106577124	man.n.01	0.933
106578065	man.n.01	0.908
106578554	man.n.01	0.95
106579861	man.n.01	0.884
106580707	man.n.01	0.936
106583189	man.n.01	0.917
106586259	man.n.01	0.981
106587569	man.n.01	0.579
106587575	man.n.01	0.908
106589542	woman.n.01	0.982
106591861	man.n.01	0.947
106592119	man.n.01	0.981
106592153	man.n.01	0.948
106594381	husband.n.01	None
106594835	man.n.03	0.472
106594839	man.n.01	0.422
106595226	man.n.01	0.981
114984010	man.n.01	0.982
114984444	man.n.01	0.955
106595959	man.n.01	0.907
114984818	husband.n.01	None
114985049	husband.n.01	None
114986159	man.n.01	0.82
114986589	man.n.01	0.894
114986837	man.n.01	0.724
114987257	man.n.01	0.934
114987452	man.n.01	0.719
114987765	man.n.01	0.578
114988106	husband.n.01	None
114988119	husband.n.01	None
114988870	husband.n.01	None
114989283	husband.n.01	None
114989304	man.n.01	0.963
114989340	husband.n.01	None
114989436	man.n.01	0.914
114991624	man.n.01	0.853
114992595	man.n.01	0.99
114995625	brother.n.02	0.591
106735299	serviceman.n.01	0.949
106737492	warrior.n.01	None
106737536	man.n.01	0.642
106737561	man.n.01	0.522
106737836	man.n.01	0.708
106739175	warrior.n.01	None
106739434	serviceman.n.01	0.465
106739944	crew.n.01	0.984
106741456	combatant.n.01	None
106742591	man.n.01	0.967
106743687	man.n.01	0.853
106744053	serviceman.n.01	0.715
106746561	man.n.01	0.968
106746583	man.n.01	0.983
106746651	man.n.01	0.924
106746697	man.n.01	0.982
106746778	man.n.01	0.942
106747053	man.n.01	0.655
106747600	man.n.01	0.94
106749539	man.n.01	0.97
106750846	man.n.01	0.744
106750874	man.n.01	0.889
106751397	crew.n.01	0.989
106751413	crew.n.01	0.95
123528717	man.n.01	0.988
106751839	serviceman.n.01	0.952
106751938	person.n.01	None
106751960	serviceman.n.01	0.598
123529365	man.n.01	0.981
106752773	man.n.01	0.873
123530013	man.n.03	0.356
106752887	man.n.01	0.987
123530473	man.n.01	0.934
123531156	man.n.01	0.888
123531551	man.n.01	0.982
106755198	man.n.01	0.503
123532502	man.n.03	0.563
106756448	man.n.01	0.827
106758263	man.n.01	0.965
106758360	man.n.01	0.953
123535582	man.n.01	0.861
106758410	man.n.01	0.978
123536398	man.n.01	0.954
123536513	man.n.01	0.996
123537183	fisherman.n.01	None
106760102	man.n.01	0.954
123537515	man.n.01	0.495
106760356	crew.n.01	0.977
106760461	crew.n.01	0.982
106761505	man.n.01	0.986
106761661	man.n.01	0.934
106762411	man.n.01	0.939
106762668	man.n.01	0.805
106763416	man.n.03	0.419
106763736	husband.n.01	None
106763766	husband.n.01	None
106763780	man.n.01	0.974
106764102	man.n.01	0.987
106764117	man.n.01	0.989
123541339	man.n.01	0.937
106764242	man.n.01	0.805
106764393	husband.n.01	None
106764582	man.n.01	0.991
106764658	man.n.01	0.989
123544268	man.n.01	0.97
106767247	man.n.01	0.948
106767440	man.n.01	0.958
106768021	man.n.01	0.954
106768042	man.n.01	0.87
106769971	man.n.01	0.973
106770236	man.n.01	0.991
123548991	man.n.01	0.774
123549667	man.n.01	0.76
123551508	man.n.01	0.901
106774357	serviceman.n.01	0.884
123553481	husband.n.01	None
106777207	man.n.01	0.508
123554529	man.n.01	0.995
106777341	man.n.01	0.86
123554716	man.n.01	0.976
106777582	man.n.01	0.901
106777706	man.n.01	0.866
106778444	man.n.01	0.972
123555894	man.n.01	0.716
106779484	man.n.01	0.985
106779772	serviceman.n.01	0.81
106779955	man.n.01	0.97
123558068	man.n.01	0.982
106781279	man.n.01	0.762
123559920	man.n.01	0.776
123560333	man.n.01	0.848
106783807	serviceman.n.01	0.879
106784651	husband.n.01	None
123562288	man.n.01	0.55
106785470	serviceman.n.01	0.833
106785616	man.n.01	0.774
123562877	man.n.01	0.647
106785746	serviceman.n.01	0.829
106785766	man.n.01	0.539
106785783	man.n.01	0.884
106785975	man.n.01	0.743
106786139	man.n.01	0.69
106786359	man.n.01	0.916
106786366	man.n.01	0.854
106786563	man.n.01	0.945
106786665	man.n.01	0.626
106787579	man.n.01	0.85
106787632	man.n.01	0.815
106787800	man.n.01	0.705
106788990	serviceman.n.01	0.559
106789085	man.n.01	0.951
106789280	man.n.01	0.957
106789489	man.n.01	0.946
106789518	man.n.01	0.977
106789751	serviceman.n.01	0.824
123567324	man.n.01	0.65
106790258	man.n.01	0.988
106791167	serviceman.n.01	0.509
106794876	man.n.01	0.678
123573268	man.n.01	0.995
106797624	troop.n.01	0.929
106797667	troop.n.01	0.975
106797965	man.n.01	0.919
123575321	man.n.01	0.979
106798237	warrior.n.01	None
106798360	man.n.01	0.961
106799755	soldier.n.01	1.0
106799812	man.n.01	0.951
106799825	man.n.01	0.898
106799937	man.n.01	0.907
106799959	man.n.01	0.932
106800939	serviceman.n.01	0.696
106801392	man.n.01	0.782
106801802	man.n.01	0.899
123579361	man.n.01	0.935
123579412	man.n.01	0.742
106802947	soldier.n.01	0.999
106804697	man.n.01	0.97
106806165	man.n.01	0.988
106806497	people.n.01	0.917
106808347	man.n.01	0.973
106809044	man.n.01	0.768
123587030	husband.n.01	None
106810042	man.n.01	0.982
106810284	man.n.01	0.946
106810306	man.n.01	0.547
123587539	husband.n.01	None
106810410	man.n.01	0.951
106810485	man.n.01	0.901
123587812	man.n.01	0.595
106810688	man.n.01	0.957
123588241	husband.n.01	None
106811739	man.n.01	0.981
123589338	man.n.01	0.829
106812275	man.n.01	0.997
123591436	man.n.01	0.864
106814650	man.n.01	0.982
106814745	man.n.01	0.99
106815288	man.n.01	0.974
106815312	man.n.01	0.971
106815375	man.n.01	0.984
106816916	man.n.01	0.904
106818881	troop.n.01	0.906
106819148	man.n.01	0.889
106820491	man.n.01	0.807
106821592	man.n.01	0.975
106822489	man.n.01	0.638
106822925	soldier.n.01	0.999
106824498	man.n.01	0.973
106825585	man.n.01	0.95
106827990	people.n.01	0.626
106828950	serviceman.n.01	0.929
106829353	serviceman.n.01	0.516
106832256	serviceman.n.01	0.871
106833490	citizen.n.01	None
106834026	man.n.01	0.751
106834610	citizen.n.01	None
106835657	crew.n.01	0.968
106838960	crew.n.01	0.96
106841787	man.n.01	0.725
106842698	serviceman.n.01	0.857
106845453	man.n.01	0.97
106845521	man.n.01	0.649
106846809	man.n.01	0.964
106847396	man.n.01	0.942
106847850	man.n.01	0.792
106848269	serviceman.n.01	0.714
106848694	man.n.01	0.66
106848711	citizen.n.01	None
106849160	man.n.01	0.934
106849355	man.n.01	0.761
106852572	man.n.01	0.884
106853573	citizen.n.01	None
106853787	serviceman.n.01	0.882
106854467	man.n.01	0.909
106855342	man.n.01	0.897
106855408	serviceman.n.01	0.923
106856028	serviceman.n.01	0.864
106857029	serviceman.n.01	0.697
106857620	citizen.n.01	None
115247225	husband.n.01	None
115247268	man.n.01	0.985
115247302	man.n.01	0.952
115247473	man.n.01	0.972
115247483	man.n.01	0.98
115247485	man.n.01	0.926
115247823	man.n.01	0.992
106863179	man.n.01	0.989
106863280	man.n.01	0.921
106864593	man.n.01	0.641
106865424	man.n.01	0.579
106865857	serviceman.n.01	0.947
106865920	serviceman.n.01	0.615
106866586	man.n.01	0.956
106866913	man.n.01	0.888
106867868	population.n.01	0.722
106867958	man.n.01	0.981
106868601	man.n.01	0.888
106869200	man.n.01	0.788
106870225	man.n.01	0.878
106870867	serviceman.n.01	0.51
106870878	serviceman.n.01	0.699
106871473	man.n.01	0.948
106871484	man.n.01	0.947
106871522	man.n.01	0.978
115262619	man.n.01	0.987
115262720	male.n.02	0.916
106874447	serviceman.n.01	0.913
123651675	man.n.01	0.712
106875421	man.n.01	0.986
106877044	man.n.01	0.947
106877077	man.n.01	0.949
106877191	serviceman.n.01	0.727
115266804	male.n.02	0.915
115266845	male.n.02	0.937
106878286	man.n.01	0.9
115266953	male.n.02	0.975
115267016	man.n.01	0.983
106880165	man.n.01	0.96
115269034	man.n.01	0.937
115269044	man.n.01	0.912
115269065	man.n.01	0.988
115269448	husband.n.01	None
115269718	man.n.01	0.968
115269871	husband.n.01	None
115270032	man.n.01	0.959
106882218	man.n.01	0.704
106882386	man.n.01	0.864
106886572	inhabitant.n.01	None
106887018	man.n.01	0.72
106887329	man.n.01	0.576
106896543	man.n.01	0.975
106897656	serviceman.n.01	0.903
106897909	man.n.01	0.977
106901433	man.n.01	0.965
106902963	serviceman.n.01	0.938
106904061	man.n.01	0.98
106904133	serviceman.n.01	0.737
106906704	man.n.01	0.922
106907703	serviceman.n.01	0.821
106907902	man.n.01	0.954
106909776	man.n.01	0.868
106912300	man.n.01	0.508
106913077	man.n.01	0.982
106914185	man.n.01	0.997
106914245	carrier.n.01	0.75
106915787	serviceman.n.01	0.753
106916073	troop.n.01	0.967
106916762	cavalry.n.01	0.747
106918877	man.n.01	0.989
106919420	man.n.01	0.881
106920028	man.n.01	0.989
106920489	serviceman.n.01	0.899
106921294	man.n.01	0.745
106921415	man.n.01	0.964
106921509	person.n.01	0.999
106923482	man.n.01	0.576
106923511	husband.n.01	None
106924803	man.n.01	0.767
106925184	man.n.01	0.99
106925370	husband.n.01	None
106925387	husband.n.01	None
106926342	man.n.01	0.969
106926847	crew.n.01	0.988
106927540	athlete.n.01	None
106927583	man.n.01	0.966
106928040	man.n.01	0.972
106928111	man.n.01	0.975
106929351	messenger.n.01	None
106931017	man.n.01	0.932
106931419	people.n.01	0.937
115330756	man.n.01	0.831
115330919	man.n.01	0.53
115330978	man.n.01	0.893
115331462	man.n.01	0.885
115331683	man.n.01	0.653
115332413	man.n.01	0.781
115333959	official.n.01	0.997
115334305	man.n.01	0.964
115334691	man.n.01	0.72
115335305	man.n.01	0.982
115338338	man.n.01	0.949
115339232	manhood.n.01	0.711
115342057	man.n.01	0.963
115342547	man.n.01	0.943
115343608	serviceman.n.01	0.759
115344558	knight.n.01	0.998
115346591	man.n.01	0.786
115347929	man.n.01	0.951
115349275	man.n.01	0.968
115350994	man.n.01	0.962
115352822	man.n.01	0.994
115354407	man.n.01	0.776
115355339	man.n.01	0.364
115355697	man.n.01	0.971
115357347	man.n.01	0.973
115357642	companion.n.01	0.607
115358833	comrade.n.02	0.735
115361810	serviceman.n.01	0.579
115363136	man.n.01	0.572
124634922	man.n.01	0.886
115365807	man.n.01	0.957
115368294	man.n.01	0.755
115368989	serviceman.n.01	0.745
115370576	man.n.01	0.517
115370702	husband.n.01	None
115375097	soldier.n.01	0.998
115376075	man.n.01	0.559
115377984	serviceman.n.01	0.886
115379095	horse.n.01	0.985
115382063	man.n.01	0.952
115382309	man.n.01	0.915
115386550	serviceman.n.01	0.898
115389134	soldier.n.01	0.999
115390638	man.n.01	0.694
115392039	serviceman.n.01	0.765
115395498	man.n.01	0.83
115397661	man.n.01	0.973
115404777	husband.n.01	None
115406953	man.n.01	0.831
115412259	gladiator.n.01	0.979
115412429	man.n.01	0.681
115413318	husband.n.01	None
115413589	knight.n.01	0.997
115414102	man.n.01	0.832
115415715	serviceman.n.01	0.869
115420806	husband.n.01	None
115420958	husband.n.01	None
115421389	husband.n.01	None
115424050	man.n.01	0.625
115424219	man.n.01	0.991
115424645	man.n.01	0.879
115425905	man.n.01	0.96
115426141	man.n.01	0.934
115426865	man.n.01	0.947
115428971	man.n.01	0.958
115429875	husband.n.01	None
115430768	man.n.01	0.961
115432390	serviceman.n.01	0.577
115432434	man.n.01	0.498
115433484	man.n.01	0.978
115433785	man.n.01	0.874
115435024	man.n.01	0.751
115436042	woman.n.01	0.984
107049015	man.n.01	0.976
115441442	man.n.01	0.776
115441928	man.n.01	0.918
107054901	man.n.01	0.947
115444281	man.n.01	0.981
115444357	man.n.01	0.947
115444661	man.n.01	0.847
115446883	man.n.01	0.983
107058829	man.n.01	0.916
107060029	man.n.01	0.934
107060257	man.n.01	0.992
107060321	man.n.01	0.576
107060355	man.n.01	0.847
107060641	man.n.01	0.978
115450529	man.n.01	0.983
115450541	man.n.01	0.979
107063148	man.n.01	0.976
107064264	man.n.01	0.963
107064686	man.n.01	0.935
115454063	man.n.01	0.944
115454468	man.n.01	0.978
115454636	husband.n.01	None
115454708	husband.n.01	None
115454837	man.n.01	0.985
115455101	man.n.01	0.923
115456053	man.n.01	0.979
107067861	man.n.01	0.971
107067883	man.n.01	0.973
115456798	man.n.01	0.988
115457190	man.n.01	0.988
115457581	man.n.01	0.891
107069234	ruler.n.01	0.999
115460669	triumvir.n.01	None
115460758	triumvir.n.01	None
107073516	man.n.01	0.983
107074635	man.n.01	0.986
107074793	man.n.01	0.914
107075276	man.n.01	0.978
115464891	man.n.01	0.982
115464996	man.n.01	0.97
115465045	man.n.01	0.864
107077842	man.n.01	0.953
107078538	man.n.01	0.972
107079566	man.n.01	0.64
115468520	husband.n.01	None
107080253	man.n.01	0.943
115469905	triumvir.n.01	None
107081710	man.n.01	0.98
107081731	man.n.01	0.935
107082127	man.n.01	0.987
107082696	husband.n.01	None
107084142	man.n.01	0.983
115472780	husband.n.01	None
115473224	triumvir.n.01	None
107084633	man.n.01	0.979
115473251	man.n.01	0.9
107085248	man.n.01	0.964
107086080	man.n.01	0.605
107086446	friend.n.01	0.975
115476076	husband.n.01	None
115476137	husband.n.01	None
115477459	man.n.01	0.947
107089406	man.n.01	0.61
107089623	man.n.01	0.912
107090562	man.n.01	0.915
107090875	man.n.01	0.821
107090896	man.n.01	0.858
107091085	man.n.01	0.986
115480059	man.n.01	0.88
107092056	man.n.01	0.947
107092097	man.n.01	0.979
107092187	man.n.01	0.909
107092302	man.n.01	0.964
107092330	man.n.01	0.943
107092359	young_buck.n.01	0.99
107093510	serviceman.n.01	0.82
107094088	man.n.01	0.992
107094212	priest.n.02	0.82
107094545	man.n.01	0.978
115483243	knight.n.01	1.0
107094700	husband.n.01	None
107094710	man.n.01	0.986
107095194	man.n.01	0.971
107095233	man.n.01	0.968
107095345	man.n.01	0.873
107095576	man.n.01	0.974
107095681	husband.n.01	None
107095696	husband.n.01	None
107095759	husband.n.01	None
107095876	husband.n.01	None
107095936	husband.n.01	None
107095967	husband.n.01	None
107095971	husband.n.01	None
107096024	husband.n.01	None
107096138	man.n.01	0.962
107096191	husband.n.01	None
107096436	man.n.01	0.968
107096514	man.n.01	0.873
115485836	serviceman.n.01	0.852
107097297	man.n.01	0.873
107097357	man.n.01	0.918
107097543	man.n.01	0.971
107097701	husband.n.01	None
107097724	man.n.01	0.979
107098915	husband.n.01	None
107099035	husband.n.01	None
107099075	man.n.01	0.856
107099265	serviceman.n.01	0.487
107099435	people.n.01	0.696
107099516	man.n.01	0.728
107099641	husband.n.01	None
107099868	man.n.01	0.976
107100879	man.n.01	0.942
107100889	man.n.01	0.942
107101298	man.n.01	0.887
107101745	husband.n.01	None
107101907	husband.n.01	None
107102019	husband.n.01	None
107102236	person.n.01	0.999
107102335	person.n.01	0.999
107102478	man.n.01	0.965
107103770	man.n.01	0.529
107103899	man.n.01	0.937
107104181	serviceman.n.01	0.516
107105277	man.n.01	0.662
115494153	soldier.n.01	0.992
107105730	man.n.01	0.908
107105751	man.n.01	0.982
107105761	man.n.01	0.982
107105897	man.n.01	0.944
107106123	man.n.01	0.988
107106266	man.n.01	0.86
107106760	man.n.01	0.848
107107177	man.n.01	0.672
115495942	soldier.n.01	0.988
107107338	farmer.n.01	None
115496103	soldier.n.01	0.999
107107653	man.n.01	0.981
107107794	man.n.01	0.973
115496566	soldier.n.01	0.998
107108111	man.n.01	0.979
107108242	man.n.01	0.963
115497399	man.n.01	0.961
115497474	husband.n.01	None
107109949	man.n.01	0.982
107110195	man.n.01	0.76
107111564	man.n.01	0.916
107111791	man.n.01	0.874
107112051	man.n.01	0.989
107112081	husband.n.01	None
107112101	man.n.01	0.963
107112144	manhood.n.01	0.724
107112154	man.n.01	0.862
123889604	husband.n.01	None
107112424	man.n.01	0.967
115501235	man.n.01	0.903
115501277	man.n.01	0.93
107113560	man.n.01	0.868
107113824	man.n.01	0.814
123891535	husband.n.01	None
123891552	husband.n.01	None
123891592	man.n.01	0.815
123891662	husband.n.01	None
123891685	husband.n.01	None
123891699	husband.n.01	None
107114629	man.n.01	0.991
123891985	man.n.01	0.972
115503932	male.n.02	0.524
107116259	man.n.01	0.923
107117066	combatant.n.01	None
107117232	man.n.01	0.777
107117349	man.n.01	0.775
123894704	woman.n.01	0.924
115506220	adult.n.01	0.993
107117664	man.n.01	0.818
107117812	man.n.01	0.962
115506768	man.n.01	0.979
107118316	champion.n.02	0.701
123896020	man.n.01	0.963
123896275	man.n.01	0.993
123897160	man.n.01	0.862
107120932	citizen.n.01	None
123898459	man.n.01	0.976
115510066	man.n.01	0.947
107121475	man.n.01	0.958
115510264	man.n.01	0.91
107121690	man.n.01	0.922
123898985	man.n.01	0.977
123899097	man.n.01	0.926
123899154	man.n.01	0.958
115511636	man.n.01	0.765
115512103	man.n.01	0.908
123900958	man.n.01	0.992
123900998	marriage.n.02	None
107123838	man.n.01	0.763
123901085	husband.n.01	None
123901147	man.n.01	0.932
123901374	man.n.01	0.927
115513168	man.n.01	0.927
115513304	man.n.01	0.838
107125105	serviceman.n.01	0.362
115513828	man.n.01	0.936
115514137	governor.n.01	0.999
123902757	man.n.01	0.995
123902785	man.n.01	0.998
115514605	man.n.01	0.896
115515406	man.n.01	0.916
107127743	man.n.01	0.945
123906147	husband.n.01	None
107129846	man.n.01	0.537
123907306	husband.n.01	None
115519015	man.n.01	0.958
123908090	husband.n.01	None
115520433	man.n.01	0.981
107132275	inhabitant.n.01	None
115520940	man.n.01	0.986
123909907	husband.n.01	None
107132910	troop.n.01	0.941
123910238	husband.n.01	None
123910480	man.n.01	0.978
123910818	husband.n.01	None
115522583	man.n.01	0.965
115522687	man.n.01	0.909
107134982	man.n.01	0.803
107135635	man.n.01	0.875
107135878	serviceman.n.01	0.726
107135903	troop.n.01	0.922
107136460	man.n.01	0.804
107136522	man.n.01	0.907
107136611	man.n.01	0.77
107136843	person.n.01	0.999
123914359	man.n.01	0.979
123914484	man.n.01	0.791
107138706	man.n.01	0.995
123916001	man.n.01	0.869
123916035	husband.n.01	None
123916061	husband.n.01	None
123916082	husband.n.01	None
123916174	husband.n.01	None
107139055	person.n.01	0.996
107139081	man.n.01	0.975
123916614	husband.n.01	None
107139557	man.n.01	0.976
107139758	man.n.01	0.968
107140372	man.n.01	0.905
107140420	man.n.01	0.779
107140462	man.n.01	0.97
107141098	manhood.n.01	0.611
115530212	man.n.01	0.952
107141812	man.n.01	0.987
115530753	man.n.01	0.986
115531018	man.n.01	0.848
107142519	citizen.n.01	None
107143148	man.n.01	0.886
115532341	husband.n.01	None
107143822	man.n.01	0.951
123921395	man.n.01	0.815
107145219	man.n.01	0.997
107145285	manhood.n.01	0.687
115533918	man.n.01	0.948
115534181	man.n.01	0.903
107146981	man.n.01	0.883
115536986	man.n.01	0.98
107148654	statesman.n.01	None
115537581	husband.n.01	None
107148996	man.n.01	0.982
107149898	husband.n.01	None
107150005	husband.n.01	None
107150080	husband.n.01	None
107150556	man.n.01	0.81
107150568	man.n.06	0.647
107150569	husband.n.01	None
107150600	husband.n.01	None
107150641	husband.n.01	None
107151376	man.n.01	0.932
107151649	man.n.01	0.976
107151752	man.n.01	0.985
107151917	manhood.n.01	0.773
123930209	man.n.01	0.814
115541725	man.n.01	0.987
107153391	man.n.01	0.983
123930670	man.n.03	0.572
123930697	man.n.01	0.974
107153676	man.n.01	0.967
107154123	man.n.01	0.954
123931375	warrior.n.01	None
107154211	man.n.01	0.846
107154319	man.n.01	0.934
107154647	man.n.01	0.93
123932273	man.n.01	0.984
107155206	man.n.01	0.987
107155248	man.n.01	0.885
115543936	man.n.03	0.532
107155906	man.n.01	0.963
115544622	man.n.01	0.814
107156025	man.n.01	0.991
107156089	man.n.01	0.967
123933353	man.n.03	0.42
123933398	man.n.01	0.843
123933421	husband.n.01	None
115544875	man.n.01	0.993
123933487	serviceman.n.01	0.873
123933656	man.n.01	0.671
123933671	serviceman.n.01	0.698
115545097	man.n.01	0.997
123933772	serviceman.n.01	0.955
115545307	man.n.01	0.989
115545388	man.n.01	0.995
123934116	man.n.01	0.951
107156917	man.n.01	0.777
123934204	serviceman.n.01	0.498
107157039	citizen.n.01	None
123934322	warrior.n.01	None
115545773	man.n.01	0.984
123934444	man.n.01	0.814
123934459	man.n.01	0.49
115546188	man.n.01	0.996
115546199	man.n.01	0.939
115546271	husband.n.01	None
115546353	man.n.01	0.971
123935186	man.n.01	0.839
123935923	man.n.01	0.989
107159008	man.n.01	0.653
107159334	man.n.01	0.981
123936610	warrior.n.01	None
107159602	man.n.01	0.912
123936917	man.n.01	0.891
107160149	man.n.01	0.994
107160255	ambassador.n.01	0.929
107160566	man.n.01	0.97
123937798	man.n.01	0.627
123937872	man.n.01	0.844
115549325	young_buck.n.01	0.872
123937948	warrior.n.01	None
107161011	man.n.01	0.98
107161069	person.n.01	1.0
115549749	man.n.01	0.973
107161188	man.n.01	0.909
115549814	chap.n.01	0.977
107161278	person.n.01	0.999
123938564	man.n.01	0.965
107161678	kinsman.n.01	None
107161689	man.n.01	0.966
107161792	man.n.01	0.972
107161800	husband.n.01	None
123939059	man.n.01	0.996
123939187	man.n.01	0.982
107162368	man.n.01	0.966
107162533	man.n.01	0.874
107162545	husband.n.01	None
123939795	hero.n.01	0.915
107162647	father.n.01	0.997
107162706	man.n.01	0.899
123939973	man.n.03	0.413
107162823	man.n.01	0.873
123940236	man.n.01	0.977
107163118	man.n.01	0.967
107163954	man.n.03	0.467
107164151	man.n.01	0.959
107164389	man.n.01	0.975
107164537	man.n.01	0.928
107164858	man.n.01	0.788
107165047	person.n.01	0.999
107165293	man.n.01	0.971
123942556	man.n.01	0.661
123942667	man.n.01	0.918
123942806	man.n.01	0.73
123943406	man.n.01	0.957
123943432	husband.n.01	None
123943557	man.n.01	0.971
123943577	man.n.01	0.963
123943790	man.n.01	0.972
107166606	husband.n.01	None
107166758	man.n.01	0.915
107166765	man.n.01	0.904
107166846	man.n.01	0.931
115556129	woman.n.01	0.986
123944795	man.n.01	0.988
107167708	man.n.01	0.972
123945014	husband.n.01	None
123945235	man.n.01	0.911
107168067	man.n.01	0.972
107168579	person.n.01	0.999
115557233	man.n.01	0.659
115557331	warrior.n.01	None
107168874	man.n.01	0.84
123946329	spouse.n.01	None
123946604	man.n.01	0.967
123946608	man.n.01	0.979
123946673	man.n.01	0.802
123946710	man.n.01	0.85
123946789	man.n.03	0.321
123946933	man.n.01	0.635
107170008	servant.n.01	0.998
115558667	benefactor.n.01	None
107170343	man.n.01	0.986
123947625	man.n.01	0.981
115559360	man.n.01	0.84
107170967	citizen.n.01	None
123948230	man.n.01	0.828
107171154	man.n.01	0.822
115560101	serviceman.n.01	0.535
107171608	man.n.01	0.986
107172041	man.n.01	0.957
107172410	consul.n.01	None
123949739	man.n.01	0.989
123950259	man.n.01	0.969
123950266	man.n.01	0.969
115561687	serviceman.n.01	0.59
115561693	man.n.01	0.993
123950315	man.n.01	0.839
115561857	homo.n.02	0.344
123950472	young_buck.n.01	0.984
115561933	man.n.01	0.913
123950607	man.n.01	0.495
107173482	man.n.01	0.963
107173521	man.n.01	0.971
107173714	man.n.01	0.848
123951517	warrior.n.01	None
107174473	man.n.01	0.967
123951712	man.n.01	0.966
123951737	champion.n.02	0.33
123951778	man.n.01	0.653
107175086	man.n.01	0.95
107175179	man.n.01	0.605
107175283	man.n.01	0.966
123952798	man.n.01	0.811
107175690	man.n.01	0.972
107175800	man.n.01	0.973
107176518	man.n.01	0.978
123953747	man.n.01	0.993
107176560	man.n.01	0.993
107176621	man.n.01	0.991
107177181	man.n.01	0.849
123954436	man.n.01	0.837
123954508	man.n.01	0.817
123954588	man.n.01	0.897
123954603	man.n.01	0.855
123954779	enemy.n.02	0.936
107177915	man.n.01	0.685
107177937	man.n.01	0.995
107178366	man.n.01	0.872
107178373	man.n.01	0.967
123955653	man.n.01	0.978
107178613	serviceman.n.01	0.726
123956002	man.n.01	0.988
123956462	man.n.01	0.99
123956717	husband.n.01	None
115568245	man.n.01	0.978
123956961	man.n.01	0.942
107179959	man.n.01	0.99
115568616	man.n.01	0.981
115568699	man.n.01	0.857
107180116	man.n.01	0.977
123957538	hero.n.01	0.633
123957591	son.n.01	0.984
123957706	man.n.01	0.869
115569122	man.n.01	0.964
115569304	man.n.01	0.987
107180723	man.n.01	0.654
115569471	man.n.01	0.988
115569613	man.n.01	0.896
123958241	serviceman.n.01	0.621
123958266	man.n.01	0.65
123958611	man.n.01	0.949
123958885	champion.n.01	0.392
115570493	man.n.01	0.972
115570572	man.n.01	0.784
123959240	man.n.01	0.925
107182586	man.n.01	0.917
107182688	man.n.01	0.931
107182850	man.n.01	0.904
107182919	man.n.01	0.966
115571548	man.n.01	0.99
123960154	man.n.01	0.967
107183135	serviceman.n.01	0.561
107183465	man.n.01	0.947
123960749	man.n.01	0.963
107184051	man.n.01	0.855
123961279	man.n.01	0.71
123961409	man.n.01	0.443
123961425	man.n.01	0.516
115573192	man.n.01	0.934
115573201	person.n.01	0.983
107184603	person.n.01	0.999
115573320	serviceman.n.01	0.853
115573683	man.n.01	0.805
115573892	man.n.01	0.676
115574092	soldier.n.01	0.998
115574185	serviceman.n.01	0.556
115574221	man.n.01	0.921
123962836	man.n.01	0.762
115574744	man.n.01	0.931
115575246	man.n.01	0.983
115575546	man.n.01	0.977
115575578	man.n.01	0.953
115575645	man.n.01	0.889
123964834	husband.n.01	None
107187722	man.n.01	0.617
115576595	man.n.01	0.99
123965225	husband.n.01	None
115576974	man.n.01	0.841
115577705	man.n.01	0.894
107189188	man.n.01	0.968
123966630	man.n.01	0.861
115578297	husband.n.01	None
123967292	man.n.01	0.984
123967446	man.n.01	0.831
123967483	fisherman.n.01	None
107190420	person.n.01	0.999
107190517	man.n.01	0.711
107190864	person.n.01	1.0
123968361	man.n.01	0.96
107191258	man.n.01	0.949
115580266	detachment.n.04	0.991
123969078	hero.n.01	0.942
123969323	man.n.01	0.914
123969349	man.n.01	0.975
123969352	man.n.01	0.975
107193049	woman.n.01	0.952
107193151	husband.n.01	None
123970450	hero.n.01	0.8
115581915	man.n.01	0.98
115581958	man.n.01	0.977
123970879	man.n.03	0.466
123970880	man.n.03	0.441
107194243	legionnaire.n.02	None
115582975	man.n.01	0.99
115582980	man.n.01	0.99
115583302	man.n.01	0.989
107194754	serviceman.n.01	0.836
107194774	serviceman.n.01	0.476
115583491	man.n.01	0.79
123972763	man.n.01	0.911
107196264	man.n.01	0.989
123973540	man.n.01	0.373
123973773	soldier.n.01	1.0
123973816	son.n.01	1.0
123974032	man.n.01	0.852
123974357	serviceman.n.01	0.676
123974499	hero.n.01	0.699
107197645	serviceman.n.01	0.526
123974925	man.n.01	0.65
107198082	man.n.01	0.976
107198187	man.n.01	0.715
123975414	husband.n.01	None
107198244	serviceman.n.01	0.827
123975476	husband.n.01	None
123975495	husband.n.01	None
123975540	hero.n.01	0.73
123975802	hero.n.01	0.834
107198768	person.n.01	0.913
123976027	man.n.03	0.325
123976266	bodyguard.n.01	0.586
123976510	hero.n.01	0.647
123976720	man.n.01	0.481
123976839	man.n.01	0.911
115588414	man.n.01	0.99
107200657	man.n.01	0.505
107200943	man.n.01	0.921
107201066	man.n.01	0.994
123978292	husband.n.01	None
123978308	man.n.01	0.99
123978912	hero.n.01	0.887
115590376	man.n.01	0.995
115590858	man.n.01	0.99
123979628	man.n.01	0.416
107202503	man.n.01	0.734
123979937	homo.n.02	None
107202917	man.n.01	0.798
107202918	man.n.01	0.766
115591641	man.n.01	0.693
123980393	husband.n.01	None
107203344	serviceman.n.01	0.898
123980941	herder.n.02	None
123981603	man.n.01	0.972
107204400	man.n.01	0.971
123981654	man.n.01	0.99
115593153	man.n.01	0.943
123981811	victim.n.01	0.883
123981876	man.n.01	0.986
115593442	man.n.01	0.988
107204909	man.n.01	0.993
107204921	person.n.01	0.999
123982332	man.n.01	0.996
123982409	man.n.01	0.798
115593997	serviceman.n.01	0.759
123982649	man.n.01	0.835
107205550	serviceman.n.01	0.724
123983062	man.n.01	0.981
123983171	man.n.01	0.875
123983174	man.n.01	0.916
123983229	serviceman.n.01	0.555
123983434	man.n.01	0.888
115594944	man.n.01	0.989
123983616	serviceman.n.01	0.732
107206460	man.n.01	0.927
115595078	man.n.01	0.995
115595100	man.n.01	0.992
123983793	serviceman.n.01	0.77
123984078	serviceman.n.01	0.741
115595808	man.n.01	0.995
123984457	hero.n.01	0.859
123984501	serviceman.n.01	0.887
123984593	hero.n.01	0.764
115596215	man.n.01	0.969
115596466	man.n.01	0.904
123985161	man.n.01	0.85
107207987	man.n.01	0.989
115596683	man.n.01	0.994
115596686	man.n.01	0.994
123985393	man.n.01	0.762
123985435	man.n.01	0.661
123985743	man.n.01	0.605
115597442	man.n.01	0.986
115597456	man.n.01	0.972
115597541	husband.n.01	None
115597564	husband.n.01	None
107208981	man.n.03	0.749
123986569	man.n.01	0.551
107209626	man.n.03	0.484
123986874	warrior.n.01	None
123987141	man.n.01	0.887
123987171	young_buck.n.01	0.994
107210354	man.n.01	0.969
107210474	man.n.01	0.973
123987689	serviceman.n.01	0.669
115599130	man.n.01	0.975
107210839	man.n.01	0.952
107210928	man.n.01	0.958
123988140	man.n.01	0.981
123988271	man.n.01	0.972
107211502	man.n.01	0.986
123988815	husband.n.01	None
123988901	husband.n.01	None
107211772	man.n.01	0.489
107211871	man.n.01	0.961
107212788	serviceman.n.01	0.944
115601441	man.n.01	0.993
123990535	husband.n.01	None
115602124	husband.n.01	None
115602153	husband.n.01	None
123991104	man.n.01	0.963
123991178	man.n.01	0.785
123991192	hero.n.01	0.725
123991487	man.n.01	0.591
123991527	man.n.01	0.966
107214374	man.n.01	0.939
107214442	man.n.01	0.938
123991697	husband.n.01	None
123991772	husband.n.01	None
123992030	man.n.01	0.97
123992165	husband.n.01	None
123992190	man.n.01	0.843
123992497	man.n.01	0.853
123992627	husband.n.01	None
115604401	man.n.01	0.991
115604571	man.n.01	0.96
107216570	man.n.01	0.95
107216715	man.n.01	0.948
123994297	man.n.01	0.983
107217160	man.n.01	0.87
123994383	husband.n.01	None
115606284	man.n.01	0.993
123995516	man.n.01	0.626
123995527	man.n.01	0.817
123995546	man.n.01	0.826
115607682	man.n.01	0.73
115607788	man.n.01	0.991
115607972	citizen.n.01	None
123997376	man.n.01	0.679
107220178	man.n.01	0.97
115609309	warrior.n.01	None
107220826	person.n.01	0.999
107221145	plebeian.n.01	None
107221193	man.n.01	0.954
123998621	hero.n.01	0.707
115610086	man.n.01	0.977
123998747	world.n.08	None
107221688	man.n.01	0.825
107222212	man.n.01	0.777
115611008	member.n.01	0.988
115611048	man.n.01	0.942
107222490	man.n.01	0.82
107223119	man.n.01	0.899
115611846	man.n.01	0.992
115612130	man.n.01	0.875
115612296	man.n.01	0.984
115612445	man.n.01	0.926
107223861	ambassador.n.01	0.955
107223916	man.n.01	0.991
107224616	man.n.01	0.977
107224795	serviceman.n.01	0.85
107225149	man.n.01	0.915
115614606	man.n.01	0.991
107226259	man.n.01	0.952
107227616	person.n.01	0.999
115616238	man.n.01	0.956
115616975	crew.n.01	0.918
107228886	man.n.01	0.969
115617513	man.n.01	0.991
115617877	man.n.01	0.981
107229832	man.n.01	0.979
107230601	man.n.01	0.807
115619258	manhood.n.01	0.719
115619686	man.n.03	0.652
115619690	man.n.01	0.438
107231195	serviceman.n.01	0.53
115620645	stranger.n.01	0.755
107232672	man.n.01	0.959
107233270	man.n.01	0.844
107233766	man.n.01	0.948
107234079	man.n.01	0.96
107234419	man.n.01	0.978
107234474	person.n.01	0.999
107234509	man.n.01	0.893
107234617	man.n.01	0.942
107234729	man.n.01	0.846
115623628	man.n.01	0.606
115624168	man.n.01	0.989
107235607	man.n.01	0.922
107236618	man.n.01	0.857
107237185	man.n.01	0.891
115626082	inhabitant.n.01	None
115626475	man.n.01	0.898
115626857	man.n.01	0.92
107238880	man.n.01	0.965
115627753	man.n.01	0.959
107240316	young.n.09	0.812
115629331	husband.n.01	None
115629459	man.n.01	0.986
107241013	man.n.01	0.984
107241226	man.n.01	0.889
107241237	man.n.01	0.942
115629874	husband.n.01	None
107241280	man.n.01	0.757
107241332	aristocrat.n.01	0.931
115630356	husband.n.01	None
107242360	man.n.01	0.956
115631152	man.n.01	0.983
115631239	man.n.01	0.994
107243227	man.n.01	0.839
107243327	man.n.01	0.965
107243356	friend.n.01	0.883
107243382	man.n.01	0.906
107243440	man.n.01	0.94
107243475	man.n.01	0.954
107243578	man.n.01	0.905
107243838	man.n.01	0.958
107243970	man.n.01	0.958
115632762	man.n.01	0.916
115633028	man.n.01	0.595
107244885	man.n.01	0.955
107245049	man.n.01	0.883
107245135	man.n.01	0.922
107245201	citizen.n.01	None
115633885	kinsman.n.01	None
115633922	man.n.01	0.474
115633923	man.n.01	0.491
107245936	man.n.01	0.995
115634914	serviceman.n.01	0.673
115635109	son.n.01	1.0
115635797	man.n.01	0.975
107247431	man.n.01	0.993
107247513	man.n.01	0.608
107247529	man.n.01	0.968
107247974	man.n.01	0.623
107248002	person.n.01	0.999
115636680	serviceman.n.01	0.9
107248130	man.n.01	0.982
115637002	woman.n.01	0.981
115637219	hunter.n.01	0.965
115637238	countryman.n.01	0.977
107249080	man.n.01	0.931
107249286	man.n.01	0.986
115638102	man.n.01	0.952
107250042	consul.n.01	None
107250118	serviceman.n.01	0.519
115638820	man.n.01	0.925
107250488	man.n.01	0.84
115639140	man.n.01	0.51
115639332	man.n.01	0.98
107250778	man.n.01	0.958
115639714	man.n.01	0.504
107251193	man.n.01	0.766
107251271	man.n.06	0.49
107251935	man.n.01	0.954
115641118	deserter.n.02	0.711
115641248	enemy.n.02	0.617
107253073	man.n.01	0.811
107253237	man.n.01	0.914
115641954	man.n.01	0.973
107253358	man.n.01	0.936
115642204	husband.n.01	None
115642218	husband.n.01	None
115642496	man.n.01	0.981
115642599	man.n.01	0.704
115642775	man.n.01	0.878
115643332	man.n.01	0.589
115644347	kinsman.n.01	None
107255837	man.n.01	0.96
107255894	emissary.n.01	0.709
107256426	man.n.01	0.868
115645200	man.n.01	0.498
107256655	man.n.01	0.936
115645285	man.n.01	0.766
115645996	man.n.01	0.982
115646571	man.n.01	0.959
107257976	man.n.01	0.861
107258087	man.n.01	0.925
107258190	man.n.01	0.915
107258594	man.n.01	0.879
115647447	man.n.01	0.958
115647825	man.n.01	0.972
107259948	man.n.01	0.948
107260496	husband.n.01	None
115649338	person.n.01	0.958
115649747	artist.n.01	None
107261196	man.n.01	0.966
107261203	man.n.01	0.966
107261336	emissary.n.01	0.662
115650151	enemy.n.02	None
107261843	man.n.01	0.926
107262005	man.n.01	0.97
107262289	man.n.01	0.929
107262322	husband.n.01	None
107262695	man.n.01	0.88
107262798	husband.n.01	None
107262811	husband.n.01	None
107262835	manhood.n.01	0.729
107263104	husband.n.01	None
107263471	man.n.01	0.983
115652295	man.n.01	0.978
115652331	man.n.01	0.994
115652351	man.n.01	0.993
107263746	man.n.01	0.75
107263767	man.n.01	0.966
107264253	husband.n.01	None
107264544	husband.n.01	None
115653960	man.n.01	0.98
107265788	man.n.01	0.966
115654418	man.n.01	0.98
107265811	man.n.01	0.966
115654622	husband.n.01	None
115654647	husband.n.01	None
115654884	man.n.01	0.996
107266289	manhood.n.01	0.637
115654903	man.n.01	0.91
115654960	man.n.01	0.926
107266363	manhood.n.01	0.609
107266472	man.n.01	0.969
115655430	man.n.01	0.837
107267270	man.n.01	0.459
115656191	man.n.01	0.993
107268810	man.n.01	0.952
107268894	man.n.01	0.589
107269569	man.n.01	0.878
107269717	man.n.01	0.963
115658423	man.n.01	0.962
107270093	man.n.01	0.76
115659038	man.n.01	0.98
107270696	man.n.01	0.549
107270821	man.n.01	0.473
115659674	man.n.01	0.987
115659740	man.n.01	0.995
107272370	people.n.01	0.629
107272554	man.n.01	0.913
107273560	man.n.01	0.986
115662568	man.n.01	0.992
107274659	man.n.01	0.967
107275091	man.n.01	0.889
115663817	person.n.01	0.973
107275378	man.n.01	0.987
107275759	man.n.01	0.901
115664380	man.n.01	0.984
107275948	man.n.01	0.956
107276039	man.n.01	0.905
107276742	man.n.01	0.973
115665825	man.n.01	0.993
107277457	man.n.01	0.96
107277478	man.n.01	0.942
115666176	man.n.01	0.997
115666317	man.n.01	0.99
115666706	man.n.01	0.989
115667130	man.n.01	0.993
115667212	man.n.01	0.994
115667326	man.n.01	0.965
115667666	soldier.n.01	0.999
115667699	soldier.n.01	0.986
107279734	man.n.01	0.874
115668679	wrestler.n.01	None
115668726	man.n.01	0.99
115669050	man.n.01	0.996
107280458	person.n.01	0.999
107280498	man.n.01	0.977
115669223	man.n.01	0.966
107280704	man.n.01	0.91
107280721	senator.n.01	None
115669467	man.n.01	0.962
107280867	man.n.01	0.789
115669552	person.n.01	0.95
115671369	sinner.n.01	None
115671416	athlete.n.01	None
107282926	person.n.01	0.999
107284132	man.n.01	0.708
107284336	man.n.01	0.802
107284463	man.n.01	0.653
107284574	man.n.01	0.99
107284634	man.n.01	0.987
115673267	man.n.01	0.966
115673909	warrior.n.01	None
115674040	man.n.01	0.968
115674411	charioteer.n.01	0.998
115674936	man.n.01	0.712
115675330	man.n.01	0.994
107286971	serviceman.n.01	0.521
115675598	man.n.01	0.986
115675781	man.n.01	0.988
115675885	man.n.01	0.976
115675979	man.n.01	0.992
107287655	serviceman.n.01	0.763
115676384	man.n.01	0.984
115676474	man.n.01	0.974
107288010	man.n.01	0.872
115676682	man.n.01	0.985
115676735	man.n.01	0.917
115676987	man.n.01	0.993
115677021	man.n.01	0.974
107288727	man.n.01	0.899
107288772	man.n.01	0.841
107289047	man.n.01	0.506
107289092	serviceman.n.01	0.794
115677814	serviceman.n.01	0.554
115677844	man.n.01	0.972
107289525	serviceman.n.01	0.912
107289546	man.n.01	0.96
107289745	serviceman.n.01	0.598
115678579	man.n.01	0.993
107290045	man.n.01	0.95
115678724	man.n.01	0.99
115678770	man.n.01	0.989
115678809	man.n.01	0.995
115678827	man.n.01	0.979
107290287	man.n.01	0.816
115678974	man.n.01	0.915
115679023	man.n.01	0.938
115679217	man.n.01	0.992
115679314	man.n.01	0.984
115679412	man.n.01	0.991
115679461	boxer.n.01	0.996
115679631	man.n.01	0.99
115679638	man.n.01	0.99
107291073	man.n.01	0.791
115679764	man.n.01	0.991
115680019	man.n.01	0.988
115680438	emissary.n.01	0.806
107292209	man.n.01	0.973
115680940	man.n.01	0.986
107292600	serviceman.n.01	0.673
115681331	man.n.01	0.993
107292773	man.n.01	0.881
115681791	man.n.01	0.988
115681876	man.n.01	0.988
115682298	man.n.01	0.972
115682884	man.n.01	0.875
115682960	man.n.01	0.984
107294472	serviceman.n.01	0.488
107294534	man.n.01	0.986
115683205	man.n.01	0.983
115683289	man.n.01	0.992
115683402	man.n.01	0.989
115683413	young_person.n.01	0.819
115683424	man.n.01	0.979
115683431	man.n.01	0.988
115683515	man.n.01	0.995
115683840	man.n.01	0.995
115683854	man.n.01	0.964
115683994	man.n.01	0.989
115684034	man.n.01	0.998
107295563	man.n.01	0.968
115684218	man.n.01	0.979
115684394	man.n.01	0.985
107295959	man.n.01	0.96
115684652	man.n.01	0.983
107296142	man.n.01	0.96
107296212	man.n.01	0.971
107296244	man.n.01	0.971
115684858	man.n.01	0.993
115685148	man.n.01	0.986
115685168	man.n.01	0.988
107296597	man.n.01	0.99
115685233	man.n.01	0.995
115685320	man.n.01	0.993
115685473	man.n.01	0.929
107297167	person.n.01	0.999
107297648	woman.n.01	0.985
107297751	man.n.01	0.955
107298289	man.n.01	0.966
107298388	man.n.01	0.906
107298992	man.n.01	0.964
115688655	man.n.01	0.965
115688899	man.n.01	0.979
107300709	man.n.01	0.936
107301235	man.n.01	0.902
107302194	man.n.01	0.889
115690979	serviceman.n.01	0.856
107302478	man.n.01	0.945
107303034	serviceman.n.01	0.624
115691968	man.n.01	0.949
115692154	man.n.01	0.995
115692526	man.n.01	0.948
107304589	serviceman.n.01	0.549
115694349	man.n.01	0.983
107306337	serviceman.n.01	0.872
115694963	man.n.01	0.846
107306473	man.n.01	0.727
107306882	man.n.01	0.881
107307155	serviceman.n.01	0.58
115696223	man.n.01	0.95
115696547	man.n.01	0.994
107308499	man.n.01	0.513
107308648	man.n.01	0.865
115697945	man.n.01	0.744
107310150	man.n.01	0.979
107310231	man.n.01	0.977
115698897	man.n.01	0.888
107310817	man.n.01	0.958
115699991	senator.n.01	None
115700034	man.n.01	0.971
115700042	man.n.01	0.971
115700373	man.n.01	0.726
107311768	person.n.01	0.999
115700440	senator.n.01	None
107312235	man.n.01	0.982
115701405	citizen.n.01	None
115701695	emissary.n.01	0.604
107313320	person.n.01	0.999
107313535	man.n.01	0.946
107313771	man.n.01	0.935
107313932	man.n.01	0.98
107314078	serviceman.n.01	0.837
107314432	person.n.01	0.999
107315003	man.n.01	0.689
115703719	man.n.01	0.684
107315259	serviceman.n.01	0.526
107315607	man.n.01	0.962
107315857	man.n.01	0.841
107316267	man.n.01	0.927
107316365	man.n.01	0.571
107316866	serviceman.n.01	0.591
115705639	man.n.01	0.68
115705805	man.n.01	0.965
107317524	man.n.01	0.753
115706215	husband.n.01	None
107317792	man.n.01	0.696
107317812	priest.n.01	0.875
115706876	ally.n.01	0.515
115706930	man.n.01	0.987
107318334	man.n.01	0.917
115706946	man.n.01	0.932
107318606	serviceman.n.01	0.509
107318831	man.n.01	0.843
107318923	man.n.01	0.943
107319444	man.n.01	0.983
115708522	man.n.01	0.981
107320196	man.n.01	0.972
115709115	man.n.01	0.8
115709602	man.n.01	0.989
107321047	man.n.01	0.912
115709776	man.n.01	0.983
115709914	man.n.01	0.985
107321350	man.n.01	0.954
107321366	man.n.01	0.968
115710679	petitioner.n.01	None
107322749	man.n.01	0.911
115711547	man.n.01	0.932
107322955	man.n.01	0.985
115712229	man.n.01	0.992
115712293	man.n.01	0.972
107323972	man.n.01	0.927
115712868	man.n.01	0.995
107324339	man.n.01	0.953
107324555	man.n.01	0.946
115713636	man.n.01	0.984
107325147	man.n.01	0.964
107325186	man.n.01	0.967
107325210	man.n.01	0.989
115713874	man.n.01	0.982
115713924	man.n.01	0.995
115713946	man.n.01	0.869
115713964	man.n.01	0.988
115713978	woman.n.01	0.948
107325477	man.n.01	0.507
107325893	serviceman.n.01	0.846
115714512	man.n.01	0.983
107326030	serviceman.n.01	0.493
107326355	serviceman.n.01	0.9
107326381	serviceman.n.01	0.741
107326416	serviceman.n.01	0.952
107326498	man.n.01	0.983
107326602	man.n.01	0.961
115715361	serviceman.n.01	0.687
107326959	man.n.01	0.874
107327128	veteran.n.02	0.531
107327211	man.n.01	0.957
107327225	man.n.01	0.808
107328219	man.n.01	0.923
115717026	man.n.01	0.981
107328548	man.n.01	0.941
107328569	serviceman.n.01	0.797
115717987	man.n.01	0.903
107329820	man.n.01	0.942
107330136	person.n.01	0.999
107330193	man.n.01	0.959
115719109	horseman.n.01	0.975
107330749	man.n.01	0.957
115719608	overseer.n.01	None
107331101	man.n.01	0.959
107331136	man.n.01	0.966
115719894	man.n.01	0.966
124705630	man.n.01	0.949
115720534	man.n.01	0.978
115720554	man.n.01	0.973
107332346	man.n.01	0.775
107332360	man.n.01	0.775
107332828	man.n.01	0.955
115721723	man.n.01	0.986
115721855	man.n.01	0.788
107333327	man.n.01	0.975
107333437	man.n.01	0.986
107333827	man.n.01	0.93
115723445	person.n.01	1.0
107335297	man.n.01	0.896
115724902	man.n.01	0.946
107336413	man.n.01	0.96
115725039	man.n.01	0.991
107336981	man.n.01	0.992
107337304	man.n.01	0.864
115726384	hunter.n.01	0.999
124706961	man.n.01	0.964
107338784	man.n.01	0.894
115727706	man.n.01	0.984
107339621	man.n.01	0.977
107340399	man.n.01	0.902
107340601	man.n.01	0.924
107340674	serviceman.n.01	0.57
107340725	man.n.01	0.937
107340858	man.n.01	0.502
107340986	serviceman.n.01	0.529
107340999	man.n.01	0.835
107341246	serviceman.n.01	0.569
107341313	man.n.01	0.698
107341534	man.n.01	0.966
107341553	man.n.01	0.958
107341702	serviceman.n.01	0.886
107341749	man.n.01	0.504
107342076	man.n.01	0.947
107342211	man.n.01	0.987
107342665	man.n.01	0.977
115731346	man.n.01	0.934
107342850	husband.n.01	None
115732025	man.n.01	0.992
115732208	man.n.01	0.994
107343675	man.n.01	0.912
107343979	man.n.01	0.986
107344242	man.n.01	0.99
115732994	man.n.01	0.998
115733139	person.n.01	0.999
107344685	man.n.01	0.939
107345018	man.n.01	0.905
107345391	man.n.01	0.985
107345527	serviceman.n.01	0.775
107345557	man.n.01	0.956
107345578	man.n.01	0.888
107345633	serviceman.n.01	0.521
107346876	man.n.01	0.734
107349261	man.n.01	0.934
107349535	citizen.n.01	None
115738843	man.n.01	0.979
107350507	man.n.01	0.867
115739225	man.n.01	0.779
107350739	man.n.01	0.976
115739447	man.n.01	0.961
107350969	ex-husband.n.01	0.561
107352110	man.n.01	0.965
107352498	man.n.01	0.988
107352698	man.n.01	0.958
107353120	man.n.01	0.898
107353217	man.n.01	0.961
115742351	man.n.01	0.785
115742426	man.n.01	0.983
107353823	man.n.01	0.959
115742439	man.n.01	0.923
107353840	man.n.01	0.805
107353863	man.n.01	0.846
115742745	man.n.01	0.988
124710146	man.n.01	0.943
107354375	man.n.01	0.971
107354535	man.n.01	0.418
115743406	man.n.01	0.983
115743493	man.n.01	0.641
115743824	man.n.01	0.968
115744147	man.n.01	0.678
107355739	man.n.01	0.64
115744395	man.n.01	0.596
107355978	man.n.01	0.968
107356347	man.n.01	0.508
107357087	man.n.01	0.985
115745990	man.n.01	0.99
107357530	man.n.01	0.861
115746442	man.n.01	0.997
107358212	man.n.01	0.851
107358487	man.n.01	0.986
107358517	manhood.n.01	0.667
107359236	man.n.01	0.979
115748196	man.n.01	0.977
107359726	man.n.01	0.913
107359992	man.n.01	0.848
115749143	man.n.01	0.868
107360962	man.n.01	0.961
107361022	serviceman.n.01	0.658
107361047	man.n.01	0.731
107361092	man.n.01	0.945
107361334	serviceman.n.01	0.899
107361358	man.n.01	0.941
107361440	enemy.n.02	0.85
107362062	man.n.01	0.986
115750779	man.n.01	0.761
107363102	man.n.01	0.983
115752227	man.n.01	0.993
107363830	serviceman.n.01	0.541
115752990	serviceman.n.01	0.843
115753281	man.n.01	0.905
107365020	man.n.01	0.974
107365029	man.n.01	0.965
115753729	man.n.01	0.975
107365197	man.n.01	0.804
107365225	man.n.01	0.804
115754153	prisoner.n.01	None
107366143	serviceman.n.01	0.727
107366162	man.n.01	0.965
107366611	man.n.01	0.583
107366873	ruler.n.01	1.0
115756073	man.n.01	0.981
115756469	archer.n.01	0.999
107367881	serviceman.n.01	0.689
107368083	man.n.01	0.958
107368444	man.n.01	0.935
107368561	man.n.01	0.869
107368751	man.n.01	0.796
115757564	man.n.01	0.879
107369069	man.n.01	0.915
107369321	man.n.01	0.845
115758622	inhabitant.n.01	None
115758882	man.n.01	0.651
107370275	man.n.01	0.941
107370908	man.n.01	0.954
107371000	man.n.01	0.867
107371019	man.n.01	0.901
107371089	man.n.01	0.932
115761314	husband.n.01	None
115761323	husband.n.01	None
115761338	serviceman.n.01	0.879
107372853	man.n.01	0.957
107372911	man.n.01	0.985
107373176	man.n.01	0.991
107373201	husband.n.01	None
115762095	man.n.01	0.875
115762652	person.n.01	1.0
107374127	man.n.01	0.982
107374201	man.n.01	0.952
107374326	man.n.01	0.972
107374571	serviceman.n.01	0.878
115763454	man.n.01	0.997
107374883	man.n.01	0.989
107375044	husband.n.01	None
107375508	man.n.01	0.972
115765373	man.n.01	0.94
115765617	man.n.01	0.974
115766305	man.n.01	0.734
115766604	man.n.01	0.981
115767017	man.n.01	0.844
115767121	diviner.n.01	None
115767501	man.n.01	0.907
115768509	man.n.01	0.566
115768810	husband.n.01	None
115769579	serviceman.n.01	0.79
115770377	man.n.01	0.973
115771346	man.n.01	0.887
115772124	sheepherder.n.01	0.993
115773004	man.n.01	0.991
115773023	man.n.01	0.992
115774357	man.n.01	0.987
115775868	husband.n.01	None
115775885	husband.n.01	None
115777230	man.n.01	0.989
115777273	man.n.01	0.993
115778015	man.n.01	0.991
115779118	man.n.01	0.942
115781911	rider.n.01	0.997
115783643	man.n.01	0.934
115783999	man.n.01	0.918
115784576	carrier.n.01	0.875
115785141	man.n.01	0.827
115785298	lookout.n.01	0.989
115785639	sage.n.01	0.999
115786505	man.n.01	0.996
115786882	son.n.01	1.0
115788313	man.n.01	0.988
115788447	man.n.01	0.984
115788465	man.n.01	0.973
115788773	man.n.01	0.993
115789221	husband.n.01	None
115789512	man.n.01	0.922
115791590	man.n.01	0.89
115792507	man.n.01	0.989
115792564	man.n.01	0.956
115793986	man.n.01	0.742
115793992	man.n.01	0.742
115795690	man.n.01	0.969
115797421	person.n.01	1.0
115797833	man.n.01	0.99
115800111	man.n.01	0.801
115801263	man.n.01	0.924
115801496	man.n.01	0.976
115802045	man.n.01	0.582
115804892	man.n.01	0.98
115806708	husband.n.01	None
115809251	husband.n.01	None
115809723	man.n.01	0.935
115810698	husband.n.01	None
115812011	husband.n.01	None
115812035	husband.n.01	None
115812238	husband.n.01	None
115812249	husband.n.01	None
115812686	husband.n.01	None
107424112	man.n.01	0.984
107424356	man.n.01	0.955
107424856	man.n.01	0.942
107424867	man.n.01	0.905
107424931	writer.n.01	0.939
115813551	man.n.01	0.982
107426149	man.n.01	0.78
107426198	man.n.01	0.838
107426236	man.n.01	0.792
107426331	man.n.01	0.819
107426369	man.n.01	0.871
107426410	man.n.01	0.919
107426451	man.n.01	0.848
115816435	husband.n.01	None
115816481	man.n.01	0.641
107427912	man.n.01	0.92
107427948	man.n.01	0.945
115816604	husband.n.01	None
115816665	husband.n.01	None
115816686	husband.n.01	None
107428085	man.n.01	0.917
107428345	man.n.01	0.721
107428661	man.n.01	0.619
107429550	man.n.01	0.919
107429910	man.n.01	0.762
115818639	man.n.01	0.941
115818822	man.n.01	0.996
107430475	man.n.01	0.865
107430811	gentleman.n.01	0.941
107430876	gentleman.n.01	0.969
107430990	gentleman.n.01	0.954
107431110	gentleman.n.01	0.962
107431140	gentleman.n.01	0.982
107431155	gentleman.n.01	0.978
107431209	gentleman.n.01	0.94
107431307	gentleman.n.01	0.891
115819980	man.n.01	0.873
107431513	gentleman.n.01	0.944
107431664	man.n.01	0.894
115820564	man.n.01	0.964
107432252	gentleman.n.01	0.95
107432269	gentleman.n.01	0.984
107432289	gentleman.n.01	0.968
107432303	gentleman.n.01	0.987
107432331	gentleman.n.01	0.978
107432345	gentleman.n.01	0.945
107432368	gentleman.n.01	0.968
107432380	gentleman.n.01	0.964
107432400	gentleman.n.01	0.979
107432457	gentleman.n.01	0.969
107432484	gentleman.n.01	0.944
107432499	gentleman.n.01	0.954
107432524	gentleman.n.01	0.977
107432536	gentleman.n.01	0.947
107432562	gentleman.n.01	0.989
107432837	gentleman.n.01	0.967
107432972	gentleman.n.01	0.992
115824797	man.n.01	0.928
115826221	man.n.01	0.997
115826547	man.n.01	0.975
115828260	husband.n.01	None
115832302	man.n.01	0.803
115833007	husband.n.01	None
115835026	man.n.01	0.965
115838690	man.n.01	0.94
115843023	husband.n.01	None
115843054	husband.n.01	None
115843177	man.n.01	0.904
115843314	husband.n.01	None
107455360	man.n.01	0.865
115845245	person.n.01	0.994
115845288	man.n.01	0.903
115845455	man.n.01	0.899
107457448	writer.n.01	0.992
115846553	man.n.01	0.981
115846761	man.n.01	0.811
107458585	worthy.n.01	None
107458852	man.n.01	0.954
115847634	man.n.01	0.88
107459103	man.n.01	0.673
115848225	man.n.01	0.981
115849113	man.n.01	0.995
107460750	writer.n.01	0.925
115850334	man.n.01	0.976
115850766	man.n.01	0.97
115852088	man.n.01	0.901
115852409	man.n.01	0.982
115853931	man.n.01	0.987
115855686	man.n.01	0.992
107468083	writer.n.01	0.987
107468231	man.n.01	0.878
107468414	writer.n.01	0.935
115857127	husband.n.01	None
107468563	man.n.01	0.712
107468601	man.n.01	0.928
107468689	man.n.01	0.759
115857595	husband.n.01	None
115857646	husband.n.01	None
107469193	man.n.01	0.875
115860358	man.n.01	0.88
115861512	man.n.01	0.798
107474065	man.n.01	0.914
115862701	serviceman.n.01	0.858
115862727	man.n.01	0.924
115864642	man.n.01	0.674
107476959	man.n.01	0.927
107476993	man.n.01	0.861
107477193	man.n.01	0.904
115866292	man.n.01	0.825
115866454	man.n.01	0.945
115867234	man.n.01	0.997
115867301	husband.n.01	None
115867313	husband.n.01	None
115867762	husband.n.01	None
115867780	husband.n.01	None
115868148	man.n.01	0.578
115869077	serviceman.n.01	0.559
115869260	man.n.01	0.957
115869888	man.n.01	0.945
115870688	serviceman.n.01	0.642
115870795	man.n.01	0.512
115872045	man.n.01	0.949
115872072	man.n.01	0.934
115872302	man.n.01	0.76
115872630	man.n.01	0.843
115873208	husband.n.01	None
115873511	husband.n.01	None
115873551	husband.n.01	None
115873566	husband.n.01	None
115873588	husband.n.01	None
115873599	husband.n.01	None
115874073	husband.n.01	None
115874409	man.n.01	0.89
115875137	man.n.01	0.954
115875176	man.n.01	0.942
115876448	husband.n.01	None
115877752	man.n.01	0.973
115879722	man.n.01	0.995
107493212	man.n.01	0.951
107493733	man.n.01	0.934
107493841	writer.n.01	0.981
107493893	writer.n.01	0.889
107493925	man.n.01	0.941
107494027	man.n.01	0.792
107494784	patriot.n.01	None
107496317	speaker.n.01	0.958
107496620	man.n.01	0.845
115886366	man.n.01	0.97
115888283	man.n.01	0.92
115888392	man.n.01	0.917
115888654	husband.n.01	None
115890599	man.n.01	0.909
115891207	man.n.01	0.926
115892082	man.n.01	0.964
115892875	man.n.01	0.983
115893061	man.n.01	0.912
115893264	husband.n.01	None
115893314	husband.n.01	None
115893452	husband.n.01	None
115893523	man.n.01	0.971
115893590	husband.n.01	None
115894404	serviceman.n.01	0.888
115897894	man.n.01	0.966
115898390	man.n.01	0.808
115899594	man.n.01	0.966
115899823	man.n.01	0.958
115899923	man.n.01	0.968
115900181	man.n.01	0.933
115900195	man.n.01	0.981
115900924	man.n.01	0.989
115901066	man.n.01	0.993
115901792	man.n.01	0.992
115901935	man.n.01	0.996
115904390	husband.n.01	None
115905096	husband.n.01	None
115905160	man.n.01	0.989
115905216	man.n.01	0.995
115905422	husband.n.01	None
115905958	man.n.01	0.911
115907971	man.n.01	0.98
115911176	man.n.01	0.796
115911684	man.n.01	0.961
115912035	man.n.01	0.994
107523769	man.n.01	0.713
107523985	people.n.01	0.735
115913003	man.n.01	0.933
115913297	man.n.01	0.961
115913815	man.n.01	0.942
115913898	man.n.01	0.898
115913944	man.n.01	0.98
107525604	man.n.01	0.975
124303347	lord.n.03	None
115915582	man.n.01	0.721
107528102	man.n.01	0.955
115917822	man.n.01	0.946
124306517	prisoner.n.01	0.994
107529581	man.n.01	0.926
124307095	army.n.01	0.983
107530501	man.n.01	0.839
124308925	serviceman.n.01	0.88
107534420	world.n.08	None
107534492	world.n.08	None
124312892	man.n.01	0.961
124314411	serviceman.n.01	0.543
124314419	serviceman.n.01	0.543
124314921	serviceman.n.01	0.905
124315413	man.n.01	0.963
107540631	man.n.01	0.779
107540681	man.n.01	0.88
124317947	prisoner.n.01	None
124318967	man.n.01	0.981
124320324	man.n.01	0.956
115931898	man.n.01	0.987
115932052	man.n.01	0.886
115932090	husband.n.01	None
115932182	husband.n.01	None
115932403	husband.n.01	None
124321717	man.n.01	0.973
115933388	man.n.01	0.723
124322999	legion.n.03	0.895
107546784	man.n.01	0.95
124324307	husband.n.01	None
124324605	serviceman.n.01	0.571
107548187	man.n.01	0.958
124326346	man.n.01	0.966
107550406	man.n.01	0.993
115942505	husband.n.01	None
115944875	man.n.01	0.963
115945277	man.n.01	0.972
115946848	man.n.01	0.984
115946930	man.n.01	0.928
115947108	man.n.01	0.577
115947366	husband.n.01	None
115947433	man.n.01	0.987
115947940	husband.n.01	None
115949320	man.n.01	0.938
115952528	man.n.01	0.982
107567457	man.n.01	0.781
107568900	man.n.01	0.939
115962262	man.n.01	0.951
115962507	man.n.01	0.995
115962647	man.n.01	0.91
115964216	man.n.01	0.563
115965801	man.n.01	0.985
115966236	man.n.01	0.926
115969561	man.n.01	0.952
107582081	man.n.01	0.995
107582729	man.n.01	0.992
115973273	man.n.01	0.981
107585785	man.n.01	0.917
107585797	husband.n.01	None
107585831	man.n.01	0.996
107585835	man.n.01	0.996
107586029	man.n.01	0.993
107586672	man.n.01	0.887
107587227	inhabitant.n.01	None
107587297	citizen.n.01	None
115976442	husband.n.01	None
107590067	serviceman.n.01	0.497
107590716	man.n.01	0.966
107591311	person.n.01	1.0
115985098	man.n.01	0.894
115985290	person.n.01	0.999
115985382	elder.n.03	0.716
115986895	man.n.01	0.926
107598682	man.n.01	0.95
107599312	man.n.01	0.995
107601510	man.n.01	0.9
107601604	serviceman.n.01	0.875
115990790	man.n.01	0.901
107602742	writer.n.01	0.765
115992560	man.n.01	0.976
107604465	serviceman.n.01	0.778
115995665	man.n.01	0.932
115996379	serviceman.n.01	0.573
115997013	man.n.01	0.891
115998255	man.n.01	0.98
124761107	man.n.01	0.954
115999711	man.n.01	0.965
107612824	man.n.01	0.566
107612827	man.n.01	0.578
116001483	man.n.01	0.779
116004208	man.n.01	0.968
116004751	man.n.01	0.975
107617314	person.n.01	0.998
107618127	serviceman.n.01	0.858
107618849	man.n.01	0.883
107619221	philosopher.n.01	0.984
107622342	citizen.n.01	None
107622674	man.n.01	0.94
107622854	wrestler.n.01	None
107622912	citizen.n.01	None
107623094	serviceman.n.01	0.806
116012851	man.n.01	0.968
116012993	man.n.01	0.946
107625582	citizen.n.01	None
116015456	man.n.01	0.986
116016851	man.n.01	0.919
107629084	citizen.n.01	None
116019070	husband.n.01	None
116019208	husband.n.01	None
116019552	man.n.01	0.868
116022033	man.n.01	0.983
107633661	man.n.01	0.985
107634441	people.n.01	0.782
116023730	man.n.01	0.95
116024234	husband.n.01	None
107635774	man.n.01	0.948
116024543	person.n.01	0.999
107637414	man.n.01	0.941
107637461	man.n.01	0.912
116026865	man.n.01	0.917
116026886	man.n.01	0.917
116027820	man.n.01	0.918
107641066	people.n.01	0.81
116031026	man.n.01	0.966
116031291	man.n.01	0.989
116032353	man.n.01	0.936
116032903	man.n.01	0.883
116035119	person.n.01	0.999
107647765	man.n.01	0.975
116040721	serviceman.n.01	0.83
107655669	man.n.01	0.926
116046154	soldier.n.01	0.999
116047723	man.n.01	0.943
116048132	man.n.01	0.978
107661449	man.n.01	0.889
116050720	husband.n.01	None
116051784	husband.n.01	None
107663587	serviceman.n.01	0.839
116052784	man.n.01	0.993
116054375	man.n.01	0.701
107667575	man.n.01	0.92
107670531	man.n.01	0.989
107670560	man.n.01	0.843
107672116	person.n.01	0.999
107672400	inhabitant.n.01	None
116061211	man.n.01	0.944
107672745	man.n.01	0.992
107677681	person.n.01	1.0
107678007	inhabitant.n.01	None
116066832	husband.n.01	None
107679317	man.n.01	0.994
107679327	man.n.01	0.999
107679349	man.n.01	0.885
116067970	man.n.01	0.988
116068949	man.n.01	0.961
107681081	man.n.01	0.983
107683547	inhabitant.n.01	None
107684795	man.n.01	0.856
116073410	man.n.01	0.963
116074032	person.n.01	0.999
107686248	writer.n.01	0.963
107686480	man.n.01	0.99
107686493	man.n.01	0.96
116075902	husband.n.01	None
116076551	man.n.01	0.984
116076565	horseman.n.01	0.927
116076666	man.n.01	0.961
116077345	man.n.01	0.978
116077863	man.n.01	0.932
116078640	husband.n.01	None
116078862	brother.n.01	0.992
116079141	man.n.01	0.941
116080765	man.n.01	0.979
116080790	man.n.01	0.979
116082239	man.n.01	0.978
116082615	young_buck.n.01	0.992
116082680	man.n.01	0.725
116083346	man.n.01	0.976
116083401	husband.n.01	None
107696489	philosopher.n.01	0.907
107696758	man.n.01	0.991
116085485	man.n.01	0.913
116086098	man.n.01	0.912
116086311	man.n.01	0.947
116086721	man.n.01	0.96
116086805	man.n.01	0.931
116086848	man.n.01	0.944
124475849	adulthood.n.01	0.741
116087281	serviceman.n.01	0.579
124476104	man.n.01	0.962
116087777	man.n.01	0.532
124476385	adulthood.n.01	0.559
124476430	adulthood.n.01	0.511
116087937	serviceman.n.01	0.63
116087973	man.n.01	0.982
116088038	person.n.01	0.993
116088192	man.n.01	0.944
116088238	person.n.01	0.999
124476883	husband.n.01	None
116088382	man.n.01	0.949
124477127	man.n.01	0.634
116089296	man.n.01	0.925
116089752	countryman.n.01	0.986
116090313	man.n.01	0.981
124479086	adulthood.n.01	0.6
116091028	man.n.01	0.955
116091241	man.n.01	0.985
116091498	husband.n.01	None
116091870	man.n.01	0.816
116091906	friend.n.01	0.97
124480818	adulthood.n.01	0.729
116092487	man.n.01	0.875
116092539	man.n.01	0.975
116092868	man.n.01	0.982
116093206	man.n.01	0.983
116094209	man.n.01	0.972
116094285	man.n.01	0.737
107705849	person.n.01	0.998
124483131	husband.n.01	None
124483286	man.n.01	0.896
116094804	husband.n.01	None
116094895	husband.n.01	None
116095031	husband.n.01	None
116095152	man.n.01	0.992
116095195	man.n.01	0.986
116095255	husband.n.01	None
116095301	man.n.01	0.993
116095318	man.n.01	0.991
116095454	man.n.01	0.988
107706974	man.n.01	0.977
116095990	serviceman.n.01	0.851
116096200	man.n.01	0.991
116096827	man.n.01	0.973
116097018	man.n.01	0.735
116097441	man.n.01	0.952
116097641	husband.n.01	None
107709399	man.n.01	0.836
116098179	husband.n.01	None
116098662	husband.n.01	None
116099661	man.n.01	0.982
116099962	man.n.01	0.964
116101408	man.n.01	0.961
116102451	husband.n.01	None
116102514	husband.n.01	None
116102627	man.n.01	0.965
116103088	husband.n.01	None
116103352	man.n.01	0.98
107715402	person.n.01	0.999
116105409	man.n.01	0.974
107716845	person.n.01	0.999
116105994	man.n.01	0.991
107717528	man.n.01	0.768
107717577	man.n.01	0.951
107717585	woman.n.01	0.842
116106308	man.n.01	0.898
116106948	man.n.01	0.902
116106968	man.n.01	0.906
116107305	husband.n.01	None
116107364	husband.n.01	None
116107820	man.n.01	0.954
116107938	stranger.n.01	0.838
116108033	man.n.01	0.979
116108381	serviceman.n.01	0.796
116108520	man.n.01	0.7
116108762	man.n.01	0.802
116108827	man.n.01	0.924
116108977	man.n.01	0.906
116109689	person.n.01	0.999
107721319	man.n.01	0.981
107721856	man.n.01	0.993
107722398	serviceman.n.01	0.871
107723405	man.n.01	0.997
116112473	man.n.01	0.883
116112600	man.n.01	0.997
116113254	husband.n.01	None
107725902	wife.n.01	None
116114927	person.n.01	0.968
116115842	man.n.01	0.821
107727323	soldier.n.01	1.0
116116024	man.n.01	0.952
107727442	person.n.01	1.0
116116195	man.n.01	0.924
116116527	man.n.01	0.759
116116576	man.n.01	0.683
116116585	man.n.01	0.958
116117088	husband.n.01	None
116117728	kinsman.n.01	None
107729184	man.n.01	0.986
116118199	man.n.01	0.937
116118559	person.n.01	0.996
116119119	man.n.01	0.491
116119274	man.n.01	0.614
116121286	man.n.01	0.83
107733255	man.n.01	0.939
116122062	man.n.01	0.977
116122693	serviceman.n.01	0.497
116123942	man.n.01	0.956
116124933	husband.n.01	None
116125698	man.n.01	0.969
107737911	husband.n.01	None
107738130	woman.n.01	0.91
107738231	man.n.01	0.803
116129061	husband.n.01	None
116129304	husband.n.01	None
116129397	husband.n.01	None
107740894	man.n.01	0.938
107741143	person.n.01	0.999
116129779	person.n.01	1.0
107742191	man.n.01	0.779
107743660	man.n.01	0.506
116135360	man.n.01	0.634
116135514	man.n.01	0.934
116135856	man.n.01	0.962
107747628	husband.n.01	None
116136483	serviceman.n.01	0.661
116137902	serviceman.n.01	0.624
116138832	man.n.01	0.932
116139035	serviceman.n.01	0.823
116140062	countryman.n.01	0.976
116140101	man.n.01	0.952
107751990	serviceman.n.01	0.561
124529508	manhood.n.01	0.571
116141138	man.n.01	0.581
116141170	man.n.01	0.925
124529937	man.n.01	0.962
116141489	husband.n.01	None
116141543	man.n.01	0.967
116142005	man.n.01	0.978
116142130	man.n.01	0.832
116142238	man.n.01	0.774
116142409	man.n.01	0.885
107754688	man.n.01	0.925
124531949	man.n.01	0.975
124532068	man.n.01	0.989
124532139	man.n.01	0.961
116144141	man.n.01	0.861
124532897	man.n.01	0.965
116144333	serviceman.n.01	0.751
124532944	man.n.01	0.87
124533336	husband.n.01	None
124533400	serviceman.n.01	0.671
124533492	husband.n.01	None
124533634	man.n.01	0.849
116145082	serviceman.n.01	0.706
124533735	young_buck.n.01	0.993
116145193	man.n.01	0.967
124534087	man.n.01	0.983
124534179	man.n.01	0.985
124534299	man.n.01	0.989
124534592	man.n.01	0.99
116146156	man.n.01	0.984
124535065	serviceman.n.01	0.932
124535399	man.n.01	0.981
124535644	serviceman.n.01	0.526
124536742	man.n.01	0.992
107759777	man.n.01	0.956
107759815	warrior.n.01	None
107759974	latter.n.01	None
116148974	man.n.01	0.968
124538045	man.n.01	0.979
124538369	man.n.01	0.896
124538442	man.n.01	0.645
124538498	man.n.01	0.743
124538562	man.n.01	0.979
124538867	man.n.01	0.955
107761941	man.n.01	0.504
124539287	man.n.01	0.961
116150850	man.n.01	0.975
124539690	man.n.01	0.978
107762629	man.n.01	0.911
116151800	man.n.01	0.92
124540755	man.n.01	0.992
124540879	man.n.01	0.987
124541040	man.n.01	0.995
124541826	man.n.01	0.883
124542075	man.n.06	0.412
116154364	man.n.01	0.651
124543133	man.n.01	0.802
116154823	man.n.01	0.988
116156434	man.n.01	0.984
124545685	man.n.01	0.986
124546488	man.n.01	0.906
124546673	man.n.01	0.961
124546678	serviceman.n.01	0.689
124546686	serviceman.n.01	0.689
116158274	person.n.01	0.999
124547836	warrior.n.01	None
124547875	man.n.01	0.897
124548095	man.n.01	0.551
116159624	person.n.01	1.0
116159870	man.n.01	0.924
124548602	man.n.01	0.514
107771427	man.n.01	0.98
124548651	serviceman.n.01	0.835
116160122	husband.n.01	None
116160530	man.n.01	0.96
107772423	man.n.01	0.681
116161314	man.n.01	0.988
116161598	man.n.01	0.981
124550320	citizen.n.01	None
124550358	serviceman.n.01	0.842
107774097	husband.n.01	None
107774281	husband.n.01	None
124551580	man.n.01	0.865
116163196	person.n.01	0.998
116163575	man.n.01	0.885
124552330	man.n.01	0.895
107775298	man.n.01	0.956
124552683	husband.n.01	None
124552899	man.n.01	0.986
124552912	man.n.01	0.969
107775756	person.n.01	0.999
124553096	man.n.01	0.998
124553192	man.n.01	0.963
124553767	man.n.01	0.991
124554331	man.n.01	0.97
124554477	man.n.01	0.995
124554553	husband.n.01	None
124554589	husband.n.01	None
124554667	man.n.01	0.96
124554955	man.n.01	0.99
116166684	man.n.01	0.918
116166753	man.n.01	0.944
124555769	man.n.01	0.97
116167191	man.n.01	0.88
116167778	man.n.01	0.943
116167860	man.n.01	0.713
107779354	person.n.01	1.0
124556873	husband.n.01	None
124557371	man.n.01	0.808
124557389	man.n.01	0.982
124558180	man.n.01	0.945
107781052	man.n.01	0.97
116169967	man.n.01	0.927
107781524	man.n.01	0.945
124558939	man.n.01	0.981
116170680	husband.n.01	None
116170697	husband.n.01	None
116170789	man.n.01	0.881
107782576	man.n.01	0.879
124559852	man.n.01	0.972
124559892	man.n.01	0.978
124559961	man.n.01	0.977
124560097	man.n.01	0.966
124560988	man.n.01	0.995
107784253	man.n.01	0.758
124561489	man.n.01	0.886
107784406	man.n.01	0.993
124562588	serviceman.n.01	0.857
124562633	man.n.01	0.96
124563739	man.n.01	0.944
124563794	man.n.01	0.531
116176451	man.n.01	0.934
124565068	man.n.01	0.647
124565147	man.n.01	0.958
124565291	serviceman.n.01	0.917
124565900	man.n.01	0.985
124567049	man.n.01	0.916
124567345	man.n.01	0.993
124567425	man.n.01	0.816
124567469	man.n.01	0.934
107790359	husband.n.01	None
107790373	man.n.01	0.978
124568425	gentleman.n.01	0.985
124568464	man.n.01	0.989
124568532	young_person.n.01	0.977
124568674	man.n.01	0.974
116180082	man.n.01	0.903
124569479	man.n.01	0.832
124569519	man.n.01	0.936
116182518	husband.n.01	None
124571186	man.n.01	0.982
124571697	man.n.01	0.977
107795059	man.n.01	0.986
124572597	man.n.01	0.964
124572834	man.n.01	0.761
107796050	husband.n.01	None
107796147	man.n.01	0.994
116185306	man.n.01	0.896
124574104	man.n.01	0.992
124574413	serviceman.n.01	0.791
124574563	man.n.01	0.976
116186091	man.n.01	0.983
116187084	man.n.01	0.947
124575948	man.n.01	0.8
107798766	serviceman.n.01	0.686
124576010	military_officer.n.01	0.97
124576053	serviceman.n.01	0.781
116187851	man.n.01	0.861
124576521	man.n.01	0.867
124578278	man.n.01	0.701
124578929	serviceman.n.01	0.963
124579344	serviceman.n.01	0.947
124579375	man.n.01	0.618
116190895	man.n.01	0.972
124579605	man.n.01	0.802
116191189	man.n.01	0.79
107802731	people.n.01	0.984
124580053	man.n.01	0.935
116191568	man.n.01	0.75
107803401	man.n.01	0.94
124581218	man.n.01	0.979
116193067	man.n.01	0.928
107804556	husband.n.01	None
116193447	man.n.01	0.909
124582056	man.n.01	0.996
116193723	man.n.01	0.741
107805126	serviceman.n.01	0.868
107805466	person.n.01	0.975
107805492	man.n.01	0.954
124582939	serviceman.n.01	0.91
124582981	man.n.01	0.752
124583355	man.n.01	0.695
124583465	man.n.01	0.56
116195837	husband.n.01	None
107807913	person.n.01	1.0
116198139	husband.n.01	None
124587189	man.n.01	0.942
124587905	serviceman.n.01	0.905
116199471	man.n.01	0.916
124588091	man.n.01	0.964
107810889	man.n.01	0.968
124588455	serviceman.n.01	0.881
116200202	man.n.01	0.977
116200264	man.n.01	0.967
124589084	man.n.01	0.527
124589240	serviceman.n.01	0.955
124590514	man.n.01	0.855
124590825	man.n.01	0.861
107813946	person.n.01	1.0
116203391	man.n.01	0.665
124592791	man.n.01	0.824
124593281	man.n.01	0.977
124593748	husband.n.01	None
124593828	man.n.01	0.888
124594126	man.n.01	0.981
124594647	man.n.01	0.863
124595083	man.n.01	0.909
116206707	man.n.01	0.972
107818116	man.n.01	0.958
124595347	man.n.01	0.691
116206977	man.n.01	0.949
116206996	husband.n.01	None
124595610	husband.n.01	None
116207031	man.n.01	0.921
124595754	man.n.01	0.969
116207331	husband.n.01	None
124596212	husband.n.01	None
124596238	man.n.01	0.92
116207964	man.n.01	0.912
107819864	man.n.01	0.99
107820085	people.n.01	0.964
124597298	man.n.01	0.942
124597371	man.n.01	0.961
124597756	serviceman.n.01	0.848
124597904	man.n.01	0.59
116209386	man.n.01	0.959
116209684	man.n.01	0.947
124598567	man.n.01	0.973
116209997	man.n.01	0.831
107821487	man.n.01	0.906
124599519	husband.n.01	None
124599546	man.n.01	0.612
124599675	man.n.01	0.869
124600304	warrior.n.01	None
124600734	man.n.01	0.871
116212148	husband.n.01	None
107824775	person.n.01	0.998
124602155	man.n.01	0.868
116213954	man.n.01	0.998
124602791	man.n.01	0.961
124602850	man.n.01	0.895
107825733	bluejacket.n.01	0.664
124603408	man.n.01	0.993
107826348	man.n.01	0.95
124603589	man.n.01	0.99
124603610	man.n.01	0.985
124603681	serviceman.n.01	0.556
116215231	man.n.01	0.849
116215387	man.n.01	0.662
116215547	serviceman.n.01	0.606
116215931	soldier.n.01	0.999
107827536	person.n.01	0.999
124604950	serviceman.n.01	0.476
124604976	man.n.01	0.409
124605179	man.n.01	0.992
124605210	man.n.01	0.97
107828808	man.n.01	0.986
124606217	man.n.01	0.777
107829032	person.n.01	0.999
107829092	man.n.01	0.992
124606358	serviceman.n.01	0.911
124606535	serviceman.n.01	0.617
116218461	person.n.01	0.999
124607519	man.n.01	0.754
116219008	man.n.01	0.964
116219536	man.n.01	0.972
124608418	man.n.01	0.535
124608601	man.n.01	0.957
124608613	man.n.01	0.912
107831409	prisoner.n.01	None
124608638	man.n.01	0.694
124608664	man.n.01	0.968
124608695	man.n.01	0.966
124608714	man.n.01	0.933
124608840	companion.n.01	0.36
124608903	serviceman.n.01	0.484
107831720	people.n.01	0.971
124610076	man.n.01	0.591
124610515	savage.n.01	0.869
107833375	person.n.01	0.999
124611230	man.n.01	0.988
116223107	man.n.01	0.954
124611820	man.n.01	0.99
124611923	man.n.01	0.971
107834859	man.n.01	0.63
124612254	man.n.01	0.98
107836543	serviceman.n.01	0.79
116225455	man.n.01	0.96
107836858	serviceman.n.01	0.929
124614817	serviceman.n.01	0.832
116226279	man.n.01	0.945
116226629	world.n.08	0.609
107838110	man.n.01	0.992
124615620	man.n.01	0.611
124615663	soldier.n.01	0.999
116227110	serviceman.n.01	0.829
124615778	serviceman.n.01	0.349
116227546	serviceman.n.01	0.923
107839152	man.n.01	0.994
124616597	man.n.01	0.981
124616636	man.n.01	0.621
124616646	man.n.01	0.942
124617303	man.n.01	0.988
116229769	young_buck.n.01	0.998
124618513	man.n.01	0.752
116229910	man.n.01	0.698
116230112	man.n.01	0.99
116230237	man.n.01	0.941
116231141	man.n.01	0.81
107843021	serviceman.n.01	0.84
116231682	person.n.01	0.999
116232163	man.n.01	0.894
124620931	man.n.01	0.717
116232723	man.n.01	0.953
116232802	man.n.01	0.875
116232940	man.n.01	0.987
124621630	man.n.01	0.967
107844522	man.n.01	0.858
116233241	man.n.01	0.678
107845216	man.n.01	0.955
116233885	man.n.01	0.726
124622497	man.n.01	0.858
107845468	man.n.01	0.989
107845517	man.n.01	0.995
107845558	man.n.01	0.936
124622790	man.n.01	0.985
116234201	people.n.01	0.949
107845624	man.n.01	0.979
107846606	man.n.01	0.567
124623857	man.n.01	0.702
107846717	man.n.01	0.654
116236238	man.n.01	0.99
124625450	serviceman.n.01	0.588
116237109	person.n.01	0.997
124625754	man.n.01	0.987
124625872	man.n.01	0.635
124625934	serviceman.n.01	0.922
107848910	man.n.01	0.485
107848919	man.n.01	0.485
107849086	homo.n.02	0.368
107849244	man.n.01	0.536
107849273	man.n.01	0.687
107849432	man.n.01	0.368
107849629	man.n.01	0.973
107849758	man.n.01	0.949
124627037	man.n.01	0.861
107850346	son.n.01	0.999
124627563	husband.n.01	None
107850367	man.n.01	0.949
107850389	man.n.01	0.996
107850401	man.n.01	0.858
107850414	man.n.01	0.943
107850452	man.n.01	0.878
116239088	man.n.01	0.909
107850734	man.n.01	0.966
124628154	man.n.01	0.869
107851234	man.n.01	0.986
124628479	man.n.01	0.909
124628644	man.n.01	0.97
107851454	man.n.01	0.858
107851500	man.n.01	0.961
124628798	man.n.01	0.968
116240310	man.n.01	0.551
124629029	serviceman.n.01	0.725
124629228	soldier.n.01	0.999
116241000	man.n.01	0.954
124630102	man.n.01	0.52
124630310	man.n.01	0.717
107853205	serviceman.n.01	0.551
107853249	serviceman.n.01	0.725
107853271	man.n.01	0.525
107853276	serviceman.n.01	0.675
107853283	serviceman.n.01	0.532
124630501	man.n.01	0.873
107853287	man.n.01	0.573
124630518	man.n.01	0.925
107853587	man.n.01	0.371
107853644	man.n.01	0.86
107853913	serviceman.n.01	0.595
107853987	man.n.01	0.658
116242598	person.n.01	0.994
116242692	man.n.01	0.965
116242792	man.n.01	0.676
116242852	man.n.01	0.893
124631458	horseman.n.01	0.967
107854407	man.n.01	0.782
107854511	man.n.01	0.993
107854879	man.n.01	0.992
124632286	serviceman.n.01	0.734
107855642	man.n.01	0.84
124633064	warrior.n.01	None
107856079	man.n.01	0.667
124633897	man.n.01	0.941
116246844	serviceman.n.01	0.771
124637031	serviceman.n.01	0.927
124637351	man.n.01	0.903
107860299	warrior.n.01	None
124637760	man.n.01	0.819
107860876	man.n.01	0.96
116249550	serviceman.n.01	0.535
107860994	man.n.01	0.921
116249603	man.n.01	0.887
107861001	man.n.01	0.795
124638647	man.n.01	0.539
124639085	man.n.01	0.953
124639126	man.n.01	0.961
116251125	man.n.01	0.511
116251201	man.n.01	0.859
124640185	husband.n.01	None
124640206	man.n.01	0.984
116251723	woman.n.01	0.757
116252587	man.n.01	0.98
116252673	man.n.01	0.98
116252901	man.n.01	0.98
124642366	man.n.01	0.982
116253898	serviceman.n.01	0.776
124643274	man.n.01	0.756
124643291	man.n.01	0.991
124643431	man.n.01	0.981
124643663	husband.n.01	None
107866545	serviceman.n.01	0.624
116255422	man.n.01	0.979
124644053	man.n.01	0.949
124644168	man.n.01	0.977
107867082	man.n.01	0.992
116255710	man.n.01	0.639
107867126	man.n.01	0.983
107867136	man.n.01	0.987
124644723	man.n.01	0.969
107867677	man.n.01	0.981
107868094	man.n.01	0.844
116256928	man.n.01	0.875
107868517	man.n.01	0.988
107868572	man.n.01	0.989
124645858	man.n.01	0.949
107868915	man.n.01	0.849
124646142	man.n.01	0.979
107868928	man.n.01	0.589
107868934	man.n.01	0.868
107868941	man.n.01	0.911
107868982	man.n.01	0.844
107869151	man.n.01	0.877
107869289	man.n.01	0.496
107869404	serviceman.n.01	0.931
116258053	man.n.01	0.971
107869582	man.n.01	0.972
107869595	man.n.01	0.861
124646817	defender.n.02	0.966
116258245	man.n.01	0.973
107869670	man.n.01	0.921
124647066	warrior.n.01	None
124647293	man.n.01	0.597
124647708	man.n.01	0.68
107870519	prophet.n.02	0.993
116259225	man.n.01	0.621
107870807	man.n.01	0.888
107871133	man.n.01	0.667
107871158	man.n.01	0.96
107871172	man.n.01	0.926
124648391	man.n.03	0.468
107871211	man.n.01	0.999
107871241	man.n.01	0.94
107871275	man.n.01	0.967
116260058	man.n.01	0.951
124648857	man.n.01	0.923
124648895	man.n.01	0.496
107871782	man.n.01	0.964
107871807	man.n.01	0.785
107871848	man.n.01	0.893
107871851	man.n.01	0.893
107871997	man.n.01	0.997
107872059	man.n.01	0.976
107872117	serviceman.n.01	0.546
107872199	serviceman.n.01	0.738
124649435	man.n.01	0.527
107872273	man.n.01	0.959
107872302	man.n.01	0.861
107872327	man.n.01	0.92
107872371	man.n.01	0.972
107872535	man.n.01	0.842
107872640	man.n.01	0.98
107872645	man.n.01	0.975
107872652	man.n.01	0.875
124649888	man.n.01	0.977
107872696	man.n.01	0.809
124649943	man.n.01	0.991
107872774	man.n.01	0.914
107872796	man.n.01	0.972
107872832	serviceman.n.01	0.793
107872857	man.n.01	0.971
107872869	man.n.01	0.936
107872882	man.n.01	0.489
124650180	citizen.n.01	None
107872969	man.n.01	0.885
107872998	man.n.01	0.908
107873064	man.n.01	0.821
107873094	man.n.01	0.957
107873376	man.n.01	0.937
107873387	man.n.01	0.982
107873396	man.n.01	0.97
107873423	man.n.01	0.98
107873458	man.n.01	0.942
107873486	man.n.01	0.995
107873505	man.n.01	0.976
107873555	man.n.01	0.539
107873599	man.n.03	0.385
107873806	man.n.01	0.995
107873820	man.n.01	0.972
107873932	man.n.01	0.953
107873937	man.n.01	0.913
107873970	man.n.01	0.945
107873987	man.n.01	0.65
107874032	man.n.01	0.95
124651433	man.n.01	0.973
107874317	man.n.01	0.726
107874391	serviceman.n.01	0.618
124651710	serviceman.n.01	0.831
107874558	man.n.01	0.906
107874575	man.n.01	0.825
124651813	man.n.01	0.851
107874635	man.n.01	0.976
107874638	man.n.01	0.976
107874663	man.n.01	0.945
107874668	man.n.01	0.991
107874699	man.n.01	0.992
107874800	man.n.01	0.959
107874837	man.n.01	0.969
107874872	man.n.01	0.994
107875259	man.n.01	0.981
107875361	man.n.01	0.968
124652837	man.n.01	0.662
124653111	man.n.01	0.908
124653306	man.n.01	0.965
107876384	man.n.01	0.85
107876415	man.n.01	0.883
124653633	man.n.01	0.982
107876531	man.n.01	0.688
107876540	man.n.01	0.648
107876588	man.n.01	0.741
124653863	soldier.n.01	0.996
107876810	man.n.01	0.995
107876919	husband.n.01	None
107877060	husband.n.01	None
107877076	husband.n.01	None
107877088	man.n.01	0.977
107877110	man.n.01	0.989
107877119	man.n.01	0.986
124654336	serviceman.n.01	0.548
124654893	man.n.01	0.368
107878039	man.n.01	0.955
107878098	man.n.01	0.979
107878424	man.n.01	0.877
107878594	man.n.01	0.838
107878615	man.n.01	0.832
124655907	man.n.01	0.927
124656222	man.n.01	0.71
124656318	man.n.01	0.952
107879380	man.n.01	0.959
124656645	countryman.n.01	0.958
107879632	man.n.01	0.994
107879651	man.n.01	0.987
107879827	man.n.01	0.991
124657060	serviceman.n.01	0.647
124657190	man.n.01	0.979
107880028	man.n.01	0.993
107880127	man.n.01	0.98
107880226	man.n.01	0.805
107880375	man.n.01	0.993
107880428	man.n.01	0.985
107880532	man.n.01	0.733
107880579	man.n.01	0.944
107880642	man.n.01	0.677
107880666	man.n.01	0.955
107880742	man.n.01	0.94
124657965	man.n.01	0.988
107880810	man.n.01	0.986
107880900	man.n.01	0.97
124658143	man.n.01	0.972
107881158	husband.n.01	None
107881289	husband.n.01	None
107881304	man.n.01	0.987
107881360	man.n.01	0.967
107881419	man.n.01	0.986
107881573	one.n.02	0.955
107881582	man.n.01	0.998
107881595	man.n.01	0.987
107881609	man.n.01	0.994
107881634	man.n.01	0.999
107881679	man.n.01	0.982
107881722	man.n.01	0.999
107881775	man.n.01	0.98
107881792	man.n.01	0.998
107881803	man.n.01	0.991
107881839	man.n.01	0.969
107881880	man.n.01	0.472
107881894	man.n.01	0.873
107881902	man.n.01	0.935
107881956	husband.n.01	None
107881965	husband.n.01	None
124659300	serviceman.n.01	0.709
124659305	crew.n.01	0.986
107882104	man.n.01	0.896
107882139	footman.n.01	None
107882180	husband.n.01	None
107882207	man.n.01	0.901
107882275	man.n.01	0.548
107882282	one.n.01	0.868
107882289	one.n.01	0.867
107882315	man.n.01	0.691
107882356	man.n.01	0.951
107882362	man.n.01	0.955
107882370	man.n.01	0.818
107882390	man.n.01	0.98
107882455	man.n.01	0.962
107882468	man.n.01	0.965
107882488	man.n.01	0.875
107882497	man.n.01	0.837
107882503	serviceman.n.01	0.909
107882559	man.n.01	0.851
107882591	man.n.01	0.896
107882598	man.n.01	0.655
107882690	man.n.01	0.928
107882874	man.n.01	0.884
107882914	man.n.01	0.967
107882944	man.n.01	0.858
107882992	man.n.01	0.958
107883009	man.n.01	0.873
107883097	man.n.01	0.802
107883101	man.n.01	0.878
107883146	man.n.01	0.94
107883152	man.n.01	0.959
107883220	man.n.01	0.538
107883225	man.n.01	0.521
107883251	man.n.01	0.964
107883267	man.n.01	0.806
107883278	man.n.01	0.701
107883289	man.n.01	0.521
107883308	man.n.01	0.71
124660553	man.n.01	0.955
124660569	man.n.01	0.785
107883366	man.n.01	0.958
107883541	serviceman.n.01	0.693
107883561	man.n.01	0.95
124660787	man.n.01	0.984
107883574	man.n.01	0.837
107883631	man.n.01	0.832
107883859	man.n.01	0.982
107883899	man.n.01	0.657
107883962	man.n.01	0.981
107883974	man.n.01	0.982
107884014	man.n.01	0.995
107884039	man.n.01	0.996
107884078	husband.n.01	None
124661342	man.n.01	0.973
107884131	husband.n.01	None
107884241	husband.n.01	None
124661484	man.n.01	0.655
107884296	husband.n.01	None
107884621	husband.n.01	None
107884626	man.n.01	0.99
116273279	man.n.01	0.96
107884917	husband.n.01	None
107885182	man.n.01	0.936
107885225	man.n.01	0.768
107885387	man.n.01	0.846
107885498	man.n.01	0.994
107885672	man.n.01	0.968
107885744	man.n.01	0.989
107885793	man.n.01	0.657
107885844	man.n.01	0.963
107886036	man.n.01	0.995
124663491	man.n.01	0.96
124663744	man.n.01	0.834
107886631	husband.n.01	None
107886745	male_child.n.01	0.828
107886943	husband.n.01	None
107887059	husband.n.01	None
107887088	husband.n.01	None
124664720	man.n.01	0.982
107887642	man.n.01	0.975
107887667	man.n.01	0.913
107887757	husband.n.01	None
107887899	man.n.01	0.905
107888129	man.n.01	0.929
107888155	man.n.01	0.737
124665545	man.n.01	0.937
124665592	man.n.01	0.851
107888844	man.n.01	0.525
107888858	serviceman.n.01	0.606
107889061	man.n.01	0.78
107889077	man.n.01	0.684
107889088	man.n.01	0.783
107889131	man.n.01	0.94
124666467	man.n.03	0.499
107889259	man.n.01	0.991
107889303	man.n.01	0.836
107889400	husband.n.01	None
107889468	husband.n.01	None
107889697	man.n.01	0.882
107889788	man.n.01	0.939
116278434	serviceman.n.01	0.661
116278990	man.n.01	0.876
107890387	man.n.01	0.98
107890502	man.n.01	0.948
107890515	man.n.01	0.966
107890520	man.n.01	0.955
124667748	man.n.01	0.658
107890540	man.n.01	0.851
107890590	man.n.01	0.839
124667894	man.n.01	0.624
116279404	serviceman.n.01	0.778
107890893	man.n.01	0.744
107891137	man.n.01	0.958
107891571	man.n.01	0.952
107891582	man.n.01	0.991
107891605	man.n.01	0.974
107891608	man.n.01	0.974
107891622	man.n.01	0.991
116280376	husband.n.01	None
107892095	man.n.01	0.946
107892317	man.n.01	0.985
124669567	serviceman.n.01	0.946
124669674	serviceman.n.01	0.74
107892553	man.n.01	0.991
107892614	man.n.01	0.991
107892729	man.n.01	0.972
124669948	serviceman.n.01	0.605
116281489	man.n.01	0.918
124670178	colleague.n.02	0.431
107893125	man.n.01	0.989
107893151	man.n.01	0.493
107893320	man.n.01	0.911
124670569	man.n.01	0.686
107893367	man.n.01	0.798
124670641	serviceman.n.01	0.782
107893449	man.n.01	0.939
107893519	man.n.01	0.434
107893530	man.n.01	0.743
107893535	man.n.01	0.76
107893550	man.n.01	0.635
124670778	man.n.01	0.933
107893580	man.n.01	0.9
107893667	serviceman.n.01	0.876
124670986	man.n.01	0.678
124671003	serviceman.n.01	0.821
124671320	man.n.01	0.952
124671382	man.n.01	0.618
107894471	man.n.01	0.827
107894474	man.n.01	0.682
124671715	man.n.01	0.581
124671726	man.n.01	0.728
107894620	man.n.01	0.879
116283513	man.n.01	0.516
107894925	man.n.01	0.858
124672176	serviceman.n.01	0.515
107895182	man.n.01	0.534
107895344	man.n.01	0.721
107895428	serviceman.n.01	0.501
107895533	man.n.01	0.691
107895711	man.n.01	0.954
124673153	man.n.01	0.977
107896322	man.n.01	0.963
124673596	man.n.01	0.983
124673679	man.n.01	0.983
124673788	man.n.01	0.896
107896753	man.n.01	0.904
107896757	man.n.01	0.856
107896849	man.n.01	0.963
116285530	serviceman.n.01	0.54
124674477	man.n.01	0.987
124674560	man.n.01	0.988
124674771	serviceman.n.01	0.666
107898145	man.n.01	0.976
107898216	man.n.01	0.983
107898226	man.n.01	0.984
107898389	man.n.01	0.734
107898431	man.n.01	0.973
107898552	man.n.01	0.935
107898610	man.n.01	0.649
107898657	man.n.01	0.992
107898665	man.n.01	0.988
107898810	man.n.01	0.842
107898937	man.n.01	0.96
107898944	man.n.01	0.973
107898957	man.n.01	0.924
107898963	man.n.01	0.976
107898976	man.n.01	0.981
116287615	serviceman.n.01	0.962
107899012	man.n.01	0.965
107899022	man.n.01	0.947
107899064	man.n.01	0.97
107899085	man.n.01	0.985
107899238	man.n.01	0.787
116288026	man.n.01	0.703
107899506	man.n.01	0.941
107899853	man.n.01	0.939
107899891	serviceman.n.01	0.52
116288539	man.n.01	0.978
107900143	serviceman.n.01	0.605
116288906	man.n.01	0.724
124677647	man.n.01	0.945
116289096	man.n.01	0.885
116289255	man.n.01	0.937
116289341	man.n.01	0.888
107900767	man.n.01	0.978
107900855	serviceman.n.01	0.669
107900863	man.n.01	0.684
124678106	man.n.01	0.637
116290269	serviceman.n.01	0.534
116290654	man.n.01	0.507
124679617	man.n.01	0.948
116291043	serviceman.n.01	0.696
124680023	serviceman.n.01	0.74
124680121	man.n.01	0.884
124680168	serviceman.n.01	0.899
124680309	man.n.01	0.949
124680477	man.n.01	0.99
107903283	man.n.01	0.951
116291906	man.n.01	0.987
107903368	serviceman.n.01	0.879
116292475	man.n.01	0.975
107903916	man.n.01	0.979
107903934	man.n.01	0.986
116292634	inhabitant.n.01	None
107904100	man.n.01	0.773
124681371	serviceman.n.01	0.58
107904166	serviceman.n.01	0.805
107904275	serviceman.n.01	0.733
107904389	man.n.01	0.932
124681774	man.n.01	0.965
107904715	serviceman.n.01	0.673
107904734	serviceman.n.01	0.516
107904772	serviceman.n.01	0.806
107904785	serviceman.n.01	0.537
107904806	serviceman.n.01	0.795
107904813	serviceman.n.01	0.651
107904899	man.n.01	0.843
107904911	man.n.01	0.414
116293519	man.n.01	0.673
107904943	serviceman.n.01	0.515
107904953	man.n.01	0.755
124682235	husband.n.01	None
107905057	serviceman.n.01	0.704
116293820	man.n.01	0.917
124682612	serviceman.n.01	0.919
124682718	serviceman.n.01	0.921
107905503	serviceman.n.01	0.721
116294174	man.n.01	0.883
107905837	man.n.01	0.848
107905870	man.n.05	0.55
107905885	man.n.01	0.956
107905925	man.n.01	0.712
107906062	husband.n.01	None
107906085	man.n.01	0.466
107906879	man.n.01	0.974
107907269	man.n.01	0.963
124684587	serviceman.n.01	0.765
116296289	man.n.01	0.914
107907687	man.n.01	0.549
107907709	serviceman.n.01	0.728
107907842	serviceman.n.01	0.542
107907878	man.n.01	0.971
107907932	man.n.01	0.934
124685205	man.n.01	0.95
124685246	man.n.01	0.995
107908032	serviceman.n.01	0.745
107908109	man.n.01	0.875
107908204	man.n.01	0.993
124685555	man.n.01	0.979
124685573	husband.n.01	None
107908365	man.n.01	0.998
124685593	husband.n.01	None
107908778	serviceman.n.01	0.841
107908856	man.n.01	0.841
107908898	man.n.01	0.927
107909135	serviceman.n.01	0.733
107909202	man.n.01	0.977
107909220	serviceman.n.01	0.669
124686453	man.n.01	0.993
107909251	serviceman.n.01	0.603
124686511	man.n.01	0.956
116297948	man.n.01	0.921
107909381	man.n.01	0.532
107909401	serviceman.n.01	0.846
107909406	serviceman.n.01	0.724
107909732	man.n.01	0.782
107909779	man.n.01	0.872
107909784	soldier.n.01	0.999
124687168	woman.n.01	0.946
116298625	serviceman.n.01	0.603
107910033	man.n.01	0.676
107910046	man.n.01	0.797
116298664	serviceman.n.01	0.568
124687314	husband.n.01	None
107910213	man.n.01	0.953
107910231	man.n.01	0.916
124687521	man.n.01	0.971
107910342	man.n.01	0.846
124687565	man.n.01	0.883
107910422	man.n.01	0.991
107910695	man.n.01	0.979
124687939	colleague.n.02	0.73
107911115	man.n.01	0.934
107911135	man.n.01	0.934
107911158	man.n.01	0.901
124688414	serviceman.n.01	0.966
107911516	man.n.01	0.923
124688844	man.n.01	0.98
107911865	serviceman.n.01	0.888
107911908	man.n.01	0.991
107911921	man.n.01	0.94
107911925	man.n.01	0.867
107911950	serviceman.n.01	0.497
107912351	husband.n.01	None
107912362	husband.n.01	None
107912479	man.n.01	0.65
107912488	serviceman.n.01	0.69
124689870	military_officer.n.01	0.956
107913052	man.n.01	0.922
107913093	man.n.01	0.957
107913099	man.n.01	0.9
107913417	man.n.01	0.972
107913420	man.n.01	0.921
107913628	man.n.01	0.539
107914018	serviceman.n.01	0.49
124691651	man.n.01	0.808
107914592	man.n.01	0.995
124692049	man.n.01	0.988
107915127	man.n.01	0.919
116304208	man.n.01	0.819
107915656	footman.n.01	None
107915690	serviceman.n.01	0.641
124692983	serviceman.n.01	0.599
107916111	man.n.01	0.963
124693342	man.n.01	0.8
124693526	male.n.02	0.971
107916598	man.n.01	0.707
107916609	man.n.01	0.581
107916668	serviceman.n.01	0.64
107916675	serviceman.n.01	0.642
124694316	serviceman.n.01	0.488
107917508	man.n.01	0.743
107917515	man.n.01	0.929
107917743	man.n.01	0.671
107917847	husband.n.01	None
107917853	husband.n.01	None
124695127	man.n.01	0.624
107917917	man.n.01	0.988
116306592	person.n.01	0.998
107917996	man.n.01	0.988
116306619	serviceman.n.01	0.469
107918031	man.n.01	0.969
107918043	man.n.01	0.992
107918090	man.n.01	0.83
124695385	serviceman.n.01	0.918
124695810	serviceman.n.01	0.691
124695931	serviceman.n.01	0.87
124696084	serviceman.n.01	0.831
124696123	serviceman.n.01	0.627
107918931	man.n.01	0.983
107919141	man.n.01	0.554
107919149	man.n.01	0.919
116308090	man.n.01	0.958
124696945	serviceman.n.01	0.518
107919788	man.n.01	0.962
124697078	serviceman.n.01	0.517
107920237	husband.n.01	None
107920328	husband.n.01	None
107920605	man.n.01	0.893
116309449	serviceman.n.01	0.826
107920931	man.n.01	0.988
124698156	man.n.01	0.526
107921276	man.n.01	0.805
107921295	man.n.01	0.972
107921376	man.n.01	0.843
124698604	man.n.01	0.789
107921394	man.n.01	0.993
107921432	man.n.01	0.97
107921541	man.n.01	0.985
116310151	friend.n.01	0.985
107921605	man.n.01	0.924
124698909	man.n.01	0.547
107921776	man.n.01	0.602
107922225	man.n.01	0.989
116311055	man.n.01	0.965
107922621	man.n.01	0.993
124699860	serviceman.n.01	0.547
107922682	man.n.01	0.882
107922685	man.n.01	0.854
107922865	man.n.01	0.95
107922914	man.n.01	0.913
107923147	man.n.01	0.671
116311769	serviceman.n.01	0.643
107923203	husband.n.01	None
107923208	man.n.01	0.527
107923322	serviceman.n.01	0.888
107923352	man.n.01	0.672
107923505	serviceman.n.01	0.572
107923550	man.n.01	0.978
107923708	man.n.01	0.995
107923914	man.n.01	0.857
107923933	man.n.01	0.996
107924274	man.n.01	0.972
107924368	man.n.01	0.983
107924390	man.n.01	0.931
107924423	man.n.01	0.993
107924606	man.n.01	0.967
124701891	husband.n.01	None
124701907	man.n.01	0.877
107924693	messenger.n.01	None
116313448	man.n.01	0.983
107924845	man.n.01	0.993
107924884	man.n.01	0.995
107924900	man.n.01	0.991
124702151	man.n.01	0.89
107924980	man.n.01	0.9
107925385	man.n.01	0.952
124702605	man.n.01	0.972
107925454	man.n.01	0.939
124702669	man.n.01	0.957
124702768	soldier.n.01	0.996
116314252	man.n.01	0.971
107925647	man.n.01	0.946
107925650	man.n.01	0.977
107925679	man.n.01	0.917
107925709	man.n.01	0.943
107925718	man.n.01	0.967
124703063	man.n.01	0.906
116314467	man.n.01	0.978
107925910	man.n.01	0.909
116314640	man.n.01	0.938
107926109	man.n.01	0.952
107926214	man.n.01	0.994
107926235	man.n.01	0.974
107926494	man.n.01	0.903
107926513	man.n.01	0.955
107926527	man.n.01	0.938
107926535	man.n.01	0.988
107926538	man.n.01	0.945
107926576	man.n.01	0.939
107926579	man.n.01	0.944
116315187	man.n.01	0.804
107926629	man.n.01	0.989
107926634	man.n.01	0.979
107926650	son.n.01	1.0
107926687	man.n.01	0.962
107926698	man.n.01	0.97
107926772	man.n.01	0.789
107926847	man.n.01	0.662
107927027	man.n.01	0.996
107927068	man.n.01	0.941
107927287	man.n.01	0.979
116315909	man.n.05	0.545
124704547	husband.n.01	None
124704653	man.n.01	0.977
116316163	man.n.01	0.966
107927591	man.n.01	0.673
107927613	man.n.01	0.884
107927643	man.n.01	0.914
116316353	man.n.01	0.94
107927868	man.n.01	0.939
116316517	man.n.01	0.61
124705145	man.n.01	0.855
107928045	man.n.01	0.831
107928130	man.n.01	0.993
116316992	serviceman.n.01	0.559
124705802	man.n.01	0.66
107928614	man.n.03	0.634
124705830	serviceman.n.01	0.709
107928950	man.n.01	0.739
107929008	man.n.01	0.985
124706282	colleague.n.02	0.462
107929126	man.n.01	0.969
124706344	man.n.01	0.914
124706380	man.n.01	0.876
124706398	man.n.01	0.593
107929213	man.n.01	0.685
124706529	kinsman.n.01	None
107929550	man.n.01	0.986
107929554	man.n.01	0.986
124707102	man.n.01	0.904
116318499	man.n.01	0.982
107930039	man.n.01	0.66
107930044	man.n.01	0.608
107930048	man.n.01	0.751
107930274	man.n.01	0.965
107930742	man.n.01	0.574
116319576	man.n.01	0.997
116319796	man.n.01	0.969
116320023	head.n.04	0.891
116320050	man.n.01	0.982
124708678	man.n.01	0.984
107931736	man.n.01	0.957
116320454	man.n.01	0.979
107931917	man.n.01	0.98
124709254	serviceman.n.01	0.781
116320782	man.n.01	0.951
107932315	man.n.01	0.977
124709621	savage.n.01	0.904
116321127	man.n.01	0.633
124709994	chap.n.01	0.955
116321482	man.n.01	0.899
124710201	man.n.01	0.909
116321608	man.n.01	0.915
124710290	man.n.01	0.962
124710332	serviceman.n.01	0.574
116321967	man.n.01	0.977
116322097	man.n.01	0.972
107933509	man.n.01	0.975
124710960	man.n.01	0.795
116322562	man.n.01	0.951
116322632	man.n.01	0.98
116322766	watchman.n.01	None
116322778	man.n.01	0.962
116322952	man.n.01	0.808
116323127	man.n.01	0.82
124711816	man.n.01	0.736
116323288	man.n.01	0.986
124711976	man.n.01	0.959
124712078	person.n.01	0.999
116323655	man.n.01	0.966
107935110	son.n.01	1.0
116323908	man.n.01	0.933
124712544	man.n.01	0.862
116323947	man.n.01	0.96
116323952	man.n.01	0.96
116324040	man.n.01	0.975
116324199	man.n.01	0.918
116324208	man.n.01	0.854
116324220	man.n.01	0.895
116324232	man.n.01	0.531
124712880	man.n.01	0.543
107935983	man.n.01	0.616
116324730	man.n.01	0.764
124713359	serviceman.n.01	0.836
116324770	man.n.01	0.996
116324802	man.n.01	0.998
124714718	man.n.01	0.953
124714941	man.n.01	0.848
124714981	man.n.01	0.843
124715084	man.n.01	0.987
124715256	man.n.01	0.951
124715401	man.n.01	0.983
124715513	man.n.01	0.84
116327255	man.n.01	0.966
116327279	man.n.01	0.916
124715918	man.n.01	0.971
107938753	man.n.01	0.955
116327373	man.n.01	0.823
107939233	man.n.01	0.754
116328335	man.n.01	0.89
124717033	man.n.01	0.952
124717318	serviceman.n.01	0.902
107940282	man.n.01	0.944
107940610	servant.n.01	0.998
116329264	man.n.01	0.965
116329518	man.n.01	0.942
107941427	warrior.n.01	None
124719212	man.n.01	0.615
107942114	man.n.01	0.948
107942125	man.n.01	0.937
116330925	man.n.01	0.974
107942318	serviceman.n.01	0.709
107942408	man.n.01	0.995
124719745	man.n.01	0.951
116331256	man.n.01	0.981
124720834	warrior.n.01	None
116332590	man.n.01	0.969
116332986	man.n.01	0.981
124721609	man.n.01	0.973
107944507	man.n.01	0.993
107944604	man.n.01	0.879
124721902	man.n.01	0.907
124722368	soldier.n.01	0.998
107945718	man.n.01	0.981
124722976	man.n.01	0.895
124723562	man.n.01	0.862
124723584	man.n.01	0.918
124724477	man.n.01	0.708
116336139	man.n.01	0.961
124724760	serviceman.n.01	0.853
124725317	man.n.01	0.973
124725452	force.n.04	0.621
116336886	man.n.01	0.943
116336972	man.n.01	0.96
124726027	companion.n.01	0.529
116338076	husband.n.01	None
107949516	prophet.n.02	0.994
107949797	man.n.01	0.945
124727251	man.n.01	0.954
107950040	man.n.01	0.988
124727272	aristocrat.n.01	0.949
107950743	man.n.01	0.988
124727995	man.n.01	0.983
107951338	man.n.01	0.799
107951728	man.n.01	0.994
107951757	man.n.01	0.972
107951805	man.n.01	0.993
107952543	man.n.01	0.909
107953147	serviceman.n.01	0.547
124730376	serviceman.n.01	0.796
107953252	man.n.01	0.991
107953481	man.n.01	0.973
107953485	man.n.01	0.964
107953494	man.n.05	0.475
124730717	husband.n.01	None
107953583	man.n.01	0.854
124730829	husband.n.01	None
107953749	man.n.01	0.992
107953811	man.n.01	0.961
124731077	man.n.01	0.947
124731136	husband.n.01	None
124731882	man.n.01	0.978
124732421	man.n.01	0.961
124732577	man.n.01	0.722
107955951	man.n.01	0.985
107956233	man.n.01	0.623
107956289	serviceman.n.01	0.617
107956326	man.n.01	0.942
124733593	man.n.01	0.771
124733901	man.n.01	0.927
124734000	gentleman.n.01	0.992
107957074	man.n.01	0.966
107957123	man.n.01	0.928
107957172	man.n.01	0.505
107957239	husband.n.01	None
107957480	husband.n.01	None
107957639	husband.n.01	None
107957798	husband.n.01	None
107957937	husband.n.01	None
124735578	man.n.01	0.985
107958371	man.n.01	0.96
107958440	man.n.01	0.994
107958478	man.n.01	0.727
107958515	man.n.01	0.878
107958714	man.n.01	0.982
124736249	man.n.01	0.744
107959259	man.n.01	0.807
107959311	man.n.01	0.98
124736539	man.n.01	0.584
107959400	man.n.01	0.933
124736631	man.n.01	0.75
124736860	serviceman.n.01	0.749
124736912	serviceman.n.01	0.884
107959835	man.n.01	0.961
107960210	man.n.01	0.91
124737451	crew.n.01	0.98
107960375	man.n.01	0.998
107960472	man.n.01	0.834
107960494	man.n.01	0.878
124737809	man.n.01	0.832
107960599	man.n.01	0.997
107960669	man.n.01	0.904
124738094	warrior.n.01	None
124738126	man.n.06	0.48
124738254	man.n.01	0.934
124739152	man.n.01	0.996
107962186	man.n.03	0.434
124739475	man.n.01	0.695
107962373	man.n.01	0.983
124740263	man.n.01	0.976
107963220	man.n.01	0.829
107963244	man.n.01	0.984
107963273	man.n.01	0.983
107963491	man.n.01	0.983
107963495	man.n.01	0.947
124740790	man.n.01	0.991
124740838	man.n.01	0.949
124740849	man.n.01	0.699
107963667	man.n.01	0.934
107963873	serviceman.n.01	0.721
107963884	man.n.01	0.719
107963926	man.n.01	0.572
107964463	serviceman.n.01	0.816
107964465	serviceman.n.01	0.816
124741772	soldier.n.01	1.0
107964942	man.n.01	0.953
107964955	man.n.01	0.938
107964965	man.n.01	0.933
107965092	man.n.01	0.988
107965259	man.n.01	0.961
107966010	man.n.01	0.993
107966020	man.n.01	0.98
107966450	man.n.01	0.968
124743786	man.n.01	0.808
124743827	husband.n.01	None
124743921	man.n.01	0.634
107967354	man.n.01	0.97
107967480	serviceman.n.01	0.572
107969153	man.n.01	0.984
107969162	man.n.01	0.988
107969170	man.n.01	0.987
124746643	man.n.01	0.854
124747115	man.n.01	0.981
107970249	man.n.01	0.919
107970357	man.n.01	0.882
107970362	man.n.01	0.913
124748479	man.n.01	0.932
124748627	man.n.01	0.785
124748752	man.n.01	0.934
124748825	serviceman.n.01	0.791
124749001	warrior.n.01	None
107971878	man.n.01	0.966
124749195	man.n.01	0.99
124749453	man.n.01	0.807
124749483	man.n.01	0.766
124750249	man.n.01	0.647
107973197	man.n.01	0.695
107973415	man.n.01	0.985
107973725	man.n.01	0.989
107973768	man.n.01	0.971
124751014	husband.n.01	None
107974046	man.n.01	0.949
124751627	man.n.01	0.962
124751696	serviceman.n.01	0.531
107975087	man.n.01	0.886
107975276	man.n.01	0.504
124752733	man.n.01	0.742
124752744	man.n.01	0.567
107975671	serviceman.n.01	0.671
107975677	man.n.01	0.821
107975704	man.n.01	0.699
124752962	serviceman.n.01	0.563
107975793	serviceman.n.01	0.859
107975833	serviceman.n.01	0.837
107975842	serviceman.n.01	0.892
107975888	man.n.01	0.757
124753409	man.n.01	0.989
124753740	man.n.01	0.989
124753843	serviceman.n.01	0.522
124754531	serviceman.n.01	0.822
124754721	serviceman.n.01	0.631
107978248	man.n.01	0.758
124755535	traveler.n.01	None
107978434	man.n.01	0.977
107978795	man.n.01	0.91
107979152	man.n.01	0.928
107979242	man.n.01	0.794
107979311	man.n.01	0.73
107979315	man.n.01	0.853
124756828	chap.n.01	0.455
107981090	man.n.01	0.982
124758459	man.n.01	0.906
107981436	serviceman.n.01	0.928
124759129	man.n.01	0.947
107981955	man.n.01	0.977
107982134	man.n.01	0.994
124759361	serviceman.n.01	0.566
124759469	man.n.01	0.615
124759613	serviceman.n.01	0.913
107983003	man.n.01	0.964
107983131	man.n.01	0.88
107983320	serviceman.n.01	0.651
107983677	man.n.01	0.803
107983759	man.n.01	0.975
107983792	man.n.01	0.992
107983796	man.n.01	0.992
107984228	man.n.01	0.684
124761453	warrior.n.01	None
107984490	man.n.01	0.858
124761733	man.n.01	0.644
107984685	man.n.01	0.904
107984821	man.n.01	0.7
124763125	man.n.01	0.985
124763208	man.n.01	0.988
107986296	man.n.01	0.971
107986299	man.n.01	0.996
107986305	man.n.01	0.972
124763592	man.n.01	0.945
124763725	serviceman.n.01	0.584
107986584	man.n.01	0.845
124764099	man.n.01	0.956
124764497	person.n.01	1.0
124764940	man.n.01	0.861
107987806	infantry.n.01	None
107987842	serviceman.n.01	0.548
124765267	gentleman.n.01	0.994
124765278	man.n.01	0.989
124765376	man.n.01	0.991
107988263	man.n.01	0.859
107988882	man.n.01	0.985
107989074	man.n.01	0.886
107989084	man.n.01	0.893
107989299	man.n.01	0.908
107989992	man.n.01	0.963
107990359	man.n.01	0.988
124768386	man.n.01	0.535
107992542	man.n.01	0.869
124771312	warrior.n.01	None
124771327	man.n.01	0.72
124771431	man.n.01	0.855
124771496	soldier.n.01	0.999
124771762	warrior.n.01	None
124772146	warrior.n.01	None
107995413	man.n.01	0.939
107995580	man.n.01	0.978
107995799	man.n.01	0.986
107995820	father.n.01	0.995
124773072	warrior.n.01	None
107995940	foreigner.n.01	0.923
124773247	man.n.01	0.908
124774319	man.n.01	0.856
124774347	man.n.01	0.581
124774485	man.n.01	0.645
107997472	man.n.01	0.947
124774699	serviceman.n.01	0.918
124774975	soldier.n.01	0.999
107997794	man.n.01	0.926
124775124	serviceman.n.01	0.906
107997993	man.n.01	0.953
107998295	man.n.01	0.761
107999284	man.n.01	0.943
124776643	serviceman.n.01	0.611
107999632	warrior.n.01	None
124777069	man.n.01	0.82
108000098	man.n.01	0.614
108000306	man.n.01	0.88
108001214	man.n.01	0.963
124778455	serviceman.n.01	0.505
108002229	man.n.01	0.74
108002317	man.n.01	0.944
108002590	man.n.01	0.99
108002597	man.n.01	0.987
108002649	man.n.01	0.958
124780328	man.n.01	0.877
108003478	man.n.01	0.966
108004323	man.n.01	0.596
108004557	man.n.01	0.991
108004611	man.n.01	0.955
108005308	man.n.01	0.982
108005595	man.n.01	0.757
108006471	man.n.01	0.921
108007873	man.n.01	0.898
108007919	man.n.01	0.729
108009013	serviceman.n.01	0.772
108010969	man.n.01	0.947
108011247	man.n.01	0.914
108013897	man.n.01	0.985
108015970	man.n.01	0.983
108021054	man.n.01	0.939
108021086	man.n.01	0.874
108021310	man.n.01	0.851
108021733	man.n.01	0.967
108022594	man.n.01	0.986
108025979	man.n.01	0.874
108026044	man.n.01	0.859
108026059	man.n.01	0.942
108026317	man.n.01	0.905
108026358	man.n.01	0.952
108026483	man.n.01	0.971
108027378	man.n.01	0.991
108027796	man.n.01	0.967
108028291	man.n.01	0.992
108029369	husband.n.01	None
108029440	husband.n.01	None
108034263	man.n.01	0.995
108034330	man.n.01	0.986
108034400	man.n.01	0.988
108035461	man.n.01	0.945
108035639	serviceman.n.01	0.743
108035789	man.n.01	0.546
108036007	serviceman.n.01	0.799
108036070	man.n.01	0.51
108036457	man.n.01	0.945
108036490	serviceman.n.01	0.551
108036805	man.n.01	0.984
108036838	man.n.01	0.957
108036885	man.n.01	0.972
108037756	man.n.01	0.968
108038113	man.n.01	0.894
108038139	man.n.01	0.907
108038422	man.n.01	0.643
108038430	serviceman.n.01	0.498
108038433	footman.n.01	None
108038447	man.n.01	0.506
108038607	man.n.01	0.524
108038718	man.n.01	0.616
108038728	serviceman.n.01	0.671
108039448	husband.n.01	None
108039597	husband.n.01	None
108041016	husband.n.01	None
108041051	man.n.01	0.95
108041222	man.n.01	0.96
108041324	serviceman.n.01	0.779
108041337	man.n.01	0.961
108041423	man.n.01	0.905
108041516	man.n.01	0.723
108041909	man.n.01	0.965
108043327	man.n.01	0.966
108043701	man.n.01	0.693
108043835	man.n.01	0.986
108043993	man.n.01	0.919
108044288	warrior.n.01	None
108044662	man.n.01	0.935
108045220	husband.n.01	None
108045241	husband.n.01	None
108045292	husband.n.01	None
108045586	man.n.01	0.988
108046511	husband.n.01	None
108046540	husband.n.01	None
108046686	man.n.03	0.493
108048343	man.n.01	0.972
108048813	man.n.01	0.976
108060527	man.n.01	0.919
108061138	man.n.01	0.859
108061312	man.n.01	0.962
108061581	servant.n.01	0.999
108061597	man.n.01	0.965
108061883	man.n.01	0.92
108062149	man.n.01	0.934
108062209	man.n.01	0.956
108062781	man.n.01	0.887
108063117	man.n.01	0.798
108063130	footman.n.01	None
108063603	footman.n.01	None
108063702	serviceman.n.01	0.512
108063733	man.n.01	0.95
108063873	man.n.01	0.694
108064095	man.n.01	0.699
108064124	serviceman.n.01	0.575
108064238	serviceman.n.01	0.503
108064391	man.n.01	0.909
108065106	man.n.01	0.922
108065187	man.n.01	0.929
108065257	man.n.01	0.826
108065267	man.n.01	0.771
108065310	man.n.01	0.919
108065548	host.n.01	0.411
108065607	man.n.01	0.751
108066012	soldier.n.01	0.999
108066207	serviceman.n.01	0.816
108066242	man.n.01	0.98
108066273	man.n.01	0.976
108066286	man.n.01	0.971
108067195	serviceman.n.01	0.684
108067256	man.n.01	0.96
108067382	serviceman.n.01	0.713
108067889	man.n.01	0.68
108067955	man.n.01	0.977
108068000	man.n.01	0.936
108068191	man.n.01	0.988
108068276	man.n.01	0.954
108068473	serviceman.n.01	0.669
108068557	serviceman.n.01	0.565
108068748	serviceman.n.01	0.916
108069850	footman.n.01	None
108069864	man.n.01	0.563
108069897	man.n.01	0.613
108070312	man.n.01	0.989
108070381	man.n.01	0.713
108070831	man.n.01	0.644
108071107	man.n.01	0.924
108071116	person.n.01	0.998
108071267	man.n.01	0.983
108071688	man.n.01	0.46
108071726	man.n.01	0.954
108072023	man.n.01	0.889
108072125	man.n.01	0.543
108072759	chap.n.01	0.745
108072764	man.n.01	0.973
108073080	man.n.01	0.516
108073314	man.n.01	0.529
108073834	person.n.01	0.999
108074399	serviceman.n.01	0.809
108074414	serviceman.n.01	0.567
108074448	man.n.01	0.75
108074451	man.n.01	0.75
108075086	man.n.01	0.687
108075106	man.n.01	0.934
108075244	ambassador.n.01	0.97
108075926	serviceman.n.01	0.935
108076006	man.n.01	0.828
108076072	serviceman.n.01	0.801
108076419	serviceman.n.01	0.638
108076923	man.n.01	0.561
108077246	man.n.01	0.917
108077401	man.n.01	0.822
108077901	man.n.01	0.794
108078173	man.n.01	0.526
108078682	man.n.01	0.872
108078922	serviceman.n.01	0.85
108079217	man.n.01	0.609
108079713	serviceman.n.01	0.734
108079782	man.n.01	0.889
108079879	man.n.01	0.853
108080007	man.n.01	0.715
108082042	man.n.01	0.978
108082184	man.n.01	0.986
108082559	man.n.01	0.948
108083587	man.n.01	0.924
108083835	man.n.01	0.953
108084254	man.n.01	0.995
108085041	man.n.01	0.996
108085117	man.n.01	0.945
108086559	man.n.01	0.924
108087202	person.n.01	0.999
108088775	man.n.01	0.984
108090237	serviceman.n.01	0.637
108090369	man.n.01	0.915
108090610	man.n.01	0.991
108091284	man.n.01	0.554
108092129	man.n.01	0.965
108092212	man.n.01	0.915
108092333	man.n.01	0.982
108092827	man.n.01	0.984
108092869	man.n.01	0.994
108099024	man.n.01	0.935
108099251	man.n.01	0.833
108103091	man.n.01	0.743
108103444	man.n.01	0.802
108105439	man.n.01	0.92
108106900	man.n.01	0.929
108107562	man.n.01	0.89
108109791	man.n.01	0.876
108114766	man.n.01	0.941
108120012	man.n.01	0.965
108122102	man.n.01	0.943
108122882	man.n.01	0.889
108131368	man.n.01	0.93
108131426	man.n.01	0.613
124911981	man.n.01	0.993
108138033	man.n.01	0.798
108138131	man.n.01	0.845
108138304	man.n.01	0.664
108138312	man.n.01	0.649
108139903	man.n.01	0.988
108145704	man.n.01	0.904
108145827	transgressor.n.01	None
108146229	man.n.01	0.822
108147612	man.n.01	0.688
108147623	man.n.01	0.5
108147666	man.n.01	0.975
108147898	man.n.01	0.937
108148100	man.n.01	0.973
108148209	husband.n.01	None
108148489	husband.n.01	None
108149511	man.n.01	0.768
108149602	man.n.01	0.626
108149645	fool.n.01	0.76
108149762	man.n.01	0.881
108149857	man.n.01	0.934
108149931	man.n.01	0.831
108149944	man.n.01	0.75
108149996	man.n.01	0.967
108150002	man.n.01	0.981
108150045	husband.n.01	None
108150071	man.n.01	0.904
108150176	man.n.01	0.911
108150308	husband.n.01	None
108150318	husband.n.01	None
108150359	man.n.01	0.937
108150366	man.n.01	0.958
108150464	man.n.01	0.882
108150497	man.n.01	0.948
116539125	hero.n.01	0.563
116539165	person.n.01	0.999
108150573	man.n.01	0.867
108150599	man.n.01	0.912
108150640	man.n.01	0.9
108150737	man.n.01	0.96
108150957	man.n.01	0.966
108151091	man.n.01	0.827
108151191	man.n.01	0.932
108151224	man.n.01	0.953
108151375	man.n.01	0.981
108151387	man.n.01	0.941
108151429	man.n.01	0.945
116540291	man.n.01	0.823
108151688	man.n.01	0.969
108151701	man.n.01	0.945
108151739	man.n.01	0.955
108151887	man.n.01	0.788
108152077	man.n.01	0.873
108152243	man.n.01	0.734
108152254	man.n.01	0.959
108152290	man.n.01	0.978
108152347	man.n.01	0.976
108152542	man.n.01	0.915
108152646	man.n.01	0.961
108152680	man.n.01	0.968
108152714	man.n.01	0.961
108152738	man.n.01	0.967
108152761	man.n.01	0.931
108152783	man.n.01	0.955
108152803	man.n.01	0.966
108152849	man.n.01	0.917
108152940	man.n.01	0.916
108152955	man.n.01	0.895
108152975	man.n.01	0.984
108152982	man.n.01	0.967
108153049	man.n.01	0.97
108153109	man.n.01	0.94
108153162	man.n.01	0.764
108153183	man.n.01	0.736
108153246	man.n.01	0.833
108153297	man.n.01	0.927
108153358	man.n.01	0.702
108153391	man.n.01	0.934
108153404	man.n.01	0.727
108153419	man.n.01	0.885
108153461	man.n.01	0.895
108153540	man.n.01	0.851
108153568	man.n.01	0.947
108153570	man.n.01	0.927
108153580	man.n.01	0.946
108153583	man.n.01	0.888
108153752	man.n.03	0.555
108153764	man.n.01	0.965
108153854	man.n.01	0.748
108154018	man.n.01	0.7
108154068	man.n.01	0.826
108154170	man.n.01	0.804
108154177	man.n.01	0.971
108154431	man.n.01	0.918
108154599	man.n.01	0.978
108154656	man.n.01	0.966
108154669	man.n.01	0.969
108154755	man.n.01	0.986
108155280	man.n.01	0.983
108155620	man.n.01	0.868
108155961	man.n.01	0.954
116544688	man.n.01	0.593
108156122	man.n.01	0.967
108156175	man.n.01	0.937
116544978	man.n.01	0.929
108156743	man.n.01	0.978
108156785	man.n.01	0.882
108156898	man.n.01	0.659
108157072	man.n.01	0.98
108157208	man.n.01	0.417
108157554	man.n.01	0.897
108157622	man.n.01	0.785
108157673	man.n.01	0.719
108157750	man.n.01	0.88
108157785	man.n.01	0.652
108157880	man.n.01	0.989
108157917	man.n.01	0.929
108158023	man.n.01	0.92
108158049	man.n.01	0.743
108158053	man.n.01	0.994
108158088	man.n.01	0.751
108158092	man.n.01	0.902
108158154	man.n.01	0.97
108158156	man.n.01	0.97
108158176	man.n.01	0.399
108158261	man.n.01	0.942
108158266	man.n.01	0.949
108158275	man.n.01	0.96
108158411	man.n.01	0.978
108158439	man.n.01	0.986
108158444	man.n.01	0.98
108158451	man.n.01	0.797
108158492	man.n.01	0.783
108158516	man.n.01	0.605
108158520	man.n.01	0.818
108158548	husband.n.01	None
108158561	husband.n.01	None
108158677	husband.n.01	None
108158696	husband.n.01	None
108158711	husband.n.01	None
108158796	husband.n.01	None
108158847	husband.n.01	None
108158980	man.n.01	0.794
108160520	man.n.01	0.95
108161346	stranger.n.01	0.74
108161360	man.n.01	0.981
108161642	man.n.01	0.873
116550373	man.n.01	0.819
108163027	man.n.01	0.877
108163052	man.n.01	0.983
108163796	man.n.01	0.981
116552879	thinker.n.01	0.923
116552981	male.n.02	0.814
116552988	male.n.02	0.907
108166358	man.n.01	0.875
108167938	man.n.01	0.823
108168240	man.n.01	0.797
108170350	man.n.01	0.877
108170939	man.n.01	0.803
108172143	man.n.03	0.475
108172732	man.n.01	0.902
108174717	man.n.01	0.596
108177157	man.n.01	0.981
108177357	man.n.01	0.964
108177388	man.n.01	0.936
108177952	man.n.01	0.992
108178643	man.n.01	0.777
108178772	man.n.01	0.466
108178806	man.n.01	0.858
108178844	man.n.01	0.845
108178968	man.n.01	0.926
108179004	man.n.01	0.964
108179159	man.n.01	0.931
108179753	man.n.01	0.571
108180270	man.n.01	0.858
108180581	man.n.01	0.329
108181244	man.n.01	0.862
108184723	man.n.01	0.741
108189904	man.n.01	0.939
108191820	man.n.01	0.869
108191919	husband.n.01	None
108193397	man.n.01	0.955
108194175	man.n.01	0.984
108194256	man.n.03	0.552
108194515	man.n.01	0.923
108194659	man.n.01	0.993
108195069	man.n.01	0.76
108195290	man.n.01	0.714
108195784	man.n.01	0.637
108195945	man.n.01	0.942
108196236	man.n.01	0.915
108196430	man.n.01	0.793
108196442	man.n.01	0.965
108196499	man.n.03	0.553
108196975	man.n.01	0.949
108197344	man.n.01	0.37
108197747	man.n.01	0.843
108198334	man.n.01	0.966
108198344	man.n.01	0.989
108199053	man.n.01	0.96
108199199	husband.n.01	None
108199776	man.n.01	0.979
116588662	man.n.01	0.984
108200063	husband.n.01	None
108200081	husband.n.01	None
108200094	man.n.01	0.95
116588851	man.n.01	0.785
108200715	wife.n.01	None
108200963	husband.n.01	None
108200992	man.n.01	0.976
108201015	husband.n.01	None
108201038	husband.n.01	None
108201080	man.n.01	0.965
108201093	husband.n.01	None
108201261	husband.n.01	None
108201418	husband.n.01	None
108201436	husband.n.01	None
108201506	man.n.01	0.59
108201513	man.n.01	0.868
108201628	man.n.01	0.885
108201969	man.n.01	0.763
108202087	man.n.01	0.952
116590974	man.n.01	0.669
116591081	man.n.01	0.977
108202617	man.n.01	0.968
108203127	man.n.01	0.963
108204495	man.n.01	0.767
108204590	man.n.01	0.958
108204922	man.n.01	0.912
108205478	husband.n.01	None
108205745	man.n.01	0.956
108205786	man.n.01	0.874
108205917	man.n.01	0.969
108205930	man.n.03	0.362
108206678	man.n.01	0.947
108207598	husband.n.01	None
108207734	man.n.01	0.91
108207851	man.n.01	0.664
108208337	man.n.01	0.991
108209019	man.n.01	0.937
108209142	man.n.01	0.962
108209384	man.n.01	0.968
108209748	man.n.01	0.955
108211492	man.n.01	0.988
108218497	husband.n.01	None
108218656	husband.n.01	None
108218927	husband.n.01	None
108219166	man.n.01	0.958
108222861	man.n.01	0.888
108225049	man.n.01	0.98
108226853	man.n.01	0.986
108226859	man.n.01	0.989
108228787	man.n.01	0.968
108229314	husband.n.01	None
108229728	man.n.01	0.745
108230676	serviceman.n.01	0.641
108231099	man.n.01	0.751
108231110	ally.n.01	0.753
108231764	man.n.01	0.971
108231779	serviceman.n.01	0.717
108231856	man.n.01	0.944
108231938	man.n.01	0.983
108232259	man.n.01	0.989
108234306	man.n.01	0.937
108235383	man.n.01	0.962
108236028	man.n.01	0.835
108237813	man.n.01	0.995
108237870	man.n.01	0.994
108238200	man.n.01	0.995
108239640	man.n.01	0.951
108239783	serviceman.n.01	0.778
108240640	man.n.01	0.945
108242462	man.n.01	0.922
108245804	man.n.01	0.959
108247136	man.n.01	0.936
108254658	man.n.01	0.923
108257079	man.n.01	0.936
108259198	man.n.01	0.968
108260983	man.n.01	0.982
108265936	man.n.01	0.979
108266729	man.n.01	0.982
108270755	husband.n.01	None
108271519	man.n.01	0.909
108271796	man.n.01	0.973
108273088	man.n.01	0.972
108274428	man.n.01	0.847
108277124	man.n.01	0.599
108277947	man.n.01	0.982
108277958	man.n.01	0.961
108278726	man.n.01	0.964
108278752	man.n.01	0.964
108280090	man.n.01	0.795
108280435	man.n.01	0.965
108280952	man.n.01	0.871
108283356	man.n.01	0.844
108283436	man.n.01	0.974
108283593	man.n.01	0.981
108284301	none.n.01	0.556
108285313	man.n.01	0.949
108287469	man.n.01	0.964
108287759	man.n.01	0.978
108288039	man.n.01	0.898
108288194	man.n.01	0.969
108288438	man.n.01	0.659
108288894	friend.n.01	0.899
108289667	man.n.01	0.963
108290206	man.n.01	0.956
108290400	man.n.01	0.988
108293346	warrior.n.01	None
108294259	young_person.n.01	0.78
108294530	warrior.n.01	None
108296699	man.n.01	0.845
108297964	man.n.01	0.973
108298115	man.n.01	0.818
108299046	husband.n.01	None
108301257	man.n.01	0.987
108301781	man.n.01	0.976
108302775	man.n.01	0.989
108303005	man.n.01	0.916
108303621	man.n.01	0.957
108305654	man.n.01	0.908
108306249	serviceman.n.01	0.623
108306264	man.n.01	0.762
108306306	man.n.01	0.537
108306315	serviceman.n.01	0.757
108306572	man.n.01	0.938
108306592	man.n.01	0.927
108306649	man.n.01	0.964
108306660	man.n.01	0.963
108306722	man.n.01	0.958
108306935	man.n.01	0.872
108307628	man.n.01	0.975
108307722	man.n.01	0.956
108307802	man.n.01	0.95
108308310	man.n.01	0.991
108308449	husband.n.01	None
108309069	serviceman.n.01	0.514
108309526	serviceman.n.01	0.58
108309532	man.n.01	0.816
108314135	man.n.01	0.74
108314440	man.n.01	0.872
108314497	man.n.01	0.986
108314512	man.n.01	0.915
108314554	man.n.01	0.796
108320692	man.n.01	0.992
108320908	man.n.01	0.989
108321066	man.n.01	0.988
108321172	man.n.01	0.978
108321196	man.n.01	0.995
108321243	man.n.01	0.995
108321275	man.n.01	0.984
108321352	man.n.01	0.989
108321481	man.n.01	0.998
108321526	man.n.01	0.997
108321576	man.n.01	0.989
108321643	man.n.01	0.984
108322102	man.n.01	0.956
108322136	man.n.01	0.982
108322395	man.n.01	0.947
108323059	man.n.01	0.767
108324010	man.n.01	0.987
108324035	man.n.01	0.936
108324403	man.n.01	0.981
108324453	man.n.01	0.981
108324514	man.n.01	0.98
108325651	husband.n.01	None
108326017	husband.n.01	None
108326031	husband.n.01	None
108327384	man.n.01	0.95
108328366	man.n.01	0.979
108330543	savage.n.01	0.903
108331255	man.n.01	0.98
108331588	man.n.01	0.987
108332364	man.n.01	0.943
108332881	man.n.01	0.798
108333008	man.n.01	0.741
108334379	warrior.n.01	None
108334755	warrior.n.01	None
108342876	man.n.01	0.871
108343051	warrior.n.01	None
108343363	man.n.01	0.995
108343399	man.n.01	0.986
108343463	man.n.01	0.991
108351525	man.n.01	0.974
108351662	husband.n.01	None
108352074	husband.n.01	None
108352788	husband.n.01	None
108355030	man.n.01	0.984
108355096	man.n.01	0.921
108355360	man.n.01	0.865
108355385	man.n.01	0.991
108355427	man.n.01	0.86
108355443	man.n.01	0.974
108356869	man.n.01	0.982
108356933	man.n.01	0.813
108358653	man.n.01	0.74
108359331	man.n.01	0.988
108359342	man.n.01	0.963
108359405	man.n.01	0.872
108361762	homo.n.02	0.34
108362498	man.n.01	0.99
108363901	man.n.01	0.926
108366099	man.n.01	0.954
108367438	man.n.01	0.953
108367460	man.n.01	0.968
108368812	man.n.01	0.993
108368839	man.n.01	0.97
108368927	man.n.01	0.812
108370648	man.n.01	0.973
108371569	man.n.01	0.974
108371713	man.n.01	0.947
108372013	man.n.01	0.988
108373433	man.n.01	0.975
108373438	man.n.01	0.994
108373912	man.n.01	0.949
108374412	man.n.01	0.992
108374467	man.n.01	0.682
108374749	man.n.01	0.994
108374817	man.n.01	0.863
108374915	man.n.01	0.938
108375173	man.n.03	0.434
108376625	man.n.01	0.997
108376651	man.n.01	0.995
108378317	man.n.01	0.994
108379129	man.n.01	0.601
108379302	serviceman.n.01	0.683
108379342	man.n.01	0.575
108379366	serviceman.n.01	0.741
108379374	serviceman.n.01	0.627
108379453	man.n.01	0.589
108379806	serviceman.n.01	0.815
108379967	serviceman.n.01	0.591
116769037	fisherman.n.01	None
108381084	serviceman.n.01	0.549
108381160	serviceman.n.01	0.719
108381269	serviceman.n.01	0.603
108381930	man.n.01	0.617
116770647	fisherman.n.01	None
108382058	man.n.01	0.762
108383066	serviceman.n.01	0.613
108383171	man.n.01	0.629
108383798	man.n.01	0.773
108384290	serviceman.n.01	0.62
108384323	man.n.01	0.485
108384350	serviceman.n.01	0.568
116773223	angler.n.02	0.871
108386415	man.n.01	0.981
116775053	man.n.01	0.86
108387399	man.n.01	0.989
108387966	husband.n.01	None
116776736	man.n.01	0.723
116776839	man.n.01	0.983
116780578	man.n.01	0.99
100004264	man.n.01	0.602
100005454	man.n.01	0.867
116782810	man.n.01	0.983
100006485	man.n.01	0.938
100006501	man.n.01	0.902
100006709	man.n.01	0.913
116784110	man.n.01	0.976
100007126	man.n.01	0.406
116784987	man.n.01	0.732
116785332	man.n.01	0.709
108397477	man.n.01	0.989
100008915	deity.n.01	0.839
108397584	husband.n.01	None
100009492	warrior.n.01	None
100010474	man.n.01	0.772
100011005	headman.n.02	0.528
100011093	man.n.01	0.981
100011250	man.n.01	0.978
116788937	man.n.01	0.991
108400906	husband.n.01	None
100012446	serviceman.n.01	0.774
100012503	man.n.03	0.482
100012789	man.n.01	0.691
108401858	man.n.01	0.956
100013334	serviceman.n.01	0.875
100013931	man.n.01	0.821
100013936	soldier.n.01	0.995
100014308	people.n.01	0.518
100014826	man.n.01	0.979
100015550	man.n.01	0.763
100015833	head.n.04	0.629
100015903	man.n.01	0.666
100016760	warrior.n.01	None
116794378	man.n.01	0.981
100017256	man.n.01	0.97
100017504	husband.n.01	None
100017719	hero.n.01	0.868
100017727	hero.n.01	0.868
116795036	scholar.n.01	0.988
116795200	man.n.01	0.913
100018223	warrior.n.01	None
100020085	man.n.01	0.823
100020704	homo.n.02	0.363
116798824	man.n.01	0.994
116800277	man.n.01	0.92
100023848	warrior.n.01	None
100024519	man.n.01	0.791
116801800	man.n.01	0.994
116801923	man.n.01	0.982
100025607	man.n.03	0.631
100025980	man.n.01	0.792
100026366	man.n.01	0.953
100027087	man.n.01	0.95
116804373	man.n.01	0.983
100027164	man.n.01	0.627
100027325	man.n.01	0.906
100027777	man.n.03	0.394
100027874	man.n.01	0.977
100028113	man.n.01	0.508
100028350	man.n.01	0.96
100028608	man.n.01	0.592
100028706	man.n.01	0.975
100029045	champion.n.02	0.41
100029480	man.n.01	0.975
100029544	man.n.01	0.697
100029843	serviceman.n.01	0.838
100030686	hero.n.01	0.772
116807910	man.n.01	0.978
100030871	man.n.01	0.883
100031601	serviceman.n.01	0.575
116809213	man.n.01	0.959
100032252	man.n.01	0.696
100032779	man.n.01	0.817
100032879	man.n.01	0.33
100033084	man.n.01	0.994
100033190	world.n.08	None
100033232	world.n.08	None
100034824	man.n.01	0.915
100035993	man.n.01	0.798
100036029	man.n.03	0.624
100036260	man.n.01	0.752
116814064	man.n.01	0.944
116814123	man.n.01	0.961
100037436	man.n.01	0.976
100037579	man.n.01	0.979
100038047	man.n.01	0.865
100038568	man.n.01	0.806
116816779	husband.n.01	None
108428669	man.n.01	0.75
116817418	man.n.01	0.857
100040677	homo.n.02	0.523
100040788	man.n.01	0.711
100041380	deity.n.01	0.774
100041737	man.n.06	0.408
108430576	man.n.01	0.488
108430676	man.n.01	0.983
100042076	warrior.n.01	None
100042408	warrior.n.01	None
100042736	man.n.01	0.652
116820158	man.n.01	0.759
100043206	man.n.01	0.928
100043490	hero.n.01	0.727
116821032	crew.n.01	0.889
116821674	man.n.01	0.983
100045728	man.n.01	0.532
100045846	hero.n.01	0.927
100046205	man.n.01	0.945
100046275	man.n.01	0.629
100046483	hero.n.01	0.809
116823954	husband.n.01	None
116823972	husband.n.01	None
100047367	man.n.01	0.93
100047747	man.n.01	0.917
100047922	serviceman.n.01	0.916
100048128	man.n.01	0.832
100048866	man.n.01	0.98
116826351	person.n.01	0.999
100049273	hero.n.01	0.847
100049536	man.n.01	0.972
100050495	man.n.01	0.716
116827832	man.n.01	0.967
100050664	man.n.01	0.701
100051172	man.n.01	0.909
100051654	man.n.01	0.714
100052517	man.n.01	0.858
100052763	man.n.01	0.875
100053281	man.n.01	0.432
100053681	troop.n.01	0.735
116831257	man.n.01	0.99
100054529	man.n.01	0.623
116831867	husband.n.01	None
100054789	warrior.n.01	None
100054848	man.n.01	0.84
100054887	man.n.01	0.581
100054939	warrior.n.01	None
100055202	man.n.01	0.94
100055234	people.n.01	0.901
100056183	man.n.01	0.986
100056331	woodsman.n.01	0.904
116833838	man.n.01	0.959
100057131	homo.n.02	0.381
100057179	serviceman.n.01	0.961
116834806	husband.n.01	None
100057974	man.n.06	0.387
100059198	son.n.01	1.0
116836828	man.n.01	0.979
100059758	horse.n.01	0.977
116837707	inhabitant.n.01	None
116838211	man.n.01	0.995
100061012	man.n.01	0.954
116838452	man.n.01	0.952
100061675	man.n.05	0.797
100061862	man.n.01	0.405
116839672	man.n.01	0.982
100062939	man.n.01	0.909
100063614	headman.n.02	0.562
100063751	man.n.01	0.948
116841613	man.n.01	0.941
100064837	homo.n.02	0.253
100065005	sheepherder.n.01	0.994
116842446	man.n.01	0.751
100065991	man.n.01	0.991
116843933	man.n.01	0.972
100067337	man.n.01	0.801
100067452	man.n.01	0.901
100067454	man.n.01	0.901
100067772	man.n.05	0.829
100068653	serviceman.n.01	0.385
100068889	man.n.01	0.704
100069223	hero.n.05	0.476
100069312	man.n.01	0.454
116846703	man.n.01	0.985
100071061	herder.n.02	None
116848313	man.n.01	0.952
100071548	man.n.01	0.536
116849529	man.n.01	0.981
100073946	man.n.01	0.943
116851837	man.n.01	0.995
100075352	deity.n.01	0.801
100075613	man.n.01	0.691
100076047	man.n.03	0.832
100076327	warrior.n.01	None
100076434	man.n.01	0.781
116854105	man.n.01	0.968
100077128	man.n.01	0.965
100077644	homo.n.02	0.363
100077940	deity.n.01	0.862
100080144	man.n.01	0.495
100080345	man.n.01	0.984
100080530	man.n.01	0.966
116857795	man.n.01	0.948
100081588	serviceman.n.01	0.329
100081801	serviceman.n.01	0.749
116859108	man.n.01	0.981
100082194	man.n.01	0.573
100082439	man.n.01	0.77
100083028	man.n.01	0.494
100083168	man.n.01	0.99
108472003	man.n.01	0.966
100083609	hero.n.05	0.463
108472661	man.n.01	0.985
116861292	man.n.01	0.972
108473026	man.n.01	0.996
108473552	man.n.01	0.972
100085081	oarsman.n.01	None
108473919	man.n.01	0.997
100085425	man.n.01	0.496
100085427	man.n.01	0.496
100085446	man.n.01	0.975
108474224	man.n.01	0.968
116863028	man.n.01	0.984
108474644	man.n.01	0.945
100086517	man.n.05	0.775
100086806	man.n.03	0.494
100087108	man.n.01	0.927
100087403	homo.n.02	0.663
100087621	woodsman.n.01	0.871
100087679	hero.n.01	0.876
116865019	man.n.01	0.98
116865147	man.n.01	0.996
116865268	man.n.01	0.992
100088322	man.n.01	0.771
100088478	man.n.01	0.951
100088556	man.n.01	0.832
100088588	warrior.n.01	None
116865814	man.n.01	0.982
100088860	woodcutter.n.01	None
100088901	man.n.01	0.979
116866217	man.n.01	0.993
100089316	man.n.01	0.643
100089796	man.n.01	0.961
116867118	man.n.01	0.99
100090617	man.n.01	0.712
116868006	man.n.01	0.895
100091312	dog.n.01	0.999
100091581	man.n.01	0.704
100091690	man.n.01	0.979
100092080	man.n.01	0.662
100092085	man.n.01	0.662
100092248	man.n.01	0.888
100092311	serviceman.n.01	0.41
100092461	hero.n.01	0.828
100094035	man.n.01	0.973
100094322	man.n.01	0.984
100095014	young_person.n.01	0.865
100096171	man.n.01	0.889
100097719	man.n.01	0.952
100097768	world.n.08	None
100097936	man.n.01	0.877
116875635	man.n.01	0.878
100098428	world.n.08	None
100099143	man.n.01	0.935
116876368	woman.n.01	0.986
100099726	man.n.01	0.525
100100617	husband.n.01	None
100101177	man.n.01	0.992
100101181	man.n.01	0.986
100101579	man.n.01	0.992
100102214	man.n.01	0.908
100102557	man.n.01	0.766
100102930	deity.n.01	0.856
100103152	child.n.01	0.588
100103350	man.n.01	0.816
100103481	man.n.01	0.382
100103523	man.n.01	0.831
100103785	man.n.01	0.887
100104361	man.n.01	0.59
100104958	hero.n.01	0.614
116882689	man.n.01	0.974
100105570	man.n.01	0.893
100105974	warrior.n.01	None
100106017	man.n.01	0.487
100106084	deity.n.01	0.884
100106213	deity.n.01	0.866
100106390	man.n.01	0.569
100106885	man.n.01	0.577
116884207	man.n.01	0.968
100107762	man.n.01	0.896
100107944	man.n.01	0.974
100109484	man.n.01	0.989
116886706	man.n.01	0.979
100109929	horse.n.01	0.956
116887932	man.n.01	0.97
100112215	man.n.01	0.993
100112471	animal.n.01	0.622
116889929	person.n.01	0.999
116890063	person.n.01	0.999
116890210	man.n.01	0.98
100113258	man.n.01	0.939
100114338	man.n.01	0.911
100114765	man.n.01	0.693
100115300	man.n.01	0.942
116892612	man.n.01	0.982
116892638	man.n.01	0.992
116892656	man.n.01	0.994
116892677	man.n.01	0.976
100115683	man.n.01	0.939
100115764	man.n.01	0.683
116893118	man.n.01	0.851
100116378	homo.n.02	0.589
100116388	man.n.01	0.926
116893733	man.n.01	0.995
116894164	man.n.01	0.923
100117193	man.n.01	0.477
116895158	man.n.01	0.587
100118546	man.n.01	0.914
100118902	serviceman.n.01	0.883
100118934	people.n.01	0.988
100119761	serviceman.n.01	0.733
116897634	man.n.01	0.973
116897761	person.n.01	0.998
116898033	person.n.01	0.999
100121707	man.n.01	0.863
116899859	man.n.01	0.908
116900043	man.n.01	0.999
116900074	woman.n.01	0.938
100123754	man.n.01	0.627
100124865	champion.n.01	0.651
116902341	man.n.01	0.962
116902691	husband.n.01	None
116902745	man.n.01	0.932
100126035	champion.n.01	0.491
116903350	man.n.01	0.955
116904030	man.n.01	0.935
100126884	battle.n.01	0.916
116904256	man.n.01	0.977
116904307	man.n.01	0.995
100127203	man.n.01	0.618
100127720	homo.n.02	0.589
116905394	person.n.01	1.0
116905452	man.n.01	0.972
100128669	man.n.01	0.974
116906239	man.n.01	0.993
116906252	man.n.01	0.987
100129070	man.n.01	0.88
116906626	husband.n.01	None
100129697	man.n.01	0.899
100129778	man.n.01	0.922
100130988	man.n.01	0.929
100131002	man.n.01	0.956
116908365	man.n.01	0.971
116908461	person.n.01	0.999
100132719	person.n.01	None
100132903	man.n.01	0.983
100132984	man.n.01	0.982
100133126	husband.n.01	None
100134056	homo.n.02	0.511
116911539	person.n.01	0.999
100134652	hero.n.01	0.756
100135465	savage.n.01	0.934
100135649	man.n.01	0.799
116913365	man.n.01	0.979
108524967	man.n.01	0.854
116913725	man.n.01	0.743
100136762	husband.n.01	None
100136812	world.n.08	None
100136890	man.n.03	0.538
100137036	man.n.01	0.753
100137268	man.n.01	0.921
108526207	serviceman.n.01	0.63
108526341	man.n.01	0.628
100138076	man.n.01	0.946
100139270	man.n.01	0.987
116916487	man.n.01	0.691
116916580	man.n.01	0.965
116916943	man.n.01	0.99
100139759	man.n.01	0.661
108529826	man.n.01	0.979
108529874	man.n.01	0.881
108530033	man.n.01	0.766
116918843	man.n.01	0.96
116919450	husband.n.01	None
116919584	man.n.01	0.423
116919740	man.n.01	0.985
108531303	man.n.01	0.967
108531542	man.n.01	0.976
100143091	man.n.01	0.981
108531843	man.n.01	0.983
108531908	man.n.01	0.935
108532262	man.n.01	0.963
100144099	people.n.01	0.976
100144549	man.n.01	0.988
100144731	man.n.01	0.423
100145909	man.n.01	0.997
100146194	man.n.01	0.94
100146880	man.n.01	0.983
100146906	man.n.01	0.989
100147450	man.n.01	0.973
100147681	man.n.01	0.907
116924985	man.n.01	0.87
116925425	person.n.01	0.999
100148515	man.n.01	0.869
100148759	serviceman.n.01	0.757
108537481	man.n.01	0.971
100149069	man.n.01	0.563
116926436	man.n.01	0.992
108537972	man.n.01	0.958
108538026	husband.n.01	None
108538045	husband.n.01	None
116927119	person.n.01	1.0
100150426	man.n.01	0.967
100151295	man.n.01	0.966
108540209	man.n.01	0.896
108540932	man.n.01	0.945
108541314	man.n.01	0.956
108541362	man.n.01	0.928
100152842	man.n.01	0.944
108541709	man.n.01	0.927
100153431	man.n.01	0.908
108542384	man.n.01	0.994
108542460	man.n.01	0.977
108542569	husband.n.01	None
100154030	man.n.01	0.963
100154111	man.n.01	0.542
108542802	man.n.01	0.884
108542890	man.n.01	0.86
100154720	person.n.01	None
108543816	man.n.01	0.942
108543897	husband.n.01	None
108544119	husband.n.01	None
108544281	husband.n.01	None
108544359	husband.n.01	None
108544400	husband.n.01	None
108544433	husband.n.01	None
108545590	husband.n.01	None
108546527	man.n.01	0.99
108547263	man.n.01	0.985
100158680	man.n.01	0.988
100158870	husband.n.01	None
100158895	man.n.01	0.876
100159415	man.n.01	0.915
100159829	man.n.01	0.988
108548638	man.n.01	0.961
100160640	man.n.01	0.938
108549267	writer.n.01	0.862
100160775	husband.n.01	None
108549500	man.n.01	0.979
108549507	husband.n.01	None
108549737	man.n.01	0.955
108549909	man.n.03	0.445
108550605	man.n.01	0.971
108551772	man.n.01	0.964
108552169	man.n.01	0.993
100163581	man.n.01	0.996
100163723	hero.n.01	0.648
100164256	man.n.01	0.943
100164340	man.n.01	0.962
108553018	man.n.01	0.987
108553061	man.n.01	0.98
100164757	man.n.01	0.986
108554042	woman.n.01	0.844
108554305	man.n.01	0.95
108554321	man.n.01	0.972
108554732	man.n.01	0.981
108554765	man.n.01	0.94
108554780	husband.n.01	None
108555595	man.n.01	0.86
108555968	man.n.01	0.896
100167369	serviceman.n.01	0.533
116944854	man.n.01	0.524
100168122	man.n.01	0.91
108556860	serviceman.n.01	0.552
116945507	man.n.01	0.991
108557189	man.n.01	0.963
100168877	man.n.01	0.561
116946185	husband.n.01	None
108557691	man.n.01	0.551
116946355	man.n.01	0.887
100169194	people.n.01	0.907
116946645	man.n.01	0.994
100169570	people.n.01	0.949
116946895	man.n.01	0.933
108558296	man.n.01	0.895
108558329	serviceman.n.01	0.841
108558442	man.n.01	0.992
108558545	man.n.01	0.993
116947161	man.n.01	0.586
108558733	man.n.01	0.955
108559775	man.n.01	0.852
108560037	man.n.01	0.971
100171813	man.n.01	0.95
116949082	man.n.01	0.557
108560548	person.n.01	0.999
100172187	man.n.01	0.667
108560887	man.n.01	0.975
100172340	animal.n.01	0.657
108560966	man.n.01	0.964
100172456	man.n.01	0.973
108561282	man.n.01	0.981
108561362	man.n.01	0.988
116950164	man.n.01	0.965
116950231	man.n.01	0.905
108561728	man.n.01	0.957
108561776	man.n.01	0.949
116950756	man.n.01	0.938
108562153	man.n.01	0.879
100173661	man.n.01	0.982
108562310	man.n.01	0.946
100173786	man.n.01	0.691
108562537	man.n.01	0.905
100173970	man.n.01	0.929
108562713	man.n.01	0.833
100174406	man.n.01	0.89
100174754	serviceman.n.01	0.753
108563507	man.n.01	0.988
108563509	man.n.01	0.988
100175311	man.n.01	0.993
100175768	man.n.01	0.865
108564887	man.n.01	0.876
108565390	man.n.01	0.982
100177663	man.n.01	0.775
100178219	man.n.01	0.847
100178507	man.n.01	0.961
100178855	serviceman.n.01	0.909
108567991	man.n.01	0.851
108568798	man.n.01	0.939
116957629	man.n.01	0.995
100180631	husband.n.01	None
100180713	man.n.01	0.977
100180772	man.n.01	0.989
116958295	man.n.01	0.965
108569725	husband.n.01	None
108569737	husband.n.01	None
108569972	husband.n.01	None
100181404	serviceman.n.01	0.564
108570011	husband.n.01	None
108570050	husband.n.01	None
100181691	man.n.01	0.697
108570405	man.n.01	0.929
100182053	man.n.01	0.979
108570793	man.n.01	0.993
100182261	serviceman.n.01	0.897
108571889	man.n.01	0.974
108572060	stranger.n.01	0.531
108572119	citizen.n.01	None
100183949	man.n.01	0.969
108572830	man.n.01	0.833
108572864	man.n.01	0.582
108573169	man.n.01	0.845
116961788	husband.n.01	None
108574202	man.n.01	0.953
116963165	man.n.01	0.954
116963198	man.n.01	0.966
108574603	man.n.01	0.829
100187068	deity.n.01	0.915
108575930	man.n.01	0.988
108576272	kin.n.02	0.829
108576334	husband.n.01	None
108576388	man.n.01	0.952
108576455	man.n.01	0.936
108576568	husband.n.01	None
116965767	man.n.01	0.673
116965992	man.n.01	0.992
116966003	man.n.01	0.974
116966015	man.n.01	0.991
116966038	man.n.01	0.99
116966075	man.n.01	0.988
100189791	man.n.01	0.857
108578512	man.n.01	0.982
108578693	man.n.01	0.954
108578783	man.n.01	0.979
108578928	man.n.01	0.735
100190495	serviceman.n.01	0.508
108579157	man.n.01	0.983
108579223	man.n.01	0.979
108579478	man.n.01	0.965
108579814	man.n.01	0.979
100191513	man.n.01	0.915
116968729	man.n.01	0.976
108580346	man.n.01	0.491
100191761	man.n.01	0.944
100191824	goat_herder.n.01	None
108580518	writer.n.01	0.993
100191995	man.n.01	0.982
108580784	man.n.01	0.926
108581058	man.n.01	0.942
100192827	serviceman.n.01	0.832
100192929	serviceman.n.01	0.946
100192934	serviceman.n.01	0.946
108581549	man.n.01	0.988
108581789	people.n.01	0.835
108582009	man.n.01	0.904
100193410	man.n.01	0.986
100193989	man.n.01	0.949
100194172	man.n.01	0.968
100194178	man.n.01	0.968
116971538	man.n.01	0.977
108583290	man.n.01	0.927
100195467	man.n.01	0.978
100195536	man.n.01	0.926
116972955	husband.n.01	None
108584517	man.n.01	0.968
108584860	man.n.01	0.919
108585072	man.n.01	0.946
108585306	man.n.01	0.663
108585492	man.n.01	0.961
100196910	man.n.01	0.995
108585603	man.n.01	0.861
108586038	man.n.01	0.962
100197448	man.n.01	0.987
100197454	man.n.01	0.971
108586296	man.n.01	0.987
116974926	man.n.01	0.976
108586426	man.n.01	0.81
100197860	man.n.01	0.908
108586603	man.n.01	0.954
108587188	man.n.01	0.966
108587247	man.n.01	0.8
116975917	husband.n.01	None
100198747	people.n.01	0.967
100198961	man.n.01	0.701
100199190	man.n.01	0.99
100199205	man.n.01	0.971
100199395	man.n.01	0.875
108588042	enemy.n.02	0.866
100199474	messenger.n.01	None
100200024	man.n.01	0.854
100201367	man.n.01	0.868
108589975	man.n.06	0.327
108590274	man.n.01	0.7
108590403	man.n.01	0.922
100202031	man.n.01	0.961
100202096	man.n.01	0.549
108591311	man.n.01	0.651
100203044	woman.n.01	0.805
108591765	man.n.01	0.783
100203557	man.n.01	0.787
108592246	man.n.01	0.886
108592372	man.n.01	0.956
108592403	captain.n.02	0.958
116981127	serviceman.n.01	0.943
108592564	man.n.01	0.877
116981248	man.n.01	0.988
100204165	man.n.01	0.908
108593290	man.n.01	0.884
108593296	man.n.01	0.905
108593925	man.n.01	0.894
108594508	man.n.01	0.82
108594722	man.n.01	0.77
100206265	herder.n.02	None
108595438	man.n.01	0.945
100206851	people.n.01	0.991
108596865	man.n.01	0.929
116986204	husband.n.01	None
116986210	husband.n.01	None
116986352	man.n.01	0.972
100209488	man.n.01	0.991
108598185	man.n.01	0.987
108598644	man.n.01	0.583
100210325	man.n.01	0.99
100210327	man.n.01	0.99
108599445	man.n.01	0.959
116988053	serviceman.n.01	0.538
116988065	serviceman.n.01	0.657
108599553	man.n.01	0.776
108599609	man.n.01	0.816
100211109	man.n.01	0.994
100211135	man.n.01	0.646
116988358	serviceman.n.01	0.762
116988381	man.n.01	0.91
108599908	man.n.01	0.738
108599996	man.n.01	0.994
116988650	person.n.01	0.793
100211507	man.n.01	0.606
108600241	man.n.01	0.987
116988852	man.n.01	0.501
108600591	man.n.01	0.977
108600841	man.n.01	0.979
108600938	husband.n.01	None
108601106	man.n.01	0.837
108601334	citizen.n.01	None
108601476	wrongdoer.n.01	None
100212951	man.n.01	0.962
116990442	man.n.01	0.987
108601925	man.n.01	0.828
116991086	serviceman.n.01	0.674
108602577	man.n.01	0.959
108602776	man.n.01	0.945
116991419	man.n.01	0.99
116991458	man.n.01	0.953
108602871	man.n.01	0.987
100214266	man.n.01	0.996
116991715	serviceman.n.01	0.934
108603146	man.n.01	0.729
108603420	man.n.01	0.907
100215933	husband.n.01	None
108604544	man.n.01	0.897
100216662	woman.n.01	0.976
116994315	serviceman.n.01	0.869
108607216	man.n.01	0.764
108607742	serviceman.n.01	0.639
108608027	man.n.01	0.943
100219547	man.n.01	0.921
116997218	husband.n.01	None
100220529	serviceman.n.01	0.625
116997982	man.n.01	0.873
108609982	man.n.01	0.877
116998963	soldier.n.01	0.993
108610503	man.n.01	0.974
100222243	man.n.01	0.93
108611274	man.n.01	0.916
100222815	husband.n.01	None
100223006	man.n.01	0.709
108611825	citizen.n.01	None
108612228	man.n.01	0.952
108612533	man.n.01	0.988
108612645	man.n.01	0.984
117001775	man.n.01	0.827
100225029	man.n.01	0.987
100225043	man.n.01	0.911
100225045	man.n.01	0.911
100225181	robber.n.01	None
108613825	man.n.01	0.979
100225289	man.n.01	0.865
100225559	man.n.01	0.987
117003153	serviceman.n.01	0.903
100226048	man.n.01	0.521
108614783	man.n.01	0.972
100226194	man.n.01	0.988
108614918	man.n.01	0.861
117003529	man.n.01	0.545
108615218	man.n.01	0.863
100227154	man.n.01	0.969
100227193	man.n.01	0.755
108616050	crew.n.01	0.989
117004734	man.n.01	0.983
108616151	man.n.01	0.982
117004941	hostage.n.01	None
108616458	man.n.01	0.956
117005188	man.n.01	0.989
100227992	man.n.01	0.911
108616841	philosopher.n.01	0.955
117006691	man.n.01	0.647
117007273	troop.n.01	0.726
117007352	serviceman.n.01	0.887
108618870	serviceman.n.01	0.552
100231157	husband.n.01	None
100231388	man.n.01	0.502
117008781	enemy.n.01	0.713
100231740	husband.n.01	None
108620432	man.n.01	0.55
100232194	man.n.01	0.975
108620808	man.n.01	0.974
108621215	man.n.01	0.929
100232646	people.n.01	0.7
100232916	suitor.n.01	None
108621572	man.n.03	0.534
108621647	man.n.01	0.862
117010286	soldier.n.01	0.999
117010484	man.n.01	0.905
100233524	man.n.01	0.914
108622224	man.n.01	0.84
117011248	serviceman.n.01	0.942
100234213	hero.n.01	0.905
117011484	man.n.01	0.533
100234380	man.n.01	0.961
108623051	man.n.01	0.849
100234477	man.n.01	0.777
117011717	serviceman.n.01	0.657
108623223	man.n.01	0.77
108623225	man.n.01	0.77
108623252	man.n.01	0.507
108623282	serviceman.n.01	0.711
117012138	man.n.01	0.878
108623547	man.n.01	0.918
117012310	man.n.01	0.627
117012352	man.n.01	0.549
108623847	man.n.01	0.953
108623905	man.n.01	0.96
108623981	man.n.01	0.862
108623998	man.n.01	0.934
100235641	man.n.01	0.987
100235838	people.n.01	0.96
117013087	senator.n.01	None
117013324	man.n.01	0.941
108624748	colleague.n.02	0.378
108624779	man.n.01	0.871
108625180	serviceman.n.01	0.765
108625216	man.n.01	0.741
100236695	suitor.n.01	None
108625313	man.n.01	0.457
108625508	serviceman.n.01	0.524
100237098	man.n.01	0.95
100237821	man.n.01	0.588
108626789	man.n.01	0.918
108626812	man.n.01	0.846
100238266	man.n.01	0.414
108626998	man.n.01	0.838
108627125	soldier.n.01	0.999
100238545	man.n.01	0.952
108627207	serviceman.n.01	0.603
108627293	soldier.n.01	0.998
108627350	man.n.01	0.822
100238753	man.n.01	0.984
108627511	man.n.01	0.716
108627582	man.n.01	0.946
100239204	man.n.01	0.952
100239926	man.n.01	0.909
108628563	man.n.01	0.988
100240013	man.n.01	0.889
108629118	man.n.01	0.925
108629138	man.n.01	0.933
108629401	man.n.01	0.742
108629637	man.n.01	0.672
100241164	man.n.01	0.604
117018412	serviceman.n.01	0.776
108629967	man.n.01	0.926
108630276	man.n.01	0.982
108630333	manhood.n.01	0.802
117019319	person.n.01	0.999
117019922	man.n.01	0.713
117020276	man.n.01	0.905
100243084	homo.n.02	0.427
108632292	husband.n.01	None
108632528	man.n.01	0.877
108632761	man.n.01	0.974
100244295	man.n.01	0.758
117021553	warrior.n.01	None
117021715	man.n.01	0.776
108633235	serviceman.n.01	0.878
117021858	man.n.01	0.988
108633504	serviceman.n.01	0.84
108633607	man.n.01	0.965
108633690	man.n.01	0.936
100245434	young_person.n.01	0.547
100246138	man.n.01	0.734
100246158	man.n.01	0.952
100246337	man.n.01	0.398
100246435	homo.n.02	0.423
100246765	man.n.01	0.514
117024061	man.n.01	0.928
100246986	man.n.01	0.594
117024551	serviceman.n.01	0.794
100247388	man.n.01	0.908
117024627	inhabitant.n.01	None
100247444	man.n.01	0.839
117024807	husband.n.01	None
117024831	man.n.01	0.984
108636304	man.n.01	0.959
100247788	homo.n.02	0.415
117025344	serviceman.n.01	0.55
108637111	man.n.03	0.453
100249323	man.n.01	0.366
108638029	crew.n.01	0.978
100249982	homo.n.02	0.42
100250113	man.n.01	0.528
100250213	man.n.01	0.702
100250440	man.n.01	0.954
100250591	man.n.01	0.908
108639330	man.n.01	0.729
100250810	man.n.01	0.949
100250848	man.n.01	0.771
100250996	man.n.01	0.554
100251298	homo.n.02	0.466
117028607	serviceman.n.01	0.847
100251505	man.n.01	0.597
100251589	homo.n.02	0.333
117028989	serviceman.n.01	0.885
117029195	serviceman.n.01	0.951
100252129	man.n.01	0.93
100252272	man.n.01	0.575
100252286	man.n.01	0.977
100252433	man.n.01	0.643
108641104	man.n.01	0.796
117029814	man.n.01	0.805
108641317	man.n.01	0.954
100252769	man.n.01	0.811
108641651	man.n.01	0.862
108641741	man.n.01	0.958
100253390	man.n.01	0.972
100253436	man.n.01	0.875
108642110	soldier.n.01	1.0
100253507	man.n.01	0.734
100253514	man.n.01	0.734
108642302	man.n.01	0.975
100253880	man.n.01	0.674
117031176	serviceman.n.01	0.931
100254025	man.n.01	0.411
108643028	man.n.01	0.982
117031740	serviceman.n.01	0.895
100254644	man.n.01	0.76
100254677	man.n.01	0.948
100254708	man.n.01	0.99
108643339	man.n.01	0.798
100254938	man.n.01	0.687
100255029	man.n.01	0.97
100255036	man.n.01	0.974
108643724	serviceman.n.01	0.553
117032488	man.n.01	0.746
108644004	man.n.01	0.975
108644157	man.n.01	0.44
100255760	man.n.01	0.983
100256192	homo.n.02	0.444
108644915	man.n.01	0.967
100256420	sailor.n.01	0.853
108645213	aristocrat.n.01	None
100256730	man.n.01	0.926
108645419	man.n.01	0.864
100256829	man.n.01	0.978
100256866	man.n.01	0.668
100256988	man.n.01	0.974
100257147	man.n.01	0.973
108645768	man.n.01	0.959
100257166	woman.n.01	0.989
108646135	man.n.01	0.954
117034827	man.n.01	0.89
100257657	male.n.01	0.643
108646433	man.n.01	0.917
117035074	gentleman.n.01	0.98
117035086	man.n.03	0.586
100257925	hero.n.05	0.513
100257996	man.n.01	0.558
100258009	man.n.01	0.767
100258112	man.n.01	0.904
100258157	man.n.01	0.978
100258215	man.n.01	0.907
117035608	captain.n.02	0.842
117035712	patriot.n.01	None
100258592	man.n.01	0.542
108647221	man.n.01	0.979
117035889	ally.n.02	0.608
100258790	warrior.n.01	None
117036132	gentleman.n.01	0.997
100258944	man.n.01	0.95
108647776	man.n.01	0.985
100259336	man.n.01	0.648
100259470	fisherman.n.01	None
100259657	man.n.01	0.911
100259712	man.n.01	0.994
100259932	man.n.01	0.881
100259961	husband.n.01	None
108648651	man.n.01	0.973
100260198	hunter.n.01	None
100260584	man.n.01	0.859
108649358	man.n.01	0.976
100260882	hunter.n.01	None
100260982	man.n.01	0.806
100261046	man.n.01	0.876
117038292	man.n.01	0.947
117038853	serviceman.n.01	0.556
108650462	husband.n.01	None
108650841	husband.n.01	None
108651101	man.n.01	0.685
108651167	man.n.01	0.849
108651186	man.n.01	0.938
117040266	man.n.01	0.747
117040482	serviceman.n.01	0.594
117040962	defender.n.02	0.912
108652873	man.n.01	0.874
108653410	man.n.01	0.808
108653663	man.n.01	0.959
108654279	warrior.n.01	None
117043391	man.n.01	0.709
117043530	serviceman.n.01	0.794
117043638	shield.n.02	0.946
108655106	man.n.01	0.854
117044544	serviceman.n.01	0.856
108656659	man.n.01	0.962
108656719	man.n.01	0.578
117045947	serviceman.n.01	0.866
117046449	man.n.01	0.968
108657930	important_person.n.01	0.81
117047063	man.n.01	0.852
117049080	person.n.01	0.998
117049276	serviceman.n.01	0.938
108660931	serviceman.n.01	0.873
117050042	soldier.n.01	1.0
108661856	man.n.01	0.878
117051929	soldier.n.01	0.999
108663395	man.n.01	0.988
117052325	man.n.01	0.97
108663765	man.n.01	0.959
108663951	man.n.01	0.96
117052576	man.n.01	0.962
108664303	commanding_officer.n.01	0.94
108664461	man.n.01	0.981
117053086	serviceman.n.01	0.934
108664580	husband.n.01	None
108664682	man.n.01	0.976
108664739	husband.n.01	None
117053379	man.n.01	0.981
117053782	citizen.n.01	None
108665422	man.n.01	0.893
108665682	serviceman.n.01	0.508
108665842	man.n.01	0.948
108666386	man.n.01	0.789
117055496	serviceman.n.01	0.553
117056385	man.n.01	0.984
108667817	serviceman.n.01	0.919
108670315	man.n.01	0.991
108670380	man.n.01	0.994
117059598	man.n.01	0.939
108671422	man.n.01	0.934
108671665	man.n.01	0.93
117060731	man.n.01	0.846
108672131	man.n.01	0.95
117061040	man.n.01	0.746
108672660	man.n.01	0.795
117061690	soldier.n.01	0.999
108673125	man.n.01	0.96
117061926	man.n.01	0.934
108673425	man.n.01	0.939
108674426	man.n.01	0.525
108674708	serviceman.n.01	0.568
108675270	man.n.01	0.946
108675393	hero.n.02	0.436
108675759	man.n.01	0.938
108675820	man.n.01	0.849
117064554	soldier.n.01	0.999
117065085	serviceman.n.01	0.949
108676481	man.n.01	0.971
108677054	man.n.01	0.973
108677156	man.n.01	0.668
108677967	serviceman.n.01	0.908
108678024	serviceman.n.01	0.797
108678308	man.n.01	0.974
108678393	man.n.01	0.977
108678716	man.n.01	0.96
108678763	serviceman.n.01	0.82
108678814	man.n.01	0.845
108679835	man.n.01	0.726
108680075	man.n.01	0.855
108680122	man.n.01	0.959
108680578	serviceman.n.01	0.776
117069236	soldier.n.01	0.999
108680825	man.n.01	0.915
117069747	crew.n.01	0.989
108681720	man.n.01	0.848
108681895	man.n.01	0.639
117070799	serviceman.n.01	0.777
117070838	serviceman.n.01	0.739
108682268	man.n.01	0.595
108682618	man.n.01	0.93
117071447	serviceman.n.01	0.808
108683145	man.n.01	0.945
117071949	serviceman.n.01	0.923
108683624	man.n.01	0.962
117072233	serviceman.n.01	0.618
117072238	serviceman.n.01	0.618
108683744	man.n.01	0.976
117073518	man.n.01	0.982
108684969	friend.n.01	0.961
108685189	man.n.01	0.935
108685661	husband.n.01	None
108686082	man.n.01	0.987
108686422	man.n.01	0.997
100298047	man.n.01	0.556
108686672	man.n.01	0.975
108686774	man.n.01	0.965
108686800	consul.n.01	None
100298244	man.n.01	0.946
100298256	man.n.01	0.966
100298314	man.n.01	0.938
100298333	companion.n.01	0.939
100298463	man.n.01	0.959
100298517	man.n.01	0.951
100298648	man.n.01	0.91
100298675	man.n.01	0.886
100298682	friend.n.01	0.988
100298712	man.n.01	0.843
100298755	man.n.01	0.457
108687378	man.n.01	0.852
108687455	man.n.01	0.931
100298892	man.n.01	0.916
100298925	man.n.01	0.966
100298955	man.n.01	0.96
100299212	man.n.01	0.909
100299224	man.n.01	0.982
100299292	man.n.01	0.862
108688097	serviceman.n.01	0.887
108688128	man.n.01	0.922
100299596	man.n.01	0.921
100299603	man.n.03	0.616
100299652	young_person.n.01	0.667
117076937	man.n.01	0.453
108688340	man.n.01	0.908
108688425	man.n.01	0.968
100299943	man.n.01	0.876
100300086	man.n.01	0.976
100300097	man.n.01	0.91
100300179	man.n.01	0.874
100300258	man.n.01	0.946
117077546	man.n.01	0.978
100300390	man.n.01	0.966
100300506	man.n.01	0.977
100300553	man.n.01	0.857
100300846	man.n.01	0.882
100300908	man.n.01	0.833
100300989	man.n.01	0.844
100301051	man.n.01	0.858
117078393	man.n.01	0.966
100301268	man.n.01	0.702
100301419	husband.n.01	None
108690033	crew.n.01	0.985
100301769	man.n.01	0.981
100301772	man.n.01	0.955
100302008	man.n.01	0.87
100302107	man.n.01	0.933
108690834	man.n.01	0.945
108690849	man.n.01	0.739
100302435	man.n.01	0.989
100302739	man.n.01	0.991
100302801	man.n.01	0.973
100302844	man.n.01	0.99
100302885	man.n.01	0.553
108691496	citizen.n.01	None
100303021	man.n.01	0.831
100303067	man.n.01	0.942
117080631	man.n.01	0.937
108692264	serviceman.n.01	0.851
100303695	man.n.01	0.867
100303736	man.n.01	0.807
100303744	man.n.03	0.678
108692913	adversary.n.01	0.999
100304395	man.n.01	0.571
100304524	man.n.01	0.669
100304615	man.n.01	0.784
100304638	man.n.01	0.92
100304756	man.n.01	0.952
100304889	man.n.01	0.868
100304905	man.n.01	0.72
108693737	serviceman.n.01	0.649
100305193	man.n.01	0.917
100305333	person.n.01	1.0
108693948	man.n.01	0.88
100305458	man.n.01	0.96
100305581	man.n.01	0.934
100305688	man.n.01	0.569
100305778	man.n.01	0.918
117083144	man.n.01	0.622
100306018	man.n.03	0.66
108694697	man.n.01	0.647
100306283	man.n.01	0.805
117083502	serviceman.n.01	0.591
100306327	man.n.01	0.937
100306421	man.n.01	0.961
100306490	friend.n.01	0.969
100306608	man.n.01	0.942
117084203	husband.n.01	None
117084219	monster.n.04	0.832
108695617	man.n.01	0.905
117084262	man.n.01	0.99
100307124	man.n.01	0.981
100307151	man.n.01	0.891
100307214	man.n.01	0.976
100307223	friend.n.01	0.931
108695844	serviceman.n.01	0.401
100307427	man.n.01	0.942
108696036	serviceman.n.01	0.706
100307459	man.n.01	0.6
100307494	man.n.01	0.92
100307529	man.n.03	0.611
117084813	prisoner.n.01	None
108696345	man.n.01	0.992
117085180	man.n.01	0.889
117085226	citizen.n.01	None
117085235	soldier.n.01	0.999
108696640	statesman.n.01	None
100308623	man.n.01	0.966
108697314	man.n.01	0.98
100308869	man.n.01	0.988
100309074	man.n.01	0.961
108697918	man.n.01	0.962
108697994	man.n.01	0.874
100309836	man.n.01	0.936
108698693	man.n.01	0.874
108698883	serviceman.n.01	0.441
117087589	serviceman.n.01	0.564
117087919	serviceman.n.01	0.74
100310909	man.n.01	0.611
117088228	serviceman.n.01	0.92
108700377	serviceman.n.01	0.421
108700431	man.n.01	0.975
117089365	man.n.01	0.938
108700795	man.n.01	0.847
108700949	man.n.01	0.906
108701043	horseman.n.01	0.944
117089675	citizen.n.01	None
117089703	man.n.01	0.696
108701679	man.n.01	0.908
117090348	man.n.01	0.891
108702026	man.n.01	0.538
108702177	man.n.01	0.816
108702235	man.n.01	0.769
117091032	people.n.01	0.879
108702493	man.n.01	0.951
108702514	man.n.01	0.978
108703517	man.n.01	0.605
108703993	man.n.01	0.649
117092773	man.n.01	0.921
100315661	man.n.01	0.846
108704434	man.n.01	0.545
108704625	man.n.01	0.939
108704762	man.n.01	0.981
108704818	man.n.01	0.969
108704898	man.n.01	0.925
108704920	man.n.01	0.965
108705322	man.n.01	0.967
108705394	man.n.01	0.887
108705572	man.n.01	0.85
108705988	man.n.01	0.99
108706095	man.n.01	0.985
108706368	man.n.01	0.821
117095133	man.n.01	0.74
100317939	man.n.01	0.781
100317961	man.n.01	0.602
117095204	serviceman.n.01	0.868
100318046	serviceman.n.01	0.545
100318182	prisoner.n.01	None
108706847	man.n.01	0.903
117095664	man.n.05	0.542
117096000	serviceman.n.01	0.819
117096581	serviceman.n.01	0.981
108708120	man.n.01	0.802
100319768	serviceman.n.01	0.612
100319831	serviceman.n.01	0.929
108708613	man.n.01	0.915
100320959	friend.n.01	0.934
108709581	serviceman.n.01	0.775
117098543	soldier.n.01	0.999
100321477	commanding_officer.n.01	0.868
100321522	man.n.01	0.721
117098873	military_officer.n.01	0.82
108710346	man.n.01	0.817
108710481	man.n.03	0.485
117099194	serviceman.n.01	0.809
100322493	man.n.01	0.987
117099904	citizen.n.01	None
117100197	man.n.01	0.864
108711725	husband.n.01	None
108712629	man.n.01	0.988
108712650	man.n.01	0.882
108712810	man.n.01	0.954
108712907	man.n.01	0.974
100324394	man.n.01	0.941
108713630	man.n.01	0.945
117102559	man.n.01	0.969
108714336	man.n.01	0.946
108714437	man.n.01	0.973
108714948	man.n.01	0.956
117103609	serviceman.n.01	0.729
117103864	soldier.n.01	1.0
108715355	man.n.01	0.925
117104008	man.n.01	0.969
117104051	man.n.01	0.469
100326984	hostage.n.01	None
108716126	man.n.01	0.984
108716324	man.n.01	0.914
100327930	man.n.01	0.813
100327958	man.n.01	0.916
117105736	soldier.n.01	1.0
100328629	confederate.n.01	0.863
108717742	man.n.01	0.854
108717844	man.n.01	0.824
117106629	man.n.03	0.614
100329584	confederate.n.01	0.939
100329804	man.n.01	0.988
108719004	enemy.n.02	0.759
100330531	man.n.01	0.945
100330702	man.n.01	0.944
117107967	man.n.01	0.927
100331004	man.n.01	0.921
117108364	man.n.01	0.99
100331218	man.n.01	0.938
100331245	man.n.01	0.938
117108593	man.n.01	0.774
108720218	man.n.01	0.956
100331734	man.n.01	0.725
108720370	man.n.01	0.941
108720387	man.n.01	0.912
117109021	man.n.03	0.477
117109146	man.n.01	0.959
108721299	man.n.01	0.889
100332711	man.n.01	0.968
108721622	man.n.01	0.977
108721724	prisoner.n.01	0.993
108721785	man.n.01	0.891
108721818	leader.n.01	1.0
100333478	farmer.n.01	None
108722388	man.n.01	0.946
100333837	man.n.01	0.721
100333841	man.n.01	0.718
108722728	young_buck.n.01	0.983
100334365	man.n.01	0.958
100334378	citizen.n.01	None
100334400	man.n.01	0.98
100335077	serviceman.n.01	0.885
108723834	man.n.01	0.978
100335273	prisoner.n.01	None
100335424	serviceman.n.01	0.773
108724292	serviceman.n.01	0.699
108724577	man.n.01	0.626
100336085	serviceman.n.01	0.617
117113336	man.n.01	0.991
100336470	man.n.01	0.964
117114026	man.n.01	0.934
108725792	man.n.01	0.938
117114711	man.n.01	0.979
108726536	man.n.01	0.928
108726563	man.n.01	0.941
108726581	man.n.01	0.866
117115345	man.n.01	0.948
108727051	man.n.01	0.993
117116022	serviceman.n.01	0.972
108727531	man.n.01	0.667
108727629	man.n.01	0.986
108727653	man.n.01	0.939
100339449	son.n.01	1.0
108728062	man.n.01	0.961
108728296	man.n.01	0.946
117117301	soldier.n.01	0.999
117117601	soldier.n.01	1.0
108729029	man.n.01	0.896
117118358	man.n.01	0.983
108729782	man.n.01	0.982
100341450	man.n.01	0.957
100341953	man.n.01	0.911
100342118	man.n.01	0.473
108730798	man.n.01	0.986
100342509	man.n.01	0.867
117119773	man.n.01	0.974
117120013	friend.n.01	0.978
108732807	man.n.01	0.947
108733270	man.n.01	0.968
100344772	man.n.01	0.84
117122070	man.n.01	0.389
117122099	man.n.01	0.969
108733492	man.n.01	0.965
108733576	man.n.01	0.69
108733757	man.n.01	0.986
117122403	man.n.01	0.943
108733883	man.n.01	0.678
117122784	man.n.01	0.599
117123373	man.n.01	0.964
117123507	serviceman.n.01	0.817
117123682	man.n.05	0.606
108735108	man.n.03	0.436
117124032	serviceman.n.01	0.883
117124047	citizenry.n.01	0.664
108735711	serviceman.n.01	0.913
108735778	man.n.01	0.975
108735853	man.n.01	0.978
108736224	man.n.01	0.896
100347635	man.n.01	0.483
108736452	man.n.01	0.823
108736613	man.n.01	0.962
108736714	serviceman.n.01	0.655
108736812	serviceman.n.01	0.813
108737137	serviceman.n.01	0.715
108737260	man.n.01	0.976
117126352	serviceman.n.01	0.943
108737805	man.n.01	0.847
108738067	serviceman.n.01	0.527
108738099	man.n.01	0.985
108738337	serviceman.n.01	0.955
117127229	person.n.01	0.968
100350488	serviceman.n.01	0.651
108739448	woman.n.01	0.72
100351009	serviceman.n.01	0.935
117128465	citizen.n.01	None
100351445	soldier.n.01	0.999
117128730	man.n.01	0.98
117128740	man.n.01	0.98
108740214	serviceman.n.01	0.581
117129050	man.n.01	0.953
108740508	man.n.01	0.93
117129137	man.n.01	0.949
117129175	man.n.01	0.974
117129282	man.n.01	0.711
100352153	serviceman.n.01	0.646
117129459	man.n.01	0.954
117129824	man.n.01	0.958
117129883	man.n.01	0.951
117130987	serviceman.n.01	0.744
117131179	man.n.01	0.938
117131188	one.n.02	0.871
100354297	horseman.n.01	0.994
117131821	serviceman.n.01	0.825
100354640	serviceman.n.01	0.803
117131938	serviceman.n.01	0.88
100354975	man.n.01	0.479
100354977	man.n.01	0.627
100355161	man.n.01	0.97
100355374	serviceman.n.01	0.576
100355384	man.n.01	0.987
108744413	man.n.01	0.971
117133142	person.n.01	0.999
117133185	man.n.01	0.987
117133303	husband.n.01	None
117133715	man.n.01	0.981
117133945	perpetrator.n.01	None
117133985	man.n.01	0.898
117134006	man.n.01	0.898
117134028	man.n.01	0.898
108745498	serviceman.n.01	0.942
117134191	man.n.01	0.812
108745595	man.n.01	0.939
100357145	man.n.01	0.775
108745897	man.n.01	0.972
108746376	freeman.n.01	None
108746727	man.n.01	0.871
100358391	serviceman.n.01	0.728
100358500	serviceman.n.01	0.817
100358554	serviceman.n.01	0.71
100358843	person.n.01	0.996
100358926	serviceman.n.01	0.846
108747576	man.n.01	0.733
117136968	rustic.n.01	None
108748626	man.n.01	0.769
100360296	man.n.01	0.819
100360339	man.n.01	0.632
100360371	man.n.01	0.965
117138018	man.n.01	0.867
108749738	husband.n.01	None
108749789	man.n.01	0.905
108750129	serviceman.n.01	0.645
117138863	soldier.n.01	1.0
108750297	man.n.01	0.985
108750526	man.n.01	0.933
108750761	man.n.01	0.88
108750937	man.n.01	0.976
108751033	serviceman.n.01	0.507
117139761	man.n.01	0.714
108751725	man.n.01	0.966
117140360	man.n.01	0.578
117140364	man.n.01	0.533
108751793	man.n.01	0.963
117141391	serviceman.n.01	0.943
108753068	man.n.01	0.977
108753320	husband.n.01	None
108753333	husband.n.01	None
100364796	man.n.01	0.939
117142039	serviceman.n.01	0.509
108753635	man.n.01	0.958
100365145	friend.n.01	0.979
108753916	man.n.01	0.975
108754371	man.n.01	0.952
117143057	troop.n.01	0.985
117143252	man.n.01	0.621
108754716	man.n.01	0.97
108754760	man.n.01	0.967
108754930	man.n.01	0.938
108754993	man.n.01	0.977
100366588	serviceman.n.01	0.825
108755209	man.n.01	0.976
108755398	man.n.01	0.752
108755861	historian.n.01	None
108755898	man.n.01	0.915
100367430	man.n.01	0.983
117144929	man.n.01	0.49
117145284	soldier.n.01	1.0
100368149	man.n.01	0.763
117145417	serviceman.n.01	0.933
108757437	man.n.01	0.939
108757656	man.n.01	0.793
100369126	man.n.01	0.975
117146548	serviceman.n.01	0.912
117146610	senator.n.01	None
117146744	serviceman.n.01	0.639
108758223	man.n.01	0.77
117147116	man.n.01	0.933
117147146	serviceman.n.01	0.522
117147252	soldier.n.01	0.999
108759137	serviceman.n.01	0.872
117147802	man.n.01	0.719
108759220	man.n.01	0.851
117147842	man.n.01	0.946
117147909	man.n.03	0.417
117147943	man.n.01	0.63
117148607	serviceman.n.01	0.648
117148760	man.n.01	0.886
117148781	nobility.n.01	0.847
108760520	poet.n.01	None
117149279	man.n.01	0.882
108760705	man.n.01	0.976
100372192	serviceman.n.01	0.745
117149441	man.n.01	0.941
100373167	man.n.01	0.948
108762459	man.n.01	0.91
108762764	man.n.01	0.988
117151714	man.n.01	0.915
108763420	man.n.01	0.912
117153418	man.n.01	0.947
108765118	man.n.01	0.91
117153739	man.n.01	0.757
117153909	soldier.n.01	0.999
108765400	man.n.01	0.982
108765628	man.n.01	0.949
108765847	man.n.01	0.968
117154527	man.n.01	0.882
100377656	companion.n.01	0.626
100377790	serviceman.n.01	0.792
108766408	man.n.01	0.953
100377848	serviceman.n.01	0.958
100377890	serviceman.n.01	0.934
108766509	man.n.01	0.961
117155225	man.n.01	0.962
100378116	serviceman.n.01	0.916
108766853	man.n.01	0.956
108766896	man.n.01	0.95
100378366	man.n.01	0.903
100378510	serviceman.n.01	0.952
108767157	man.n.01	0.845
117155775	man.n.01	0.987
108767299	man.n.01	0.976
117155950	man.n.01	0.977
100378845	man.n.01	0.614
100378944	serviceman.n.01	0.938
108767565	man.n.01	0.938
100379230	serviceman.n.01	0.906
100379540	serviceman.n.01	0.86
117157376	person.n.01	0.616
100380238	serviceman.n.01	0.824
100380374	man.n.01	0.615
100380395	man.n.01	0.856
108769434	man.n.01	0.9
117158100	man.n.01	0.959
117158226	man.n.01	0.976
117158256	man.n.01	0.728
117158275	young_buck.n.01	0.974
108769916	serviceman.n.01	0.781
117158637	man.n.01	0.892
117158722	man.n.01	0.746
117159281	man.n.01	0.95
100382312	prisoner.n.01	None
100382390	serviceman.n.01	0.829
100382493	serviceman.n.01	0.94
100382602	man.n.01	0.513
100382726	serviceman.n.01	0.888
108771586	man.n.01	0.95
108771621	soldier.n.01	0.999
117160334	man.n.01	0.854
108771872	man.n.01	0.872
108771931	serviceman.n.01	0.895
100383555	serviceman.n.01	0.732
117160870	man.n.03	0.532
117160909	man.n.01	0.939
100383723	serviceman.n.01	0.911
100383758	man.n.01	0.851
108772828	man.n.01	0.941
108773302	man.n.01	0.958
117161958	serviceman.n.01	0.957
117162197	citizen.n.01	None
117162386	people.n.01	0.648
100385221	man.n.01	0.621
117162544	man.n.01	0.567
100385598	serviceman.n.01	0.519
117162907	man.n.01	0.783
117164082	man.n.01	0.961
108775656	soldier.n.01	0.999
108775721	man.n.01	0.98
108775804	serviceman.n.01	0.962
108776681	husband.n.01	None
108776729	man.n.01	0.99
108776796	man.n.01	0.9
100388452	person.n.01	0.997
100388700	man.n.01	0.989
108777604	man.n.01	0.996
108777643	husband.n.01	None
100389681	man.n.01	0.937
108779173	man.n.01	0.539
108779397	man.n.01	0.954
100391351	serviceman.n.01	0.787
108779989	man.n.01	0.965
117168852	serviceman.n.01	0.767
108780397	man.n.01	0.91
108780483	man.n.01	0.884
117169168	man.n.01	0.923
117169213	man.n.01	0.925
100392091	man.n.01	0.562
108780940	man.n.01	0.959
117169714	man.n.01	0.967
108781350	combatant.n.01	0.542
117169988	man.n.01	0.969
108781764	man.n.01	0.827
108781860	man.n.01	0.745
108782981	man.n.01	0.471
108783181	man.n.01	0.876
100394731	serviceman.n.01	0.624
100394743	serviceman.n.01	0.855
100395000	man.n.01	0.925
100395007	man.n.01	0.925
108783989	man.n.01	0.84
117172960	murderer.n.01	None
100395964	serviceman.n.01	0.782
100395978	serviceman.n.01	0.953
117174104	serviceman.n.01	0.514
108785527	serviceman.n.01	0.582
108785843	man.n.01	0.97
108786082	man.n.01	0.54
117174743	serviceman.n.01	0.561
100397785	man.n.01	0.627
117175047	man.n.01	0.756
117175379	troop.n.01	0.981
108787390	man.n.01	0.819
117176144	man.n.01	0.985
108787570	man.n.01	0.647
108787642	man.n.01	0.844
100399253	man.n.01	0.965
100399984	man.n.01	0.437
100399986	man.n.01	0.451
108789270	serviceman.n.01	0.956
117177902	serviceman.n.01	0.473
100400927	serviceman.n.01	0.606
117178204	man.n.01	0.513
117178240	important_person.n.01	0.925
100401203	accomplice.n.01	0.608
108790020	animal.n.01	0.998
117178698	man.n.01	0.976
100401490	serviceman.n.01	0.747
108790871	man.n.01	0.441
100402369	serviceman.n.01	0.839
108791150	man.n.01	0.939
100402739	serviceman.n.01	0.863
108791478	man.n.01	0.915
108791615	man.n.01	0.907
117180253	man.n.01	0.684
108792050	horse.n.01	0.996
117180733	man.n.01	0.96
100403659	prisoner.n.01	None
108792305	husband.n.01	None
108792751	man.n.01	0.936
100404240	serviceman.n.01	0.7
108792933	man.n.01	0.946
100404788	man.n.01	0.729
100404833	man.n.01	0.966
100404850	man.n.01	0.979
108793724	man.n.01	0.965
108793785	man.n.01	0.984
117182592	man.n.01	0.836
108794090	man.n.01	0.813
117183378	man.n.01	0.908
100406634	man.n.01	0.98
100406720	man.n.01	0.972
108795932	serviceman.n.01	0.7
108796007	serviceman.n.01	0.512
108796161	serviceman.n.01	0.637
100407612	prisoner.n.01	None
100407788	man.n.01	0.989
117185201	aristocrat.n.01	0.904
108796802	man.n.01	0.512
108796895	man.n.01	0.9
108797061	man.n.01	0.952
117185760	man.n.01	0.941
108797325	man.n.01	0.506
117186649	triumvir.n.01	None
117186995	triumvir.n.01	None
108798408	man.n.01	0.976
117187108	man.n.01	0.975
117187172	man.n.01	0.993
117187428	man.n.01	0.682
117188257	man.n.01	0.987
100411063	man.n.01	0.818
108799685	man.n.01	0.872
117188428	man.n.01	0.989
108799931	man.n.01	0.982
108800754	man.n.01	0.87
117189799	man.n.01	0.968
100412724	soldier.n.01	0.995
117189998	husband.n.01	None
108801624	man.n.01	0.968
117190350	husband.n.01	None
117190368	man.n.01	0.833
117190376	husband.n.01	None
100413923	citizen.n.01	None
117191263	man.n.01	0.977
100414059	serviceman.n.01	0.797
100414065	serviceman.n.01	0.742
100414286	man.n.01	0.931
108802896	hero.n.01	0.529
117192190	husband.n.01	None
117192229	husband.n.01	None
108803635	man.n.01	0.856
108803844	man.n.01	0.967
108803886	man.n.01	0.983
117192502	man.n.01	0.994
117192518	man.n.01	0.965
108803919	man.n.01	0.944
117192574	man.n.01	0.983
117192675	man.n.01	0.991
108804079	man.n.01	0.981
108804810	serviceman.n.01	0.906
108804838	serviceman.n.01	0.753
117193466	husband.n.01	None
108804918	serviceman.n.01	0.771
117193859	man.n.01	0.989
108805617	man.n.01	0.948
100417374	man.n.01	0.729
108806069	man.n.01	0.792
108806110	prisoner.n.01	None
108806209	man.n.01	0.96
117195012	man.n.01	0.822
117195091	orator.n.01	None
108807345	man.n.01	0.893
108807506	serviceman.n.01	0.959
117196126	triumvir.n.01	None
108807720	man.n.01	0.944
117196363	soldier.n.01	0.997
108807953	defender.n.02	0.962
117196616	man.n.01	0.601
108808030	defender.n.02	0.978
108808307	man.n.01	0.516
108808488	serviceman.n.01	0.488
108808611	man.n.01	0.931
100420065	man.n.01	0.84
108808907	man.n.01	0.912
117197534	crew.n.01	0.994
108809503	serviceman.n.01	0.795
117198244	serviceman.n.01	0.539
117198288	man.n.01	0.866
108809884	man.n.01	0.495
117198950	man.n.01	0.93
108810720	man.n.01	0.674
117199837	citizen.n.01	None
108811410	man.n.01	0.965
117200234	husband.n.01	None
117200257	husband.n.01	None
108811704	man.n.01	0.914
117201009	citizen.n.01	None
117201014	woman.n.01	0.939
117201879	triumvir.n.01	None
117201917	man.n.01	0.875
117202000	sailor.n.01	0.556
100425133	man.n.01	0.731
108814146	man.n.01	0.956
117202991	man.n.01	0.935
117203144	man.n.01	0.918
117203520	man.n.01	0.93
108815350	man.n.01	0.989
117204374	man.n.01	0.579
108815788	serviceman.n.01	0.965
108815814	serviceman.n.01	0.927
108816132	serviceman.n.01	0.887
100427678	man.n.01	0.992
108816653	man.n.01	0.983
108816749	citizen.n.01	None
108817501	man.n.01	0.929
100429063	person.n.01	0.997
117206607	serviceman.n.01	0.646
100429772	man.n.01	0.672
100429792	man.n.01	0.996
108818454	serviceman.n.01	0.486
108818563	serviceman.n.01	0.509
100430475	man.n.01	0.502
108819192	man.n.01	0.983
117207887	man.n.01	0.513
108819413	man.n.01	0.97
117208041	soldier.n.01	0.997
117208088	man.n.01	0.811
100431222	man.n.01	0.975
108819860	chap.n.01	0.975
108820035	serviceman.n.01	0.585
117208686	soldier.n.01	1.0
117208835	soldier.n.01	0.998
117208855	soldier.n.01	0.994
108820488	serviceman.n.01	0.852
108820592	serviceman.n.01	0.45
108820811	man.n.01	0.554
117209452	serviceman.n.01	0.886
108821104	man.n.01	0.62
108821903	man.n.01	0.786
108822073	man.n.01	0.957
117210825	man.n.01	0.946
108822363	serviceman.n.01	0.625
108822573	serviceman.n.01	0.863
117211378	man.n.01	0.979
108822799	man.n.01	0.842
117211969	serviceman.n.01	0.877
117212113	serviceman.n.01	0.49
108824582	man.n.01	0.892
108824621	senator.n.01	None
108825035	serviceman.n.01	0.913
117213688	serviceman.n.01	0.739
108825163	warrior.n.01	None
108825303	man.n.01	0.95
100437472	man.n.01	0.581
117216117	serviceman.n.01	0.493
108827911	friend.n.01	0.99
117216570	forefather.n.01	0.384
108827969	foreigner.n.01	0.864
108830091	man.n.01	0.882
108831164	man.n.01	0.902
100442569	serviceman.n.01	0.858
117220092	triumvir.n.01	None
117220581	man.n.01	0.634
108832346	serviceman.n.01	0.5
100444029	serviceman.n.01	0.845
108832659	man.n.01	0.916
108832925	man.n.01	0.616
117221783	relative.n.01	0.972
108833364	man.n.01	0.912
100444867	serviceman.n.01	0.528
100446174	serviceman.n.01	0.943
100446188	serviceman.n.01	0.686
117223486	man.n.01	0.773
108834910	man.n.01	0.8
117223542	man.n.01	0.823
117223561	man.n.01	0.667
108835267	man.n.01	0.932
108835337	serviceman.n.01	0.899
100446769	part.n.01	0.599
108835484	man.n.01	0.909
108835730	man.n.01	0.95
108835896	man.n.01	0.996
108835984	man.n.01	0.723
108836490	man.n.01	0.924
108837346	man.n.01	0.956
100449010	serviceman.n.01	0.564
108837726	man.n.01	0.84
117226506	man.n.01	0.893
108837905	man.n.01	0.928
108838050	man.n.01	0.964
117227152	man.n.01	0.799
108839161	man.n.01	0.926
117228848	serviceman.n.01	0.887
100451835	man.n.01	0.951
117229056	crew.n.01	0.993
117230085	serviceman.n.01	0.533
100453029	serviceman.n.01	0.901
117230438	serviceman.n.01	0.931
108841900	man.n.01	0.968
108842107	man.n.01	0.726
108842159	man.n.01	0.961
108842393	man.n.01	0.938
108842804	man.n.01	0.634
100454419	soldier.n.01	0.998
117232012	man.n.01	0.946
108844378	serviceman.n.01	0.781
108844404	serviceman.n.01	0.547
108844449	man.n.01	0.574
108844660	serviceman.n.01	0.496
100456332	prisoner.n.01	None
117234472	serviceman.n.01	0.869
108846077	serviceman.n.01	0.631
108846193	survivor.n.01	0.818
100457920	man.n.01	0.929
117235486	serviceman.n.01	0.888
108847184	man.n.01	0.94
108847274	man.n.01	0.793
108847662	serviceman.n.01	0.655
108847831	man.n.01	0.964
108848258	man.n.01	0.876
100459885	serviceman.n.01	0.83
108848743	man.n.01	0.954
100461062	serviceman.n.01	0.886
117238381	man.n.01	0.95
108849861	man.n.01	0.583
117238558	man.n.01	0.99
108850225	man.n.01	0.964
100461919	man.n.01	0.757
108850551	man.n.01	0.935
100462451	prisoner.n.01	0.994
100462593	serviceman.n.01	0.519
100462733	serviceman.n.01	0.948
108851598	man.n.01	0.446
108852012	man.n.01	0.95
108852213	man.n.01	0.957
100464283	man.n.01	0.901
108853702	man.n.01	0.958
100465152	serviceman.n.01	0.788
108853872	man.n.01	0.629
108853936	man.n.01	0.877
108854020	husband.n.01	None
108854335	man.n.01	0.952
108854479	man.n.01	0.733
108854572	husband.n.01	None
108855629	man.n.01	0.85
108856177	man.n.01	0.969
108856253	man.n.01	0.904
108856270	man.n.01	0.924
108856309	man.n.01	0.924
108856595	man.n.01	0.567
108856861	man.n.01	0.914
108857156	man.n.01	0.907
100468678	man.n.01	0.99
108857343	man.n.01	0.749
100468867	man.n.01	0.954
100468919	man.n.01	0.968
100469037	man.n.01	0.978
100469048	man.n.01	0.947
108857660	man.n.01	0.992
100469556	serviceman.n.01	0.907
108858228	man.n.01	0.968
100469646	serviceman.n.01	0.505
108858491	man.n.01	0.974
100470060	man.n.01	0.964
108858874	man.n.01	0.93
108859079	man.n.01	0.88
108859632	homo.n.02	0.448
108859694	man.n.01	0.519
108860109	man.n.01	0.739
100473359	man.n.01	0.979
108863060	man.n.01	0.991
100474543	man.n.01	0.959
100474544	man.n.01	0.595
100475070	serviceman.n.01	0.916
100476397	man.n.01	0.689
100476405	man.n.01	0.574
108865667	man.n.01	0.833
108865668	man.n.01	0.466
108866322	man.n.01	0.993
108866579	man.n.01	0.581
108866826	husband.n.01	None
108867028	man.n.01	0.977
100478992	man.n.01	0.715
108867842	man.n.01	0.974
108869145	man.n.01	0.98
100480716	poor_devil.n.01	0.833
108869421	man.n.01	0.904
100480948	man.n.01	0.943
100481060	man.n.01	0.702
108869991	man.n.01	0.93
108870041	man.n.01	0.992
108870410	man.n.01	0.467
100481891	animal.n.01	0.688
100481924	man.n.01	0.857
108870644	man.n.01	0.617
108870889	man.n.01	0.95
108871239	man.n.01	0.597
108871270	man.n.01	0.351
100482791	man.n.01	0.963
100483200	hero.n.01	0.811
108871893	serviceman.n.01	0.583
108871915	serviceman.n.01	0.938
108872093	serviceman.n.01	0.666
108872728	man.n.01	0.958
108872998	husband.n.01	None
100484635	husband.n.01	None
108873871	man.n.01	0.812
108874456	man.n.01	0.995
100486101	man.n.01	0.876
108874964	man.n.01	0.947
108875224	man.n.01	0.908
108875236	man.n.01	0.961
108875238	man.n.01	0.961
100486839	man.n.01	0.634
100487190	man.n.01	0.908
100487761	man.n.01	0.637
108876427	man.n.01	0.988
100487834	man.n.01	0.791
100488113	husband.n.01	None
108877222	man.n.01	0.969
100488907	man.n.03	0.443
108877780	philosopher.n.01	0.988
100489363	man.n.01	0.705
108878406	man.n.01	0.938
100489943	man.n.01	0.968
108879006	man.n.01	0.89
108879536	statesman.n.01	None
100491011	husband.n.01	None
108879635	man.n.01	0.971
100491056	man.n.01	0.907
108880083	man.n.01	0.781
108880272	man.n.01	0.941
108880936	man.n.01	0.958
100492481	husband.n.01	None
100492706	husband.n.01	None
100492881	prince.n.01	None
108881539	man.n.01	0.93
100492970	man.n.01	0.826
108882231	man.n.01	0.993
100493874	man.n.01	0.951
100494369	man.n.01	0.51
100495131	villain.n.01	0.852
100495207	man.n.03	0.353
100495438	homo.n.02	0.718
100495526	man.n.01	0.82
100496122	man.n.01	0.966
100496163	stranger.n.01	0.603
108885361	man.n.01	0.971
108885410	man.n.01	0.919
108886548	man.n.01	0.991
108887754	man.n.01	0.991
100499416	man.n.03	0.463
108888959	man.n.01	0.94
100500573	man.n.01	0.798
108889643	naturalist.n.02	0.878
100502015	man.n.01	0.796
108891147	man.n.01	0.969
100503032	man.n.01	0.553
108891699	man.n.01	0.973
100504998	man.n.01	0.873
108893679	serviceman.n.01	0.551
108893737	man.n.01	0.977
100505749	serviceman.n.01	0.469
100506589	man.n.01	0.836
100506592	man.n.01	0.923
108895635	man.n.01	0.983
100507365	man.n.01	0.759
100507568	man.n.01	0.978
100507680	man.n.01	0.809
100507696	man.n.01	0.899
100507835	man.n.01	0.949
100508047	man.n.01	0.978
100508060	man.n.03	0.372
100509093	mariner.n.01	None
100510070	man.n.01	0.814
108899049	man.n.01	0.965
100510854	lover.n.01	0.842
108899582	friend.n.01	0.962
108899657	man.n.01	0.974
108900087	man.n.01	0.986
108900436	man.n.01	0.939
100511866	man.n.01	0.541
108900687	man.n.01	0.985
108901011	man.n.01	0.988
108901077	husband.n.01	None
100514542	man.n.03	0.479
100514616	man.n.01	0.89
100514745	man.n.01	0.419
108903953	man.n.01	0.852
108904252	man.n.01	0.958
100515830	man.n.03	0.568
100516247	man.n.01	0.96
100516482	sailor.n.01	0.569
108905169	man.n.01	0.967
100516868	homo.n.02	0.453
100516944	man.n.01	0.673
108905731	man.n.01	0.884
100517241	man.n.01	0.856
108906354	serviceman.n.01	0.571
100518114	hero.n.01	0.792
108906821	man.n.01	0.841
108907220	man.n.01	0.976
100519244	husband.n.01	None
100519415	man.n.01	0.968
108908108	serviceman.n.01	0.865
108908140	deputation.n.01	0.986
108908306	man.n.01	0.941
100519703	prince.n.01	None
100520655	poor_devil.n.01	0.945
100520693	man.n.01	0.94
100520836	husband.n.01	None
108910055	man.n.01	0.703
108910245	man.n.01	0.81
108910653	man.n.01	0.99
108910703	serviceman.n.01	0.807
100522324	man.n.01	0.942
108911526	man.n.01	0.659
108911793	serviceman.n.01	0.96
100523621	man.n.01	0.987
100523685	man.n.01	0.831
108912460	fight.n.02	0.546
100524207	forefather.n.01	0.443
100524432	man.n.01	0.533
100524488	man.n.01	0.977
100524803	man.n.01	0.751
100524926	husband.n.01	None
100524986	friend.n.01	0.989
100525604	man.n.01	0.977
108914525	soldier.n.01	0.999
108916023	man.n.01	0.97
108916127	man.n.01	0.995
108916476	man.n.01	0.993
108916809	man.n.01	0.892
108917390	man.n.01	0.955
108917434	man.n.01	0.951
100528921	serviceman.n.01	0.498
100528945	man.n.01	0.809
100528965	man.n.01	0.908
108917932	man.n.01	0.839
108918133	man.n.01	0.749
108918251	man.n.01	0.927
108918388	man.n.01	0.927
108918582	man.n.01	0.974
108919193	man.n.01	0.982
108919250	man.n.01	0.742
100531392	man.n.01	0.972
108920084	man.n.01	0.97
100531565	man.n.01	0.952
100531757	man.n.01	0.59
100531860	man.n.01	0.871
108920645	man.n.01	0.943
108920767	man.n.01	0.899
108920835	man.n.01	0.951
108921025	man.n.01	0.852
100532727	man.n.01	0.769
100532831	serviceman.n.01	0.492
100533600	man.n.01	0.989
108922454	person.n.01	0.998
100533853	man.n.01	0.938
108923321	man.n.01	0.996
108923676	peasant.n.01	0.524
117312853	husband.n.01	None
117313649	man.n.01	0.875
108925238	man.n.01	0.72
108925254	man.n.01	0.523
100536709	son.n.01	0.999
108925395	man.n.01	0.785
108925439	man.n.01	0.989
108925446	man.n.01	0.937
108925506	man.n.01	0.832
108925605	man.n.01	0.729
100537030	man.n.01	0.992
108925641	man.n.01	0.934
117314586	husband.n.01	None
108926024	man.n.01	0.947
108926106	man.n.01	0.981
108926211	man.n.01	0.96
108926281	man.n.01	0.97
108926540	man.n.01	0.666
100538148	man.n.01	0.877
108927011	man.n.01	0.988
117315679	husband.n.01	None
100538837	man.n.01	0.911
100538883	man.n.01	0.952
117316143	husband.n.01	None
117316161	man.n.01	0.98
100538951	hind.n.02	0.973
100538980	man.n.01	0.912
117316356	husband.n.01	None
117316457	husband.n.01	None
100539509	man.n.01	0.563
117316950	man.n.01	0.83
108928375	serviceman.n.01	0.947
108928470	serviceman.n.01	0.958
108928568	man.n.01	0.886
117317266	rogue.n.01	0.962
117317348	man.n.01	0.992
108928762	man.n.01	0.82
117317431	man.n.01	0.984
108929226	man.n.01	0.994
108930009	man.n.01	0.984
108930355	man.n.01	0.888
100541819	husband.n.01	None
100542073	man.n.01	0.988
108930836	man.n.01	0.959
108931203	man.n.01	0.526
108931582	friend.n.01	0.977
108931775	man.n.01	0.839
108931827	man.n.01	0.855
117320477	man.n.01	0.955
117320495	man.n.01	0.975
108932055	man.n.01	0.972
108932212	man.n.01	0.989
108932325	man.n.01	0.974
117320986	man.n.01	0.984
108932430	man.n.01	0.95
108933245	man.n.01	0.949
100544806	man.n.01	0.901
108933520	man.n.01	0.938
117322134	husband.n.01	None
117322323	husband.n.01	None
100545276	man.n.01	0.666
100545819	man.n.01	0.634
117323047	husband.n.01	None
117323220	husband.n.01	None
108935005	man.n.01	0.594
117323731	husband.n.01	None
117323771	husband.n.01	None
108935417	man.n.01	0.911
117324519	husband.n.01	None
117325129	husband.n.01	None
108936536	man.n.01	0.927
100548034	man.n.01	0.983
100548062	world.n.08	None
100548291	man.n.01	0.953
108937422	man.n.01	0.982
100548984	man.n.01	0.365
117326729	man.n.01	0.992
100549881	man.n.01	0.918
100549955	man.n.01	0.98
100550094	man.n.03	0.71
108938710	man.n.01	0.984
117327663	man.n.01	0.992
108939235	man.n.01	0.894
108939602	man.n.01	0.888
117328737	man.n.01	0.924
117328783	husband.n.01	None
117328841	husband.n.01	None
108940526	man.n.01	0.969
117329141	husband.n.01	None
108940723	serviceman.n.01	0.604
117329357	husband.n.01	None
108941255	man.n.01	0.906
100553402	man.n.01	0.896
100553523	man.n.01	0.49
117330746	husband.n.01	None
117330919	man.n.01	0.706
108942351	man.n.01	0.917
108942423	man.n.01	0.57
100553946	man.n.01	0.972
108942641	man.n.01	0.626
108942785	senator.n.01	None
108943113	serviceman.n.01	0.5
108943338	man.n.01	0.987
108943634	man.n.01	0.577
108944188	man.n.01	0.983
117332923	man.n.01	0.973
117333284	husband.n.01	None
117333401	husband.n.01	None
100556188	man.n.03	0.64
108944821	man.n.01	0.931
100556781	husband.n.01	None
117334181	man.n.01	0.978
117334206	man.n.01	0.968
108946243	man.n.01	0.982
117334871	man.n.01	0.992
100558442	husband.n.01	None
108947336	man.n.01	0.922
117336472	man.n.01	0.975
108948023	man.n.01	0.752
108948056	man.n.01	0.974
100559761	husband.n.01	None
117337031	man.n.01	0.953
117337199	man.n.01	0.983
108948848	husband.n.01	None
108948959	husband.n.01	None
108949005	husband.n.01	None
117337659	citizen.n.01	None
108949132	husband.n.01	None
108949143	husband.n.01	None
117337880	husband.n.01	None
117337897	man.n.01	0.975
117337943	man.n.01	0.976
117337995	husband.n.01	None
100560882	husband.n.01	None
117338407	husband.n.01	None
117338439	husband.n.01	None
117338701	man.n.01	0.925
100561656	man.n.03	0.653
117338934	husband.n.01	None
117339288	husband.n.01	None
117339290	husband.n.01	None
117339679	husband.n.01	None
117339827	husband.n.01	None
108951469	husband.n.01	None
117340224	husband.n.01	None
108951674	husband.n.01	None
117340399	husband.n.01	None
117340495	man.n.01	0.994
117341494	husband.n.01	None
108953736	man.n.01	0.993
117342434	husband.n.01	None
117342474	husband.n.01	None
117342744	husband.n.01	None
117343411	man.n.01	0.993
117343816	husband.n.01	None
117343960	husband.n.01	None
108955396	man.n.01	0.991
117344161	husband.n.01	None
117344659	serviceman.n.01	0.443
108956093	man.n.01	0.971
108956252	man.n.01	0.967
108956852	man.n.01	0.916
117345470	hero.n.01	0.911
117346136	ally.n.02	0.596
108957813	man.n.01	0.97
100569403	man.n.01	0.961
117346812	man.n.01	0.743
117346814	man.n.01	0.743
108958282	man.n.01	0.956
100569834	husband.n.01	None
100569841	husband.n.01	None
100569886	husband.n.01	None
108958753	man.n.01	0.944
108958848	man.n.01	0.99
117347458	husband.n.01	None
108959257	man.n.01	0.937
117348012	husband.n.01	None
100571113	man.n.01	0.984
108959757	man.n.01	0.83
100571317	man.n.01	0.971
108959936	husband.n.01	None
117348699	husband.n.01	None
108960188	man.n.01	0.938
117349098	husband.n.01	None
117349270	husband.n.01	None
117349815	serviceman.n.01	0.804
117349829	man.n.01	0.821
117350173	man.n.01	0.989
108961847	kinsman.n.01	None
117350699	husband.n.01	None
117350728	husband.n.01	None
117351284	man.n.01	0.99
108962990	man.n.01	0.981
108963019	man.n.01	0.823
100574490	husband.n.01	None
100574571	man.n.01	0.965
100574607	man.n.01	0.955
108963460	man.n.01	0.988
117352348	husband.n.01	None
108964085	man.n.01	0.857
108964230	man.n.01	0.938
100575749	man.n.01	0.602
100575884	man.n.01	0.953
117353161	man.n.01	0.996
100575986	husband.n.01	None
117353222	man.n.01	0.996
100576240	man.n.01	0.958
117353670	man.n.01	0.899
117353678	man.n.01	0.966
100576558	man.n.01	0.949
100576614	young_buck.n.01	0.906
100576655	world.n.08	0.412
100576686	man.n.03	0.535
100576779	man.n.01	0.845
117353997	man.n.01	0.711
100576817	son.n.01	1.0
100576833	man.n.01	0.975
100576872	man.n.01	0.783
100576902	man.n.01	0.966
100577028	man.n.01	0.968
100577288	man.n.01	0.636
100577495	warrior.n.01	None
117354990	man.n.03	0.737
117354993	man.n.03	0.737
100577805	man.n.01	0.986
100577837	man.n.01	0.967
108966577	man.n.01	0.975
100578052	man.n.01	0.712
100578634	man.n.01	0.529
108967777	man.n.01	0.979
117356667	man.n.01	0.908
117356990	husband.n.01	None
117357006	husband.n.01	None
117357018	husband.n.01	None
117357059	husband.n.01	None
108968460	man.n.01	0.981
108968761	man.n.01	0.729
108968910	man.n.01	0.939
100580652	husband.n.01	None
100580737	husband.n.01	None
100580787	husband.n.01	None
100580816	husband.n.01	None
100581593	husband.n.01	None
100581613	man.n.01	0.947
100581830	man.n.01	0.836
100581863	husband.n.01	None
100581876	husband.n.01	None
108971011	serviceman.n.01	0.674
108971778	man.n.01	0.93
108972309	man.n.01	0.952
108972330	citizen.n.01	None
117361261	deity.n.01	0.938
117361519	husband.n.01	None
108973530	man.n.01	0.623
117362136	man.n.01	0.423
108973606	man.n.01	0.855
117362670	man.n.01	0.691
108974384	man.n.01	0.932
108974525	man.n.01	0.979
108974550	man.n.01	0.947
108975143	man.n.01	0.867
108976292	serviceman.n.01	0.627
108976592	man.n.01	0.545
117365712	man.n.03	0.537
100588598	man.n.01	0.744
108977325	man.n.01	0.782
108977357	serviceman.n.01	0.75
108977677	man.n.01	0.984
108977783	man.n.01	0.848
117366791	husband.n.01	None
100589789	man.n.01	0.851
117367218	person.n.01	None
100590557	man.n.01	0.961
108980834	man.n.01	0.986
117369866	man.n.01	0.987
108981596	man.n.01	0.983
108981684	man.n.01	0.995
100593452	man.n.01	0.923
108982208	man.n.01	0.964
100593692	man.n.01	0.952
108982357	man.n.01	0.981
108982573	man.n.01	0.916
108982908	man.n.01	0.971
100594378	husband.n.01	None
100594433	husband.n.01	None
108983116	man.n.01	0.963
108983267	man.n.01	0.96
108983606	man.n.01	0.987
108984143	man.n.01	0.963
108984313	man.n.01	0.617
108984342	man.n.01	0.975
108984457	husband.n.01	None
100595968	man.n.01	0.975
108984799	conspirator.n.01	None
108984920	conspirator.n.01	None
100596337	husband.n.01	None
108984958	man.n.01	0.967
108985050	man.n.01	0.725
108985144	man.n.01	0.981
100596747	man.n.01	0.836
100596843	man.n.01	0.989
100597337	man.n.01	0.931
100597750	man.n.01	0.979
100597875	man.n.01	0.9
108986815	man.n.01	0.969
108986868	man.n.01	0.95
100598359	man.n.01	0.853
108987127	man.n.01	0.986
108987456	man.n.01	0.986
108987599	man.n.01	0.92
117376217	man.n.01	0.438
117376347	companion.n.01	0.532
108987814	man.n.01	0.972
108988016	man.n.01	0.881
100599512	man.n.01	0.986
108988176	people.n.01	0.977
108988225	man.n.01	0.981
100600092	man.n.01	0.858
108988779	man.n.01	0.904
108989370	man.n.01	0.858
100600856	man.n.01	0.916
117378588	husband.n.01	None
117378687	man.n.01	0.992
100601787	man.n.01	0.928
100601789	man.n.01	0.859
117379060	manhood.n.01	0.639
108990744	husband.n.01	None
100602159	man.n.01	0.976
108990821	conspirator.n.01	None
108991071	man.n.01	0.959
100602680	man.n.01	0.931
108991832	young_buck.n.01	0.983
108992001	man.n.01	0.919
100603910	husband.n.01	None
100603933	husband.n.01	None
108992932	man.n.01	0.973
100604791	man.n.01	0.953
108993568	man.n.01	0.899
100605023	man.n.05	0.553
100605025	man.n.05	0.553
100605259	savage.n.01	0.533
108994006	man.n.01	0.995
100605431	man.n.01	0.912
108994472	man.n.01	0.965
108994855	man.n.01	0.88
108995350	man.n.01	0.622
108995460	serviceman.n.01	0.917
108995492	man.n.01	0.921
108995770	serviceman.n.01	0.935
108996174	man.n.01	0.932
108997232	man.n.01	0.985
100608776	man.n.01	0.931
100608916	man.n.01	0.95
108998290	man.n.01	0.96
100609725	man.n.01	0.8
108999124	man.n.01	0.635
108999234	serviceman.n.01	0.577
100610990	serviceman.n.01	0.622
100611025	man.n.01	0.545
100611057	man.n.01	0.674
109000009	citizen.n.01	None
100611945	sick_person.n.01	0.799
100612292	man.n.01	0.879
109000961	man.n.01	0.973
109001054	man.n.01	0.979
109002280	man.n.01	0.979
109004011	husband.n.01	None
109005258	infantry.n.01	0.8
109006154	man.n.01	0.977
109006478	man.n.01	0.951
109006516	man.n.01	0.986
100617944	man.n.01	0.959
109007260	man.n.01	0.982
109007958	man.n.01	0.942
109008186	man.n.01	0.988
100619680	man.n.01	0.979
109008569	man.n.01	0.933
109008926	man.n.01	0.97
100621526	man.n.01	0.923
109010478	man.n.01	0.993
100621886	man.n.01	0.994
109010636	man.n.01	0.97
100622033	man.n.01	0.977
100622097	husband.n.01	None
100622398	man.n.01	0.978
109011353	conspirator.n.01	None
100623340	man.n.01	0.899
100623433	husband.n.01	None
109012471	man.n.01	0.866
100623969	man.n.01	0.98
100624101	man.n.01	0.915
109012815	man.n.01	0.952
100624717	chap.n.01	0.866
100624831	man.n.01	0.94
109013471	man.n.01	0.994
100624904	wife.n.01	None
109014065	man.n.01	0.943
109015585	husband.n.01	None
109015937	man.n.01	0.981
100627385	man.n.01	0.952
100627539	serviceman.n.01	0.503
109016379	man.n.01	0.977
100627919	man.n.01	0.643
109016682	husband.n.01	None
109016688	husband.n.01	None
109017004	man.n.01	0.975
109017084	serviceman.n.01	0.963
100629060	man.n.01	0.935
100629262	man.n.01	0.87
100629341	man.n.01	0.967
109017954	man.n.01	0.619
109017984	serviceman.n.01	0.627
109018176	man.n.01	0.957
109018528	soldier.n.01	1.0
109018618	serviceman.n.01	0.554
109018668	man.n.01	0.945
100630717	man.n.01	0.977
109019569	man.n.01	0.822
100631279	man.n.01	0.973
100631903	man.n.01	0.938
100631939	man.n.01	0.902
109020979	husband.n.01	None
109021207	husband.n.01	None
100633106	man.n.01	0.918
100633861	man.n.01	0.469
100634171	man.n.01	0.961
100634379	man.n.01	0.911
100634435	man.n.01	0.808
100634459	man.n.01	0.445
109023680	man.n.01	0.854
109023758	man.n.01	0.945
100635298	man.n.01	0.987
109024299	man.n.01	0.863
100635742	man.n.01	0.982
100635750	man.n.01	0.974
100635943	man.n.01	0.89
109024722	man.n.01	0.702
100636682	man.n.01	0.881
109025428	man.n.01	0.721
100637159	man.n.01	0.971
109027022	husband.n.01	None
109027169	man.n.01	0.962
109027584	man.n.01	0.972
100639036	man.n.01	0.907
100640154	man.n.01	0.924
109030403	man.n.01	0.984
100641850	man.n.01	0.808
109030509	man.n.01	0.962
109030554	man.n.01	0.873
109030682	man.n.01	0.97
109031084	speaker.n.01	0.986
109031110	man.n.01	0.862
109031751	man.n.01	0.911
109031835	man.n.01	0.979
100643352	man.n.01	0.952
100643831	man.n.01	0.793
109032504	man.n.01	0.87
109032534	man.n.01	0.967
100645097	man.n.01	0.893
109033711	man.n.01	0.973
109034675	husband.n.01	None
109034707	husband.n.01	None
100646104	man.n.01	0.986
100646193	poor_devil.n.01	0.976
100646202	man.n.01	0.957
100646286	man.n.01	0.957
100646508	man.n.01	0.908
109035217	man.n.01	0.955
100647622	husband.n.01	None
109036926	man.n.01	0.873
109037220	man.n.01	0.819
100648916	man.n.03	0.489
100648950	man.n.01	0.974
100649446	warrior.n.01	None
100649510	man.n.01	0.918
109038499	man.n.01	0.847
109039417	serviceman.n.01	0.772
109039650	man.n.01	0.986
109039750	serviceman.n.01	0.828
100651466	man.n.01	0.838
109040095	man.n.01	0.991
100651757	serviceman.n.01	0.601
100652517	man.n.03	0.756
109041343	man.n.01	0.97
109041655	husband.n.01	None
109041739	husband.n.01	None
100653193	man.n.01	0.951
100654110	warrior.n.01	None
100654458	man.n.01	0.607
109043128	man.n.01	0.909
100654893	man.n.01	0.969
109043569	man.n.01	0.969
109043672	man.n.01	0.96
100655102	man.n.01	0.891
109043771	man.n.01	0.981
100655215	man.n.01	0.627
100655398	friend.n.01	0.888
100655703	serviceman.n.01	0.46
100655728	man.n.01	0.979
109044773	man.n.01	0.938
109045221	man.n.01	0.971
100657213	hero.n.01	0.835
100657332	man.n.01	0.793
109046338	husband.n.01	None
109046384	husband.n.01	None
109046601	husband.n.01	None
109046783	man.n.01	0.949
109047720	man.n.01	0.959
109047777	man.n.01	0.953
109047887	man.n.01	0.908
109048003	conspirator.n.01	None
100660401	man.n.01	0.975
109049300	man.n.01	0.919
109050028	magistrate.n.01	None
109050132	man.n.01	0.968
109050590	man.n.01	0.898
109050687	man.n.01	0.881
109051204	man.n.01	0.987
109051377	man.n.01	0.972
109051388	man.n.01	0.941
109051573	man.n.01	0.966
