100663828	inclination.n.01	0.635
109053199	nature.n.04	0.533
109059051	nature.n.01	0.937
100675381	nature.n.01	0.737
117453119	nature.n.01	0.955
109065548	nature.n.01	0.712
117454198	nature.n.01	0.771
100678117	nature.n.01	0.52
100678214	nature.n.01	0.665
117455430	nature.n.01	0.308
117455630	nature.n.01	0.917
117455714	nature.n.01	0.88
117455790	nature.n.01	0.411
117455796	nature.n.01	0.478
100678702	ability.n.02	0.903
117457552	nature.n.01	0.51
100680597	nature.n.04	0.371
109070534	nature.n.01	0.775
100682296	judgment.n.01	0.629
109071021	nature.n.01	0.653
117459731	nature.n.01	0.925
109071902	nature.n.01	0.605
117461286	nature.n.01	0.81
100684414	endowment.n.01	0.928
100684460	nature.n.01	0.829
100685110	nature.n.01	0.842
117463279	nature.n.01	0.516
100686273	nature.n.01	0.531
117464046	genius.n.01	0.319
100687130	nature.n.01	0.924
100688222	nature.n.04	0.552
117465669	nature.n.01	0.901
100689784	lineage.n.01	0.643
117467337	nature.n.03	0.612
100690320	nature.n.01	0.697
117467605	nature.n.01	0.835
109079380	nature.n.01	0.495
109079701	nature.n.01	0.601
109080212	nature.n.04	0.728
100691798	nature.n.01	0.616
100691828	nature.n.02	0.796
100693289	birth.n.02	0.543
100693773	animal.n.01	0.538
100696219	nature.n.01	0.593
100696691	nature.n.01	0.673
100697301	nature.n.01	0.834
117477467	doctrine.n.01	0.813
117477974	nature.n.01	0.946
100703193	nature.n.01	0.66
117481601	nature.n.01	0.613
100704814	life.n.02	0.321
117482159	nature.n.03	0.562
100705215	nature.n.01	0.718
100705452	nature.n.01	0.521
100706114	nature.n.01	0.725
100706784	character.n.03	0.815
117484007	nature.n.01	0.476
117484057	nature.n.03	0.523
117484434	nature.n.01	0.57
100707752	nature.n.01	0.836
100707869	nature.n.01	0.673
117485416	nature.n.01	0.936
117485747	nature.n.04	0.487
100708770	nature.n.04	0.658
100710709	birth.n.02	0.598
100711421	nature.n.04	0.513
117490382	nature.n.01	0.828
100714765	nature.n.01	0.808
117493152	nature.n.01	0.516
117495569	nature.n.01	0.899
117495903	nature.n.01	0.698
117496547	nature.n.01	0.689
117496565	nature.n.01	0.718
117496575	nature.n.01	0.69
117497436	nature.n.02	0.845
117498356	nature.n.02	0.618
117498432	nature.n.03	0.618
100721764	character.n.03	0.761
109110860	nature.n.02	0.916
117499632	nature.n.01	0.495
117499732	nature.n.03	0.39
117499741	nature.n.03	0.479
117499747	nature.n.03	0.474
109111755	nature.n.04	0.495
117500742	nature.n.04	0.483
117501052	nature.n.01	0.373
117501060	nature.n.01	0.491
117501066	nature.n.01	0.394
117501355	nature.n.01	0.729
117501537	nature.n.01	0.865
117501962	nature.n.01	0.72
117502021	nature.n.01	0.609
100725134	character.n.03	0.489
117504091	nature.n.03	0.314
117504109	nature.n.01	0.529
117504132	nature.n.01	0.39
117504138	nature.n.01	0.489
117504154	nature.n.02	0.494
117504176	nature.n.02	0.718
117504317	nature.n.01	0.476
117505034	nature.n.01	0.513
117505089	nature.n.01	0.515
100727965	nature.n.01	0.758
100728495	nature.n.01	0.94
109117219	nature.n.04	0.528
117506380	nature.n.01	0.611
117506417	nature.n.01	0.916
109118236	nature.n.01	0.886
117506948	nature.n.03	0.517
117507044	nature.n.01	0.567
117509379	nature.n.03	0.708
100733137	nature.n.01	0.681
117510471	nature.n.01	0.686
100733647	nature.n.01	0.564
109123586	nature.n.01	0.744
109123803	nature.n.01	0.571
117512515	origin.n.03	0.889
100735426	assortment.n.01	0.628
100735530	nature.n.03	0.255
100735593	nature.n.04	0.704
109124631	nature.n.01	0.66
100738395	nature.n.02	0.831
117518770	nature.n.02	0.361
100743106	human_body.n.01	0.553
117520850	nature.n.02	0.789
100744233	nature.n.01	0.778
117521495	nature.n.01	0.95
100744557	nature.n.01	0.533
117524210	nature.n.01	0.466
117524277	nature.n.01	0.576
100747174	nature.n.01	0.947
100747315	nature.n.01	0.671
100747667	endowment.n.01	0.737
100747996	nature.n.02	0.52
100749175	nature.n.01	0.715
109137810	nature.n.01	0.576
100749311	nature.n.01	0.592
117526696	nature.n.01	0.81
117526839	nature.n.01	0.874
100749730	nature.n.01	0.439
100749818	nature.n.04	0.528
117527187	nature.n.01	0.926
109138726	nature.n.02	0.36
100750160	instinct.n.01	None
109139425	nature.n.01	0.536
100751562	nature.n.01	0.734
100752608	nature.n.01	0.86
100753514	nature.n.01	0.572
100753834	nature.n.01	0.966
100753899	nature.n.02	0.779
100753996	nature.n.01	0.779
100754932	ability.n.02	0.764
117532408	nature.n.01	0.746
100755428	nature.n.01	0.397
117533660	nature.n.01	0.423
117534318	nature.n.01	0.634
117534334	nature.n.01	0.48
117534420	nature.n.01	0.765
117534429	nature.n.01	0.624
100758355	endowment.n.01	0.945
117535633	nature.n.01	0.603
100764830	genius.n.01	0.333
100765471	nature.n.01	0.756
100766164	nature.n.04	0.613
100766200	nature.n.04	0.649
100766311	nature.n.01	0.703
117543544	nature.n.03	0.415
117544783	nature.n.01	0.815
100767692	nature.n.01	0.531
117546707	nature.n.01	0.758
117547920	nature.n.01	0.914
100770721	character.n.03	0.608
117548280	nature.n.01	0.377
117548312	nature.n.02	0.66
117548497	nature.n.02	0.727
117548694	nature.n.01	0.824
117549215	nature.n.03	0.453
100774181	nature.n.01	0.852
117552362	nature.n.01	0.802
117552397	nature.n.01	0.53
117552406	nature.n.01	0.515
117552445	nature.n.01	0.658
100776280	nature.n.01	0.96
100776729	nature.n.01	0.634
100779990	nature.n.01	0.917
100780041	nature.n.01	0.874
100780101	nature.n.01	0.96
100780314	nature.n.01	0.47
100780449	nature.n.01	0.851
117558132	nature.n.01	0.887
100781178	nature.n.01	0.91
100781234	nature.n.01	0.94
100781438	nature.n.01	0.713
117559261	nature.n.02	0.556
100782882	ability.n.02	0.836
117560511	nature.n.03	0.628
117561005	nature.n.03	0.589
117561527	nature.n.01	0.934
109173211	nature.n.01	0.782
100784834	nature.n.01	0.948
117565640	nature.n.01	0.39
100788653	nature.n.01	0.916
100789806	nature.n.04	0.519
117568061	nature.n.01	0.782
109181044	nature.n.01	0.905
117570291	nature.n.01	0.527
109181858	nature.n.01	0.923
117570475	nature.n.01	0.914
100793698	birth.n.02	0.649
117571018	nature.n.01	0.575
117571029	nature.n.01	0.621
117571213	nature.n.03	0.955
117571464	nature.n.01	0.266
109184344	nature.n.01	0.903
117573681	nature.n.03	0.679
100798324	strength.n.01	0.977
117576160	nature.n.01	0.408
117576236	nature.n.04	0.488
117577105	nature.n.01	0.791
117577130	nature.n.01	0.791
117579343	nature.n.01	0.644
117579360	nature.n.01	0.882
117581483	nature.n.01	0.918
109193346	appearance.n.01	0.99
117582866	nature.n.01	0.873
117584729	nature.n.01	0.769
100811886	nature.n.01	0.587
100812489	nature.n.04	0.571
117590999	nature.n.01	0.669
100813810	estate.n.01	0.843
117594381	nature.n.01	0.86
109205784	endowment.n.01	0.983
100817219	nature.n.01	0.819
117594672	nature.n.01	0.967
117594740	nature.n.01	0.83
117595914	nature.n.01	0.873
117596070	nature.n.01	0.857
117598606	nature.n.01	0.669
100823435	nature.n.01	0.527
100823904	stature.n.02	0.706
117601770	nature.n.01	0.488
117601785	nature.n.01	0.488
117603403	nature.n.03	0.575
117603994	nature.n.01	0.775
117604968	nature.n.01	0.803
117605211	nature.n.01	0.902
117605948	nature.n.01	0.838
117608838	nature.n.01	0.8
117609567	nature.n.01	0.898
100833954	nature.n.04	0.559
100836899	nature.n.04	0.576
117614192	nature.n.01	0.891
117615013	nature.n.01	0.633
117618226	nature.n.01	0.784
117621940	nature.n.04	0.359
100846852	nature.n.01	0.56
100847101	nature.n.04	0.55
117626463	nature.n.01	0.895
109239872	nature.n.01	0.956
117628860	nature.n.01	0.686
117628910	nature.n.01	0.55
117629115	nature.n.01	0.948
117630141	nature.n.01	0.822
100854531	nature.n.02	0.482
117632587	nature.n.01	0.899
117634974	nature.n.01	0.904
117635538	nature.n.01	0.613
117636004	nature.n.01	0.846
117636020	embryo.n.02	0.904
100860125	temper.n.02	0.708
117637848	nature.n.01	0.926
117637926	nature.n.01	0.916
117637999	nature.n.01	0.948
117638930	nature.n.01	0.585
117640754	nature.n.03	0.457
117640760	nature.n.03	0.581
109254146	nature.n.02	0.548
109254670	nature.n.02	0.678
109258970	nature.n.03	0.464
109263291	nature.n.01	0.822
109265562	endowment.n.01	0.614
109265667	benignity.n.01	0.841
109275558	nature.n.01	0.85
109278692	nature.n.01	0.938
109279221	nature.n.01	0.851
109279686	nature.n.01	0.849
109279703	nature.n.01	0.836
109279953	nature.n.02	0.455
117668952	nature.n.01	0.435
109280494	nature.n.01	0.541
109281915	nature.n.01	0.901
117670593	nature.n.01	0.513
117670693	nature.n.01	0.724
109282163	nature.n.01	0.914
109282253	nature.n.01	0.935
117671035	nature.n.01	0.656
109283222	nature.n.03	0.448
117671872	nature.n.01	0.865
117672026	nature.n.03	0.364
117672038	nature.n.01	0.445
109284000	nature.n.01	0.875
109285436	nature.n.01	0.402
117674321	nature.n.01	0.451
109286958	nature.n.01	0.667
109287030	nature.n.01	0.913
117675700	nature.n.01	0.412
117675802	nature.n.01	0.501
117675864	nature.n.01	0.602
117675915	nature.n.03	0.407
117675918	nature.n.01	0.409
109287375	nature.n.01	0.866
117676061	nature.n.01	0.505
117676089	nature.n.01	0.542
117676149	nature.n.02	0.422
117676155	nature.n.01	0.435
109288829	nature.n.03	0.707
117677536	nature.n.01	0.437
117678860	nature.n.01	0.424
109290352	nature.n.01	0.969
109290501	nature.n.01	0.786
117679124	nature.n.02	0.861
117679240	nature.n.02	0.859
117679284	nature.n.01	0.871
117679959	nature.n.02	0.723
109291391	character.n.03	0.741
117680003	nature.n.02	0.739
109291411	nature.n.01	0.952
117680023	nature.n.02	0.389
117680067	nature.n.02	0.517
117680093	nature.n.01	0.556
109291552	nature.n.01	0.946
117680666	nature.n.01	0.541
117681722	nature.n.01	0.868
117682001	nature.n.01	0.465
117682223	nature.n.02	0.943
117682244	nature.n.01	0.94
117682533	nature.n.01	0.63
117682540	nature.n.01	0.63
117682696	nature.n.01	0.611
117683083	nature.n.01	0.685
117685086	nature.n.02	0.648
117685417	nature.n.01	0.511
117686611	nature.n.01	0.946
117688211	nature.n.02	0.422
117689482	nature.n.02	0.755
117690040	nature.n.01	0.962
117691279	nature.n.01	0.403
117691512	nature.n.01	0.73
117691622	nature.n.01	0.781
117691651	nature.n.01	0.347
100914559	nature.n.01	0.918
109303755	nature.n.01	0.966
109304023	nature.n.01	0.825
117692743	nature.n.01	0.392
109304183	nature.n.01	0.581
109304441	nature.n.04	0.614
117693364	nature.n.02	0.34
117693367	nature.n.01	0.42
117693379	nature.n.03	0.358
117693443	nature.n.01	0.573
109304902	nature.n.01	0.493
109304932	nature.n.01	0.495
100916658	nature.n.01	0.905
117693918	nature.n.01	0.511
117695406	nature.n.01	0.59
100919108	nature.n.01	0.952
109308977	nature.n.02	0.917
117697629	nature.n.01	0.477
100921122	character.n.03	0.597
109309982	nature.n.01	0.565
109310063	nature.n.01	0.612
109310074	nature.n.02	0.845
109310219	nature.n.02	0.347
117699425	nature.n.01	0.413
117700734	nature.n.01	0.576
100924136	nature.n.01	0.782
117701831	nature.n.01	0.899
109314142	nature.n.03	0.525
109314151	nature.n.03	0.468
109314484	nature.n.01	0.689
117703109	nature.n.01	0.92
109314688	nature.n.03	0.372
109314788	nature.n.01	0.799
109315755	nature.n.01	0.932
109316242	nature.n.01	0.732
109316460	nature.n.01	0.926
109316623	nature.n.01	0.979
109317107	nature.n.01	0.968
109317706	nature.n.01	0.926
117706918	nature.n.01	0.968
117706946	nature.n.01	0.906
117707516	nature.n.04	0.682
117707604	nature.n.04	0.507
109319187	nature.n.01	0.801
117708260	nature.n.02	0.774
117711960	nature.n.01	0.933
117712880	nature.n.01	0.546
117713200	nature.n.01	0.771
117714132	nature.n.01	0.83
117714139	nature.n.01	0.9
117714184	nature.n.01	0.874
117714999	nature.n.04	0.501
117715277	nature.n.04	0.649
117716620	nature.n.01	0.685
117717726	nature.n.01	0.576
117717884	nature.n.01	0.576
117718510	nature.n.01	0.387
117718546	nature.n.01	0.504
109330900	nature.n.02	0.802
117719697	nature.n.01	0.574
109331268	nature.n.01	0.95
117720648	nature.n.01	0.495
117720891	nature.n.01	0.504
117720966	nature.n.01	0.431
117721440	nature.n.01	0.455
109333133	nature.n.02	0.475
117722015	nature.n.01	0.716
117722504	nature.n.02	0.576
117723380	nature.n.01	0.58
109334875	nature.n.01	0.676
117724155	nature.n.01	0.72
117724792	nature.n.01	0.409
117724795	nature.n.01	0.488
117726082	nature.n.04	0.428
117726095	nature.n.01	0.789
117730769	nature.n.02	0.589
109342740	nature.n.01	0.795
109342865	nature.n.01	0.707
117731516	nature.n.04	0.495
109343235	nature.n.03	0.599
117732697	nature.n.01	0.752
109344932	nature.n.01	0.695
109345731	nature.n.01	0.607
109345970	nature.n.01	0.658
100959179	nature.n.01	0.509
117736465	nature.n.01	0.475
117736504	nature.n.01	0.454
109350018	nature.n.01	0.822
109350302	nature.n.01	0.499
109350966	nature.n.01	0.52
117740715	nature.n.02	0.651
117743805	nature.n.01	0.882
117743821	nature.n.01	0.519
117743950	nature.n.01	0.887
117743984	nature.n.01	0.721
117747255	nature.n.01	0.799
117747902	nature.n.01	0.511
117748503	nature.n.01	0.442
117748815	nature.n.01	0.482
117748836	nature.n.01	0.376
117748850	nature.n.01	0.383
117748897	nature.n.01	0.461
117749202	nature.n.02	0.688
117749868	nature.n.01	0.656
117750612	nature.n.01	0.6
117755144	nature.n.01	0.817
117756056	nature.n.01	0.634
117756453	nature.n.01	0.872
117756691	nature.n.01	0.647
109368181	nature.n.01	0.915
109368220	inclination.n.01	0.531
117757099	nature.n.01	0.713
117757189	nature.n.01	0.913
117757385	nature.n.02	0.879
109368872	nature.n.04	0.561
117757674	nature.n.02	0.822
117758235	nature.n.02	0.858
117760407	nature.n.01	0.496
117760445	nature.n.01	0.503
117760610	nature.n.01	0.335
117760647	nature.n.01	0.494
117760809	nature.n.01	0.609
117761273	nature.n.01	0.512
117762635	nature.n.01	0.43
117762750	nature.n.01	0.837
117763071	nature.n.01	0.512
117763274	nature.n.01	0.784
117763308	nature.n.01	0.444
109379373	nature.n.03	0.701
109380275	genius.n.01	0.884
109380358	genius.n.01	0.894
109384216	substance.n.01	0.816
117773545	nature.n.03	0.886
117773622	physics.n.01	0.936
117773869	nature.n.03	0.747
117773905	quality.n.01	0.857
117774255	nature.n.01	0.932
109385741	disposition.n.01	0.475
109385995	nature.n.01	0.57
117776360	nature.n.01	0.956
109388185	nature.n.02	0.345
109388780	nature.n.01	0.677
117777396	nature.n.01	0.95
109388849	nature.n.01	0.909
117779920	nature.n.01	0.35
109391854	nature.n.01	0.9
101007277	nature.n.03	0.497
109398808	nature.n.04	0.505
101041879	parentage.n.02	0.992
101065058	nature.n.01	0.532
101094473	nature.n.02	0.537
101114060	inclination.n.01	0.639
109503355	nature.n.04	0.476
109504212	nature.n.01	0.396
109506221	nature.n.02	0.657
109506279	nature.n.02	0.831
109507114	nature.n.02	0.33
101150529	nature.n.03	0.433
101152298	nature.n.04	0.636
101152430	mind.n.07	0.69
101152497	reason.n.03	0.485
101155741	nature.n.01	0.512
101156706	nature.n.01	0.479
101156732	inclination.n.01	0.857
117943335	nature.n.04	0.577
117943839	nature.n.03	0.561
117946130	nature.n.01	0.652
117946476	genius.n.04	0.398
117946885	substance.n.01	0.6
101170257	nature.n.04	0.686
117948784	genius.n.04	0.517
117950805	kernel.n.03	0.623
117951055	nature.n.03	0.648
117951089	nature.n.03	0.895
117953939	nature.n.01	0.471
117953981	nature.n.01	0.554
117955177	nature.n.02	0.567
117955244	nature.n.02	0.837
117957306	nature.n.01	0.493
117957603	nature.n.04	0.399
117975218	nature.n.01	0.814
101198927	virtue.n.01	0.665
117976562	nature.n.01	0.744
117978568	nature.n.02	0.587
109591604	nature.n.04	0.528
109592419	nature.n.01	0.457
109593254	nature.n.02	0.326
117983070	nature.n.01	0.952
117983087	nature.n.01	0.911
117983158	nature.n.01	0.547
117983283	nature.n.02	0.491
117983655	nature.n.01	0.933
117983682	nature.n.01	0.613
117983944	nature.n.01	0.483
117984121	nature.n.02	0.572
117984138	nature.n.02	0.749
117984501	nature.n.01	0.729
117984510	nature.n.01	0.778
117984790	nature.n.01	0.507
117984797	nature.n.01	0.464
117984956	nature.n.02	0.429
117985601	nature.n.01	0.727
117985616	nature.n.01	0.506
117986228	nature.n.01	0.52
117986531	nature.n.01	0.602
117986965	nature.n.01	0.686
117987622	nature.n.02	0.461
117987753	nature.n.01	0.823
117988503	nature.n.02	0.651
117988853	nature.n.01	0.698
117989310	nature.n.01	0.505
117989487	nature.n.02	0.39
117989491	nature.n.01	0.412
117989500	nature.n.01	0.414
117989505	nature.n.01	0.395
117989968	nature.n.01	0.478
117990083	nature.n.01	0.633
117990090	nature.n.01	0.63
117990103	nature.n.01	0.461
117990144	nature.n.01	0.511
117990416	nature.n.04	0.431
117990473	nature.n.01	0.458
117990500	nature.n.01	0.57
117990587	nature.n.01	0.697
117990632	nature.n.01	0.534
117990650	nature.n.01	0.401
117991113	nature.n.01	0.668
117991274	nature.n.02	0.464
117991331	nature.n.01	0.86
117991534	nature.n.04	0.639
117991544	nature.n.01	0.563
117991757	nature.n.01	0.471
117992132	nature.n.01	0.677
117992140	nature.n.04	0.486
117992810	nature.n.02	0.862
117992822	nature.n.04	0.611
117993089	nature.n.01	0.478
117993835	nature.n.01	0.705
117995562	nature.n.01	0.498
117995587	nature.n.01	0.41
117995602	nature.n.04	0.478
117995885	nature.n.02	0.409
117996306	nature.n.01	0.38
117996311	nature.n.01	0.38
101219242	merit.n.01	0.703
117996899	nature.n.01	0.608
117997199	nature.n.02	0.801
117997443	nature.n.01	0.55
117997805	nature.n.01	0.409
117997856	nature.n.01	0.619
117998006	nature.n.02	0.912
101221614	brain.n.02	0.951
117999126	nature.n.01	0.495
117999282	nature.n.01	0.403
118000127	nature.n.01	0.573
118000140	nature.n.02	0.917
118000265	nature.n.04	0.575
118000322	nature.n.04	0.556
118000517	nature.n.01	0.666
118000541	nature.n.01	0.509
118000582	nature.n.01	0.333
118000586	nature.n.04	0.406
118000628	nature.n.02	0.553
118000641	nature.n.01	0.791
118000645	nature.n.01	0.775
118000654	nature.n.01	0.831
118000657	nature.n.01	0.454
118000670	nature.n.01	0.555
118000674	nature.n.01	0.482
118000877	nature.n.01	0.603
118000895	nature.n.01	0.593
118001531	nature.n.01	0.873
118001655	nature.n.02	0.72
118001984	nature.n.01	0.679
118002285	nature.n.01	0.399
118002292	nature.n.04	0.462
118002312	nature.n.04	0.482
118002617	nature.n.02	0.484
118002952	nature.n.02	0.547
118003611	nature.n.02	0.745
118003656	nature.n.01	0.657
118003659	nature.n.01	0.798
118003706	nature.n.02	0.798
118003774	nature.n.02	0.631
118003853	nature.n.02	0.738
118003876	nature.n.02	0.606
118003906	nature.n.02	0.732
118003926	nature.n.02	0.645
118004071	nature.n.02	0.878
118004477	nature.n.01	0.595
118004634	nature.n.04	0.626
118005466	nature.n.02	0.396
118005546	nature.n.01	0.52
118005841	nature.n.02	0.607
118006490	nature.n.02	0.778
118006698	nature.n.04	0.543
118006940	nature.n.01	0.551
118006944	nature.n.01	0.397
118006974	nature.n.01	0.671
118006990	nature.n.01	0.604
118007141	nature.n.03	0.433
118007151	nature.n.02	0.649
118007429	nature.n.01	0.542
118007621	nature.n.01	0.391
118008050	nature.n.01	0.429
118008297	nature.n.02	0.409
118008360	nature.n.04	0.633
118008496	nature.n.02	0.629
118009289	nature.n.01	0.511
118009320	nature.n.02	0.499
118009931	nature.n.01	0.501
118010424	nature.n.01	0.86
118010867	nature.n.05	0.617
118010875	nature.n.01	0.757
118010889	nature.n.05	0.505
118010912	nature.n.02	0.862
118011120	nature.n.01	0.561
118011130	nature.n.01	0.749
118011370	nature.n.01	0.593
118011383	nature.n.01	0.545
118011392	nature.n.01	0.476
118011471	nature.n.02	0.652
118012137	nature.n.01	0.907
118012232	nature.n.01	0.779
118012269	nature.n.01	0.385
118012873	nature.n.02	0.792
118012966	nature.n.01	0.495
118013392	nature.n.02	0.403
118013398	nature.n.02	0.403
118014141	nature.n.02	0.816
118014387	nature.n.01	0.469
118014747	nature.n.01	0.426
118014926	nature.n.04	0.762
118014935	nature.n.01	0.28
118015066	nature.n.02	0.861
109649390	constitution.n.04	0.62
109649569	kernel.n.03	0.778
109649609	nature.n.01	0.91
109650054	nature.n.02	0.504
109650160	nature.n.03	0.728
109651673	nature.n.02	0.647
109652392	nature.n.01	0.604
109652850	nature.n.02	0.793
109654225	nature.n.02	0.567
109656806	nature.n.03	0.395
101268868	nature.n.01	0.5
109657646	nature.n.02	0.438
109658080	nature.n.01	0.514
101269626	nature.n.01	0.631
109687995	nature.n.01	0.94
109694407	nature.n.01	0.962
109694467	nature.n.01	0.93
109698822	nature.n.01	0.911
109699143	nature.n.01	0.67
109704474	nature.n.01	0.912
109706931	nature.n.03	0.728
109708005	production.n.01	0.768
109708962	nature.n.01	0.798
118106468	nature.n.01	0.892
118106512	structure.n.04	0.511
118110800	nature.n.01	0.97
109722349	quality.n.03	0.808
118111787	nature.n.02	0.578
118112753	nature.n.02	0.434
109726424	nature.n.03	0.389
109727195	nature.n.01	0.956
101360942	nature.n.01	0.808
109752901	nature.n.02	0.925
109753360	nature.n.04	0.493
109759286	birth.n.02	0.477
101386793	nature.n.04	0.485
109778336	nature.n.01	0.882
109779710	nature.n.01	0.899
101391571	organism.n.01	0.99
101391665	thoroughbred.n.02	0.793
109783097	nature.n.02	0.772
109786005	nature.n.01	0.579
118176636	nature.n.03	0.525
118178846	human_body.n.01	0.485
118180346	nature.n.02	0.489
109795061	profession.n.02	0.889
101409910	nature.n.01	0.55
101414210	nature.n.02	0.693
109803429	nature.n.01	0.354
101416733	inclination.n.01	0.598
101416747	nature.n.04	0.594
101417991	nature.n.01	0.778
101418138	nature.n.01	0.536
101418154	nature.n.01	0.736
101418194	nature.n.01	0.871
109811189	nature.n.01	0.918
101423382	genius.n.01	0.772
101423762	kernel.n.03	0.826
101424818	nature.n.01	0.489
109813718	nature.n.01	0.942
101432445	character.n.03	0.888
101432486	character.n.03	0.904
109821476	nature.n.01	0.72
109838061	nature.n.01	0.893
109844176	nature.n.01	0.917
109846687	genius.n.01	0.382
109856155	quality.n.03	0.912
109858979	nature.n.04	0.503
109859185	nature.n.01	0.844
109872209	nature.n.01	0.695
109876245	nature.n.02	0.84
109877945	inclination.n.01	0.662
109878763	nature.n.04	0.818
109879684	nature.n.03	0.364
109880468	nature.n.01	0.941
109881858	nature.n.01	0.868
109885632	nature.n.01	0.904
109890133	nature.n.01	0.603
101504553	flatulence.n.01	0.992
109898151	nature.n.01	0.905
118292729	nature.n.01	0.908
118292765	nature.n.01	0.924
109906835	nature.n.01	0.497
118296679	nature.n.04	0.512
118297020	nature.n.01	0.787
109908453	nature.n.01	0.622
109908524	disposition.n.04	0.555
101521726	instinct.n.01	None
101521842	instinct.n.01	None
109917150	nature.n.01	0.927
118306858	nature.n.01	0.755
118307496	nature.n.01	0.734
118308656	nature.n.01	0.921
118309034	nature.n.03	0.371
118310079	nature.n.01	0.797
118310126	nature.n.02	0.835
118311364	nature.n.01	0.825
118311790	nature.n.04	0.65
109923420	nature.n.01	0.521
109923426	nature.n.02	0.391
109923572	nature.n.04	0.515
109923658	nature.n.04	0.839
118312465	nature.n.01	0.827
109924224	nature.n.01	0.599
118313362	nature.n.01	0.612
118313706	regulation.n.01	0.853
118314040	nature.n.01	0.81
118315005	nature.n.01	0.589
118315266	nature.n.01	0.776
118315339	substance.n.01	0.801
109927503	nature.n.02	0.685
118317656	nature.n.02	0.826
118318116	nature.n.01	0.863
118318602	genius.n.04	0.413
118320784	nature.n.04	0.746
109932497	nature.n.02	0.888
118321135	nature.n.01	0.823
118321184	nature.n.02	0.543
118321771	character.n.03	0.846
118324249	nature.n.03	0.895
118324494	nature.n.04	0.501
118328292	nature.n.02	0.69
118332000	nature.n.02	0.571
118333324	form.n.03	0.306
118333386	nature.n.01	0.902
118335385	character.n.03	0.865
118336369	animal.n.01	0.986
118336606	quality.n.03	0.915
109950402	nature.n.01	0.376
101563410	nature.n.01	0.374
109952483	nature.n.02	0.797
109954079	nature.n.01	0.856
101566477	nature.n.02	0.83
109958229	nature.n.01	0.878
118347670	character.n.03	0.772
118348322	nature.n.01	0.481
109959841	nature.n.01	0.725
118348608	breed.n.02	0.888
118351363	nature.n.02	0.706
101576414	nature.n.01	0.6
118356142	nature.n.02	0.88
118359479	character.n.03	0.829
109979328	nature.n.02	0.764
118372953	quality.n.03	0.645
118373032	nature.n.01	0.832
118373390	nature.n.01	0.949
118373427	nature.n.03	0.412
118373620	nature.n.01	0.654
118373803	nature.n.02	0.8
118374148	nature.n.02	0.392
118374246	substance.n.01	0.78
118374767	nature.n.02	0.348
118375028	nature.n.01	0.932
118375342	nature.n.01	0.908
118375841	nature.n.01	0.827
109987337	nature.n.01	0.903
118375945	nature.n.01	0.682
109987526	nature.n.01	0.964
118377344	nature.n.01	0.785
118377706	nature.n.01	0.732
118378221	substance.n.01	0.723
109991652	quality.n.03	0.594
101605858	nature.n.04	0.764
109996778	nature.n.01	0.931
101610367	sex.n.02	0.609
118389308	organism.n.01	0.701
118395872	inclination.n.01	0.477
118402232	nature.n.01	0.864
118402785	nature.n.02	0.806
118404843	nature.n.01	0.925
118404871	nature.n.01	0.553
118406381	nature.n.04	0.492
118408719	nature.n.01	0.946
118410999	nature.n.01	0.895
101634375	nature.n.01	0.507
101637437	nature.n.01	0.949
118419108	parentage.n.02	0.731
101643207	nature.n.04	0.478
110032483	nature.n.04	0.47
118421581	nature.n.01	0.945
118426063	nature.n.01	0.914
118426351	nature.n.01	0.406
118426883	nature.n.01	0.946
118427101	nature.n.01	0.934
118428231	nature.n.02	0.65
118428895	nature.n.01	0.429
118430275	nature.n.04	0.62
110043226	nature.n.02	0.518
118433870	nature.n.01	0.871
110052490	nature.n.01	0.839
101665567	nature.n.01	0.707
101670242	nature.n.01	0.78
118448981	birth.n.02	0.453
118450072	nature.n.01	0.819
118451392	organism.n.01	0.959
118451628	nature.n.01	0.925
118451708	nature.n.01	0.932
118451731	nature.n.01	0.694
118452021	nature.n.01	0.73
118452099	nature.n.02	0.509
118462145	nature.n.04	0.668
118462409	nature.n.04	0.699
110075590	nature.n.03	0.502
118465155	nature.n.01	0.881
110079954	nature.n.01	0.804
118469637	shrewdness.n.01	None
110081466	nature.n.01	0.935
110083296	nature.n.01	0.452
110084261	nature.n.03	0.803
110085049	nature.n.02	0.632
110085952	nature.n.01	0.833
101698045	nature.n.01	0.862
110086697	nature.n.04	0.557
101700185	nature.n.01	0.514
101703884	nature.n.02	0.427
118482123	nature.n.01	0.518
118483698	nature.n.01	0.882
101707206	weakness.n.03	0.64
101710762	nature.n.03	0.357
101713809	universe.n.01	0.589
118491533	nature.n.04	0.506
101716760	nature.n.01	0.451
118496256	nature.n.01	0.698
118496280	nature.n.01	0.454
118496525	nature.n.04	0.737
101720322	nature.n.01	0.409
118498334	disposition.n.01	0.513
101721578	nature.n.01	0.847
101721618	nature.n.01	0.826
101721646	nature.n.01	0.418
101721825	nature.n.01	0.865
101722399	nature.n.01	0.583
101722466	nature.n.02	0.8
101722505	nature.n.02	0.563
101722884	nature.n.01	0.642
118500980	character.n.03	0.851
101723849	nature.n.03	0.389
101723852	nature.n.03	0.389
101724066	nature.n.01	0.894
101724356	nature.n.02	0.411
101724370	nature.n.01	0.447
101724510	nature.n.04	0.477
101724536	nature.n.01	0.455
101724646	nature.n.01	0.563
101724784	nature.n.01	0.657
101724934	nature.n.01	0.892
101725510	nature.n.01	0.923
101726432	nature.n.01	0.878
101726465	nature.n.01	0.815
101726491	nature.n.02	0.538
118507010	nature.n.01	0.912
118507716	nature.n.01	0.739
101731162	nature.n.01	0.494
118510622	nature.n.01	0.934
118510937	nature.n.04	0.547
101735391	nature.n.01	0.849
101737947	nature.n.01	0.64
118516088	nature.n.02	0.823
118516403	nature.n.01	0.951
118516697	nature.n.01	0.64
101739917	nature.n.01	0.962
101742730	quality.n.01	0.584
101747698	nature.n.04	0.767
101748387	nature.n.01	0.53
101755007	nature.n.01	0.88
101755120	nature.n.01	0.586
101755805	nature.n.03	0.635
101760443	nature.n.01	0.858
101761142	nature.n.01	0.902
101779643	nature.n.01	0.714
101781467	nature.n.01	0.907
101783231	nature.n.01	0.936
101783481	nature.n.01	0.881
101783515	nature.n.01	0.949
101783752	nature.n.01	0.437
101783903	nature.n.01	0.809
101784025	nature.n.01	0.966
101784166	nature.n.01	0.905
101784215	nature.n.01	0.959
101784271	nature.n.01	0.927
101784400	nature.n.01	0.918
101784434	nature.n.01	0.943
101784517	nature.n.01	0.888
101784669	nature.n.01	0.907
101787005	nature.n.01	0.838
101787202	nature.n.02	0.587
101787294	nature.n.01	0.495
101790703	nature.n.01	0.876
101791194	nature.n.02	0.46
101791382	kind.n.01	None
101791484	nature.n.01	0.538
101792228	nature.n.01	0.761
101793827	animal.n.01	0.95
101794137	nature.n.01	0.577
101794949	nature.n.01	0.94
101795886	nature.n.01	0.948
101795992	nature.n.01	0.88
101796101	nature.n.01	0.945
110185522	nature.n.01	0.469
110185889	nature.n.01	0.85
110186099	nature.n.01	0.888
101797809	nature.n.01	0.964
110190762	nature.n.01	0.841
110190767	nature.n.03	0.405
101807022	nature.n.01	0.391
101807065	nature.n.01	0.566
101807382	nature.n.01	0.673
101807603	nature.n.01	0.451
101807631	nature.n.04	0.544
110197975	nature.n.03	0.44
101810517	nature.n.03	0.479
101813578	nature.n.01	0.803
101813756	nature.n.01	0.812
101817660	nature.n.01	0.479
101820252	nature.n.01	0.854
101820368	nature.n.01	0.925
101820510	nature.n.01	0.352
110209591	nature.n.01	0.961
101821784	nature.n.01	0.762
101822649	nature.n.01	0.927
101822730	nature.n.01	0.644
101822780	nature.n.01	0.957
101826931	nature.n.01	0.572
101827674	nature.n.01	0.937
101830609	nature.n.01	0.909
101831688	nature.n.01	0.367
101832010	health.n.01	0.843
101832371	nature.n.01	0.876
101833232	nature.n.01	0.832
101833305	nature.n.01	0.844
101833720	nature.n.03	0.484
101833812	nature.n.01	0.916
101834203	nature.n.01	0.344
101834225	nature.n.01	0.883
101834598	nature.n.01	0.937
101838274	nature.n.01	0.588
101838992	nature.n.03	0.34
101839149	nature.n.01	0.917
101839213	nature.n.01	0.903
101839434	nature.n.01	0.932
101840482	nature.n.01	0.933
110229367	kind.n.01	None
110232329	nature.n.01	0.801
101844203	nature.n.03	0.574
101844667	nature.n.01	0.944
101844719	nature.n.01	0.937
101846336	nature.n.01	0.779
101850917	nature.n.01	0.604
101852630	nature.n.01	0.7
101853922	nature.n.01	0.731
101853932	nature.n.01	0.845
101854510	human_body.n.01	0.316
101855247	form.n.03	0.539
101855529	life.n.01	0.774
101859631	nature.n.01	0.938
101859702	nature.n.01	0.745
101859792	nature.n.01	0.654
101859994	nature.n.01	0.859
101860951	nature.n.04	0.505
101861386	nature.n.01	0.909
101861405	nature.n.01	0.671
101862662	nature.n.01	0.975
101863197	nature.n.01	0.599
110253107	nature.n.03	0.734
110253257	nature.n.02	0.599
110253292	nature.n.01	0.764
101866200	nature.n.04	0.508
101868778	nature.n.01	0.651
101874794	nature.n.01	0.958
101875823	animal.n.01	0.976
118653120	nature.n.01	0.653
101876288	nature.n.02	0.58
101876649	nature.n.01	0.422
101877343	nature.n.01	0.518
101877386	nature.n.01	0.921
101877877	nature.n.01	0.949
118657161	nature.n.01	0.841
101883562	nature.n.01	0.568
101883597	nature.n.01	0.919
101883645	nature.n.01	0.76
101883707	nature.n.01	0.71
101883718	nature.n.01	0.652
101883765	nature.n.01	0.333
101883909	nature.n.01	0.908
101883986	nature.n.01	0.819
101884293	nature.n.01	0.554
101884972	character.n.03	0.69
101886350	nature.n.01	0.934
101886359	nature.n.01	0.76
101886988	nature.n.04	0.714
101893800	nature.n.04	0.375
101899567	nature.n.04	0.572
110288290	nature.n.01	0.658
101902997	nature.n.01	0.959
118690657	nature.n.01	0.344
101938029	nature.n.02	0.626
101941700	nature.n.01	0.506
118720997	character.n.03	0.78
118721083	nature.n.01	0.657
118721433	nature.n.01	0.962
118721453	nature.n.01	0.931
118721519	nature.n.01	0.588
118722781	nature.n.01	0.803
118722905	nature.n.02	0.784
118724336	nature.n.01	0.745
118724343	nature.n.01	0.725
118724621	nature.n.02	0.389
118725404	race.n.03	0.987
118725688	nature.n.01	0.621
118726347	nature.n.03	0.751
118727003	nature.n.01	0.819
101956399	genius.n.01	0.35
101956788	character.n.03	0.669
101960629	nature.n.03	0.448
101963686	nature.n.02	0.618
118746380	nature.n.01	0.433
101969188	nature.n.01	0.938
101969204	nature.n.01	0.938
101969212	nature.n.01	0.938
101974511	constitution.n.04	0.964
101974569	constitution.n.04	0.91
118752929	nature.n.02	0.775
118753115	nature.n.02	0.397
101977805	nature.n.01	0.666
118757766	nature.n.01	0.731
118761484	nature.n.04	0.364
118762263	nature.n.02	0.706
118762358	nature.n.02	0.78
118762656	nature.n.02	0.44
118762682	nature.n.02	0.571
118763111	nature.n.03	0.532
101986163	nature.n.01	0.927
118765378	nature.n.03	0.715
118767261	disposition.n.01	0.608
118767683	character.n.03	0.91
101993135	nature.n.01	0.583
101993176	nature.n.01	0.471
101993183	nature.n.03	0.441
101993215	nature.n.01	0.908
101993384	nature.n.02	0.372
101993472	nature.n.01	0.662
101993488	nature.n.02	0.483
101993538	nature.n.04	0.566
101993564	nature.n.01	0.553
101994234	nature.n.01	0.55
101995320	nature.n.01	0.922
101995377	nature.n.01	0.962
101995524	nature.n.01	0.63
101995540	nature.n.01	0.49
101995556	nature.n.01	0.35
110387764	nature.n.03	0.677
110387843	nature.n.01	0.664
110387851	nature.n.01	0.692
110387863	nature.n.03	0.383
110387890	nature.n.01	0.441
102000135	nature.n.01	0.832
102000177	nature.n.01	0.946
118777897	nature.n.04	0.482
118778446	nature.n.01	0.937
118779164	sex.n.04	0.995
110390719	nature.n.02	0.759
110391069	nature.n.02	0.746
110391428	nature.n.01	0.842
118780444	nature.n.01	0.75
110392528	nature.n.01	0.865
110395633	nature.n.02	0.754
102009271	nature.n.01	0.87
118787193	self.n.01	0.886
102010643	nature.n.02	0.437
110401662	nature.n.02	0.686
110401751	nature.n.02	0.907
110401996	nature.n.05	0.35
110402087	nature.n.05	0.605
110402097	nature.n.03	0.344
110402257	nature.n.03	0.64
110402520	nature.n.01	0.51
102015078	nature.n.01	0.515
102017059	nature.n.02	0.502
118795242	nature.n.01	0.904
102018040	nature.n.01	0.742
110407997	nature.n.01	0.749
102019781	nature.n.04	0.624
110409031	nature.n.01	0.898
110409086	nature.n.01	0.965
110409164	nature.n.03	0.371
118797976	nature.n.01	0.871
102021670	nature.n.01	0.499
110410508	nature.n.01	0.937
110410883	nature.n.03	0.853
110411926	nature.n.01	0.842
110411937	nature.n.01	0.633
110411958	nature.n.01	0.549
110412556	nature.n.01	0.876
110413557	nature.n.01	0.935
118803986	nature.n.02	0.425
110416097	nature.n.01	0.92
110418639	nature.n.04	0.569
102030601	nature.n.01	0.913
110420390	nature.n.01	0.835
118809069	nature.n.01	0.524
118810115	nature.n.03	0.645
118815715	nature.n.01	0.609
118816207	nature.n.02	0.634
118823646	nature.n.02	0.372
118823653	nature.n.02	0.499
118823657	nature.n.02	0.437
118823682	nature.n.02	0.652
102049500	nature.n.01	0.957
118828267	nature.n.01	0.657
118828993	nature.n.01	0.477
118831926	nature.n.01	0.885
118834499	nature.n.01	0.681
118837491	nature.n.01	0.852
118839103	nature.n.01	0.912
102061914	nature.n.01	0.918
102062000	nature.n.01	0.843
118841122	nature.n.01	0.53
118841251	nature.n.01	0.971
118841282	nature.n.01	0.706
102064509	nature.n.01	0.731
102064942	nature.n.01	0.927
118842489	quality.n.01	0.677
118843133	nature.n.04	0.45
102066044	nature.n.04	0.464
102067883	nature.n.04	0.576
102067913	nature.n.04	0.338
102067961	nature.n.01	0.765
102068116	nature.n.01	0.799
102068188	nature.n.04	0.463
102068259	nature.n.01	0.436
102068371	nature.n.01	0.507
102068468	nature.n.04	0.544
102068565	nature.n.01	0.892
102068587	nature.n.01	0.723
118847136	nature.n.01	0.786
102070493	nature.n.02	0.623
118849168	nature.n.02	0.751
118849606	nature.n.01	0.734
102073809	nature.n.01	0.964
118851189	condition.n.01	0.871
102075082	nature.n.01	0.667
102077487	nature.n.02	0.741
118855258	brilliance.n.03	0.381
118855385	nature.n.01	0.539
118856495	nature.n.01	0.443
102079712	nature.n.01	0.917
102080091	condition.n.01	0.571
102080169	constitution.n.04	0.995
102080692	nature.n.01	0.485
102080877	nature.n.01	0.571
102080919	nature.n.01	0.744
102080952	nature.n.04	0.543
102081109	nature.n.04	0.7
118858862	nature.n.04	0.498
102082720	nature.n.01	0.839
118860457	nature.n.04	0.444
102084151	nature.n.01	0.84
118862325	nature.n.01	0.882
102085226	nature.n.01	0.581
102085232	nature.n.01	0.542
118863710	character.n.03	0.593
102087163	nature.n.01	0.487
102087491	nature.n.01	0.898
102087635	nature.n.01	0.721
118864964	inclination.n.01	0.615
102088911	nature.n.01	0.518
102092229	nature.n.01	0.877
102092674	nature.n.01	0.934
118870522	inclination.n.01	0.659
118870664	nature.n.01	0.802
102093514	nature.n.01	0.898
102093680	nature.n.01	0.343
102093718	nature.n.01	0.486
102093852	constitution.n.04	0.994
102093879	constitution.n.04	0.897
118872541	nature.n.01	0.425
102095609	nature.n.01	0.763
102095733	nature.n.01	0.526
102095759	nature.n.01	0.897
102095781	nature.n.01	0.892
102095813	nature.n.01	0.748
102095982	nature.n.04	0.572
102095997	nature.n.04	0.441
102096123	nature.n.01	0.588
102096155	nature.n.01	0.695
102096167	nature.n.01	0.445
102096201	nature.n.01	0.835
102096260	nature.n.01	0.824
102096291	nature.n.04	0.61
102096428	nature.n.04	0.507
102096781	nature.n.01	0.913
102096843	quality.n.01	0.731
102096857	nature.n.01	0.714
102096908	nature.n.01	0.452
102096924	nature.n.01	0.449
102096952	nature.n.03	0.328
102097037	nature.n.01	0.482
118876581	nature.n.01	0.686
102100992	nature.n.01	0.777
102102479	nature.n.01	0.918
102103467	nature.n.01	0.934
102103755	nature.n.01	0.461
102104010	nature.n.01	0.949
102104785	nature.n.01	0.908
118882856	nature.n.03	0.487
102106825	nature.n.01	0.498
102106867	nature.n.01	0.69
102106955	nature.n.01	0.659
102107005	nature.n.01	0.874
102107043	nature.n.01	0.414
102107180	nature.n.01	0.603
102108600	nature.n.01	0.51
102108707	nature.n.01	0.917
102108813	nature.n.01	0.732
102108902	nature.n.01	0.815
102108922	nature.n.01	0.483
102109018	nature.n.04	0.665
102109072	nature.n.02	0.377
102109249	nature.n.01	0.475
102109299	nature.n.01	0.625
102109306	nature.n.01	0.604
102109333	nature.n.01	0.607
102109927	difference.n.01	0.979
102110186	nature.n.04	0.455
102110509	nature.n.01	0.797
102110568	nature.n.01	0.569
102110615	nature.n.02	0.311
102111335	nature.n.01	0.621
102111410	nature.n.01	0.876
102112333	nature.n.01	0.888
102112402	temper.n.03	0.678
102112775	nature.n.01	0.902
102112948	nature.n.01	0.717
102113099	nature.n.04	0.694
102113542	nature.n.01	0.59
102116895	nature.n.04	0.493
102117232	nature.n.02	0.467
102118636	soul.n.01	0.796
102118799	nature.n.01	0.435
102121078	nature.n.01	0.951
102121474	nature.n.04	0.505
118900586	nature.n.01	0.787
118901248	nature.n.04	0.612
102124775	nature.n.01	0.443
102124816	nature.n.04	0.429
118902841	nature.n.01	0.74
102125664	nature.n.01	0.885
102125691	nature.n.01	0.647
102126526	nature.n.01	0.481
102126847	quality.n.01	0.731
118905078	nature.n.01	0.847
102129143	nature.n.04	0.456
102129549	nature.n.01	0.949
102132794	nature.n.04	0.794
102135132	nature.n.01	0.531
102137538	nature.n.01	0.64
102138885	nature.n.01	0.509
102140155	nature.n.01	0.748
102142337	nature.n.03	0.46
102142829	nature.n.01	0.567
102143809	nature.n.01	0.512
102144112	nature.n.01	0.591
102144246	nature.n.01	0.68
102144807	nature.n.01	0.804
102146039	nature.n.01	0.593
102146121	nature.n.03	0.565
102146222	nature.n.01	0.687
102146246	nature.n.01	0.585
102146317	nature.n.03	0.747
102146375	nature.n.01	0.745
102148217	nature.n.04	0.604
102149571	nature.n.01	0.833
102151304	nature.n.01	0.889
102151581	nature.n.01	0.879
102151740	nature.n.01	0.932
102151895	nature.n.01	0.941
102153620	nature.n.01	0.912
102155026	nature.n.01	0.489
102155877	nature.n.01	0.639
102156436	nature.n.02	0.467
102156505	nature.n.01	0.702
118935681	nature.n.02	0.663
102159080	nature.n.01	0.896
102159101	coevals.n.01	0.426
102159984	nature.n.01	0.967
102160031	nature.n.01	0.942
102160168	nature.n.01	0.931
118938189	nature.n.04	0.536
102161727	nature.n.01	0.902
102161968	nature.n.01	0.925
102162809	nature.n.01	0.928
102163586	nature.n.01	0.938
102163632	nature.n.01	0.814
102163742	nature.n.01	0.793
102163774	form.n.03	0.477
102164998	power.n.01	0.828
102165483	nature.n.01	0.863
102165583	nature.n.01	0.974
102165861	nature.n.01	0.868
102166616	substance.n.01	0.641
102166801	kind.n.01	None
102166972	nature.n.01	0.89
102167409	substance.n.01	0.726
102168010	nature.n.01	0.886
102168023	nature.n.01	0.859
102168472	substance.n.01	0.827
102168680	nature.n.01	0.975
102168916	nature.n.01	0.87
102169125	substance.n.01	0.771
102169492	nature.n.01	0.916
102171017	substance.n.01	0.872
102171097	nature.n.01	0.68
102171101	nature.n.01	0.895
102171197	nature.n.01	0.953
102171486	substance.n.01	0.822
102171609	nature.n.02	0.484
102171858	substance.n.01	0.721
102172008	nature.n.01	0.828
102172429	substance.n.01	0.87
102173502	nature.n.01	0.861
102173626	nature.n.01	0.799
102174285	nature.n.01	0.938
102174559	kind.n.01	None
102174709	nature.n.04	0.306
102174818	nature.n.01	0.963
102175145	substance.n.01	0.849
102175498	substance.n.01	0.947
102175654	substance.n.01	0.827
102175882	substance.n.01	0.52
102176043	substance.n.01	0.904
102176164	substance.n.01	0.937
102176551	substance.n.01	0.542
102178326	nature.n.01	0.549
102178406	nature.n.01	0.383
102178451	nature.n.01	0.661
102178606	nature.n.03	0.448
102178655	substance.n.01	0.857
102179308	substance.n.01	0.798
102179331	substance.n.01	0.866
102179710	nature.n.01	0.906
102180903	nature.n.02	0.585
102181082	nature.n.01	0.842
102181512	nature.n.01	0.849
102181607	nature.n.01	0.889
102181830	nature.n.01	0.877
102182022	nature.n.01	0.876
102183312	nature.n.01	0.813
102187591	nature.n.01	0.718
102187704	nature.n.01	0.727
102191747	nature.n.02	0.509
102192856	birth.n.02	0.473
102195571	nature.n.02	0.39
102195582	nature.n.02	0.39
102195595	nature.n.02	0.357
102200647	nature.n.01	0.632
102201040	nature.n.01	0.568
102201864	nature.n.01	0.804
102205330	nature.n.01	0.962
118984178	nature.n.01	0.742
102212582	nature.n.01	0.437
102213975	nature.n.01	0.472
102214022	nature.n.01	0.396
102214028	nature.n.01	0.396
102214448	nature.n.01	0.546
102214551	nature.n.01	0.754
102217363	character.n.03	0.78
102217981	character.n.03	0.827
102218709	quality.n.03	0.74
102218772	character.n.03	0.859
118996765	nature.n.02	0.699
102220535	nature.n.01	0.761
102220665	quality.n.01	0.893
102220728	nature.n.02	0.756
118998033	nature.n.01	0.707
102220930	nature.n.02	0.638
118998183	nature.n.03	0.722
118998395	nature.n.01	0.92
102221235	character.n.03	0.846
102221858	organism.n.01	0.994
102222410	nature.n.02	0.659
119000104	nature.n.01	0.831
102224344	nature.n.03	0.643
102224484	nature.n.01	0.33
102224622	nature.n.02	0.639
119002844	nature.n.01	0.954
119004216	nature.n.04	0.584
102228126	nature.n.01	0.965
102229117	nature.n.02	0.489
102233609	nature.n.01	0.88
102236209	nature.n.01	0.72
102239302	nature.n.04	0.666
102242086	reality.n.02	0.341
102248851	nature.n.02	0.375
102249004	nature.n.02	0.76
102249065	nature.n.01	0.6
102250016	nature.n.01	0.781
102252344	nature.n.01	0.644
102254118	nature.n.01	0.53
102254353	nature.n.02	0.628
102256090	world.n.08	None
102256350	nature.n.01	0.882
102257866	nature.n.01	0.474
102261455	nature.n.01	0.51
102262433	quality.n.03	0.446
102262537	nature.n.01	0.63
102263147	nature.n.03	0.483
102263177	nature.n.01	0.922
102263367	nature.n.01	0.892
102264184	nature.n.02	0.373
102264971	character.n.03	0.704
102266192	nature.n.02	0.751
102266977	organism.n.01	0.995
102268675	temper.n.03	0.7
102268764	nature.n.01	0.529
102270132	constitution.n.04	0.994
102270423	nature.n.02	0.755
102272275	nature.n.01	0.87
102274832	nature.n.01	0.557
102275889	nature.n.01	0.805
102276725	nature.n.01	0.586
102276865	nature.n.01	0.561
102278658	nature.n.02	0.397
102278983	nature.n.01	0.507
102280212	substance.n.01	0.803
119058022	nature.n.01	0.822
102281262	nature.n.03	0.524
102281274	nature.n.03	0.643
102281437	nature.n.02	0.508
102281521	nature.n.03	0.506
102281535	nature.n.03	0.53
102281633	nature.n.03	0.741
102281689	nature.n.01	0.432
102281927	nature.n.03	0.45
102282199	nature.n.03	0.566
102282525	nature.n.03	0.48
102282548	nature.n.01	0.37
102284085	nature.n.02	0.541
102284493	nature.n.01	0.896
102286235	nature.n.01	0.765
102294739	instinct.n.01	None
102296511	nature.n.02	0.814
102296878	nature.n.02	0.822
102299555	increase.n.03	0.435
102299592	nature.n.02	0.848
102300400	nature.n.01	0.716
102300549	nature.n.01	0.941
102301410	frailty.n.02	0.944
102305272	nature.n.02	0.638
119082783	sex.n.04	0.744
119083770	human_body.n.01	0.667
119083997	shape.n.01	0.467
102308318	character.n.03	0.833
102310479	nature.n.03	0.484
102310631	nature.n.04	0.466
102310742	nature.n.01	0.761
102311016	nature.n.04	0.55
119088588	nature.n.03	0.607
102311411	nature.n.01	0.654
119088839	nature.n.01	0.534
102311711	nature.n.01	0.605
119089026	nature.n.02	0.711
119089098	nature.n.03	0.837
119089099	nature.n.03	0.837
119089150	nature.n.02	0.534
119089574	nature.n.02	0.667
102312398	nature.n.01	0.886
119089687	nature.n.01	0.611
119089820	nature.n.02	0.665
102312631	nature.n.03	0.507
119090255	nature.n.02	0.486
102313082	nature.n.01	0.939
102313641	nature.n.01	0.632
102313768	orderliness.n.02	0.372
119091172	nature.n.01	0.861
102314096	nature.n.01	0.355
102314437	nature.n.01	0.758
102314902	climate.n.01	0.99
102314911	climate.n.01	0.982
102315051	nature.n.01	0.729
102315454	nature.n.05	0.367
102315485	inclination.n.01	0.758
102315675	nature.n.01	0.446
102315789	nature.n.03	0.405
102315797	nature.n.01	0.417
102315884	faculty.n.01	0.992
102315940	nature.n.01	0.914
102315962	nature.n.01	0.758
102315998	nature.n.01	0.363
102316054	nature.n.03	0.411
102316198	nature.n.01	0.912
102316448	nature.n.03	0.577
102316644	nature.n.01	0.785
102317522	nature.n.02	0.586
119095023	nature.n.03	0.401
102318030	nature.n.01	0.912
102318990	nature.n.01	0.732
119097276	nature.n.01	0.861
119099580	nature.n.03	0.405
102322774	nature.n.04	0.602
119101802	nature.n.01	0.855
102327117	nature.n.01	0.545
102328130	nature.n.01	0.914
119105595	nature.n.01	0.761
102328428	nature.n.01	0.961
102328632	nature.n.01	0.613
102328876	nature.n.01	0.785
119116689	nature.n.01	0.713
119126657	nature.n.01	0.966
119130539	nature.n.01	0.881
102362877	shape.n.01	0.307
119157712	nature.n.05	0.699
119178918	substance.n.01	0.96
119185585	nature.n.01	0.922
119187820	nature.n.01	0.789
119189359	nature.n.01	0.856
119197763	nature.n.01	0.927
102430022	sex.n.04	0.462
102430087	sex.n.02	0.58
102431506	nature.n.02	0.505
102432680	nature.n.01	0.478
102433203	nature.n.01	0.651
102434099	nature.n.02	0.72
102434165	nature.n.01	0.791
102434240	nature.n.01	0.868
102467379	nature.n.04	0.561
110856092	nature.n.04	0.444
110856120	nature.n.01	0.59
110856242	nature.n.02	0.825
110856251	nature.n.02	0.704
110856261	nature.n.01	0.655
110856423	nature.n.01	0.765
110856493	nature.n.01	0.541
110856551	nature.n.01	0.858
110856577	nature.n.02	0.537
110857627	nature.n.01	0.931
102469955	nature.n.04	0.847
110858877	nature.n.01	0.676
102486667	parentage.n.02	0.675
102496402	nature.n.01	0.626
102500911	kind.n.01	None
102501000	nature.n.03	0.69
102502598	nature.n.01	0.457
102503732	nature.n.04	0.415
102503805	nature.n.01	0.866
102504471	constitution.n.04	0.981
102505504	fundamental_law.n.01	0.681
102505715	constitution.n.04	0.902
102505947	nature.n.01	0.906
102506115	nature.n.01	0.772
102508090	nature.n.01	0.397
102508171	nature.n.03	0.599
102508834	nature.n.01	0.895
102509011	nature.n.01	0.931
102509237	nature.n.01	0.953
102509744	nature.n.01	0.936
102511423	constitution.n.04	0.993
102512381	nature.n.01	0.929
102513429	nature.n.04	0.508
102513754	disposition.n.01	0.985
102514047	nature.n.01	0.891
102514566	nature.n.03	0.354
102514611	nature.n.02	0.626
102514691	fundamental_law.n.01	0.692
102515079	nature.n.01	0.772
102516181	fundamental_law.n.01	0.798
102516475	constitution.n.04	0.994
119295060	nature.n.01	0.771
102517854	form.n.03	0.547
119295120	nature.n.01	0.725
102518087	nature.n.01	0.491
102518252	nature.n.01	0.933
102527458	constitution.n.04	0.861
102527870	constitution.n.04	0.992
102528503	constitution.n.04	0.977
102530492	disposition.n.01	0.966
119333608	nature.n.01	0.929
119334914	nature.n.01	0.896
119339463	nature.n.01	0.771
119339531	nature.n.01	0.411
119339569	nature.n.04	0.537
119339725	nature.n.03	0.828
119343990	nature.n.01	0.649
119350280	nature.n.02	0.387
119352587	nature.n.02	0.705
119352607	nature.n.02	0.87
119353490	nature.n.01	0.944
119356124	nature.n.02	0.935
119357628	nature.n.02	0.487
119360455	nature.n.01	0.649
119364992	nature.n.02	0.694
119365049	nature.n.02	0.451
102599413	nature.n.01	0.426
102599797	nature.n.01	0.923
102600458	management.n.01	0.985
102600941	nature.n.03	0.538
119378271	nature.n.03	0.47
102602618	fundamental_law.n.01	0.718
102604508	nature.n.01	0.945
119384541	nature.n.01	0.813
119386400	nature.n.02	0.274
119387575	nature.n.04	0.518
119388740	nature.n.01	0.677
119388754	nature.n.02	0.584
119388814	nature.n.01	0.895
102611678	conformation.n.01	0.627
102611798	configuration.n.01	0.761
102611814	configuration.n.01	0.782
119389848	nature.n.02	0.631
102612757	wild.n.01	None
119390166	nature.n.03	0.776
111004766	nature.n.01	0.487
111005097	nature.n.01	0.908
102617509	constitution.n.04	0.996
102624049	nature.n.03	0.422
102624579	structure.n.04	0.774
102626859	air.n.01	0.994
102630647	nature.n.01	0.956
102635229	seat.n.04	0.4
102644625	configuration.n.01	0.691
102644660	cause.n.01	0.723
102645237	constitution.n.04	0.981
102646648	constitution.n.04	0.994
102646995	nature.n.01	0.357
102647118	nature.n.01	0.424
102647372	disposition.n.01	0.985
102647496	disposition.n.01	0.982
102653790	constitution.n.04	0.983
102654427	inclination.n.01	0.355
111150197	nature.n.01	0.678
111150281	nature.n.01	0.525
111150307	nature.n.01	0.404
111150348	nature.n.01	0.46
111150364	nature.n.01	0.515
111150384	nature.n.03	0.472
111150416	nature.n.03	0.407
111150436	nature.n.03	0.406
111151157	nature.n.03	0.389
111151473	nature.n.02	0.558
111151759	nature.n.01	0.414
111152095	nature.n.03	0.551
111152415	nature.n.01	0.686
111152994	nature.n.01	0.94
111153513	nature.n.01	0.543
111153549	nature.n.02	0.875
111154452	nature.n.01	0.959
111154580	nature.n.01	0.619
111154597	nature.n.01	0.501
111154663	nature.n.01	0.36
111154755	nature.n.03	0.433
111155019	nature.n.01	0.398
111155768	nature.n.01	0.725
111155836	nature.n.01	0.491
111156052	nature.n.03	0.447
111156086	nature.n.03	0.517
111156534	nature.n.01	0.39
111156644	nature.n.03	0.497
111156682	nature.n.03	0.613
111156820	nature.n.01	0.895
111158277	nature.n.03	0.393
111158740	nature.n.03	0.558
111158775	constitution.n.04	0.993
111158942	constitution.n.04	0.99
111159389	nature.n.01	0.778
111159555	nature.n.01	0.91
111160181	nature.n.03	0.459
111160347	nature.n.03	0.471
111160507	nature.n.03	0.336
111161282	nature.n.01	0.485
111161509	nature.n.01	0.35
111161565	nature.n.03	0.652
111161579	nature.n.03	0.581
111161675	nature.n.02	0.813
111162226	nature.n.01	0.437
111162247	nature.n.03	0.39
111162961	nature.n.01	0.927
111162992	nature.n.03	0.412
111163396	nature.n.01	0.369
111163467	nature.n.01	0.916
111163583	nature.n.01	0.434
111163651	nature.n.01	0.445
111163670	nature.n.02	0.389
111163685	nature.n.03	0.348
111163695	nature.n.01	0.333
111164765	nature.n.01	0.542
111164777	nature.n.01	0.54
111164858	nature.n.01	0.605
111164875	nature.n.01	0.684
111165314	nature.n.01	0.883
111165509	nature.n.01	0.679
111165558	nature.n.02	0.331
111165564	nature.n.03	0.465
111165584	nature.n.03	0.353
111165619	nature.n.02	0.463
111165639	nature.n.01	0.402
111165659	nature.n.01	0.604
111165689	nature.n.01	0.899
111165994	nature.n.01	0.525
111166010	nature.n.03	0.515
111166205	nature.n.01	0.573
111166274	nature.n.03	0.566
111166330	nature.n.03	0.466
111166365	nature.n.01	0.669
111166433	nature.n.01	0.47
111166481	nature.n.01	0.564
111166491	nature.n.03	0.42
111166500	nature.n.03	0.395
111166525	nature.n.01	0.378
111166537	nature.n.01	0.403
111166560	nature.n.01	0.472
111166621	nature.n.01	0.615
111166644	nature.n.03	0.604
111166664	nature.n.03	0.525
111166698	nature.n.01	0.571
111167027	nature.n.01	0.564
111167075	nature.n.01	0.473
111167094	nature.n.01	0.952
111167137	nature.n.04	0.602
111168901	nature.n.01	0.931
111169153	nature.n.01	0.771
111169248	nature.n.01	0.415
111170268	nature.n.01	0.418
111170649	nature.n.01	0.633
111170733	nature.n.03	0.552
111170761	nature.n.03	0.459
111171059	nature.n.03	0.428
111171176	nature.n.01	0.47
111171189	nature.n.03	0.371
111171491	nature.n.01	0.446
111171518	nature.n.03	0.446
111171543	nature.n.03	0.328
111171708	nature.n.01	0.939
111171796	nature.n.03	0.439
111171939	nature.n.01	0.569
111171988	nature.n.01	0.477
111172024	nature.n.03	0.478
111172051	nature.n.03	0.458
111172106	nature.n.01	0.584
111172128	nature.n.01	0.509
111172158	nature.n.03	0.46
111172184	nature.n.03	0.394
111172198	nature.n.03	0.443
111172224	nature.n.03	0.501
111172241	nature.n.01	0.376
111172611	nature.n.03	0.397
111172788	nature.n.03	0.437
111172800	nature.n.01	0.907
111173205	nature.n.02	0.622
111173668	nature.n.01	0.843
111173690	nature.n.01	0.528
111174384	nature.n.01	0.493
111174499	nature.n.01	0.946
111174577	nature.n.01	0.511
111174604	nature.n.03	0.457
111174900	nature.n.01	0.859
111177796	nature.n.01	0.506
111177875	nature.n.01	0.636
111178389	nature.n.01	0.463
111178496	nature.n.01	0.753
111179563	nature.n.01	0.471
111179619	nature.n.03	0.429
111179700	nature.n.01	0.453
111179816	nature.n.01	0.422
111179839	nature.n.02	0.511
111179879	nature.n.02	0.459
111179890	nature.n.01	0.361
111179894	nature.n.01	0.468
111179928	nature.n.01	0.509
111179938	nature.n.03	0.417
111180113	nature.n.03	0.371
111180307	nature.n.01	0.461
111180497	nature.n.03	0.523
111182376	nature.n.01	0.974
111182691	nature.n.01	0.625
111182894	nature.n.01	0.47
111182939	nature.n.01	0.41
111183617	nature.n.01	0.618
111183639	nature.n.03	0.522
111183653	nature.n.03	0.441
111183661	nature.n.01	0.471
111183694	nature.n.01	0.54
111183822	nature.n.01	0.519
111183881	nature.n.02	0.439
111183897	nature.n.01	0.697
111184448	nature.n.02	0.275
111184631	nature.n.03	0.55
111185057	nature.n.01	0.551
111185633	nature.n.01	0.972
111185817	nature.n.01	0.558
111185961	nature.n.01	0.972
111186086	nature.n.02	0.37
111186676	nature.n.01	0.794
111186697	nature.n.03	0.407
111186758	nature.n.01	0.441
111187329	nature.n.01	0.56
111187629	nature.n.01	0.428
111187663	nature.n.03	0.504
111187668	nature.n.01	0.388
111187799	nature.n.02	0.393
111187829	nature.n.01	0.389
111188833	nature.n.01	0.443
111188851	nature.n.01	0.591
111188860	nature.n.01	0.793
111188881	nature.n.01	0.88
111188941	nature.n.01	0.472
111189016	nature.n.01	0.696
111189760	nature.n.01	0.966
111190347	nature.n.02	0.492
111190747	nature.n.01	0.962
111191419	nature.n.01	0.976
111191949	nature.n.01	0.851
111191969	nature.n.01	0.921
111192612	nature.n.01	0.936
111194079	nature.n.03	0.518
111195334	nature.n.01	0.372
111195387	nature.n.01	0.769
111195494	nature.n.01	0.925
111195514	nature.n.01	0.947
111195847	nature.n.03	0.336
111196284	nature.n.01	0.517
111196302	nature.n.01	0.596
111196353	nature.n.01	0.415
111196527	nature.n.01	0.404
111196547	nature.n.01	0.425
111196601	nature.n.02	0.516
111196666	nature.n.03	0.477
111197104	nature.n.01	0.948
111198090	nature.n.03	0.381
111198171	nature.n.01	0.367
111198673	nature.n.01	0.488
111198697	nature.n.03	0.368
111198868	nature.n.01	0.411
111198887	nature.n.03	0.436
111199316	nature.n.01	0.416
111199325	nature.n.03	0.569
111199943	nature.n.03	0.518
111201581	nature.n.03	0.416
111202410	nature.n.01	0.76
111203701	nature.n.01	0.367
111204477	nature.n.01	0.94
111205615	nature.n.01	0.54
111205709	nature.n.04	0.517
102915772	nature.n.01	0.887
102916052	nature.n.01	0.437
102916098	nature.n.02	0.592
102916168	nature.n.03	0.449
102916209	nature.n.03	0.618
102916212	nature.n.03	0.591
102916226	nature.n.05	0.533
102916406	nature.n.01	0.602
102916547	nature.n.02	0.349
102916929	nature.n.01	0.754
102925729	nature.n.01	0.637
102926692	nature.n.01	0.407
102926708	nature.n.01	0.579
103038543	instinct.n.01	None
103046863	nature.n.02	0.463
103050785	nature.n.01	0.867
103055013	nature.n.01	0.791
103062479	ability.n.02	0.733
103083338	disposition.n.01	0.506
103084434	inclination.n.01	0.458
103085098	nature.n.01	0.931
103085256	condition.n.01	0.905
103092931	nature.n.01	0.926
103095423	nature.n.02	0.674
103098585	nature.n.01	0.785
103137545	nature.n.04	0.679
103163157	parentage.n.02	0.663
103171436	nature.n.01	0.623
103176323	nature.n.01	0.972
103176349	character.n.03	0.796
103200502	conscience.n.01	0.641
103201391	nature.n.02	0.368
103201400	nature.n.01	0.689
103201424	nature.n.02	0.698
103202714	disposition.n.01	0.561
103202901	character.n.03	0.854
103203973	character.n.03	0.46
103204752	quality.n.03	0.52
103205528	nature.n.02	0.425
103206686	temper.n.02	0.817
103206734	nature.n.04	0.576
103207390	nature.n.01	0.71
103207473	nature.n.04	0.519
103207655	nature.n.02	0.334
103207929	nature.n.04	0.524
103227475	nature.n.01	0.873
103247568	nature.n.01	0.638
103249266	nature.n.02	0.811
103329348	nature.n.01	0.968
103333057	beauty.n.01	0.967
103340881	nature.n.02	0.85
103342362	organism.n.01	0.502
103342476	organism.n.01	0.982
103343010	human_body.n.01	0.652
103343039	birth.n.02	0.688
103343342	nobility.n.02	0.934
103345501	character.n.03	0.892
103345631	nature.n.02	0.676
103346075	nature.n.01	0.568
103346259	character.n.05	0.647
103346602	character.n.03	0.934
103347200	personality.n.01	0.88
103347405	nature.n.01	0.7
103348779	character.n.03	0.94
103366064	birth.n.02	0.526
103380128	inclination.n.01	0.429
103383413	nature.n.01	0.944
103383522	appearance.n.01	0.995
103387054	nature.n.01	0.478
103390458	nature.n.01	0.505
103394364	nature.n.04	0.352
103394371	nature.n.02	0.301
103394812	nature.n.01	0.415
103407053	nature.n.01	0.538
103416897	disposition.n.01	0.486
103421666	nature.n.02	0.509
103422780	nature.n.01	0.65
103423533	character.n.03	0.845
103424706	mind.n.01	0.755
103427782	nature.n.04	0.574
103429102	character.n.05	0.753
103446610	character.n.03	0.798
103461246	temper.n.02	0.768
103469445	nature.n.02	0.745
103469591	nature.n.01	0.922
103536835	nature.n.01	0.725
103543679	nature.n.01	0.948
103551657	entity.n.01	None
103560210	nature.n.02	0.485
103560321	nature.n.03	0.862
103563134	nature.n.05	0.398
103565138	nature.n.01	0.584
103565154	development.n.02	0.872
103567177	nature.n.01	0.921
103567452	component.n.01	0.739
103567892	nature.n.01	0.538
103567970	nature.n.01	0.756
103567977	force.n.02	0.58
103568877	nature.n.01	0.673
103572001	nature.n.01	0.827
103574712	nature.n.02	0.66
103576725	nature.n.01	0.947
103578467	nature.n.03	0.663
103584593	nature.n.01	0.819
103585206	nature.n.03	0.532
103587107	nature.n.02	0.869
103588316	nature.n.02	0.757
103588353	nature.n.02	0.54
103590604	parentage.n.02	0.643
103594163	parentage.n.02	0.915
103612144	nature.n.03	0.502
103612293	nature.n.03	0.52
103612354	nature.n.02	0.575
103612605	nature.n.01	0.894
103612654	nature.n.01	0.642
103612806	nature.n.01	0.934
103612905	nature.n.01	0.941
103613338	nature.n.03	0.417
103613413	nature.n.01	0.89
103613705	nature.n.01	0.912
103613837	nature.n.02	0.906
103614734	nature.n.02	0.651
103614808	nature.n.03	0.516
103618039	nature.n.01	0.915
103618417	nature.n.01	0.953
103618635	nature.n.01	0.936
103618670	nature.n.01	0.929
103619542	nature.n.03	0.867
103624721	nature.n.01	0.67
103625870	nature.n.01	0.943
103626278	nature.n.01	0.973
103627149	substance.n.01	0.767
103627342	nature.n.02	0.514
103629170	nature.n.02	0.814
103629181	nature.n.02	0.646
103629822	nature.n.02	0.565
103630045	nature.n.02	0.834
103631015	nature.n.02	0.811
103634664	nature.n.02	0.703
103634676	nature.n.01	0.337
103635013	constitution.n.04	0.993
103635184	constitution.n.04	0.975
103635357	entity.n.01	None
103636341	nature.n.03	0.555
103636753	nature.n.01	0.572
103636850	nature.n.02	0.381
103636969	nature.n.01	0.91
103636988	nature.n.01	0.749
103637132	nature.n.01	0.834
103637471	nature.n.01	0.365
103637495	nature.n.01	0.366
103638505	substance.n.01	0.848
103638880	nature.n.03	0.626
103640984	nature.n.01	0.466
103642108	nature.n.01	0.961
103643458	substance.n.01	0.876
103651667	nature.n.01	0.912
103657095	nature.n.01	0.822
103657167	nature.n.01	0.679
103664451	disposition.n.01	0.968
103665292	nature.n.02	0.612
103665951	nature.n.02	0.659
120642597	nature.n.03	0.421
103666961	nature.n.01	0.936
103667635	nature.n.01	0.888
103667671	nature.n.01	0.925
103670140	nature.n.01	0.966
103672016	nature.n.01	0.779
103672242	nature.n.01	0.911
103672674	nature.n.02	0.638
103674274	nature.n.01	0.517
103674281	nature.n.01	0.456
103674565	nature.n.01	0.46
103674574	nature.n.04	0.454
103674620	nature.n.01	0.516
103675489	nature.n.02	0.628
103676299	nature.n.01	0.85
103676334	nature.n.01	0.394
103676411	nature.n.02	0.442
103676415	nature.n.03	0.411
103676429	nature.n.01	0.67
103676443	nature.n.01	0.576
103676608	nature.n.01	0.864
103677738	nature.n.04	0.61
103678371	nature.n.01	0.875
103681532	nature.n.01	0.871
103682985	nature.n.03	0.503
103684684	nature.n.01	0.868
103684816	nature.n.01	0.877
103684822	nature.n.01	0.85
103685681	nature.n.03	0.762
103687295	nature.n.01	0.963
103688008	nature.n.01	0.481
103691665	nature.n.01	0.579
103693371	nature.n.02	0.478
103693460	nature.n.02	0.592
103693614	nature.n.02	0.837
103693685	nature.n.02	0.345
103693709	nature.n.02	0.698
103693785	nature.n.02	0.487
103694045	nature.n.01	0.668
103694203	nature.n.02	0.547
103694410	nature.n.02	0.628
103694426	nature.n.01	0.447
103695046	nature.n.01	0.727
103695487	nature.n.01	0.935
103695678	nature.n.01	0.911
103762794	animal.n.01	0.96
103764494	nature.n.01	0.861
103765010	nature.n.01	0.757
103765263	nature.n.01	0.887
103765287	nature.n.01	0.776
103765713	nature.n.01	0.956
103767188	nature.n.01	0.934
103768043	manner.n.01	0.529
103769225	nature.n.01	0.762
103769233	nature.n.01	0.762
103769689	nature.n.01	0.935
103769818	growth.n.01	0.866
103770261	nature.n.01	0.928
103772233	nature.n.01	0.888
103772822	nature.n.01	0.95
103773099	nature.n.01	0.888
103774443	nature.n.01	0.902
103774948	nature.n.01	0.953
103775015	nature.n.01	0.873
103775099	nature.n.01	0.927
103775257	nature.n.01	0.895
103775749	nature.n.01	0.892
103775774	nature.n.01	0.908
103775856	nature.n.01	0.851
103775959	nature.n.01	0.9
103776057	nature.n.01	0.923
103776258	nature.n.01	0.885
103777426	nature.n.02	0.391
103777698	nature.n.01	0.893
103778192	nature.n.01	0.969
103778364	nature.n.01	0.902
103778880	nature.n.01	0.863
103778980	animality.n.01	None
103779062	nature.n.01	0.983
103779345	substance.n.01	0.863
103779402	nature.n.01	0.904
103779828	nature.n.01	0.651
103780033	nature.n.01	0.466
103780502	nature.n.02	0.367
103781978	nature.n.02	0.51
103783265	nature.n.01	0.852
103783299	nature.n.01	0.922
103784038	nature.n.01	0.657
103784066	nature.n.02	0.677
103784202	nature.n.01	0.88
103784909	nature.n.01	0.936
103785124	bone.n.01	0.987
103785436	nature.n.01	0.928
103785700	nature.n.01	0.935
103786329	nature.n.01	0.875
103786342	nature.n.01	0.875
103786925	nature.n.01	0.927
103786957	nature.n.01	0.537
103787877	nature.n.01	0.803
103788100	nature.n.03	0.565
103788119	nature.n.03	0.59
103788734	nature.n.02	0.952
103789040	nature.n.02	0.918
103789129	nature.n.01	0.818
103789505	nature.n.01	0.726
103789974	nature.n.01	0.883
103790198	nature.n.01	0.686
103790258	nature.n.01	0.928
103790293	nature.n.01	0.91
103791603	nature.n.01	0.635
103791619	nature.n.01	0.954
103791673	nature.n.01	0.969
103791769	nature.n.01	0.91
103792287	nature.n.01	0.883
103792382	nature.n.01	0.872
103792977	nature.n.01	0.894
103794666	nature.n.01	0.91
103795071	nature.n.01	0.735
103795388	nature.n.01	0.894
103795597	nature.n.01	0.853
103795740	nature.n.01	0.858
103797510	nature.n.01	0.927
103797604	nature.n.01	0.919
103797665	nature.n.01	0.909
103797705	nature.n.01	0.926
103797738	nature.n.01	0.891
103797778	nature.n.01	0.94
103798014	nature.n.01	0.729
103798665	nature.n.01	0.883
103798687	nature.n.01	0.899
103800027	body.n.01	0.943
103800893	nature.n.01	0.459
103801649	nature.n.01	0.537
103801782	nature.n.03	0.505
103803287	nature.n.01	0.601
103804554	nature.n.05	0.506
103804732	nature.n.01	0.962
103804750	nature.n.05	0.662
103806195	nature.n.02	0.835
103806220	nature.n.01	0.91
103807079	nature.n.01	0.899
103808078	nature.n.01	0.802
103808709	nature.n.01	0.816
103809438	nature.n.01	0.936
103809556	nature.n.01	0.933
103810774	nature.n.01	0.962
103811832	nature.n.01	0.867
103812881	nature.n.01	0.876
103813315	nature.n.01	0.934
103814742	nature.n.01	0.917
103816028	nature.n.01	0.905
103816095	nature.n.02	0.367
103816112	nature.n.03	0.591
103816208	nature.n.01	0.931
103817085	nature.n.01	0.908
103817277	nature.n.01	0.774
103818613	nature.n.02	0.769
103819465	nature.n.01	0.954
103826358	nature.n.01	0.932
103827968	substance.n.01	0.309
103828106	substance.n.01	0.647
103828136	substance.n.01	0.405
103828192	message.n.02	0.348
103829681	nature.n.01	0.921
103833773	nature.n.03	0.593
103833931	nature.n.02	0.682
103833941	nature.n.01	0.83
103833952	nature.n.01	0.519
103833984	nature.n.01	0.948
103834063	nature.n.01	0.452
103834135	nature.n.01	0.454
103835689	nature.n.03	0.615
103835739	nature.n.02	0.529
103839694	characteristic.n.02	0.562
103844284	nature.n.01	0.833
103845009	substance.n.01	0.913
103845916	quality.n.03	0.757
103854010	structure.n.04	0.809
103856933	nature.n.01	0.962
103856973	nature.n.01	0.9
103860953	nature.n.01	0.862
103863108	nature.n.01	0.947
120640469	nature.n.02	0.628
120641013	nature.n.01	0.769
120644410	nature.n.01	0.903
103869524	structure.n.04	0.522
120647176	nature.n.01	0.432
120647198	nature.n.01	0.432
103870361	nature.n.01	0.949
103871295	characteristic.n.02	0.561
120649012	nature.n.01	0.837
120649193	nature.n.02	0.4
120653418	nature.n.01	0.957
120653479	nature.n.01	0.949
120653564	nature.n.01	0.602
120654135	nature.n.01	0.92
120654149	nature.n.01	0.585
103876972	nature.n.01	0.932
120654215	nature.n.01	0.774
120654412	nature.n.01	0.58
120654466	nature.n.01	0.906
120654570	nature.n.01	0.717
120654636	nature.n.03	0.387
120654659	nature.n.01	0.923
120654672	nature.n.01	0.934
120654677	nature.n.01	0.901
120654735	nature.n.01	0.585
120654826	nature.n.03	0.655
120654850	nature.n.01	0.441
120655154	nature.n.02	0.899
120655162	nature.n.01	0.463
120655215	nature.n.01	0.849
120655257	nature.n.01	0.711
120655293	nature.n.03	0.705
120655325	nature.n.02	0.451
120655345	nature.n.02	0.364
120655404	nature.n.01	0.435
120655413	nature.n.01	0.435
120655461	nature.n.01	0.406
120655514	nature.n.01	0.904
120655824	nature.n.01	0.822
120655859	nature.n.01	0.843
120655905	nature.n.01	0.773
120655978	nature.n.01	0.925
120656168	nature.n.01	0.912
120656376	nature.n.01	0.898
120656430	nature.n.01	0.96
120656626	nature.n.01	0.886
120657388	nature.n.01	0.876
120657421	nature.n.01	0.924
120657490	nature.n.01	0.746
120657635	nature.n.01	0.725
120657702	nature.n.01	0.845
120657757	nature.n.01	0.705
120657981	nature.n.01	0.841
120658190	nature.n.01	0.872
120658251	nature.n.01	0.893
120658274	nature.n.01	0.875
120658294	nature.n.01	0.932
120658302	nature.n.01	0.947
120658402	nature.n.01	0.809
120658543	nature.n.01	0.826
120658554	nature.n.01	0.633
120658617	nature.n.01	0.528
120658666	nature.n.01	0.738
120658672	nature.n.01	0.654
120658758	nature.n.01	0.821
120658793	nature.n.01	0.805
120658829	nature.n.01	0.896
120658837	nature.n.01	0.937
120658995	nature.n.01	0.747
120659210	nature.n.01	0.739
120659366	nature.n.01	0.825
120659564	nature.n.01	0.791
120659597	nature.n.01	0.868
120659688	nature.n.02	0.455
120660523	nature.n.04	0.443
120660533	nature.n.01	0.661
120660656	nature.n.01	0.78
120661035	nature.n.01	0.757
120661270	nature.n.01	0.881
103884363	form.n.03	0.446
120661649	nature.n.01	0.79
120661990	nature.n.02	0.431
120662152	nature.n.02	0.536
120662240	nature.n.01	0.389
120662255	nature.n.01	0.744
120662527	nature.n.02	0.709
120667179	nature.n.01	0.863
120675145	nature.n.01	0.706
103906779	habit.n.02	0.759
103910517	feature.n.01	0.635
103910902	substance.n.01	0.841
103911134	nature.n.01	0.525
103911142	nature.n.01	0.523
103911718	nature.n.01	0.871
103911866	nature.n.01	0.429
103912362	nature.n.01	0.793
103921762	constitution.n.04	0.998
103924018	nature.n.01	0.632
103925916	nature.n.01	0.795
103934077	nature.n.01	0.898
103939976	habit.n.02	0.784
103946094	nature.n.01	0.755
103949420	constitution.n.04	0.918
103949559	nature.n.02	0.89
103961688	constitution.n.04	0.979
103961752	constitution.n.04	0.99
103966566	constitution.n.04	0.952
103966807	nature.n.01	0.813
103966909	nature.n.01	0.785
103968169	constitution.n.04	0.986
103971173	nature.n.02	0.809
103972613	quality.n.03	0.817
103973195	nature.n.01	0.438
103975300	natural_shape.n.01	None
103975383	nature.n.02	0.832
103975625	nature.n.03	0.477
120758525	parentage.n.02	0.504
120761471	nature.n.01	0.591
112385798	nature.n.01	0.743
112386135	nature.n.01	0.952
112386362	nature.n.02	0.656
112386428	nature.n.02	0.378
112386554	nature.n.01	0.948
112386615	nature.n.01	0.523
112387321	nature.n.01	0.92
112387457	nature.n.01	0.958
112387559	constitution.n.04	0.96
112388895	nature.n.01	0.912
112389785	nature.n.02	0.742
112390952	nature.n.01	0.92
112391460	nature.n.01	0.487
112391499	nature.n.02	0.606
112391661	nature.n.03	0.392
112391678	nature.n.03	0.508
112391768	nature.n.03	0.831
112395523	nature.n.02	0.483
112396626	nature.n.03	0.389
112397598	nature.n.01	0.921
112397751	nature.n.01	0.883
112400482	nature.n.01	0.924
112400616	nature.n.01	0.698
112400624	nature.n.01	0.769
112401531	nature.n.01	0.954
112401558	nature.n.01	0.984
112401574	state.n.02	0.998
104014478	nature.n.02	0.345
104015271	nature.n.01	0.961
104015366	nature.n.01	0.904
112404682	nature.n.01	0.95
104016495	nature.n.03	0.49
104016729	nature.n.01	0.8
104016996	nature.n.01	0.936
112405646	nature.n.01	0.809
104017258	entity.n.01	None
104017306	entity.n.01	None
104017408	nature.n.01	0.968
104017417	nature.n.01	0.921
104017442	entity.n.01	None
104017494	entity.n.01	None
104017901	nature.n.01	0.882
104017929	genesis.n.01	0.76
104018009	nature.n.03	0.447
104018185	nature.n.01	0.543
112406888	nature.n.01	0.955
104018553	nature.n.02	0.353
104018905	nature.n.01	0.947
104018914	nature.n.01	0.947
104018997	nature.n.01	0.964
104019373	entity.n.01	None
104019391	nature.n.03	0.449
104019819	entity.n.01	None
104020370	principle.n.03	0.72
104020911	kind.n.01	None
104021024	nature.n.01	0.373
104021324	nature.n.01	0.467
104021481	element.n.05	0.8
104023737	nature.n.03	0.47
104023861	physics.n.01	0.974
104024583	nature.n.01	0.965
104025772	nature.n.01	0.298
104025782	nature.n.01	0.652
104026571	nature.n.01	0.929
104026585	nature.n.01	0.922
112415909	nature.n.02	0.406
112415938	nature.n.02	0.508
112416014	nature.n.02	0.84
104027535	entity.n.01	None
104027922	nature.n.01	0.943
112416602	nature.n.02	0.538
112416732	nature.n.01	0.494
104028210	nature.n.01	0.939
104028226	nature.n.01	0.917
104029620	nature.n.01	0.907
104030187	nature.n.01	0.748
104030198	nature.n.01	0.891
104030220	nature.n.01	0.959
104030400	feature.n.01	0.633
104030768	principle.n.03	0.409
104031893	nature.n.01	0.888
104031954	feature.n.01	0.542
104032130	feature.n.01	0.611
104032243	nature.n.02	0.499
104032567	substrate.n.03	0.693
104033520	nature.n.01	0.386
104033543	nature.n.03	0.56
112423025	constitution.n.04	0.953
104035920	nature.n.01	0.894
112424579	nature.n.04	0.79
104036235	nature.n.01	0.906
104036945	substance.n.01	0.633
104037162	substance.n.01	0.692
104037431	nature.n.01	0.44
112427140	nature.n.01	0.893
112427243	nature.n.01	0.528
112427372	nature.n.01	0.94
112427427	nature.n.01	0.92
112427458	nature.n.01	0.896
112427499	nature.n.01	0.789
112427510	nature.n.01	0.642
112427561	nature.n.01	0.539
112427581	nature.n.01	0.929
112427676	nature.n.01	0.399
112427757	nature.n.01	0.918
112428031	nature.n.01	0.425
112428146	nature.n.01	0.918
104039634	nature.n.01	0.471
112428379	nature.n.01	0.963
112428404	nature.n.01	0.904
112428507	nature.n.01	0.941
112428892	nature.n.01	0.87
112428921	nature.n.01	0.789
112428932	nature.n.01	0.642
112428988	nature.n.01	0.858
112429127	nature.n.01	0.949
112429247	nature.n.01	0.835
104040745	nature.n.03	0.637
104040858	nature.n.01	0.508
112429487	nature.n.01	0.943
104040892	nature.n.01	0.789
104040929	nature.n.01	0.432
104040965	nature.n.01	0.453
104040976	nature.n.01	0.687
104040988	nature.n.01	0.605
104041002	nature.n.01	0.52
104041013	nature.n.02	0.558
104041030	nature.n.01	0.872
112429644	nature.n.01	0.651
104041058	nature.n.03	0.339
104041123	nature.n.01	0.662
112429737	nature.n.02	0.402
104041131	nature.n.01	0.875
104041142	nature.n.01	0.553
112429767	nature.n.01	0.787
104041167	nature.n.03	0.446
104041546	nature.n.01	0.849
112430320	nature.n.01	0.765
112430349	nature.n.01	0.815
112430823	nature.n.01	0.891
112431296	nature.n.01	0.75
112431955	nature.n.01	0.818
112432143	nature.n.01	0.877
112432295	nature.n.01	0.663
112432426	nature.n.01	0.944
112432513	nature.n.01	0.929
112432702	nature.n.03	0.531
112432747	nature.n.03	0.746
112432821	nature.n.03	0.674
104044318	nature.n.01	0.92
112433269	nature.n.01	0.825
112433606	nature.n.02	0.666
112434084	nature.n.01	0.544
112435311	nature.n.01	0.903
112435426	nature.n.01	0.73
112435642	nature.n.01	0.682
112435761	nature.n.01	0.733
112435808	nature.n.01	0.852
112436006	nature.n.01	0.861
112436052	nature.n.01	0.871
112436068	nature.n.01	0.803
104047532	nature.n.04	0.544
112436142	nature.n.01	0.787
112436165	nature.n.01	0.877
112436182	nature.n.01	0.782
112436279	nature.n.01	0.628
112436536	nature.n.01	0.931
112436565	nature.n.01	0.887
112436704	nature.n.01	0.934
112436771	nature.n.01	0.919
104048317	nature.n.01	0.918
112437508	nature.n.02	0.375
112437527	nature.n.01	0.599
112437590	nature.n.01	0.86
112438290	nature.n.01	0.728
112438496	nature.n.01	0.775
104050119	entity.n.01	None
104050163	entity.n.01	None
104050186	entity.n.01	None
112438997	nature.n.01	0.837
104050593	nature.n.01	0.916
112439560	nature.n.01	0.788
112439747	nature.n.01	0.679
112439766	nature.n.01	0.644
112439795	nature.n.01	0.633
112439866	nature.n.01	0.791
112439999	nature.n.01	0.437
112440152	nature.n.02	0.496
104051584	reality.n.04	0.39
112440225	nature.n.01	0.917
112440541	nature.n.01	0.87
112440544	nature.n.01	0.889
112440609	nature.n.01	0.4
112440739	nature.n.03	0.763
112440799	nature.n.03	0.473
104052255	nature.n.01	0.939
104052816	nature.n.01	0.948
104052850	nature.n.01	0.962
112441656	nature.n.02	0.658
112441919	nature.n.01	0.776
112442000	nature.n.01	0.823
112442054	nature.n.01	0.574
112442084	nature.n.01	0.859
112442100	nature.n.02	0.373
104054424	entity.n.01	None
112443044	nature.n.01	0.906
104054465	entity.n.01	None
112443705	nature.n.01	0.956
104055155	nature.n.01	0.792
104055170	nature.n.01	0.552
112443998	nature.n.01	0.807
112444009	nature.n.01	0.89
112444173	nature.n.01	0.936
112444316	nature.n.01	0.845
112444333	nature.n.01	0.651
112444561	nature.n.01	0.918
112444571	nature.n.01	0.804
104056152	nature.n.03	0.513
104056475	nature.n.03	0.409
112445684	nature.n.01	0.942
112445715	nature.n.01	0.906
112447552	nature.n.01	0.883
112447644	nature.n.01	0.64
104061327	nature.n.01	0.951
112450597	nature.n.02	0.743
112451183	nature.n.01	0.903
104062934	nature.n.01	0.659
104062944	nature.n.01	0.634
112452904	nature.n.02	0.774
112452970	nature.n.02	0.802
104064488	nature.n.01	0.854
104064790	nature.n.01	0.56
104065517	nature.n.01	0.854
112454400	nature.n.03	0.443
112454613	nature.n.01	0.933
104069297	nature.n.02	0.524
104069827	nature.n.02	0.412
104070314	purgative.n.01	None
104070437	entity.n.01	None
104070648	nature.n.01	0.946
104072574	nature.n.01	0.957
104072715	entity.n.01	None
104072774	entity.n.01	None
104072805	nature.n.01	0.962
104073030	entity.n.01	None
104073038	nature.n.01	0.961
104076682	nature.n.01	0.469
104078453	nature.n.01	0.912
104080895	nature.n.01	0.872
104080957	nature.n.01	0.79
104081472	nature.n.03	0.555
104081771	entity.n.01	None
104081904	nature.n.01	0.333
104082632	nature.n.01	0.435
104084307	nature.n.01	0.906
104085934	class.n.01	0.994
104086448	nature.n.02	0.529
104086466	nature.n.03	0.385
104086511	nature.n.01	0.651
104088748	nature.n.03	0.608
104089363	nature.n.01	0.916
104089396	nature.n.01	0.975
104089987	entity.n.01	None
104090009	entity.n.01	None
104090232	nature.n.03	0.454
104090794	nature.n.01	0.833
104090931	nature.n.01	0.696
104091211	kernel.n.03	0.801
104091795	nature.n.01	0.952
104091817	feature.n.01	0.513
104092014	feature.n.01	0.505
104092079	entity.n.01	None
104092117	entity.n.01	None
104092577	entity.n.01	None
104093099	nature.n.01	0.967
104093732	nature.n.01	0.972
104093782	entity.n.01	None
104094512	feature.n.01	0.507
104094938	kind.n.01	None
120873440	nature.n.01	0.806
104096586	entity.n.01	None
104097404	nature.n.01	0.562
104097891	nature.n.01	0.973
104097956	nature.n.01	0.973
104098002	entity.n.01	None
120876742	nature.n.01	0.696
104100322	kind.n.01	None
104101063	nature.n.01	0.972
104101202	nature.n.01	0.966
104101712	entity.n.01	None
104102556	nature.n.01	0.852
104102841	feature.n.01	0.6
104103357	entity.n.01	None
104103691	entity.n.01	None
104104818	nature.n.01	0.963
104104829	nature.n.01	0.943
104105151	entity.n.01	None
104106130	feature.n.01	0.602
104106371	nature.n.03	0.453
104106921	nature.n.01	0.947
104107157	nature.n.01	0.956
104107676	measure.n.02	0.532
104114343	nature.n.01	0.946
104117414	nature.n.01	0.928
104118521	nature.n.02	0.348
104122128	nature.n.01	0.899
104122136	nature.n.01	0.899
104122377	substance.n.01	0.805
104123473	nature.n.01	0.864
104128914	nature.n.01	0.895
104129840	material.n.01	0.634
104129910	nature.n.01	0.903
104136114	character.n.03	0.624
104136399	nature.n.01	0.909
104136891	nature.n.01	0.827
104136894	nature.n.01	0.728
104137004	nature.n.01	0.732
104137264	nature.n.01	0.904
104138165	nature.n.03	0.764
104138390	nature.n.01	0.93
104139779	nature.n.01	0.834
104144351	formation.n.06	0.594
104144383	nature.n.02	0.812
104144854	nature.n.02	0.506
104144985	quality.n.03	0.568
104155630	nature.n.01	0.882
104155750	nature.n.01	0.836
104155801	element.n.05	0.694
104156293	component.n.01	0.62
104156393	nature.n.01	0.96
104156458	element.n.05	0.505
104156615	component.n.01	0.692
104156634	chemical_element.n.01	0.397
104157362	nature.n.01	0.848
104157453	element.n.05	0.533
104159162	kind.n.01	None
104159171	nature.n.02	0.834
104159220	nature.n.03	0.574
104159240	component.n.01	0.672
104159416	nature.n.01	0.551
104159469	nature.n.03	0.372
104159621	animal.n.01	0.994
104159715	nature.n.01	0.793
104160654	nature.n.02	0.511
104161124	nature.n.03	0.84
104161390	nature.n.03	0.609
104161989	nature.n.01	0.7
104162599	nature.n.02	0.475
104162675	nature.n.02	0.525
104162743	nature.n.02	0.374
104163359	nature.n.01	0.818
104170037	nature.n.01	0.701
104170404	nature.n.03	0.862
104170454	nature.n.02	0.643
104170571	nature.n.03	0.535
104171084	nature.n.01	0.948
104171176	nature.n.03	0.378
104171312	nature.n.01	0.768
104171316	nature.n.01	0.583
104171688	quality.n.03	0.581
104171735	nature.n.01	0.569
104171919	nature.n.01	0.635
104172045	nature.n.02	0.815
104172410	nature.n.03	0.542
104172416	nature.n.01	0.731
104172440	nature.n.01	0.914
104172554	nature.n.02	0.602
104174265	nature.n.01	0.925
104181513	nature.n.03	0.694
104182023	nature.n.02	0.834
104182141	nature.n.02	0.812
104182226	nature.n.02	0.486
104182358	nature.n.01	0.888
104182384	nature.n.02	0.906
104182398	nature.n.02	0.906
104182677	nature.n.02	0.365
104182687	nature.n.02	0.799
104182725	nature.n.01	0.503
104182834	nature.n.02	0.557
104183411	nature.n.02	0.79
104184049	nature.n.02	0.749
104184126	nature.n.02	0.861
104184514	nature.n.01	0.907
104185995	nature.n.02	0.621
104186635	quality.n.03	0.831
104187068	quality.n.03	0.729
104187981	nature.n.02	0.882
104189293	nature.n.02	0.513
120966539	nature.n.02	0.707
120966687	nature.n.03	0.543
120966719	nature.n.04	0.568
120967224	nature.n.01	0.685
104190250	quality.n.03	0.812
104190593	nature.n.02	0.693
104190853	nature.n.02	0.492
120968110	nature.n.01	0.596
120968377	nature.n.03	0.826
104191415	nature.n.02	0.895
104191500	nature.n.02	0.729
104192595	nature.n.02	0.785
104193128	nature.n.02	0.788
104194300	nature.n.02	0.791
120971671	type.n.01	0.992
120971774	nature.n.03	0.581
120971826	nature.n.01	0.887
104194707	structure.n.04	0.709
104195606	nature.n.02	0.701
104195725	nature.n.03	0.62
104196444	nature.n.02	0.916
104197402	nature.n.02	0.834
120974797	nature.n.01	0.957
104197621	nature.n.02	0.871
104198202	nature.n.02	0.753
104198736	nature.n.02	0.83
104198938	nature.n.02	0.834
104199172	nature.n.01	0.945
104199476	nature.n.02	0.838
104199626	nature.n.02	0.689
104199753	nature.n.02	0.681
104200044	human_body.n.01	0.691
104200269	nature.n.02	0.835
104200322	nature.n.02	0.837
104200392	nature.n.02	0.805
104200539	nature.n.02	0.774
104201040	nature.n.02	0.701
104201098	presence.n.01	0.706
104201494	nature.n.02	0.867
104201625	nature.n.02	0.75
104201826	nature.n.01	0.683
104202110	quality.n.03	0.778
104202262	nature.n.02	0.682
104202381	quality.n.03	0.939
104203387	nature.n.02	0.875
104203437	nature.n.02	0.905
104205012	quality.n.03	0.624
104205233	nature.n.02	0.716
104205496	shape.n.01	0.42
120983019	nature.n.02	0.741
104205918	nature.n.02	0.697
104206248	nature.n.01	0.88
104207547	nature.n.01	0.842
104207967	nature.n.01	0.775
120985921	nature.n.03	0.668
104209901	physicist.n.01	None
104209987	nature.n.01	0.768
120987366	nature.n.02	0.811
120988421	nature.n.02	0.878
104211476	nature.n.03	0.63
104211590	nature.n.01	0.508
104211803	nature.n.01	0.639
104212869	nature.n.01	0.687
104213075	nature.n.01	0.897
104213605	nature.n.03	0.446
104213746	nature.n.01	0.592
104213841	nature.n.01	0.942
104214142	nature.n.02	0.357
104214240	nature.n.01	0.592
104214359	nature.n.02	0.392
104214389	nature.n.01	0.788
104214393	nature.n.01	0.52
104214412	nature.n.04	0.548
104214419	nature.n.01	0.716
104214421	nature.n.01	0.716
104214425	nature.n.01	0.58
104214433	nature.n.01	0.592
104214440	nature.n.01	0.548
104214443	nature.n.01	0.506
104214524	nature.n.01	0.821
104214544	nature.n.01	0.749
104214647	nature.n.01	0.912
104214682	nature.n.01	0.761
104214751	nature.n.01	0.466
104214855	nature.n.01	0.9
104214885	nature.n.01	0.558
104214914	nature.n.01	0.379
104214966	nature.n.01	0.855
104214987	art.n.01	0.641
104214992	nature.n.01	0.586
104215003	nature.n.01	0.812
104215011	nature.n.01	0.794
104215043	nature.n.03	0.522
104215047	nature.n.03	0.623
104215075	nature.n.05	0.485
104215082	nature.n.01	0.577
104215117	nature.n.01	0.48
104215189	shape.n.01	0.7
104215399	nature.n.01	0.489
104215447	nature.n.01	0.412
104215516	nature.n.03	0.876
104215579	nature.n.02	0.643
104215598	nature.n.01	0.71
120992813	nature.n.03	0.66
104217232	nature.n.03	0.412
104217563	nature.n.01	0.519
104218540	nature.n.02	0.41
104218548	nature.n.01	0.499
104218647	nature.n.01	0.583
104218708	nature.n.01	0.397
104219055	nature.n.01	0.678
104219213	nature.n.02	0.552
104219294	nature.n.03	0.609
104219502	nature.n.02	0.561
104219581	nature.n.02	0.533
104219600	nature.n.03	0.497
104219628	nature.n.03	0.718
104219782	nature.n.01	0.531
104219790	nature.n.03	0.334
104219857	nature.n.02	0.64
104220020	nature.n.01	0.397
104220023	nature.n.01	0.556
104220189	nature.n.02	0.611
104220205	nature.n.03	0.617
104220228	nature.n.02	0.796
104220356	nature.n.01	0.908
104220449	nature.n.02	0.732
104220843	nature.n.03	0.347
104222694	nature.n.03	0.576
104222744	physics.n.01	0.967
104222956	substance.n.01	0.71
104226592	nature.n.01	0.618
104227317	nature.n.01	0.557
104227562	entity.n.01	None
104227701	nature.n.01	0.925
104228902	nature.n.01	0.916
104229053	nature.n.01	0.953
104231646	nature.n.01	0.865
104231673	nature.n.01	0.773
104232553	nature.n.01	0.405
104232590	nature.n.01	0.38
104234936	nature.n.01	0.906
104235350	nature.n.01	0.941
104253643	nature.n.01	0.912
104257398	nature.n.01	0.941
104258801	nature.n.03	0.54
121036084	nature.n.01	0.546
104259024	nature.n.02	0.448
104259797	nature.n.02	0.722
104259800	nature.n.02	0.722
104259804	nature.n.02	0.82
104259854	nature.n.02	0.865
104260925	nature.n.02	0.652
104260951	nature.n.02	0.593
104265385	nature.n.01	0.844
104266606	nature.n.01	0.514
104266875	nature.n.03	0.463
104270070	nature.n.02	0.36
104285636	nature.n.02	0.502
104286617	instinct.n.01	None
104297683	nature.n.01	0.964
104297696	nature.n.02	0.677
104297777	nature.n.01	0.911
104297827	nature.n.02	0.446
104298030	nature.n.02	0.385
104298045	nature.n.01	0.859
104298086	nature.n.01	0.943
104298094	nature.n.01	0.9
104298160	nature.n.02	0.603
104298193	nature.n.01	0.788
104298268	nature.n.01	0.935
104298691	nature.n.01	0.525
104299035	nature.n.01	0.887
104299103	nature.n.01	0.539
104299237	nature.n.03	0.408
104299436	nature.n.01	0.91
104299458	nature.n.01	0.932
104299521	nature.n.01	0.97
104299607	nature.n.02	0.834
104300179	nature.n.02	0.891
104300205	nature.n.01	0.942
104300303	nature.n.01	0.403
104300353	nature.n.01	0.964
104300864	nature.n.02	0.753
104301097	nature.n.02	0.857
104301162	substance.n.01	0.971
104301230	nature.n.02	0.929
104301248	nature.n.02	0.936
104301254	nature.n.01	0.925
104301296	nature.n.03	0.391
104301403	nature.n.01	0.586
104301596	nature.n.01	0.961
104301617	nature.n.01	0.961
104301735	nature.n.02	0.35
104301959	nature.n.01	0.886
104302449	nature.n.01	0.953
104302501	nature.n.02	0.735
104302509	nature.n.02	0.82
104302645	nature.n.02	0.881
104302716	nature.n.01	0.479
104302783	nature.n.01	0.486
104303520	nature.n.01	0.684
104303554	nature.n.01	0.684
104303649	nature.n.01	0.806
104303960	nature.n.01	0.937
104305234	nature.n.01	0.904
104310358	nature.n.01	0.955
104319572	nature.n.01	0.944
104319719	nature.n.02	0.837
104319723	nature.n.02	0.837
104325132	nature.n.01	0.757
104326425	nature.n.04	0.588
104326687	nature.n.01	0.895
104326697	nature.n.01	0.68
104327438	nature.n.02	0.356
104350077	nature.n.02	0.447
104356200	nature.n.01	0.794
104358447	nature.n.01	0.899
104359631	nature.n.01	0.548
104359654	nature.n.01	0.616
104359791	nature.n.04	0.737
121138703	nature.n.01	0.904
104361697	nature.n.01	0.889
104361952	nature.n.01	0.597
121140022	nature.n.01	0.416
104363014	nature.n.02	0.453
104363434	nature.n.04	0.546
104363481	nature.n.01	0.515
104364126	nature.n.03	0.779
104364176	nature.n.01	0.971
104365174	nature.n.01	0.725
121143393	nature.n.01	0.837
121144835	nature.n.01	0.851
104367818	nature.n.01	0.345
104369670	nature.n.01	0.945
104370240	nature.n.04	0.645
104370263	nature.n.01	0.951
104371265	meaning.n.01	0.75
104371761	nature.n.02	0.769
104371807	nature.n.01	0.973
104371872	nature.n.01	0.563
121178100	spleen.n.01	0.999
121179289	nature.n.01	0.929
121180226	nature.n.01	0.763
121193956	nature.n.01	0.884
121198848	nature.n.01	0.538
121203110	nature.n.01	0.935
121203208	nature.n.01	0.723
121203719	nature.n.01	0.94
121203761	nature.n.01	0.836
121207566	nature.n.01	0.947
121212743	nature.n.01	0.938
121212957	nature.n.01	0.947
121213057	nature.n.01	0.607
121213098	nature.n.01	0.852
121218237	nature.n.01	0.873
121218673	nature.n.01	0.77
121224413	nature.n.01	0.934
121229273	nature.n.04	0.622
121230156	nature.n.01	0.96
121230305	nature.n.01	0.948
121230431	nature.n.01	0.753
121234705	nature.n.01	0.881
121235680	nature.n.01	0.791
121236072	nature.n.01	0.809
104458978	nature.n.03	0.605
121237055	nature.n.01	0.77
121237584	influence.n.04	0.395
121237611	influence.n.04	0.464
104461426	nature.n.01	0.835
104461599	constitution.n.04	0.998
104461752	constitution.n.04	0.98
104461790	nature.n.02	0.929
121239110	nature.n.01	0.871
104462050	constitution.n.04	0.996
104462308	nature.n.01	0.931
121239615	nature.n.01	0.782
104462802	constitution.n.04	0.996
104463250	nature.n.01	0.896
104464039	nature.n.03	0.729
121243173	nature.n.01	0.839
121245246	nature.n.01	0.774
104468421	nature.n.01	0.956
121247485	nature.n.01	0.904
104470311	nature.n.02	0.443
104470317	nature.n.02	0.316
104470331	nature.n.01	0.543
121249377	nature.n.04	0.731
121249498	nature.n.01	0.949
121249620	manufacturer.n.02	0.878
121249640	nature.n.01	0.789
121250244	nature.n.01	0.909
121250888	birth.n.02	0.652
121251339	nature.n.01	0.946
104475943	nature.n.02	0.481
104475959	nature.n.02	0.481
104476033	nature.n.02	0.423
104476378	nature.n.02	0.466
104476772	nature.n.03	0.386
104476797	nature.n.01	0.537
104477752	nature.n.02	0.394
104477985	nature.n.02	0.409
104477992	nature.n.02	0.409
121256581	nature.n.01	0.953
104479550	nature.n.01	0.39
104479559	nature.n.01	0.715
121258644	nature.n.01	0.953
121258673	nature.n.01	0.953
121258988	nature.n.01	0.678
121259029	nature.n.01	0.9
121259232	nature.n.01	0.931
121259593	nature.n.01	0.809
121259641	nature.n.01	0.654
121262800	nature.n.01	0.502
121263602	nature.n.01	0.906
121264180	nature.n.01	0.772
121265672	nature.n.01	0.832
121266400	nature.n.04	0.53
121268119	nature.n.01	0.683
121268325	nature.n.01	0.923
121271407	nature.n.02	0.511
121273056	nature.n.01	0.9
104503854	nature.n.03	0.329
104504027	nature.n.03	0.916
104507052	nature.n.01	0.952
121284409	nature.n.01	0.844
121287173	nature.n.01	0.926
121289224	nature.n.03	0.455
104512744	nature.n.01	0.508
121290870	nature.n.02	0.777
104515532	nature.n.02	0.575
121293634	nature.n.04	0.54
121293731	nature.n.02	0.686
104516780	seed.n.02	0.822
104516895	nature.n.02	0.932
104521671	nature.n.01	0.917
104522096	nature.n.01	0.922
104522119	material.n.01	0.996
104523345	nature.n.01	0.601
104525110	agreement.n.03	0.654
104525656	being.n.01	0.944
104526204	character.n.09	0.754
104526346	nature.n.02	0.775
104526555	nature.n.01	0.747
104534126	nature.n.01	0.742
104534366	nature.n.01	0.668
104534867	nature.n.02	0.333
104534880	nature.n.03	0.383
104534892	nature.n.02	0.346
104534904	nature.n.01	0.383
104534918	nature.n.01	0.667
104535080	nature.n.01	0.522
104546224	nature.n.01	0.753
104546270	nature.n.01	0.865
104546346	substance.n.01	0.785
104547394	substance.n.01	0.888
104547873	nature.n.03	0.54
104548759	substance.n.01	0.888
104549473	nature.n.01	0.966
104549627	substance.n.01	0.808
104554873	nature.n.01	0.834
104555056	nature.n.02	0.838
104555315	substance.n.01	0.939
121333228	nature.n.02	0.677
104560982	nature.n.01	0.963
121348961	nature.n.01	0.89
104572779	nature.n.01	0.639
121353997	nature.n.03	0.84
121354031	nature.n.01	0.801
104585025	nature.n.01	0.966
104585571	nature.n.01	0.947
104585590	nature.n.01	0.877
104585596	nature.n.01	0.885
104585644	nature.n.01	0.981
104585676	nature.n.01	0.97
104591010	nature.n.01	0.664
104592661	nature.n.01	0.968
104593579	nature.n.01	0.978
104594374	nature.n.01	0.56
104594573	nature.n.01	0.952
121374115	nature.n.01	0.939
121375815	nature.n.01	0.626
121376182	nature.n.01	0.927
121376609	nature.n.01	0.869
121376620	virtue.n.01	0.532
121377192	nature.n.01	0.922
121383364	nature.n.01	0.786
104606686	nature.n.03	0.595
121386680	nature.n.01	0.669
104609495	nature.n.01	0.938
121399130	nature.n.01	0.803
121400656	nature.n.01	0.546
121405337	nature.n.02	0.783
121406021	nature.n.02	0.389
121407170	nature.n.02	0.801
121411198	nature.n.01	0.882
121414112	nature.n.01	0.875
121414120	nature.n.01	0.893
121414941	nature.n.01	0.494
104642872	nature.n.01	0.851
104642949	nature.n.01	0.634
104643010	nature.n.01	0.903
104643039	nature.n.01	0.954
104643442	nature.n.01	0.888
104643813	nature.n.01	0.969
121421899	nature.n.01	0.694
104644690	nature.n.01	0.976
121421921	nature.n.01	0.831
121421955	nature.n.01	0.785
104645369	nature.n.01	0.866
104645450	nature.n.01	0.879
104645719	nature.n.01	0.867
121423513	nature.n.01	0.903
104646671	material.n.01	0.972
121424297	nature.n.01	0.927
104647227	nature.n.01	0.87
104647583	nature.n.01	0.89
104647697	nature.n.01	0.968
104647792	quality.n.03	0.91
121425570	nature.n.01	0.919
104648364	nature.n.02	0.617
104648996	character.n.03	0.633
104650178	nature.n.01	0.924
104650453	quality.n.03	0.768
104650509	nature.n.01	0.903
104651272	nature.n.03	0.493
121429129	nature.n.04	0.462
104652300	nature.n.03	0.426
104652365	quality.n.03	0.735
104654144	quality.n.03	0.836
104654243	quality.n.03	0.861
104654300	quality.n.03	0.906
121431524	nature.n.01	0.9
104654355	quality.n.03	0.9
121431765	nature.n.01	0.65
121432604	nature.n.04	0.557
121432682	nature.n.01	0.511
121432691	nature.n.01	0.707
121432859	nature.n.01	0.63
121432918	nature.n.02	0.528
121432939	nature.n.01	0.734
121432955	nature.n.04	0.464
121433236	nature.n.01	0.929
104657496	nature.n.01	0.494
104658804	nature.n.01	0.789
121436929	nature.n.01	0.888
121437038	nature.n.01	0.887
104660907	quality.n.03	0.587
104661276	quality.n.03	0.794
104662153	quality.n.03	0.817
104662170	quality.n.03	0.803
121439452	nature.n.01	0.504
121439628	nature.n.01	0.907
104663027	quality.n.03	0.787
121440641	nature.n.01	0.9
121440659	nature.n.01	0.941
121440671	nature.n.01	0.866
121440757	nature.n.01	0.83
121442595	nature.n.01	0.742
121442873	nature.n.01	0.946
121442888	nature.n.01	0.671
121444748	nature.n.01	0.935
121445295	nature.n.01	0.884
121445458	nature.n.01	0.68
121446630	nature.n.01	0.935
121448065	nature.n.01	0.748
121448324	nature.n.01	0.871
121448395	nature.n.01	0.503
121448482	nature.n.04	0.522
121448889	nature.n.01	0.86
104672352	quality.n.03	0.77
104673277	product.n.02	0.933
104674271	nature.n.02	0.656
121452558	nature.n.01	0.807
121452707	nature.n.01	0.756
104675537	quality.n.03	0.768
121452892	nature.n.01	0.687
121453133	nature.n.01	0.771
121453305	nature.n.01	0.965
104676482	quality.n.03	0.822
121453853	nature.n.01	0.525
121453942	nature.n.01	0.857
121454299	nature.n.01	0.9
121454350	nature.n.01	0.888
121454455	nature.n.01	0.948
121454463	body.n.01	0.964
121454706	nature.n.01	0.904
121454718	nature.n.01	0.793
121454745	nature.n.01	0.828
121454782	nature.n.03	0.35
121454830	nature.n.03	0.348
121454876	nature.n.01	0.949
121455187	nature.n.01	0.96
121455227	nature.n.01	0.708
121455676	nature.n.01	0.779
121455703	nature.n.01	0.745
104678594	quality.n.03	0.833
121456264	nature.n.01	0.541
121457237	nature.n.01	0.944
104680530	quality.n.03	0.927
104680619	quality.n.03	0.766
121457910	nature.n.01	0.942
121458407	nature.n.01	0.293
121458442	nature.n.01	0.611
121458464	nature.n.01	0.597
121458587	nature.n.01	0.76
104682181	quality.n.03	0.912
104682540	quality.n.03	0.873
121460211	nature.n.01	0.617
121460277	nature.n.01	0.568
104683271	quality.n.03	0.701
121460571	nature.n.01	0.58
121460608	nature.n.01	0.663
104683513	habit.n.04	0.999
121460739	nature.n.01	0.753
121461024	nature.n.01	0.917
121461275	nature.n.02	0.506
121461364	nature.n.01	0.668
121461444	nature.n.02	0.881
121461482	nature.n.01	0.549
121461706	nature.n.01	0.926
121462134	nature.n.02	0.409
121462199	nature.n.01	0.845
104685032	increase.n.03	0.397
104685764	quality.n.03	0.834
121463079	nature.n.01	0.955
121463383	nature.n.01	0.673
121463532	nature.n.01	0.919
104686483	quality.n.03	0.813
121464146	nature.n.01	0.923
121465480	nature.n.01	0.85
121465613	nature.n.01	0.33
104689856	nature.n.01	0.932
121467258	nature.n.01	0.924
121467342	nature.n.01	0.731
104690559	quality.n.03	0.859
104690984	quality.n.03	0.814
121470592	nature.n.01	0.883
121470631	nature.n.01	0.659
121470673	nature.n.01	0.563
121471361	nature.n.01	0.693
104694752	nature.n.01	0.722
104695245	class.n.01	0.816
121472986	nature.n.01	0.966
121473267	nature.n.01	0.899
121473443	nature.n.01	0.542
121473457	nature.n.01	0.556
121473471	nature.n.01	0.616
104696283	quality.n.03	0.966
121473502	nature.n.01	0.491
121473507	nature.n.01	0.388
121473536	nature.n.01	0.572
121473541	nature.n.01	0.572
121473552	nature.n.01	0.785
121473561	condition.n.01	0.67
121473650	nature.n.01	0.88
104696534	quality.n.03	0.797
121474618	nature.n.01	0.93
121474762	quality.n.03	0.671
104698717	growth.n.04	0.744
104698737	growth.n.01	0.298
104699418	quality.n.03	0.905
104699668	quality.n.03	0.625
104700235	quality.n.03	0.874
121477641	nature.n.01	0.922
121477904	nature.n.03	0.439
121477949	nature.n.02	0.505
121478078	nature.n.02	0.609
121478645	nature.n.02	0.614
121479064	nature.n.01	0.938
121479552	nature.n.01	0.76
121479573	nature.n.03	0.848
104702451	quality.n.03	0.601
121479684	nature.n.01	0.706
121480102	nature.n.03	0.73
121480199	nature.n.01	0.955
121480227	nature.n.01	0.945
121480438	nature.n.01	0.959
104703690	quality.n.03	0.415
104703773	character.n.03	0.485
104703808	character.n.03	0.404
121481447	nature.n.01	0.93
121483224	nature.n.01	0.964
104706955	quality.n.03	0.918
121484805	nature.n.01	0.769
104708929	nature.n.01	0.889
121487605	nature.n.01	0.681
104711174	quality.n.03	0.887
121490556	nature.n.01	0.56
104714088	kind.n.01	None
121491624	nature.n.01	0.671
104716365	quality.n.03	0.517
121497412	nature.n.01	0.814
121499501	nature.n.01	0.609
121500862	nature.n.01	0.954
121501673	nature.n.01	0.885
121501727	nature.n.01	0.953
104724597	nature.n.01	0.935
121501940	kind.n.01	None
104725702	fundamental_law.n.01	0.799
104725720	fundamental_law.n.01	0.768
104726494	quality.n.01	0.776
121505508	nature.n.01	0.659
121506081	nature.n.01	0.875
121506257	nature.n.01	0.96
121506612	nature.n.01	0.677
121508074	nature.n.01	0.808
121508635	nature.n.01	0.509
121508676	nature.n.03	0.501
121508785	kind.n.01	None
121509044	nature.n.01	0.85
121509126	nature.n.01	0.791
121510164	nature.n.01	0.968
121510286	nature.n.01	0.887
121511743	nature.n.01	0.761
121516325	nature.n.01	0.96
121516940	nature.n.01	0.846
121520133	nature.n.01	0.905
121521430	nature.n.01	0.598
121523416	nature.n.01	0.955
121525110	nature.n.01	0.605
121525177	nature.n.01	0.807
121525708	nature.n.01	0.733
104751017	type.n.01	0.998
104752708	nature.n.02	0.707
104752755	nature.n.01	0.845
104752935	nature.n.01	0.931
121530529	nature.n.01	0.707
104753540	nature.n.01	0.911
104753559	kind.n.01	0.673
104753880	nature.n.01	0.867
104753942	nature.n.01	0.86
121531223	nature.n.02	0.477
104754013	nature.n.01	0.961
104754272	nature.n.01	0.886
104755121	nature.n.03	0.906
104755513	nature.n.01	0.886
121535254	nature.n.01	0.899
121538833	nature.n.01	0.817
121542279	nature.n.01	0.674
104766830	nature.n.01	0.737
104766844	nature.n.01	0.57
121547157	nature.n.01	0.531
121549269	nature.n.02	0.824
121551508	nature.n.01	0.669
104775894	nature.n.01	0.95
104776510	quality.n.03	0.948
121554215	universe.n.01	0.8
104777754	quality.n.03	0.911
104780031	quality.n.03	0.649
113323709	nature.n.01	0.666
113327476	nature.n.01	0.695
113335243	nature.n.02	0.538
113348655	quality.n.03	0.769
113349215	quality.n.03	0.643
113355891	nature.n.01	0.62
113385205	nature.n.01	0.959
113403902	nature.n.01	0.918
113416785	nature.n.02	0.325
105043401	nature.n.01	0.601
105044125	physics.n.01	0.937
105044568	nature.n.01	0.415
105044684	nature.n.01	0.956
105044701	entity.n.01	None
105045099	nature.n.01	0.883
105045510	nature.n.01	0.944
105047230	nature.n.01	0.89
105047588	nature.n.01	0.949
105047630	nature.n.01	0.93
105047703	nature.n.01	0.959
105047768	nature.n.01	0.958
105047825	being.n.01	0.925
105048217	nature.n.02	0.458
105048584	nature.n.01	0.642
105049346	nature.n.01	0.346
105049792	substance.n.01	0.74
105050452	nature.n.01	0.674
105052128	deity.n.01	0.844
105052332	organism.n.01	0.992
105053363	nature.n.01	0.916
105054232	nature.n.02	0.696
105054272	nature.n.01	0.664
105054395	nature.n.01	0.838
105054466	nature.n.03	0.493
105054833	nature.n.02	0.546
105055044	nature.n.01	0.827
105055744	nature.n.01	0.942
105055968	nature.n.01	0.501
113475761	nature.n.01	0.903
113480027	nature.n.01	0.722
113484410	womankind.n.01	None
105136874	nature.n.01	0.946
113526730	nature.n.01	0.613
113527856	nature.n.01	0.896
105142073	nature.n.01	0.752
113539174	nature.n.04	0.384
113542898	nature.n.02	0.604
113542905	nature.n.02	0.5
113542948	nature.n.02	0.301
113542954	nature.n.02	0.301
113542992	nature.n.01	0.433
113543024	nature.n.04	0.354
113543106	nature.n.02	0.574
113543130	nature.n.03	0.568
113543162	nature.n.02	0.731
113544407	nature.n.01	0.797
113544833	nature.n.02	0.562
113544857	nature.n.01	0.841
113551119	nature.n.01	0.513
113551159	nature.n.01	0.327
121942108	nature.n.04	0.435
121944587	nature.n.01	0.91
121954072	nature.n.01	0.812
121954126	nature.n.01	0.761
121954428	nature.n.02	0.567
121955637	nature.n.01	0.939
121960156	nature.n.02	0.823
121961501	nature.n.01	0.936
121962939	nature.n.01	0.719
121963280	nature.n.01	0.917
121963360	nature.n.01	0.933
121964205	nature.n.01	0.95
121964233	nature.n.01	0.928
121964445	nature.n.01	0.936
105188302	nature.n.01	0.783
105188873	character.n.03	0.786
113582222	nature.n.01	0.837
121971449	nature.n.01	0.487
105194278	inclination.n.01	0.516
121972842	nature.n.01	0.928
121972851	nature.n.01	0.833
121972888	nature.n.03	0.399
121972924	nature.n.01	0.476
121972947	nature.n.01	0.409
121973076	nature.n.01	0.757
121973990	nature.n.02	0.883
121974534	nature.n.01	0.612
113586116	humanness.n.01	0.648
121974839	nature.n.01	0.72
121974875	nature.n.01	0.494
121975006	nature.n.01	0.729
121975634	nature.n.01	0.69
121975758	nature.n.03	0.595
121975989	nature.n.01	0.909
121976330	nature.n.02	0.569
121976421	nature.n.03	0.422
121976486	nature.n.01	0.83
121977380	nature.n.01	0.908
121977683	nature.n.01	0.565
121977834	nature.n.01	0.946
121978454	nature.n.01	0.899
121979421	kind.n.01	None
121979925	nature.n.02	0.32
121979931	nature.n.02	0.647
105202972	character.n.03	0.759
105203138	nature.n.01	0.847
121980761	nature.n.01	0.891
121980787	nature.n.01	0.881
121980801	nature.n.01	0.741
121980824	nature.n.01	0.898
121980848	nature.n.01	0.952
121980906	nature.n.01	0.82
121982440	nature.n.01	0.42
121982462	nature.n.01	0.621
121982494	nature.n.04	0.645
121982506	nature.n.04	0.812
121982596	nature.n.01	0.509
121982640	nature.n.04	0.524
121982666	nature.n.01	0.511
121983185	nature.n.01	0.789
121984118	nature.n.01	0.683
121984294	nature.n.01	0.58
113595709	nature.n.01	0.92
105207226	nature.n.01	0.663
121985959	nature.n.02	0.463
113597938	nature.n.02	0.846
113598186	nature.n.01	0.411
121987550	nature.n.01	0.472
121987571	nature.n.01	0.702
121987746	nature.n.05	0.442
121989061	quality.n.03	0.666
105212752	nature.n.03	0.625
113601449	nature.n.01	0.521
121997061	nature.n.03	0.542
121997647	nature.n.01	0.901
105222926	nature.n.02	0.452
122001813	nature.n.01	0.697
122003199	nature.n.01	0.596
122003213	nature.n.01	0.756
122006922	nature.n.01	0.736
122006984	nature.n.04	0.687
122007282	nature.n.01	0.686
105232496	feature.n.01	0.996
105237625	nature.n.02	0.733
105256743	nature.n.01	0.507
105258862	nature.n.01	0.979
105260491	nature.n.02	0.818
113658893	nature.n.01	0.96
105270708	nature.n.03	0.535
105271060	nature.n.01	0.493
105271537	nature.n.01	0.961
105273778	nature.n.04	0.466
105274359	nature.n.02	0.371
105277666	brilliance.n.03	0.425
105283914	military_capability.n.01	0.545
105294407	nature.n.02	0.736
105294680	nature.n.01	0.808
105296739	character.n.03	0.814
105296788	nature.n.01	0.742
105296942	nature.n.01	0.323
105296958	nature.n.01	0.756
105296974	nature.n.01	0.694
105297140	nature.n.01	0.505
105297519	nature.n.01	0.811
105297756	nature.n.01	0.75
105302305	nature.n.01	0.923
105303231	character.n.03	0.839
105305071	nature.n.01	0.714
113695046	nature.n.01	0.892
105308878	character.n.03	0.839
113708247	nature.n.01	0.952
105325350	nature.n.01	0.951
105333736	nature.n.01	0.501
105334583	endowment.n.01	0.748
105337092	nature.n.02	0.683
105338371	endowment.n.01	0.603
105355760	nature.n.01	0.477
105358440	nature.n.01	0.84
105359622	quality.n.03	0.902
105361073	nature.n.01	0.909
105361451	nature.n.04	0.712
105362231	nature.n.04	0.564
105363203	nature.n.01	0.833
113759326	situation.n.01	0.884
105375166	parentage.n.02	0.937
105384517	nature.n.01	0.906
105387403	nature.n.01	0.849
105388195	nature.n.01	0.947
105391661	nature.n.01	0.825
105391692	nature.n.01	0.843
105391758	nature.n.01	0.766
105392277	nature.n.01	0.938
105402161	nature.n.01	0.9
105402387	nature.n.04	0.595
105402720	nature.n.01	0.776
105407725	nature.n.01	0.824
105413341	nature.n.01	0.595
105419057	nature.n.01	0.32
105419075	nature.n.02	0.395
105422964	nature.n.01	0.928
105434770	power.n.01	0.943
105434798	nature.n.01	0.772
105439823	nature.n.01	0.576
105459616	character.n.03	0.801
113929046	nature.n.03	0.515
119357707	nature.n.03	0.47
105686704	form.n.03	0.391
105687074	nature.n.01	0.858
105687141	nature.n.02	0.574
122711852	substance.n.01	0.862
105765333	imagination.n.02	0.724
105774245	nature.n.01	0.579
105774637	nature.n.01	0.867
105776110	nature.n.01	0.743
122732665	deity.n.01	0.844
105821595	nature.n.01	0.918
105824661	nature.n.01	0.667
105825748	nature.n.01	0.929
122610119	nature.n.04	0.819
122613886	nature.n.01	0.905
122615543	nature.n.02	0.775
122619114	nature.n.03	0.506
122621143	nature.n.02	0.821
122621548	nature.n.01	0.53
122623490	nature.n.01	0.696
122626869	nature.n.04	0.628
122629887	nature.n.01	0.794
122636690	nature.n.01	0.921
122637095	nature.n.01	0.864
122640212	nature.n.01	0.941
122641476	nature.n.01	0.902
122642950	nature.n.02	0.646
122643044	nature.n.01	0.764
122643486	nature.n.01	0.458
122644943	nature.n.02	0.58
122645101	nature.n.02	0.574
122645520	nature.n.03	0.466
122645591	nature.n.03	0.505
122653839	nature.n.02	0.856
122654040	nature.n.02	0.841
122655194	appetite.n.01	None
122657892	nature.n.02	0.74
122660023	nature.n.03	0.393
122660929	nature.n.04	0.593
122663906	nature.n.03	0.64
122666238	nature.n.01	0.925
122668726	nature.n.04	0.545
122672044	nature.n.02	0.388
122672848	nature.n.02	0.624
122676809	nature.n.03	0.47
122676817	nature.n.04	0.6
122677358	nature.n.01	0.6
122685998	nature.n.02	0.53
122686101	nature.n.02	0.548
122686126	nature.n.02	0.866
122686212	nature.n.01	0.872
122686218	nature.n.03	0.423
122686264	nature.n.02	0.343
122686282	nature.n.01	0.633
122686293	nature.n.01	0.457
122686397	nature.n.01	0.699
122686423	nature.n.01	0.737
122686504	nature.n.02	0.407
122687569	nature.n.01	0.379
122688179	nature.n.01	0.65
122688392	nature.n.01	0.66
122688475	nature.n.02	0.626
122689597	nature.n.01	0.538
122690947	nature.n.02	0.85
122691844	nature.n.01	0.42
122693937	nature.n.01	0.471
122702630	form.n.03	0.615
122702718	nature.n.01	0.937
122707481	nature.n.01	0.949
122707757	nature.n.03	0.379
122709949	nature.n.03	0.539
122711026	parentage.n.02	0.608
122711451	substance.n.01	0.87
122711592	substance.n.01	0.715
122713300	nature.n.03	0.498
122716846	reality.n.03	0.441
122717154	nature.n.01	0.488
122717334	nature.n.01	0.454
122717756	nature.n.01	0.902
122718143	nature.n.01	0.668
122718363	nature.n.03	0.617
122719082	nature.n.01	0.891
122719280	nature.n.01	0.922
122719392	nature.n.01	0.501
122719479	nature.n.01	0.896
122719767	nature.n.01	0.788
122722198	nature.n.02	0.472
122724063	nature.n.03	0.41
122724630	physics.n.01	0.937
122725026	nature.n.01	0.396
122725066	nature.n.01	0.415
122725180	nature.n.01	0.956
122725199	entity.n.01	None
122725599	nature.n.01	0.885
122726016	nature.n.01	0.944
122727735	nature.n.01	0.89
122728093	nature.n.01	0.948
122728136	nature.n.01	0.928
122728210	nature.n.01	0.962
122728275	nature.n.01	0.958
122728334	being.n.01	0.925
122728516	nature.n.02	0.323
122728726	nature.n.02	0.474
122729092	nature.n.01	0.616
122729869	nature.n.01	0.393
122730976	nature.n.01	0.674
122732870	organism.n.01	0.992
122735751	nature.n.02	0.723
122735791	nature.n.01	0.503
122735914	nature.n.01	0.839
122735984	nature.n.03	0.501
122736355	nature.n.02	0.596
122736564	nature.n.01	0.821
122740401	munificence.n.01	None
122761768	nature.n.01	0.597
122761853	nature.n.02	0.866
122762692	nature.n.01	0.891
122763721	nature.n.01	0.917
122763827	element.n.05	0.667
122765431	nature.n.01	0.925
122765535	nature.n.01	0.963
122766042	nature.n.01	0.941
122766115	nature.n.01	0.924
122766977	nature.n.01	0.696
122767052	nature.n.02	0.51
122767228	nature.n.02	0.931
122767239	nature.n.01	0.688
122767443	nature.n.02	0.438
122767518	nature.n.01	0.942
122769327	nature.n.01	0.942
122772686	nature.n.01	0.947
122776784	nature.n.01	0.518
122777211	nature.n.02	0.612
122784642	nature.n.01	0.611
122784800	nature.n.02	0.59
122784814	organism.n.01	0.99
122785184	sex.n.04	0.436
106109878	nature.n.02	0.67
106110076	nature.n.01	0.503
106110550	nature.n.01	0.797
106110956	nature.n.01	0.834
106111044	nature.n.01	0.481
106111770	nature.n.01	0.742
106111971	nature.n.01	0.871
106112151	nature.n.03	0.511
106112658	nature.n.01	0.43
106112737	nature.n.03	0.624
106113150	nature.n.01	0.951
106113214	nature.n.01	0.961
106113251	nature.n.01	0.966
106113484	nature.n.01	0.635
106113598	nature.n.01	0.892
106113801	nature.n.01	0.899
106114155	nature.n.01	0.924
106114214	nature.n.01	0.724
106114787	nature.n.01	0.913
106114838	nature.n.01	0.94
106114884	nature.n.03	0.48
106114887	nature.n.03	0.704
106115181	component.n.01	0.609
106115484	nature.n.01	0.825
106115555	nature.n.01	0.823
106116133	nature.n.03	0.488
106116515	nature.n.01	0.57
106116532	nature.n.01	0.953
106116790	nature.n.02	0.635
106117097	nature.n.01	0.935
106117138	nature.n.01	0.946
106117468	nature.n.01	0.782
106117741	nature.n.01	0.916
106118352	nature.n.01	0.936
106118747	nature.n.01	0.794
106118857	nature.n.01	0.677
106119356	nature.n.01	0.709
106119570	nature.n.01	0.729
106119617	reason.n.03	0.525
106120415	nature.n.01	0.911
106120501	nature.n.01	0.862
106120705	nature.n.01	0.79
106120778	nature.n.01	0.818
106121072	nature.n.02	0.799
106121154	nature.n.02	0.893
106121342	nature.n.01	0.409
106121762	nature.n.01	0.437
106121862	nature.n.02	0.74
106122134	nature.n.02	0.422
106122197	nature.n.01	0.544
106122358	nature.n.01	0.558
106122676	nature.n.01	0.523
106122727	nature.n.01	0.525
106122766	nature.n.01	0.898
106122836	nature.n.01	0.848
106123161	nature.n.01	0.957
106124856	nature.n.01	0.771
106124981	nature.n.01	0.875
106125297	nature.n.04	0.446
106125809	nature.n.01	0.924
106125979	nature.n.01	0.682
106126005	nature.n.01	0.418
106126824	nature.n.02	0.616
106127606	nature.n.01	0.892
106128483	nature.n.01	0.434
106130913	nature.n.01	0.93
106132181	nature.n.01	0.681
106133290	nature.n.02	0.471
106133529	nature.n.01	0.694
106134303	feature.n.01	0.55
106135266	nature.n.01	0.468
106135308	nature.n.01	0.547
106136182	nature.n.01	0.386
106138333	nature.n.01	0.556
106138927	nature.n.02	0.786
106140102	nature.n.01	0.526
106141271	nature.n.01	0.492
106141936	nature.n.01	0.809
106142285	nature.n.01	0.908
106143272	nature.n.01	0.922
106146185	nature.n.01	0.857
106146402	nature.n.01	0.928
106146628	nature.n.01	0.883
106147320	nature.n.01	0.625
106147428	nature.n.01	0.919
106147981	nature.n.01	0.886
106148588	nature.n.01	0.589
106149525	nature.n.01	0.761
106149926	nature.n.01	0.579
106150491	nature.n.02	0.653
106152710	nature.n.02	0.856
106152844	nature.n.02	0.689
106153458	nature.n.01	0.842
106153788	nature.n.01	0.699
106153884	nature.n.01	0.667
106157571	nature.n.01	0.645
106157626	nature.n.01	0.663
106157682	nature.n.01	0.755
106158155	inclination.n.01	0.519
106158641	nature.n.04	0.62
106159171	nature.n.02	0.632
106160273	nature.n.01	0.795
106161104	nature.n.03	0.391
106161736	nature.n.01	0.598
106163530	nature.n.01	0.664
106163758	nature.n.02	0.751
106163935	virtue.n.01	0.473
106164034	nature.n.03	0.476
106164603	nature.n.01	0.961
106164826	nature.n.01	0.918
114553472	nature.n.01	0.939
106165309	nature.n.01	0.935
114554027	nature.n.04	0.479
106165688	nature.n.01	0.792
106166368	nature.n.02	0.651
106167130	nature.n.01	0.97
106167478	nature.n.02	0.51
106167826	nature.n.01	0.765
106168575	nature.n.01	0.482
106168870	nature.n.01	0.955
106170115	nature.n.01	0.91
106171944	nature.n.01	0.92
106172160	nature.n.01	0.933
106172466	nature.n.01	0.578
106172687	nature.n.02	0.784
106173060	nature.n.02	0.613
106173372	nature.n.02	0.788
106175204	nature.n.03	0.381
106175368	nature.n.01	0.665
106175414	nature.n.01	0.721
106175860	nature.n.01	0.445
106175966	nature.n.02	0.511
106176601	nature.n.01	0.625
106177776	nature.n.02	0.656
106177870	nature.n.01	0.737
106177918	nature.n.03	0.449
106178000	nature.n.02	0.764
106178115	nature.n.02	0.895
106178941	nature.n.01	0.554
106178959	nature.n.01	0.334
106179147	nature.n.04	0.481
106179177	nature.n.02	0.67
106179825	nature.n.02	0.805
106181371	nature.n.01	0.952
106182981	nature.n.01	0.69
106183291	nature.n.02	0.884
106184674	nature.n.03	0.394
106185467	nature.n.02	0.909
106185931	nature.n.02	0.89
106186440	nature.n.01	0.812
106186518	nature.n.01	0.925
106186560	nature.n.01	0.871
106186982	nature.n.01	0.844
106187025	nature.n.01	0.924
106187290	nature.n.01	0.624
106187367	nature.n.01	0.4
106187431	nature.n.01	0.893
106187516	nature.n.01	0.909
106188332	nature.n.02	0.843
106191041	nature.n.01	0.547
106191868	nature.n.02	0.86
106191953	nature.n.01	0.863
106193676	nature.n.01	0.901
106193945	nature.n.02	0.877
106194053	nature.n.02	0.572
106194489	nature.n.01	0.899
106194700	nature.n.01	0.712
106194963	nature.n.01	0.816
106195410	nature.n.02	0.721
106195531	nature.n.01	0.589
106195722	nature.n.01	0.572
106195839	nature.n.01	0.913
106197062	nature.n.01	0.382
106197625	nature.n.02	0.843
106197873	nature.n.01	0.91
106198223	nature.n.01	0.562
106198849	nature.n.04	0.58
106199026	nature.n.02	0.826
106199649	nature.n.01	0.874
106200114	nature.n.01	0.624
106200451	nature.n.02	0.608
106200554	nature.n.02	0.555
106200798	nature.n.01	0.944
106200840	nature.n.01	0.612
106202117	nature.n.02	0.829
106202562	nature.n.01	0.887
106202646	nature.n.01	0.564
106203868	nature.n.01	0.646
106203901	character.n.03	0.893
106204497	nature.n.01	0.731
106204646	nature.n.03	0.426
106205481	nature.n.03	0.532
106206158	nature.n.01	0.916
106206401	nature.n.02	0.418
106207740	nature.n.01	0.962
106207990	nature.n.04	0.558
106208753	nature.n.01	0.917
106209599	nature.n.01	0.941
106209779	nature.n.01	0.931
106209971	nature.n.01	0.915
106211517	nature.n.01	0.428
106211955	nature.n.01	0.884
106212200	nature.n.01	0.619
106212298	nature.n.01	0.882
106212449	nature.n.03	0.734
106212664	nature.n.01	0.875
106212733	nature.n.01	0.678
106213317	nature.n.01	0.749
106213388	nature.n.01	0.656
106213704	inclination.n.01	0.814
106213818	nature.n.04	0.573
106216048	nature.n.01	0.582
106216465	nature.n.02	0.782
106218774	nature.n.02	0.408
106220431	nature.n.01	0.933
106220821	nature.n.02	0.599
106221741	nature.n.01	0.573
106222022	nature.n.02	0.923
106222055	nature.n.01	0.461
106222082	nature.n.02	0.539
106222498	nature.n.02	0.85
106222822	nature.n.02	0.426
106223000	nature.n.01	0.867
106223330	nature.n.01	0.823
106223590	nature.n.03	0.464
106223773	nature.n.01	0.678
106223901	nature.n.01	0.938
106224059	nature.n.02	0.599
106227857	nature.n.02	0.751
106227895	nature.n.01	0.874
106228315	nature.n.01	0.955
106229769	nature.n.01	0.921
106229986	nature.n.02	0.8
106230147	nature.n.01	0.883
106230585	kind.n.01	None
106230872	nature.n.01	0.902
106231167	nature.n.03	0.811
106231377	nature.n.01	0.805
106231665	nature.n.01	0.621
106231998	nature.n.01	0.835
106232048	nature.n.01	0.5
106232144	nature.n.01	0.846
106232926	nature.n.01	0.323
106233155	nature.n.01	0.508
106233408	nature.n.01	0.66
106233436	nature.n.03	0.424
106234427	nature.n.01	0.537
106234843	nature.n.01	0.956
106235013	nature.n.01	0.892
106235650	nature.n.01	0.792
106236627	instinct.n.01	None
106236908	nature.n.01	0.96
106237136	nature.n.01	0.936
106237808	nature.n.03	0.454
106237942	nature.n.02	0.457
106238154	nature.n.01	0.438
106241366	nature.n.01	0.347
106241396	nature.n.01	0.456
106242945	nature.n.03	0.355
106243374	nature.n.02	0.668
106243431	nature.n.01	0.492
106243776	nature.n.01	0.555
106243786	nature.n.04	0.445
106244375	nature.n.02	0.476
106244519	nature.n.01	0.523
106245832	nature.n.02	0.569
106245855	nature.n.03	0.591
114635156	nature.n.01	0.848
114635158	nature.n.01	0.721
106246980	nature.n.01	0.501
114635870	nature.n.01	0.681
114636199	character.n.03	0.841
106247721	nature.n.01	0.943
114636486	nature.n.01	0.927
106248595	nature.n.03	0.55
106248738	nature.n.01	0.968
106248902	nature.n.01	0.646
106249203	nature.n.01	0.784
114637900	nature.n.01	0.958
106250439	nature.n.01	0.671
106250605	nature.n.01	0.771
106250648	nature.n.01	0.946
106250775	nature.n.02	0.615
106250966	nature.n.02	0.528
106251386	nature.n.03	0.425
106251391	nature.n.03	0.415
106251870	nature.n.01	0.93
106252646	nature.n.01	0.826
114641724	nature.n.03	0.656
106253254	wisdom.n.01	0.663
114643121	nature.n.01	0.963
106254889	nature.n.01	0.605
106255593	nature.n.02	0.696
106256372	nature.n.03	0.393
106257165	nature.n.01	0.757
114646787	disposition.n.01	0.985
114647491	nature.n.01	0.641
106260219	nature.n.01	0.493
106261005	nature.n.04	0.523
106262234	nature.n.01	0.689
106262552	nature.n.01	0.922
114651175	nature.n.03	0.939
106262711	nature.n.01	0.689
106262826	nature.n.03	0.897
123040264	nature.n.01	0.919
106263294	nature.n.01	0.941
106263412	nature.n.01	0.704
123040998	nature.n.01	0.942
106264172	nature.n.01	0.899
106264455	nature.n.01	0.766
106264726	nature.n.01	0.955
106265407	nature.n.02	0.56
106265674	nature.n.02	0.695
106265987	nature.n.01	0.515
123043470	nature.n.01	0.838
106266425	nature.n.01	0.943
123043662	nature.n.01	0.954
123043891	instinct.n.01	None
123044307	fictional_character.n.01	0.849
123044343	disposition.n.01	0.986
123044368	disposition.n.04	0.461
106267209	nature.n.01	0.781
106267218	nature.n.01	0.484
106267251	nature.n.01	0.795
114656285	nature.n.01	0.607
123044893	law.n.04	0.832
123045258	nature.n.01	0.648
123045430	nature.n.02	0.65
106268428	nature.n.01	0.883
123045842	nature.n.01	0.397
106268641	nature.n.01	0.846
123045875	nature.n.03	0.436
123045881	nature.n.03	0.436
123045936	nature.n.01	0.918
123045965	nature.n.03	0.424
123045977	nature.n.03	0.424
123045985	nature.n.03	0.476
123046018	principle.n.02	0.556
106268899	nature.n.01	0.676
106269005	nature.n.01	0.87
123046382	nature.n.01	0.841
114657926	nature.n.01	0.508
123046986	principle.n.03	0.506
114658482	nature.n.01	0.647
123047879	nature.n.01	0.867
106270711	nature.n.01	0.937
114659370	nature.n.01	0.938
114659409	nature.n.01	0.937
114659492	nature.n.01	0.934
123048169	nature.n.01	0.602
123048216	nature.n.01	0.412
123048225	nature.n.01	0.412
114659937	populace.n.01	0.397
106271882	nature.n.01	0.947
106272620	nature.n.03	0.816
106274172	nature.n.01	0.796
114663204	nature.n.03	0.846
114663320	nature.n.04	0.298
106274755	nature.n.02	0.708
123052113	nature.n.01	0.896
106275108	nature.n.01	0.903
106275238	nature.n.03	0.34
123052453	nature.n.01	0.972
106275910	nature.n.01	0.821
106276541	nature.n.02	0.648
114665675	character.n.03	0.662
106277254	nature.n.04	0.574
114666303	nature.n.01	0.677
123054965	nature.n.01	0.935
106277867	nature.n.01	0.301
123055191	nature.n.01	0.964
106278144	nature.n.04	0.569
106278460	nature.n.01	0.941
106278561	nature.n.01	0.467
123055783	nature.n.01	0.913
123055970	nature.n.01	0.96
106278922	nature.n.01	0.952
123056658	nature.n.01	0.966
123056738	kind.n.01	None
106279658	nature.n.01	0.647
123057098	principle.n.03	0.511
123057349	nature.n.01	0.968
106280310	nature.n.01	0.413
106280351	nature.n.03	0.716
106280358	nature.n.03	0.459
123057812	nature.n.01	0.884
123057816	principle.n.03	0.658
123058069	nature.n.01	0.718
123058154	nature.n.01	0.898
123058177	kind.n.01	None
123058191	nature.n.01	0.682
123058552	nature.n.01	0.744
123058596	kind.n.01	None
106281471	nature.n.01	0.84
106281684	nature.n.01	0.944
123059169	nature.n.01	0.886
106281958	nature.n.03	0.697
123059173	nature.n.01	0.889
123059290	kind.n.01	None
106282267	nature.n.01	0.919
106282376	nature.n.01	0.738
123059790	nature.n.01	0.66
106282630	nature.n.01	0.756
106282920	nature.n.01	0.906
106282976	nature.n.01	0.591
106283159	nature.n.01	0.566
106283277	nature.n.01	0.383
123060694	nature.n.01	0.944
106283504	nature.n.01	0.893
106284106	nature.n.01	0.89
123061439	substance.n.01	0.847
123061575	kind.n.01	None
123061808	principle.n.03	0.515
123062245	nature.n.01	0.807
123062946	being.n.01	0.959
123062996	nature.n.01	0.771
123063261	nature.n.02	0.808
106286143	nature.n.01	0.575
123063482	softness.n.01	0.968
106286291	nature.n.01	0.679
123063954	nature.n.03	0.524
123063992	nature.n.01	0.923
123064067	principle.n.04	0.419
123064090	kind.n.01	None
123064297	nature.n.01	0.86
123064349	nature.n.01	0.915
123064367	nature.n.01	0.96
123064486	nature.n.01	0.848
123064538	nature.n.02	0.372
106287895	nature.n.01	0.494
106288197	nature.n.03	0.559
123065541	nature.n.01	0.893
106288369	animal.n.01	0.945
106288397	nature.n.03	0.481
106289180	appearance.n.01	0.969
123066795	nature.n.01	0.899
123067222	nature.n.04	0.511
123067440	nature.n.01	0.852
106290413	nature.n.01	0.398
106290725	nature.n.02	0.533
106290758	nature.n.02	0.709
106290779	nature.n.02	0.381
106290789	nature.n.01	0.504
123068243	nature.n.01	0.834
106291043	nature.n.02	0.544
123068261	characteristic.n.02	0.588
106291051	nature.n.02	0.338
123068327	nature.n.01	0.459
123068460	kind.n.01	None
123068469	nature.n.01	0.907
106291627	nature.n.01	0.843
123069164	character.n.03	0.791
123069170	character.n.03	0.791
123069195	kind.n.01	None
123069228	nature.n.01	0.531
106292044	nature.n.02	0.703
106292310	nature.n.02	0.433
123069692	nature.n.01	0.639
123070188	kind.n.01	None
106293084	nature.n.01	0.79
123070358	kind.n.01	None
123070704	nature.n.03	0.394
106293685	nature.n.02	0.906
106294392	nature.n.01	0.626
106294567	nature.n.03	0.62
106294687	nature.n.02	0.693
123072148	nature.n.01	0.873
123072376	kind.n.01	None
123073350	quality.n.03	0.907
106296428	nature.n.02	0.676
123073866	nature.n.01	0.896
106296671	nature.n.01	0.462
106297641	nature.n.01	0.585
106297730	nature.n.01	0.708
106297761	nature.n.03	0.642
123075006	nature.n.01	0.936
106297894	nature.n.01	0.461
106297974	nature.n.01	0.688
106298478	nature.n.01	0.538
123076198	kind.n.01	None
123076417	nature.n.03	0.542
123076643	nature.n.01	0.926
123077508	nature.n.01	0.923
106300294	nature.n.01	0.818
106300596	nature.n.01	0.776
106301925	nature.n.02	0.772
106302506	nature.n.01	0.807
106302901	nature.n.02	0.798
123080349	nature.n.01	0.587
123080386	nature.n.01	0.749
123080495	nature.n.01	0.368
123080554	kind.n.01	None
123080687	principle.n.04	0.289
106303647	nature.n.02	0.726
123081111	nature.n.01	0.561
106304216	nature.n.01	0.908
123081643	nature.n.01	0.816
106304745	nature.n.01	0.675
106304834	nature.n.01	0.54
106305552	nature.n.03	0.579
123083295	nature.n.01	0.901
123083333	kind.n.01	None
123083409	nature.n.01	0.91
106306200	nature.n.01	0.666
123084209	nature.n.01	0.82
106307505	nature.n.01	0.603
106307729	nature.n.01	0.965
123085090	nature.n.01	0.494
123085618	nature.n.01	0.889
123085753	fundamental_law.n.01	0.957
123085802	constitution.n.04	0.796
106308857	nature.n.01	0.715
106309171	nature.n.01	0.847
123086756	nature.n.01	0.475
123086762	nature.n.04	0.555
106309667	nature.n.01	0.569
106310054	nature.n.01	0.942
106310288	nature.n.01	0.923
123088049	nature.n.01	0.938
106310922	nature.n.01	0.952
106310998	nature.n.01	0.816
106311021	nature.n.01	0.835
106311138	nature.n.01	0.959
123088962	nature.n.02	0.924
106312259	nature.n.02	0.491
106312435	nature.n.01	0.961
123090163	nature.n.01	0.881
123090583	kind.n.01	None
106313732	nature.n.02	0.478
123091225	nature.n.01	0.652
123091511	nature.n.01	0.709
106314370	nature.n.01	0.941
123092109	kind.n.01	None
106315058	nature.n.01	0.876
123092715	kind.n.01	None
123093244	nature.n.01	0.827
106316029	nature.n.01	0.672
106316077	sex.n.04	0.418
123093762	nature.n.04	0.479
123094405	nature.n.02	0.697
106317437	nature.n.01	0.509
106317591	nature.n.01	0.92
123095587	nature.n.01	0.682
123095830	nature.n.01	0.795
123096238	type.n.01	0.99
106319106	nature.n.01	0.666
106319854	nature.n.01	0.901
123097187	nature.n.01	0.391
106320203	nature.n.02	0.431
106320414	nature.n.01	0.709
106321488	nature.n.01	0.77
106321528	nature.n.03	0.708
123098846	nature.n.02	0.598
106321779	nature.n.01	0.649
123099101	nature.n.02	0.539
123099246	nature.n.01	0.891
106322366	nature.n.04	0.524
106322488	nature.n.04	0.577
106322862	nature.n.02	0.519
106322962	nature.n.01	0.614
106323003	nature.n.01	0.781
123100391	nature.n.01	0.93
106323221	nature.n.01	0.929
123100441	nature.n.01	0.911
106323303	nature.n.02	0.771
106323436	nature.n.03	0.61
106323502	nature.n.02	0.738
106323547	nature.n.02	0.79
106323566	nature.n.01	0.557
106323589	nature.n.01	0.672
106323611	nature.n.01	0.469
106323972	nature.n.01	0.625
123101434	nature.n.01	0.774
123103346	nature.n.01	0.888
106326302	nature.n.01	0.653
106326567	nature.n.01	0.542
106326629	nature.n.02	0.398
106326822	nature.n.02	0.437
123104107	nature.n.03	0.539
123105435	nature.n.01	0.936
123105791	nature.n.01	0.799
106328591	nature.n.01	0.601
123106054	nature.n.01	0.846
123106278	component.n.01	0.948
123106354	being.n.01	0.891
106329379	nature.n.01	0.602
123106594	nature.n.01	0.443
106329964	nature.n.01	0.634
106330673	nature.n.04	0.545
106330834	nature.n.03	0.653
106331110	nature.n.02	0.471
106331915	nature.n.03	0.784
123109224	nature.n.01	0.542
106332070	nature.n.01	0.879
123109447	nature.n.01	0.954
106332323	nature.n.01	0.309
106332619	nature.n.01	0.501
123109928	nature.n.01	0.944
123109938	nature.n.01	0.958
123110333	kind.n.01	None
123110504	nature.n.01	0.957
106333387	nature.n.01	0.339
106333791	nature.n.01	0.709
106334502	nature.n.02	0.664
106334873	nature.n.02	0.713
106334940	nature.n.02	0.767
106335058	nature.n.02	0.864
123112789	kind.n.01	None
123113234	nature.n.01	0.764
106336107	nature.n.03	0.343
123113363	nature.n.01	0.351
106336411	nature.n.01	0.671
106336525	nature.n.03	0.477
123113862	nature.n.01	0.872
123113991	nature.n.01	0.974
123114002	substance.n.01	0.814
106338030	nature.n.01	0.698
106338497	nature.n.01	0.46
106338783	nature.n.04	0.507
123116153	kind.n.01	None
106339138	nature.n.03	0.725
123116424	kind.n.01	None
106340000	nature.n.01	0.378
123117416	nature.n.01	0.486
123117786	nature.n.01	0.422
106340598	nature.n.02	0.635
123117827	nature.n.01	0.906
123117834	nature.n.01	0.906
123117878	kind.n.01	None
106340759	nature.n.01	0.709
123118070	principle.n.03	0.623
106340968	nature.n.01	0.543
106341064	nature.n.01	0.898
106341739	nature.n.01	0.941
106342087	nature.n.03	0.495
106342520	nature.n.01	0.942
106342589	nature.n.01	0.948
123119889	nature.n.01	0.963
106343011	nature.n.02	0.502
106343310	nature.n.01	0.659
106343418	nature.n.01	0.792
106343470	nature.n.01	0.56
106344371	nature.n.01	0.777
106344605	nature.n.01	0.492
106344650	nature.n.01	0.909
123123398	nature.n.03	0.568
106347123	nature.n.01	0.404
106347258	nature.n.04	0.732
106347607	nature.n.01	0.535
106347647	nature.n.03	0.494
106347798	nature.n.01	0.376
106348014	nature.n.01	0.512
106348121	nature.n.03	0.374
106348347	nature.n.01	0.919
123126066	nature.n.01	0.866
106348876	nature.n.02	0.617
106349100	nature.n.03	0.524
106349674	nature.n.01	0.878
106349702	nature.n.01	0.737
123127152	nature.n.01	0.873
106350063	nature.n.01	0.956
123127771	kind.n.01	None
123127828	nature.n.01	0.676
106350687	nature.n.01	0.556
106350705	nature.n.03	0.71
123128168	nature.n.01	0.599
123128185	nature.n.01	0.745
106351354	nature.n.04	0.52
106351396	nature.n.02	0.585
123128629	nature.n.01	0.957
106351550	nature.n.01	0.901
123128840	nature.n.01	0.857
123128986	nature.n.01	0.839
123129000	nature.n.01	0.806
106351864	nature.n.04	0.704
123129227	kind.n.01	None
123129553	nature.n.01	0.708
123129707	nature.n.01	0.78
123130162	principle.n.03	0.379
106354003	nature.n.02	0.564
106355095	nature.n.01	0.894
123132851	nature.n.04	0.674
123133034	nature.n.01	0.952
106356631	nature.n.01	0.935
123134285	nature.n.01	0.83
123134308	nature.n.02	0.314
123134618	nature.n.01	0.962
123134629	nature.n.01	0.962
123134668	nature.n.01	0.929
123135445	nature.n.01	0.437
106358270	nature.n.03	0.71
106358730	nature.n.01	0.813
106358995	nature.n.02	0.735
123136694	nature.n.01	0.62
106360008	nature.n.01	0.958
106360465	nature.n.01	0.897
106361749	nature.n.01	0.855
106361870	nature.n.01	0.81
106361917	nature.n.03	0.776
106362054	nature.n.03	0.75
123139859	nature.n.01	0.728
123139893	nature.n.01	0.929
106363292	nature.n.01	0.649
106364678	nature.n.03	0.428
106365283	nature.n.02	0.492
106365420	nature.n.03	0.35
106365756	nature.n.01	0.879
106366571	nature.n.02	0.326
106367084	nature.n.01	0.442
123144568	kind.n.01	None
106367387	nature.n.01	0.56
106367696	nature.n.01	0.543
123145310	nature.n.03	0.763
106368181	nature.n.01	0.478
106369121	nature.n.02	0.744
123146491	nature.n.01	0.932
123146709	nature.n.01	0.563
123146971	nature.n.01	0.706
106370182	nature.n.02	0.431
106371283	nature.n.01	0.447
106371379	nature.n.02	0.395
106371688	nature.n.01	0.507
106371856	nature.n.02	0.904
106371915	nature.n.02	0.443
123150111	nature.n.01	0.678
106373077	nature.n.04	0.565
106373170	nature.n.02	0.805
106373428	nature.n.01	0.825
106374056	nature.n.01	0.763
106374085	nature.n.01	0.638
106374196	nature.n.01	0.864
106374264	nature.n.01	0.825
106374446	nature.n.03	0.773
106374607	nature.n.03	0.568
123151837	nature.n.02	0.558
106374631	nature.n.03	0.678
106375555	nature.n.01	0.901
106375666	kernel.n.03	0.588
106375750	nature.n.01	0.799
106376013	nature.n.01	0.982
106376151	nature.n.01	0.613
123153378	nature.n.01	0.967
106376217	nature.n.01	0.589
106377055	nature.n.01	0.515
106377079	inclination.n.01	0.694
106377185	nature.n.01	0.822
106377548	nature.n.01	0.849
123154910	efficacy.n.01	None
123155050	nature.n.01	0.89
123155127	nature.n.01	0.82
123155155	nature.n.02	0.609
123155684	disposition.n.01	0.988
106378671	nature.n.02	0.578
106378705	nature.n.01	0.586
123156342	nature.n.01	0.879
106379184	nature.n.01	0.775
123156796	nature.n.02	0.523
106379664	nature.n.01	0.762
106379811	nature.n.01	0.768
123157162	nature.n.01	0.817
106379963	nature.n.01	0.913
123157260	kind.n.01	None
123157295	nature.n.04	0.436
106380152	nature.n.01	0.912
106380335	nature.n.01	0.509
106381271	nature.n.01	0.331
106381726	nature.n.02	0.578
106381927	nature.n.01	0.722
106381991	nature.n.01	0.922
106382115	nature.n.01	0.759
106382424	character.n.03	0.918
106382958	nature.n.01	0.952
123161089	nature.n.01	0.724
106384658	nature.n.02	0.867
106384720	nature.n.02	0.533
123162233	nature.n.01	0.754
106385190	nature.n.02	0.85
123162993	nature.n.01	0.728
123163039	nature.n.01	0.924
123163183	nature.n.01	0.96
123163222	nature.n.01	0.681
123163245	kind.n.01	None
106386098	nature.n.04	0.473
106386166	nature.n.01	0.354
106386350	disposition.n.01	0.563
123163995	principle.n.03	0.332
123164115	nature.n.02	0.622
123164544	nature.n.01	0.965
106387637	nature.n.01	0.536
106387883	nature.n.02	0.515
106388030	nature.n.02	0.642
106388066	nature.n.03	0.477
106388078	nature.n.03	0.324
106388439	nature.n.02	0.653
106388597	nature.n.04	0.5
123166757	nature.n.01	0.757
123166805	nature.n.01	0.446
123166935	nature.n.01	0.861
123166949	nature.n.01	0.493
123166984	nature.n.02	0.482
123167814	principle.n.03	0.391
123167921	nature.n.03	0.383
106390734	nature.n.01	0.962
106390799	nature.n.01	0.583
106390851	nature.n.01	0.371
123168119	nature.n.01	0.831
123168136	nature.n.01	0.491
123168204	nature.n.01	0.865
123168281	nature.n.01	0.706
123168410	nature.n.01	0.911
106392700	nature.n.01	0.618
123170124	nature.n.01	0.791
123170265	nature.n.01	0.839
123170321	nature.n.01	0.395
123170335	nature.n.01	0.395
106393240	nature.n.02	0.832
123170698	quality.n.01	0.873
106393829	nature.n.01	0.936
123171197	character.n.03	0.835
123171257	nature.n.01	0.913
123171403	nature.n.02	0.519
123171750	kind.n.01	None
123171969	nature.n.01	0.837
123171973	kind.n.01	None
123172002	nature.n.01	0.947
123172041	nature.n.01	0.667
123172489	nature.n.01	0.719
106395633	nature.n.01	0.82
123173090	nature.n.01	0.637
106396687	nature.n.01	0.758
106396805	nature.n.02	0.947
123174238	nature.n.01	0.656
123174453	principle.n.03	0.361
123177718	principle.n.03	0.554
106400553	nature.n.01	0.64
106401139	nature.n.01	0.737
106401295	nature.n.01	0.509
123179129	organism.n.01	0.637
106401950	flair.n.01	0.348
106401974	ability.n.02	0.839
123179236	nature.n.01	0.948
106402408	nature.n.02	0.881
106403088	nature.n.02	0.714
106403640	nature.n.01	0.445
123181062	nature.n.01	0.912
123181160	nature.n.01	0.539
106404209	nature.n.01	0.698
106404286	inclination.n.01	0.624
123181943	nature.n.01	0.864
106404870	nature.n.01	0.936
106404980	nature.n.01	0.918
123182212	nature.n.01	0.946
106406097	nature.n.01	0.867
106406552	nature.n.02	0.607
106406685	nature.n.02	0.657
106407197	nature.n.03	0.551
123184460	nature.n.01	0.699
106407978	nature.n.03	0.463
106408346	nature.n.03	0.931
106409101	nature.n.01	0.42
106409725	nature.n.03	0.601
106410051	nature.n.03	0.485
106410417	nature.n.02	0.517
123188838	nature.n.01	0.594
123188852	nature.n.01	0.594
106411637	nature.n.02	0.809
106411881	nature.n.01	0.628
123189847	kingdom.n.01	0.56
123191872	nature.n.01	0.674
106414934	nature.n.01	0.751
123192577	nature.n.01	0.958
123194940	nature.n.02	0.482
123196288	original.n.02	None
123197083	nature.n.01	0.414
106420608	nature.n.01	0.857
106420763	nature.n.01	0.964
106420990	nature.n.02	0.671
123199046	nature.n.01	0.509
123199222	principle.n.03	0.536
106422150	nature.n.03	0.718
106422718	nature.n.02	0.401
106422963	nature.n.01	0.424
123200186	nature.n.01	0.888
123200408	nature.n.01	0.911
106423282	nature.n.04	0.491
106423459	nature.n.01	0.812
123200747	nature.n.04	0.6
106423614	nature.n.03	0.666
106423767	nature.n.01	0.844
106423934	nature.n.01	0.738
123201150	nature.n.02	0.813
123201476	nature.n.01	0.952
123201960	nature.n.01	0.66
106424818	nature.n.02	0.782
123202100	nature.n.01	0.828
123202189	kind.n.01	None
123202847	nature.n.01	0.598
123203093	nature.n.01	0.625
123203161	nature.n.03	0.432
106426499	nature.n.01	0.912
123203880	nature.n.02	0.52
123204046	nature.n.03	0.45
123204069	nature.n.01	0.648
106427058	nature.n.01	0.796
106427168	nature.n.03	0.426
123204905	nature.n.01	0.965
123204919	nature.n.01	0.971
106430108	quality.n.03	0.784
106430257	nature.n.01	0.526
106430812	nature.n.01	0.775
123208406	nature.n.01	0.753
106431737	nature.n.03	0.539
106431842	nature.n.02	0.434
106431910	nature.n.01	0.634
106432533	nature.n.03	0.769
106432574	nature.n.03	0.62
123210397	nature.n.01	0.974
106433356	nature.n.02	0.547
106433563	nature.n.01	0.503
106433845	law.n.01	0.794
106434095	nature.n.03	0.638
106434226	nature.n.03	0.69
106435963	nature.n.03	0.373
106436261	nature.n.01	0.909
106436619	nature.n.01	0.962
106436858	nature.n.01	0.916
123214723	entity.n.01	None
106437722	nature.n.01	0.715
106438034	nature.n.01	0.493
123215877	nature.n.01	0.857
106438791	nature.n.01	0.777
123216018	entity.n.01	None
106438856	nature.n.01	0.602
106439402	nature.n.01	0.6
123216720	entity.n.01	None
123216750	nature.n.01	0.909
123216858	nature.n.01	0.935
123216873	nature.n.01	0.935
123216993	nature.n.01	0.875
106439833	nature.n.01	0.815
106440785	nature.n.01	0.682
106440805	nature.n.02	0.698
123218140	nature.n.01	0.936
106441149	nature.n.01	0.325
106441281	nature.n.01	0.455
106441432	nature.n.01	0.881
106442194	nature.n.01	0.614
106442279	nature.n.03	0.538
106442319	nature.n.01	0.766
106442393	nature.n.01	0.867
106442435	nature.n.02	0.707
106442652	effect.n.04	0.35
106442825	nature.n.01	0.853
106442861	nature.n.03	0.604
106442935	nature.n.02	0.787
106443114	nature.n.01	0.731
123220348	nature.n.01	0.944
123220351	nature.n.01	0.944
106443221	nature.n.02	0.447
106443838	nature.n.02	0.522
106443862	nature.n.02	0.698
123221086	nature.n.01	0.952
106444041	nature.n.01	0.794
106444087	nature.n.02	0.331
106444364	nature.n.01	0.561
123221926	nature.n.01	0.922
106444757	nature.n.01	0.465
123222045	nature.n.01	0.883
106445417	nature.n.01	0.611
106445918	nature.n.01	0.764
106446005	nature.n.01	0.797
106446719	nature.n.03	0.465
123224275	nature.n.01	0.941
123224520	nature.n.01	0.839
106447726	nature.n.03	0.667
106448209	nature.n.04	0.527
123225562	nature.n.01	0.961
106448471	nature.n.01	0.734
106448685	nature.n.01	0.885
106449579	nature.n.01	0.861
106449826	nature.n.01	0.79
123227810	nature.n.01	0.947
106451124	nature.n.01	0.446
106451206	nature.n.01	0.935
106451507	nature.n.01	0.879
106451595	nature.n.03	0.75
106451641	nature.n.01	0.705
123229915	nature.n.01	0.506
106452752	nature.n.01	0.816
106453921	nature.n.01	0.373
106454907	nature.n.02	0.741
106455332	nature.n.01	0.937
123233163	nature.n.01	0.55
106455976	nature.n.02	0.719
123233606	principle.n.04	0.571
106456471	nature.n.01	0.984
106457156	nature.n.01	0.418
106457860	nature.n.02	0.531
123235083	inclination.n.01	0.452
123235757	nature.n.02	0.61
123236035	nature.n.01	0.929
106458832	nature.n.02	0.485
106458932	nature.n.02	0.808
106459033	nature.n.01	0.966
123236734	nature.n.01	0.971
123236744	principle.n.03	0.557
123236764	force.n.01	0.479
123236794	principle.n.03	0.866
123236936	nature.n.01	0.919
123237957	nature.n.01	0.88
123237981	nature.n.01	0.853
106462171	nature.n.01	0.46
106462401	nature.n.02	0.702
123239844	kind.n.01	None
123241122	principle.n.02	0.423
106464388	character.n.03	0.724
106464448	nature.n.01	0.365
106464462	nature.n.02	0.551
123241803	nature.n.01	0.804
123241822	kind.n.01	0.772
123241835	nature.n.01	0.514
106464687	character.n.03	0.897
123241961	nature.n.01	0.824
106464755	nature.n.01	0.939
106464828	nature.n.01	0.736
123242104	nature.n.01	0.673
123242136	nature.n.01	0.892
123242153	nature.n.01	0.893
123242402	nature.n.02	0.677
106465195	nature.n.01	0.578
123242415	nature.n.02	0.677
123242524	nature.n.01	0.889
106465462	nature.n.02	0.771
106465679	nature.n.02	0.465
123243085	nature.n.01	0.926
123244058	nature.n.01	0.959
123244257	nature.n.01	0.962
106467307	nature.n.02	0.763
106467495	nature.n.02	0.66
123245096	principle.n.02	0.357
106467901	nature.n.01	0.43
123245453	principle.n.03	0.53
106468400	inclination.n.01	0.537
106468581	nature.n.01	0.866
106468873	nature.n.01	0.513
123246349	nature.n.01	0.908
123246445	principle.n.03	0.603
106469670	nature.n.01	0.947
123247024	nature.n.01	0.905
106469893	nature.n.02	0.758
106470060	nature.n.03	0.817
106470079	nature.n.01	0.621
123247320	entity.n.01	None
106470290	nature.n.02	0.802
123247623	nature.n.01	0.917
106470463	nature.n.01	0.71
106470499	nature.n.01	0.596
106470614	nature.n.01	0.299
106470772	nature.n.01	0.873
123248057	nature.n.01	0.323
106470998	nature.n.02	0.453
106471863	nature.n.01	0.899
123249107	principle.n.04	0.529
123249382	nature.n.01	0.944
123249682	principle.n.02	0.404
106473341	nature.n.02	0.602
106473472	nature.n.02	0.912
106473788	nature.n.03	0.539
123251072	being.n.01	0.976
106474587	nature.n.01	0.825
106474950	nature.n.03	0.482
123252417	kernel.n.03	0.6
123253004	nature.n.03	0.609
106476300	nature.n.03	0.534
123253606	nature.n.01	0.434
123254010	nature.n.01	0.947
106476924	nature.n.02	0.597
106476955	nature.n.02	0.729
106477095	nature.n.02	0.757
123254491	nature.n.01	0.955
106477407	nature.n.01	0.893
106477490	nature.n.01	0.92
106477771	nature.n.02	0.615
106477922	nature.n.03	0.659
106477970	nature.n.02	0.839
106478239	nature.n.01	0.902
106478373	nature.n.03	0.561
106479120	nature.n.03	0.434
123256562	nature.n.01	0.754
123256599	nature.n.01	0.82
123256619	nature.n.03	0.358
106479519	nature.n.01	0.816
106479634	nature.n.03	0.633
106480185	nature.n.02	0.666
106480588	nature.n.01	0.674
123258359	principle.n.04	0.586
123258411	force.n.03	0.406
106481297	nature.n.01	0.87
106481663	quality.n.01	0.853
106481737	nature.n.02	0.532
106481943	nature.n.02	0.67
106482026	nature.n.02	0.822
123259462	nature.n.01	0.964
106482269	nature.n.02	0.482
123259503	nature.n.01	0.896
123259912	nature.n.01	0.834
123260315	principle.n.03	0.542
106484210	nature.n.01	0.534
106485065	nature.n.02	0.483
106485373	nature.n.02	0.785
106485700	nature.n.02	0.666
106485755	nature.n.02	0.689
106485955	nature.n.02	0.566
106486062	character.n.03	0.955
106486083	nature.n.01	0.511
106486123	nature.n.01	0.601
123263531	nature.n.01	0.585
123263538	nature.n.01	0.479
106486599	nature.n.02	0.669
106486660	nature.n.01	0.393
106486688	nature.n.01	0.475
106486935	nature.n.01	0.444
106486973	nature.n.02	0.704
123264522	nature.n.01	0.919
123264589	nature.n.01	0.913
123264977	principle.n.03	0.432
123265497	nature.n.04	0.549
123266686	nature.n.01	0.449
123266784	nature.n.01	0.911
106489666	nature.n.01	0.521
106489831	nature.n.01	0.726
106489856	nature.n.03	0.549
106490081	nature.n.04	0.473
106490378	nature.n.02	0.872
106490507	nature.n.02	0.673
106490589	nature.n.02	0.727
106490983	nature.n.01	0.765
106491141	nature.n.02	0.443
123268486	nature.n.01	0.801
106491371	inclination.n.01	0.745
123268677	principle.n.03	0.469
106491736	nature.n.02	0.734
106492127	nature.n.02	0.797
106492168	nature.n.01	0.6
106492191	nature.n.02	0.465
106492899	inclination.n.01	0.626
106493288	inclination.n.01	0.541
123271182	nature.n.01	0.759
106494196	nature.n.01	0.586
106494401	nature.n.02	0.748
106494434	nature.n.02	0.318
106494590	nature.n.01	0.726
123271823	nature.n.02	0.48
106494639	nature.n.01	0.543
123271958	nature.n.01	0.858
106494930	nature.n.02	0.641
106495305	nature.n.01	0.38
106495795	nature.n.02	0.878
123273022	principle.n.02	0.6
123273178	principle.n.03	0.575
123273387	nature.n.01	0.576
123273763	nature.n.01	0.384
123273918	nature.n.01	0.713
123274212	nature.n.01	0.974
123274281	nature.n.01	0.944
106497279	nature.n.01	0.526
106497781	nature.n.01	0.534
106497795	nature.n.01	0.847
123275081	principle.n.03	0.687
106498726	nature.n.01	0.908
123276155	nature.n.01	0.787
106498981	nature.n.02	0.474
106499058	nature.n.01	0.745
106499252	nature.n.02	0.536
123276562	principle.n.03	0.478
106499506	nature.n.02	0.665
106500181	nature.n.01	0.579
106500390	nature.n.01	0.953
123277886	nature.n.01	0.89
106500792	nature.n.01	0.84
106501516	nature.n.01	0.691
106501673	nature.n.01	0.962
123279749	principle.n.03	0.507
106502700	nature.n.01	0.915
106503185	class.n.01	0.747
106503336	nature.n.03	0.432
123280665	nature.n.01	0.702
106504084	nature.n.03	0.793
123281648	nature.n.01	0.771
106504578	nature.n.01	0.483
123283674	nature.n.01	0.486
106506676	nature.n.04	0.69
123283933	nature.n.01	0.841
123284805	soul.n.01	0.54
106508457	nature.n.02	0.518
106508774	nature.n.01	0.82
106508926	nature.n.02	0.636
106509076	nature.n.02	0.66
106509653	nature.n.01	0.954
106509829	nature.n.02	0.416
106510113	nature.n.01	0.745
106510326	nature.n.01	0.907
106510558	nature.n.02	0.535
106510634	nature.n.03	0.497
106510951	nature.n.01	0.927
106511316	nature.n.02	0.674
106511321	nature.n.01	0.416
106514765	nature.n.01	0.863
106514841	nature.n.01	0.517
106514908	animal.n.01	None
106515256	resemblance.n.01	None
106515686	nature.n.02	0.843
106515738	nature.n.02	0.719
106515980	nature.n.02	0.747
106517157	nature.n.03	0.606
106517718	nature.n.01	0.551
106517830	nature.n.02	0.86
106518015	nature.n.02	0.58
106518078	nature.n.01	0.409
106518103	nature.n.02	0.73
106518277	nature.n.01	0.935
106518737	nature.n.02	0.842
106519400	soul.n.01	0.697
106519538	nature.n.02	0.826
106519878	nature.n.01	0.616
106520365	nature.n.01	0.592
106520604	nature.n.01	0.665
106520637	nature.n.01	0.76
106521870	nature.n.02	0.498
106522567	nature.n.01	0.799
106523386	nature.n.04	0.591
106524591	nature.n.02	0.745
106524702	nature.n.01	0.938
106524816	nature.n.01	0.669
106524899	nature.n.01	0.542
106525531	nature.n.01	0.564
106525848	nature.n.02	0.797
106526016	nature.n.01	0.848
106526103	nature.n.03	0.61
106526175	nature.n.01	0.687
106526290	nature.n.01	0.734
106526550	nature.n.02	0.538
106526781	nature.n.01	0.969
106526962	nature.n.02	0.388
106527552	wisdom.n.01	0.709
106527706	nature.n.01	0.873
106527779	nature.n.02	0.588
106527906	nature.n.03	0.792
106529441	nature.n.01	0.709
106529518	nature.n.01	0.934
106529950	nature.n.02	0.603
106530479	nature.n.02	0.604
106531641	nature.n.02	0.451
106531787	nature.n.02	0.688
106533271	nature.n.02	0.489
106533381	nature.n.03	0.48
106533660	nature.n.01	0.951
106533787	nature.n.01	0.932
106533974	nature.n.01	0.902
106535295	nature.n.01	0.704
106535952	nature.n.02	0.77
106536019	nature.n.02	0.611
106536418	nature.n.02	0.624
106536577	nature.n.01	0.949
106536755	nature.n.03	0.753
106536920	nature.n.02	0.439
106537104	nature.n.01	0.483
106537877	nature.n.01	0.661
106537971	nature.n.03	0.697
106538364	nature.n.01	0.845
106538554	nature.n.02	0.643
106538856	nature.n.02	0.709
106538917	nature.n.01	0.563
106539364	disposition.n.01	0.491
106540144	nature.n.04	0.591
106540313	nature.n.01	0.692
106540377	nature.n.01	0.896
106540460	nature.n.03	0.832
106540750	nature.n.04	0.458
106541448	nature.n.01	0.57
106541632	nature.n.04	0.58
123318875	nature.n.01	0.577
106541666	offspring.n.01	0.923
106542398	nature.n.01	0.769
123319828	nature.n.01	0.905
123320232	eruditeness.n.01	None
106543151	nature.n.01	0.893
106543287	nature.n.03	0.368
106543463	nature.n.02	0.517
106544315	nature.n.03	0.486
123321584	nature.n.01	0.602
106544850	nature.n.01	0.703
123322178	nature.n.01	0.832
106545145	sex.n.02	0.855
106545350	nature.n.02	0.873
106546331	nature.n.03	0.772
106546602	nature.n.02	0.622
106546923	nature.n.03	0.64
106547301	nature.n.01	0.403
106548491	nature.n.03	0.385
123326482	nature.n.04	0.525
106549314	nature.n.01	0.909
106549778	nature.n.01	0.947
123327004	ability.n.02	0.841
106550442	nature.n.01	0.846
106550455	nature.n.01	0.846
106550503	nature.n.01	0.573
106550561	nature.n.01	0.488
106550633	nature.n.01	0.49
106550658	nature.n.02	0.838
106550749	nature.n.03	0.423
106550834	nature.n.03	0.354
106550846	nature.n.03	0.392
106550871	nature.n.01	0.484
106550887	nature.n.01	0.908
106550969	nature.n.02	0.576
106551038	nature.n.01	0.435
106551463	nature.n.01	0.677
106551653	nature.n.01	0.859
123328940	nature.n.01	0.931
106552482	nature.n.02	0.889
106552582	nature.n.02	0.707
106553100	nature.n.02	0.646
106553317	nature.n.04	0.44
106553374	nature.n.02	0.836
106553793	nature.n.01	0.548
106553849	nature.n.01	0.895
106553885	nature.n.01	0.823
106553908	nature.n.01	0.807
106555315	nature.n.01	0.477
106556114	nature.n.02	0.633
123333577	nature.n.01	0.838
106556603	nature.n.01	0.46
106556827	nature.n.01	0.955
123334153	nature.n.01	0.895
106557058	nature.n.01	0.884
123334585	nature.n.01	0.596
123334644	nature.n.01	0.901
106557790	nature.n.01	0.762
106557907	nature.n.01	0.874
106558135	nature.n.01	0.93
106558849	nature.n.01	0.752
106559154	nature.n.01	0.643
106559319	inclination.n.01	0.598
123337200	changeableness.n.01	None
106560404	nature.n.04	0.38
123337706	nature.n.01	0.863
106562387	nature.n.01	0.911
106562712	nature.n.01	0.794
106563417	nature.n.01	0.918
106564894	nature.n.01	0.952
123345605	nature.n.04	0.474
106568760	nature.n.04	0.511
106569097	nature.n.02	0.892
106569325	nature.n.02	0.579
106569346	nature.n.02	0.618
106569351	nature.n.02	0.506
106570964	nature.n.01	0.954
106572006	nature.n.02	0.834
106572291	nature.n.02	0.753
106573051	nature.n.01	0.947
106573314	nature.n.01	0.654
106573655	nature.n.01	0.748
106574178	nature.n.01	0.658
106574867	nature.n.01	0.547
106575292	nature.n.01	0.759
106575514	nature.n.01	0.86
106575971	nature.n.01	0.906
106576985	nature.n.01	0.767
106578069	disposition.n.01	0.469
106579589	nature.n.02	0.776
106579596	nature.n.02	0.386
106579740	nature.n.01	0.906
106581880	nature.n.02	0.82
106582644	disposition.n.01	0.543
106585585	inclination.n.01	0.792
106586123	nature.n.01	0.882
106586616	nature.n.01	0.347
106587590	nature.n.01	0.687
106589060	nature.n.01	0.669
114986419	nature.n.03	0.465
114991979	nature.n.02	0.417
114992062	nature.n.01	0.841
114992254	nature.n.04	0.7
114992255	nature.n.04	0.7
114994179	nature.n.01	0.82
114994288	nature.n.01	0.552
114994317	nature.n.01	0.749
115042570	nature.n.01	0.827
123535957	disposition.n.01	0.472
106758971	nature.n.01	0.961
123537695	nature.n.01	0.45
106761676	body.n.01	0.964
106762698	nature.n.03	0.523
123540143	nature.n.01	0.873
123542089	nature.n.01	0.746
123542648	nature.n.01	0.665
123543110	nature.n.01	0.672
123543211	nature.n.01	0.503
123543694	nature.n.04	0.453
123544570	nature.n.01	0.721
123544623	nature.n.01	0.684
123544712	nature.n.01	0.57
123546139	nature.n.01	0.521
123546585	nature.n.01	0.876
123547726	nature.n.01	0.898
123548136	nature.n.02	0.573
123549000	nature.n.03	0.473
123549006	nature.n.03	0.473
123549160	nature.n.01	0.901
123549448	nature.n.04	0.461
123549489	nature.n.01	0.564
123549550	nature.n.02	0.587
123550050	nature.n.02	0.768
123550073	nature.n.03	0.351
123550106	nature.n.01	0.948
123550196	nature.n.02	0.663
123550281	nature.n.01	0.284
123550572	nature.n.02	0.462
123550618	nature.n.03	0.64
123551677	nature.n.01	0.862
123551899	nature.n.01	0.913
123551982	nature.n.01	0.917
123552663	nature.n.01	0.764
123552698	herb.n.01	0.984
123555653	nature.n.01	0.804
123556849	nature.n.02	0.423
123558813	nature.n.01	0.921
123560722	nature.n.01	0.957
123560780	nature.n.01	0.786
123560864	nature.n.03	0.595
123560880	nature.n.02	0.611
123561386	nature.n.02	0.499
123562848	nature.n.02	0.542
106785844	nature.n.01	0.926
123563494	nature.n.03	0.556
106786675	nature.n.02	0.451
123564737	nature.n.02	0.702
123565766	nature.n.01	0.959
123565808	nature.n.01	0.843
123566099	nature.n.04	0.48
123567874	nature.n.01	0.712
123567983	nature.n.01	0.599
123568021	nature.n.01	0.487
123568539	nature.n.02	0.782
123568569	nature.n.02	0.749
123568666	nature.n.01	0.848
123568708	nature.n.01	0.382
123568982	nature.n.01	0.616
123568987	nature.n.01	0.545
123569001	nature.n.01	0.545
123569128	nature.n.02	0.652
123569816	nature.n.02	0.901
123570439	nature.n.02	0.835
123571218	nature.n.01	0.617
123571547	nature.n.01	0.397
123571824	nature.n.01	0.453
123571841	nature.n.01	0.666
123571855	human_body.n.01	0.829
123571999	nature.n.01	0.638
123572553	nature.n.01	0.631
123572890	nature.n.01	0.892
106796502	sex.n.02	0.616
123575677	nature.n.01	0.9
123578230	nature.n.01	0.954
123578961	nature.n.02	0.517
123579661	nature.n.01	0.646
123579774	nature.n.01	0.452
123580660	nature.n.01	0.587
123587025	disposition.n.01	0.508
123588736	nature.n.02	0.549
123590387	nature.n.01	0.508
123590402	nature.n.01	0.363
123590478	nature.n.02	0.595
123590718	nature.n.02	0.468
123590803	nature.n.04	0.376
123590902	nature.n.01	0.556
123591080	nature.n.04	0.479
123591303	nature.n.04	0.446
123591511	nature.n.03	0.508
123591518	nature.n.02	0.553
123591774	nature.n.02	0.82
123591781	nature.n.02	0.701
123591806	nature.n.02	0.802
123591831	nature.n.04	0.692
123593791	nature.n.05	0.456
123596467	nature.n.01	0.951
123598015	nature.n.01	0.94
106836489	nature.n.02	0.6
115233708	substance.n.01	0.826
106845246	nature.n.02	0.757
115234274	nature.n.01	0.909
115234597	nature.n.01	0.954
115235845	nature.n.01	0.882
115235910	nature.n.01	0.548
115236021	nature.n.01	0.648
115236203	nature.n.01	0.68
115236708	nature.n.01	0.93
115237000	nature.n.01	0.739
115237027	nature.n.01	0.781
115237047	nature.n.01	0.617
106848556	nature.n.01	0.744
115237572	nature.n.01	0.949
115237593	nature.n.01	0.907
115239684	nature.n.02	0.812
115240078	nature.n.01	0.73
115240898	nature.n.05	0.606
115241020	nature.n.01	0.87
115241032	nature.n.01	0.924
115241136	nature.n.01	0.947
115241154	nature.n.01	0.943
115241913	nature.n.01	0.58
106854624	nature.n.01	0.923
115243692	nature.n.01	0.877
115243727	nature.n.01	0.92
115243939	nature.n.01	0.696
123632583	nature.n.02	0.507
123632586	nature.n.03	0.379
123632601	nature.n.02	0.811
123632613	nature.n.02	0.75
123632758	nature.n.01	0.597
115244333	nature.n.01	0.579
115244651	nature.n.01	0.926
115244878	nature.n.01	0.926
115244969	nature.n.01	0.94
115245162	trait.n.01	None
115246376	nature.n.01	0.973
115247336	nature.n.01	0.737
115247950	nature.n.01	0.591
115249704	nature.n.01	0.878
115249737	nature.n.01	0.882
115249774	nature.n.01	0.909
115250617	nature.n.01	0.825
115250655	nature.n.01	0.555
115250944	nature.n.01	0.93
115251409	component.n.01	0.755
115251737	nature.n.01	0.928
115252426	nature.n.01	0.947
115252666	nature.n.01	0.906
115252739	nature.n.01	0.822
115252846	nature.n.02	0.618
115253208	nature.n.01	0.831
115253500	nature.n.01	0.913
115253560	nature.n.01	0.811
106865139	nature.n.01	0.793
115253986	nature.n.01	0.632
115254024	nature.n.02	0.65
115254070	nature.n.01	0.927
115254257	component.n.01	0.867
115255129	nature.n.01	0.931
115256265	nature.n.01	0.806
115256289	nature.n.01	0.806
115256875	nature.n.01	0.963
115257377	nature.n.01	0.894
115258194	nature.n.03	0.386
115262125	nature.n.01	0.883
106874181	natural_ability.n.01	None
115263130	nature.n.01	0.821
115264199	nature.n.01	0.921
123654407	nature.n.01	0.965
115266340	nature.n.01	0.568
123655080	nature.n.03	0.756
115266705	sex.n.02	0.654
106878853	nature.n.01	0.561
115272187	nature.n.01	0.904
115272213	nature.n.01	0.933
106885112	nature.n.01	0.654
115273836	birth.n.02	0.866
115274488	nature.n.01	0.778
115274714	nature.n.01	0.919
106886810	nature.n.01	0.896
106901170	inclination.n.01	0.472
106922699	landscape.n.01	0.886
106923497	nature.n.04	0.638
106925464	nature.n.02	0.82
106928520	substance.n.01	0.91
106928708	nature.n.01	0.843
106929855	nature.n.03	0.611
115329165	nature.n.01	0.636
115331761	nature.n.01	0.726
115339032	nature.n.01	0.854
115353673	nature.n.01	0.555
115354234	nature.n.01	0.532
115354966	nature.n.01	0.778
115386887	coinage.n.01	None
115389681	birth.n.01	0.586
115395017	nature.n.02	0.463
115402773	inclination.n.01	0.499
115410659	nature.n.01	0.891
115414455	nature.n.01	0.824
115414862	coinage.n.01	None
115425821	nature.n.01	0.954
107050593	nature.n.01	0.965
107052586	nature.n.01	0.925
115447854	nature.n.01	0.942
107060336	nature.n.01	0.736
107068238	nature.n.01	0.928
107069829	nature.n.01	0.898
107069866	body.n.01	0.939
107070821	nature.n.01	0.865
107083037	nature.n.01	0.859
107083065	organism.n.01	0.904
107088329	spirit.n.02	0.798
115478115	nature.n.01	0.907
107092582	nature.n.02	0.662
107093963	nature.n.01	0.729
107095668	nature.n.01	0.497
107098694	nature.n.01	0.528
107107297	nature.n.01	0.554
107109784	shape.n.01	0.505
107112446	nature.n.01	0.934
123895194	nature.n.01	0.793
123895614	race.n.03	0.983
123896092	nature.n.01	0.578
123896591	nature.n.01	0.926
115508718	nature.n.01	0.703
115509011	nature.n.01	0.628
107121107	nature.n.02	0.663
123898670	kind.n.01	None
123899242	component.n.01	0.472
123899408	kind.n.01	None
123899414	kind.n.01	None
107122877	nature.n.01	0.663
107122916	nature.n.01	0.768
115512334	endowment.n.01	0.992
123902287	nature.n.01	0.854
123902424	nature.n.02	0.419
123904598	nature.n.01	0.846
123904745	nature.n.01	0.432
123904888	nature.n.01	0.615
115518255	nature.n.01	0.604
115518310	nature.n.02	0.372
115518361	nature.n.04	0.393
123908748	nature.n.02	0.439
107140362	nature.n.04	0.539
123917695	nature.n.01	0.429
115529377	nature.n.01	0.91
123918151	nature.n.02	0.537
123919748	nature.n.04	0.461
107143949	nature.n.01	0.671
107147365	parentage.n.02	0.457
107147481	nature.n.01	0.905
107149866	nature.n.01	0.608
107149905	bent.n.04	0.634
107149956	nature.n.02	0.63
107150905	nature.n.04	0.481
107153392	nature.n.01	0.757
115543084	disposition.n.01	0.568
107162691	nature.n.04	0.843
107164644	inclination.n.01	0.749
107165343	nature.n.04	0.496
107165965	nature.n.02	0.527
107166546	nature.n.01	0.841
107166757	nature.n.01	0.55
107167163	nature.n.01	0.551
107169078	nature.n.01	0.788
107171009	lineage.n.01	0.957
107178353	sex.n.04	0.595
107188159	nature.n.04	0.616
107194206	nature.n.01	0.872
107215498	kernel.n.03	0.735
107223961	nature.n.04	0.748
107227321	sex.n.02	0.657
115631655	nature.n.04	0.529
107243199	nature.n.01	0.606
107245348	terrain.n.01	None
115636827	nature.n.01	0.654
107255968	nature.n.01	0.735
107256802	nature.n.01	0.473
107260201	nature.n.02	0.669
107269175	nature.n.01	0.674
107271514	unevenness.n.01	0.95
107272612	nature.n.04	0.647
107277693	nature.n.01	0.349
107278633	nature.n.01	0.86
107278711	nature.n.01	0.85
107283550	inclination.n.01	0.718
107283580	nature.n.01	0.512
107290168	parentage.n.02	0.891
107297624	sex.n.02	0.628
107297840	inclination.n.01	0.657
107307370	sex.n.02	0.6
107318379	nature.n.01	0.814
107336509	character.n.03	0.757
107344061	nature.n.02	0.861
107347993	nature.n.01	0.889
107353295	nature.n.01	0.903
107356107	bent.n.01	0.499
115745545	peculiarity.n.01	0.528
107359918	nature.n.01	0.848
107364506	nature.n.01	0.908
107364534	nature.n.01	0.938
107365122	nature.n.01	0.534
107366930	nature.n.01	0.731
107367564	nature.n.01	0.903
107367659	nature.n.01	0.903
107369520	nature.n.04	0.668
115797861	nature.n.04	0.486
115798179	nature.n.01	0.699
115798347	nature.n.01	0.882
115798597	nature.n.01	0.878
115798940	kind.n.01	None
115804013	condition.n.01	0.86
115820648	nature.n.01	0.663
115820923	nature.n.01	0.807
115821600	nature.n.01	0.885
115827715	nature.n.01	0.502
115828029	nature.n.01	0.576
115828054	nature.n.01	0.921
115834590	nature.n.02	0.648
115838387	nature.n.01	0.939
115838921	universe.n.01	0.981
115839570	nature.n.01	0.922
115840359	nature.n.01	0.933
107455834	nature.n.01	0.962
115844623	nature.n.01	0.948
115845459	nature.n.01	0.464
107458797	nature.n.02	0.46
107458838	nature.n.01	0.917
107458996	nature.n.01	0.926
107461848	nature.n.02	0.506
107462177	quality.n.03	0.489
107462473	nature.n.02	0.621
107462707	quality.n.01	0.657
107462740	nature.n.01	0.954
107462994	nature.n.01	0.95
107463435	nature.n.01	0.935
107463512	nature.n.01	0.829
107464117	nature.n.01	0.942
107464937	kind.n.01	None
107465816	nature.n.01	0.959
115854783	nature.n.01	0.574
115855613	nature.n.01	0.969
115856465	nature.n.02	0.383
115860766	nature.n.02	0.542
107473699	nature.n.01	0.97
115864555	nature.n.01	0.937
107477398	nature.n.01	0.729
107478094	nature.n.01	0.898
115866751	nature.n.01	0.857
115872280	nature.n.01	0.697
115875196	nature.n.01	0.706
115877725	nature.n.02	0.715
115880510	nature.n.01	0.791
107493005	nature.n.01	0.537
107493932	nature.n.01	0.725
115883959	nature.n.02	0.428
107495620	naturalness.n.01	0.626
107495749	nature.n.01	0.846
115891233	nature.n.04	0.45
115892279	nature.n.04	0.675
115892659	inclination.n.01	0.644
115892880	nature.n.01	0.586
115894311	inclination.n.01	0.663
115903174	nature.n.01	0.683
115913481	nature.n.01	0.862
107526308	nature.n.01	0.737
107527731	reality.n.02	0.432
115920330	nature.n.01	0.882
115920548	ability.n.02	0.837
115923644	nature.n.01	0.86
107535093	circumstance.n.01	0.504
115924242	nature.n.01	0.7
107536518	quality.n.03	0.509
115930366	nature.n.01	0.908
107545195	nature.n.02	0.513
115935950	nature.n.01	0.879
124327313	genius.n.01	0.445
115940147	inclination.n.01	0.549
107552717	quality.n.03	0.499
115949118	disposition.n.01	0.533
107561587	nature.n.01	0.885
107561599	nature.n.01	0.902
115952929	nature.n.01	0.622
107565246	nature.n.01	0.851
107567384	peculiarity.n.01	0.47
115956832	inclination.n.01	0.534
115956929	nature.n.04	0.481
107568772	nature.n.03	0.471
115958395	inclination.n.01	0.572
115959096	inclination.n.01	0.519
107571196	nature.n.01	0.75
107571282	nature.n.02	0.609
115961115	nature.n.01	0.883
115963293	inclination.n.01	0.534
115964445	nature.n.01	0.951
115964538	nature.n.01	0.57
115965999	nature.n.01	0.745
107577684	nature.n.01	0.826
107579067	nature.n.03	0.585
115976011	inclination.n.01	0.699
107592733	nature.n.03	0.781
115985687	nature.n.01	0.888
115985930	nature.n.01	0.837
115986134	kind.n.01	None
115986272	nature.n.03	0.709
107600001	nature.n.01	0.885
107601116	nature.n.02	0.402
115994005	nature.n.01	0.726
107613074	nature.n.01	0.779
107613306	nature.n.03	0.94
107616425	nature.n.01	0.902
107617832	nature.n.01	0.84
116020739	nature.n.01	0.788
116020954	inclination.n.01	0.535
116020985	temper.n.02	0.648
116022256	temper.n.03	0.748
116044568	nature.n.01	0.93
116048343	temper.n.02	0.733
116050151	nature.n.01	0.904
116050860	nature.n.04	0.557
116054584	nature.n.01	0.585
107666105	nature.n.01	0.819
116056785	nature.n.01	0.915
116065065	inclination.n.01	0.622
116067961	nature.n.01	0.639
116069124	nature.n.02	0.753
116073911	nature.n.02	0.441
116075064	nature.n.01	0.624
116080325	nature.n.01	0.407
116080830	nature.n.01	0.964
116080915	nature.n.03	0.518
116080932	nature.n.03	0.581
116086408	nature.n.01	0.481
124475840	nature.n.04	0.466
124476861	nature.n.01	0.538
124477058	nature.n.02	0.597
124477108	nature.n.04	0.519
124477522	nature.n.01	0.728
124477673	nature.n.01	0.759
124477682	nature.n.01	0.809
116090328	nature.n.01	0.741
124479080	nature.n.01	0.856
107703518	nature.n.02	0.528
107703570	nature.n.01	0.731
124480794	character.n.03	0.692
107703676	nature.n.01	0.938
124481407	nature.n.02	0.312
124482477	nature.n.02	0.843
124482969	nature.n.01	0.518
124483018	nature.n.02	0.463
124483058	nature.n.02	0.716
124483117	nature.n.02	0.713
116094919	nature.n.01	0.941
124484293	nature.n.01	0.421
116097940	nature.n.01	0.96
116099450	nature.n.01	0.662
116111779	inclination.n.01	0.602
107724841	nature.n.01	0.862
107727385	nature.n.01	0.946
116116935	nature.n.04	0.559
116121142	nature.n.01	0.697
107732952	nature.n.02	0.477
116123065	nature.n.01	0.46
116126374	nature.n.01	0.852
107738877	art.n.02	0.508
107739669	nature.n.01	0.81
107742528	nature.n.02	0.596
107746476	nature.n.01	0.856
124537156	nature.n.02	0.714
124537722	nature.n.02	0.822
116152246	origin.n.03	0.402
116161211	nature.n.01	0.852
107777192	nature.n.01	0.914
116168554	nature.n.01	0.39
116169305	nature.n.01	0.945
116169874	nature.n.01	0.755
116170618	nature.n.02	0.868
116172638	nature.n.01	0.824
116172722	nature.n.01	0.942
116175767	nature.n.01	0.827
124566972	nature.n.04	0.604
124567728	nature.n.01	0.852
124570109	nature.n.03	0.535
107795472	nature.n.02	0.712
107796784	nature.n.03	0.801
107797238	nature.n.01	0.952
124579728	sex.n.02	0.526
116194293	nature.n.03	0.553
107806998	nature.n.01	0.704
116197001	nature.n.03	0.577
116199207	nature.n.02	0.378
116200987	nature.n.02	0.417
107813866	nature.n.01	0.767
107824063	nature.n.03	0.834
107824065	nature.n.02	0.458
107824091	nature.n.03	0.513
124605895	nature.n.01	0.883
124608862	nature.n.01	0.843
107832536	nature.n.03	0.491
116222044	nature.n.03	0.665
124611917	nature.n.01	0.912
124619590	nature.n.01	0.878
107848718	vegetation.n.01	0.814
124629393	nature.n.02	0.758
116240808	nature.n.01	0.948
124631609	nature.n.01	0.926
116243593	nature.n.02	0.712
124634487	nature.n.01	0.94
116247771	nature.n.02	0.531
116247882	nature.n.01	0.857
116248826	nature.n.01	0.892
124643041	birth.n.02	0.506
124644537	nature.n.01	0.912
124645503	nature.n.01	0.744
124646526	character.n.03	0.943
116259893	nature.n.02	0.563
124649333	nature.n.01	0.848
116262504	nature.n.01	0.912
116262592	nature.n.01	0.905
124653210	nature.n.02	0.832
124656789	nature.n.01	0.929
116272966	nature.n.04	0.576
124666462	nature.n.01	0.854
124683022	nature.n.01	0.746
116296942	nature.n.04	0.54
124691449	nature.n.03	0.548
124691489	nature.n.02	0.553
116303054	nature.n.01	0.723
124691997	nature.n.03	0.493
116304629	nature.n.03	0.733
116304771	coinage.n.01	None
116305687	nature.n.01	0.831
116308636	nature.n.01	0.622
116308849	nature.n.01	0.955
116309260	nature.n.01	0.954
116309316	nature.n.02	0.532
116310413	nature.n.01	0.946
116310849	nature.n.03	0.398
116310914	nature.n.01	0.694
124700006	nature.n.01	0.939
124717680	nature.n.01	0.739
116329716	passion.n.01	0.819
116331609	nature.n.02	0.77
116331638	nature.n.02	0.535
124723534	character.n.03	0.711
116335901	nature.n.01	0.456
116336564	nature.n.01	0.54
116336821	nature.n.01	0.654
124725821	nature.n.01	0.526
124734096	nature.n.01	0.585
124743690	nature.n.01	0.814
124744208	nature.n.03	0.677
124747436	nature.n.01	0.592
124748040	nature.n.02	0.543
124748550	nature.n.01	0.363
124752006	quality.n.03	0.919
124759003	keeping.n.01	0.999
124760443	nature.n.02	0.537
124762295	nature.n.02	0.637
124762416	nature.n.03	0.531
124766072	nature.n.02	0.547
124766170	nature.n.01	0.862
124767336	nature.n.02	0.81
124775247	nature.n.01	0.898
108095805	organism.n.01	0.996
124910450	nature.n.03	0.681
124911296	quality.n.03	0.944
124911416	live_body.n.01	None
124911743	nature.n.01	0.865
124911893	quality.n.03	0.885
124911901	nature.n.01	0.937
124912287	nature.n.01	0.847
124913972	nature.n.01	0.802
124914137	character.n.09	0.468
124914363	character.n.03	0.532
124914391	quality.n.03	0.772
124914629	nature.n.01	0.935
124915096	character.n.03	0.485
124915116	nature.n.01	0.879
124915139	nature.n.02	0.842
124915221	quality.n.03	0.794
124915422	nature.n.02	0.82
124915435	property.n.02	0.987
124916254	nature.n.02	0.783
124916731	nature.n.02	0.55
124917078	nature.n.03	0.506
124917401	nature.n.02	0.815
124917631	character.n.06	0.424
124918250	quality.n.03	0.819
124918602	nature.n.02	0.807
124918827	nature.n.02	0.802
124919060	nature.n.02	0.869
124919502	nature.n.02	0.886
124919596	nature.n.02	0.852
124919849	nature.n.02	0.755
124919875	condition.n.01	0.774
124920122	nature.n.02	0.628
124920444	nature.n.02	0.692
124920962	nature.n.02	0.759
124921079	quality.n.03	0.423
124922008	nature.n.01	0.945
116536456	nature.n.01	0.931
116538551	nature.n.01	0.919
116538963	nature.n.01	0.655
116539771	nature.n.01	0.91
116540806	nature.n.01	0.935
116540859	nature.n.01	0.921
116542478	nature.n.01	0.915
116542869	nature.n.01	0.934
116543280	nature.n.01	0.936
116543320	nature.n.01	0.92
116543539	nature.n.01	0.924
116543659	nature.n.01	0.903
116544080	nature.n.01	0.91
116544100	nature.n.01	0.907
116545251	kernel.n.03	0.772
116545284	nature.n.01	0.909
116545454	nature.n.01	0.941
116546006	nature.n.01	0.892
116547841	nature.n.01	0.935
116548359	nature.n.01	0.915
116549065	nature.n.01	0.91
116549789	nature.n.02	0.497
116550664	nature.n.01	0.918
116551035	nature.n.01	0.491
116551976	nature.n.01	0.917
116556589	nature.n.01	0.933
116557612	nature.n.01	0.954
116558445	nature.n.01	0.968
116558471	nature.n.01	0.877
116558648	nature.n.01	0.922
116567561	nature.n.01	0.783
108184997	nature.n.01	0.893
116575305	nature.n.01	0.901
116575352	nature.n.01	0.901
116585790	nature.n.01	0.946
116585821	nature.n.01	0.95
116585911	nature.n.01	0.952
116586166	nature.n.01	0.928
116587121	nature.n.01	0.942
116587748	nature.n.01	0.707
116589197	nature.n.01	0.483
116590292	nature.n.01	0.705
116590418	nature.n.01	0.931
116590954	nature.n.01	0.687
116767253	nature.n.04	0.336
116767548	form.n.03	0.514
116769365	nature.n.01	0.767
116769960	instinct.n.01	None
116770362	nature.n.02	0.887
116770871	nature.n.01	0.851
116773505	quality.n.03	0.968
116775303	nature.n.02	0.517
116776678	nature.n.02	0.696
116776729	nature.n.01	0.857
116778207	nature.n.01	0.872
116778251	nature.n.02	0.674
116778650	principle.n.04	0.711
116779372	nature.n.01	0.882
116781655	instinct.n.01	None
116782042	nature.n.01	0.896
116782828	nature.n.01	0.721
116783518	inclination.n.01	0.642
116787569	nature.n.01	0.911
116788626	nature.n.01	0.749
116790411	nature.n.03	0.687
116794004	nature.n.01	0.865
116795362	nature.n.01	0.81
116798746	characteristic.n.02	0.541
116799271	nature.n.01	0.793
116799617	nature.n.01	0.881
116799931	instinct.n.01	None
116803303	nature.n.02	0.71
116806637	nature.n.02	0.915
116810085	nature.n.01	0.55
116810963	nature.n.02	0.839
116817028	instinct.n.01	None
116817474	nature.n.03	0.668
108428882	nature.n.01	0.627
116819937	nature.n.01	0.562
116825070	nature.n.02	0.585
116827076	nature.n.01	0.94
116827524	nature.n.02	0.721
116827659	nature.n.01	0.858
116829608	nature.n.01	0.936
116832554	kind.n.01	None
116833732	component.n.01	0.645
116835934	nature.n.01	0.891
116837020	nature.n.01	0.935
116838562	instinct.n.01	None
116839207	parentage.n.02	0.963
116839873	instinct.n.01	None
116842716	nature.n.02	0.819
116845083	nature.n.03	0.462
116847507	nature.n.03	0.741
116849548	nature.n.01	0.681
116852666	nature.n.01	0.913
116854143	sex.n.02	0.825
116856728	nature.n.01	0.871
116856994	nature.n.03	0.487
116858088	kind.n.01	None
116864296	nature.n.01	0.923
116867359	origin.n.03	0.561
116869128	instinct.n.01	None
116869719	instinct.n.01	None
116877093	instinct.n.01	None
116877351	instinct.n.01	None
116879543	nature.n.01	0.821
116879700	nature.n.03	0.498
116882512	instinct.n.01	None
116884171	shape.n.01	0.421
116884208	nature.n.03	0.568
116884334	nature.n.01	0.892
116884444	nature.n.02	0.79
116887975	nature.n.02	0.778
116891118	nature.n.01	0.411
116892549	nature.n.01	0.634
116894270	nature.n.03	0.582
116896879	nature.n.01	0.459
116901773	nature.n.01	0.55
116907914	nature.n.01	0.852
116910905	nature.n.02	0.919
116912381	nature.n.04	0.308
116920720	nature.n.02	0.658
108532193	nature.n.01	0.786
116927615	nature.n.02	0.387
116928364	nature.n.01	0.538
108547781	nature.n.02	0.496
108547794	nature.n.02	0.479
108548757	nature.n.01	0.897
108550961	nature.n.01	0.639
108551204	inclination.n.01	0.587
108570197	nature.n.01	0.357
108572458	nature.n.04	0.514
108576298	nature.n.02	0.477
108576488	nature.n.03	0.482
108579461	nature.n.02	0.387
108588375	nature.n.01	0.896
108601281	nature.n.01	0.575
108601973	nature.n.01	0.943
116991212	nature.n.04	0.732
116998937	nature.n.01	0.892
108611133	nature.n.01	0.49
108613236	capacity.n.01	0.415
108615893	nature.n.01	0.409
108616256	nature.n.04	0.64
108620924	nature.n.04	0.589
108621218	nature.n.04	0.652
117014651	nature.n.01	0.591
108626791	nature.n.01	0.923
108628873	nature.n.01	0.631
108629005	temper.n.02	0.703
108634355	nature.n.04	0.671
108636835	nature.n.01	0.424
108641771	nature.n.01	0.516
108641881	nature.n.04	0.458
108642310	nature.n.01	0.505
108646110	nature.n.01	0.583
117035460	nature.n.01	0.639
108651794	nature.n.01	0.932
108654218	nature.n.04	0.517
108657006	nature.n.03	0.698
117055241	custom.n.01	0.503
108671786	nature.n.04	0.622
108680462	nature.n.01	0.542
108684132	nature.n.01	0.682
108695262	nature.n.01	0.794
108696687	nature.n.01	0.829
108698183	nature.n.01	0.838
108719413	nature.n.02	0.778
108720053	nature.n.01	0.786
108727331	nature.n.04	0.548
100340484	nature.n.01	0.479
100342428	sex.n.02	0.683
100343245	nature.n.01	0.582
117123879	character.n.03	0.833
108742104	nature.n.01	0.8
108750076	nature.n.01	0.557
100362832	nature.n.01	0.586
100367798	sex.n.04	0.577
108756593	nature.n.04	0.482
100368980	nature.n.01	0.688
117146797	nature.n.01	0.512
100369711	nature.n.01	0.675
108762937	nature.n.04	0.728
108766887	nature.n.01	0.654
108771052	situation.n.01	0.479
108776290	disposition.n.01	0.529
108776360	nature.n.01	0.637
108780534	nature.n.01	0.716
117171616	inclination.n.01	0.525
117180861	nature.n.02	0.413
108801885	nature.n.04	0.627
108802219	nature.n.01	0.74
108802597	nature.n.01	0.775
117192215	sex.n.04	0.602
117192325	sex.n.02	0.867
117192337	sex.n.02	0.867
100416454	nature.n.01	0.49
117195420	condition.n.01	0.523
108808854	nature.n.01	0.584
108815871	nature.n.01	0.881
108817692	disposition.n.01	0.556
117210300	parentage.n.02	0.739
117210315	nature.n.04	0.572
108828316	nature.n.04	0.537
100440439	nature.n.01	0.671
100440547	nature.n.04	0.531
108834389	nature.n.01	0.703
117224545	disposition.n.01	0.646
100447974	nature.n.01	0.832
108838051	temper.n.02	0.646
108841859	nature.n.04	0.383
117239453	nature.n.04	0.785
108850940	nature.n.04	0.495
108860780	nature.n.01	0.84
108866081	nature.n.01	0.7
108867107	nature.n.04	0.444
108871717	nature.n.01	0.625
100483869	color.n.01	0.744
108876267	nature.n.01	0.669
108877631	nature.n.01	0.566
108877957	nature.n.01	0.856
100491579	temper.n.02	0.87
108881548	nature.n.01	0.595
108885417	nature.n.01	0.603
108887003	nature.n.01	0.763
100500026	nature.n.01	0.777
108895820	nature.n.01	0.795
100508610	nature.n.01	0.728
108898641	nature.n.02	0.502
108899173	endowment.n.01	0.868
100520696	nature.n.04	0.496
100528865	nature.n.01	0.593
108917968	disposition.n.01	0.951
108920887	nature.n.04	0.577
117314276	nature.n.04	0.616
100542225	nature.n.01	0.462
117320275	parentage.n.02	0.605
108932394	nature.n.02	0.644
117322139	nature.n.01	0.481
117326453	nature.n.01	0.95
108945487	nature.n.01	0.538
117335765	nature.n.01	0.911
100558645	nature.n.01	0.313
117337331	nature.n.02	0.803
100561112	nature.n.01	0.573
108950528	nature.n.01	0.678
108950582	nature.n.01	0.496
117339708	character.n.03	0.945
108954004	nature.n.01	0.526
117345926	character.n.03	0.839
100569874	nature.n.01	0.935
108958783	nature.n.01	0.722
108960194	nature.n.04	0.543
108961178	nature.n.01	0.537
100576811	nature.n.04	0.721
100580851	nature.n.01	0.44
108970620	nature.n.01	0.39
108971828	nature.n.04	0.679
108972102	nature.n.01	0.561
108972198	nature.n.01	0.805
108972289	nature.n.02	0.323
117362979	nature.n.01	0.661
117366154	nature.n.01	0.709
108979789	nature.n.01	0.476
108980535	nature.n.04	0.485
117370456	nature.n.01	0.858
117370484	nature.n.01	0.49
108983752	nature.n.01	0.845
100601271	nature.n.04	0.553
108990825	disposition.n.01	0.433
108990839	nature.n.04	0.586
108993042	nature.n.01	0.661
108994027	nature.n.02	0.864
108994488	nature.n.01	0.49
100608386	nature.n.04	0.543
108997424	nature.n.02	0.801
109005928	shape.n.01	0.376
100618015	nature.n.01	0.638
100618946	nature.n.01	0.503
100620953	nature.n.01	0.813
109012045	nature.n.01	0.739
109013812	nature.n.01	0.803
109016974	nature.n.02	0.712
100630718	nature.n.01	0.744
100632289	nature.n.01	0.544
100636209	nature.n.02	0.356
100639367	nature.n.01	0.54
100643292	habit.n.02	0.563
109031964	nature.n.01	0.947
109032099	nature.n.01	0.89
100646081	nature.n.04	0.606
100649665	nature.n.04	0.593
109043437	nature.n.01	0.821
109043475	nature.n.01	0.538
109045354	nature.n.01	0.618
109046521	nature.n.01	0.536
